accepted_exit,action_count,all_cleared,case_id,case_sha256,cleared_fraction,cleared_total,completion_certified,detection_s,errors,failed_clear_count,measurement_count,movement_s,optical_s,penalized_time_s,program_runtime_s,removal_s,seed,source_total,strategy,successful,switching_s,time_per_source_s,virtual_time_s
True,134,True,q3-random-2026091300,4016869cd31da6ea3e973d239ec3aa212aabc004b4c20aab9f99c7bcf84faf6d,1.0,15,True,585.0,[],0,117,2453.913753,45.0,3218.913753,0.5004849460092373,30.0,2026091300,15,state_search_derived_silence_combined_v1,True,105.0,214.59425019999998,3218.913753
True,119,True,q3-random-2026091301,82ec0ea278975e11a538f15139eb1b9c531d28c45126109a7c5f33fd31f0a1fa,1.0,14,True,515.0,[],0,103,2586.510544,42.0,3267.510544,0.47910846601007506,28.0,2026091301,14,state_search_derived_silence_combined_v1,True,96.0,233.3936102857143,3267.510544
True,132,True,q3-random-2026091302,4852f9591d189a07e4b88eb00233038207f7bb9d16d040bc02ba9a44e0806b66,1.0,15,True,575.0,[],0,115,2125.258136,45.0,2879.258136,0.5254599249747116,30.0,2026091302,15,state_search_derived_silence_combined_v1,True,104.0,191.9505424,2879.258136
True,111,True,q3-random-2026091303,ba21c68675386bfcdd2b3d08ed182e9f53adfdd0b7d367aef987816bad1ea629,1.0,16,True,465.0,[],0,93,2538.164751,48.0,3164.164751,0.512726210989058,32.0,2026091303,16,state_search_derived_silence_combined_v1,True,81.0,197.7602969375,3164.164751
True,137,True,q3-random-2026091304,b301a0e45b99a47a002bbecdbe8c6c425749437fbda1f2856e480dbbcad6d723,1.0,14,True,605.0,[],0,121,2345.499587,42.0,3129.499587,0.418712273996789,28.0,2026091304,14,state_search_derived_silence_combined_v1,True,109.0,223.53568478571427,3129.499587
True,136,True,q3-random-2026091305,4ebc12af95b7ceca6dbc841284db6b9fb6cf17649361fd55be1466e7957d493c,1.0,13,True,605.0,[],0,121,2164.270834,39.0,2946.270834,0.4018287109793164,26.0,2026091305,13,state_search_derived_silence_combined_v1,True,112.0,226.63621799999999,2946.270834
True,135,True,q3-random-2026091306,d5be2d9f0f5300f0bed44d94ad1f6acd215e62e34dae3297034ec68698ee4dbf,1.0,12,True,605.0,[],0,121,2228.573972,36.0,3003.573972,0.422388223989401,24.0,2026091306,12,state_search_derived_silence_combined_v1,True,110.0,250.297831,3003.573972
True,139,True,q3-random-2026091307,59313f0e437ed8cf0dc400c956d3b53770a4159845209cfd0295481250253623,1.0,14,True,615.0,[],0,123,2126.635102,42.0,2922.635102,0.4577513450058177,28.0,2026091307,14,state_search_derived_silence_combined_v1,True,111.0,208.75965014285717,2922.635102
True,129,True,q3-random-2026091308,dc408b97b28cde037fedf6e62ae5199bd1cf511f19d86b371aa1642a93289809,1.0,11,True,580.0,[],0,116,2184.081501,33.0,2927.081501,0.4426982190052513,22.0,2026091308,11,state_search_derived_silence_combined_v1,True,108.0,266.0983182727273,2927.081501
True,116,True,q3-random-2026091309,e21895a48a4578c9b6af307fbdd5f57b08cd3ef053755d85a20fa8b2e74cdcf1,1.0,16,True,490.0,[],0,98,2666.303634,48.0,3322.303634,0.581375270994613,32.0,2026091309,16,state_search_derived_silence_combined_v1,True,86.0,207.643977125,3322.303634
True,137,True,q3-random-2026091310,8651c2204d4f8398dde22d9f8abcf2e87b1a39066606b7c28d1f921500d8b1ec,1.0,15,True,600.0,[],0,120,2561.670007,45.0,3341.670007,0.5449775060114916,30.0,2026091310,15,state_search_derived_silence_combined_v1,True,105.0,222.77800046666667,3341.670007
True,116,True,q3-random-2026091311,0ab0bfdb00f4550584cf8d66575953a7c5290202cde2cc53a2c7b7677bb7491f,1.0,15,True,495.0,[],0,99,2500.084015,45.0,3157.084015,0.5722096239915118,30.0,2026091311,15,state_search_derived_silence_combined_v1,True,87.0,210.47226766666665,3157.084015
True,119,True,q3-random-2026091312,ecb73cfdde6d59f2b97717e6a42dac8f597e4bdf8d61a93ba7eb654650b9ddd1,1.0,16,True,505.0,[],0,101,2440.775897,48.0,3114.775897,0.5403177090047393,32.0,2026091312,16,state_search_derived_silence_combined_v1,True,89.0,194.6734935625,3114.775897
True,124,True,q3-random-2026091313,f001e9a9a1e32e66c8bf35801a6963af2760f35e9cab0ecd8439bb012cb3c716,1.0,10,True,560.0,[],0,112,2342.944873,30.0,3055.944873,0.3228182430029847,20.0,2026091313,10,state_search_derived_silence_combined_v1,True,103.0,305.59448729999997,3055.944873
True,119,True,q3-random-2026091314,38adb4570fde0812e91271dbf88e613bf54a0aa4540a3c7f3e694bac9aa69414,1.0,16,True,505.0,[],0,101,2461.265562,48.0,3137.265562,0.5047812929842621,32.0,2026091314,16,state_search_derived_silence_combined_v1,True,91.0,196.079097625,3137.265562
True,124,True,q3-random-2026091315,d956fc4726d4f7811028e93f8e206ac83c60eca567cee755ad0402adca6d352b,1.0,13,True,545.0,[],0,109,2182.424877,39.0,2895.424877,0.40921271601109765,26.0,2026091315,13,state_search_derived_silence_combined_v1,True,103.0,222.72499053846153,2895.424877
True,128,True,q3-random-2026091316,ab5b05fafb2a541aa63d65d3b78f9c3fa5e8f9aaad7adbb510737fb43e7a8f43,1.0,12,True,570.0,[],0,114,2260.692551,36.0,2995.692551,0.4673287479963619,24.0,2026091316,12,state_search_derived_silence_combined_v1,True,105.0,249.64104591666668,2995.692551
True,120,True,q3-random-2026091317,3b6e865b725db67df1d35ca2b9d40342b8a0680d2f62998bce9fddfc191ef7f1,1.0,15,True,515.0,[],0,103,2317.098541,45.0,3001.098541,0.45430203300202265,30.0,2026091317,15,state_search_derived_silence_combined_v1,True,94.0,200.07323606666665,3001.098541
True,128,True,q3-random-2026091318,5724c43ae882b136c259ecbcadac762a1194110315a4ab1bc41841d0f4fa65d2,1.0,14,True,560.0,[],0,112,2384.420873,42.0,3113.420873,0.46512941300170496,28.0,2026091318,14,state_search_derived_silence_combined_v1,True,99.0,222.38720521428573,3113.420873
True,139,True,q3-random-2026091319,76c7b02ee99c35102ab5c0c1599d58682ce40ada971770ebde5a64770c835b8e,1.0,11,True,630.0,[],0,126,2241.30806,33.0,3040.30806,0.41384770299191587,22.0,2026091319,11,state_search_derived_silence_combined_v1,True,114.0,276.3916418181818,3040.30806
True,133,True,q3-random-2026091320,d3243828a339e5a8ef886143ba2a2e5911d64ce67cba8a9d13edf8c622ca3a5b,1.0,13,True,590.0,[],0,118,2590.209481,39.0,3351.209481,0.4814447379903868,26.0,2026091320,13,state_search_derived_silence_combined_v1,True,106.0,257.78534469230766,3351.209481
True,129,True,q3-random-2026091321,11b376e8062708f78d139ae51f65790cad88b64b59c639ee5da88927c835258e,1.0,11,True,580.0,[],0,116,2380.763109,33.0,3122.763109,0.44816021400038153,22.0,2026091321,11,state_search_derived_silence_combined_v1,True,107.0,283.88755536363635,3122.763109
True,132,True,q3-random-2026091322,74aba8334a5eb2bd949ddf00fdca2d79024947be2e1c2f2984be13b73bf2bb99,1.0,15,True,575.0,[],0,115,2336.28116,45.0,3094.28116,0.4322288569819648,30.0,2026091322,15,state_search_derived_silence_combined_v1,True,108.0,206.28541066666668,3094.28116
True,134,True,q3-random-2026091323,179a3a03c9536b5ec4683f92db7909cc1dea109dfcd34fb4740292b6f7050689,1.0,13,True,595.0,[],0,119,2375.186109,39.0,3142.186109,0.4391759989957791,26.0,2026091323,13,state_search_derived_silence_combined_v1,True,107.0,241.7066237692308,3142.186109
True,130,True,q3-random-2026091324,0f9209a440331a4c211b05d3aa2f358d2b06cb0a63ecb27185cf3ea8ff982fa3,1.0,14,True,570.0,[],0,114,2579.69673,42.0,3322.69673,0.5174456099921372,28.0,2026091324,14,state_search_derived_silence_combined_v1,True,103.0,237.33548071428572,3322.69673
True,139,True,q3-random-2026091325,17643280182dace01ce19dcf039d69548eee9052b60d8926e9847936b06cf4b8,1.0,10,True,635.0,[],0,127,2365.445205,30.0,3168.445205,0.3214709559979383,20.0,2026091325,10,state_search_derived_silence_combined_v1,True,118.0,316.8445205,3168.445205
True,126,True,q3-random-2026091326,69fbcc1afc627ff5f6d6ce536e42dd3a858134d21c764da06d797899895b45ea,1.0,13,True,555.0,[],0,111,2406.536528,39.0,3128.536528,0.4131505700061098,26.0,2026091326,13,state_search_derived_silence_combined_v1,True,102.0,240.656656,3128.536528
True,115,True,q3-random-2026091327,5845ae2b27b3a12767023b3be72d62ebb55e86e9e71b65f1a7a5f82d29b66bd9,1.0,14,True,495.0,[],0,99,1880.576621,42.0,2539.576621,0.45052389899501577,28.0,2026091327,14,state_search_derived_silence_combined_v1,True,94.0,181.39833007142857,2539.576621
True,140,True,q3-random-2026091328,9b7235ed86a4aaa20862534f010b681a66078f1da3afc4b1f789410b7e3c3018,1.0,14,True,620.0,[],0,124,2525.917592,42.0,3330.917592,0.4440546600089874,28.0,2026091328,14,state_search_derived_silence_combined_v1,True,115.0,237.92268514285712,3330.917592
True,128,True,q3-random-2026091329,e53b48688903e9b42fa4159e85d0e50f6de94919476ab74604a2012fc568da07,1.0,12,True,570.0,[],0,114,2016.338461,36.0,2750.338461,0.43179643599432893,24.0,2026091329,12,state_search_derived_silence_combined_v1,True,104.0,229.19487174999998,2750.338461
True,135,True,q3-random-2026091330,bc0372bce24fedab264baa27de210e46b3d0d35514440194e28c31fe76a0e9ca,1.0,12,True,605.0,[],0,121,2284.177278,36.0,3059.177278,0.43153741798596457,24.0,2026091330,12,state_search_derived_silence_combined_v1,True,110.0,254.93143983333334,3059.177278
True,113,True,q3-random-2026091331,073d39952f637d47c7dd93a92181c060cc5b4061c6f3aa1a008b8c0c126814e9,1.0,15,True,480.0,[],0,96,2257.004617,45.0,2900.004617,0.4107561229902785,30.0,2026091331,15,state_search_derived_silence_combined_v1,True,88.0,193.33364113333334,2900.004617
True,128,True,q3-random-2026091332,450034be13d34ea8ae0f8206332b49eba11665b24b637a2393a598fcdfa0282f,1.0,14,True,560.0,[],0,112,2275.650382,42.0,3007.650382,0.4616280249902047,28.0,2026091332,14,state_search_derived_silence_combined_v1,True,102.0,214.83217014285714,3007.650382
True,124,True,q3-random-2026091333,ae7c38134181479865b84748d6b6e84e00c53e5ac40301937160905762bb4935,1.0,10,True,560.0,[],0,112,2596.804335,30.0,3309.804335,0.3715088889875915,20.0,2026091333,10,state_search_derived_silence_combined_v1,True,103.0,330.9804335,3309.804335
True,133,True,q3-random-2026091334,42ae5aae465d2619d3aee40db3eac94c17fa4c2bf2878fec251acdb39b0de253,1.0,12,True,595.0,[],0,119,2657.7165,36.0,3418.7165,0.5098811220086645,24.0,2026091334,12,state_search_derived_silence_combined_v1,True,106.0,284.89304166666665,3418.7165
True,122,True,q3-random-2026091335,c998071d7f418ffe32dbe5d37384a1bce35a77a700859c6333862bbfb08c91e5,1.0,14,True,530.0,[],0,106,2489.167224,42.0,3185.167224,0.4904515749949496,28.0,2026091335,14,state_search_derived_silence_combined_v1,True,96.0,227.51194457142856,3185.167224
True,122,True,q3-random-2026091336,23a99d3fcdb774bb3b7f6a77898c96dcf64c00d35b142bbb01fbbc2ba80eded6,1.0,13,True,535.0,[],0,107,2244.990653,39.0,2942.990653,0.4656120669969823,26.0,2026091336,13,state_search_derived_silence_combined_v1,True,98.0,226.38389638461538,2942.990653
True,137,True,q3-random-2026091337,23622785b7bf608516e9d50517dc76d4e3c73f9e53c7770aae5d5b4745b1df73,1.0,11,True,620.0,[],0,124,1963.062417,33.0,2751.062417,0.36004434499773197,22.0,2026091337,11,state_search_derived_silence_combined_v1,True,113.0,250.09658336363637,2751.062417
True,123,True,q3-random-2026091338,b2472de088de401e13d8551ba1dd06e2aa223994192a8ce5c9099c924da20201,1.0,14,True,535.0,[],0,107,2296.797488,42.0,3000.797488,0.48058428001240827,28.0,2026091338,14,state_search_derived_silence_combined_v1,True,99.0,214.3426777142857,3000.797488
True,135,True,q3-random-2026091339,d4f3015096eb1af05fb5e5aecb55da306e9e6878108fa52aa04f221354fdaf06,1.0,10,True,615.0,[],0,123,2341.709868,30.0,3120.709868,0.37604259300860576,20.0,2026091339,10,state_search_derived_silence_combined_v1,True,114.0,312.0709868,3120.709868
True,119,True,q3-random-2026091340,e2d1e6c6addff319c1022d523a57a849a5fc2457f500561645c062d782552690,1.0,16,True,505.0,[],0,101,2667.490113,48.0,3341.490113,0.5611747000075411,32.0,2026091340,16,state_search_derived_silence_combined_v1,True,89.0,208.8431320625,3341.490113
True,129,True,q3-random-2026091341,6dadb2043c22a143c27305d9e609ddd973b39274d78ca012e97ded91b2d212eb,1.0,13,True,570.0,[],0,114,2047.150194,39.0,2786.150194,0.4569911299913656,26.0,2026091341,13,state_search_derived_silence_combined_v1,True,104.0,214.31924569230767,2786.150194
True,122,True,q3-random-2026091342,c93c66be60a6a8f9a7a176437a4e6af920e8af4072777f4d7ef34ef2deb76b66,1.0,15,True,525.0,[],0,105,2455.873983,45.0,3152.873983,0.49965668201912194,30.0,2026091342,15,state_search_derived_silence_combined_v1,True,97.0,210.19159886666665,3152.873983
True,126,True,q3-random-2026091343,3456e86d3529d9769490a484d0139f5cda8284d9887359ccdc9aaf1e9f0c3fb2,1.0,10,True,570.0,[],0,114,1853.084483,30.0,2580.084483,0.33743088101618923,20.0,2026091343,10,state_search_derived_silence_combined_v1,True,107.0,258.0084483,2580.084483
True,131,True,q3-random-2026091344,ebe263a3db4814025b17aea3886a01f7d9eff8b1bf2b7add65e15c0e132b99a9,1.0,11,True,590.0,[],0,118,2123.296176,33.0,2881.296176,0.3625755070243031,22.0,2026091344,11,state_search_derived_silence_combined_v1,True,113.0,261.936016,2881.296176
True,128,True,q3-random-2026091345,22c775e524b2607541081e0bb325f620247cb3067b2680e936192459a699e119,1.0,11,True,575.0,[],0,115,1885.386998,33.0,2625.386998,0.36622959197848104,22.0,2026091345,11,state_search_derived_silence_combined_v1,True,110.0,238.67154527272726,2625.386998
True,140,True,q3-random-2026091346,1b1864c19b89a3e63af3d6ac91b704a32706af4e3f8482e93f2c72abcb6b90eb,1.0,11,True,635.0,[],0,127,2442.712844,33.0,3248.712844,0.3166882540099323,22.0,2026091346,11,state_search_derived_silence_combined_v1,True,116.0,295.3375312727273,3248.712844
True,131,True,q3-random-2026091347,0bddb3d3c86874c0b74bdd9707d9b607a57b768efd753e2942e6d2a926dcc139,1.0,15,True,570.0,[],0,114,2633.767122,45.0,3380.767122,0.47669080601190217,30.0,2026091347,15,state_search_derived_silence_combined_v1,True,102.0,225.38447480000002,3380.767122
True,131,True,q3-random-2026091348,d0fddfde7062c74ce96450d17769c17501db349db601575c44b23abd98dfe885,1.0,10,True,595.0,[],0,119,2068.529022,30.0,2824.529022,0.32274457899620757,20.0,2026091348,10,state_search_derived_silence_combined_v1,True,111.0,282.45290220000004,2824.529022
True,125,True,q3-random-2026091349,8e90f04a4757c70c6002651a61d7611536323d47c9c631a82f17c401f3f006e0,1.0,10,True,565.0,[],0,113,1890.305738,30.0,2612.305738,0.3583415259781759,20.0,2026091349,10,state_search_derived_silence_combined_v1,True,107.0,261.2305738,2612.305738
True,140,True,q3-random-2026091350,92471c90420ed34bbefb4cdd8bef7f9ee23943488e68de67c258e526a80aba35,1.0,10,True,640.0,[],0,128,2356.866468,30.0,3161.866468,0.3571251730027143,20.0,2026091350,10,state_search_derived_silence_combined_v1,True,115.0,316.1866468,3161.866468
True,125,True,q3-random-2026091351,63933bdfddcd869d1b18307111010c3d8385efb06f945baa278a391309ebdf00,1.0,16,True,535.0,[],0,107,2311.414413,48.0,3022.414413,0.5925530540116597,32.0,2026091351,16,state_search_derived_silence_combined_v1,True,96.0,188.9009008125,3022.414413
True,122,True,q3-random-2026091352,96a2149941ecb330121a46ef051663b006ec8edeffa582ea1db9388307f1c836,1.0,14,True,530.0,[],0,106,2492.816496,42.0,3189.816496,0.5176658350101206,28.0,2026091352,14,state_search_derived_silence_combined_v1,True,97.0,227.84403542857143,3189.816496
True,136,True,q3-random-2026091353,b0054f555ac77b3251a2c259e7f0d45462de0d4a92b65baf176492b4726222a1,1.0,11,True,615.0,[],0,123,2304.797615,33.0,3087.797615,0.39337997502298094,22.0,2026091353,11,state_search_derived_silence_combined_v1,True,113.0,280.7088740909091,3087.797615
True,128,True,q3-random-2026091354,2e12a70c2517907e8f6e483f27eb366fddabfee116dd62d2d846b9b110793ee9,1.0,11,True,575.0,[],0,115,2117.027479,33.0,2856.027479,0.4058542650018353,22.0,2026091354,11,state_search_derived_silence_combined_v1,True,109.0,259.63886172727274,2856.027479
True,127,True,q3-random-2026091355,432feb4285783303e147434e48dbca130831610d28233204d6099d26c0922d2b,1.0,14,True,555.0,[],0,111,2400.884437,42.0,3127.884437,0.5342803840176202,28.0,2026091355,14,state_search_derived_silence_combined_v1,True,102.0,223.42031692857145,3127.884437
True,141,True,q3-random-2026091356,db2eaac461946c56817780a53b72ddffaf5cfc23154ee99e83d7bc76a52e9e58,1.0,11,True,640.0,[],0,128,2160.585942,33.0,2971.585942,0.35285022799507715,22.0,2026091356,11,state_search_derived_silence_combined_v1,True,116.0,270.14417654545457,2971.585942
True,137,True,q3-random-2026091357,a141dedb2bf92fbcf0e862516243f1c5f2a355bd6ddbc1aaf6f20177b275a0c8,1.0,13,True,610.0,[],0,122,2316.931022,39.0,3104.931022,0.4092791109869722,26.0,2026091357,13,state_search_derived_silence_combined_v1,True,113.0,238.84084784615385,3104.931022
True,121,True,q3-random-2026091358,3dda1a46c16cc4478797a014d73a96c4d8fd9e01de6d3e74c6f27614b0060da0,1.0,15,True,520.0,[],0,104,2199.29415,45.0,2886.29415,0.5707616439904086,30.0,2026091358,15,state_search_derived_silence_combined_v1,True,92.0,192.41961,2886.29415
True,131,True,q3-random-2026091359,a3f609e8c0f49ce5820c6001234abf7ea2586246a2d6614468167f68ac7b3aa6,1.0,13,True,580.0,[],0,116,2271.28748,39.0,3025.28748,0.38543963502161205,26.0,2026091359,13,state_search_derived_silence_combined_v1,True,109.0,232.71442153846152,3025.28748
True,125,True,q3-random-2026091360,fc06f5c471a819956401df9d191fa85b15c92319831601a7a8dd1a26609f9668,1.0,16,True,535.0,[],0,107,2700.059601,48.0,3409.059601,0.4965813070011791,32.0,2026091360,16,state_search_derived_silence_combined_v1,True,94.0,213.0662250625,3409.059601
True,141,True,q3-random-2026091361,1ace8d17b3df4fcf50830fb7de03da75f295fa677b97ecb431810db1abd96ac6,1.0,14,True,625.0,[],0,125,2357.900507,42.0,3168.900507,0.4699308720009867,28.0,2026091361,14,state_search_derived_silence_combined_v1,True,116.0,226.3500362142857,3168.900507
True,135,True,q3-random-2026091362,f395f223e66e90915d35ec3cbd6f7d1ab03ae8b1ee130d7b8c42e51da76adeda,1.0,13,True,600.0,[],0,120,1875.165271,39.0,2656.165271,0.3645816210191697,26.0,2026091362,13,state_search_derived_silence_combined_v1,True,116.0,204.32040546153846,2656.165271
True,136,True,q3-random-2026091363,f40c82907562196760cd0401faa2216b47875c34572148f338413d829538d329,1.0,12,True,610.0,[],0,122,2253.904039,36.0,3034.904039,0.4871893399977125,24.0,2026091363,12,state_search_derived_silence_combined_v1,True,111.0,252.90866991666667,3034.904039
True,125,True,q3-random-2026091364,f77a477382dde5e147584cd8d2e5ac62a78b14e1d2ab5b717ecd0689eec0166a,1.0,15,True,540.0,[],0,108,2338.960618,45.0,3049.960618,0.49773438498959877,30.0,2026091364,15,state_search_derived_silence_combined_v1,True,96.0,203.33070786666667,3049.960618
True,126,True,q3-random-2026091365,e784fd2f5e6873e03a90ab65c0ac6b4ca0ec2a90bc0090a4b840d5f23394cf67,1.0,11,True,565.0,[],0,113,2196.123246,33.0,2922.123246,0.4108359360252507,22.0,2026091365,11,state_search_derived_silence_combined_v1,True,106.0,265.6475678181818,2922.123246
True,139,True,q3-random-2026091366,5147233ba7dd4c0fca7c97be8910a0805fe87d0baef41953e36bfba552b034ad,1.0,10,True,635.0,[],0,127,2584.960475,30.0,3383.960475,0.42757348000304773,20.0,2026091366,10,state_search_derived_silence_combined_v1,True,114.0,338.3960475,3383.960475
True,120,True,q3-random-2026091367,47d7a1e97d62ddb5a382456e4809bba069b108985a664b401093742d757bd59a,1.0,14,True,520.0,[],0,104,2467.996861,42.0,3156.996861,0.43313605201547034,28.0,2026091367,14,state_search_derived_silence_combined_v1,True,99.0,225.4997757857143,3156.996861
True,128,True,q3-random-2026091368,985b7985a327ea3ddfaa5ec0297f8e2a40d5e48b98782ac18c16c4bd2c768b01,1.0,14,True,560.0,[],0,112,2368.066168,42.0,3102.066168,0.5591887369810138,28.0,2026091368,14,state_search_derived_silence_combined_v1,True,104.0,221.57615485714285,3102.066168
True,128,True,q3-random-2026091369,d296c5a7cd1ef5c96dce5c3bead6344a01c48ee7eb80786e2d47173c451b80b1,1.0,13,True,565.0,[],0,113,2283.619615,39.0,3013.619615,0.4633136519987602,26.0,2026091369,13,state_search_derived_silence_combined_v1,True,100.0,231.81689346153846,3013.619615
True,127,True,q3-random-2026091370,2c62adc28e314ebcf72c7f01a633d340099aef559310abaf493c5cac7031598d,1.0,16,True,545.0,[],0,109,2503.753928,48.0,3226.753928,0.520411083009094,32.0,2026091370,16,state_search_derived_silence_combined_v1,True,98.0,201.6721205,3226.753928
True,128,True,q3-random-2026091371,c0dbaf9b7eeb8ba60e5b7b719963c9ec82022e7e53be9ce49112e22301eda11a,1.0,11,True,575.0,[],0,115,2326.031251,33.0,3061.031251,0.41038901900174096,22.0,2026091371,11,state_search_derived_silence_combined_v1,True,105.0,278.27556827272724,3061.031251
True,117,True,q3-random-2026091372,335cc7c1a9bfb97f6d135564eefd69aeca875aa13fc4ef4148975acf508215ea,1.0,13,True,510.0,[],0,102,2321.738761,39.0,2990.738761,0.509907188010402,26.0,2026091372,13,state_search_derived_silence_combined_v1,True,94.0,230.05682776923078,2990.738761
True,127,True,q3-random-2026091373,9bca8caa650bace29fb62422679a7674592585a7c8a17d58ed52860c4b235153,1.0,11,True,570.0,[],0,114,2109.343416,33.0,2841.343416,0.3651578610006254,22.0,2026091373,11,state_search_derived_silence_combined_v1,True,107.0,258.30394690909094,2841.343416
True,137,True,q3-random-2026091374,3c5aaffaa1cf3f1d3793581a5a2e0f285730b0a86e079f2a092cc0a26736caf5,1.0,10,True,625.0,[],0,125,2159.932143,30.0,2948.932143,0.44886010300251655,20.0,2026091374,10,state_search_derived_silence_combined_v1,True,114.0,294.8932143,2948.932143
True,135,True,q3-random-2026091375,14020cc71e9c1d809610611dc62737efe40cd274c2561c5f3c4e6424eb79e1f2,1.0,15,True,590.0,[],0,118,2902.059629,45.0,3673.059629,0.5751309590123128,30.0,2026091375,15,state_search_derived_silence_combined_v1,True,106.0,244.87064193333333,3673.059629
True,136,True,q3-random-2026091376,3ae9364037be0caae100233058d24adb7a1387b1d7c8cfee68acfa6eba0227bc,1.0,12,True,610.0,[],0,122,2848.851474,36.0,3626.851474,0.5005145760078449,24.0,2026091376,12,state_search_derived_silence_combined_v1,True,108.0,302.2376228333333,3626.851474
True,114,True,q3-random-2026091377,12d82fa5eec52d3301497bd0824c4a71faf07b7e7fed19e1f8523124fb098464,1.0,16,True,480.0,[],0,96,2322.489323,48.0,2971.489323,0.6047142230090685,32.0,2026091377,16,state_search_derived_silence_combined_v1,True,89.0,185.7180826875,2971.489323
True,136,True,q3-random-2026091378,e1739c90344dc77dde2ca656de31cdceb0c6a226ad89735362eededf95844598,1.0,10,True,620.0,[],0,124,2218.519128,30.0,3001.519128,0.40294531898689456,20.0,2026091378,10,state_search_derived_silence_combined_v1,True,113.0,300.1519128,3001.519128
True,141,True,q3-random-2026091379,1e839d85964ae5a245b49d5e1cfe3039bc319d61d815abcc58a48ceac7e04f5a,1.0,10,True,645.0,[],0,129,2173.673545,30.0,2984.673545,0.3649497890146449,20.0,2026091379,10,state_search_derived_silence_combined_v1,True,116.0,298.4673545,2984.673545
True,138,True,q3-random-2026091380,e0325c3f1585ca83cc6a208afba64766a17694f218e353248c7d73de3b972e03,1.0,12,True,620.0,[],0,124,2567.490609,36.0,3360.490609,0.4604570929950569,24.0,2026091380,12,state_search_derived_silence_combined_v1,True,113.0,280.0408840833333,3360.490609
True,129,True,q3-random-2026091381,4593b8372d823384a089feb4b414ec6d3421b3af2fab55ae637dad440f27702b,1.0,15,True,560.0,[],0,112,2486.332603,45.0,3223.332603,0.49936970899580047,30.0,2026091381,15,state_search_derived_silence_combined_v1,True,102.0,214.88884019999998,3223.332603
True,131,True,q3-random-2026091382,bd35b8a2a6a8d06ee9820d32dd7891021fde42e2424feccf8a20b73bd956446b,1.0,15,True,570.0,[],0,114,2690.217432,45.0,3438.217432,0.49611614501918666,30.0,2026091382,15,state_search_derived_silence_combined_v1,True,103.0,229.21449546666665,3438.217432
True,135,True,q3-random-2026091383,122a2d8fc7ad3289b25c507e0ed4471e0eb6667ab1ef7d4c17ba64b288a9729a,1.0,13,True,600.0,[],0,120,2164.380239,39.0,2944.380239,0.46385581299546175,26.0,2026091383,13,state_search_derived_silence_combined_v1,True,115.0,226.49078761538462,2944.380239
True,128,True,q3-random-2026091384,df0f48d86c1a2eb9f9023a199db29168fb5072cf6a14ba988853809fe9d91975,1.0,12,True,570.0,[],0,114,2245.801949,36.0,2981.801949,0.42631238701869734,24.0,2026091384,12,state_search_derived_silence_combined_v1,True,106.0,248.48349575,2981.801949
True,130,True,q3-random-2026091385,abf7f7707db67274f026b5f6eaf93be15bc66d8dfd66b4d0b4acf147c20b855e,1.0,15,True,565.0,[],0,113,2704.894966,45.0,3442.894966,0.5605153099750169,30.0,2026091385,15,state_search_derived_silence_combined_v1,True,98.0,229.52633106666664,3442.894966
True,127,True,q3-random-2026091386,428c2d790b923bbf64742d62a6841eb5746c1f4de3e998bd6824bfdce80563b3,1.0,10,True,575.0,[],0,115,1944.07927,30.0,2678.07927,0.37074269200093113,20.0,2026091386,10,state_search_derived_silence_combined_v1,True,109.0,267.807927,2678.07927
True,136,True,q3-random-2026091387,4971763ae4c9c835f89fa6da40c9452c043221e5d041e0a4f27a3ece8f103a39,1.0,11,True,615.0,[],0,123,2476.375982,33.0,3255.375982,0.4310860399855301,22.0,2026091387,11,state_search_derived_silence_combined_v1,True,109.0,295.9432710909091,3255.375982
True,137,True,q3-random-2026091388,020c80f7f705e8694e34447a7757087d6e230a51b36d40e5d20bcab8a4c4fde3,1.0,13,True,610.0,[],0,122,2110.472857,39.0,2901.472857,0.3696853910223581,26.0,2026091388,13,state_search_derived_silence_combined_v1,True,116.0,223.1902197692308,2901.472857
True,130,True,q3-random-2026091389,aa73568b571833c8cef03ee411301a6804deaf6ef7b73afca76192a4b40b5312,1.0,11,True,585.0,[],0,117,2276.516401,33.0,3023.516401,0.425720030994853,22.0,2026091389,11,state_search_derived_silence_combined_v1,True,107.0,274.86512736363636,3023.516401
True,148,True,q3-random-2026091390,e5a4224ba507926df9ae92c3afa2abd2e2a52bc2c890e3b293ee86b73c0ed825,1.0,12,True,670.0,[],0,134,2628.870048,36.0,3479.870048,0.3199656429933384,24.0,2026091390,12,state_search_derived_silence_combined_v1,True,121.0,289.98917066666667,3479.870048
True,142,True,q3-random-2026091391,d7e000b9864bae9c140ccc2d515fa8857019f4a7289ab9908dd48181bdb78bf5,1.0,15,True,625.0,[],0,125,2901.601191,45.0,3715.601191,0.5361605189973488,30.0,2026091391,15,state_search_derived_silence_combined_v1,True,114.0,247.70674606666668,3715.601191
True,139,True,q3-random-2026091392,4fcffdcce25a7e80de77cb67a7703ddf378865adcefdc2c28c83a530cbefbe12,1.0,10,True,635.0,[],0,127,2152.043345,30.0,2952.043345,0.34749925500364043,20.0,2026091392,10,state_search_derived_silence_combined_v1,True,115.0,295.2043345,2952.043345
True,133,True,q3-random-2026091393,855a1b4e035ab90906f3bdabd31cd11c7e4c4d601d3d0368f4775b57a5d59fe2,1.0,16,True,575.0,[],0,115,2824.698325,48.0,3583.698325,0.49034841399407014,32.0,2026091393,16,state_search_derived_silence_combined_v1,True,104.0,223.9811453125,3583.698325
True,122,True,q3-random-2026091394,c873c81cd00173c59f9b1cebed1b7281bdbdb967181a57ff6a098b271a94837c,1.0,15,True,525.0,[],0,105,2124.925266,45.0,2822.925266,0.49732826100080274,30.0,2026091394,15,state_search_derived_silence_combined_v1,True,98.0,188.19501773333334,2822.925266
True,125,True,q3-random-2026091395,d3d8c449bc4da92d4831de33299994065ebe2c0f7e664f4dc49d1735659f5097,1.0,13,True,550.0,[],0,110,2255.727688,39.0,2974.727688,0.5584428110159934,26.0,2026091395,13,state_search_derived_silence_combined_v1,True,104.0,228.82520676923076,2974.727688
True,130,True,q3-random-2026091396,11bb85ba803b600d5b8f93703c8f6a8413d62573593c3b8dbf66ac2b5c5e40ad,1.0,10,True,590.0,[],0,118,1972.173177,30.0,2720.173177,0.4067906989948824,20.0,2026091396,10,state_search_derived_silence_combined_v1,True,108.0,272.01731770000004,2720.173177
True,128,True,q3-random-2026091397,da9944c4b9b1ab6c8c907fe2a35446473bf75f59740a62d6c39c5e3da066d032,1.0,16,True,550.0,[],0,110,2527.007023,48.0,3255.007023,0.5858027389913332,32.0,2026091397,16,state_search_derived_silence_combined_v1,True,98.0,203.4379389375,3255.007023
True,123,True,q3-random-2026091398,f1dd2bd071a4fd92c2e01193321dec88309c56cc5501e594b0ff248cca66512d,1.0,10,True,555.0,[],0,111,1853.547365,30.0,2562.547365,0.3362773080007173,20.0,2026091398,10,state_search_derived_silence_combined_v1,True,104.0,256.2547365,2562.547365
True,123,True,q3-random-2026091399,a7ed15093092c341924cbf43603838690d3be98bc4e586b997d202d34b76757c,1.0,16,True,525.0,[],0,105,2461.514053,48.0,3159.514053,0.5573783399886452,32.0,2026091399,16,state_search_derived_silence_combined_v1,True,93.0,197.4696283125,3159.514053
True,132,True,q3-random-2026091400,ea85f30e5873086905185a97c03ecd6757515d9ada70f762a2ee03fea2d54fb3,1.0,16,True,570.0,[],0,114,2483.079048,48.0,3233.079048,0.5589948240085505,32.0,2026091400,16,state_search_derived_silence_combined_v1,True,100.0,202.0674405,3233.079048
True,121,True,q3-random-2026091401,46931e6c8f615d88d4b233cac277d79d027444a4e5ab4fec354ee8d50ea46b1b,1.0,13,True,530.0,[],0,106,2756.068918,39.0,3447.068918,0.5203583989932667,26.0,2026091401,13,state_search_derived_silence_combined_v1,True,96.0,265.1591475384615,3447.068918
True,128,True,q3-random-2026091402,2e0eaf7519df1f07a27cf9bd99e3e1c3d29e37647a8aa33dacfebd4b8458d56d,1.0,11,True,575.0,[],0,115,2205.553317,33.0,2945.553317,0.3948129089840222,22.0,2026091402,11,state_search_derived_silence_combined_v1,True,110.0,267.77757427272724,2945.553317
True,122,True,q3-random-2026091403,3ebe9dfec1cea2b5d2f96b39e38ca3e1d3eaa36566d2e46e98eb1f91aec86298,1.0,14,True,530.0,[],0,106,2432.043059,42.0,3127.043059,0.47122493298957124,28.0,2026091403,14,state_search_derived_silence_combined_v1,True,95.0,223.3602185,3127.043059
True,126,True,q3-random-2026091404,ba0d6f5573f112808a31b76e8590b0fc4ddad84f13a9303785adb9fb13512fd7,1.0,14,True,550.0,[],0,110,2096.09759,42.0,2816.09759,0.5436545480042696,28.0,2026091404,14,state_search_derived_silence_combined_v1,True,100.0,201.14982785714284,2816.09759
True,125,True,q3-random-2026091405,adad1d21d48e9e1aea61befc343de1c0afbc4f1e61d78c5053ee572dea263085,1.0,16,True,535.0,[],0,107,2715.398631,48.0,3428.398631,0.574869548989227,32.0,2026091405,16,state_search_derived_silence_combined_v1,True,98.0,214.2749144375,3428.398631
True,127,True,q3-random-2026091406,52c901626ac4220646906ab816ca1abc28170b83b13248cd4cd5bd8d582db553,1.0,13,True,560.0,[],0,112,2170.160037,39.0,2897.160037,0.5317044839903247,26.0,2026091406,13,state_search_derived_silence_combined_v1,True,102.0,222.8584643846154,2897.160037
True,128,True,q3-random-2026091407,7eed5a37fe7b01497d6475668d778b0be4e2183e52742dd16d2bf04cbc0b096c,1.0,12,True,570.0,[],0,114,2714.866749,36.0,3449.866749,0.49924694301444106,24.0,2026091407,12,state_search_derived_silence_combined_v1,True,105.0,287.48889575,3449.866749
True,137,True,q3-random-2026091408,f03811dad9de03741c2ae12b50f64d4e2e423e0f67c55bfadfb9a45cb67391a6,1.0,12,True,615.0,[],0,123,2231.087682,36.0,3019.087682,0.3570935159805231,24.0,2026091408,12,state_search_derived_silence_combined_v1,True,113.0,251.59064016666665,3019.087682
True,124,True,q3-random-2026091409,454e36e7b5339443152fe4cc8de77bdbef9855accd7ec1050da3486330c92990,1.0,14,True,540.0,[],0,108,2262.294324,42.0,2970.294324,0.4605171160073951,28.0,2026091409,14,state_search_derived_silence_combined_v1,True,98.0,212.16388028571427,2970.294324
True,122,True,q3-random-2026091410,cdee04fe23d63bd651f5d127065fb0314af988ab1036abb46d7eca409897a3cb,1.0,13,True,535.0,[],0,107,2243.936347,39.0,2942.936347,0.5151704409800004,26.0,2026091410,13,state_search_derived_silence_combined_v1,True,99.0,226.379719,2942.936347
True,130,True,q3-random-2026091411,8716d26049f909c1241268920f135e544fda89a48dc511bd5ef34ef23a9996eb,1.0,14,True,570.0,[],0,114,2260.550006,42.0,3005.550006,0.5386602100043092,28.0,2026091411,14,state_search_derived_silence_combined_v1,True,105.0,214.6821432857143,3005.550006
True,133,True,q3-random-2026091412,883fe44f1d2659e34d10d777043b01ea73a92e80dbdb39d128f72bf26e7a30fa,1.0,15,True,580.0,[],0,116,2594.161213,45.0,3353.161213,0.567527131002862,30.0,2026091412,15,state_search_derived_silence_combined_v1,True,104.0,223.54408086666666,3353.161213
True,128,True,q3-random-2026091413,f983746adbdb2f5afdb53407d88946e3fe41828aefa7ab8d8779a6d81374cb9d,1.0,13,True,565.0,[],0,113,2200.744421,39.0,2933.744421,0.3859639930014964,26.0,2026091413,13,state_search_derived_silence_combined_v1,True,103.0,225.67264776923076,2933.744421
True,108,True,q3-random-2026091414,9afdf6818e487ea6ebfe6233aab94a59eee878061c73c41ca5630ac000613d7a,1.0,16,True,450.0,[],0,90,2401.607144,48.0,3009.607144,0.5599961649859324,32.0,2026091414,16,state_search_derived_silence_combined_v1,True,78.0,188.1004465,3009.607144
True,131,True,q3-random-2026091415,cf8125e443b7734c93342e4c39205d4d75af9dd0373d2ebed628583a7bdc9f7d,1.0,13,True,580.0,[],0,116,2240.733964,39.0,2993.733964,0.4785836350056343,26.0,2026091415,13,state_search_derived_silence_combined_v1,True,108.0,230.287228,2993.733964
True,138,True,q3-random-2026091416,988a2bb4f3d3dbf21154721512afdf91820bbf8e611d5baae14430cd1b14f790,1.0,13,True,615.0,[],0,123,2423.828295,39.0,3215.828295,0.49825589498504996,26.0,2026091416,13,state_search_derived_silence_combined_v1,True,112.0,247.3714073076923,3215.828295
True,134,True,q3-random-2026091417,7fafed1368c6b4f4af72b53eba7acaef174221f405f689ab8812320655981b8f,1.0,13,True,595.0,[],0,119,2421.335732,39.0,3188.335732,0.46043612400535494,26.0,2026091417,13,state_search_derived_silence_combined_v1,True,107.0,245.25659476923076,3188.335732
True,141,True,q3-random-2026091418,ff0b9e985ef92d569d7d746f2205dc8738888ff8980fca4bbc0292e8a07e1b9b,1.0,14,True,625.0,[],0,125,2684.259566,42.0,3492.259566,0.532396893016994,28.0,2026091418,14,state_search_derived_silence_combined_v1,True,113.0,249.44711185714286,3492.259566
True,134,True,q3-random-2026091419,58efff00bbab94e46d600238dd0c4b7f00ce7864ee107c6638dde01296e6c37c,1.0,14,True,590.0,[],0,118,2371.994213,42.0,3136.994213,0.5688819760107435,28.0,2026091419,14,state_search_derived_silence_combined_v1,True,105.0,224.07101521428572,3136.994213
True,112,True,q3-random-2026091420,48c14023d8cb0f63a5bc567e443501a693d2da9bdec8b2997254d04116671e6a,1.0,16,True,470.0,[],0,94,2354.546023,48.0,2987.546023,0.5320063820108771,32.0,2026091420,16,state_search_derived_silence_combined_v1,True,83.0,186.7216264375,2987.546023
True,132,True,q3-random-2026091421,6dd15ebb8055a99b09964c252b62a1accc8daff98a19ba78358e5dbf5631e1f7,1.0,16,True,570.0,[],0,114,2292.727063,48.0,3044.727063,0.5313861859904137,32.0,2026091421,16,state_search_derived_silence_combined_v1,True,102.0,190.2954414375,3044.727063
True,130,True,q3-random-2026091422,55d6c2435e549321c8196ff0f0525fb54173922bb103bc7d1acfa22b958e956b,1.0,11,True,585.0,[],0,117,2277.591633,33.0,3024.591633,0.46914696201565675,22.0,2026091422,11,state_search_derived_silence_combined_v1,True,107.0,274.9628757272727,3024.591633
True,125,True,q3-random-2026091423,4520c0780802c0344277d00e5e858cbb2d4049ba3961972d669c17e510ba794b,1.0,11,True,560.0,[],0,112,1866.140092,33.0,2587.140092,0.46196539400261827,22.0,2026091423,11,state_search_derived_silence_combined_v1,True,106.0,235.19455381818182,2587.140092
True,131,True,q3-random-2026091424,5b99e93bb5d03222ee48edb97d5e09d73dc81e6e46595a98968da42091ca006b,1.0,16,True,565.0,[],0,113,2427.303208,48.0,3172.303208,0.4756671730137896,32.0,2026091424,16,state_search_derived_silence_combined_v1,True,100.0,198.2689505,3172.303208
True,127,True,q3-random-2026091425,c04bf5e7c3274fa7138d11ea58abc1ac40a4f5c8d35dd6732b322315347e0cb7,1.0,12,True,565.0,[],0,113,2341.52448,36.0,3068.52448,0.42933888497645967,24.0,2026091425,12,state_search_derived_silence_combined_v1,True,102.0,255.71037333333334,3068.52448
True,122,True,q3-random-2026091426,2f9867d3e116b430a3755a7b8c68a7d1a6509625f121f6cde7c2d83c469bc13c,1.0,13,True,535.0,[],0,107,2405.197388,39.0,3105.197388,0.5975213490019087,26.0,2026091426,13,state_search_derived_silence_combined_v1,True,100.0,238.86133753846156,3105.197388
True,130,True,q3-random-2026091427,3373b82f835e30651d27144233f74dbdda7fd7f3bf99176dc525868d4f6759ad,1.0,10,True,590.0,[],0,118,2133.688745,30.0,2884.688745,0.40210155697423033,20.0,2026091427,10,state_search_derived_silence_combined_v1,True,111.0,288.46887449999997,2884.688745
True,131,True,q3-random-2026091428,bf9122c2a840da1c1819eea35a963c3d3a003742c0eb7b905755435fa09af919,1.0,11,True,590.0,[],0,118,2086.610526,33.0,2841.610526,0.3073781550046988,22.0,2026091428,11,state_search_derived_silence_combined_v1,True,110.0,258.32822963636363,2841.610526
True,129,True,q3-random-2026091429,8f8fe30a520731107fe64fdd67a84d782eae8f037cd2935f50912c828e8c496f,1.0,10,True,585.0,[],0,117,1796.863829,30.0,2544.863829,0.3724425859982148,20.0,2026091429,10,state_search_derived_silence_combined_v1,True,113.0,254.4863829,2544.863829
True,124,True,q3-random-2026091430,84b5d2e0d992c8170a5b79e431386147e9f02dfc35207508c4a38075712462e5,1.0,14,True,540.0,[],0,108,2598.840923,42.0,3304.840923,0.5783762380015105,28.0,2026091430,14,state_search_derived_silence_combined_v1,True,96.0,236.06006592857145,3304.840923
True,129,True,q3-random-2026091431,fe211d856e3848396fae14d43522445324e64779be63e7923258d74b2616590c,1.0,14,True,565.0,[],0,113,2594.400393,42.0,3331.400393,0.584860981995007,28.0,2026091431,14,state_search_derived_silence_combined_v1,True,102.0,237.95717092857143,3331.400393
True,127,True,q3-random-2026091432,642734d17f8bd7707ca7f86b588df53c4d1b8078eec94e16cd0dc05395cef00c,1.0,14,True,555.0,[],0,111,2523.827852,42.0,3248.827852,0.49089892700430937,28.0,2026091432,14,state_search_derived_silence_combined_v1,True,100.0,232.05913228571427,3248.827852
True,135,True,q3-random-2026091433,ee452f3f9eb0db5e607dea1248d5d64aa44416ecac0a72054640884624925913,1.0,10,True,615.0,[],0,123,2216.116074,30.0,2996.116074,0.40484156599268317,20.0,2026091433,10,state_search_derived_silence_combined_v1,True,115.0,299.6116074,2996.116074
True,125,True,q3-random-2026091434,f56addfecc23793fd542be121101926eda7a68f8936866499246950d3937987c,1.0,13,True,550.0,[],0,110,1982.126072,39.0,2696.126072,0.42589778601541184,26.0,2026091434,13,state_search_derived_silence_combined_v1,True,99.0,207.39431323076923,2696.126072
True,133,True,q3-random-2026091435,497c9d8f928fc376d723666fe5234cd73e483e79c71c02324a28613454a4ba13,1.0,12,True,595.0,[],0,119,2209.056683,36.0,2971.056683,0.49493861899827607,24.0,2026091435,12,state_search_derived_silence_combined_v1,True,107.0,247.58805691666666,2971.056683
True,127,True,q3-random-2026091436,f7f58e6e24ec893be177c0a59f7950bdf6551620ef975c95db6d57ea2bb7015a,1.0,13,True,560.0,[],0,112,2518.692512,39.0,3243.692512,0.5123731330095325,26.0,2026091436,13,state_search_derived_silence_combined_v1,True,100.0,249.51480861538462,3243.692512
True,134,True,q3-random-2026091437,b158eb42ba0e55d9553301b765d25cbc912878cff6b4d9c3b00ac2ea9fa110fb,1.0,14,True,590.0,[],0,118,2387.238659,42.0,3153.238659,0.5785200720129069,28.0,2026091437,14,state_search_derived_silence_combined_v1,True,106.0,225.2313327857143,3153.238659
True,128,True,q3-random-2026091438,f99fe75993ba007a44a16393e2f818e6ebfe8b2e0521581e2aab959d798ae76e,1.0,15,True,555.0,[],0,111,2350.417086,45.0,3082.417086,0.49654744198778644,30.0,2026091438,15,state_search_derived_silence_combined_v1,True,102.0,205.4944724,3082.417086
True,137,True,q3-random-2026091439,9b82a694dd03744246da83ecb151a467dfddd90dec441daa48cbf8fb56e0a926,1.0,13,True,610.0,[],0,122,2607.501515,39.0,3390.501515,0.5237849080003798,26.0,2026091439,13,state_search_derived_silence_combined_v1,True,108.0,260.8078088461538,3390.501515
True,128,True,q3-random-2026091440,6f5635fb1e75ad7ff9a784fe166dc5dc96478806d85826838bc01215d63a4790,1.0,14,True,560.0,[],0,112,2069.6435,42.0,2804.6435,0.4412655890046153,28.0,2026091440,14,state_search_derived_silence_combined_v1,True,105.0,200.33167857142857,2804.6435
True,118,True,q3-random-2026091441,3260742ed59acf48a070550c8ddb4fb2baa33eb848c3c26a732bab116bdb78d9,1.0,16,True,500.0,[],0,100,2122.433011,48.0,2788.433011,0.5369410569837783,32.0,2026091441,16,state_search_derived_silence_combined_v1,True,86.0,174.2770631875,2788.433011
True,125,True,q3-random-2026091442,270bc8ff765b5d1268b36a0c15522edab8738b42b130179fddd48362287cc6de,1.0,11,True,560.0,[],0,112,2042.804914,33.0,2762.804914,0.4794402370171156,22.0,2026091442,11,state_search_derived_silence_combined_v1,True,105.0,251.1640830909091,2762.804914
True,107,True,q3-random-2026091443,7deb83131a9d59bfff2d1a2ad05523bb7e33f0b7325be7089dba03060daa30c7,1.0,16,True,445.0,[],0,89,2306.538361,48.0,2912.538361,0.5483681540063117,32.0,2026091443,16,state_search_derived_silence_combined_v1,True,81.0,182.0336475625,2912.538361
True,132,True,q3-random-2026091444,707a27707be0fb058b2952876c5e98a41440f9376ce36011bb12a0d6485e5c32,1.0,13,True,585.0,[],0,117,2039.428674,39.0,2796.428674,0.5344460030028131,26.0,2026091444,13,state_search_derived_silence_combined_v1,True,107.0,215.109898,2796.428674
True,142,True,q3-random-2026091445,16839c641caff38f81cd9d6d10f1513b06ecb7ddf8186f0bb94ee5f880be5519,1.0,10,True,650.0,[],0,130,2162.291431,30.0,2985.291431,0.2914926159719471,20.0,2026091445,10,state_search_derived_silence_combined_v1,True,123.0,298.5291431,2985.291431
True,128,True,q3-random-2026091446,f62f31644da7419b7f65de88013a32008c1fcf4311d66c85ea18bcc5ca627d58,1.0,11,True,575.0,[],0,115,2161.207956,33.0,2900.207956,0.324585105990991,22.0,2026091446,11,state_search_derived_silence_combined_v1,True,109.0,263.65526872727276,2900.207956
True,138,True,q3-random-2026091447,9d2ab5e8d003f9a43bbccf4464d6badf9a8d1e11abccca4494786b280ce7886c,1.0,14,True,610.0,[],0,122,2360.979684,42.0,3152.979684,0.46512560499832034,28.0,2026091447,14,state_search_derived_silence_combined_v1,True,112.0,225.21283457142857,3152.979684
True,128,True,q3-random-2026091448,74106f8aaf3d3ecbdc51eb270dbe4258a2e5c964b15d1cfefd8e073989e6650c,1.0,12,True,570.0,[],0,114,2216.916892,36.0,2951.916892,0.4221540769794956,24.0,2026091448,12,state_search_derived_silence_combined_v1,True,105.0,245.99307433333334,2951.916892
True,124,True,q3-random-2026091449,7b09c7d7d046e77e1c390109858f68f709b55737f012dd4bd0e7e36dac6b345c,1.0,14,True,540.0,[],0,108,2836.035175,42.0,3545.035175,0.5300138620077632,28.0,2026091449,14,state_search_derived_silence_combined_v1,True,99.0,253.21679821428572,3545.035175
True,127,True,q3-random-2026091450,12975e9556c484753c607f7040e8478a3d0b286ae305695788a3990e5eb7c969,1.0,16,True,545.0,[],0,109,2574.954992,48.0,3295.954992,0.4911417939874809,32.0,2026091450,16,state_search_derived_silence_combined_v1,True,96.0,205.997187,3295.954992
True,130,True,q3-random-2026091451,c63452b69c6d60ff4de100f08605b7d446bba5f60aa3825adc8cba92417aade2,1.0,10,True,590.0,[],0,118,2386.385779,30.0,3137.385779,0.35200471300049685,20.0,2026091451,10,state_search_derived_silence_combined_v1,True,111.0,313.7385779,3137.385779
True,121,True,q3-random-2026091452,828f83220445961883ed488208230b722549de57a725f16fe4d26e258479c133,1.0,15,True,520.0,[],0,104,2512.229817,45.0,3204.229817,0.5697334540018346,30.0,2026091452,15,state_search_derived_silence_combined_v1,True,97.0,213.61532113333334,3204.229817
True,139,True,q3-random-2026091453,419264dc02ffca0be71c7cabae897d4dada165e5e01cca30a2c1a62c2f930294,1.0,13,True,620.0,[],0,124,2665.831183,39.0,3461.831183,0.539514569012681,26.0,2026091453,13,state_search_derived_silence_combined_v1,True,111.0,266.2947063846154,3461.831183
True,130,True,q3-random-2026091454,575ada6119e1ef0b0399d03e735ab2717ce5913b1646a13bc793ba2b4c87783f,1.0,16,True,560.0,[],0,112,2863.979912,48.0,3600.979912,0.6077502729895059,32.0,2026091454,16,state_search_derived_silence_combined_v1,True,97.0,225.0612445,3600.979912
True,117,True,q3-random-2026091455,7bb226937cb41d290876c20a1ccee4de49c8696c970b493e43f1be8ca957ef3d,1.0,11,True,520.0,[],0,104,2403.592978,33.0,3075.592978,0.3641010109859053,22.0,2026091455,11,state_search_derived_silence_combined_v1,True,97.0,279.59936163636365,3075.592978
True,123,True,q3-random-2026091456,b3b741438143d34b03d5f2f643862b92b114b4eaac3f7d6263619ade3bf56d6d,1.0,16,True,525.0,[],0,105,2618.658223,48.0,3314.658223,0.6172205779876094,32.0,2026091456,16,state_search_derived_silence_combined_v1,True,91.0,207.1661389375,3314.658223
True,115,True,q3-random-2026091457,4ed78d106a5d8d03d31bc24435f72906ddf9508664840a123c00a6bc8c545d08,1.0,16,True,485.0,[],0,97,2241.003942,48.0,2893.003942,0.5117550019931514,32.0,2026091457,16,state_search_derived_silence_combined_v1,True,87.0,180.812746375,2893.003942
True,124,True,q3-random-2026091458,e780b7d01dd87ff58ece0c431a12f8ac8973433dfa118d3a27a19e0634f763f8,1.0,11,True,555.0,[],0,111,1868.345605,33.0,2582.345605,0.4606256060069427,22.0,2026091458,11,state_search_derived_silence_combined_v1,True,104.0,234.75869136363636,2582.345605
True,125,True,q3-random-2026091459,0287433cdceba13f7c9277d78f3f1c219443e237b33e832253324ca4f146c2c1,1.0,14,True,545.0,[],0,109,2585.137858,42.0,3300.137858,0.5039427970186807,28.0,2026091459,14,state_search_derived_silence_combined_v1,True,100.0,235.72413271428573,3300.137858
True,132,True,q3-random-2026091460,2fbdda80aa1eec28615c975cfeaf6ede2bda1f877cce68c4afaa22e7030120d4,1.0,16,True,570.0,[],0,114,2636.304841,48.0,3389.304841,0.5179203099978622,32.0,2026091460,16,state_search_derived_silence_combined_v1,True,103.0,211.8315525625,3389.304841
True,122,True,q3-random-2026091461,a0b3a6573ce5ca386cc47f3b16a49fce333e228cd4604a3184bf5e754902bfe3,1.0,16,True,520.0,[],0,104,2612.307725,48.0,3304.307725,0.5518469329981599,32.0,2026091461,16,state_search_derived_silence_combined_v1,True,92.0,206.5192328125,3304.307725
True,135,True,q3-random-2026091462,85e677b00ca3817b271509ec5c2e4ff402b62e116cce61f217fed92a0dd1b992,1.0,12,True,605.0,[],0,121,2560.840671,36.0,3333.840671,0.46819895997759886,24.0,2026091462,12,state_search_derived_silence_combined_v1,True,108.0,277.82005591666666,3333.840671
True,120,True,q3-random-2026091463,13020f6f1b7d2c8b38ad773e00b053c5401ec10c87eec2fbd37b7069a5f8a18c,1.0,12,True,530.0,[],0,106,2349.246978,36.0,3039.246978,0.37357700799475424,24.0,2026091463,12,state_search_derived_silence_combined_v1,True,100.0,253.27058150000002,3039.246978
True,129,True,q3-random-2026091464,82dfd04f5e6ae3b94b2fa6ff8b1ba738a17c63ab1ee7af54070c9460bfa2f47a,1.0,14,True,565.0,[],0,113,2272.160016,42.0,3013.160016,0.41600583799299784,28.0,2026091464,14,state_search_derived_silence_combined_v1,True,106.0,215.22571542857142,3013.160016
True,130,True,q3-random-2026091465,01f9e53eed316cbd364611ee97dad2e0ed5aab474feaa38c74c4a8d64d3900d5,1.0,10,True,590.0,[],0,118,1793.868553,30.0,2544.868553,0.451496182999108,20.0,2026091465,10,state_search_derived_silence_combined_v1,True,111.0,254.48685529999997,2544.868553
True,113,True,q3-random-2026091466,a0bcc755892b0d5d027ea15bedcdaee96251ea73bc5530436f2c2b762f039763,1.0,16,True,475.0,[],0,95,2592.211038,48.0,3232.211038,0.5921461649995763,32.0,2026091466,16,state_search_derived_silence_combined_v1,True,85.0,202.013189875,3232.211038
True,128,True,q3-random-2026091467,f46b645e79ea82bf69aeb8c925deb1c8fac97398742a0192ba13df26edfc20d9,1.0,10,True,580.0,[],0,116,2254.51932,30.0,2992.51932,0.26558345000375994,20.0,2026091467,10,state_search_derived_silence_combined_v1,True,108.0,299.251932,2992.51932
True,119,True,q3-random-2026091468,bdd450622521f36423ac4b6e89021ee195c31f0a84de0ed29b4c51cc25c3de1f,1.0,11,True,530.0,[],0,106,2017.458707,33.0,2702.458707,0.3935162150010001,22.0,2026091468,11,state_search_derived_silence_combined_v1,True,100.0,245.67806427272726,2702.458707
True,121,True,q3-random-2026091469,2e690ed59bf3de56519dc79dc081c04d456700b7470bb7ad91a017968ba23bc6,1.0,12,True,535.0,[],0,107,2310.630717,36.0,3002.630717,0.3965175529883709,24.0,2026091469,12,state_search_derived_silence_combined_v1,True,97.0,250.21922641666666,3002.630717
True,129,True,q3-random-2026091470,fca93debc8cd80859859bf42be0ebfa1f1ca35144bf7dee298e3c880bde261ec,1.0,13,True,570.0,[],0,114,2532.003284,39.0,3272.003284,0.4914134420105256,26.0,2026091470,13,state_search_derived_silence_combined_v1,True,105.0,251.6925603076923,3272.003284
True,132,True,q3-random-2026091471,5ae9fa213aabced75324814f6479fc03c3ca8e68d2ef741e75df5d6b12c26009,1.0,11,True,595.0,[],0,119,2293.768219,33.0,3051.768219,0.3837674859969411,22.0,2026091471,11,state_search_derived_silence_combined_v1,True,108.0,277.43347445454543,3051.768219
True,146,True,q3-random-2026091472,623b1784d3bfceee3f868223704169aa346d79a5b5aceec6daef130aa14ee8a6,1.0,13,True,655.0,[],0,131,2496.337019,39.0,3335.337019,0.5579899039876182,26.0,2026091472,13,state_search_derived_silence_combined_v1,True,119.0,256.5643860769231,3335.337019
True,130,True,q3-random-2026091473,0e2451e9ae6d62ab9adfac69940f62f42da968fdc9f498c4b1ae47d0412c1b70,1.0,14,True,570.0,[],0,114,2270.105453,42.0,3016.105453,0.40317837698967196,28.0,2026091473,14,state_search_derived_silence_combined_v1,True,106.0,215.4361037857143,3016.105453
True,134,True,q3-random-2026091474,cb121c2f7e09dff4a394809675b5729042e12d3ad637562e807ab05cdfe748f9,1.0,14,True,590.0,[],0,118,2519.932086,42.0,3286.932086,0.49784903597901575,28.0,2026091474,14,state_search_derived_silence_combined_v1,True,107.0,234.78086328571428,3286.932086
True,125,True,q3-random-2026091475,4bf15989879d5161a56fe1d0ada83bf0c4c5fe8e338013362834df8ef3ec3014,1.0,16,True,535.0,[],0,107,2717.001873,48.0,3427.001873,0.5613896239956375,32.0,2026091475,16,state_search_derived_silence_combined_v1,True,95.0,214.1876170625,3427.001873
True,131,True,q3-random-2026091476,4ee52d73f4124d336ce1e504d29025ef27dfb3ead2c05f9b8f21b6a51d23fc35,1.0,16,True,565.0,[],0,113,2437.619616,48.0,3180.619616,0.6047732360020746,32.0,2026091476,16,state_search_derived_silence_combined_v1,True,98.0,198.788726,3180.619616
True,134,True,q3-random-2026091477,6abe03ab2980f62b69d8e49c28a70a6ce57d7a7bd50481495feff15057033ec0,1.0,14,True,590.0,[],0,118,2443.869906,42.0,3212.869906,0.5439186540024821,28.0,2026091477,14,state_search_derived_silence_combined_v1,True,109.0,229.49070757142857,3212.869906
True,139,True,q3-random-2026091478,ea90151f4887c4def3413106afbb903a79e88b24e651b8e107d62279a00ac987,1.0,10,True,635.0,[],0,127,2038.292615,30.0,2844.292615,0.3510288399993442,20.0,2026091478,10,state_search_derived_silence_combined_v1,True,121.0,284.4292615,2844.292615
True,124,True,q3-random-2026091479,f40c8f5ec10a559b5277a413725b62c6cd386e0ec75cae9fd1ab25fc7803a7c9,1.0,15,True,535.0,[],0,107,2629.004716,45.0,3337.004716,0.5546585080155637,30.0,2026091479,15,state_search_derived_silence_combined_v1,True,98.0,222.46698106666665,3337.004716
True,138,True,q3-random-2026091480,7b122982a0b32ae897b87971eedc17a432a5e811c06b0baa0bc234ca3577e1e0,1.0,11,True,625.0,[],0,125,2642.236818,33.0,3434.236818,0.4484447629947681,22.0,2026091480,11,state_search_derived_silence_combined_v1,True,112.0,312.20334709090906,3434.236818
True,121,True,q3-random-2026091481,9f894a66811282b6766f99fd33b582ede1a4e03af2a70851428c0c092c49e122,1.0,11,True,540.0,[],0,108,2111.102201,33.0,2807.102201,0.4316945339960512,22.0,2026091481,11,state_search_derived_silence_combined_v1,True,101.0,255.1911091818182,2807.102201
True,131,True,q3-random-2026091482,2f04868473d067d0cce663ec9864a973dd22b8b8e8498ecfe5ab1126332bc7b0,1.0,12,True,585.0,[],0,117,2246.073142,36.0,3000.073142,0.46893198500038125,24.0,2026091482,12,state_search_derived_silence_combined_v1,True,109.0,250.00609516666668,3000.073142
True,123,True,q3-random-2026091483,2a65214b138c0d49878273f993838cdc5281334a91d75bf23e792927de847425,1.0,13,True,540.0,[],0,108,2262.918883,39.0,2964.918883,0.5037217019998934,26.0,2026091483,13,state_search_derived_silence_combined_v1,True,97.0,228.0706833076923,2964.918883
True,119,True,q3-random-2026091484,e7cc266e5490f744017b42259fa45fe6417e9f4edfc2d75142e5b84a3298325c,1.0,14,True,515.0,[],0,103,2648.203054,42.0,3326.203054,0.4715164259832818,28.0,2026091484,14,state_search_derived_silence_combined_v1,True,93.0,237.58593242857143,3326.203054
True,122,True,q3-random-2026091485,9d57d090ad4c05ac651e4e32c6e2eaaa10023ab00470fb0c39f20d332ce845d4,1.0,16,True,520.0,[],0,104,2660.920649,48.0,3353.920649,0.544470808992628,32.0,2026091485,16,state_search_derived_silence_combined_v1,True,93.0,209.6200405625,3353.920649
True,131,True,q3-random-2026091486,8cb65a98765386da9b65859eaef8bfb393ce097990957c650e39001789b90abb,1.0,10,True,595.0,[],0,119,1820.573834,30.0,2579.573834,0.3976717159966938,20.0,2026091486,10,state_search_derived_silence_combined_v1,True,114.0,257.95738339999997,2579.573834
True,140,True,q3-random-2026091487,657bd96f320b4d9f8d0c08545d88bb4e39a040e4116c7e213e39631d97deae4f,1.0,12,True,630.0,[],0,126,2154.730624,36.0,2959.730624,0.43468832899816334,24.0,2026091487,12,state_search_derived_silence_combined_v1,True,115.0,246.64421866666666,2959.730624
True,127,True,q3-random-2026091488,678bb44774e42374509fe3e8cb494d268868d31adbce06998ccd37eb42ed77a5,1.0,14,True,555.0,[],0,111,2260.320741,42.0,2989.320741,0.5333717169996817,28.0,2026091488,14,state_search_derived_silence_combined_v1,True,104.0,213.52291007142858,2989.320741
True,129,True,q3-random-2026091489,b62ca598d0d4672617c18cfd6a61f9cbb7d1362f91f17120dba97e160ade60d1,1.0,14,True,565.0,[],0,113,2434.821812,42.0,3169.821812,0.5051939419936389,28.0,2026091489,14,state_search_derived_silence_combined_v1,True,100.0,226.41584371428573,3169.821812
True,124,True,q3-random-2026091490,be95f48c3a47435fe767ff75de2ac1fe2f1403e847aa7c140304d80be6054c89,1.0,13,True,545.0,[],0,109,2116.369454,39.0,2825.369454,0.5042659920000006,26.0,2026091490,13,state_search_derived_silence_combined_v1,True,99.0,217.33611184615387,2825.369454
True,133,True,q3-random-2026091491,6cbf5d0350c9806e0dafb59a3fabeda684f2544ca2c110f3f6079c5c6f9496e2,1.0,16,True,575.0,[],0,115,2726.320442,48.0,3481.320442,0.6389879769994877,32.0,2026091491,16,state_search_derived_silence_combined_v1,True,100.0,217.582527625,3481.320442
True,137,True,q3-random-2026091492,3445fba5fcc0c1ec4acc0b74aeaf1be9bdb93f8c0298a77b44683e59caf903c1,1.0,13,True,610.0,[],0,122,2393.162166,39.0,3180.162166,0.4883672059804667,26.0,2026091492,13,state_search_derived_silence_combined_v1,True,112.0,244.62785892307693,3180.162166
True,127,True,q3-random-2026091493,1fd04cf8ca9d0a02b33644215cd3ce7aed2e2dd1bb5687fa816b33f3e3a5c32d,1.0,15,True,550.0,[],0,110,2426.69075,45.0,3149.69075,0.5691889169975184,30.0,2026091493,15,state_search_derived_silence_combined_v1,True,98.0,209.97938333333335,3149.69075
True,132,True,q3-random-2026091494,2bffab76a8d3a7549121713399fbe7f074d77353a568069ed364379e22bc7e1d,1.0,12,True,590.0,[],0,118,2333.304216,36.0,3093.304216,0.509324991988251,24.0,2026091494,12,state_search_derived_silence_combined_v1,True,110.0,257.77535133333333,3093.304216
True,131,True,q3-random-2026091495,8d6c0f3a7e176484b4478f0b5cc333c78765c9e993f613baffd28d669f363cf3,1.0,10,True,595.0,[],0,119,2307.914701,30.0,3061.914701,0.38795118499547243,20.0,2026091495,10,state_search_derived_silence_combined_v1,True,109.0,306.1914701,3061.914701
True,138,True,q3-random-2026091496,6b24a4a339deb614a7fdfa3ffd778613b060f9f86690e0b242afa0bb657d611f,1.0,15,True,605.0,[],0,121,2546.939859,45.0,3334.939859,0.5112113079812843,30.0,2026091496,15,state_search_derived_silence_combined_v1,True,108.0,222.32932393333334,3334.939859
True,131,True,q3-random-2026091497,aee65eff9bd2fcc0cfda8800890da9b9d820591ab2f56f99ce2afed949f7b1bf,1.0,15,True,570.0,[],0,114,2579.688478,45.0,3327.688478,0.5096518399950583,30.0,2026091497,15,state_search_derived_silence_combined_v1,True,103.0,221.84589853333333,3327.688478
True,135,True,q3-random-2026091498,d4122c98b37748c6a96ec78cc8de7f9f0f86fa688d858e481e24af9a0859b497,1.0,14,True,595.0,[],0,119,2188.547464,42.0,2964.547464,0.41958040100871585,28.0,2026091498,14,state_search_derived_silence_combined_v1,True,111.0,211.7533902857143,2964.547464
True,129,True,q3-random-2026091499,ba7b39634911e0bd50653e79fea3c2eb0136ebba26352dc9feaca3fbdf3bbd86,1.0,11,True,580.0,[],0,116,2213.411398,33.0,2954.411398,0.33667202602373436,22.0,2026091499,11,state_search_derived_silence_combined_v1,True,106.0,268.5828543636364,2954.411398
True,131,True,q3-random-2026091500,86e1520fee1df51d9fd99c04d08140c7dcea17dbc2de6e6b778308180bc5fe59,1.0,14,True,575.0,[],0,115,2412.145548,42.0,3164.145548,0.4958783859910909,28.0,2026091500,14,state_search_derived_silence_combined_v1,True,107.0,226.01039628571428,3164.145548
True,117,True,q3-random-2026091501,cd89347cafd929bebddcf79f099eb7672a8db16e727cc3c293b55b3ff620ae5e,1.0,16,True,495.0,[],0,99,2480.083054,48.0,3145.083054,0.537333354994189,32.0,2026091501,16,state_search_derived_silence_combined_v1,True,90.0,196.567690875,3145.083054
True,144,True,q3-random-2026091502,9b345a53a6c9fdaa8022a2c4ce0eca837f3bdd2970002cb4e0f63d4ae2f0e10f,1.0,13,True,645.0,[],0,129,2425.612283,39.0,3253.612283,0.44504253499326296,26.0,2026091502,13,state_search_derived_silence_combined_v1,True,118.0,250.2778679230769,3253.612283
True,135,True,q3-random-2026091503,98764af5066b657da4113e06340d71c30f7501fbe14033e1465d2d38cad4028d,1.0,11,True,610.0,[],0,122,2235.428342,33.0,3012.428342,0.4070341539918445,22.0,2026091503,11,state_search_derived_silence_combined_v1,True,112.0,273.857122,3012.428342
True,126,True,q3-random-2026091504,5e02fa7bdd8487fdd615774c25ff33fc5440774c62eca0300245c5aed8c13167,1.0,13,True,555.0,[],0,111,2403.645148,39.0,3125.645148,0.4208871300215833,26.0,2026091504,13,state_search_derived_silence_combined_v1,True,102.0,240.43424215384616,3125.645148
True,125,True,q3-random-2026091505,9cfb66c01113b9f4ee2a00186e42b5439a8dcd09be2379597b96db88a0c6e5e0,1.0,15,True,540.0,[],0,108,2100.13549,45.0,2815.13549,0.5749027709825896,30.0,2026091505,15,state_search_derived_silence_combined_v1,True,100.0,187.67569933333334,2815.13549
True,130,True,q3-random-2026091506,d2c53814b7eb76f8d004b8ad3b62d33a1933c15e3bf56e55a3e0824a09bbbedd,1.0,10,True,590.0,[],0,118,2125.919944,30.0,2873.919944,0.4118255659996066,20.0,2026091506,10,state_search_derived_silence_combined_v1,True,108.0,287.39199440000004,2873.919944
True,119,True,q3-random-2026091507,764897bbaf8da0e1e03c2d28e3cda9229708b3e4bf9231ac6e34d5de387ecb2f,1.0,16,True,505.0,[],0,101,2879.011587,48.0,3557.011587,0.524091674014926,32.0,2026091507,16,state_search_derived_silence_combined_v1,True,93.0,222.3132241875,3557.011587
True,130,True,q3-random-2026091508,49702432f23d55797c634ef9b251c81eacf34eb5e43bb320f4c6494d95816b92,1.0,13,True,575.0,[],0,115,2438.636646,39.0,3181.636646,0.4912174619967118,26.0,2026091508,13,state_search_derived_silence_combined_v1,True,103.0,244.74128046153845,3181.636646
True,133,True,q3-random-2026091509,2cc9ecc06cdc22714e719b40734babe71d2571bef722c5f2a1eeaef413c7f4a7,1.0,14,True,585.0,[],0,117,2346.516254,42.0,3108.516254,0.46787738101556897,28.0,2026091509,14,state_search_derived_silence_combined_v1,True,107.0,222.0368752857143,3108.516254
True,124,True,q3-random-2026091510,92d934fdb6afac47c69c292b01c4794efcc973af1d0cd5f5fc4f509c866d6c0e,1.0,11,True,555.0,[],0,111,2074.123298,33.0,2788.123298,0.4582023599941749,22.0,2026091510,11,state_search_derived_silence_combined_v1,True,104.0,253.46575436363636,2788.123298
True,124,True,q3-random-2026091511,8ee85a06e747b65dc93038e6090ba17c0c5c76913173a44d5ca01527d7e7a35a,1.0,16,True,530.0,[],0,106,2504.844355,48.0,3206.844355,0.609127854986582,32.0,2026091511,16,state_search_derived_silence_combined_v1,True,92.0,200.4277721875,3206.844355
True,130,True,q3-random-2026091512,7babddbea81af37be7a969d427ee22283822904cb130d5fa43d9fe7784489395,1.0,14,True,570.0,[],0,114,2737.495625,42.0,3476.495625,0.613503088010475,28.0,2026091512,14,state_search_derived_silence_combined_v1,True,99.0,248.32111607142858,3476.495625
True,140,True,q3-random-2026091513,d373b08d2e5799ba5efa5b38bfb163bcc7a0f32f15ac3f6e91aca25625298d25,1.0,14,True,620.0,[],0,124,2419.63353,42.0,3224.63353,0.46765261999098584,28.0,2026091513,14,state_search_derived_silence_combined_v1,True,115.0,230.33096642857143,3224.63353
True,129,True,q3-random-2026091514,2ecbea9da62e4aa182e59154a325c8cb0e1407e274231ee09462fb13806bbd76,1.0,14,True,565.0,[],0,113,2663.699169,42.0,3401.699169,0.49430348799796775,28.0,2026091514,14,state_search_derived_silence_combined_v1,True,103.0,242.97851207142858,3401.699169
True,127,True,q3-random-2026091515,f3e919b29f0a08d6a7e1463a90a9ba3cfa44aa8dd5eff66cf6b5c302c46647ac,1.0,13,True,560.0,[],0,112,2328.604995,39.0,3056.604995,0.4509993260144256,26.0,2026091515,13,state_search_derived_silence_combined_v1,True,103.0,235.12346115384616,3056.604995
True,117,True,q3-random-2026091516,a8adc655c73018707158ed462826666e6727986927d65b73926931192aad77f0,1.0,15,True,500.0,[],0,100,2261.711142,45.0,2931.711142,0.5976973229844589,30.0,2026091516,15,state_search_derived_silence_combined_v1,True,95.0,195.44740946666667,2931.711142
True,116,True,q3-random-2026091517,578caf8ae8399842f8fa63d7c76e8c014f62cd8a3c08d27be2315826b761f126,1.0,15,True,495.0,[],0,99,2119.551371,45.0,2782.551371,0.5556965190044139,30.0,2026091517,15,state_search_derived_silence_combined_v1,True,93.0,185.50342473333333,2782.551371
True,127,True,q3-random-2026091518,8f2c77abcd7d6fd1bbd21596d76847faabd0110186a48a180d7ede06cd504db5,1.0,13,True,560.0,[],0,112,2251.764249,39.0,2981.764249,0.4692334719875362,26.0,2026091518,13,state_search_derived_silence_combined_v1,True,105.0,229.36648069230768,2981.764249
True,130,True,q3-random-2026091519,d8ed1fdb69d8b08bade769ca9fcd03eab9170785cb68ff06f2455eaede2ca39e,1.0,12,True,580.0,[],0,116,2188.65278,36.0,2935.65278,0.4024710670055356,24.0,2026091519,12,state_search_derived_silence_combined_v1,True,107.0,244.63773166666667,2935.65278
True,128,True,q3-random-2026091520,b556552dd1630e11b5edb0f1fff1c5e21068ffe5b86f599c0344ccbd7508ca0d,1.0,16,True,550.0,[],0,110,2381.571479,48.0,3109.571479,0.4833320699981414,32.0,2026091520,16,state_search_derived_silence_combined_v1,True,98.0,194.3482174375,3109.571479
True,123,True,q3-random-2026091521,cfa301c10f847d9f08aa6a4637b1d5f85eef28d921776703a4292a85911fbd37,1.0,15,True,530.0,[],0,106,2747.13867,45.0,3446.13867,0.4657538050087169,30.0,2026091521,15,state_search_derived_silence_combined_v1,True,94.0,229.74257799999998,3446.13867
True,136,True,q3-random-2026091522,20cf31d1ce6fb7e7658e6cf879768cbf0e75983a9de6776edab9405363783277,1.0,13,True,605.0,[],0,121,2168.839073,39.0,2949.839073,0.5353310650098138,26.0,2026091522,13,state_search_derived_silence_combined_v1,True,111.0,226.91069792307692,2949.839073
True,139,True,q3-random-2026091523,60467bac56509aa2410d6b4b2886adb2f75a55b6a013f8721314f8a94b75e7ab,1.0,13,True,620.0,[],0,124,2704.400449,39.0,3499.400449,0.5017704039928503,26.0,2026091523,13,state_search_derived_silence_combined_v1,True,110.0,269.18464992307696,3499.400449
True,131,True,q3-random-2026091524,5b1c8bfd4fabf76d26946022cfbf47be890c68cbe1c6cf1d7d694a316bb77e52,1.0,12,True,585.0,[],0,117,2229.708543,36.0,2981.708543,0.41423233301611617,24.0,2026091524,12,state_search_derived_silence_combined_v1,True,107.0,248.47571191666668,2981.708543
True,130,True,q3-random-2026091525,54057d9cdcf7bab8cc0c33410f2662c68e2effb0bed2e21f92d4a7af5fcf4764,1.0,14,True,570.0,[],0,114,2050.1304,42.0,2795.1304,0.5102669690095354,28.0,2026091525,14,state_search_derived_silence_combined_v1,True,105.0,199.65217142857142,2795.1304
True,124,True,q3-random-2026091526,6781899308540d8d99337cb34ec87fc4b41901274ebce0d0dd25e5b1ee08f6d6,1.0,14,True,540.0,[],0,108,2569.675236,42.0,3277.675236,0.5013612099864986,28.0,2026091526,14,state_search_derived_silence_combined_v1,True,98.0,234.11965971428572,3277.675236
True,112,True,q3-random-2026091527,a0764fb149d4651427d20c00e64b53ba48022cd95eb5ba5fcf1d72e72f43af00,1.0,16,True,470.0,[],0,94,2163.195753,48.0,2799.195753,0.5719588730135001,32.0,2026091527,16,state_search_derived_silence_combined_v1,True,86.0,174.9497345625,2799.195753
True,138,True,q3-random-2026091528,fa7c21780f305b4e8beaa6e93fcec8a3f0bd2938baa1f756a7e921676e378a47,1.0,15,True,605.0,[],0,121,2619.881281,45.0,3406.881281,0.5398960119928233,30.0,2026091528,15,state_search_derived_silence_combined_v1,True,107.0,227.12541873333333,3406.881281
True,132,True,q3-random-2026091529,d6c251c386bfe8159869ad2226be551df5cf794856df5e6a93b0cfc2da038df9,1.0,16,True,570.0,[],0,114,2895.414407,48.0,3647.414407,0.615775082987966,32.0,2026091529,16,state_search_derived_silence_combined_v1,True,102.0,227.9634004375,3647.414407
True,120,True,q3-random-2026091530,25865c36ddc3547986853300343ac82d2174573bb6a9d86ed50c66296167eb23,1.0,13,True,525.0,[],0,105,2094.85558,39.0,2781.85558,0.49128241700236686,26.0,2026091530,13,state_search_derived_silence_combined_v1,True,97.0,213.98889076923075,2781.85558
True,140,True,q3-random-2026091531,faad0e30f17ca237957e3135dd11d65aeec3a35d6553471153b6321bbe0f8056,1.0,13,True,625.0,[],0,125,2239.737167,39.0,3046.737167,0.4410030609869864,26.0,2026091531,13,state_search_derived_silence_combined_v1,True,117.0,234.3643974615385,3046.737167
True,129,True,q3-random-2026091532,fb3db9d780a2d53ad13978496306ee07bd7a4920c221a0fa31e110d448cbb41e,1.0,15,True,560.0,[],0,112,2768.957491,45.0,3502.957491,0.577890488988487,30.0,2026091532,15,state_search_derived_silence_combined_v1,True,99.0,233.5304994,3502.957491
True,134,True,q3-random-2026091533,72fdfe0dd5396786898a5983de53985b139b86dddac698e066c9c8e5770a25fc,1.0,14,True,590.0,[],0,118,2195.066789,42.0,2967.066789,0.46210050300578587,28.0,2026091533,14,state_search_derived_silence_combined_v1,True,112.0,211.93334207142857,2967.066789
True,135,True,q3-random-2026091534,6afe50c76c480bce277e5e973c3aa2908a1ef9f04ef27ed350f769e5e6921094,1.0,12,True,605.0,[],0,121,2299.260968,36.0,3075.260968,0.4471359239832964,24.0,2026091534,12,state_search_derived_silence_combined_v1,True,111.0,256.27174733333334,3075.260968
True,121,True,q3-random-2026091535,76179bac15ec45723dca54ec27756467e273d7f5d9edc9f598418d6dacfc5f0d,1.0,11,True,540.0,[],0,108,2109.995442,33.0,2803.995442,0.41183619399089366,22.0,2026091535,11,state_search_derived_silence_combined_v1,True,99.0,254.90867654545454,2803.995442
True,114,True,q3-random-2026091536,480c4881e9d09d8ebbf6504531a47dcd653b5748368359db47b4b0e95ae27054,1.0,14,True,490.0,[],0,98,2438.160517,42.0,3090.160517,0.4118168169807177,28.0,2026091536,14,state_search_derived_silence_combined_v1,True,92.0,220.7257512142857,3090.160517
True,119,True,q3-random-2026091537,c0d7d373cbb4817e000f60d519dcb33ff1e31571aa639c6c75c64c2e6f499261,1.0,16,True,505.0,[],0,101,2458.672701,48.0,3135.672701,0.5276609180145897,32.0,2026091537,16,state_search_derived_silence_combined_v1,True,92.0,195.9795438125,3135.672701
True,126,True,q3-random-2026091538,85aae4cdf44b05320927b8828466927b6dd992fd17218f19ff0ce25e1bd00f46,1.0,15,True,545.0,[],0,109,2318.322106,45.0,3035.322106,0.6170196490129456,30.0,2026091538,15,state_search_derived_silence_combined_v1,True,97.0,202.35480706666667,3035.322106
True,121,True,q3-random-2026091539,3c18a03a43224314ae96a84da049fcde371ec010bf8d9dc6023f435c950583a1,1.0,16,True,515.0,[],0,103,2430.31687,48.0,3120.31687,0.5614648690097965,32.0,2026091539,16,state_search_derived_silence_combined_v1,True,95.0,195.019804375,3120.31687
True,130,True,q3-random-2026091540,384ff0f672f6c14b18a799e6072ba95318aef9dca6053183ad5b480f342180e6,1.0,12,True,580.0,[],0,116,2025.383063,36.0,2773.383063,0.42075115101761185,24.0,2026091540,12,state_search_derived_silence_combined_v1,True,108.0,231.11525525000002,2773.383063
True,131,True,q3-random-2026091541,1e444260995a6c477f86503ff6975afccf9a7aada02272871ae3699d8c9ae9e9,1.0,16,True,565.0,[],0,113,2696.608212,48.0,3444.608212,0.6595132339862175,32.0,2026091541,16,state_search_derived_silence_combined_v1,True,103.0,215.28801325,3444.608212
True,121,True,q3-random-2026091542,50507cafa8019d1405a12666f67d2f9625fde2055080db1d63782975f34165fe,1.0,15,True,520.0,[],0,104,2424.17131,45.0,3117.17131,0.5396033989964053,30.0,2026091542,15,state_search_derived_silence_combined_v1,True,98.0,207.8114206666667,3117.17131
True,126,True,q3-random-2026091543,df816a009925ea1354064c910f4ad28b97d82e2e741122613d24e8067b124f39,1.0,11,True,565.0,[],0,113,1948.604714,33.0,2671.604714,0.3332892170001287,22.0,2026091543,11,state_search_derived_silence_combined_v1,True,103.0,242.87315581818183,2671.604714
True,131,True,q3-random-2026091544,0b9b3e822d6d18fa07c29706543808eb294f659db349b9eabf21362bfc434bc3,1.0,11,True,590.0,[],0,118,2245.221267,33.0,3000.221267,0.48082830299972557,22.0,2026091544,11,state_search_derived_silence_combined_v1,True,110.0,272.7473879090909,3000.221267
True,123,True,q3-random-2026091545,dcfd99014fdb4a980e6a180c930579f1945c2674a9b9b3feff1fdac91dd69591,1.0,12,True,545.0,[],0,109,2067.509639,36.0,2773.509639,0.473308665008517,24.0,2026091545,12,state_search_derived_silence_combined_v1,True,101.0,231.12580325,2773.509639
True,136,True,q3-random-2026091546,e788df99bd1f7e6dba84ecbf8e68926a0aac86f5775c28512770ad4509332826,1.0,15,True,595.0,[],0,119,2560.117454,45.0,3334.117454,0.4974560160189867,30.0,2026091546,15,state_search_derived_silence_combined_v1,True,104.0,222.27449693333335,3334.117454
True,129,True,q3-random-2026091547,c4682babfa0785315f30ac956805bffa8aaf1f4a9a0be663321c75facc5efa68,1.0,15,True,560.0,[],0,112,2410.826401,45.0,3147.826401,0.4756797910085879,30.0,2026091547,15,state_search_derived_silence_combined_v1,True,102.0,209.8550934,3147.826401
True,127,True,q3-random-2026091548,02bb17cc52d84b558cbde03639560da7d98313b08d032182ca510f2e1aa04b3a,1.0,15,True,550.0,[],0,110,2434.934376,45.0,3160.934376,0.517057165998267,30.0,2026091548,15,state_search_derived_silence_combined_v1,True,101.0,210.7289584,3160.934376
True,128,True,q3-random-2026091549,2b3d43c6da68d6fe3bd8db7e370e78347d0ac215c92b208a0d59aaec20993c99,1.0,11,True,575.0,[],0,115,2077.469732,33.0,2813.469732,0.3763337970012799,22.0,2026091549,11,state_search_derived_silence_combined_v1,True,106.0,255.76997563636363,2813.469732
True,135,True,q3-random-2026091550,ae1adcb9f8be83dae2aab9ea2335fd62f90b65c71dca359b729c0a1ae5363abb,1.0,15,True,590.0,[],0,118,2834.678549,45.0,3603.678549,0.3878339689981658,30.0,2026091550,15,state_search_derived_silence_combined_v1,True,104.0,240.24523660000003,3603.678549
True,133,True,q3-random-2026091551,9dea582e90e48559ef56a83755fb01e6d60d3a68472859870eeaf226fbb4d218,1.0,10,True,605.0,[],0,121,2271.752327,30.0,3039.752327,0.3890848470036872,20.0,2026091551,10,state_search_derived_silence_combined_v1,True,113.0,303.9752327,3039.752327
True,141,True,q3-random-2026091552,31686e48073edc01172c18403a1f5e46bb54d52ade58c5c67568622d858814af,1.0,11,True,640.0,[],0,128,2195.665716,33.0,3006.665716,0.40851527100312524,22.0,2026091552,11,state_search_derived_silence_combined_v1,True,116.0,273.3332469090909,3006.665716
True,142,True,q3-random-2026091553,baa8f8332e890066a0f61dec5c1eadf8a9f86c74725263020a648a19c6112683,1.0,14,True,630.0,[],0,126,2338.301027,42.0,3150.301027,0.5895899860188365,28.0,2026091553,14,state_search_derived_silence_combined_v1,True,112.0,225.02150192857144,3150.301027
True,129,True,q3-random-2026091554,4f24b7eab18ec2fd6b2be591f569d42da77293a68dcb039804fd14c48f814ca3,1.0,16,True,555.0,[],0,111,2345.985923,48.0,3082.985923,0.6215693870035466,32.0,2026091554,16,state_search_derived_silence_combined_v1,True,102.0,192.6866201875,3082.985923
True,138,True,q3-random-2026091555,2fc446d868667e1e37a5f87f8acf5689f3b40a8164c778f2967cb42e097ff711,1.0,16,True,600.0,[],0,120,3120.79059,48.0,3906.79059,0.6098097409994807,32.0,2026091555,16,state_search_derived_silence_combined_v1,True,106.0,244.174411875,3906.79059
True,126,True,q3-random-2026091556,14fc0b8694b5d47f0efa9091e8214c24ccaa741d1728015b4d40dd0866d84586,1.0,12,True,560.0,[],0,112,2376.043977,36.0,3100.043977,0.4336443360080011,24.0,2026091556,12,state_search_derived_silence_combined_v1,True,104.0,258.3369980833333,3100.043977
True,128,True,q3-random-2026091557,feaf0633ef876f30e44be464c5d3ac894defaf7b983e396213aa96a05782002f,1.0,13,True,565.0,[],0,113,2138.261595,39.0,2874.261595,0.460443349002162,26.0,2026091557,13,state_search_derived_silence_combined_v1,True,106.0,221.09704576923076,2874.261595
True,131,True,q3-random-2026091558,4c1f215c7ccab50e79b289f34171d782dc5d4a801abd6766fe13b3440ab6a81c,1.0,10,True,595.0,[],0,119,1905.567324,30.0,2662.567324,0.36429024999961257,20.0,2026091558,10,state_search_derived_silence_combined_v1,True,112.0,266.25673240000003,2662.567324
True,125,True,q3-random-2026091559,ef8a479b0522187f68c73b10b1af0c94a4a0aa873933710f549b582b85fe388d,1.0,15,True,540.0,[],0,108,2683.362441,45.0,3400.362441,0.535026575991651,30.0,2026091559,15,state_search_derived_silence_combined_v1,True,102.0,226.6908294,3400.362441
True,120,True,q3-random-2026091560,07384bbdd10063082e67143fbfffacc1727b6f883a0608846f04db710dd09567,1.0,15,True,515.0,[],0,103,2271.186047,45.0,2958.186047,0.5073264380043838,30.0,2026091560,15,state_search_derived_silence_combined_v1,True,97.0,197.21240313333334,2958.186047
True,117,True,q3-random-2026091561,ddbb9a9a9e13be809137808420bac150576d4f3bf452a116960f67aed8983b5a,1.0,14,True,505.0,[],0,101,2105.970133,42.0,2771.970133,0.5425904349831399,28.0,2026091561,14,state_search_derived_silence_combined_v1,True,91.0,197.99786664285713,2771.970133
True,128,True,q3-random-2026091562,2a4380c8327541b2ccc172bb01cadcbaf5a78707e8ac6753c49f80f059679033,1.0,16,True,550.0,[],0,110,2522.884532,48.0,3251.884532,0.420125835982617,32.0,2026091562,16,state_search_derived_silence_combined_v1,True,99.0,203.24278325,3251.884532
True,126,True,q3-random-2026091563,4d1341d2e74f1485873373348abd58b4847c6c5f4ba5187bc9b2900bedc4654a,1.0,14,True,550.0,[],0,110,2351.909785,42.0,3075.909785,0.42242322699166834,28.0,2026091563,14,state_search_derived_silence_combined_v1,True,104.0,219.70784178571427,3075.909785
True,124,True,q3-random-2026091564,9845f0d19d29368509b2c4a9b6b5f533c2aa4aeef28cf874ca105d88e17fd1b2,1.0,14,True,540.0,[],0,108,2294.74016,42.0,3005.74016,0.4705820670060348,28.0,2026091564,14,state_search_derived_silence_combined_v1,True,101.0,214.69572571428571,3005.74016
True,122,True,q3-random-2026091565,69270bc2b8239e1b28d996f1974a9e33c1c45e80b13edb0d6e4854d9ce58e5c6,1.0,14,True,530.0,[],0,106,2456.791902,42.0,3153.791902,0.6167448469786905,28.0,2026091565,14,state_search_derived_silence_combined_v1,True,97.0,225.27085014285714,3153.791902
True,125,True,q3-random-2026091566,7b4f5113dafcf865c654cf1c20124ad14e87bf36b15f660adcbd084a7a7d098f,1.0,14,True,545.0,[],0,109,2735.395203,42.0,3449.395203,0.5137529110070318,28.0,2026091566,14,state_search_derived_silence_combined_v1,True,99.0,246.38537164285714,3449.395203
True,133,True,q3-random-2026091567,8157eee31d59c59293fbaada0e0381047b519f05bbb16724e4d0f31a425ba21b,1.0,14,True,585.0,[],0,117,2450.432678,42.0,3212.432678,0.5462748410063796,28.0,2026091567,14,state_search_derived_silence_combined_v1,True,107.0,229.45947700000002,3212.432678
True,127,True,q3-random-2026091568,0571fc471baa44222164b5792b622df161554311d7f9479f4bb39a4fa8414bc2,1.0,10,True,575.0,[],0,115,2571.345401,30.0,3301.345401,0.43530817798455246,20.0,2026091568,10,state_search_derived_silence_combined_v1,True,105.0,330.1345401,3301.345401
True,126,True,q3-random-2026091569,7092fe454decbf2b0ef5d9a8eef9adc8ea5616347ce1d1a6756c36db33b154e9,1.0,12,True,560.0,[],0,112,2160.760104,36.0,2882.760104,0.508449787972495,24.0,2026091569,12,state_search_derived_silence_combined_v1,True,102.0,240.23000866666666,2882.760104
True,140,True,q3-random-2026091570,97dd9008e93f643d34c500cc77e45d62ef4eb6276fce6f80ceff56368e498879,1.0,11,True,635.0,[],0,127,2267.563466,33.0,3074.563466,0.47874026498175226,22.0,2026091570,11,state_search_derived_silence_combined_v1,True,117.0,279.50576963636365,3074.563466
True,124,True,q3-random-2026091571,e859ff52b69059746d46d955dc9b91885f59ec01033d3bbd7634aecf6fc8f496,1.0,11,True,555.0,[],0,111,2016.361614,33.0,2732.361614,0.3823402469861321,22.0,2026091571,11,state_search_derived_silence_combined_v1,True,106.0,248.39651036363637,2732.361614
True,127,True,q3-random-2026091572,7ec5f61aa79bb30a1ba065be06605dd6c5372f0e5fd3cebcc27b907e7021cd66,1.0,11,True,570.0,[],0,114,2269.471986,33.0,2999.471986,0.4301017670077272,22.0,2026091572,11,state_search_derived_silence_combined_v1,True,105.0,272.67927145454547,2999.471986
True,126,True,q3-random-2026091573,a5918cd20116cc33811ee381727f9d42f524149bf1ceb9cbe46f2120757bfd00,1.0,15,True,545.0,[],0,109,2495.01596,45.0,3210.01596,0.560749657015549,30.0,2026091573,15,state_search_derived_silence_combined_v1,True,95.0,214.001064,3210.01596
True,135,True,q3-random-2026091574,dd39be49fffd2a997302a284b45be9b3e15869482b85d84d7ea31d67c5afb9d1,1.0,12,True,605.0,[],0,121,2320.24003,36.0,3100.24003,0.45097270101541653,24.0,2026091574,12,state_search_derived_silence_combined_v1,True,115.0,258.35333583333335,3100.24003
True,137,True,q3-random-2026091575,0ebc3d8b9ffcba7b9312e55917860b4cf3d96ded9c92e66d3965b8912f9065f2,1.0,14,True,605.0,[],0,121,2511.144429,42.0,3293.144429,0.5561224309785757,28.0,2026091575,14,state_search_derived_silence_combined_v1,True,107.0,235.22460207142856,3293.144429
True,126,True,q3-random-2026091576,0cb734652e1f7bdc82f6435c4556739a61b5b80823222faeeb358805b886fd75,1.0,14,True,550.0,[],0,110,2320.589884,42.0,3041.589884,0.42141565299243666,28.0,2026091576,14,state_search_derived_silence_combined_v1,True,101.0,217.25642028571428,3041.589884
True,124,True,q3-random-2026091577,65baa335e1b15999a8dc782c974ba1eb095a8a149f0e5d51df3ad3ac27d5978b,1.0,13,True,545.0,[],0,109,2187.20651,39.0,2896.20651,0.4889209970133379,26.0,2026091577,13,state_search_derived_silence_combined_v1,True,99.0,222.78511615384616,2896.20651
True,122,True,q3-random-2026091578,694094bb582e7a58e921b9bc9c47555a7d6a80a698413b1efb4cd0c738110dcc,1.0,13,True,535.0,[],0,107,2330.440487,39.0,3030.440487,0.4713832589914091,26.0,2026091578,13,state_search_derived_silence_combined_v1,True,100.0,233.11080669230768,3030.440487
True,137,True,q3-random-2026091579,0c030c3110c4abb876cc9397eda5316dc5442ee47c5bea86ec368fa261fedd56,1.0,12,True,615.0,[],0,123,2187.961939,36.0,2974.961939,0.4038488650112413,24.0,2026091579,12,state_search_derived_silence_combined_v1,True,112.0,247.91349491666665,2974.961939
True,138,True,q3-random-2026091580,101b8140926617c6aa89ee4aee794dd2549b27912b2d2da0f90945aeba05a884,1.0,13,True,615.0,[],0,123,2092.736711,39.0,2887.736711,0.5066796360188164,26.0,2026091580,13,state_search_derived_silence_combined_v1,True,115.0,222.13359315384616,2887.736711
True,133,True,q3-random-2026091581,6c3e4c5bf796fd216ee6b6f46df828e1f6fc7d5e29897bf2d664ebc33cfc7f8e,1.0,11,True,600.0,[],0,120,2365.291002,33.0,3130.291002,0.4394951169961132,22.0,2026091581,11,state_search_derived_silence_combined_v1,True,110.0,284.5719092727273,3130.291002
True,122,True,q3-random-2026091582,546588414132486988b5a9f2f476eed98c510abca3dc0d436087c7fd055f0d4c,1.0,16,True,520.0,[],0,104,2266.289725,48.0,2957.289725,0.5337766380107496,32.0,2026091582,16,state_search_derived_silence_combined_v1,True,91.0,184.8306078125,2957.289725
True,130,True,q3-random-2026091583,2322d1a83198132cbc8d48f037d73b0de5ff41200dab128cb1166d97d5a800f2,1.0,13,True,575.0,[],0,115,1961.565551,39.0,2711.565551,0.4305126690014731,26.0,2026091583,13,state_search_derived_silence_combined_v1,True,110.0,208.58196546153846,2711.565551
True,126,True,q3-random-2026091584,6f103c188dd1f034975a2c0ea625c76a51c974f26c896effa813dcd6d8be9b87,1.0,12,True,560.0,[],0,112,2299.963754,36.0,3024.963754,0.4697241290123202,24.0,2026091584,12,state_search_derived_silence_combined_v1,True,105.0,252.08031283333332,3024.963754
True,130,True,q3-random-2026091585,f4a695008c9682f3a31bb6ef3b8dfc8eb32294f551808c153f3208079ba759a0,1.0,11,True,585.0,[],0,117,1986.236935,33.0,2736.236935,0.4001502250030171,22.0,2026091585,11,state_search_derived_silence_combined_v1,True,110.0,248.74881227272726,2736.236935
True,130,True,q3-random-2026091586,bf2ad6d5c064b21b415ab987215644233ade186437cbf1bb1d44a3405f2a4371,1.0,10,True,590.0,[],0,118,2315.14449,30.0,3065.14449,0.3212798530003056,20.0,2026091586,10,state_search_derived_silence_combined_v1,True,110.0,306.514449,3065.14449
True,116,True,q3-random-2026091587,303028d15c7051acc23240e22ce5809535862cd099deca24866539533fc0513d,1.0,16,True,490.0,[],0,98,2383.822414,48.0,3036.822414,0.4505560449906625,32.0,2026091587,16,state_search_derived_silence_combined_v1,True,83.0,189.801400875,3036.822414
True,130,True,q3-random-2026091588,c9bdc2c6f9047960ebe2cbc82a6bb1e30f21ca6b5f759a2c5390d79b1dc86027,1.0,10,True,590.0,[],0,118,2317.074767,30.0,3068.074767,0.35606443998403847,20.0,2026091588,10,state_search_derived_silence_combined_v1,True,111.0,306.8074767,3068.074767
True,136,True,q3-random-2026091589,e8f003737a41ddcab243d92f73ca9d582a62b87b2e0545b09d0968214a1d7bd5,1.0,13,True,605.0,[],0,121,2121.248758,39.0,2903.248758,0.5109366739925463,26.0,2026091589,13,state_search_derived_silence_combined_v1,True,112.0,223.32682753846154,2903.248758
True,139,True,q3-random-2026091590,65d2a0d080aa414a7347fefc8cba1388df12eca493722f67e995c0a5568b2e50,1.0,12,True,625.0,[],0,125,2021.58557,36.0,2821.58557,0.40647886699298397,24.0,2026091590,12,state_search_derived_silence_combined_v1,True,115.0,235.13213083333335,2821.58557
True,132,True,q3-random-2026091591,a423f5fb28cdc0f765c8563257a0280274a12a8b710784a4fcdaa5a29fddea85,1.0,14,True,580.0,[],0,116,2674.320812,42.0,3428.320812,0.49416858100448735,28.0,2026091591,14,state_search_derived_silence_combined_v1,True,104.0,244.880058,3428.320812
True,138,True,q3-random-2026091592,49ae4369830b568361fad137ef5980d6eea5e1400624dcf9774262fe8bd93ba5,1.0,12,True,620.0,[],0,124,2361.836056,36.0,3154.836056,0.4507858899887651,24.0,2026091592,12,state_search_derived_silence_combined_v1,True,113.0,262.9030046666667,3154.836056
True,142,True,q3-random-2026091593,28934840466d4f7526db641fd57df395b7b818fa851c99eaa3bbd2fb3764d947,1.0,10,True,650.0,[],0,130,2321.818679,30.0,3140.818679,0.3742290230002254,20.0,2026091593,10,state_search_derived_silence_combined_v1,True,119.0,314.0818679,3140.818679
True,128,True,q3-random-2026091594,3a064cf25108cf83b135ab2687efab20ef714cfdf361fd06441a83eb2f5a1aab,1.0,16,True,550.0,[],0,110,2961.093444,48.0,3688.093444,0.5922116040019318,32.0,2026091594,16,state_search_derived_silence_combined_v1,True,97.0,230.50584025,3688.093444
True,128,True,q3-random-2026091595,891209a56cb55eb91fe000f5075db3b699cfe0e36bcd3b04e385adeb617ff592,1.0,14,True,560.0,[],0,112,2297.682115,42.0,3031.682115,0.48512526697595604,28.0,2026091595,14,state_search_derived_silence_combined_v1,True,104.0,216.5487225,3031.682115
True,137,True,q3-random-2026091596,90133fe689c5b0ad8880197793b4f0dfb4a10fb4063b91727a0cca15136fd824,1.0,10,True,625.0,[],0,125,2009.171932,30.0,2799.171932,0.34882478398503736,20.0,2026091596,10,state_search_derived_silence_combined_v1,True,115.0,279.91719320000004,2799.171932
True,134,True,q3-random-2026091597,b1a76999396b40713d012a92d805370e6c715a60fe7c732bb18ce424d655c019,1.0,13,True,595.0,[],0,119,2460.416664,39.0,3231.416664,0.49264690399286337,26.0,2026091597,13,state_search_derived_silence_combined_v1,True,111.0,248.57051261538462,3231.416664
True,127,True,q3-random-2026091598,e3284ceb4945a15962344c39019a856905f53d5fc1fdb24f8d9878b4b092c990,1.0,14,True,555.0,[],0,111,2338.621708,42.0,3064.621708,0.5838495040079579,28.0,2026091598,14,state_search_derived_silence_combined_v1,True,101.0,218.90155057142857,3064.621708
True,129,True,q3-random-2026091599,0b794b7d664b6c8c9a0e4141db7e7f09652ac9a09fa579cb66ad525c2724cdf2,1.0,11,True,580.0,[],0,116,2348.395012,33.0,3090.395012,0.42439180897781625,22.0,2026091599,11,state_search_derived_silence_combined_v1,True,107.0,280.9450010909091,3090.395012
True,135,True,q3-random-2026091600,b07007b92d7bd429ef05a1116181173f2984ac04b0ea2fdc0d30640b5af3ae13,1.0,13,True,600.0,[],0,120,2212.360806,39.0,2985.360806,0.5101065739872865,26.0,2026091600,13,state_search_derived_silence_combined_v1,True,108.0,229.64313892307695,2985.360806
True,127,True,q3-random-2026091601,9ca93942f02d912a9cb6ece0c79e27880ddb37bcc72768f645857159ae5c8591,1.0,11,True,570.0,[],0,114,2277.886774,33.0,3006.886774,0.4422965919948183,22.0,2026091601,11,state_search_derived_silence_combined_v1,True,104.0,273.3533430909091,3006.886774
True,118,True,q3-random-2026091602,19b298e3ea85f4cf54befd21bd922c635449a2d123352d9047de08a0b217806c,1.0,15,True,505.0,[],0,101,2583.729763,45.0,3255.729763,0.6245398189930711,30.0,2026091602,15,state_search_derived_silence_combined_v1,True,92.0,217.04865086666666,3255.729763
True,130,True,q3-random-2026091603,aaccdad4100aca782345a95ea96c4e5a048c0e3879f2edc18e8e3719b29c7a7d,1.0,15,True,565.0,[],0,113,2560.937433,45.0,3304.937433,0.5418166320014279,30.0,2026091603,15,state_search_derived_silence_combined_v1,True,104.0,220.3291622,3304.937433
True,116,True,q3-random-2026091604,fe99d2c91374a148bf01b9bf8aa7ba5d0babf1aeef72ea3c14c58188293d807d,1.0,15,True,495.0,[],0,99,2429.311362,45.0,3088.311362,0.5933715309947729,30.0,2026091604,15,state_search_derived_silence_combined_v1,True,89.0,205.88742413333333,3088.311362
True,124,True,q3-random-2026091605,ed2f7bd16faa72aa80799cf724bee2179e2263f3e2d8abfffd47180e245c76d7,1.0,11,True,555.0,[],0,111,2462.777607,33.0,3175.777607,0.43667313500191085,22.0,2026091605,11,state_search_derived_silence_combined_v1,True,103.0,288.7070551818182,3175.777607
True,120,True,q3-random-2026091606,6b2e5a47f8868b3e7e6abc714652e4c8408a7071841bfb26d8303be0f2188704,1.0,16,True,510.0,[],0,102,2602.379482,48.0,3284.379482,0.5349258820060641,32.0,2026091606,16,state_search_derived_silence_combined_v1,True,92.0,205.273717625,3284.379482
True,124,True,q3-random-2026091607,8ba9493c224c32c06d21ec822ac126f4680925ec4e9ce0fc7df4da52e55eec12,1.0,16,True,530.0,[],0,106,2329.27314,48.0,3034.27314,0.516124210000271,32.0,2026091607,16,state_search_derived_silence_combined_v1,True,95.0,189.64207125,3034.27314
True,123,True,q3-random-2026091608,de300d9c8c55f3098cf2bdde7e3ba0f2383fd28a8ccb59a533214d5e1e03f730,1.0,14,True,535.0,[],0,107,2141.974947,42.0,2849.974947,0.5425522470031865,28.0,2026091608,14,state_search_derived_silence_combined_v1,True,103.0,203.56963907142858,2849.974947
True,127,True,q3-random-2026091609,a43650f49ee4474c337cccc7f94901c36d5497df9aefa028b2886834983b5b5d,1.0,10,True,575.0,[],0,115,1875.487606,30.0,2610.487606,0.41181806501117535,20.0,2026091609,10,state_search_derived_silence_combined_v1,True,110.0,261.04876060000004,2610.487606
True,120,True,q3-random-2026091610,5e18c54968a6b1aa902c659696650a144932a2542c834eb37fbff900b1eeb1ff,1.0,13,True,525.0,[],0,105,2102.153631,39.0,2791.153631,0.49534231101279147,26.0,2026091610,13,state_search_derived_silence_combined_v1,True,99.0,214.70412546153847,2791.153631
True,122,True,q3-random-2026091611,7ebd3d1891d817f66e53a58cea27e1e919826972418528ddce8c78ab71b65652,1.0,13,True,535.0,[],0,107,2124.08852,39.0,2823.08852,0.5269651240087114,26.0,2026091611,13,state_search_derived_silence_combined_v1,True,99.0,217.16065538461538,2823.08852
True,135,True,q3-random-2026091612,1036c39bc4b74a1684aaf5d5ef71fcacb0ec88835485e9e1e25fea566690e0b2,1.0,11,True,610.0,[],0,122,2183.360827,33.0,2963.360827,0.37460627098334953,22.0,2026091612,11,state_search_derived_silence_combined_v1,True,115.0,269.3964388181818,2963.360827
True,130,True,q3-random-2026091613,1a4961fc154c64e08c3ffacfef890805b6a1a3e82a95ed46c5f83365f5fa7bd8,1.0,11,True,585.0,[],0,117,2049.336904,33.0,2799.336904,0.4418857810087502,22.0,2026091613,11,state_search_derived_silence_combined_v1,True,110.0,254.48517309090906,2799.336904
True,127,True,q3-random-2026091614,96b262b33e35af9858cab1343db2be170c535e531b6d50f5b782cb7831cd4111,1.0,14,True,555.0,[],0,111,2598.415464,42.0,3326.415464,0.4673224420112092,28.0,2026091614,14,state_search_derived_silence_combined_v1,True,103.0,237.60110457142858,3326.415464
True,129,True,q3-random-2026091615,8f6881215bac1cd0704fdc7f234f143297d801e19b42dadadb41fc8d4aed0726,1.0,13,True,570.0,[],0,114,2069.457148,39.0,2808.457148,0.45286981100798585,26.0,2026091615,13,state_search_derived_silence_combined_v1,True,104.0,216.03516523076922,2808.457148
True,123,True,q3-random-2026091616,6923e4c578d57b15b3e11197f710a11bdedd8f458045d8c30edf595755c3df5d,1.0,16,True,525.0,[],0,105,2493.530645,48.0,3196.530645,0.48755137700936757,32.0,2026091616,16,state_search_derived_silence_combined_v1,True,98.0,199.7831653125,3196.530645
True,131,True,q3-random-2026091617,090c610772292e727baa65e30bfb2e684e2cb7576d1e25131248f90b282ce49a,1.0,10,True,595.0,[],0,119,2190.125532,30.0,2944.125532,0.3875594939745497,20.0,2026091617,10,state_search_derived_silence_combined_v1,True,109.0,294.4125532,2944.125532
True,129,True,q3-random-2026091618,1e4b8839a3b630ff719008203b77f4a45bb420d13601a90e451c9e984610d5bf,1.0,10,True,585.0,[],0,117,2121.824867,30.0,2866.824867,0.4421932170225773,20.0,2026091618,10,state_search_derived_silence_combined_v1,True,110.0,286.68248669999997,2866.824867
True,117,True,q3-random-2026091619,e29fd5b2eb77cad5d37c09c6cf2ced25db9c1c551c8593e473b247d73bff9bfb,1.0,14,True,505.0,[],0,101,2173.260731,42.0,2842.260731,0.6280455120140687,28.0,2026091619,14,state_search_derived_silence_combined_v1,True,94.0,203.01862364285714,2842.260731
True,142,True,q3-random-2026091620,a8741d4bdc996a32988a1ebcc71e165979176e6dc05bf440bbc0ec4bc5eda9d4,1.0,11,True,645.0,[],0,129,2282.751461,33.0,3100.751461,0.42725205700844526,22.0,2026091620,11,state_search_derived_silence_combined_v1,True,118.0,281.88649645454547,3100.751461
True,140,True,q3-random-2026091621,f5fb5cf94f32bb811c96b38ee81e67fd8c8a582d59cda0c8d87ddf3ba9644abc,1.0,10,True,640.0,[],0,128,2307.847793,30.0,3112.847793,0.4538702169957105,20.0,2026091621,10,state_search_derived_silence_combined_v1,True,115.0,311.28477929999997,3112.847793
True,129,True,q3-random-2026091622,5663eea45b2d400fbef31ef4f548e5e640b48ba51f9112335c208c1d1bc38037,1.0,13,True,570.0,[],0,114,2083.525462,39.0,2821.525462,0.46856162199401297,26.0,2026091622,13,state_search_derived_silence_combined_v1,True,103.0,217.04042015384616,2821.525462
True,110,True,q3-random-2026091623,bd70c9305620565204641b7631ebb3b7dc8005c21f249a2b0400ebacde7ac09c,1.0,16,True,460.0,[],0,92,2730.630605,48.0,3350.630605,0.5452350739797112,32.0,2026091623,16,state_search_derived_silence_combined_v1,True,80.0,209.4144128125,3350.630605
True,130,True,q3-random-2026091624,1b8f37881a0af738d9f89f3e27c7b17faa3b6c108b2b3ef18551079fd5f14fa8,1.0,13,True,575.0,[],0,115,2131.531083,39.0,2877.531083,0.44239881899557076,26.0,2026091624,13,state_search_derived_silence_combined_v1,True,106.0,221.34854484615383,2877.531083
True,140,True,q3-random-2026091625,9088bbc05cf236f5a85e6a754a4226b240a65addef9a0a3010a57d502fb1e3f6,1.0,14,True,620.0,[],0,124,2489.731184,42.0,3289.731184,0.532408919010777,28.0,2026091625,14,state_search_derived_silence_combined_v1,True,110.0,234.98079885714287,3289.731184
True,132,True,q3-random-2026091626,f85def0ca87c8e90cb9062d2202dce6413c8fcc0cb80258bc0a883b00c3f4ae8,1.0,11,True,595.0,[],0,119,2339.99872,33.0,3097.99872,0.440849150007125,22.0,2026091626,11,state_search_derived_silence_combined_v1,True,108.0,281.6362472727273,3097.99872
True,136,True,q3-random-2026091627,3b1b09f6863df8314ee2573a8b0a0e4a366ba3df9e1270d2acfb8a00974168b6,1.0,14,True,600.0,[],0,120,2818.299153,42.0,3595.299153,0.48496362299192697,28.0,2026091627,14,state_search_derived_silence_combined_v1,True,107.0,256.80708235714286,3595.299153
True,134,True,q3-random-2026091628,a73cf0cd0680d1fde6bddd28614a1a5542855ad123f5e8cf82c09ebc4ee5f3ec,1.0,13,True,595.0,[],0,119,2510.122593,39.0,3280.122593,0.5212243350106291,26.0,2026091628,13,state_search_derived_silence_combined_v1,True,110.0,252.31712253846155,3280.122593
True,131,True,q3-random-2026091629,be5b9ad9f85ce986037e23c6b9e3ec8a3f8f7ad6a59f5c3bc94331c08d7048e9,1.0,13,True,580.0,[],0,116,2472.148402,39.0,3222.148402,0.476718816003995,26.0,2026091629,13,state_search_derived_silence_combined_v1,True,105.0,247.85756938461537,3222.148402
True,125,True,q3-random-2026091630,ac010e47ab056f9ad9a106699f1c3a1e99e8b65c189d3f156feca91bf6a9c962,1.0,15,True,540.0,[],0,108,2268.537035,45.0,2983.537035,0.6065246690122876,30.0,2026091630,15,state_search_derived_silence_combined_v1,True,100.0,198.902469,2983.537035
True,126,True,q3-random-2026091631,c6c30f15ec5a1f290d9bfe89097bf736132a4f994b2a67afece2d5f0d8db2fbb,1.0,12,True,560.0,[],0,112,2569.312942,36.0,3290.312942,0.5210248400107957,24.0,2026091631,12,state_search_derived_silence_combined_v1,True,101.0,274.19274516666667,3290.312942
True,123,True,q3-random-2026091632,5f755578e4b1e84b0e143b471b17974b0d11f8f8360656eeea7eeab30e8db2c6,1.0,11,True,550.0,[],0,110,2223.667796,33.0,2929.667796,0.4412232050090097,22.0,2026091632,11,state_search_derived_silence_combined_v1,True,101.0,266.333436,2929.667796
True,130,True,q3-random-2026091633,9e51b46bbd5493dbc121998fe4f62b8f03673960faa069020874b1bca2ea02c5,1.0,14,True,570.0,[],0,114,2664.963515,42.0,3409.963515,0.4781392099976074,28.0,2026091633,14,state_search_derived_silence_combined_v1,True,105.0,243.56882249999998,3409.963515
True,117,True,q3-random-2026091634,590b4bad935d99a4a06884ffcfcf617cec345eaa05d4ecf31747ba3b7327b21f,1.0,15,True,500.0,[],0,100,2431.307653,45.0,3099.307653,0.5733431180124171,30.0,2026091634,15,state_search_derived_silence_combined_v1,True,93.0,206.62051019999998,3099.307653
True,114,True,q3-random-2026091635,ebd9d72d1f9223ae06be522081bee670d59cf7d3fdfee09335224cd1623d6ab7,1.0,15,True,485.0,[],0,97,2265.136683,45.0,2915.136683,0.618773003021488,30.0,2026091635,15,state_search_derived_silence_combined_v1,True,90.0,194.34244553333335,2915.136683
True,110,True,q3-random-2026091636,17789abf5bfb54150f030eb6f5b0609abaa210943507094b9b4d465e1f8f5f8a,1.0,16,True,460.0,[],0,92,2575.689548,48.0,3195.689548,0.5705838369904086,32.0,2026091636,16,state_search_derived_silence_combined_v1,True,80.0,199.73059675,3195.689548
True,145,True,q3-random-2026091637,ab549e59489bdd5f95f0fb6324b3ecef5ddf266a77ef10199f0feb94a3976b1d,1.0,13,True,650.0,[],0,130,2131.43552,39.0,2963.43552,0.46003033299348317,26.0,2026091637,13,state_search_derived_silence_combined_v1,True,117.0,227.95657846153847,2963.43552
True,130,True,q3-random-2026091638,793d1ebc10115a4f07d933d02ab8d5a2b6596f0fd9d6914db180358a06998373,1.0,16,True,560.0,[],0,112,2453.448591,48.0,3190.448591,0.57331291801529,32.0,2026091638,16,state_search_derived_silence_combined_v1,True,97.0,199.4030369375,3190.448591
True,126,True,q3-random-2026091639,06491852df00db2a734925a0ab0ad7753f1b360d13a8d18de88cc3e64605313f,1.0,14,True,550.0,[],0,110,2598.078159,42.0,3315.078159,0.558224059001077,28.0,2026091639,14,state_search_derived_silence_combined_v1,True,97.0,236.79129707142857,3315.078159
True,136,True,q3-random-2026091640,d51e08c8492f4f7358d2e3b75f28d10a6a375cf65da47763376272d9d697ebda,1.0,14,True,600.0,[],0,120,2323.025626,42.0,3101.025626,0.48379706899868324,28.0,2026091640,14,state_search_derived_silence_combined_v1,True,108.0,221.50183042857142,3101.025626
True,128,True,q3-random-2026091641,b85337e53a11b930cd9dbed6abb4ea8143e5f827895dba6e8ade9d8a169614bc,1.0,13,True,565.0,[],0,113,2423.813187,39.0,3158.813187,0.520227352011716,26.0,2026091641,13,state_search_derived_silence_combined_v1,True,105.0,242.9856297692308,3158.813187
True,133,True,q3-random-2026091642,9f3cd66e623777224f823eb03860f10420d3a64fd5c423a1984fa6bfbb3aead8,1.0,10,True,605.0,[],0,121,2198.649886,30.0,2966.649886,0.48965236300136894,20.0,2026091642,10,state_search_derived_silence_combined_v1,True,113.0,296.6649886,2966.649886
True,131,True,q3-random-2026091643,adb01c8c097a6ad71a7f1d6d873f2fa2deea5ffb8dab017c049204e9ddc1d488,1.0,14,True,575.0,[],0,115,2338.154081,42.0,3089.154081,0.542867160984315,28.0,2026091643,14,state_search_derived_silence_combined_v1,True,106.0,220.65386292857144,3089.154081
True,132,True,q3-random-2026091644,9108c23d9b9e86aef061ed5a019543f90d09e8b000d557a0188a01ce4c1ce5ad,1.0,10,True,600.0,[],0,120,2187.014716,30.0,2948.014716,0.42588312999578193,20.0,2026091644,10,state_search_derived_silence_combined_v1,True,111.0,294.8014716,2948.014716
True,126,True,q3-random-2026091645,02605032e9f944bac32dca2c2d126031893caa5a7110f6eacf87f17ca6e9b38f,1.0,14,True,550.0,[],0,110,2719.993235,42.0,3443.993235,0.47254494798835367,28.0,2026091645,14,state_search_derived_silence_combined_v1,True,104.0,245.9995167857143,3443.993235
True,114,True,q3-random-2026091646,944b37b07d3937cf35677c5e7b299e9f051ff5289837f92558b76587370a9088,1.0,16,True,480.0,[],0,96,2397.333295,48.0,3041.333295,0.5766471310053021,32.0,2026091646,16,state_search_derived_silence_combined_v1,True,84.0,190.0833309375,3041.333295
True,137,True,q3-random-2026091647,1a825b090696cd831f4892f121636982231f9c58879ae0d696c45f8b36b61cb1,1.0,16,True,595.0,[],0,119,2650.534386,48.0,3432.534386,0.6155794800142758,32.0,2026091647,16,state_search_derived_silence_combined_v1,True,107.0,214.533399125,3432.534386
True,124,True,q3-random-2026091648,9a21fd0ce8067d49be3d50ec860337aab807e91e2f4f4af8bea013c44013b761,1.0,15,True,535.0,[],0,107,2364.075682,45.0,3076.075682,0.479873922013212,30.0,2026091648,15,state_search_derived_silence_combined_v1,True,102.0,205.07171213333334,3076.075682
True,132,True,q3-random-2026091649,67831ac5738fe2dc94aef5eca5cc41a13378daf00448111dd0dde987dba7a331,1.0,11,True,595.0,[],0,119,2354.334856,33.0,3114.334856,0.40200237499084324,22.0,2026091649,11,state_search_derived_silence_combined_v1,True,110.0,283.12135054545456,3114.334856
True,133,True,q3-random-2026091650,f8953b0515b1703e780dda5f6eaabb822e0c1a93fc8351c8b0d2015e5f7fa635,1.0,14,True,585.0,[],0,117,2465.920699,42.0,3223.920699,0.6246190799865872,28.0,2026091650,14,state_search_derived_silence_combined_v1,True,103.0,230.2800499285714,3223.920699
True,140,True,q3-random-2026091651,e7f3a0df14fd015f7814bafa99a1d937158c0dc5996799538c11114ac6302df4,1.0,12,True,630.0,[],0,126,2483.377873,36.0,3290.377873,0.43610213600913994,24.0,2026091651,12,state_search_derived_silence_combined_v1,True,117.0,274.19815608333334,3290.377873
True,114,True,q3-random-2026091652,9ea5f6fa4e46fe8adace2f7c590ef1c101e3c34cf6dc311d253154b69c2a8c4e,1.0,15,True,485.0,[],0,97,2502.201684,45.0,3152.201684,0.5513313319825102,30.0,2026091652,15,state_search_derived_silence_combined_v1,True,90.0,210.14677893333334,3152.201684
True,121,True,q3-random-2026091653,c91105ac796aeca627365defcac8d2530037c7c51112eac0b61fe2d8aae13383,1.0,15,True,520.0,[],0,104,2529.620234,45.0,3218.620234,0.5864213780150749,30.0,2026091653,15,state_search_derived_silence_combined_v1,True,94.0,214.57468226666666,3218.620234
True,140,True,q3-random-2026091654,b7b09210936a4e4da5a213778b5cf39dde141393733fcf84ca0f48aad9369a83,1.0,10,True,640.0,[],0,128,2497.133378,30.0,3301.133378,0.4707382999768015,20.0,2026091654,10,state_search_derived_silence_combined_v1,True,114.0,330.1133378,3301.133378
True,128,True,q3-random-2026091655,e92d9d817209dce613322217bfade11b7d8c819970af790caf3edda2ab0d353b,1.0,15,True,555.0,[],0,111,2544.508155,45.0,3272.508155,0.5252736229740549,30.0,2026091655,15,state_search_derived_silence_combined_v1,True,98.0,218.16721033333334,3272.508155
True,140,True,q3-random-2026091656,256ee46e3c1e37336b9bbde42c1e29e4e60ce34b3dba3e67d0a029e6e62bb521,1.0,14,True,620.0,[],0,124,2529.712975,42.0,3335.712975,0.45143098098924384,28.0,2026091656,14,state_search_derived_silence_combined_v1,True,116.0,238.2652125,3335.712975
True,125,True,q3-random-2026091657,7b2c179aff249b633c86c215b578008f8bff11e8c56dcb1827b4c9dd6187218e,1.0,16,True,535.0,[],0,107,2711.225456,48.0,3422.225456,0.6321615979832131,32.0,2026091657,16,state_search_derived_silence_combined_v1,True,96.0,213.889091,3422.225456
True,127,True,q3-random-2026091658,7d214272118102cc2f78906587186c4687ffab427cc58b411d608bf5e12ffa6f,1.0,11,True,570.0,[],0,114,2627.428944,33.0,3357.428944,0.46059184698970057,22.0,2026091658,11,state_search_derived_silence_combined_v1,True,105.0,305.2208130909091,3357.428944
True,127,True,q3-random-2026091659,816be8b333ee9ea1428169a70b9433298b8abc1fb076b33e4e466b7afcf35fe8,1.0,14,True,555.0,[],0,111,2620.004542,42.0,3343.004542,0.595377366989851,28.0,2026091659,14,state_search_derived_silence_combined_v1,True,98.0,238.78603871428572,3343.004542
True,122,True,q3-random-2026091660,98f45373faf9b44f40cc081bd14c09abcc0657eaa9d51117514444cf131eddb7,1.0,14,True,530.0,[],0,106,2668.637918,42.0,3367.637918,0.5818856899859384,28.0,2026091660,14,state_search_derived_silence_combined_v1,True,99.0,240.54556557142857,3367.637918
True,131,True,q3-random-2026091661,10b014d914c63cb3e6ae0a66c40b8bbf735ce9b6cbc98c132cc897687a50368f,1.0,15,True,570.0,[],0,114,2039.250109,45.0,2790.250109,0.5218707019812427,30.0,2026091661,15,state_search_derived_silence_combined_v1,True,106.0,186.01667393333335,2790.250109
True,125,True,q3-random-2026091662,77ab83baf471c4e2e5f9d6e1659e73489c2a5375f25460cc8cbf30b310a3b5f6,1.0,13,True,550.0,[],0,110,2400.974069,39.0,3115.974069,0.5236854430113453,26.0,2026091662,13,state_search_derived_silence_combined_v1,True,100.0,239.690313,3115.974069
True,138,True,q3-random-2026091663,7be880c5e51f2d5e3b065dbc979ea5393b5f8ce0fdf3db0c5dfe2b7fdbf7af32,1.0,14,True,610.0,[],0,122,2533.520918,42.0,3320.520918,0.45112834000610746,28.0,2026091663,14,state_search_derived_silence_combined_v1,True,107.0,237.18006557142857,3320.520918
True,131,True,q3-random-2026091664,023b148c23810ed4d4196f680c0b0da73f0bceb874d50c7d2ec4174d0f07cfe9,1.0,10,True,595.0,[],0,119,2412.165,30.0,3168.165,0.36411087299347855,20.0,2026091664,10,state_search_derived_silence_combined_v1,True,111.0,316.8165,3168.165
True,124,True,q3-random-2026091665,59f1028ecfb9ea8ba9cb3c9cf5eafcd5b33d4c4b0bba71e2305ba3739cc134a2,1.0,14,True,540.0,[],0,108,2184.372712,42.0,2895.372712,0.52558678900823,28.0,2026091665,14,state_search_derived_silence_combined_v1,True,101.0,206.81233657142857,2895.372712
True,130,True,q3-random-2026091666,6ceb483d4276a377dd92e804ea7952aceceaaf2670b55c0a232a49c4f0187613,1.0,12,True,580.0,[],0,116,2119.90733,36.0,2868.90733,0.46944653999526054,24.0,2026091666,12,state_search_derived_silence_combined_v1,True,109.0,239.07561083333334,2868.90733
True,128,True,q3-random-2026091667,8eebbb411faf8ddbe4fa2bee52556f650eb05dfe1e0a8ada5c76bfda6b039dc5,1.0,15,True,555.0,[],0,111,2276.606971,45.0,3008.606971,0.5863384139956906,30.0,2026091667,15,state_search_derived_silence_combined_v1,True,102.0,200.57379806666668,3008.606971
True,132,True,q3-random-2026091668,cae45830a89d162492e328b6e0a05f9b1265f2ac7b07f4f665882fe7601722de,1.0,12,True,590.0,[],0,118,1863.36833,36.0,2626.36833,0.43767255000420846,24.0,2026091668,12,state_search_derived_silence_combined_v1,True,113.0,218.8640275,2626.36833
True,114,True,q3-random-2026091669,8994d92a0dbd8dd6340b85ff1d5d895520b8fbb32286d487adb96d63ac99e54d,1.0,16,True,480.0,[],0,96,2402.433797,48.0,3048.433797,0.6333586029941216,32.0,2026091669,16,state_search_derived_silence_combined_v1,True,86.0,190.5271123125,3048.433797
True,115,True,q3-random-2026091670,b2a749d141a48c366eb82d5b2ab6cb53e646a570473d73de8798ab25e1cd7714,1.0,13,True,500.0,[],0,100,2142.917755,39.0,2800.917755,0.5254796099907253,26.0,2026091670,13,state_search_derived_silence_combined_v1,True,93.0,215.45521192307692,2800.917755
True,127,True,q3-random-2026091671,9bb2dbad85a542e4c5b2833e7c12d7c2b5bceec78c18e3f86012787296ee5c10,1.0,13,True,560.0,[],0,112,2246.352243,39.0,2974.352243,0.43333846202585846,26.0,2026091671,13,state_search_derived_silence_combined_v1,True,103.0,228.79632638461538,2974.352243
True,127,True,q3-random-2026091672,51826995019944f339e99a10b281426fd1492e7cc912c5de124afca0f64f60ac,1.0,14,True,555.0,[],0,111,2306.409175,42.0,3034.409175,0.5223054859961849,28.0,2026091672,14,state_search_derived_silence_combined_v1,True,103.0,216.74351249999998,3034.409175
True,141,True,q3-random-2026091673,077f19b748a374af13c54b68bc8ce26f3f353580c00d65d4aff630234a153d14,1.0,15,True,620.0,[],0,124,2341.579902,45.0,3150.579902,0.45139240598655306,30.0,2026091673,15,state_search_derived_silence_combined_v1,True,114.0,210.03866013333334,3150.579902
True,134,True,q3-random-2026091674,ba8175cea17d7ed2b794da78e300f0cee9c3a5e1aef21f2ce93008dbc567cb63,1.0,13,True,595.0,[],0,119,2220.651014,39.0,2992.651014,0.48355717401136644,26.0,2026091674,13,state_search_derived_silence_combined_v1,True,112.0,230.20392415384615,2992.651014
True,133,True,q3-random-2026091675,3882416631239e99e36b9ecb4ff39216f740c12f8096ef30dd6ca63f35426eeb,1.0,13,True,590.0,[],0,118,2314.051496,39.0,3080.051496,0.43485215699183755,26.0,2026091675,13,state_search_derived_silence_combined_v1,True,111.0,236.92703815384615,3080.051496
True,132,True,q3-random-2026091676,6828cca9e691b3b6294c3d407dbc63c263c8db775f121031b6ae490db974d706,1.0,13,True,585.0,[],0,117,2248.881762,39.0,3008.881762,0.4597458330099471,26.0,2026091676,13,state_search_derived_silence_combined_v1,True,110.0,231.45244323076923,3008.881762
True,135,True,q3-random-2026091677,02be90a17ec62f4d0ef576f4633450c3e5e6fa229a4563b61992b6ede5c23f86,1.0,12,True,605.0,[],0,121,2046.621208,36.0,2824.621208,0.37467607599683106,24.0,2026091677,12,state_search_derived_silence_combined_v1,True,113.0,235.38510066666666,2824.621208
True,115,True,q3-random-2026091678,835f95aa411ff7a3b3c0dd0f0d2c02c5feea7482f8cb69604b839a7acec1f7dc,1.0,16,True,485.0,[],0,97,2384.262956,48.0,3038.262956,0.6891026509983931,32.0,2026091678,16,state_search_derived_silence_combined_v1,True,89.0,189.89143475,3038.262956
True,134,True,q3-random-2026091679,e3d1f67b755bc89626186cd19e223f8e7a047f95ed41f55bde711466e14bd0cf,1.0,12,True,600.0,[],0,120,2471.704871,36.0,3240.704871,0.5091149370127823,24.0,2026091679,12,state_search_derived_silence_combined_v1,True,109.0,270.05873925,3240.704871
True,131,True,q3-random-2026091680,26ecbb65a215ca1182e2575b87b134d4e9c6fd5d3f9c3c86fa7c1a1dff58e0a8,1.0,10,True,595.0,[],0,119,2092.084803,30.0,2850.084803,0.3206092610198539,20.0,2026091680,10,state_search_derived_silence_combined_v1,True,113.0,285.00848030000003,2850.084803
True,139,True,q3-random-2026091681,71e429f3b4155889ac5a5e955ff6a308b6564552d85e453807e9c965b00b6e8b,1.0,13,True,620.0,[],0,124,2612.384299,39.0,3411.384299,0.44005073999869637,26.0,2026091681,13,state_search_derived_silence_combined_v1,True,114.0,262.41417684615385,3411.384299
True,125,True,q3-random-2026091682,2bc56b322b5f8c2884591bf4a6011b1d8caca2b7de0637e3eab82a922f2550eb,1.0,16,True,535.0,[],0,107,2296.992423,48.0,3007.992423,0.5743860999937169,32.0,2026091682,16,state_search_derived_silence_combined_v1,True,96.0,187.9995264375,3007.992423
True,135,True,q3-random-2026091683,ceae6b2eef536eaf99683923029fa30a4252ff330aeab023fb081dc7fdfe9e2a,1.0,11,True,610.0,[],0,122,2289.882641,33.0,3065.882641,0.4621657000097912,22.0,2026091683,11,state_search_derived_silence_combined_v1,True,111.0,278.71660372727274,3065.882641
True,133,True,q3-random-2026091684,8af9b3441e28da5a333269514502e1136bfb7d9d0d5ed63e9df46acd06bca13c,1.0,16,True,575.0,[],0,115,2553.532572,48.0,3310.532572,0.498600171005819,32.0,2026091684,16,state_search_derived_silence_combined_v1,True,102.0,206.90828575,3310.532572
True,132,True,q3-random-2026091685,f702ad864dffa10367b3b2c936f87eb596e37da89a06d43408f44201de628c7c,1.0,12,True,590.0,[],0,118,2318.444704,36.0,3076.444704,0.4462844399968162,24.0,2026091685,12,state_search_derived_silence_combined_v1,True,108.0,256.370392,3076.444704
True,127,True,q3-random-2026091686,e07a9ab5b3d4df31aded1e017cccf882cc7e5ca65a7b0b73f35ef1dee9cd4084,1.0,10,True,575.0,[],0,115,2133.833701,30.0,2864.833701,0.3813487459847238,20.0,2026091686,10,state_search_derived_silence_combined_v1,True,106.0,286.4833701,2864.833701
True,135,True,q3-random-2026091687,cf486bf9723fdf7eccdcac9e03a82b975615b21802aaae22bb7dd5d77e960a32,1.0,12,True,605.0,[],0,121,2743.821548,36.0,3514.821548,0.5175931709818542,24.0,2026091687,12,state_search_derived_silence_combined_v1,True,106.0,292.90179566666666,3514.821548
True,135,True,q3-random-2026091688,f67d3860d57e150e60c94e024a1ad1079b376d51df664734ff5280250fce212b,1.0,11,True,610.0,[],0,122,2103.070299,33.0,2882.070299,0.482602478004992,22.0,2026091688,11,state_search_derived_silence_combined_v1,True,114.0,262.00639081818184,2882.070299
True,130,True,q3-random-2026091689,438c39c377ffe601cec6a27b0911eac408b0390a5dbf8aebe7d34f076ad18729,1.0,13,True,575.0,[],0,115,2287.830366,39.0,3034.830366,0.4986447269911878,26.0,2026091689,13,state_search_derived_silence_combined_v1,True,107.0,233.4484896923077,3034.830366
True,125,True,q3-random-2026091690,7979a150d557678457d8f82b275c56e5a45cb70f856c8db03635673608f8f601,1.0,12,True,555.0,[],0,111,2233.515841,36.0,2950.515841,0.49728255698573776,24.0,2026091690,12,state_search_derived_silence_combined_v1,True,102.0,245.87632008333333,2950.515841
True,134,True,q3-random-2026091691,30b9a7821cea8a42ab570eb5f1b1ac8352043926449c0c26eea89653f0e3bf95,1.0,13,True,595.0,[],0,119,2094.17068,39.0,2861.17068,0.4799836919992231,26.0,2026091691,13,state_search_derived_silence_combined_v1,True,107.0,220.09005230769233,2861.17068
True,133,True,q3-random-2026091692,2621cd3447c292eb6ca8178536af6079a382372f834b231ad4438399f06a78e9,1.0,12,True,595.0,[],0,119,2079.060673,36.0,2845.060673,0.42993469297653064,24.0,2026091692,12,state_search_derived_silence_combined_v1,True,111.0,237.08838941666667,2845.060673
True,129,True,q3-random-2026091693,d82a426f07d25d177873de5d880862256db3ce05a2d87c35af8b16f2d78a98a3,1.0,11,True,580.0,[],0,116,2231.640503,33.0,2974.640503,0.4165018090279773,22.0,2026091693,11,state_search_derived_silence_combined_v1,True,108.0,270.4218639090909,2974.640503
True,130,True,q3-random-2026091694,121fdebd355de5d79f2da489ce46b31be72fdf781c5531fc150ec3d6fb583584,1.0,13,True,575.0,[],0,115,2527.366814,39.0,3269.366814,0.597007353004301,26.0,2026091694,13,state_search_derived_silence_combined_v1,True,102.0,251.48975492307693,3269.366814
True,121,True,q3-random-2026091695,96e65d4ba43c26f01189f0a12d360beb47ee4c4cbad94490ea2fdb25bffd82d7,1.0,14,True,525.0,[],0,105,2631.987665,42.0,3322.987665,0.5942616070096847,28.0,2026091695,14,state_search_derived_silence_combined_v1,True,96.0,237.35626178571428,3322.987665
True,130,True,q3-random-2026091696,eb05076776ff58628edcd710bae0a3b79e2bde80ae3211982db895ad483fa323,1.0,12,True,580.0,[],0,116,1899.593284,36.0,2649.593284,0.47362003597663715,24.0,2026091696,12,state_search_derived_silence_combined_v1,True,110.0,220.79944033333334,2649.593284
True,119,True,q3-random-2026091697,75884d239d12e58a960ef46ff3f60c17df952c3057f993b0b6c06478decdd28f,1.0,14,True,515.0,[],0,103,2146.695114,42.0,2824.695114,0.5724945850088261,28.0,2026091697,14,state_search_derived_silence_combined_v1,True,93.0,201.76393671428573,2824.695114
True,109,True,q3-random-2026091698,d5a1769232ef01a52519099d8564621ce0bdff5507703e74be69b4385625cdbf,1.0,16,True,455.0,[],0,91,2262.296997,48.0,2878.296997,0.4855949640041217,32.0,2026091698,16,state_search_derived_silence_combined_v1,True,81.0,179.8935623125,2878.296997
True,132,True,q3-random-2026091699,a616ef0b88c8b3e4ea1a2982b69b1d4134685e7e56ee33c25f979abd0e1bb1db,1.0,12,True,590.0,[],0,118,2357.669216,36.0,3115.669216,0.46701564799877815,24.0,2026091699,12,state_search_derived_silence_combined_v1,True,108.0,259.6391013333333,3115.669216
True,132,True,q3-random-2026091700,045d84a34059489d073b16c3be4d8b96379c6b8c4d0564eb769a34cf8f1a2d8e,1.0,13,True,585.0,[],0,117,2486.940865,39.0,3243.940865,0.4729794099985156,26.0,2026091700,13,state_search_derived_silence_combined_v1,True,107.0,249.5339126923077,3243.940865
True,130,True,q3-random-2026091701,35672643b8fbaf70d5edc770384dc8d441e38ea493cb5e8d1f7a26897b46e016,1.0,10,True,590.0,[],0,118,2036.50774,30.0,2787.50774,0.46355695999227464,20.0,2026091701,10,state_search_derived_silence_combined_v1,True,111.0,278.750774,2787.50774
True,124,True,q3-random-2026091702,c7df0b3c6af0e8123fc3dcf5894364bd95cef7b97557719006089cd0de010dee,1.0,16,True,530.0,[],0,106,2186.04743,48.0,2889.04743,0.5833651889988687,32.0,2026091702,16,state_search_derived_silence_combined_v1,True,93.0,180.565464375,2889.04743
True,134,True,q3-random-2026091703,2c94fac4095204c96a1507cb5f7a012db42eb86a05b292f3a160f9e649eeb1d9,1.0,13,True,595.0,[],0,119,2116.533068,39.0,2886.533068,0.4659213080012705,26.0,2026091703,13,state_search_derived_silence_combined_v1,True,110.0,222.04100523076926,2886.533068
True,134,True,q3-random-2026091704,6d2733885a15264e5d161c37f65c94542857a8df0fd4547350ad88c88a339450,1.0,10,True,610.0,[],0,122,2025.008127,30.0,2799.008127,0.39974204800091684,20.0,2026091704,10,state_search_derived_silence_combined_v1,True,114.0,279.9008127,2799.008127
True,130,True,q3-random-2026091705,283e67165f0c588b1c0228b7624ca127a4e45863013282ed436407273b32e853,1.0,15,True,565.0,[],0,113,2652.962375,45.0,3395.962375,0.49197133601410314,30.0,2026091705,15,state_search_derived_silence_combined_v1,True,103.0,226.39749166666667,3395.962375
True,129,True,q3-random-2026091706,0cd73b053e66c9dac8b772d4d8e219dbb98becbe773077439612a11b8cbdec80,1.0,16,True,555.0,[],0,111,2728.859685,48.0,3460.859685,0.6019099809927866,32.0,2026091706,16,state_search_derived_silence_combined_v1,True,97.0,216.3037303125,3460.859685
True,135,True,q3-random-2026091707,b98f8802a51625eea3b229545b0f980b7e57af66926350a317b0c12a5f5d9143,1.0,10,True,615.0,[],0,123,2112.645093,30.0,2889.645093,0.3769662539998535,20.0,2026091707,10,state_search_derived_silence_combined_v1,True,112.0,288.96450930000003,2889.645093
True,125,True,q3-random-2026091708,23b83a118c1ddac4cf6b8edb27de5569e2c5456e8326a0572b79f67cd4f9de7b,1.0,13,True,550.0,[],0,110,2349.240357,39.0,3065.240357,0.4970598369836807,26.0,2026091708,13,state_search_derived_silence_combined_v1,True,101.0,235.7877197692308,3065.240357
True,128,True,q3-random-2026091709,df4495eb9cba0dee690d886bbd1dc95c2de5c9e1c1df21039c68a8a23e53fc96,1.0,14,True,560.0,[],0,112,2699.555083,42.0,3431.555083,0.5425153420073912,28.0,2026091709,14,state_search_derived_silence_combined_v1,True,102.0,245.11107735714288,3431.555083
True,135,True,q3-random-2026091710,4c48119568802710def776da495d107e178d714c265ab986d855a4f22fe12100,1.0,16,True,585.0,[],0,117,2642.890706,48.0,3411.890706,0.657858138991287,32.0,2026091710,16,state_search_derived_silence_combined_v1,True,104.0,213.243169125,3411.890706
True,121,True,q3-random-2026091711,da469432376577bdb78a273dfd0e6a2f31a47505742ad3acb4b6f270a40bedab,1.0,16,True,515.0,[],0,103,2044.056601,48.0,2733.056601,0.5495590289938264,32.0,2026091711,16,state_search_derived_silence_combined_v1,True,94.0,170.8160375625,2733.056601
True,126,True,q3-random-2026091712,3409078d4a566eeff44cb5acebc4860c5c28d5b06043ea892da01dc22b162456,1.0,14,True,550.0,[],0,110,2397.838827,42.0,3117.838827,0.4851198490068782,28.0,2026091712,14,state_search_derived_silence_combined_v1,True,100.0,222.70277335714286,3117.838827
True,114,True,q3-random-2026091713,8da8215ca951bfedd8627c3b14743cef040ecdc9141339e6d8a0b3eba904ed8d,1.0,14,True,490.0,[],0,98,2526.224624,42.0,3177.224624,0.45857795802294277,28.0,2026091713,14,state_search_derived_silence_combined_v1,True,91.0,226.944616,3177.224624
True,131,True,q3-random-2026091714,ea3c519fb24b5ed5c5bda53ede9b6d0c2d677173daf456aeff2c4fbfe2455be0,1.0,14,True,575.0,[],0,115,2497.262609,42.0,3246.262609,0.6020988870004658,28.0,2026091714,14,state_search_derived_silence_combined_v1,True,104.0,231.87590064285715,3246.262609
True,124,True,q3-random-2026091715,38f976eace5b08d7ad3e624dd7a94b6697c3624bd7e10441c908824cc92020e0,1.0,15,True,535.0,[],0,107,2354.319874,45.0,3060.319874,0.5020521699916571,30.0,2026091715,15,state_search_derived_silence_combined_v1,True,96.0,204.02132493333332,3060.319874
True,129,True,q3-random-2026091716,e7b84b215a04a5a76a012ba3adff539f1173a6d247b95f477ab7cd2b8269db9b,1.0,13,True,570.0,[],0,114,2207.63592,39.0,2946.63592,0.513887529989006,26.0,2026091716,13,state_search_derived_silence_combined_v1,True,104.0,226.66430153846156,2946.63592
True,133,True,q3-random-2026091717,f3c9da608053652073284c6ea154036f4e754b26f2ac95c758162dd70192ada9,1.0,16,True,575.0,[],0,115,2524.260342,48.0,3286.260342,0.579550549009582,32.0,2026091717,16,state_search_derived_silence_combined_v1,True,107.0,205.391271375,3286.260342
True,130,True,q3-random-2026091718,5e32b88092ba7294c830ef6bd31d486713416b07c31b4a870447241c114ca8de,1.0,13,True,575.0,[],0,115,2169.655863,39.0,2916.655863,0.5014276040019467,26.0,2026091718,13,state_search_derived_silence_combined_v1,True,107.0,224.3581433076923,2916.655863
True,131,True,q3-random-2026091719,eca75b650a02c407f3cb5eeeaea4356c1d600b85523121839bae9a26593d4cda,1.0,15,True,570.0,[],0,114,2573.752932,45.0,3320.752932,0.5623802759801038,30.0,2026091719,15,state_search_derived_silence_combined_v1,True,102.0,221.3835288,3320.752932
True,138,True,q3-random-2026091720,0df19ade3c48c809282a0b529c8124f8b2e6252dfd0fe6be168f3de840101959,1.0,14,True,610.0,[],0,122,2084.286765,42.0,2877.286765,0.5385867980076,28.0,2026091720,14,state_search_derived_silence_combined_v1,True,113.0,205.5204832142857,2877.286765
True,133,True,q3-random-2026091721,58c745d3b91008b9dfc4ace08bb812f5660c61fa40ec65a5481f7afd6c4da9d7,1.0,10,True,605.0,[],0,121,1958.131129,30.0,2723.131129,0.44572205300210044,20.0,2026091721,10,state_search_derived_silence_combined_v1,True,110.0,272.31311289999996,2723.131129
True,131,True,q3-random-2026091722,5ee2ab476299498abfc843beddf73b7545dfad9c745d73e4d76b1eaf4ce25359,1.0,10,True,595.0,[],0,119,2021.068252,30.0,2776.068252,0.3678947070147842,20.0,2026091722,10,state_search_derived_silence_combined_v1,True,110.0,277.6068252,2776.068252
True,128,True,q3-random-2026091723,9b12914edf04eb5f81486f1996ab85b282c008e5aa103e59ba440394bc301ec6,1.0,16,True,550.0,[],0,110,2202.280434,48.0,2934.280434,0.546752872003708,32.0,2026091723,16,state_search_derived_silence_combined_v1,True,102.0,183.392527125,2934.280434
True,133,True,q3-random-2026091724,8e30f89bd4a42df2a80ebec16796732270a468dd006c068036ef92450eba675a,1.0,11,True,600.0,[],0,120,2381.857774,33.0,3146.857774,0.3950277840194758,22.0,2026091724,11,state_search_derived_silence_combined_v1,True,110.0,286.07797945454547,3146.857774
True,134,True,q3-random-2026091725,0dc4ad5e8b349e86644bcf1f8ff71cd8a1e057928e21e65383e230ba24f9627e,1.0,14,True,590.0,[],0,118,2451.671568,42.0,3221.671568,0.5357322889904026,28.0,2026091725,14,state_search_derived_silence_combined_v1,True,110.0,230.11939771428572,3221.671568
True,133,True,q3-random-2026091726,d351826e1c83b33f8d77e7bdb35ac922297c7491f40b9e8bcad1bf1ca60f0380,1.0,14,True,585.0,[],0,117,2188.726191,42.0,2950.726191,0.47339678698335774,28.0,2026091726,14,state_search_derived_silence_combined_v1,True,107.0,210.76615650000002,2950.726191
True,127,True,q3-random-2026091727,b235e15809b68ebbb340d5bee79adc18db6e2ca0168e45d4985e0e506934098f,1.0,12,True,565.0,[],0,113,2424.111129,36.0,3151.111129,0.472918387997197,24.0,2026091727,12,state_search_derived_silence_combined_v1,True,102.0,262.5925940833333,3151.111129
True,131,True,q3-random-2026091728,0bffc8afee83bf603eed1591744c7110d99979c7b38f07d56544c415b264ff81,1.0,10,True,595.0,[],0,119,2146.127316,30.0,2905.127316,0.3936505370074883,20.0,2026091728,10,state_search_derived_silence_combined_v1,True,114.0,290.5127316,2905.127316
True,121,True,q3-random-2026091729,0fc0b350b03fc3da57e830511e939bedbc69113ef7e3d0c4a568a34b62678c29,1.0,14,True,525.0,[],0,105,2009.290366,42.0,2699.290366,0.5286127979925368,28.0,2026091729,14,state_search_derived_silence_combined_v1,True,95.0,192.80645471428574,2699.290366
True,125,True,q3-random-2026091730,72ce7dcacb69a780c5499df03c427fc4dd65dd277ad34565e860c3bd444f6315,1.0,14,True,545.0,[],0,109,2160.093652,42.0,2875.093652,0.5156776150106452,28.0,2026091730,14,state_search_derived_silence_combined_v1,True,100.0,205.3638322857143,2875.093652
True,131,True,q3-random-2026091731,0a37dd5cd43526e38119b953c43ba2fd3f02806d10cb2be12b6f9d229360414a,1.0,15,True,570.0,[],0,114,2806.788744,45.0,3555.788744,0.7359911570092663,30.0,2026091731,15,state_search_derived_silence_combined_v1,True,104.0,237.05258293333333,3555.788744
True,129,True,q3-random-2026091732,58896324a9a8ff57bf952bff7dd83f530e3e6ddc460ca1aff75343de28130130,1.0,11,True,580.0,[],0,116,2185.550875,33.0,2929.550875,0.39139490999514237,22.0,2026091732,11,state_search_derived_silence_combined_v1,True,109.0,266.3228068181818,2929.550875
True,131,True,q3-random-2026091733,1005896a8df252ab6975ec9a6a5c3de814106d0a968e427b7a68f9d027c2ce12,1.0,16,True,565.0,[],0,113,2374.824715,48.0,3120.824715,0.6634964419936296,32.0,2026091733,16,state_search_derived_silence_combined_v1,True,101.0,195.0515446875,3120.824715
True,127,True,q3-random-2026091734,f171c0b92b8639687913129eaaef44b51871e51b6d2639ecacc0e9daae14d131,1.0,10,True,575.0,[],0,115,2378.540287,30.0,3109.540287,0.39537865898455493,20.0,2026091734,10,state_search_derived_silence_combined_v1,True,106.0,310.9540287,3109.540287
True,137,True,q3-random-2026091735,341c072244cbe06f6683c299ffef61ecd0e6c8b2a5377eadfac6228063d868b8,1.0,13,True,610.0,[],0,122,2452.662636,39.0,3239.662636,0.6023020810098387,26.0,2026091735,13,state_search_derived_silence_combined_v1,True,112.0,249.20481815384616,3239.662636
True,127,True,q3-random-2026091736,baa7ef29d9ee707d42659be2e4bb2f8ddbaf8019722586121feeb98b11809b24,1.0,11,True,570.0,[],0,114,1999.25881,33.0,2730.25881,0.3672288420202676,22.0,2026091736,11,state_search_derived_silence_combined_v1,True,106.0,248.20534636363635,2730.25881
True,132,True,q3-random-2026091737,985e02a4e0cad031f51e679ae3d6fb759b1055362c0c7c335c35037e80c6f68a,1.0,14,True,580.0,[],0,116,2312.966237,42.0,3071.966237,0.6238951760169584,28.0,2026091737,14,state_search_derived_silence_combined_v1,True,109.0,219.4261597857143,3071.966237
True,141,True,q3-random-2026091738,d7ef3ede25da8832e713954fc93117492ca077b28cfbabeb67020fe3b03adc1e,1.0,11,True,640.0,[],0,128,2209.779925,33.0,3020.779925,0.3333657740149647,22.0,2026091738,11,state_search_derived_silence_combined_v1,True,116.0,274.6163568181818,3020.779925
True,124,True,q3-random-2026091739,1ccbed077184b3f17f21692ccc6daa7d549a8ae346dd85052e599f5310882946,1.0,13,True,545.0,[],0,109,2079.68676,39.0,2793.68676,0.504244326002663,26.0,2026091739,13,state_search_derived_silence_combined_v1,True,104.0,214.89898153846156,2793.68676
True,124,True,q3-random-2026091740,b5c51186e93629a7d30373e4cbb859dfd32fb722619506590ed8da8c74e403cc,1.0,13,True,545.0,[],0,109,2547.123559,39.0,3256.123559,0.5519830230041407,26.0,2026091740,13,state_search_derived_silence_combined_v1,True,99.0,250.471043,3256.123559
True,122,True,q3-random-2026091741,d39d6c604f85bc67078af021c09664721f5d155f06662320a07ec690ecaea87b,1.0,14,True,530.0,[],0,106,2283.901652,42.0,2981.901652,0.538667455984978,28.0,2026091741,14,state_search_derived_silence_combined_v1,True,98.0,212.99297514285715,2981.901652
True,124,True,q3-random-2026091742,09bcb46b187f1092918c38ea6d1aa0e3ba89247123b8adaeaed82bbc94edbaa9,1.0,13,True,545.0,[],0,109,2488.32455,39.0,3197.32455,0.5325095489970408,26.0,2026091742,13,state_search_derived_silence_combined_v1,True,99.0,245.9480423076923,3197.32455
True,131,True,q3-random-2026091743,5daf3e5cc613a43afcd7ad9e5e8a035ebc905b5d33dbd3a2d5e8aee6b3b30d69,1.0,11,True,590.0,[],0,118,2359.061662,33.0,3111.061662,0.37617549300193787,22.0,2026091743,11,state_search_derived_silence_combined_v1,True,107.0,282.8237874545455,3111.061662
True,127,True,q3-random-2026091744,022f0ae29023b9d2e7a46664f5e6e09aa5aecc11159b22fd59e5e1599b4746e9,1.0,15,True,550.0,[],0,110,2501.808185,45.0,3227.808185,0.5722891190089285,30.0,2026091744,15,state_search_derived_silence_combined_v1,True,101.0,215.18721233333332,3227.808185
True,133,True,q3-random-2026091745,42f3b5dc36b723dd2105bef34cf5db4a53f2c968245796ab6f20a58cd914bc0d,1.0,14,True,585.0,[],0,117,2376.411127,42.0,3138.411127,0.5816771059762686,28.0,2026091745,14,state_search_derived_silence_combined_v1,True,107.0,224.17222335714285,3138.411127
True,132,True,q3-random-2026091746,8d327e2ba0225d4fd49206ac713ab150142872763a4ec525baccd74dec641123,1.0,11,True,595.0,[],0,119,2382.950198,33.0,3140.950198,0.43126665402087383,22.0,2026091746,11,state_search_derived_silence_combined_v1,True,108.0,285.54092709090907,3140.950198
True,122,True,q3-random-2026091747,623be642e16b63900c7fe1cfaee3b74307eb3d201b32a23df09bb82bee6e42e0,1.0,13,True,535.0,[],0,107,2116.37012,39.0,2814.37012,0.40775469201616943,26.0,2026091747,13,state_search_derived_silence_combined_v1,True,98.0,216.49000923076923,2814.37012
True,123,True,q3-random-2026091748,4f0287ed1fe5657dc33584ea1966f0377e240614857e1477323b4c22a59d6499,1.0,14,True,535.0,[],0,107,2181.418681,42.0,2882.418681,0.5692581479961518,28.0,2026091748,14,state_search_derived_silence_combined_v1,True,96.0,205.88704864285714,2882.418681
True,132,True,q3-random-2026091749,1d6af4f3f72f5e521e16e1b381b2fde96647ffb31607ae07f0ab16815b82cca4,1.0,14,True,580.0,[],0,116,2561.645794,42.0,3313.645794,0.47365040399017744,28.0,2026091749,14,state_search_derived_silence_combined_v1,True,102.0,236.6889852857143,3313.645794
True,135,True,q3-random-2026091750,6fb62ca551c019197c90bf35eb1a4ce7918a18ba94bdc7492676919d1c242c20,1.0,15,True,590.0,[],0,118,2461.829146,45.0,3233.829146,0.5804065490083303,30.0,2026091750,15,state_search_derived_silence_combined_v1,True,107.0,215.58860973333333,3233.829146
True,136,True,q3-random-2026091751,f395306d6b194a7799894354f1aa3406209bf651830ecc4fea553506811ce3c2,1.0,14,True,600.0,[],0,120,2528.201058,42.0,3302.201058,0.5697211520164274,28.0,2026091751,14,state_search_derived_silence_combined_v1,True,104.0,235.87150414285716,3302.201058
True,122,True,q3-random-2026091752,df24db9194dba485a3f40783b88efb41610e651329d2cb754002ea9357ca562f,1.0,16,True,520.0,[],0,104,2509.196706,48.0,3196.196706,0.5871632150083315,32.0,2026091752,16,state_search_derived_silence_combined_v1,True,87.0,199.762294125,3196.196706
True,134,True,q3-random-2026091753,b08ee1bfdd6c8a9c96795d251029378ab5c3f972f1d4ba56451dacdc58e4c689,1.0,11,True,605.0,[],0,121,2426.375672,33.0,3193.375672,0.45385578100103885,22.0,2026091753,11,state_search_derived_silence_combined_v1,True,107.0,290.30687927272726,3193.375672
True,133,True,q3-random-2026091754,9335a97a36dd6043fbb33075e4f67f20fa39044aa2624f118e1c0cc4abf70cf2,1.0,11,True,600.0,[],0,120,2178.929437,33.0,2942.929437,0.39063811299274676,22.0,2026091754,11,state_search_derived_silence_combined_v1,True,109.0,267.5390397272727,2942.929437
True,143,True,q3-random-2026091755,e567935aebcb43e4030e4b7ab0b52c59699cc8a4e6c6952d3a6a6fa530b16b41,1.0,13,True,640.0,[],0,128,2650.626711,39.0,3470.626711,0.530670932988869,26.0,2026091755,13,state_search_derived_silence_combined_v1,True,115.0,266.97128546153846,3470.626711
True,132,True,q3-random-2026091756,6d63bc5817a6d4c9d84b79bb39bf9742e78d269287af9b2f07a5bb42a49af9fc,1.0,11,True,595.0,[],0,119,2090.754684,33.0,2852.754684,0.41098411902203225,22.0,2026091756,11,state_search_derived_silence_combined_v1,True,112.0,259.3413349090909,2852.754684
True,130,True,q3-random-2026091757,2abbc8e1532cedc96d8b5715becec4b42408744060c1808ba7ab11a61c2704a9,1.0,10,True,590.0,[],0,118,1929.453221,30.0,2680.453221,0.397153083991725,20.0,2026091757,10,state_search_derived_silence_combined_v1,True,111.0,268.0453221,2680.453221
True,130,True,q3-random-2026091758,fa28902766984494077c82298da3b29d04e63b6ae15e4066754aaa9b00b0a360,1.0,15,True,565.0,[],0,113,2543.149259,45.0,3286.149259,0.6583806929993443,30.0,2026091758,15,state_search_derived_silence_combined_v1,True,103.0,219.07661726666666,3286.149259
True,124,True,q3-random-2026091759,7e4f4273148f00ff3a8a01ceecdd438165ce29c2b6ac1c2030e4990ffdc7c9ff,1.0,15,True,535.0,[],0,107,2479.76945,45.0,3184.76945,0.6384242240164895,30.0,2026091759,15,state_search_derived_silence_combined_v1,True,95.0,212.31796333333332,3184.76945
True,133,True,q3-random-2026091760,c1d10ed67c6f9bf5a24b3057cc5fca0a966db5342abb84007c3428c1b741c693,1.0,14,True,585.0,[],0,117,2376.31428,42.0,3141.31428,0.4831521970045287,28.0,2026091760,14,state_search_derived_silence_combined_v1,True,110.0,224.37959142857144,3141.31428
True,131,True,q3-random-2026091761,8934d3cf10101a5784d04bc3f924e8d1254c695e9bac2c36fcac637bba7ee455,1.0,13,True,580.0,[],0,116,2135.163328,39.0,2886.163328,0.4845253670064267,26.0,2026091761,13,state_search_derived_silence_combined_v1,True,106.0,222.0125636923077,2886.163328
True,141,True,q3-random-2026091762,49f52c81cae642baeeb3abe2a21ebd261267614e400b1adfc3072dff99f2a895,1.0,12,True,635.0,[],0,127,2256.495417,36.0,3068.495417,0.33774470299249515,24.0,2026091762,12,state_search_derived_silence_combined_v1,True,117.0,255.70795141666667,3068.495417
True,127,True,q3-random-2026091763,657278b11aad8130c099742728925b53151cea9d790d0a25c9c0cb79231b1fb6,1.0,13,True,560.0,[],0,112,2701.744787,39.0,3429.744787,0.4907271680131089,26.0,2026091763,13,state_search_derived_silence_combined_v1,True,103.0,263.8265220769231,3429.744787
True,134,True,q3-random-2026091764,1d167fa653b79e4090558ef02a7b0aea6ee8e73c5677d2f16aaaae67c9a1c380,1.0,13,True,595.0,[],0,119,2392.121689,39.0,3159.121689,0.5083520220068749,26.0,2026091764,13,state_search_derived_silence_combined_v1,True,107.0,243.0093606923077,3159.121689
True,83,True,q3-random-2026091765,4348fb5669829981519f13c559706d45bd9616e6665d15618f5a44489a1d4a5d,1.0,16,True,325.0,[],0,65,1894.215129,48.0,2353.215129,0.5023526510049123,32.0,2026091765,16,state_search_derived_silence_combined_v1,True,54.0,147.0759455625,2353.215129
True,108,True,q3-random-2026091766,98e35ebf49ed623ee41a7d2d1cf3ec191a0de897ce6f901a93ea64cc83fff02f,1.0,16,True,450.0,[],0,90,2025.836277,48.0,2636.836277,0.4901399170048535,32.0,2026091766,16,state_search_derived_silence_combined_v1,True,81.0,164.8022673125,2636.836277
True,121,True,q3-random-2026091767,043445f935f62ff037af37ca3e85ff816f3e2587cefb5bbc5a092a161253208c,1.0,16,True,515.0,[],0,103,2622.143963,48.0,3307.143963,0.6549534679797944,32.0,2026091767,16,state_search_derived_silence_combined_v1,True,90.0,206.6964976875,3307.143963
True,128,True,q3-random-2026091768,32437dad7315da00cf5996807406bb9f0fb56f24a54bd22e77b5f60b0eb6297b,1.0,14,True,560.0,[],0,112,2247.999727,42.0,2980.999727,0.5228357240266632,28.0,2026091768,14,state_search_derived_silence_combined_v1,True,103.0,212.9285519285714,2980.999727
True,129,True,q3-random-2026091769,8b0dee0c799a81a3a63d8913b72c6c1a2c9fad425a88a717d12f7f07a68789dc,1.0,12,True,575.0,[],0,115,2639.047503,36.0,3379.047503,0.41513681699871086,24.0,2026091769,12,state_search_derived_silence_combined_v1,True,105.0,281.58729191666663,3379.047503
True,102,True,q3-random-2026091770,540bce96015a7e5e4c0eda74724e9db10408c0f9469088cbdac77163770c9c6b,1.0,16,True,420.0,[],0,84,2152.707731,48.0,2723.707731,0.5599811139982194,32.0,2026091770,16,state_search_derived_silence_combined_v1,True,71.0,170.2317331875,2723.707731
True,134,True,q3-random-2026091771,3cc7dc64ac4790eaf37615c9ab5a981e1ff1e39139337ea48e54e7e8d55a83f0,1.0,14,True,590.0,[],0,118,2570.098576,42.0,3337.098576,0.590046691999305,28.0,2026091771,14,state_search_derived_silence_combined_v1,True,107.0,238.364184,3337.098576
True,121,True,q3-random-2026091772,a082ba7855b4d6c84dc35452367fad758ff07ca55900a42c165faa54cc6fa11a,1.0,14,True,525.0,[],0,105,2172.939003,42.0,2864.939003,0.5777177019917872,28.0,2026091772,14,state_search_derived_silence_combined_v1,True,97.0,204.6385002142857,2864.939003
True,118,True,q3-random-2026091773,89edf44857b8bf3ff9027bfe845b35f6c0b1228ad121afbbaad427ee419bbd85,1.0,15,True,505.0,[],0,101,2515.521855,45.0,3185.521855,0.5874716299877036,30.0,2026091773,15,state_search_derived_silence_combined_v1,True,90.0,212.36812366666666,3185.521855
True,118,True,q3-random-2026091774,5da13bd1361f388b464839262034b09f8157490d5260435dced5a7d56ca00a14,1.0,16,True,500.0,[],0,100,2050.200444,48.0,2721.200444,0.5646172970009502,32.0,2026091774,16,state_search_derived_silence_combined_v1,True,91.0,170.07502775,2721.200444
True,138,True,q3-random-2026091775,faec3f3af26ac856382550e8b721f8e826cebe1d88ac1bd8e3dd937423529f07,1.0,15,True,605.0,[],0,121,2406.506892,45.0,3196.506892,0.5722297739994247,30.0,2026091775,15,state_search_derived_silence_combined_v1,True,110.0,213.10045946666665,3196.506892
True,131,True,q3-random-2026091776,d2a1b0b072dad1025acf5bc0dd35efb5e5cae93c1cfc6dde10b8605edca4a7f9,1.0,13,True,580.0,[],0,116,2288.363988,39.0,3039.363988,0.4183050599822309,26.0,2026091776,13,state_search_derived_silence_combined_v1,True,106.0,233.79722984615384,3039.363988
True,124,True,q3-random-2026091777,3e0f9a9e091276e66dfb50f4b57b4d092ff65ddd0df57f0476dfeb1f779b6936,1.0,12,True,550.0,[],0,110,2218.128742,36.0,2930.128742,0.5190040589950513,24.0,2026091777,12,state_search_derived_silence_combined_v1,True,102.0,244.17739516666666,2930.128742
True,124,True,q3-random-2026091778,328af8c0bb4b830099f1ed06076e35b6c08d65cc1e4e0876d37a1ad1fbf33d4d,1.0,13,True,545.0,[],0,109,2060.763254,39.0,2770.763254,0.4410280409792904,26.0,2026091778,13,state_search_derived_silence_combined_v1,True,100.0,213.1356349230769,2770.763254
True,118,True,q3-random-2026091779,b8a529d3531c5bf1d3a97c4f4ddcceba6567431731fa5d2f94a906c290d52867,1.0,16,True,500.0,[],0,100,2162.141156,48.0,2830.141156,0.5320474879990797,32.0,2026091779,16,state_search_derived_silence_combined_v1,True,88.0,176.88382225,2830.141156
True,144,True,q3-random-2026091780,80a98b290df030993e8b2c96717586f2534301b07760843995cebb2b92751220,1.0,11,True,655.0,[],0,131,2436.980873,33.0,3263.980873,0.35211806700681336,22.0,2026091780,11,state_search_derived_silence_combined_v1,True,117.0,296.7255339090909,3263.980873
True,123,True,q3-random-2026091781,5558f3baa16cbbe942bac680239d04c84b317d4f2dde0714c0a85514782c588f,1.0,14,True,535.0,[],0,107,2399.807534,42.0,3103.807534,0.5691603979794309,28.0,2026091781,14,state_search_derived_silence_combined_v1,True,99.0,221.70053814285714,3103.807534
True,121,True,q3-random-2026091782,8408dd1a7ff862224122eec8b63625ce19826a53cc975edc5c8130aa1bdf9af3,1.0,15,True,520.0,[],0,104,2387.345397,45.0,3080.345397,0.550431267998647,30.0,2026091782,15,state_search_derived_silence_combined_v1,True,98.0,205.3563598,3080.345397
True,119,True,q3-random-2026091783,2e9d89de77a35a85a7d41d89a033ab806b5a303f1c3058dc6e9e96266490c56d,1.0,14,True,515.0,[],0,103,2347.753544,42.0,3027.753544,0.5113539560115896,28.0,2026091783,14,state_search_derived_silence_combined_v1,True,95.0,216.2681102857143,3027.753544
True,135,True,q3-random-2026091784,4a19ff46fb6576d5598d870541c706b9c294a0cfed67110889cdd5e211b1596d,1.0,10,True,615.0,[],0,123,2186.379229,30.0,2965.379229,0.37797738300287165,20.0,2026091784,10,state_search_derived_silence_combined_v1,True,114.0,296.5379229,2965.379229
True,131,True,q3-random-2026091785,3f4536c2074340532cc78a33b23c07b214918216fa3e3782ba8de7aecaedaa1c,1.0,12,True,585.0,[],0,117,2332.948983,36.0,3083.948983,0.42460389601183124,24.0,2026091785,12,state_search_derived_silence_combined_v1,True,106.0,256.99574858333335,3083.948983
True,133,True,q3-random-2026091786,761fc988436cb7ce37c389d525db5a56be9d4381e3d9ab601619b36a0556768f,1.0,14,True,585.0,[],0,117,2953.392059,42.0,3713.392059,0.5567774079972878,28.0,2026091786,14,state_search_derived_silence_combined_v1,True,105.0,265.24228992857144,3713.392059
True,129,True,q3-random-2026091787,f30d66ffa90148f4183ced25bc82ac601b0bdc770d47d16ccb8b9c145ac57d40,1.0,11,True,580.0,[],0,116,2396.332194,33.0,3135.332194,0.4625887860020157,22.0,2026091787,11,state_search_derived_silence_combined_v1,True,104.0,285.0301994545455,3135.332194
True,135,True,q3-random-2026091788,9cf1f8599e5557032d51091e3978ad2a01819903f281e2c0b21b033bea9c2961,1.0,13,True,600.0,[],0,120,2371.386807,39.0,3145.386807,0.4729422739765141,26.0,2026091788,13,state_search_derived_silence_combined_v1,True,109.0,241.9528313076923,3145.386807
True,134,True,q3-random-2026091789,c38aa8ff7ee38eab1aef91de901465c30d788fc43c4fdda0906cd1e676a30810,1.0,10,True,610.0,[],0,122,2448.019536,30.0,3222.019536,0.39260011102305725,20.0,2026091789,10,state_search_derived_silence_combined_v1,True,114.0,322.20195359999997,3222.019536
True,122,True,q3-random-2026091790,ef80f424c4c5345ef59b962a31eedab393b0350edb683420d696a5b03c37a63d,1.0,15,True,525.0,[],0,105,2531.739242,45.0,3226.739242,0.5201246840006206,30.0,2026091790,15,state_search_derived_silence_combined_v1,True,95.0,215.11594946666668,3226.739242
True,129,True,q3-random-2026091791,6e51d8a98e01c7eaf9c2ee773da1431cecd3a7d04bf049fdb363237df856bcf8,1.0,11,True,580.0,[],0,116,2129.933472,33.0,2873.933472,0.46817073700367473,22.0,2026091791,11,state_search_derived_silence_combined_v1,True,109.0,261.2666792727273,2873.933472
True,130,True,q3-random-2026091792,89fde15b115aadd51239de96baf16cfbfb99ab1abbe4a7e2d216dc5266262106,1.0,10,True,590.0,[],0,118,2190.212304,30.0,2938.212304,0.48562225501518697,20.0,2026091792,10,state_search_derived_silence_combined_v1,True,108.0,293.8212304,2938.212304
True,108,True,q3-random-2026091793,7747f1a7b955896c7797a167280b4950bdc52977b509c2379b93197e9a55744f,1.0,16,True,450.0,[],0,90,2330.572422,48.0,2938.572422,0.5785813379916362,32.0,2026091793,16,state_search_derived_silence_combined_v1,True,78.0,183.660776375,2938.572422
True,128,True,q3-random-2026091794,1621af2f390664806f7a0a5bc26b710d9e8914cae1c937710f37e9e10916b51e,1.0,13,True,565.0,[],0,113,2268.510861,39.0,3000.510861,0.4639216589857824,26.0,2026091794,13,state_search_derived_silence_combined_v1,True,102.0,230.80852776923078,3000.510861
True,128,True,q3-random-2026091795,5f31bd3ae5513b665edf21b95874509735bbb5305e0fb99a66fa59c88722e09e,1.0,11,True,575.0,[],0,115,2147.99096,33.0,2885.99096,0.3736029749852605,22.0,2026091795,11,state_search_derived_silence_combined_v1,True,108.0,262.36281454545457,2885.99096
True,126,True,q3-random-2026091796,ebf468c5d063b8196a407d4be9b94dde84a6b66476ec63db4ef3bccdc0c6a652,1.0,12,True,560.0,[],0,112,2287.863068,36.0,3012.863068,0.4532976030022837,24.0,2026091796,12,state_search_derived_silence_combined_v1,True,105.0,251.07192233333333,3012.863068
True,125,True,q3-random-2026091797,0dc5255206960dcb4cab3b968c4324836ea7c00d89e01e3e9841bab00c268310,1.0,11,True,560.0,[],0,112,2346.101314,33.0,3065.101314,0.5085972230008338,22.0,2026091797,11,state_search_derived_silence_combined_v1,True,104.0,278.645574,3065.101314
True,125,True,q3-random-2026091798,03a3a9b4674a73c4e2b7c9d137f67f29fed36103d3e863e2a9ab6e9f46416b34,1.0,14,True,545.0,[],0,109,2559.781179,42.0,3274.781179,0.5305421100056265,28.0,2026091798,14,state_search_derived_silence_combined_v1,True,100.0,233.91294135714287,3274.781179
True,128,True,q3-random-2026091799,9afd3c923afdcdb827840a5fffe576c6dec73f806e7b32c1b17a6a25fc0695ac,1.0,10,True,580.0,[],0,116,2065.782376,30.0,2804.782376,0.3732033479900565,20.0,2026091799,10,state_search_derived_silence_combined_v1,True,109.0,280.4782376,2804.782376
True,120,True,q3-random-2026091800,0113dcc8e2d0d244e1ed15174e0b3b317223db2b8e56045961a494762f906023,1.0,16,True,510.0,[],0,102,2935.425736,48.0,3614.425736,0.5823593639943283,32.0,2026091800,16,state_search_derived_silence_combined_v1,True,89.0,225.9016085,3614.425736
True,138,True,q3-random-2026091801,1642350fea657d18ccd20bcd7919f661076614e0a62e732de325dc4c7b3a3528,1.0,12,True,620.0,[],0,124,2552.375015,36.0,3342.375015,0.45690131999435835,24.0,2026091801,12,state_search_derived_silence_combined_v1,True,110.0,278.53125125,3342.375015
True,132,True,q3-random-2026091802,bd9ef7bf38f1e2c40da310ee9040c7ec57ebd6e2f8c2643d1ce93def683bdc82,1.0,12,True,590.0,[],0,118,2464.737249,36.0,3222.737249,0.4877111719979439,24.0,2026091802,12,state_search_derived_silence_combined_v1,True,108.0,268.56143741666665,3222.737249
True,133,True,q3-random-2026091803,9746f6e94eaf47267e277ce541ef6d83cf5bb7c728d72bc85d629586c9fbbe5b,1.0,13,True,590.0,[],0,118,2559.118873,39.0,3317.118873,0.5294975279830396,26.0,2026091803,13,state_search_derived_silence_combined_v1,True,103.0,255.16299023076922,3317.118873
True,135,True,q3-random-2026091804,b533d8bd27273756dc09ddddc5eabbadd6984c2f6f5f9c4edf9b12321128c7f0,1.0,11,True,610.0,[],0,122,2116.631761,33.0,2891.631761,0.4253857489966322,22.0,2026091804,11,state_search_derived_silence_combined_v1,True,110.0,262.87561463636365,2891.631761
True,110,True,q3-random-2026091805,b66f0622e5014d4ebaed6e9d217b56eb1baa961f67f7615d5c8b64eb5943fcf5,1.0,16,True,460.0,[],0,92,2493.855603,48.0,3114.855603,0.5618770040164236,32.0,2026091805,16,state_search_derived_silence_combined_v1,True,81.0,194.6784751875,3114.855603
True,133,True,q3-random-2026091806,2a8c1ba0c07186da76b244bf02b6703e2dbd61ecc35ff2b6788291c58deee4b0,1.0,14,True,585.0,[],0,117,2503.60809,42.0,3261.60809,0.43928143198718317,28.0,2026091806,14,state_search_derived_silence_combined_v1,True,103.0,232.97200642857143,3261.60809
True,132,True,q3-random-2026091807,320f7a8903f58859e55932542cf19ffc7eb103747edb76199d31b1d87e29139b,1.0,10,True,600.0,[],0,120,2153.92726,30.0,2915.92726,0.4052254899870604,20.0,2026091807,10,state_search_derived_silence_combined_v1,True,112.0,291.59272599999997,2915.92726
True,132,True,q3-random-2026091808,402a8700e6c38879ba002f2835b64dde9cef70a55c4a59db8bb2c6904f45529a,1.0,10,True,600.0,[],0,120,2179.824297,30.0,2940.824297,0.4034637230215594,20.0,2026091808,10,state_search_derived_silence_combined_v1,True,111.0,294.08242970000003,2940.824297
True,133,True,q3-random-2026091809,fd4a2067a03cdbe6854926922b7e91dec2ce89fbb01bb79c82f1a61a9d4ba7b1,1.0,10,True,605.0,[],0,121,2395.995288,30.0,3161.995288,0.3934090309776366,20.0,2026091809,10,state_search_derived_silence_combined_v1,True,111.0,316.1995288,3161.995288
True,137,True,q3-random-2026091810,c3ffcc6dd68c285702a49ce7100b749e879f26ffc75cdc57ed11c8bf92e21111,1.0,14,True,605.0,[],0,121,2594.765469,42.0,3380.765469,0.6369682720105629,28.0,2026091810,14,state_search_derived_silence_combined_v1,True,111.0,241.48324778571427,3380.765469
True,135,True,q3-random-2026091811,8654329d383a4b50182d6f8ec3ab086aa672993a476b7c0061f9f5cf27a766c1,1.0,12,True,605.0,[],0,121,2027.770668,36.0,2804.770668,0.4563054320169613,24.0,2026091811,12,state_search_derived_silence_combined_v1,True,112.0,233.73088900000002,2804.770668
True,136,True,q3-random-2026091812,60d33ceece92c65d293ee8ddcf17ad82e1e144aeaf7914b47a61b283f776e76b,1.0,10,True,620.0,[],0,124,2154.932081,30.0,2938.932081,0.3994901569967624,20.0,2026091812,10,state_search_derived_silence_combined_v1,True,114.0,293.8932081,2938.932081
True,126,True,q3-random-2026091813,577e4bb39aeebc342aa3a9291a381a0de88f3de22bd77b8b36409a4ed8907cbf,1.0,11,True,565.0,[],0,113,2328.491716,33.0,3052.491716,0.40000499700545333,22.0,2026091813,11,state_search_derived_silence_combined_v1,True,104.0,277.4992469090909,3052.491716
True,131,True,q3-random-2026091814,3772871fdd2850a56f58a7247b5fe8c0dc91a35222d60dad8be5d3d49c10c740,1.0,15,True,570.0,[],0,114,2245.675671,45.0,2996.675671,0.6433430970064364,30.0,2026091814,15,state_search_derived_silence_combined_v1,True,106.0,199.77837806666668,2996.675671
True,126,True,q3-random-2026091815,13714c232e943ef2b62d3bf55ee8da7f1a45a72d1db7e4d4db1e61135d7f6d75,1.0,15,True,545.0,[],0,109,2361.790377,45.0,3080.790377,0.574045904999366,30.0,2026091815,15,state_search_derived_silence_combined_v1,True,99.0,205.38602513333333,3080.790377
True,130,True,q3-random-2026091816,4b723f9fd5bfa0508504362bf37fc4f282cce5eeab06672d8756ded1b91e85e2,1.0,16,True,560.0,[],0,112,2154.687611,48.0,2893.687611,0.5822915569879115,32.0,2026091816,16,state_search_derived_silence_combined_v1,True,99.0,180.8554756875,2893.687611
True,141,True,q3-random-2026091817,93947315d79fcf142c97e929fc5e4db59db81c39ecc235d37a8d026c85ba402d,1.0,11,True,640.0,[],0,128,2281.065234,33.0,3096.065234,0.418138437991729,22.0,2026091817,11,state_search_derived_silence_combined_v1,True,120.0,281.4604758181818,3096.065234
True,137,True,q3-random-2026091818,b2f65c9b35e1261bfc26ec743758a34185ae8e0b1994c828d529b24b7c77670f,1.0,14,True,605.0,[],0,121,2524.705681,42.0,3309.705681,0.6636705519922543,28.0,2026091818,14,state_search_derived_silence_combined_v1,True,110.0,236.40754864285714,3309.705681
True,125,True,q3-random-2026091819,2732e98b3c323c8a7797f2473f8878943686d632bf0580ad25120283c9c6b771,1.0,12,True,555.0,[],0,111,2121.843265,36.0,2842.843265,0.49838784700841643,24.0,2026091819,12,state_search_derived_silence_combined_v1,True,106.0,236.90360541666666,2842.843265
True,127,True,q3-random-2026091820,6e5c221e752edfb8164ee5b2a008f0de2605063b8b3a72236cd7d1fd63644666,1.0,12,True,565.0,[],0,113,2044.443227,36.0,2776.443227,0.4676858420134522,24.0,2026091820,12,state_search_derived_silence_combined_v1,True,107.0,231.37026891666667,2776.443227
True,124,True,q3-random-2026091821,971cea40f73147c817a20ea8f1f258bb248588a1b0287596d3242361ab150b7c,1.0,10,True,560.0,[],0,112,2235.440191,30.0,2950.440191,0.3467394809995312,20.0,2026091821,10,state_search_derived_silence_combined_v1,True,105.0,295.0440191,2950.440191
True,121,True,q3-random-2026091822,1827660dd359363f49a31cc552a7a00fe30ea40ecdb52aacd4f768cdc8bddba9,1.0,15,True,520.0,[],0,104,2444.178392,45.0,3135.178392,0.5510843520169146,30.0,2026091822,15,state_search_derived_silence_combined_v1,True,96.0,209.0118928,3135.178392
True,124,True,q3-random-2026091823,970dd2c02554ae47c68944f5f13dcbcc68a8c1b06cc93a49b458cae5312e919c,1.0,13,True,545.0,[],0,109,2382.702856,39.0,3095.702856,0.5133339139865711,26.0,2026091823,13,state_search_derived_silence_combined_v1,True,103.0,238.13098892307693,3095.702856
True,134,True,q3-random-2026091824,b3a3399136fed8746e440a2cbe1e9dda88dc7495ede902840cd178a2d8ec5942,1.0,13,True,595.0,[],0,119,2268.109562,39.0,3037.109562,0.4624702410073951,26.0,2026091824,13,state_search_derived_silence_combined_v1,True,109.0,233.62381246153848,3037.109562
True,122,True,q3-random-2026091825,45bf9671dc8af5009f58d3fe467c7581efb1c007b9e5c19f93ba8e8fddf6bac4,1.0,13,True,535.0,[],0,107,2352.257745,39.0,3050.257745,0.4562757929961663,26.0,2026091825,13,state_search_derived_silence_combined_v1,True,98.0,234.63521115384614,3050.257745
True,120,True,q3-random-2026091826,2fb26d685f1e53276d905d3f50e644d64352bdf7c2a6eb20e67869b892fdb40e,1.0,13,True,525.0,[],0,105,1890.740596,39.0,2577.740596,0.525876927014906,26.0,2026091826,13,state_search_derived_silence_combined_v1,True,97.0,198.28773815384616,2577.740596
True,136,True,q3-random-2026091827,155a55e86b4ba389f946e2215232c20f602d2a52c7fd9b3c00c0c89d99b9a882,1.0,10,True,620.0,[],0,124,2048.802709,30.0,2834.802709,0.3728871429921128,20.0,2026091827,10,state_search_derived_silence_combined_v1,True,116.0,283.4802709,2834.802709
True,134,True,q3-random-2026091828,29ce5ff9a22237d101bf56e0e8efb7565e930daaf505b0755424b352f19878d2,1.0,11,True,605.0,[],0,121,2303.736241,33.0,3070.736241,0.43063815400819294,22.0,2026091828,11,state_search_derived_silence_combined_v1,True,107.0,279.1578400909091,3070.736241
True,132,True,q3-random-2026091829,1da11eabd2716605e324b4832523dfc5caee5effe9dd1152a2b6ef016b269cda,1.0,15,True,575.0,[],0,115,2448.638269,45.0,3201.638269,0.5987640120147262,30.0,2026091829,15,state_search_derived_silence_combined_v1,True,103.0,213.44255126666667,3201.638269
True,135,True,q3-random-2026091830,b04302f0a4c46b1b508e3ae29ed3474fe764ea118eb0bf7acad9aee0af5ede21,1.0,12,True,605.0,[],0,121,2174.123498,36.0,2952.123498,0.4202314369904343,24.0,2026091830,12,state_search_derived_silence_combined_v1,True,113.0,246.0102915,2952.123498
True,127,True,q3-random-2026091831,9cdc8c9f9c0cf1e67db2ae2e6c696ff56aac9a007463b5409311e1382a20ea5a,1.0,14,True,555.0,[],0,111,2424.813239,42.0,3149.813239,0.538672860013321,28.0,2026091831,14,state_search_derived_silence_combined_v1,True,100.0,224.98665992857144,3149.813239
True,131,True,q3-random-2026091832,9ff47ca1ef37fecb9a26c405bfdf6e3b5e3eab2756b3fb216e8e9d37fa18be20,1.0,13,True,580.0,[],0,116,2218.241845,39.0,2970.241845,0.4800321380025707,26.0,2026091832,13,state_search_derived_silence_combined_v1,True,107.0,228.48014192307693,2970.241845
True,134,True,q3-random-2026091833,190541c0d1cdda739cc97d442f666a6f0d1ff26a0b341bb3bae11f9b6b266f8a,1.0,15,True,585.0,[],0,117,2874.626858,45.0,3639.626858,0.5497035899898037,30.0,2026091833,15,state_search_derived_silence_combined_v1,True,105.0,242.64179053333334,3639.626858
True,136,True,q3-random-2026091834,d9bcac9aad6fe94c5c3bb1f88a1634a867402d5393f2683aba41aa0f50d12a40,1.0,14,True,600.0,[],0,120,2263.708275,42.0,3042.708275,0.48851422598818317,28.0,2026091834,14,state_search_derived_silence_combined_v1,True,109.0,217.33630535714286,3042.708275
True,125,True,q3-random-2026091835,7ccef7a715bf9a3f1ab01beac48f848e5358ffaa03f2702a46241e299298bedf,1.0,13,True,550.0,[],0,110,2107.9246,39.0,2823.9246,0.5388813089812174,26.0,2026091835,13,state_search_derived_silence_combined_v1,True,101.0,217.2249692307692,2823.9246
True,130,True,q3-random-2026091836,4bf9d0fedaeb034ebcc4fc77534f8ef4646f50370eb63c795cac0d8136829614,1.0,13,True,575.0,[],0,115,2488.010925,39.0,3234.010925,0.570750177023001,26.0,2026091836,13,state_search_derived_silence_combined_v1,True,106.0,248.77007115384615,3234.010925
True,128,True,q3-random-2026091837,ae0d58ea1b9f0a2403fd1793fd60b3f91c5ac5f0781fbee0428cbc3c60063713,1.0,13,True,565.0,[],0,113,2475.231241,39.0,3204.231241,0.5295635150105227,26.0,2026091837,13,state_search_derived_silence_combined_v1,True,99.0,246.47932623076923,3204.231241
True,126,True,q3-random-2026091838,368eca73d1ad4e3fd735595725d41f69790970e8bd4c2612fc59cd837ac9ded0,1.0,11,True,565.0,[],0,113,2152.973766,33.0,2878.973766,0.43924700500792824,22.0,2026091838,11,state_search_derived_silence_combined_v1,True,106.0,261.7248878181818,2878.973766
True,129,True,q3-random-2026091839,7dd8b3277b4c73c5f11cf79f24507c416a99baa73d74026edacda9eb75db5642,1.0,10,True,585.0,[],0,117,1974.583398,30.0,2719.583398,0.48329622100573033,20.0,2026091839,10,state_search_derived_silence_combined_v1,True,110.0,271.95833980000003,2719.583398
True,136,True,q3-random-2026091840,bfaf2167c4ad630839443e0d7d79bcc48e33de8e03d8e4f4d8087675d7475080,1.0,11,True,615.0,[],0,123,2402.727383,33.0,3186.727383,0.45047606801381335,22.0,2026091840,11,state_search_derived_silence_combined_v1,True,114.0,289.70248936363635,3186.727383
True,127,True,q3-random-2026091841,c9dbef05d501426dd615a13b12bc52da5786f9a695f6b2ddb66f1772badfc449,1.0,12,True,565.0,[],0,113,2192.309908,36.0,2919.309908,0.47694025898817927,24.0,2026091841,12,state_search_derived_silence_combined_v1,True,102.0,243.2758256666667,2919.309908
True,127,True,q3-random-2026091842,8fb140145a7fa574d42d9bab4bbc0007cd68637758c21e5b921f2747e40bfcc5,1.0,11,True,570.0,[],0,114,2140.021079,33.0,2875.021079,0.4200259619974531,22.0,2026091842,11,state_search_derived_silence_combined_v1,True,110.0,261.36555263636365,2875.021079
True,131,True,q3-random-2026091843,f4d39af41aa4c9cfebf10178f80883cc88717c69c15bc239a00861f303712ab9,1.0,12,True,585.0,[],0,117,2265.86556,36.0,3021.86556,0.38563240799703635,24.0,2026091843,12,state_search_derived_silence_combined_v1,True,111.0,251.82213000000002,3021.86556
True,134,True,q3-random-2026091844,393f66ff2db62aed2916af04c0004fcfbdba5c0c0f4c5caafdefee3e57f9c20b,1.0,10,True,610.0,[],0,122,2469.651856,30.0,3241.651856,0.42674983001779765,20.0,2026091844,10,state_search_derived_silence_combined_v1,True,112.0,324.1651856,3241.651856
True,135,True,q3-random-2026091845,dcb8342b4787678c8630112490d956fb482df89cbc8001ee6acda7f578e4e3bd,1.0,12,True,605.0,[],0,121,2064.074454,36.0,2842.074454,0.43848637302289717,24.0,2026091845,12,state_search_derived_silence_combined_v1,True,113.0,236.83953783333334,2842.074454
True,132,True,q3-random-2026091846,36233c49244fdf6b0ee6c8b256af1c213749b2d67baade144bbb3be2a456cfc7,1.0,10,True,600.0,[],0,120,2215.650239,30.0,2977.650239,0.4419115890050307,20.0,2026091846,10,state_search_derived_silence_combined_v1,True,112.0,297.7650239,2977.650239
True,110,True,q3-random-2026091847,497cca6bac52e034b0116bdf6b5a0fdb7df53df92f577f46976cbd97308866c9,1.0,16,True,460.0,[],0,92,2379.335991,48.0,3002.335991,0.6148794520122465,32.0,2026091847,16,state_search_derived_silence_combined_v1,True,83.0,187.6459994375,3002.335991
True,130,True,q3-random-2026091848,850f3151a8767840920f2edaabd68c995b96130523f86a2e652ac2adec02ec4b,1.0,11,True,585.0,[],0,117,2397.840051,33.0,3144.840051,0.45528270199429244,22.0,2026091848,11,state_search_derived_silence_combined_v1,True,107.0,285.8945500909091,3144.840051
True,131,True,q3-random-2026091849,38953c4f9abd90d2fa659f2209732436223f5c632367577dd50e176b6f01fcbc,1.0,14,True,575.0,[],0,115,2436.883092,42.0,3184.883092,0.5383474270056468,28.0,2026091849,14,state_search_derived_silence_combined_v1,True,103.0,227.49164942857144,3184.883092
True,133,True,q3-random-2026091850,d31edbd5a7387bd01dba125cae89c608050a7d97896ae70bed375984a0894050,1.0,11,True,600.0,[],0,120,2114.712643,33.0,2882.712643,0.326213677006308,22.0,2026091850,11,state_search_derived_silence_combined_v1,True,113.0,262.0647857272727,2882.712643
True,143,True,q3-random-2026091851,b78fe289a592209a4bdb6110f4fd44b53cf86aa548e61a48f25320ca254fb881,1.0,15,True,630.0,[],0,126,2329.362911,45.0,3150.362911,0.5653182080131955,30.0,2026091851,15,state_search_derived_silence_combined_v1,True,116.0,210.02419406666667,3150.362911
True,130,True,q3-random-2026091852,2cd4e4350314db98ad67d983d6645a7d5000cce453b8d095f276768724cfc2a6,1.0,12,True,580.0,[],0,116,2538.529131,36.0,3283.529131,0.4852150829974562,24.0,2026091852,12,state_search_derived_silence_combined_v1,True,105.0,273.6274275833333,3283.529131
True,121,True,q3-random-2026091853,44e2960c855fddd181fad56ed8bde519aa4d1060878d5d0d446e4f917141788f,1.0,16,True,515.0,[],0,103,2555.88025,48.0,3241.88025,0.5337440519942902,32.0,2026091853,16,state_search_derived_silence_combined_v1,True,91.0,202.617515625,3241.88025
True,128,True,q3-random-2026091854,5e756d016d3615e8a0d33ece8ccc6893cbacbe59f381632dc4028a0642a86f12,1.0,10,True,580.0,[],0,116,2190.86679,30.0,2925.86679,0.39685938000911847,20.0,2026091854,10,state_search_derived_silence_combined_v1,True,105.0,292.586679,2925.86679
True,136,True,q3-random-2026091855,0b03b9152c6563a10fa92dbc873cfb96dad3d881c1fc0aaf17731da4631f47b3,1.0,16,True,590.0,[],0,118,2548.59656,48.0,3325.59656,0.5773882729990873,32.0,2026091855,16,state_search_derived_silence_combined_v1,True,107.0,207.849785,3325.59656
True,132,True,q3-random-2026091856,b029898287493888eed180ceaeeb711073388ba0beb1380fdfc3ff8556714b8c,1.0,11,True,595.0,[],0,119,2437.852474,33.0,3195.852474,0.4895300680072978,22.0,2026091856,11,state_search_derived_silence_combined_v1,True,108.0,290.5320430909091,3195.852474
True,131,True,q3-random-2026091857,dece41eae79f801f11ef18ca968722efff0dd294545673c9f24af301a35fa4cf,1.0,16,True,565.0,[],0,113,2575.340888,48.0,3323.340888,0.48805571199045517,32.0,2026091857,16,state_search_derived_silence_combined_v1,True,103.0,207.7088055,3323.340888
True,121,True,q3-random-2026091858,b9cce36f29566ea99c044e62a0060e0b24b3e2b375910955388da028f2d1e3c4,1.0,12,True,535.0,[],0,107,2245.189673,36.0,2944.189673,0.47953901000437327,24.0,2026091858,12,state_search_derived_silence_combined_v1,True,104.0,245.34913941666665,2944.189673
True,128,True,q3-random-2026091859,a5a2a94ffac11eec0bc7c8fa9908fb5a0ad291e342970683aa6d0f8cb9909702,1.0,14,True,560.0,[],0,112,2685.723567,42.0,3414.723567,0.588966093986528,28.0,2026091859,14,state_search_derived_silence_combined_v1,True,99.0,243.9088262142857,3414.723567
True,136,True,q3-random-2026091860,614c95eabf15ea935f4d24f46b12c75524af448985be2f9b14eb77998f49e4b3,1.0,16,True,590.0,[],0,118,2570.580676,48.0,3347.580676,0.5352447899931576,32.0,2026091860,16,state_search_derived_silence_combined_v1,True,107.0,209.22379225,3347.580676
True,128,True,q3-random-2026091861,d8e3014b04a097b943a3cb1dca3c0ea1fa63f5b7ccfd7a111c2dd8eabf54bae6,1.0,14,True,560.0,[],0,112,2367.707183,42.0,3100.707183,0.49585276399739087,28.0,2026091861,14,state_search_derived_silence_combined_v1,True,103.0,221.4790845,3100.707183
True,131,True,q3-random-2026091862,975bd934635aa709680a9da66b84fd43c86a34542e2f4a476a9f658ae47c6878,1.0,13,True,580.0,[],0,116,2665.480539,39.0,3412.480539,0.597904344991548,26.0,2026091862,13,state_search_derived_silence_combined_v1,True,102.0,262.498503,3412.480539
True,125,True,q3-random-2026091863,dc32b89cfdbd4c2a6d6cad5f7e0529667b760a1fefac852863ede93af8931b8d,1.0,13,True,550.0,[],0,110,2363.182413,39.0,3079.182413,0.5375416689785197,26.0,2026091863,13,state_search_derived_silence_combined_v1,True,101.0,236.8601856153846,3079.182413
True,134,True,q3-random-2026091864,c174ad4a1652b27100985a632bd107dcfdb6e910d0d30b063efa271f3479b3ba,1.0,15,True,585.0,[],0,117,2817.513029,45.0,3585.513029,0.5899358259921428,30.0,2026091864,15,state_search_derived_silence_combined_v1,True,108.0,239.03420193333335,3585.513029
True,131,True,q3-random-2026091865,5f72c1ca3a9490fd02a9d40c528368d0d872b78f2340962ca31d18adf7aab027,1.0,15,True,570.0,[],0,114,2411.388609,45.0,3162.388609,0.4997161949868314,30.0,2026091865,15,state_search_derived_silence_combined_v1,True,106.0,210.82590726666666,3162.388609
True,128,True,q3-random-2026091866,deff5f084a901d0040b36e87fe79403129fb0e86311e3d2284c973f440997e5e,1.0,13,True,565.0,[],0,113,1998.688692,39.0,2732.688692,0.5256516029767226,26.0,2026091866,13,state_search_derived_silence_combined_v1,True,104.0,210.20682246153848,2732.688692
True,139,True,q3-random-2026091867,0eb607319dd87b7135ea4e5f5a4a6efde5c75d7d4693a9ce3ab4c528fc76c9c5,1.0,11,True,630.0,[],0,126,1996.842471,33.0,2799.842471,0.4313663649954833,22.0,2026091867,11,state_search_derived_silence_combined_v1,True,118.0,254.53113372727273,2799.842471
True,129,True,q3-random-2026091868,e92a0ff9526c4aabec1d2e32553007dd0cff1ec8f168772926cc8dd3c4042172,1.0,12,True,575.0,[],0,115,2250.321483,36.0,2989.321483,0.42529172301874496,24.0,2026091868,12,state_search_derived_silence_combined_v1,True,104.0,249.11012358333335,2989.321483
True,95,True,q3-random-2026091869,19828232974a009794fa53e853c1d4fbf96b8e77c9970932d1fb9756fefd0b8b,1.0,16,True,385.0,[],0,77,2289.552166,48.0,2825.552166,0.7098111890081782,32.0,2026091869,16,state_search_derived_silence_combined_v1,True,71.0,176.597010375,2825.552166
True,133,True,q3-random-2026091870,c7e14ef062f6f624a078c09adc41b69c0f24d4e17a513ab8fb1032a998de163f,1.0,14,True,585.0,[],0,117,2384.574779,42.0,3147.574779,0.4976865789794829,28.0,2026091870,14,state_search_derived_silence_combined_v1,True,108.0,224.82676992857142,3147.574779
True,130,True,q3-random-2026091871,949a79dfabdf64fdd3a03e6b2387d04de60b781fb5dc35df9e051050839d830e,1.0,14,True,570.0,[],0,114,2253.220549,42.0,2995.220549,0.5506112629955169,28.0,2026091871,14,state_search_derived_silence_combined_v1,True,102.0,213.94432492857143,2995.220549
True,136,True,q3-random-2026091872,4319777d372afd7ee2e78d6786388f6ccb82a4de51f737dc2a34eb285256080e,1.0,12,True,610.0,[],0,122,2281.894708,36.0,3062.894708,0.4330457690230105,24.0,2026091872,12,state_search_derived_silence_combined_v1,True,111.0,255.24122566666665,3062.894708
True,134,True,q3-random-2026091873,3b34677ee1586dc7a00b3019d941449567a2ccbd3ff5c5d5afa6555ff16b1f2e,1.0,11,True,605.0,[],0,121,2237.394873,33.0,3008.394873,0.43221314300899394,22.0,2026091873,11,state_search_derived_silence_combined_v1,True,111.0,273.490443,3008.394873
True,130,True,q3-random-2026091874,0c4140f286486b83d3b56ec9ec38eb6738f4fec6f14733122ff6ee1ed9b19a86,1.0,12,True,580.0,[],0,116,2213.281634,36.0,2962.281634,0.462718330003554,24.0,2026091874,12,state_search_derived_silence_combined_v1,True,109.0,246.85680283333332,2962.281634
True,127,True,q3-random-2026091875,bfa5c098ff9d3acc1d4b39425c120de2a8ff5fc47d6a752b27554cd1bcd14f5f,1.0,12,True,565.0,[],0,113,2250.633043,36.0,2980.633043,0.4667597290244885,24.0,2026091875,12,state_search_derived_silence_combined_v1,True,105.0,248.38608691666664,2980.633043
True,127,True,q3-random-2026091876,0b8671de6351963de961784832f25f7745624096a8b2dfdf6e83bf12f27e6a92,1.0,16,True,545.0,[],0,109,2806.393399,48.0,3527.393399,0.6046277919958811,32.0,2026091876,16,state_search_derived_silence_combined_v1,True,96.0,220.4620874375,3527.393399
True,133,True,q3-random-2026091877,4b31d76e6147a599fe93e51fac767a7ef580fffb07793eb34a7785e4bf6dcdba,1.0,12,True,595.0,[],0,119,1988.869575,36.0,2755.869575,0.45829800999490544,24.0,2026091877,12,state_search_derived_silence_combined_v1,True,112.0,229.65579791666667,2755.869575
True,117,True,q3-random-2026091878,b3bf71294fe1b87f8d3d26aedcd2170bb2e8d2e510e7288ee0006fb6e3d75356,1.0,14,True,505.0,[],0,101,2688.715804,42.0,3352.715804,0.6149960129987448,28.0,2026091878,14,state_search_derived_silence_combined_v1,True,89.0,239.47970028571427,3352.715804
True,129,True,q3-random-2026091879,4c7e6ef30c6111552ed71b5f4657f54ba8b81506907b00feb07ef7b1710f4407,1.0,13,True,570.0,[],0,114,2503.368809,39.0,3242.368809,0.5117613270122092,26.0,2026091879,13,state_search_derived_silence_combined_v1,True,104.0,249.4129853076923,3242.368809
True,137,True,q3-random-2026091880,b130dfa3b370a5f40b89908edd57651938fcc7c8eef1571b056c994171a80cc2,1.0,12,True,615.0,[],0,123,2525.236636,36.0,3313.236636,0.4406199830118567,24.0,2026091880,12,state_search_derived_silence_combined_v1,True,113.0,276.103053,3313.236636
True,129,True,q3-random-2026091881,408c5903fe6d1af10cd2f1f477a13d2342f711b08c535bd9c361d1fa0f2ab936,1.0,14,True,565.0,[],0,113,2436.67952,42.0,3176.67952,0.5844272660033312,28.0,2026091881,14,state_search_derived_silence_combined_v1,True,105.0,226.90568000000002,3176.67952
True,115,True,q3-random-2026091882,e693fece42a9417439a53a1823b0220672552b420b9bd7a258996e75b85688f2,1.0,13,True,500.0,[],0,100,2164.431099,39.0,2824.431099,0.4240723070106469,26.0,2026091882,13,state_search_derived_silence_combined_v1,True,95.0,217.2639306923077,2824.431099
True,135,True,q3-random-2026091883,9961dd2913dd6965835fdcacbc5eae7cc1d523ebce8ec7d9d50b630b0b2981f5,1.0,14,True,595.0,[],0,119,2397.509132,42.0,3168.509132,0.562069434003206,28.0,2026091883,14,state_search_derived_silence_combined_v1,True,106.0,226.32208085714288,3168.509132
True,119,True,q3-random-2026091884,7070401fe7eda772c5ad38c84333db27b3372f49ba0d074173ddce5667c040b1,1.0,14,True,515.0,[],0,103,2551.772733,42.0,3229.772733,0.5520585470076185,28.0,2026091884,14,state_search_derived_silence_combined_v1,True,93.0,230.69805235714284,3229.772733
True,130,True,q3-random-2026091885,a0353277dc95717626fa49dd3f01681005bea350623674aeef60af0117c38e0e,1.0,14,True,570.0,[],0,114,2408.170422,42.0,3149.170422,0.5064083699835464,28.0,2026091885,14,state_search_derived_silence_combined_v1,True,101.0,224.94074442857143,3149.170422
True,136,True,q3-random-2026091886,57edf7ae4e035cdfbddcb331206c91709c722f159de20b1e07a5bcfa0977d4f7,1.0,13,True,605.0,[],0,121,2451.679215,39.0,3232.679215,0.5504301380133256,26.0,2026091886,13,state_search_derived_silence_combined_v1,True,111.0,248.66763192307693,3232.679215
True,128,True,q3-random-2026091887,d57043c29e52a9eca3875622736925b7bfba16e3b8749b9639ddf2217a1e463a,1.0,11,True,575.0,[],0,115,2144.687615,33.0,2883.687615,0.4040381800150499,22.0,2026091887,11,state_search_derived_silence_combined_v1,True,109.0,262.15341954545454,2883.687615
True,123,True,q3-random-2026091888,ed52db5dacec91259231db8ea86bc6a77dda6cbeef7ad32a3ef2ab6c57762caa,1.0,14,True,535.0,[],0,107,2783.662687,42.0,3486.662687,0.5083479330060072,28.0,2026091888,14,state_search_derived_silence_combined_v1,True,98.0,249.0473347857143,3486.662687
True,131,True,q3-random-2026091889,741ca6a27650ec7227880c499b2b0624b1e853b3a401afcfea11ae6b3b71a29d,1.0,15,True,570.0,[],0,114,2394.994283,45.0,3142.994283,0.6247770769987255,30.0,2026091889,15,state_search_derived_silence_combined_v1,True,103.0,209.5329522,3142.994283
True,129,True,q3-random-2026091890,2b76894f05b5805e2a4c1cf8ade329d0a5d28815a237ad26b785792362baabb4,1.0,10,True,585.0,[],0,117,1986.169861,30.0,2730.169861,0.3792997089913115,20.0,2026091890,10,state_search_derived_silence_combined_v1,True,109.0,273.0169861,2730.169861
True,132,True,q3-random-2026091891,5f1e901b5f6d1a43b521fdb06d50f9fed2e0c935154775a4a43d120876c0f593,1.0,10,True,600.0,[],0,120,2071.852903,30.0,2832.852903,0.4261600579775404,20.0,2026091891,10,state_search_derived_silence_combined_v1,True,111.0,283.2852903,2832.852903
True,143,True,q3-random-2026091892,83fa95963cdfd55d21d0262ad042eaa3c447bca2ade0f4528d0a573a2f6bcad8,1.0,10,True,655.0,[],0,131,2384.411215,30.0,3209.411215,0.3883751390094403,20.0,2026091892,10,state_search_derived_silence_combined_v1,True,120.0,320.9411215,3209.411215
True,126,True,q3-random-2026091893,0f94ab63ccd7d709d62f153f63aad85948d0b96f858a0ac53872f8f991a8c78d,1.0,15,True,545.0,[],0,109,2671.945221,45.0,3390.945221,0.5878493640047964,30.0,2026091893,15,state_search_derived_silence_combined_v1,True,99.0,226.06301473333332,3390.945221
True,137,True,q3-random-2026091894,b62cac6f20b51ed2e3c75539d53acb6d29f5b438abd584e6e2da32034469a98b,1.0,15,True,600.0,[],0,120,2463.436789,45.0,3250.436789,0.5718410510162357,30.0,2026091894,15,state_search_derived_silence_combined_v1,True,112.0,216.69578593333333,3250.436789
True,130,True,q3-random-2026091895,90dadeb2d1a4db2c84c5714afda7a98b196f07e18eee7be3e647a0a58b8f8176,1.0,10,True,590.0,[],0,118,2073.574797,30.0,2824.574797,0.4235668129986152,20.0,2026091895,10,state_search_derived_silence_combined_v1,True,111.0,282.4574797,2824.574797
True,130,True,q3-random-2026091896,571db17f35f194c4f2da943660e64403ce942070a6b8a82f6141b44982ee3a36,1.0,15,True,565.0,[],0,113,3061.043411,45.0,3800.043411,0.6141094859922305,30.0,2026091896,15,state_search_derived_silence_combined_v1,True,99.0,253.3362274,3800.043411
True,128,True,q3-random-2026091897,d0e3e4c3de70b093cfdca1e473a3351e2637d129ca48da1b47191ebcc43e4d6a,1.0,13,True,565.0,[],0,113,2140.142872,39.0,2875.142872,0.538730897998903,26.0,2026091897,13,state_search_derived_silence_combined_v1,True,105.0,221.1648363076923,2875.142872
True,132,True,q3-random-2026091898,a403b59e7198b12d2667c6cc884fb971295e11c61422bfdbf7f7bf0859e09f2a,1.0,16,True,570.0,[],0,114,2854.58395,48.0,3607.58395,0.5428185019991361,32.0,2026091898,16,state_search_derived_silence_combined_v1,True,103.0,225.473996875,3607.58395
True,138,True,q3-random-2026091899,095ed40a7d3fe2ea1897600768df7c2137a4064d1ac65898f5110970a7b85398,1.0,10,True,630.0,[],0,126,1986.583545,30.0,2785.583545,0.38506482102093287,20.0,2026091899,10,state_search_derived_silence_combined_v1,True,119.0,278.5583545,2785.583545
True,128,True,q3-random-2026091900,b848709a0e7828d8e8621c0bad5271205479a0c236e87105a661699e33231a60,1.0,12,True,570.0,[],0,114,2276.26825,36.0,3013.26825,0.5245022239978425,24.0,2026091900,12,state_search_derived_silence_combined_v1,True,107.0,251.10568750000002,3013.26825
True,136,True,q3-random-2026091901,2963067b3d0bdf0fb389c13f4fbd1d318689c15a3210b2a3ae130e6124ba40a9,1.0,11,True,615.0,[],0,123,2222.079772,33.0,3006.079772,0.44493015902116895,22.0,2026091901,11,state_search_derived_silence_combined_v1,True,114.0,273.2799792727273,3006.079772
True,129,True,q3-random-2026091902,c4250c16978e2408697327e6aeb2971e9e83484328184f82926b71d003746527,1.0,10,True,585.0,[],0,117,2027.181311,30.0,2773.181311,0.4488441270077601,20.0,2026091902,10,state_search_derived_silence_combined_v1,True,111.0,277.31813109999996,2773.181311
True,121,True,q3-random-2026091903,50253d6100e156abb4edee7aa9da8e52c9cb90823855b09821c417ef765d5133,1.0,13,True,530.0,[],0,106,2251.984948,39.0,2946.984948,0.47790729501866736,26.0,2026091903,13,state_search_derived_silence_combined_v1,True,100.0,226.69114984615382,2946.984948
True,136,True,q3-random-2026091904,8b2fa0737bd81bc2e1496042b74d99f5d3a8b8d9dd93ea7c4114f444d7d245c1,1.0,10,True,620.0,[],0,124,2196.435391,30.0,2980.435391,0.4953328470000997,20.0,2026091904,10,state_search_derived_silence_combined_v1,True,114.0,298.0435391,2980.435391
True,125,True,q3-random-2026091905,efab0712602d7821b3e8bb0595e218aace7a2ddd97a4e2fa8e7ececdf5ecb87f,1.0,12,True,555.0,[],0,111,1981.029792,36.0,2698.029792,0.5192528770130593,24.0,2026091905,12,state_search_derived_silence_combined_v1,True,102.0,224.835816,2698.029792
True,130,True,q3-random-2026091906,301a01eae6668a66791887682391d417ec4c2417e207b7f1b6403649b0b6b9c2,1.0,10,True,590.0,[],0,118,2145.294653,30.0,2895.294653,0.35455096000805497,20.0,2026091906,10,state_search_derived_silence_combined_v1,True,110.0,289.52946529999997,2895.294653
True,128,True,q3-random-2026091907,d0061066d292629f63be1177298d32f30ff5e2679b71fae46dbdadd19d9a69cc,1.0,16,True,550.0,[],0,110,2860.444121,48.0,3584.444121,0.6063607539981604,32.0,2026091907,16,state_search_derived_silence_combined_v1,True,94.0,224.0277575625,3584.444121
True,119,True,q3-random-2026091908,0dd1964d99d2f32f237908148f7df74e7a0bd2d2a8af0bdce037dde62b3c5cc7,1.0,14,True,515.0,[],0,103,2188.784688,42.0,2868.784688,0.545650008978555,28.0,2026091908,14,state_search_derived_silence_combined_v1,True,95.0,204.913192,2868.784688
True,120,True,q3-random-2026091909,912a17d986df8bc1922cad10b968bbe9244a3396a2baebc3561e283eebfa565f,1.0,16,True,510.0,[],0,102,2826.340944,48.0,3506.340944,0.5063168170163408,32.0,2026091909,16,state_search_derived_silence_combined_v1,True,90.0,219.146309,3506.340944
True,122,True,q3-random-2026091910,53a88926e2d5e75f34b7ffb16b2426e70698ad24d3cf20763350b4a4f058fd2a,1.0,14,True,530.0,[],0,106,2210.93384,42.0,2909.93384,0.587827732990263,28.0,2026091910,14,state_search_derived_silence_combined_v1,True,99.0,207.85241714285715,2909.93384
True,133,True,q3-random-2026091911,14a8e0c03e26422ade57d492fb3770d5513e48a2f159b4419c24eabfc29281f7,1.0,13,True,590.0,[],0,118,2170.817203,39.0,2937.817203,0.43243543000426143,26.0,2026091911,13,state_search_derived_silence_combined_v1,True,112.0,225.98593869230768,2937.817203
True,135,True,q3-random-2026091912,613dc4a2ae3986df3f26075f4f6264f8497d89a91e948c621ca7c8e28167455e,1.0,13,True,600.0,[],0,120,2461.66702,39.0,3237.66702,0.491296316991793,26.0,2026091912,13,state_search_derived_silence_combined_v1,True,111.0,249.05130923076922,3237.66702
True,123,True,q3-random-2026091913,05bffd9e6346d221845f58b7c80c3dd5974068b7bc04d433bcf95aa142807474,1.0,15,True,530.0,[],0,106,2373.805392,45.0,3075.805392,0.4841858079889789,30.0,2026091913,15,state_search_derived_silence_combined_v1,True,97.0,205.05369280000002,3075.805392
True,131,True,q3-random-2026091914,b884f8bcdd0fc748813066005a1e778366f6274b86550d0af3028eff69875d04,1.0,15,True,570.0,[],0,114,2666.349318,45.0,3416.349318,0.7332616469939239,30.0,2026091914,15,state_search_derived_silence_combined_v1,True,105.0,227.7566212,3416.349318
True,124,True,q3-random-2026091915,3f1908e7e60dbbef53e8793797ce991faf009d19d0efa9ca93d41252838c52cb,1.0,15,True,535.0,[],0,107,2984.82696,45.0,3689.82696,0.6012363129993901,30.0,2026091915,15,state_search_derived_silence_combined_v1,True,95.0,245.988464,3689.82696
True,140,True,q3-random-2026091916,a1a0c172a135c2ba7e53cf9f732a5894eeae0a09ec15f0d1d452228fd2526929,1.0,12,True,630.0,[],0,126,2236.952502,36.0,3041.952502,0.3932737730210647,24.0,2026091916,12,state_search_derived_silence_combined_v1,True,115.0,253.49604183333335,3041.952502
True,122,True,q3-random-2026091917,f58efd4b5558da7ac08f8a98b8a5b7516954cbdbd5d33c909fb0f610ca29ec52,1.0,13,True,535.0,[],0,107,2628.225856,39.0,3326.225856,0.5517118030111305,26.0,2026091917,13,state_search_derived_silence_combined_v1,True,98.0,255.8635273846154,3326.225856
True,133,True,q3-random-2026091918,aca1ba0b261a73d4fafccff9eaacb3050e289979014ed7d150a30e032dd94f20,1.0,12,True,595.0,[],0,119,2282.656403,36.0,3045.656403,0.48730087801232,24.0,2026091918,12,state_search_derived_silence_combined_v1,True,108.0,253.80470025,3045.656403
True,126,True,q3-random-2026091919,9fa3fae45642760b02f2ed5412a4e6fb27c54769d01abb22f466a9ff857f7bca,1.0,16,True,540.0,[],0,108,2511.001276,48.0,3228.001276,0.577882902987767,32.0,2026091919,16,state_search_derived_silence_combined_v1,True,97.0,201.75007975,3228.001276
True,128,True,q3-random-2026091920,6b8e93d219215614e1a37c1eee1aad57610dab4197f60b4098f947548fc4d895,1.0,15,True,555.0,[],0,111,2627.660149,45.0,3355.660149,0.5539795130025595,30.0,2026091920,15,state_search_derived_silence_combined_v1,True,98.0,223.7106766,3355.660149
True,119,True,q3-random-2026091921,57e0a68a0614f05dc07717d84f91ba7d741d41d8e3923b991bf66188cc1ec5ee,1.0,14,True,515.0,[],0,103,2472.632466,42.0,3152.632466,0.5816160950053018,28.0,2026091921,14,state_search_derived_silence_combined_v1,True,95.0,225.18803328571428,3152.632466
True,131,True,q3-random-2026091922,0017a39d2ce1b1fa29b37d27742a9c009119a512ecae10ba23b6dd96265e9051,1.0,12,True,585.0,[],0,117,2377.004526,36.0,3129.004526,0.5377872269891668,24.0,2026091922,12,state_search_derived_silence_combined_v1,True,107.0,260.7503771666667,3129.004526
True,130,True,q3-random-2026091923,42f36cea961aeeb67772245c901e9f41ba137f1599e274e89f786976e5d651f6,1.0,12,True,580.0,[],0,116,2292.461828,36.0,3040.461828,0.38990788598312065,24.0,2026091923,12,state_search_derived_silence_combined_v1,True,108.0,253.371819,3040.461828
True,128,True,q3-random-2026091924,887aaa1ba20f9cca3e935c2dcf97016c80d3cd2a9c9bae01fbfcf48d808ebe0b,1.0,11,True,575.0,[],0,115,2090.37169,33.0,2824.37169,0.4063556560140569,22.0,2026091924,11,state_search_derived_silence_combined_v1,True,104.0,256.7610627272727,2824.37169
True,136,True,q3-random-2026091925,e6ed1fd8afb4760a02f248afd4c5411824f3fccc1c8e87b561229387e8e5225b,1.0,12,True,610.0,[],0,122,2637.500364,36.0,3416.500364,0.47393226498388685,24.0,2026091925,12,state_search_derived_silence_combined_v1,True,109.0,284.7083636666667,3416.500364
True,135,True,q3-random-2026091926,0d4865912157439436b5bf5eda9c06fc136f54492b4877c0fe252e58b30ca4a6,1.0,10,True,615.0,[],0,123,2034.69314,30.0,2813.69314,0.4226737309945747,20.0,2026091926,10,state_search_derived_silence_combined_v1,True,114.0,281.369314,2813.69314
True,122,True,q3-random-2026091927,e6e2294505d6d37923fc00e156ae221142a12b587fa4bd4e3dd34f020ab7cf9c,1.0,12,True,540.0,[],0,108,1961.030657,36.0,2662.030657,0.5292056930193212,24.0,2026091927,12,state_search_derived_silence_combined_v1,True,101.0,221.83588808333332,2662.030657
True,124,True,q3-random-2026091928,c47cb53fb5c0c8414d2e7e4add9f2523e43ee9e7a6c1448722a7e6399cc7876e,1.0,14,True,540.0,[],0,108,2348.220932,42.0,3058.220932,0.5121453919855412,28.0,2026091928,14,state_search_derived_silence_combined_v1,True,100.0,218.4443522857143,3058.220932
True,136,True,q3-random-2026091929,3fc99a10a463a20e17241a6f49e8be9f11630b87d85a240d0c36c21a067b34fd,1.0,13,True,605.0,[],0,121,2371.316169,39.0,3154.316169,0.4403222360124346,26.0,2026091929,13,state_search_derived_silence_combined_v1,True,113.0,242.6397053076923,3154.316169
True,133,True,q3-random-2026091930,f35f8b92cfb501962a885c061f06c1650d534c2eb1e60a56f76a16f46052928b,1.0,13,True,590.0,[],0,118,2250.809788,39.0,3013.809788,0.5000423279998358,26.0,2026091930,13,state_search_derived_silence_combined_v1,True,108.0,231.83152215384615,3013.809788
True,118,True,q3-random-2026091931,a02ab2d6e63cc50fadb7e0f05227b850c53fa6fce88b5c5115a69773242905cd,1.0,16,True,500.0,[],0,100,2382.464023,48.0,3051.464023,0.7391354239953216,32.0,2026091931,16,state_search_derived_silence_combined_v1,True,89.0,190.7165014375,3051.464023
True,125,True,q3-random-2026091932,7895a34df479feab6577d1dd1ad0b0b286b1d50cbdc8a94843d54178f98148a2,1.0,10,True,565.0,[],0,113,2383.519049,30.0,3100.519049,0.3598434239975177,20.0,2026091932,10,state_search_derived_silence_combined_v1,True,102.0,310.0519049,3100.519049
True,138,True,q3-random-2026091933,9e30700c1433a80f36a99ee2b1f8721b2804c1cbdfa08a43ad32ce396817fcdb,1.0,14,True,610.0,[],0,122,2254.214141,42.0,3045.214141,0.4912805769999977,28.0,2026091933,14,state_search_derived_silence_combined_v1,True,111.0,217.51529578571427,3045.214141
True,137,True,q3-random-2026091934,e980c631a8f8bddbdf4451d24889d5de0ee6955922a0474a0e328d1cff02838d,1.0,14,True,605.0,[],0,121,2530.487417,42.0,3315.487417,0.5652386370056774,28.0,2026091934,14,state_search_derived_silence_combined_v1,True,110.0,236.82052978571429,3315.487417
True,123,True,q3-random-2026091935,06e7aa84533046f787397daaa9ae5b297555b2b3dd51f1b32f74e9ca15e5c31c,1.0,13,True,540.0,[],0,108,2296.76067,39.0,3003.76067,0.46648692298913375,26.0,2026091935,13,state_search_derived_silence_combined_v1,True,102.0,231.05851307692308,3003.76067
True,127,True,q3-random-2026091936,6fc69b74cd5123e680e7b54c5ad150c3e79ac6c28a29ff70ace6c3c4eb83e1f8,1.0,13,True,560.0,[],0,112,2599.396628,39.0,3329.396628,0.41875939301098697,26.0,2026091936,13,state_search_derived_silence_combined_v1,True,105.0,256.10743292307694,3329.396628
True,129,True,q3-random-2026091937,b88262f3081be99b1afae7a21d6c4020fdcb09e8c94446e95140337084771b18,1.0,11,True,580.0,[],0,116,2314.073273,33.0,3056.073273,0.4307468739862088,22.0,2026091937,11,state_search_derived_silence_combined_v1,True,107.0,277.824843,3056.073273
True,132,True,q3-random-2026091938,b5d74b23df3010710aa165a1178be90efa6097bd3a34f95ccf969d9205b03a5a,1.0,16,True,570.0,[],0,114,2824.603017,48.0,3574.603017,0.6670872640097514,32.0,2026091938,16,state_search_derived_silence_combined_v1,True,100.0,223.4126885625,3574.603017
True,124,True,q3-random-2026091939,273b83ea9efed4ad047560b2a0bc8e044ad5a9c773fbeaca1213da638c7c9305,1.0,16,True,530.0,[],0,106,2334.013636,48.0,3040.013636,0.5839843439753167,32.0,2026091939,16,state_search_derived_silence_combined_v1,True,96.0,190.00085225,3040.013636
True,112,True,q3-random-2026091940,28ebc66d7635566b295b00a6ebda01c006d90ae03b6d8c454079a761262db223,1.0,16,True,470.0,[],0,94,2339.911916,48.0,2972.911916,0.4647055889945477,32.0,2026091940,16,state_search_derived_silence_combined_v1,True,83.0,185.80699475,2972.911916
True,131,True,q3-random-2026091941,6854f745c12b7d4fcf8da896af805bf4ffcf8a306eb0152057eaa3c387815190,1.0,11,True,590.0,[],0,118,1985.888234,33.0,2742.888234,0.43519021198153496,22.0,2026091941,11,state_search_derived_silence_combined_v1,True,112.0,249.3534758181818,2742.888234
True,103,True,q3-random-2026091942,262e3f538c3e6eaa64d3d496f6a4c3cb4bfe86813eb5e4195fd028ef2bba63be,1.0,16,True,425.0,[],0,85,2018.241405,48.0,2599.241405,0.6594623450073414,32.0,2026091942,16,state_search_derived_silence_combined_v1,True,76.0,162.4525878125,2599.241405
True,129,True,q3-random-2026091943,f763a26f5bb32691d1c859f7b909ad96fb0aaa911a6b900ab7800bddc426badf,1.0,12,True,575.0,[],0,115,2148.312137,36.0,2885.312137,0.479829611023888,24.0,2026091943,12,state_search_derived_silence_combined_v1,True,102.0,240.44267808333333,2885.312137
True,138,True,q3-random-2026091944,caa30e7e72f03ce932f7cb6279aa30d09d65611075e743173eaea3c017973da5,1.0,11,True,625.0,[],0,125,2214.424231,33.0,3009.424231,0.4555982940073591,22.0,2026091944,11,state_search_derived_silence_combined_v1,True,115.0,273.584021,3009.424231
True,126,True,q3-random-2026091945,5479bc250ddc1a2a6892d50b97b1fc909f8a63a0843507268fbba03be709842a,1.0,15,True,545.0,[],0,109,2637.061313,45.0,3354.061313,0.5704157229920384,30.0,2026091945,15,state_search_derived_silence_combined_v1,True,97.0,223.60408753333334,3354.061313
True,138,True,q3-random-2026091946,aa21c0c0c5f830dc7b7d4fb94733dcb373b980b6c211f4e6315ace91caf8b51f,1.0,16,True,600.0,[],0,120,2672.399311,48.0,3457.399311,0.5792867850104813,32.0,2026091946,16,state_search_derived_silence_combined_v1,True,105.0,216.0874569375,3457.399311
True,111,True,q3-random-2026091947,52a1a0132999d5db854a28843156cd8a5cd76fcced881eb04203cc22dedea05a,1.0,16,True,465.0,[],0,93,2471.774578,48.0,3100.774578,0.5702073180000298,32.0,2026091947,16,state_search_derived_silence_combined_v1,True,84.0,193.798411125,3100.774578
True,129,True,q3-random-2026091948,46b6d69c2c8880144e0cc392858eec15bc281bce2c05306db45d1b72091f5810,1.0,11,True,580.0,[],0,116,2024.2105,33.0,2770.2105,0.417970376991434,22.0,2026091948,11,state_search_derived_silence_combined_v1,True,111.0,251.8373181818182,2770.2105
True,128,True,q3-random-2026091949,934a6583fab5ddea874d4d029ba2b86b89c9d1d51ea37a987e921a0ac632808d,1.0,10,True,580.0,[],0,116,2236.328276,30.0,2974.328276,0.36035222801729105,20.0,2026091949,10,state_search_derived_silence_combined_v1,True,108.0,297.4328276,2974.328276
True,135,True,q3-random-2026091950,5da1a3a45b603917fbb935c3ec91b30fd74910f7cb13156d6b06831d0edebc65,1.0,11,True,610.0,[],0,122,2197.112191,33.0,2974.112191,0.4080499300034717,22.0,2026091950,11,state_search_derived_silence_combined_v1,True,112.0,270.37383554545454,2974.112191
True,131,True,q3-random-2026091951,bb2fcb4f1402f3e2405cdffff1961e8523c7eb829f1ccb76d28cd41d9c2d9009,1.0,10,True,595.0,[],0,119,1952.533655,30.0,2708.533655,0.3947049069975037,20.0,2026091951,10,state_search_derived_silence_combined_v1,True,111.0,270.8533655,2708.533655
True,119,True,q3-random-2026091952,3d1f7335a628234f9a86d6f834c8673312a68e3a90ceb16ae5769bf795e7a395,1.0,13,True,520.0,[],0,104,1986.337208,39.0,2670.337208,0.4720012760080863,26.0,2026091952,13,state_search_derived_silence_combined_v1,True,99.0,205.41055446153845,2670.337208
True,129,True,q3-random-2026091953,0a058a3b98bc36ab889360057d15dfe77d29829739e01df0888d1e174430bd61,1.0,16,True,555.0,[],0,111,2839.431666,48.0,3573.431666,0.6096692729915958,32.0,2026091953,16,state_search_derived_silence_combined_v1,True,99.0,223.339479125,3573.431666
True,124,True,q3-random-2026091954,22b91b357a78b3b6812725aee7c878d4e4e60dea363929d63b162b3bbb87b35a,1.0,14,True,540.0,[],0,108,2952.370951,42.0,3661.370951,0.5483767330006231,28.0,2026091954,14,state_search_derived_silence_combined_v1,True,99.0,261.5264965,3661.370951
True,117,True,q3-random-2026091955,f01146b143a549d31b303270c6b46de50ddb257778da871f5debdd6747674195,1.0,14,True,505.0,[],0,101,2447.128763,42.0,3116.128763,0.5465074770036153,28.0,2026091955,14,state_search_derived_silence_combined_v1,True,94.0,222.58062592857144,3116.128763
True,132,True,q3-random-2026091956,36c0175ce3604be678771e9d1e5a6722c7a29e7560f7de8da18eed6c3006472f,1.0,12,True,590.0,[],0,118,2617.185306,36.0,3375.185306,0.5230624249961693,24.0,2026091956,12,state_search_derived_silence_combined_v1,True,108.0,281.2654421666667,3375.185306
True,130,True,q3-random-2026091957,98e2c77709749e186991c4d09ca4fb8305b3a1f3c6c1c326b9c8398a7d8b384e,1.0,13,True,575.0,[],0,115,2421.8686,39.0,3166.8686,0.5515800879802555,26.0,2026091957,13,state_search_derived_silence_combined_v1,True,105.0,243.6052769230769,3166.8686
True,131,True,q3-random-2026091958,eccc067f3cb6df568102f1d38804cc4052e1dba3ade1aa93d8b3fc0f7da3dd62,1.0,14,True,575.0,[],0,115,2492.653316,42.0,3242.653316,0.44983582000713795,28.0,2026091958,14,state_search_derived_silence_combined_v1,True,105.0,231.61809399999999,3242.653316
True,137,True,q3-random-2026091959,acab690fe5d4987555e5cf4c83a0f3a377aed75bccc2008351d99061519dad87,1.0,11,True,620.0,[],0,124,2130.502151,33.0,2922.502151,0.40061316898209043,22.0,2026091959,11,state_search_derived_silence_combined_v1,True,117.0,265.68201372727276,2922.502151
True,133,True,q3-random-2026091960,c74e753781ac6931fb269330d9bba161cbb94bdb1266e91b4769ca2987cd243b,1.0,14,True,585.0,[],0,117,2401.949711,42.0,3167.949711,0.5092816110118292,28.0,2026091960,14,state_search_derived_silence_combined_v1,True,111.0,226.28212221428572,3167.949711
True,131,True,q3-random-2026091961,80432067be49b0767caff4269c8218769230e6c8c6777fb701fe47d55934f61d,1.0,12,True,585.0,[],0,117,2281.521181,36.0,3029.521181,0.435745858005248,24.0,2026091961,12,state_search_derived_silence_combined_v1,True,103.0,252.46009841666668,3029.521181
True,134,True,q3-random-2026091962,2aae0eff97f9c53335b42be61e06bb606ccd86813a8d43c4587b3e3445182d2b,1.0,13,True,595.0,[],0,119,2470.644313,39.0,3238.644313,0.479562780004926,26.0,2026091962,13,state_search_derived_silence_combined_v1,True,108.0,249.1264856153846,3238.644313
True,127,True,q3-random-2026091963,a012ec32ecce0f2368e9f4d538cb667bbceb095e3f46b801d021206763186e1a,1.0,10,True,575.0,[],0,115,2045.561736,30.0,2777.561736,0.4569105459959246,20.0,2026091963,10,state_search_derived_silence_combined_v1,True,107.0,277.7561736,2777.561736
True,132,True,q3-random-2026091964,206097234abfc3fe3debd756765fdda54e1a29d89279833ace4f35cb7fa84e50,1.0,15,True,575.0,[],0,115,2492.592219,45.0,3250.592219,0.586534981004661,30.0,2026091964,15,state_search_derived_silence_combined_v1,True,108.0,216.70614793333334,3250.592219
True,114,True,q3-random-2026091965,1fbb7dedf0d37e8c00ce3f3dcf483a562302445a792d192ae2dec006343d83d0,1.0,14,True,490.0,[],0,98,2389.816453,42.0,3036.816453,0.3857039799913764,28.0,2026091965,14,state_search_derived_silence_combined_v1,True,87.0,216.91546092857143,3036.816453
True,127,True,q3-random-2026091966,d6f6121a5b98943966d28a1cfaef0faf028aeca3e515eeba5a8ae1ec360cb037,1.0,11,True,570.0,[],0,114,2151.186045,33.0,2880.186045,0.46961672499310225,22.0,2026091966,11,state_search_derived_silence_combined_v1,True,104.0,261.83509499999997,2880.186045
True,121,True,q3-random-2026091967,39ae0c044d95595e7878b7f65e4ad97353785f6c90d47bd3991f49ab9497c153,1.0,14,True,525.0,[],0,105,2281.027073,42.0,2975.027073,0.5392693839967251,28.0,2026091967,14,state_search_derived_silence_combined_v1,True,99.0,212.5019337857143,2975.027073
True,135,True,q3-random-2026091968,a303fa51098675cdb79b39d2e3b5d1fb66894303a65a1c6449dfd57a54bcb197,1.0,16,True,585.0,[],0,117,2342.264074,48.0,3114.264074,0.52028470300138,32.0,2026091968,16,state_search_derived_silence_combined_v1,True,107.0,194.641504625,3114.264074
True,130,True,q3-random-2026091969,ab2b4e6e8cf1b40791c1119460b9821d5ff54b2daa64d3748c58d1c90af17aed,1.0,16,True,560.0,[],0,112,2563.517276,48.0,3300.517276,0.6628427509858739,32.0,2026091969,16,state_search_derived_silence_combined_v1,True,97.0,206.28232975,3300.517276
True,111,True,q3-random-2026091970,80f31c4b336acc27e2545f96a44f805a44499b4e1c6dda10d2918cf41eaab110,1.0,16,True,465.0,[],0,93,2669.083196,48.0,3298.083196,0.5714816529944073,32.0,2026091970,16,state_search_derived_silence_combined_v1,True,84.0,206.13019975,3298.083196
True,124,True,q3-random-2026091971,b896495e46bc0ae9e22e29d52dc079ac41f70225b2cc31f78d8c7f825413255c,1.0,16,True,530.0,[],0,106,2491.047939,48.0,3194.047939,0.5786616610130295,32.0,2026091971,16,state_search_derived_silence_combined_v1,True,93.0,199.6279961875,3194.047939
True,135,True,q3-random-2026091972,fcb0485434262e6647766c651356babc557f12e3f081a8f43ea4a8102c7405ea,1.0,15,True,590.0,[],0,118,2622.597701,45.0,3388.597701,0.6009884359955322,30.0,2026091972,15,state_search_derived_silence_combined_v1,True,101.0,225.90651340000002,3388.597701
True,138,True,q3-random-2026091973,aeed5b193d105af8608b336ecffa3e1881d52edc3b171c06133a06a6ff013e1f,1.0,11,True,625.0,[],0,125,2136.185536,33.0,2931.185536,0.4552978989959229,22.0,2026091973,11,state_search_derived_silence_combined_v1,True,115.0,266.4714123636364,2931.185536
True,132,True,q3-random-2026091974,49c536fc5ad42cfc5974b95f5fc9cd587cac082dabc237016d1ee8af89c99dd0,1.0,11,True,595.0,[],0,119,2241.612421,33.0,3001.612421,0.5060657020076178,22.0,2026091974,11,state_search_derived_silence_combined_v1,True,110.0,272.87385645454543,3001.612421
True,133,True,q3-random-2026091975,1d2be1c6fc87b338c6416c49e3a11fa58907823667bd5ae4b01aa1a1d0461698,1.0,11,True,600.0,[],0,120,2177.575777,33.0,2941.575777,0.38008336001075804,22.0,2026091975,11,state_search_derived_silence_combined_v1,True,109.0,267.4159797272727,2941.575777
True,126,True,q3-random-2026091976,f8c6ad114e040309536424316f97386e9a0f255ea06b9cd2a25c336279ecdbdc,1.0,13,True,555.0,[],0,111,2370.932153,39.0,3090.932153,0.5505736990016885,26.0,2026091976,13,state_search_derived_silence_combined_v1,True,100.0,237.7640117692308,3090.932153
True,136,True,q3-random-2026091977,0db5cd8ef24ddb21b31136dd54bc716294adf24c0ab3988a980be610572f5bd2,1.0,15,True,595.0,[],0,119,2612.938457,45.0,3389.938457,0.569833727000514,30.0,2026091977,15,state_search_derived_silence_combined_v1,True,107.0,225.99589713333336,3389.938457
True,120,True,q3-random-2026091978,e03ff56f075a333d5ae35bcf77308dc6d4c6d1ef849be213dbfce416c8869ed7,1.0,12,True,530.0,[],0,106,2215.61991,36.0,2904.61991,0.4139125109941233,24.0,2026091978,12,state_search_derived_silence_combined_v1,True,99.0,242.05165916666667,2904.61991
True,137,True,q3-random-2026091979,1336634040936b34837d8ebfbce1032f904f14617e9abba316d018189383fb5b,1.0,15,True,600.0,[],0,120,2794.705621,45.0,3574.705621,0.5411936599994078,30.0,2026091979,15,state_search_derived_silence_combined_v1,True,105.0,238.31370806666666,3574.705621
True,126,True,q3-random-2026091980,7684968c5c54fc69630491299d16bdd2cb82a51d1eaf8f7ad9fee640fd9413c2,1.0,15,True,545.0,[],0,109,2550.78276,45.0,3269.78276,0.5888964979967568,30.0,2026091980,15,state_search_derived_silence_combined_v1,True,99.0,217.98551733333335,3269.78276
True,122,True,q3-random-2026091981,17074d9ce983542d8355fbb919908daeef1d337c353a72b1e2990aae815a9935,1.0,11,True,545.0,[],0,109,2095.593966,33.0,2799.593966,0.3890477240202017,22.0,2026091981,11,state_search_derived_silence_combined_v1,True,104.0,254.50854236363637,2799.593966
True,127,True,q3-random-2026091982,9e5d54ffb5b92a5053af760e276744caebde6f0afd7aeff586887384b9d7e1ac,1.0,11,True,570.0,[],0,114,2075.199548,33.0,2804.199548,0.45822353099356405,22.0,2026091982,11,state_search_derived_silence_combined_v1,True,104.0,254.92723163636364,2804.199548
True,132,True,q3-random-2026091983,ac9c6a9fad53ba55389fecc3f28976454436931d9158632cee56a72da4f3548e,1.0,13,True,585.0,[],0,117,2275.538016,39.0,3035.538016,0.5331091629923321,26.0,2026091983,13,state_search_derived_silence_combined_v1,True,110.0,233.5029243076923,3035.538016
True,132,True,q3-random-2026091984,936a607afbf255c503cea80cb9d0b367e13cfd735547272ccbcbec803c5694c8,1.0,14,True,580.0,[],0,116,2411.363685,42.0,3168.363685,0.5766006509948056,28.0,2026091984,14,state_search_derived_silence_combined_v1,True,107.0,226.31169178571426,3168.363685
True,125,True,q3-random-2026091985,8a51c0acf6ab689ff593c12e19c64b80abd533419add3b1056297312c2f46052,1.0,16,True,535.0,[],0,107,2903.860872,48.0,3612.860872,0.6087588079972193,32.0,2026091985,16,state_search_derived_silence_combined_v1,True,94.0,225.8038045,3612.860872
True,134,True,q3-random-2026091986,9e85dfe4f4bc761989b5c259b6eaa5c56689a0055009cd965dcfa0c7694c8bed,1.0,13,True,595.0,[],0,119,2086.156808,39.0,2857.156808,0.5399466440139804,26.0,2026091986,13,state_search_derived_silence_combined_v1,True,111.0,219.78129292307693,2857.156808
True,121,True,q3-random-2026091987,ff52f9c0cd98b16fb508b1bef6a9a50a51da32760b43a7707a7345bf5eb50397,1.0,13,True,530.0,[],0,106,2161.140177,39.0,2852.140177,0.5161774120060727,26.0,2026091987,13,state_search_derived_silence_combined_v1,True,96.0,219.39539823076925,2852.140177
True,135,True,q3-random-2026091988,715127dae103176027bca0ba1d043b000e81a9be4eae1e6e39f91c3dc8f291e7,1.0,13,True,600.0,[],0,120,2202.744438,39.0,2977.744438,0.4659727239923086,26.0,2026091988,13,state_search_derived_silence_combined_v1,True,110.0,229.05726446153847,2977.744438
True,122,True,q3-random-2026091989,2e07e89fae3217c39c9ad577c9f7c28cdd7cb72b59c9548a7bc8b3ec02e5f1df,1.0,13,True,535.0,[],0,107,1906.394733,39.0,2608.394733,0.4003823189996183,26.0,2026091989,13,state_search_derived_silence_combined_v1,True,102.0,200.6457486923077,2608.394733
True,134,True,q3-random-2026091990,a027917227ae4847182e666140f0929cab99dd9f81f9207caedb22340a67caf2,1.0,14,True,590.0,[],0,118,2623.510244,42.0,3389.510244,0.6016500050027389,28.0,2026091990,14,state_search_derived_silence_combined_v1,True,106.0,242.10787457142857,3389.510244
True,129,True,q3-random-2026091991,4ad70deb0a83e2fc943e6dbd39c217a81ad27c3b9dcdf0a06be1ff986a0b0a5a,1.0,16,True,555.0,[],0,111,2545.998467,48.0,3283.998467,0.5917782809992786,32.0,2026091991,16,state_search_derived_silence_combined_v1,True,103.0,205.2499041875,3283.998467
True,140,True,q3-random-2026091992,815b3caa095d97cb63119bea5811dd618935e07e6301a60e913051487df4cfd1,1.0,10,True,640.0,[],0,128,2057.328595,30.0,2867.328595,0.38052786301705055,20.0,2026091992,10,state_search_derived_silence_combined_v1,True,120.0,286.7328595,2867.328595
True,125,True,q3-random-2026091993,e02629bfcfa13133e81c2e29ce4690a6fb3b7e9168d4b7fd06f4e8aef9b05e87,1.0,13,True,550.0,[],0,110,2279.175397,39.0,2996.175397,0.4836384240188636,26.0,2026091993,13,state_search_derived_silence_combined_v1,True,102.0,230.47503053846154,2996.175397
True,128,True,q3-random-2026091994,f983913cde434290afcc0eacdc186e416a9eabe369da7416235d282c8df0f26e,1.0,11,True,575.0,[],0,115,2095.844688,33.0,2833.844688,0.46752851200290024,22.0,2026091994,11,state_search_derived_silence_combined_v1,True,108.0,257.62224436363636,2833.844688
True,126,True,q3-random-2026091995,0d866be2457d47ddf5a8fcf9d0a73686d1dd9493092dbdbc6c09ae3b611d63cf,1.0,16,True,540.0,[],0,108,2838.575413,48.0,3553.575413,0.5688254880078603,32.0,2026091995,16,state_search_derived_silence_combined_v1,True,95.0,222.0984633125,3553.575413
True,128,True,q3-random-2026091996,d18b0078aa23daa9bf15797cd442645a841d4b725b74b906fd9339f15c518856,1.0,16,True,550.0,[],0,110,2208.53659,48.0,2941.53659,0.6916314720001537,32.0,2026091996,16,state_search_derived_silence_combined_v1,True,103.0,183.846036875,2941.53659
True,126,True,q3-random-2026091997,1fb231875dd8e181ba2dd0741b49e0d67fcb11459311c01688a65cfc4de10221,1.0,11,True,565.0,[],0,113,2388.841151,33.0,3115.841151,0.40450491599040106,22.0,2026091997,11,state_search_derived_silence_combined_v1,True,107.0,283.25828645454544,3115.841151
True,121,True,q3-random-2026091998,af51564892ae0493046eb154bf3cc2c74cd6fa2610c144910eea2f14af1324e6,1.0,13,True,530.0,[],0,106,2055.368214,39.0,2747.368214,0.5210169769998174,26.0,2026091998,13,state_search_derived_silence_combined_v1,True,97.0,211.33601646153846,2747.368214
True,129,True,q3-random-2026091999,634a4356581de2d699356d1df75e2f31f2ca4873690e8837ce04494d84d8f730,1.0,14,True,565.0,[],0,113,2436.281693,42.0,3171.281693,0.5078591829806101,28.0,2026091999,14,state_search_derived_silence_combined_v1,True,100.0,226.52012092857143,3171.281693
True,131,True,q3-random-2026092000,e79157d03c2f10b8fc970f48c2134b706afa73e39901fbf8db2e9f40829c3393,1.0,12,True,585.0,[],0,117,2254.471304,36.0,3009.471304,0.3732062350027263,24.0,2026092000,12,state_search_derived_silence_combined_v1,True,110.0,250.78927533333334,3009.471304
True,129,True,q3-random-2026092001,5d31fd2121cd78124c3780babc54cd74cbce265242129330805a2e9bdcf72cff,1.0,15,True,560.0,[],0,112,2576.062935,45.0,3311.062935,0.5712623389845248,30.0,2026092001,15,state_search_derived_silence_combined_v1,True,100.0,220.737529,3311.062935
True,108,True,q3-random-2026092002,455fb38151653021a4954231d67d8eadab9c797a59879aafcf4d58c92bf7f421,1.0,16,True,450.0,[],0,90,2186.056916,48.0,2797.056916,0.5494183900009375,32.0,2026092002,16,state_search_derived_silence_combined_v1,True,81.0,174.81605725,2797.056916
True,127,True,q3-random-2026092003,0da06e0050f0718df8913aef1172552ba251bc52485811f5cc429133633f889e,1.0,10,True,575.0,[],0,115,2225.935337,30.0,2957.935337,0.39776059199357405,20.0,2026092003,10,state_search_derived_silence_combined_v1,True,107.0,295.7935337,2957.935337
True,126,True,q3-random-2026092004,ccb547f864f25b12c32f0ef5839b938309146acaef3dd07cb53693301fe6c240,1.0,11,True,565.0,[],0,113,2158.968053,33.0,2885.968053,0.4450612660148181,22.0,2026092004,11,state_search_derived_silence_combined_v1,True,107.0,262.3607320909091,2885.968053
True,133,True,q3-random-2026092005,92b16c71f2252b4852e77cab2152fd81d469582243c8e9070990a051c5da856f,1.0,11,True,600.0,[],0,120,2262.021316,33.0,3033.021316,0.3587991459935438,22.0,2026092005,11,state_search_derived_silence_combined_v1,True,116.0,275.7292105454545,3033.021316
True,127,True,q3-random-2026092006,f2669b9e0adb700e3e243f3951fdf17d36c14306be09a615ac1c3bcf4f80d666,1.0,12,True,565.0,[],0,113,2222.120834,36.0,2950.120834,0.45853094998165034,24.0,2026092006,12,state_search_derived_silence_combined_v1,True,103.0,245.84340283333333,2950.120834
True,128,True,q3-random-2026092007,fb179350dd0d6b92f4d2fcb20355d3f627e866856aa450e5d42daebde3545c35,1.0,15,True,555.0,[],0,111,2575.190427,45.0,3305.190427,0.48693923201062717,30.0,2026092007,15,state_search_derived_silence_combined_v1,True,100.0,220.34602846666667,3305.190427
True,136,True,q3-random-2026092008,0e45c1a66deff796cae2e1aaacf3e02bb9173a575abf81e290051b0c1c650b04,1.0,10,True,620.0,[],0,124,1895.687871,30.0,2679.687871,0.3388112909742631,20.0,2026092008,10,state_search_derived_silence_combined_v1,True,114.0,267.9687871,2679.687871
True,134,True,q3-random-2026092009,3d2bf5edfc8153918e56e2aab637c4d5d216d484a95f05190d44f9d61374e9ec,1.0,11,True,605.0,[],0,121,2253.125409,33.0,3025.125409,0.49116343099740334,22.0,2026092009,11,state_search_derived_silence_combined_v1,True,112.0,275.0114008181818,3025.125409
True,137,True,q3-random-2026092010,2633a063e565201b453035c15068d92ff2cad09b3f922cebe8d54e3d922dcd5c,1.0,10,True,625.0,[],0,125,2325.282737,30.0,3118.282737,0.42797682899981737,20.0,2026092010,10,state_search_derived_silence_combined_v1,True,118.0,311.8282737,3118.282737
True,132,True,q3-random-2026092011,0d6c2ddd0b043a4c179ebe9eae87a1b0a3f9b372acadb9096e4f214c82eddd22,1.0,16,True,570.0,[],0,114,2496.490315,48.0,3248.490315,0.532351063011447,32.0,2026092011,16,state_search_derived_silence_combined_v1,True,102.0,203.0306446875,3248.490315
True,131,True,q3-random-2026092012,e95a32af5620dc5a7224a63b11240b3a00dde1babafb1f1160c0f5c7a67b88f1,1.0,10,True,595.0,[],0,119,2281.909103,30.0,3037.909103,0.469349422986852,20.0,2026092012,10,state_search_derived_silence_combined_v1,True,111.0,303.7909103,3037.909103
True,129,True,q3-random-2026092013,c4578741814aad6ccd7afed8ff4653ed6d7a2cff7b3dc98ebe10dfcf426ffaa7,1.0,12,True,575.0,[],0,115,1989.454021,36.0,2734.454021,0.5516414979938418,24.0,2026092013,12,state_search_derived_silence_combined_v1,True,110.0,227.87116841666668,2734.454021
True,131,True,q3-random-2026092014,db546de1649e8ee02d42d6a6450edee97b19b5437e2b97b151f46e7e9d79fe73,1.0,10,True,595.0,[],0,119,2493.591417,30.0,3248.591417,0.3735118210024666,20.0,2026092014,10,state_search_derived_silence_combined_v1,True,110.0,324.8591417,3248.591417
True,148,True,q3-random-2026092015,8a0044999cca4ade1be311df0ad6f167a7bd4bcb158f105a1593df2af1723f4c,1.0,11,True,675.0,[],0,135,2472.307952,33.0,3324.307952,0.47169173299334943,22.0,2026092015,11,state_search_derived_silence_combined_v1,True,122.0,302.20981381818183,3324.307952
True,127,True,q3-random-2026092016,9684a67effa8aef2c406998f4b9b432da4840e9295585e2cf0a34d3f476ecdfb,1.0,12,True,565.0,[],0,113,2542.380339,36.0,3271.380339,0.5041033570014406,24.0,2026092016,12,state_search_derived_silence_combined_v1,True,104.0,272.61502824999997,3271.380339
True,135,True,q3-random-2026092017,6569c8a34552e99ac95f6771bb8b2c1a6b7dfdbaa19efe09b6e5038c92c2db93,1.0,11,True,610.0,[],0,122,2161.140608,33.0,2940.140608,0.37086962000466883,22.0,2026092017,11,state_search_derived_silence_combined_v1,True,114.0,267.2855098181818,2940.140608
True,125,True,q3-random-2026092018,afea78e18d7123a85570d97c90af09707d8ff4a9c4210a0a36619578eb17d091,1.0,10,True,565.0,[],0,113,1785.830053,30.0,2505.830053,0.4144634909753222,20.0,2026092018,10,state_search_derived_silence_combined_v1,True,105.0,250.58300530000002,2505.830053
True,123,True,q3-random-2026092019,63ba15d9fb4f0a09a2c4d93e35df16dd418b985703458002cbb1d86a029c78c7,1.0,12,True,545.0,[],0,109,2373.074315,36.0,3079.074315,0.4771427880041301,24.0,2026092019,12,state_search_derived_silence_combined_v1,True,101.0,256.58952625,3079.074315
True,135,True,q3-random-2026092020,6558b1fc7ce2112befc69af4ac8577aee293ec8a575a75b97d90eab6e60d59c0,1.0,11,True,610.0,[],0,122,2193.456909,33.0,2973.456909,0.3831300040183123,22.0,2026092020,11,state_search_derived_silence_combined_v1,True,115.0,270.3142644545455,2973.456909
True,135,True,q3-random-2026092021,12f0b015668961c3a00ef2b9e3f10eb6c4da80e9db18559209ea359905c9130a,1.0,15,True,590.0,[],0,118,2410.912958,45.0,3184.912958,0.48956942997756414,30.0,2026092021,15,state_search_derived_silence_combined_v1,True,109.0,212.32753053333332,3184.912958
True,129,True,q3-random-2026092022,a568269d7b5c08dc8adbc0948894b81c6113c4c5cd12eab28264a6b93405c099,1.0,10,True,585.0,[],0,117,2296.784462,30.0,3043.784462,0.40451644599670544,20.0,2026092022,10,state_search_derived_silence_combined_v1,True,112.0,304.3784462,3043.784462
True,122,True,q3-random-2026092023,be1d3ff8110d5efbd255b09fea5b8984f84c3fc93d3a6208784d75ed78fb86a3,1.0,14,True,530.0,[],0,106,2081.194048,42.0,2778.194048,0.4977972500200849,28.0,2026092023,14,state_search_derived_silence_combined_v1,True,97.0,198.442432,2778.194048
True,119,True,q3-random-2026092024,f2c443e473a06bcb0223e4b7ccd635a3217b792b995081e8660579565f520354,1.0,14,True,515.0,[],0,103,2150.019851,42.0,2828.019851,0.6523750950000249,28.0,2026092024,14,state_search_derived_silence_combined_v1,True,93.0,202.00141792857144,2828.019851
True,123,True,q3-random-2026092025,8d0f29c724807998da8930b06415f76bd2ae72b0ae6fdd4f62b993c89dd82cc8,1.0,16,True,525.0,[],0,105,3090.498158,48.0,3788.498158,0.6055156830116175,32.0,2026092025,16,state_search_derived_silence_combined_v1,True,93.0,236.781134875,3788.498158
True,130,True,q3-random-2026092026,8c36d591b2aac95bf892c01dfe43efb798a61f5d364d68fb3118aa200580b9a6,1.0,12,True,580.0,[],0,116,2266.892804,36.0,3012.892804,0.47156552301021293,24.0,2026092026,12,state_search_derived_silence_combined_v1,True,106.0,251.07440033333333,3012.892804
True,130,True,q3-random-2026092027,495c7409aa58897850fe1459352a7a51a21647254177d4ba66db8cf74b74cec0,1.0,11,True,585.0,[],0,117,2182.396217,33.0,2931.396217,0.46876346197677776,22.0,2026092027,11,state_search_derived_silence_combined_v1,True,109.0,266.49056518181817,2931.396217
True,123,True,q3-random-2026092028,2a9b23695502eef30bf9141b49044766189d22463dd599fa30d72f5b21c264fd,1.0,15,True,530.0,[],0,106,2271.895039,45.0,2973.895039,0.5744835170044098,30.0,2026092028,15,state_search_derived_silence_combined_v1,True,97.0,198.25966926666666,2973.895039
True,122,True,q3-random-2026092029,e28e8c1348de4bee13340a152a1321fead0552a600a6d089b3f15f369522e6a3,1.0,13,True,535.0,[],0,107,2100.242763,39.0,2801.242763,0.5757783789886162,26.0,2026092029,13,state_search_derived_silence_combined_v1,True,101.0,215.48021253846156,2801.242763
True,142,True,q3-random-2026092030,a62fe3ef6e070435f3d61c5210e81075a7939f7bc82b2df8436e8f52f895c7aa,1.0,11,True,645.0,[],0,129,2016.002454,33.0,2837.002454,0.3974775039823726,22.0,2026092030,11,state_search_derived_silence_combined_v1,True,121.0,257.909314,2837.002454
True,126,True,q3-random-2026092031,a98eb8d47b654869470b0fecc01d4cd3d2545bd6b81d569b034ff54018ca306f,1.0,11,True,565.0,[],0,113,2241.918874,33.0,2965.918874,0.45204587100306526,22.0,2026092031,11,state_search_derived_silence_combined_v1,True,104.0,269.62898854545455,2965.918874
True,131,True,q3-random-2026092032,c168eccfe4f0cc502290619e2607c3df12a6b5c78890dd0d9b270d64bb99f81f,1.0,16,True,565.0,[],0,113,2489.261553,48.0,3233.261553,0.5954859010234941,32.0,2026092032,16,state_search_derived_silence_combined_v1,True,99.0,202.0788470625,3233.261553
True,139,True,q3-random-2026092033,51e01fe31b0105de7e14aa4f54597dcc6532a7dc975b52e854844a10750b4ed3,1.0,15,True,610.0,[],0,122,2727.054439,45.0,3523.054439,0.6254555589985102,30.0,2026092033,15,state_search_derived_silence_combined_v1,True,111.0,234.87029593333332,3523.054439
True,135,True,q3-random-2026092034,b1bd9bf5047d088e56e5f085758316bee0dcd4c6b25a00f348bc4d0365a3673d,1.0,14,True,595.0,[],0,119,2402.345187,42.0,3180.345187,0.5543356979906093,28.0,2026092034,14,state_search_derived_silence_combined_v1,True,113.0,227.16751335714284,3180.345187
True,128,True,q3-random-2026092035,2ad78b7caef5ba86b9a01af3dea4fdbda354f179558e3fd594fd41026d1ec765,1.0,15,True,555.0,[],0,111,2828.181831,45.0,3556.181831,0.5705921859771479,30.0,2026092035,15,state_search_derived_silence_combined_v1,True,98.0,237.0787887333333,3556.181831
True,134,True,q3-random-2026092036,14d9be9dbbe1fd6a3a12c3928f407e203841066610bef7f84eae5ffa660bac8f,1.0,11,True,605.0,[],0,121,2314.728237,33.0,3087.728237,0.45279201099765487,22.0,2026092036,11,state_search_derived_silence_combined_v1,True,113.0,280.702567,3087.728237
True,129,True,q3-random-2026092037,082d5221b6ba9ce17d533f505166299c624e42fa1f8e86df5d947ea9db428fc1,1.0,16,True,555.0,[],0,111,2376.924296,48.0,3109.924296,0.530602799000917,32.0,2026092037,16,state_search_derived_silence_combined_v1,True,98.0,194.3702685,3109.924296
True,139,True,q3-random-2026092038,fb4eec59b9160a95e23237c979e35f7132b1f9b58ed13bb64f7be97728e076da,1.0,10,True,635.0,[],0,127,2307.3502,30.0,3109.3502,0.37816066399682313,20.0,2026092038,10,state_search_derived_silence_combined_v1,True,117.0,310.93502,3109.3502
True,123,True,q3-random-2026092039,22938af4424be88f2779aeec06796c18e3cece1c0db78233e7485b8c122dcaaf,1.0,16,True,525.0,[],0,105,2520.438913,48.0,3216.438913,0.6482322730007581,32.0,2026092039,16,state_search_derived_silence_combined_v1,True,91.0,201.0274320625,3216.438913
True,131,True,q3-random-2026092040,5ed6453ad2b9f070ae9ea648168e13de398e76e588d7bd6e82029f5e0bb295bf,1.0,10,True,595.0,[],0,119,2015.535392,30.0,2771.535392,0.42438045298331417,20.0,2026092040,10,state_search_derived_silence_combined_v1,True,111.0,277.15353919999995,2771.535392
True,131,True,q3-random-2026092041,18bc24264a4e9fc84c791defb3d71cf42dd2b20beff5bae256124efbf3007450,1.0,12,True,585.0,[],0,117,2160.595098,36.0,2911.595098,0.5207051119941752,24.0,2026092041,12,state_search_derived_silence_combined_v1,True,106.0,242.6329248333333,2911.595098
True,144,True,q3-random-2026092042,e1e2927d7b25136e319fe37bbbcebe4a38d1462fe28f135d5178989aaaf45a22,1.0,11,True,655.0,[],0,131,2540.227152,33.0,3370.227152,0.43715179900755174,22.0,2026092042,11,state_search_derived_silence_combined_v1,True,120.0,306.38428654545453,3370.227152
True,103,True,q3-random-2026092043,bcdd58ce358494b3babbc75e8e08be7bd2b3ffc56d2c0c76d1f364df8b99ab41,1.0,16,True,425.0,[],0,85,2254.253393,48.0,2839.253393,0.5967058319947682,32.0,2026092043,16,state_search_derived_silence_combined_v1,True,80.0,177.4533370625,2839.253393
True,125,True,q3-random-2026092044,2cd302781e463d238026b5406df40b2c1ed51d539bc871c829be8819992e70e5,1.0,16,True,535.0,[],0,107,2342.009822,48.0,3052.009822,0.6587475549895316,32.0,2026092044,16,state_search_derived_silence_combined_v1,True,95.0,190.750613875,3052.009822
True,125,True,q3-random-2026092045,8106948aff19f311c7e23ab8c2033a444a09bf26a7f2b8b9df63288943bc94de,1.0,14,True,545.0,[],0,109,2673.093008,42.0,3389.093008,0.48569632100407034,28.0,2026092045,14,state_search_derived_silence_combined_v1,True,101.0,242.078072,3389.093008
True,129,True,q3-random-2026092046,a97f6340474c063dd8e510915fe4ffd50e622cc72ce23a10b30efe235e2cd9d2,1.0,11,True,580.0,[],0,116,2254.128275,33.0,2997.128275,0.397598037001444,22.0,2026092046,11,state_search_derived_silence_combined_v1,True,108.0,272.46620681818183,2997.128275
True,116,True,q3-random-2026092047,fb0e6f2c4aa67b7fb2c2150dbf388ce79830d944c7484b8119654cb9ecd7010a,1.0,16,True,490.0,[],0,98,2443.090038,48.0,3101.090038,0.6640106200065929,32.0,2026092047,16,state_search_derived_silence_combined_v1,True,88.0,193.818127375,3101.090038
True,124,True,q3-random-2026092048,15a55619b8f180f914ce2233643d3e6a73624cc483590e146b5c5e233c755e22,1.0,14,True,540.0,[],0,108,2265.739507,42.0,2972.739507,0.5330573950195685,28.0,2026092048,14,state_search_derived_silence_combined_v1,True,97.0,212.3385362142857,2972.739507
True,124,True,q3-random-2026092049,5042fc149cf08cf0561f7e3f360800eed11493c977d4831ee86e965de1f7b295,1.0,15,True,535.0,[],0,107,2741.830623,45.0,3447.830623,0.5669202499848325,30.0,2026092049,15,state_search_derived_silence_combined_v1,True,96.0,229.85537486666666,3447.830623
True,136,True,q3-random-2026092050,ccb15a4b573d9217a2df17c7f8eaef197dd7186bf694d362592560d2b66b36b7,1.0,15,True,595.0,[],0,119,2506.583892,45.0,3283.583892,0.5429527400119696,30.0,2026092050,15,state_search_derived_silence_combined_v1,True,107.0,218.9055928,3283.583892
True,134,True,q3-random-2026092051,037a41394a65d6bcabf946e97e58558c36e35ba5d722e7acf0ae59a4b66f64ca,1.0,12,True,600.0,[],0,120,2065.409617,36.0,2833.409617,0.48670177001622505,24.0,2026092051,12,state_search_derived_silence_combined_v1,True,108.0,236.1174680833333,2833.409617
True,126,True,q3-random-2026092052,8a0cc1554d66b4f24286e622bd9e2321c9684b45ff09da873afc077dede66bd4,1.0,13,True,555.0,[],0,111,2548.567431,39.0,3272.567431,0.4710433710133657,26.0,2026092052,13,state_search_derived_silence_combined_v1,True,104.0,251.73595623076923,3272.567431
True,134,True,q3-random-2026092053,c94cd31469cbb713af141b73f6cd0c018cf581e6d058eb6f944e51adeb28bc7e,1.0,12,True,600.0,[],0,120,2112.200293,36.0,2884.200293,0.4282885749998968,24.0,2026092053,12,state_search_derived_silence_combined_v1,True,112.0,240.35002441666666,2884.200293
True,138,True,q3-random-2026092054,fb5159c00d4dfdb6a6b2858e7e420a4f18d73220ceb64ab2bc07ee5b1aae76b4,1.0,11,True,625.0,[],0,125,2443.018917,33.0,3237.018917,0.4782201579946559,22.0,2026092054,11,state_search_derived_silence_combined_v1,True,114.0,294.274447,3237.018917
True,129,True,q3-random-2026092055,83318703f4598cc6ce54d97d8843bed7fca994657d8e94d57e30e90655384513,1.0,12,True,575.0,[],0,115,2223.17824,36.0,2964.17824,0.45232599799055606,24.0,2026092055,12,state_search_derived_silence_combined_v1,True,106.0,247.01485333333335,2964.17824
True,134,True,q3-random-2026092056,0cb81f3c497fa695673d4d0579d8787e8a2fd687dbfd85b359e4df3270c75816,1.0,10,True,610.0,[],0,122,2046.085238,30.0,2819.085238,0.4117062890145462,20.0,2026092056,10,state_search_derived_silence_combined_v1,True,113.0,281.9085238,2819.085238
True,137,True,q3-random-2026092057,836784117e5da74ed62da1fd6438f9b43d2584cf13f60629830c7b4b991fae41,1.0,11,True,620.0,[],0,124,2218.971743,33.0,3008.971743,0.36249164599576034,22.0,2026092057,11,state_search_derived_silence_combined_v1,True,115.0,273.54288572727273,3008.971743
True,137,True,q3-random-2026092058,27077e116fd479cde79e26c725c8820786c7331ed25a53d9d81f378d01caf7e1,1.0,11,True,620.0,[],0,124,2729.543466,33.0,3518.543466,0.40442337599233724,22.0,2026092058,11,state_search_derived_silence_combined_v1,True,114.0,319.86758781818185,3518.543466
True,107,True,q3-random-2026092059,b51679c40327449fa980b70d24a9cd9d99233a71969e7f646ab40f11b14d2212,1.0,16,True,445.0,[],0,89,2563.746744,48.0,3169.746744,0.6563587329874281,32.0,2026092059,16,state_search_derived_silence_combined_v1,True,81.0,198.1091715,3169.746744
True,132,True,q3-random-2026092060,207cb6027f23f22d92a0f62d884480c3c2da28ef5df92ffcf2f8dc1584a3f493,1.0,14,True,580.0,[],0,116,2479.970717,42.0,3236.970717,0.522386541008018,28.0,2026092060,14,state_search_derived_silence_combined_v1,True,107.0,231.21219407142857,3236.970717
True,128,True,q3-random-2026092061,b1cd447e148dc96380c18022cc768fbbe809428d669410e803171fe3eea5bfad,1.0,11,True,575.0,[],0,115,2231.553909,33.0,2965.553909,0.3346433860133402,22.0,2026092061,11,state_search_derived_silence_combined_v1,True,104.0,269.5958099090909,2965.553909
True,131,True,q3-random-2026092062,1b1c2aaf5d1f83f1cfa59cc5a64f1b13e6702bd51fa9e646500fa7dd0e7d5545,1.0,13,True,580.0,[],0,116,2001.929656,39.0,2752.929656,0.5325341340212617,26.0,2026092062,13,state_search_derived_silence_combined_v1,True,106.0,211.76381969230766,2752.929656
