problem,case_id,case_kind,strategy,source_total,cleared_total,all_cleared,cleared_fraction,completion_certified,completion_reason,virtual_time_s,mean_time_per_cleared_s,program_runtime_s,measurement_count,failed_clear_count,action_count,movement_s,switching_s,detection_s,optical_s,removal_s,trace
3,q3-random-1000,random,baseline,10,10,True,1.0,True,coverage_exhausted_and_all_detected_cleared,6045.80738,604.580738,0.024495900001056725,140,155,307,4691.80738,139.0,700.0,495.0,20.0,traces/q3-random-1000--baseline.json.gz
3,q3-random-1000,random,adaptive_center,10,10,True,1.0,True,coverage_exhausted_and_all_detected_cleared,5220.874604,522.0874603999999,0.043462599998747464,137,0,149,4376.874604,109.0,685.0,30.0,20.0,traces/q3-random-1000--adaptive_center.json.gz
3,q3-random-1000,random,adaptive_minimax,10,10,True,1.0,True,coverage_exhausted_and_all_detected_cleared,5833.915772,583.3915772,0.18160200000056648,120,0,132,5074.915772,109.0,600.0,30.0,20.0,traces/q3-random-1000--adaptive_minimax.json.gz
3,q3-random-1001,random,baseline,12,12,True,1.0,True,coverage_exhausted_and_all_detected_cleared,5425.488517,452.12404308333333,0.029782099998556077,140,70,224,4316.488517,139.0,700.0,246.0,24.0,traces/q3-random-1001--baseline.json.gz
3,q3-random-1001,random,adaptive_center,12,12,True,1.0,True,coverage_exhausted_and_all_detected_cleared,4166.327963,347.19399691666666,0.04053099999873666,118,0,132,3422.327963,94.0,590.0,36.0,24.0,traces/q3-random-1001--adaptive_center.json.gz
3,q3-random-1001,random,adaptive_minimax,12,12,True,1.0,True,coverage_exhausted_and_all_detected_cleared,5315.460808,442.9550673333333,0.19118490000255406,104,0,118,4641.460808,94.0,520.0,36.0,24.0,traces/q3-random-1001--adaptive_minimax.json.gz
3,q3-random-1002,random,baseline,12,12,True,1.0,True,coverage_exhausted_and_all_detected_cleared,5321.956576,443.4963813333333,0.032971299999189796,140,130,284,4032.956576,139.0,700.0,426.0,24.0,traces/q3-random-1002--baseline.json.gz
3,q3-random-1002,random,adaptive_center,12,12,True,1.0,True,coverage_exhausted_and_all_detected_cleared,5308.394337,442.36619475,0.05583429999751388,133,0,147,4491.394337,92.0,665.0,36.0,24.0,traces/q3-random-1002--adaptive_center.json.gz
3,q3-random-1002,random,adaptive_minimax,12,12,True,1.0,True,coverage_exhausted_and_all_detected_cleared,5862.650029,488.55416908333336,0.19723199999862118,107,0,121,5175.650029,92.0,535.0,36.0,24.0,traces/q3-random-1002--adaptive_minimax.json.gz
3,q3-random-1003,random,baseline,14,14,True,1.0,True,coverage_exhausted_and_all_detected_cleared,6466.574095,461.89814964285716,0.034933800001454074,140,226,382,4879.574095,139.0,700.0,720.0,28.0,traces/q3-random-1003--baseline.json.gz
3,q3-random-1003,random,adaptive_center,14,14,True,1.0,True,coverage_exhausted_and_all_detected_cleared,5610.029877,400.71641978571427,0.05747250000058557,127,0,143,4815.029877,90.0,635.0,42.0,28.0,traces/q3-random-1003--adaptive_center.json.gz
3,q3-random-1003,random,adaptive_minimax,14,14,True,1.0,True,coverage_exhausted_and_all_detected_cleared,6177.790907,441.27077907142854,0.17545760000211885,99,0,115,5522.790907,90.0,495.0,42.0,28.0,traces/q3-random-1003--adaptive_minimax.json.gz
3,q3-random-1004,random,baseline,14,14,True,1.0,True,coverage_exhausted_and_all_detected_cleared,5208.020069,372.0014335,0.03629250000085449,140,81,237,4056.020069,139.0,700.0,285.0,28.0,traces/q3-random-1004--baseline.json.gz
3,q3-random-1004,random,adaptive_center,14,14,True,1.0,True,coverage_exhausted_and_all_detected_cleared,4976.290967,355.44935478571426,0.05588780000107363,125,0,141,4197.290967,84.0,625.0,42.0,28.0,traces/q3-random-1004--adaptive_center.json.gz
3,q3-random-1004,random,adaptive_minimax,14,14,True,1.0,True,coverage_exhausted_and_all_detected_cleared,5536.355686,395.45397757142854,0.21076349999930244,97,0,113,4897.355686,84.0,485.0,42.0,28.0,traces/q3-random-1004--adaptive_minimax.json.gz
3,q3-random-1005,random,baseline,10,10,True,1.0,True,coverage_exhausted_and_all_detected_cleared,4225.169814,422.51698139999996,0.030200799999875017,140,33,185,3237.169814,139.0,700.0,129.0,20.0,traces/q3-random-1005--baseline.json.gz
3,q3-random-1005,random,adaptive_center,10,10,True,1.0,True,coverage_exhausted_and_all_detected_cleared,4585.155958,458.5155958,0.038057399997342145,121,0,133,3835.155958,95.0,605.0,30.0,20.0,traces/q3-random-1005--adaptive_center.json.gz
3,q3-random-1005,random,adaptive_minimax,10,10,True,1.0,True,coverage_exhausted_and_all_detected_cleared,4618.796758,461.87967580000003,0.17529989999820828,108,0,120,3933.796758,95.0,540.0,30.0,20.0,traces/q3-random-1005--adaptive_minimax.json.gz
3,q3-random-1006,random,baseline,13,13,True,1.0,True,coverage_exhausted_and_all_detected_cleared,5702.906261,438.685097,0.030017099998076446,140,172,327,4282.906261,139.0,700.0,555.0,26.0,traces/q3-random-1006--baseline.json.gz
3,q3-random-1006,random,adaptive_center,13,13,True,1.0,True,coverage_exhausted_and_all_detected_cleared,4957.578726,381.35220969230767,0.04534880000210251,138,0,153,4092.578726,110.0,690.0,39.0,26.0,traces/q3-random-1006--adaptive_center.json.gz
3,q3-random-1006,random,adaptive_minimax,13,13,True,1.0,True,coverage_exhausted_and_all_detected_cleared,6134.351287,471.87317592307693,0.20898440000019036,123,0,138,5344.351287,110.0,615.0,39.0,26.0,traces/q3-random-1006--adaptive_minimax.json.gz
3,q3-random-1007,random,baseline,11,11,True,1.0,True,coverage_exhausted_and_all_detected_cleared,4915.803334,446.8912121818182,0.02880179999920074,140,35,188,3916.803334,139.0,700.0,138.0,22.0,traces/q3-random-1007--baseline.json.gz
3,q3-random-1007,random,adaptive_center,11,11,True,1.0,True,coverage_exhausted_and_all_detected_cleared,5431.832933,493.8029939090909,0.050444600001355866,139,0,152,4579.832933,102.0,695.0,33.0,22.0,traces/q3-random-1007--adaptive_center.json.gz
3,q3-random-1007,random,adaptive_minimax,11,11,True,1.0,True,coverage_exhausted_and_all_detected_cleared,5809.891507,528.1719551818182,0.17819729999973788,116,0,129,5072.891507,102.0,580.0,33.0,22.0,traces/q3-random-1007--adaptive_minimax.json.gz
3,q3-random-1008,random,baseline,12,12,True,1.0,True,coverage_exhausted_and_all_detected_cleared,5781.801861,481.81682175,0.029978200000186916,140,139,293,4465.801861,139.0,700.0,453.0,24.0,traces/q3-random-1008--baseline.json.gz
3,q3-random-1008,random,adaptive_center,12,12,True,1.0,True,coverage_exhausted_and_all_detected_cleared,5107.459424,425.6216186666666,0.04667440000048373,130,0,144,4296.459424,101.0,650.0,36.0,24.0,traces/q3-random-1008--adaptive_center.json.gz
3,q3-random-1008,random,adaptive_minimax,12,12,True,1.0,True,coverage_exhausted_and_all_detected_cleared,6061.096792,505.09139933333336,0.1885606999967422,110,0,124,5350.096792,101.0,550.0,36.0,24.0,traces/q3-random-1008--adaptive_minimax.json.gz
3,q3-random-1009,random,baseline,15,15,True,1.0,True,coverage_exhausted_and_all_detected_cleared,4664.545664,310.9697109333334,0.03717239999969024,140,36,193,3642.545664,139.0,700.0,153.0,30.0,traces/q3-random-1009--baseline.json.gz
3,q3-random-1009,random,adaptive_center,15,15,True,1.0,True,coverage_exhausted_and_all_detected_cleared,5656.813047,377.1208698,0.06472479999865755,127,0,144,4865.813047,81.0,635.0,45.0,30.0,traces/q3-random-1009--adaptive_center.json.gz
3,q3-random-1009,random,adaptive_minimax,15,15,True,1.0,True,coverage_exhausted_and_all_detected_cleared,5781.661302,385.44408680000004,0.24300990000119782,96,0,113,5145.661302,81.0,480.0,45.0,30.0,traces/q3-random-1009--adaptive_minimax.json.gz
3,q3-random-1010,random,baseline,12,12,True,1.0,True,coverage_exhausted_and_all_detected_cleared,4894.742402,407.89520016666665,0.03567069999917294,140,22,176,3929.742402,139.0,700.0,102.0,24.0,traces/q3-random-1010--baseline.json.gz
3,q3-random-1010,random,adaptive_center,12,12,True,1.0,True,coverage_exhausted_and_all_detected_cleared,4923.282132,410.27351100000004,0.053658100001484854,130,0,144,4116.282132,97.0,650.0,36.0,24.0,traces/q3-random-1010--adaptive_center.json.gz
3,q3-random-1010,random,adaptive_minimax,12,12,True,1.0,True,coverage_exhausted_and_all_detected_cleared,5618.931186,468.2442655,0.20106459999806248,107,0,121,4926.931186,97.0,535.0,36.0,24.0,traces/q3-random-1010--adaptive_minimax.json.gz
3,q3-random-1011,random,baseline,15,15,True,1.0,True,coverage_exhausted_and_all_detected_cleared,7439.577668,495.97184453333335,0.04282690000036382,140,258,415,5751.577668,139.0,700.0,819.0,30.0,traces/q3-random-1011--baseline.json.gz
3,q3-random-1011,random,adaptive_center,15,15,True,1.0,True,coverage_exhausted_and_all_detected_cleared,5754.729053,383.64860353333336,0.0758495000009134,136,0,153,4911.729053,88.0,680.0,45.0,30.0,traces/q3-random-1011--adaptive_center.json.gz
3,q3-random-1011,random,adaptive_minimax,15,15,True,1.0,True,coverage_exhausted_and_all_detected_cleared,6210.230032,414.01533546666667,0.22752419999960694,100,0,117,5547.230032,88.0,500.0,45.0,30.0,traces/q3-random-1011--adaptive_minimax.json.gz
3,q3-random-1012,random,baseline,14,14,True,1.0,True,coverage_exhausted_and_all_detected_cleared,6105.268151,436.09058221428575,0.038710600001650164,140,157,313,4725.268151,139.0,700.0,513.0,28.0,traces/q3-random-1012--baseline.json.gz
3,q3-random-1012,random,adaptive_center,14,14,True,1.0,True,coverage_exhausted_and_all_detected_cleared,5135.986902,366.8562072857143,0.06165289999989909,124,0,140,4360.986902,85.0,620.0,42.0,28.0,traces/q3-random-1012--adaptive_center.json.gz
3,q3-random-1012,random,adaptive_minimax,14,14,True,1.0,True,coverage_exhausted_and_all_detected_cleared,5901.861353,421.5615252142857,0.19545099999959348,94,0,110,5276.861353,85.0,470.0,42.0,28.0,traces/q3-random-1012--adaptive_minimax.json.gz
3,q3-random-1013,random,baseline,11,11,True,1.0,True,coverage_exhausted_and_all_detected_cleared,6293.034453,572.0940411818182,0.032550300002185395,140,198,351,4805.034453,139.0,700.0,627.0,22.0,traces/q3-random-1013--baseline.json.gz
3,q3-random-1013,random,adaptive_center,11,11,True,1.0,True,coverage_exhausted_and_all_detected_cleared,4479.751723,407.25015663636367,0.04063699999824166,128,0,141,3679.751723,105.0,640.0,33.0,22.0,traces/q3-random-1013--adaptive_center.json.gz
3,q3-random-1013,random,adaptive_minimax,11,11,True,1.0,True,coverage_exhausted_and_all_detected_cleared,5590.131821,508.1938019090909,0.15162860000054934,112,0,125,4870.131821,105.0,560.0,33.0,22.0,traces/q3-random-1013--adaptive_minimax.json.gz
3,q3-random-1014,random,baseline,12,12,True,1.0,True,coverage_exhausted_and_all_detected_cleared,5005.756706,417.14639216666666,0.03056300000025658,140,72,226,3890.756706,139.0,700.0,252.0,24.0,traces/q3-random-1014--baseline.json.gz
3,q3-random-1014,random,adaptive_center,12,12,True,1.0,True,coverage_exhausted_and_all_detected_cleared,4494.081108,374.50675900000005,0.04756170000109705,137,0,151,3640.081108,109.0,685.0,36.0,24.0,traces/q3-random-1014--adaptive_center.json.gz
3,q3-random-1014,random,adaptive_minimax,12,12,True,1.0,True,coverage_exhausted_and_all_detected_cleared,5475.174535,456.26454458333336,0.15799449999758508,116,0,130,4726.174535,109.0,580.0,36.0,24.0,traces/q3-random-1014--adaptive_minimax.json.gz
3,q3-random-1015,random,baseline,14,14,True,1.0,True,coverage_exhausted_and_all_detected_cleared,5081.571643,362.9694030714286,0.03672740000183694,140,84,240,3920.571643,139.0,700.0,294.0,28.0,traces/q3-random-1015--baseline.json.gz
3,q3-random-1015,random,adaptive_center,14,14,True,1.0,True,coverage_exhausted_and_all_detected_cleared,5050.023339,360.7159527857143,0.059275999999954365,130,0,146,4238.023339,92.0,650.0,42.0,28.0,traces/q3-random-1015--adaptive_center.json.gz
3,q3-random-1015,random,adaptive_minimax,14,14,True,1.0,True,coverage_exhausted_and_all_detected_cleared,5608.252369,400.5894549285714,0.19270659999892814,103,0,119,4931.252369,92.0,515.0,42.0,28.0,traces/q3-random-1015--adaptive_minimax.json.gz
3,q3-random-1016,random,baseline,12,12,True,1.0,True,coverage_exhausted_and_all_detected_cleared,5947.451388,495.62094900000005,0.03902070000185631,140,230,384,4358.451388,139.0,700.0,726.0,24.0,traces/q3-random-1016--baseline.json.gz
3,q3-random-1016,random,adaptive_center,12,12,True,1.0,True,coverage_exhausted_and_all_detected_cleared,5439.008507,453.2507089166666,0.05275360000086948,130,0,144,4634.008507,95.0,650.0,36.0,24.0,traces/q3-random-1016--adaptive_center.json.gz
3,q3-random-1016,random,adaptive_minimax,12,12,True,1.0,True,coverage_exhausted_and_all_detected_cleared,6194.391976,516.1993313333334,0.21090709999771207,108,0,122,5499.391976,95.0,540.0,36.0,24.0,traces/q3-random-1016--adaptive_minimax.json.gz
3,q3-random-1017,random,baseline,15,15,True,1.0,True,coverage_exhausted_and_all_detected_cleared,5008.123023,333.8748682,0.037123599999176804,140,56,213,3926.123023,139.0,700.0,213.0,30.0,traces/q3-random-1017--baseline.json.gz
3,q3-random-1017,random,adaptive_center,15,15,True,1.0,True,coverage_exhausted_and_all_detected_cleared,5114.997169,340.99981126666665,0.05284799999935785,111,0,128,4408.997169,76.0,555.0,45.0,30.0,traces/q3-random-1017--adaptive_center.json.gz
3,q3-random-1017,random,adaptive_minimax,15,15,True,1.0,True,coverage_exhausted_and_all_detected_cleared,6225.789149,415.0526099333334,0.2078365000015765,90,0,107,5624.789149,76.0,450.0,45.0,30.0,traces/q3-random-1017--adaptive_minimax.json.gz
3,q3-random-1018,random,baseline,12,12,True,1.0,True,coverage_exhausted_and_all_detected_cleared,5731.728914,477.6440761666667,0.03234420000080718,140,134,288,4430.728914,139.0,700.0,438.0,24.0,traces/q3-random-1018--baseline.json.gz
3,q3-random-1018,random,adaptive_center,12,12,True,1.0,True,coverage_exhausted_and_all_detected_cleared,4658.97108,388.24759,0.06056219999663881,134,0,148,3828.97108,100.0,670.0,36.0,24.0,traces/q3-random-1018--adaptive_center.json.gz
3,q3-random-1018,random,adaptive_minimax,12,12,True,1.0,True,coverage_exhausted_and_all_detected_cleared,5563.176272,463.5980226666666,0.18865260000166018,110,0,124,4853.176272,100.0,550.0,36.0,24.0,traces/q3-random-1018--adaptive_minimax.json.gz
3,q3-random-1019,random,baseline,13,13,True,1.0,True,coverage_exhausted_and_all_detected_cleared,5485.428837,421.9560643846154,0.03403780000007828,140,114,269,4239.428837,139.0,700.0,381.0,26.0,traces/q3-random-1019--baseline.json.gz
3,q3-random-1019,random,adaptive_center,13,13,True,1.0,True,coverage_exhausted_and_all_detected_cleared,4428.801956,340.67707353846157,0.049411500000132946,128,0,143,3624.801956,99.0,640.0,39.0,26.0,traces/q3-random-1019--adaptive_center.json.gz
3,q3-random-1019,random,adaptive_minimax,13,13,True,1.0,True,coverage_exhausted_and_all_detected_cleared,5470.650666,420.819282,0.1777994000003673,106,0,121,4776.650666,99.0,530.0,39.0,26.0,traces/q3-random-1019--adaptive_minimax.json.gz
3,q3-random-1020,random,baseline,14,14,True,1.0,True,coverage_exhausted_and_all_detected_cleared,4533.87067,323.847905,0.03482449999864912,140,60,216,3444.87067,139.0,700.0,222.0,28.0,traces/q3-random-1020--baseline.json.gz
3,q3-random-1020,random,adaptive_center,14,14,True,1.0,True,coverage_exhausted_and_all_detected_cleared,4667.339766,333.38141185714284,0.06207630000062636,126,0,142,3875.339766,92.0,630.0,42.0,28.0,traces/q3-random-1020--adaptive_center.json.gz
3,q3-random-1020,random,adaptive_minimax,14,14,True,1.0,True,coverage_exhausted_and_all_detected_cleared,5571.719245,397.97994607142857,0.19191259999934118,101,0,117,4904.719245,92.0,505.0,42.0,28.0,traces/q3-random-1020--adaptive_minimax.json.gz
3,q3-random-1021,random,baseline,11,11,True,1.0,True,coverage_exhausted_and_all_detected_cleared,7392.188809,672.0171644545454,0.032376600000134204,140,297,450,5607.188809,139.0,700.0,924.0,22.0,traces/q3-random-1021--baseline.json.gz
3,q3-random-1021,random,adaptive_center,11,11,True,1.0,True,coverage_exhausted_and_all_detected_cleared,5180.858253,470.98711390909097,0.05479449999984354,135,0,148,4353.858253,97.0,675.0,33.0,22.0,traces/q3-random-1021--adaptive_center.json.gz
3,q3-random-1021,random,adaptive_minimax,11,11,True,1.0,True,coverage_exhausted_and_all_detected_cleared,5512.631913,501.14835572727276,0.19537200000195298,110,0,123,4810.631913,97.0,550.0,33.0,22.0,traces/q3-random-1021--adaptive_minimax.json.gz
3,q3-random-1022,random,baseline,16,16,True,1.0,True,coverage_exhausted_and_all_detected_cleared,7985.193741,499.0746088125,0.04961589999948046,140,346,504,6028.193741,139.0,700.0,1086.0,32.0,traces/q3-random-1022--baseline.json.gz
3,q3-random-1022,random,adaptive_center,16,16,True,1.0,True,coverage_exhausted_and_all_detected_cleared,5494.577735,343.4111084375,0.06863800000064657,123,0,141,4714.577735,85.0,615.0,48.0,32.0,traces/q3-random-1022--adaptive_center.json.gz
3,q3-random-1022,random,adaptive_minimax,16,16,True,1.0,True,coverage_exhausted_and_all_detected_cleared,7059.79164,441.2369775,0.27609449999727076,99,0,117,6399.79164,85.0,495.0,48.0,32.0,traces/q3-random-1022--adaptive_minimax.json.gz
3,q3-random-1023,random,baseline,13,13,True,1.0,True,coverage_exhausted_and_all_detected_cleared,5123.079837,394.0830643846154,0.03817459999845596,140,59,214,4042.079837,139.0,700.0,216.0,26.0,traces/q3-random-1023--baseline.json.gz
3,q3-random-1023,random,adaptive_center,13,13,True,1.0,True,coverage_exhausted_and_all_detected_cleared,4758.622723,366.0479017692308,0.04990700000053039,126,0,141,3970.622723,93.0,630.0,39.0,26.0,traces/q3-random-1023--adaptive_center.json.gz
3,q3-random-1023,random,adaptive_minimax,13,13,True,1.0,True,coverage_exhausted_and_all_detected_cleared,5045.873025,388.14407884615383,0.16313080000327318,100,0,115,4387.873025,93.0,500.0,39.0,26.0,traces/q3-random-1023--adaptive_minimax.json.gz
3,q3-random-1024,random,baseline,13,13,True,1.0,True,coverage_exhausted_and_all_detected_cleared,5393.906898,414.91591523076926,0.037210499998764135,140,92,247,4213.906898,139.0,700.0,315.0,26.0,traces/q3-random-1024--baseline.json.gz
3,q3-random-1024,random,adaptive_center,13,13,True,1.0,True,coverage_exhausted_and_all_detected_cleared,5184.291707,398.7916697692308,0.05979799999840907,127,0,142,4391.291707,93.0,635.0,39.0,26.0,traces/q3-random-1024--adaptive_center.json.gz
3,q3-random-1024,random,adaptive_minimax,13,13,True,1.0,True,coverage_exhausted_and_all_detected_cleared,5346.164592,411.24343015384613,0.16704519999984768,100,0,115,4688.164592,93.0,500.0,39.0,26.0,traces/q3-random-1024--adaptive_minimax.json.gz
3,q3-random-1025,random,baseline,16,16,True,1.0,True,coverage_exhausted_and_all_detected_cleared,5570.973039,348.1858149375,0.053447800000867574,140,83,241,4402.973039,139.0,700.0,297.0,32.0,traces/q3-random-1025--baseline.json.gz
3,q3-random-1025,random,adaptive_center,16,16,True,1.0,True,coverage_exhausted_and_all_detected_cleared,4845.652983,302.8533114375,0.07303550000142423,116,0,134,4101.652983,84.0,580.0,48.0,32.0,traces/q3-random-1025--adaptive_center.json.gz
3,q3-random-1025,random,adaptive_minimax,16,16,True,1.0,True,coverage_exhausted_and_all_detected_cleared,5748.042401,359.2526500625,0.2514097999992373,95,0,113,5109.042401,84.0,475.0,48.0,32.0,traces/q3-random-1025--adaptive_minimax.json.gz
3,q3-random-1026,random,baseline,10,10,True,1.0,True,coverage_exhausted_and_all_detected_cleared,7638.837985,763.8837985,0.024626099999295548,140,338,490,5735.837985,139.0,700.0,1044.0,20.0,traces/q3-random-1026--baseline.json.gz
3,q3-random-1026,random,adaptive_center,10,10,True,1.0,True,coverage_exhausted_and_all_detected_cleared,4109.483801,410.9483801,0.04994100000112667,140,0,152,3248.483801,111.0,700.0,30.0,20.0,traces/q3-random-1026--adaptive_center.json.gz
3,q3-random-1026,random,adaptive_minimax,10,10,True,1.0,True,coverage_exhausted_and_all_detected_cleared,4740.881825,474.0881825,0.20405439999740338,119,0,131,3984.881825,111.0,595.0,30.0,20.0,traces/q3-random-1026--adaptive_minimax.json.gz
3,q3-random-1027,random,baseline,12,12,True,1.0,True,coverage_exhausted_and_all_detected_cleared,5279.782657,439.98188808333333,0.031464499999856343,140,107,261,4059.782657,139.0,700.0,357.0,24.0,traces/q3-random-1027--baseline.json.gz
3,q3-random-1027,random,adaptive_center,12,12,True,1.0,True,coverage_exhausted_and_all_detected_cleared,4423.070266,368.5891888333333,0.05435769999894546,133,0,147,3598.070266,100.0,665.0,36.0,24.0,traces/q3-random-1027--adaptive_center.json.gz
3,q3-random-1027,random,adaptive_minimax,12,12,True,1.0,True,coverage_exhausted_and_all_detected_cleared,5248.769218,437.39743483333336,0.16490329999942333,108,0,122,4548.769218,100.0,540.0,36.0,24.0,traces/q3-random-1027--adaptive_minimax.json.gz
3,q3-random-1028,random,baseline,12,12,True,1.0,True,coverage_exhausted_and_all_detected_cleared,5998.775877,499.89798975,0.032555099998717196,140,188,342,4535.775877,139.0,700.0,600.0,24.0,traces/q3-random-1028--baseline.json.gz
3,q3-random-1028,random,adaptive_center,12,12,True,1.0,True,coverage_exhausted_and_all_detected_cleared,4884.558064,407.0465053333333,0.053031799998279894,122,0,136,4125.558064,89.0,610.0,36.0,24.0,traces/q3-random-1028--adaptive_center.json.gz
3,q3-random-1028,random,adaptive_minimax,12,12,True,1.0,True,coverage_exhausted_and_all_detected_cleared,5662.742864,471.89523866666667,0.17935790000046836,101,0,115,5008.742864,89.0,505.0,36.0,24.0,traces/q3-random-1028--adaptive_minimax.json.gz
3,q3-random-1029,random,baseline,13,13,True,1.0,True,coverage_exhausted_and_all_detected_cleared,6024.141097,463.395469,0.03543989999889163,140,190,345,4550.141097,139.0,700.0,609.0,26.0,traces/q3-random-1029--baseline.json.gz
3,q3-random-1029,random,adaptive_center,13,13,True,1.0,True,coverage_exhausted_and_all_detected_cleared,4768.916009,366.83969299999995,0.053029199996672105,133,0,148,3938.916009,100.0,665.0,39.0,26.0,traces/q3-random-1029--adaptive_center.json.gz
3,q3-random-1029,random,adaptive_minimax,13,13,True,1.0,True,coverage_exhausted_and_all_detected_cleared,5938.069249,456.77455761538465,0.25650150000001304,113,0,128,5208.069249,100.0,565.0,39.0,26.0,traces/q3-random-1029--adaptive_minimax.json.gz
3,q3-random-1030,random,baseline,13,13,True,1.0,True,coverage_exhausted_and_all_detected_cleared,6634.893602,510.37643092307695,0.04140259999985574,140,250,405,4980.893602,139.0,700.0,789.0,26.0,traces/q3-random-1030--baseline.json.gz
3,q3-random-1030,random,adaptive_center,13,13,True,1.0,True,coverage_exhausted_and_all_detected_cleared,4837.953081,372.15023699999995,0.06981810000070254,141,0,156,3963.953081,104.0,705.0,39.0,26.0,traces/q3-random-1030--adaptive_center.json.gz
3,q3-random-1030,random,adaptive_minimax,13,13,True,1.0,True,coverage_exhausted_and_all_detected_cleared,5974.354369,459.56572069230765,0.25194570000167005,117,0,132,5220.354369,104.0,585.0,39.0,26.0,traces/q3-random-1030--adaptive_minimax.json.gz
3,q3-random-1031,random,baseline,16,16,True,1.0,True,coverage_exhausted_and_all_detected_cleared,5801.534995,362.5959371875,0.04475969999839435,140,105,263,4567.534995,139.0,700.0,363.0,32.0,traces/q3-random-1031--baseline.json.gz
3,q3-random-1031,random,adaptive_center,16,16,True,1.0,True,coverage_exhausted_and_all_detected_cleared,5511.310309,344.4568943125,0.06445940000048722,116,0,134,4774.310309,77.0,580.0,48.0,32.0,traces/q3-random-1031--adaptive_center.json.gz
3,q3-random-1031,random,adaptive_minimax,16,16,True,1.0,True,coverage_exhausted_and_all_detected_cleared,6178.652631,386.1657894375,0.2187331000022823,87,0,105,5586.652631,77.0,435.0,48.0,32.0,traces/q3-random-1031--adaptive_minimax.json.gz
3,q3-random-1032,random,baseline,14,14,True,1.0,True,coverage_exhausted_and_all_detected_cleared,4580.577722,327.184123,0.04148919999715872,140,26,182,3593.577722,139.0,700.0,120.0,28.0,traces/q3-random-1032--baseline.json.gz
3,q3-random-1032,random,adaptive_center,14,14,True,1.0,True,coverage_exhausted_and_all_detected_cleared,4771.23416,340.80244,0.05720629999996163,117,0,133,4034.23416,82.0,585.0,42.0,28.0,traces/q3-random-1032--adaptive_center.json.gz
3,q3-random-1032,random,adaptive_minimax,14,14,True,1.0,True,coverage_exhausted_and_all_detected_cleared,5758.846396,411.34617114285714,0.19512100000065402,91,0,107,5151.846396,82.0,455.0,42.0,28.0,traces/q3-random-1032--adaptive_minimax.json.gz
3,q3-random-1033,random,baseline,12,12,True,1.0,True,coverage_exhausted_and_all_detected_cleared,7341.573779,611.7978149166667,0.03432369999791263,140,325,479,5467.573779,139.0,700.0,1011.0,24.0,traces/q3-random-1033--baseline.json.gz
3,q3-random-1033,random,adaptive_center,12,12,True,1.0,True,coverage_exhausted_and_all_detected_cleared,5268.347914,439.02899283333335,0.05568649999986519,139,0,153,4406.347914,107.0,695.0,36.0,24.0,traces/q3-random-1033--adaptive_center.json.gz
3,q3-random-1033,random,adaptive_minimax,12,12,True,1.0,True,coverage_exhausted_and_all_detected_cleared,6595.502766,549.6252304999999,0.1836356000021624,116,0,130,5848.502766,107.0,580.0,36.0,24.0,traces/q3-random-1033--adaptive_minimax.json.gz
3,q3-random-1034,random,baseline,16,16,True,1.0,True,coverage_exhausted_and_all_detected_cleared,5782.096136,361.3810085,0.038492400002724025,140,121,279,4500.096136,139.0,700.0,411.0,32.0,traces/q3-random-1034--baseline.json.gz
3,q3-random-1034,random,adaptive_center,16,16,True,1.0,True,coverage_exhausted_and_all_detected_cleared,5567.147994,347.946749625,0.0648650999974052,122,0,140,4793.147994,84.0,610.0,48.0,32.0,traces/q3-random-1034--adaptive_center.json.gz
3,q3-random-1034,random,adaptive_minimax,16,16,True,1.0,True,coverage_exhausted_and_all_detected_cleared,6536.587174,408.536698375,0.2636896000003617,98,0,116,5882.587174,84.0,490.0,48.0,32.0,traces/q3-random-1034--adaptive_minimax.json.gz
3,q3-random-1035,random,baseline,12,12,True,1.0,True,coverage_exhausted_and_all_detected_cleared,5963.605909,496.96715908333334,0.034234399998240406,140,135,289,4659.605909,139.0,700.0,441.0,24.0,traces/q3-random-1035--baseline.json.gz
3,q3-random-1035,random,adaptive_center,12,12,True,1.0,True,coverage_exhausted_and_all_detected_cleared,4660.629586,388.38579883333335,0.05342620000010356,136,0,150,3814.629586,106.0,680.0,36.0,24.0,traces/q3-random-1035--adaptive_center.json.gz
3,q3-random-1035,random,adaptive_minimax,12,12,True,1.0,True,coverage_exhausted_and_all_detected_cleared,5364.012627,447.00105225,0.19358229999852483,117,0,131,4613.012627,106.0,585.0,36.0,24.0,traces/q3-random-1035--adaptive_minimax.json.gz
3,q3-random-1036,random,baseline,14,14,True,1.0,True,coverage_exhausted_and_all_detected_cleared,4830.773639,345.05525992857145,0.03884290000132751,140,60,216,3741.773639,139.0,700.0,222.0,28.0,traces/q3-random-1036--baseline.json.gz
3,q3-random-1036,random,adaptive_center,14,14,True,1.0,True,coverage_exhausted_and_all_detected_cleared,5647.903796,403.4216997142857,0.05949890000192681,128,0,144,4846.903796,91.0,640.0,42.0,28.0,traces/q3-random-1036--adaptive_center.json.gz
3,q3-random-1036,random,adaptive_minimax,14,14,True,1.0,True,coverage_exhausted_and_all_detected_cleared,5972.252154,426.58943957142856,0.35461900000154856,105,0,121,5286.252154,91.0,525.0,42.0,28.0,traces/q3-random-1036--adaptive_minimax.json.gz
3,q3-random-1037,random,baseline,10,10,True,1.0,True,coverage_exhausted_and_all_detected_cleared,5058.361406,505.8361406,0.03943100000105915,140,90,242,3899.361406,139.0,700.0,300.0,20.0,traces/q3-random-1037--baseline.json.gz
3,q3-random-1037,random,adaptive_center,10,10,True,1.0,True,coverage_exhausted_and_all_detected_cleared,4292.390124,429.2390124,0.05940959999861661,130,0,142,3488.390124,104.0,650.0,30.0,20.0,traces/q3-random-1037--adaptive_center.json.gz
3,q3-random-1037,random,adaptive_minimax,10,10,True,1.0,True,coverage_exhausted_and_all_detected_cleared,4929.801193,492.9801193,0.24707009999838192,115,0,127,4200.801193,104.0,575.0,30.0,20.0,traces/q3-random-1037--adaptive_minimax.json.gz
3,q3-random-1038,random,baseline,14,14,True,1.0,True,coverage_exhausted_and_all_detected_cleared,6897.948792,492.710628,0.05701720000070054,140,284,440,5136.948792,139.0,700.0,894.0,28.0,traces/q3-random-1038--baseline.json.gz
3,q3-random-1038,random,adaptive_center,14,14,True,1.0,True,coverage_exhausted_and_all_detected_cleared,5689.299315,406.37852250000003,0.08614780000061728,126,0,142,4900.299315,89.0,630.0,42.0,28.0,traces/q3-random-1038--adaptive_center.json.gz
3,q3-random-1038,random,adaptive_minimax,14,14,True,1.0,True,coverage_exhausted_and_all_detected_cleared,6492.637269,463.75980492857144,0.35291219999999157,103,0,119,5818.637269,89.0,515.0,42.0,28.0,traces/q3-random-1038--adaptive_minimax.json.gz
3,q3-random-1039,random,baseline,10,10,True,1.0,True,coverage_exhausted_and_all_detected_cleared,5128.88036,512.888036,0.03645719999985886,140,31,183,4146.88036,139.0,700.0,123.0,20.0,traces/q3-random-1039--baseline.json.gz
3,q3-random-1039,random,adaptive_center,10,10,True,1.0,True,coverage_exhausted_and_all_detected_cleared,4066.390265,406.6390265,0.055852400000730995,125,0,137,3288.390265,103.0,625.0,30.0,20.0,traces/q3-random-1039--adaptive_center.json.gz
3,q3-random-1039,random,adaptive_minimax,10,10,True,1.0,True,coverage_exhausted_and_all_detected_cleared,4647.737027,464.7737027,0.18254410000008647,111,0,123,3939.737027,103.0,555.0,30.0,20.0,traces/q3-random-1039--adaptive_minimax.json.gz
3,q3-random-1040,random,baseline,13,13,True,1.0,True,coverage_exhausted_and_all_detected_cleared,6215.492728,478.11482523076927,0.04684899999847403,140,187,342,4750.492728,139.0,700.0,600.0,26.0,traces/q3-random-1040--baseline.json.gz
3,q3-random-1040,random,adaptive_center,13,13,True,1.0,True,coverage_exhausted_and_all_detected_cleared,5535.765806,425.82813892307695,0.0963666000025114,150,0,165,4611.765806,109.0,750.0,39.0,26.0,traces/q3-random-1040--adaptive_center.json.gz
3,q3-random-1040,random,adaptive_minimax,13,13,True,1.0,True,coverage_exhausted_and_all_detected_cleared,6347.690521,488.28388623076927,0.26044460000048275,120,0,135,5573.690521,109.0,600.0,39.0,26.0,traces/q3-random-1040--adaptive_minimax.json.gz
3,q3-random-1041,random,baseline,12,12,True,1.0,True,coverage_exhausted_and_all_detected_cleared,5534.703047,461.22525391666665,0.043745399998442736,140,114,268,4293.703047,139.0,700.0,378.0,24.0,traces/q3-random-1041--baseline.json.gz
3,q3-random-1041,random,adaptive_center,12,12,True,1.0,True,coverage_exhausted_and_all_detected_cleared,4762.232648,396.8527206666667,0.07810100000278908,132,0,146,3946.232648,96.0,660.0,36.0,24.0,traces/q3-random-1041--adaptive_center.json.gz
3,q3-random-1041,random,adaptive_minimax,12,12,True,1.0,True,coverage_exhausted_and_all_detected_cleared,5343.420339,445.28502825000004,0.2980892000014137,103,0,117,4672.420339,96.0,515.0,36.0,24.0,traces/q3-random-1041--adaptive_minimax.json.gz
3,q3-random-1042,random,baseline,11,11,True,1.0,True,coverage_exhausted_and_all_detected_cleared,5546.155775,504.1959795454546,0.0436571999998705,140,138,291,4238.155775,139.0,700.0,447.0,22.0,traces/q3-random-1042--baseline.json.gz
3,q3-random-1042,random,adaptive_center,11,11,True,1.0,True,coverage_exhausted_and_all_detected_cleared,4723.957006,429.45063690909086,0.07345399999758229,145,0,158,3831.957006,112.0,725.0,33.0,22.0,traces/q3-random-1042--adaptive_center.json.gz
3,q3-random-1042,random,adaptive_minimax,11,11,True,1.0,True,coverage_exhausted_and_all_detected_cleared,5433.619445,493.9654040909091,0.22104350000154227,120,0,133,4666.619445,112.0,600.0,33.0,22.0,traces/q3-random-1042--adaptive_minimax.json.gz
3,q3-random-1043,random,baseline,10,10,True,1.0,True,coverage_exhausted_and_all_detected_cleared,4909.538939,490.9538939,0.037057699999422766,140,70,222,3810.538939,139.0,700.0,240.0,20.0,traces/q3-random-1043--baseline.json.gz
3,q3-random-1043,random,adaptive_center,10,10,True,1.0,True,coverage_exhausted_and_all_detected_cleared,4143.01532,414.30153200000007,0.040353500000492204,130,0,142,3339.01532,104.0,650.0,30.0,20.0,traces/q3-random-1043--adaptive_center.json.gz
3,q3-random-1043,random,adaptive_minimax,10,10,True,1.0,True,coverage_exhausted_and_all_detected_cleared,4649.786449,464.9786449,0.16635170000154176,113,0,125,3930.786449,104.0,565.0,30.0,20.0,traces/q3-random-1043--adaptive_minimax.json.gz
3,q3-random-1044,random,baseline,15,15,True,1.0,True,coverage_exhausted_and_all_detected_cleared,7090.724265,472.714951,0.06030819999796222,140,266,423,5378.724265,139.0,700.0,843.0,30.0,traces/q3-random-1044--baseline.json.gz
3,q3-random-1044,random,adaptive_center,15,15,True,1.0,True,coverage_exhausted_and_all_detected_cleared,5340.432064,356.02880426666667,0.10173299999951269,136,0,153,4489.432064,96.0,680.0,45.0,30.0,traces/q3-random-1044--adaptive_center.json.gz
3,q3-random-1044,random,adaptive_minimax,15,15,True,1.0,True,coverage_exhausted_and_all_detected_cleared,6225.256786,415.0171190666667,0.374213700000837,109,0,126,5509.256786,96.0,545.0,45.0,30.0,traces/q3-random-1044--adaptive_minimax.json.gz
3,q3-random-1045,random,baseline,14,14,True,1.0,True,coverage_exhausted_and_all_detected_cleared,6627.904845,473.42177464285714,0.05331049999949755,140,238,394,5004.904845,139.0,700.0,756.0,28.0,traces/q3-random-1045--baseline.json.gz
3,q3-random-1045,random,adaptive_center,14,14,True,1.0,True,coverage_exhausted_and_all_detected_cleared,4532.310844,323.73648885714283,0.07206099999893922,125,0,141,3746.310844,91.0,625.0,42.0,28.0,traces/q3-random-1045--adaptive_center.json.gz
3,q3-random-1045,random,adaptive_minimax,14,14,True,1.0,True,coverage_exhausted_and_all_detected_cleared,5686.960919,406.2114942142857,0.29535200000100303,102,0,118,5015.960919,91.0,510.0,42.0,28.0,traces/q3-random-1045--adaptive_minimax.json.gz
3,q3-random-1046,random,baseline,16,16,True,1.0,True,coverage_exhausted_and_all_detected_cleared,6130.596325,383.1622703125,0.06180089999907068,140,136,294,4803.596325,139.0,700.0,456.0,32.0,traces/q3-random-1046--baseline.json.gz
3,q3-random-1046,random,adaptive_center,16,16,True,1.0,True,coverage_exhausted_and_all_detected_cleared,5670.507588,354.40672425,0.11217029999897932,137,0,155,4812.507588,93.0,685.0,48.0,32.0,traces/q3-random-1046--adaptive_center.json.gz
3,q3-random-1046,random,adaptive_minimax,16,16,True,1.0,True,coverage_exhausted_and_all_detected_cleared,6215.385536,388.461596,0.23346379999929923,100,0,118,5542.385536,93.0,500.0,48.0,32.0,traces/q3-random-1046--adaptive_minimax.json.gz
3,q3-random-1047,random,baseline,10,10,True,1.0,True,coverage_exhausted_and_all_detected_cleared,4757.370264,475.7370264,0.02711470000213012,140,34,186,3766.370264,139.0,700.0,132.0,20.0,traces/q3-random-1047--baseline.json.gz
3,q3-random-1047,random,adaptive_center,10,10,True,1.0,True,coverage_exhausted_and_all_detected_cleared,4216.224477,421.62244769999995,0.044379700000718,135,0,147,3383.224477,108.0,675.0,30.0,20.0,traces/q3-random-1047--adaptive_center.json.gz
3,q3-random-1047,random,adaptive_minimax,10,10,True,1.0,True,coverage_exhausted_and_all_detected_cleared,4771.51182,477.15118199999995,0.1245054999999411,115,0,127,4038.51182,108.0,575.0,30.0,20.0,traces/q3-random-1047--adaptive_minimax.json.gz
3,q3-random-1048,random,baseline,12,12,True,1.0,True,coverage_exhausted_and_all_detected_cleared,5219.361407,434.9467839166667,0.03533900000184076,140,83,237,4071.361407,139.0,700.0,285.0,24.0,traces/q3-random-1048--baseline.json.gz
3,q3-random-1048,random,adaptive_center,12,12,True,1.0,True,coverage_exhausted_and_all_detected_cleared,4666.760317,388.89669308333333,0.05279860000155168,121,0,135,3914.760317,87.0,605.0,36.0,24.0,traces/q3-random-1048--adaptive_center.json.gz
3,q3-random-1048,random,adaptive_minimax,12,12,True,1.0,True,coverage_exhausted_and_all_detected_cleared,5246.017274,437.16810616666663,0.20246449999831384,98,0,112,4609.017274,87.0,490.0,36.0,24.0,traces/q3-random-1048--adaptive_minimax.json.gz
3,q3-random-1049,random,baseline,14,14,True,1.0,True,coverage_exhausted_and_all_detected_cleared,6444.836819,460.3454870714286,0.036172400003124494,140,174,330,5013.836819,139.0,700.0,564.0,28.0,traces/q3-random-1049--baseline.json.gz
3,q3-random-1049,random,adaptive_center,14,14,True,1.0,True,coverage_exhausted_and_all_detected_cleared,5198.051135,371.28936678571426,0.06029599999965285,125,0,141,4410.051135,93.0,625.0,42.0,28.0,traces/q3-random-1049--adaptive_center.json.gz
3,q3-random-1049,random,adaptive_minimax,14,14,True,1.0,True,coverage_exhausted_and_all_detected_cleared,6066.434816,433.31677257142854,0.20235909999973956,100,0,116,5403.434816,93.0,500.0,42.0,28.0,traces/q3-random-1049--adaptive_minimax.json.gz
3,q3-random-1050,random,baseline,11,11,True,1.0,True,coverage_exhausted_and_all_detected_cleared,5408.23988,491.6581709090909,0.03541380000024219,140,69,222,4307.23988,139.0,700.0,240.0,22.0,traces/q3-random-1050--baseline.json.gz
3,q3-random-1050,random,adaptive_center,11,11,True,1.0,True,coverage_exhausted_and_all_detected_cleared,4172.208248,379.2916589090909,0.04769119999764371,128,0,141,3378.208248,99.0,640.0,33.0,22.0,traces/q3-random-1050--adaptive_center.json.gz
3,q3-random-1050,random,adaptive_minimax,11,11,True,1.0,True,coverage_exhausted_and_all_detected_cleared,5100.514499,463.68313627272727,0.22921950000090874,112,0,125,4386.514499,99.0,560.0,33.0,22.0,traces/q3-random-1050--adaptive_minimax.json.gz
3,q3-random-1051,random,baseline,16,16,True,1.0,True,coverage_exhausted_and_all_detected_cleared,5894.513002,368.407062625,0.056280799999512965,140,103,261,4666.513002,139.0,700.0,357.0,32.0,traces/q3-random-1051--baseline.json.gz
3,q3-random-1051,random,adaptive_center,16,16,True,1.0,True,coverage_exhausted_and_all_detected_cleared,5489.855712,343.115982,0.09894519999943441,117,0,135,4746.855712,78.0,585.0,48.0,32.0,traces/q3-random-1051--adaptive_center.json.gz
3,q3-random-1051,random,adaptive_minimax,16,16,True,1.0,True,coverage_exhausted_and_all_detected_cleared,6025.129737,376.5706085625,0.28852679999909014,88,0,106,5427.129737,78.0,440.0,48.0,32.0,traces/q3-random-1051--adaptive_minimax.json.gz
3,q3-random-1052,random,baseline,10,10,True,1.0,True,coverage_exhausted_and_all_detected_cleared,5300.963236,530.0963236,0.04131910000069183,140,128,280,4027.963236,139.0,700.0,414.0,20.0,traces/q3-random-1052--baseline.json.gz
3,q3-random-1052,random,adaptive_center,10,10,True,1.0,True,coverage_exhausted_and_all_detected_cleared,4854.920137,485.49201370000003,0.07098210000185645,134,0,146,4031.920137,103.0,670.0,30.0,20.0,traces/q3-random-1052--adaptive_center.json.gz
3,q3-random-1052,random,adaptive_minimax,10,10,True,1.0,True,coverage_exhausted_and_all_detected_cleared,5582.795987,558.2795987000001,0.21837299999970128,112,0,124,4869.795987,103.0,560.0,30.0,20.0,traces/q3-random-1052--adaptive_minimax.json.gz
3,q3-random-1053,random,baseline,13,13,True,1.0,True,coverage_exhausted_and_all_detected_cleared,4900.514883,376.9626833076923,0.04053529999873717,140,37,192,3885.514883,139.0,700.0,150.0,26.0,traces/q3-random-1053--baseline.json.gz
3,q3-random-1053,random,adaptive_center,13,13,True,1.0,True,coverage_exhausted_and_all_detected_cleared,5121.562789,393.96636838461535,0.07935960000031628,123,0,138,4357.562789,84.0,615.0,39.0,26.0,traces/q3-random-1053--adaptive_center.json.gz
3,q3-random-1053,random,adaptive_minimax,13,13,True,1.0,True,coverage_exhausted_and_all_detected_cleared,5352.493408,411.7302621538462,0.2639956999992137,95,0,110,4728.493408,84.0,475.0,39.0,26.0,traces/q3-random-1053--adaptive_minimax.json.gz
3,q3-random-1054,random,baseline,15,15,True,1.0,True,coverage_exhausted_and_all_detected_cleared,5741.068985,382.73793233333333,0.06463619999703951,140,114,271,4485.068985,139.0,700.0,387.0,30.0,traces/q3-random-1054--baseline.json.gz
3,q3-random-1054,random,adaptive_center,15,15,True,1.0,True,coverage_exhausted_and_all_detected_cleared,5354.813815,356.9875876666667,0.10801770000034594,124,0,141,4581.813815,78.0,620.0,45.0,30.0,traces/q3-random-1054--adaptive_center.json.gz
3,q3-random-1054,random,adaptive_minimax,15,15,True,1.0,True,coverage_exhausted_and_all_detected_cleared,5615.983696,374.3989130666667,0.33968970000205445,92,0,109,5002.983696,78.0,460.0,45.0,30.0,traces/q3-random-1054--adaptive_minimax.json.gz
3,q3-random-1055,random,baseline,15,15,True,1.0,True,coverage_exhausted_and_all_detected_cleared,6304.293731,420.2862487333333,0.042763499997818144,140,124,281,5018.293731,139.0,700.0,417.0,30.0,traces/q3-random-1055--baseline.json.gz
3,q3-random-1055,random,adaptive_center,15,15,True,1.0,True,coverage_exhausted_and_all_detected_cleared,5749.440229,383.29601526666664,0.0984511000024213,126,0,143,4959.440229,85.0,630.0,45.0,30.0,traces/q3-random-1055--adaptive_center.json.gz
3,q3-random-1055,random,adaptive_minimax,15,15,True,1.0,True,coverage_exhausted_and_all_detected_cleared,6618.843495,441.256233,0.3515712000007625,98,0,115,5968.843495,85.0,490.0,45.0,30.0,traces/q3-random-1055--adaptive_minimax.json.gz
3,q3-random-1056,random,baseline,15,15,True,1.0,True,coverage_exhausted_and_all_detected_cleared,5075.732402,338.3821601333333,0.05929380000088713,140,46,203,4023.732402,139.0,700.0,183.0,30.0,traces/q3-random-1056--baseline.json.gz
3,q3-random-1056,random,adaptive_center,15,15,True,1.0,True,coverage_exhausted_and_all_detected_cleared,5655.812663,377.0541775333333,0.10188400000333786,121,0,138,4899.812663,76.0,605.0,45.0,30.0,traces/q3-random-1056--adaptive_center.json.gz
3,q3-random-1056,random,adaptive_minimax,15,15,True,1.0,True,coverage_exhausted_and_all_detected_cleared,6305.047877,420.33652513333334,0.28017670000190265,86,0,103,5724.047877,76.0,430.0,45.0,30.0,traces/q3-random-1056--adaptive_minimax.json.gz
3,q3-random-1057,random,baseline,11,11,True,1.0,True,coverage_exhausted_and_all_detected_cleared,6337.142929,576.1039026363636,0.043048300001828466,140,198,351,4849.142929,139.0,700.0,627.0,22.0,traces/q3-random-1057--baseline.json.gz
3,q3-random-1057,random,adaptive_center,11,11,True,1.0,True,coverage_exhausted_and_all_detected_cleared,4319.369133,392.6699211818182,0.05611460000000079,139,0,152,3461.369133,108.0,695.0,33.0,22.0,traces/q3-random-1057--adaptive_center.json.gz
3,q3-random-1057,random,adaptive_minimax,11,11,True,1.0,True,coverage_exhausted_and_all_detected_cleared,5670.239679,515.4763344545455,0.21497729999828152,119,0,132,4912.239679,108.0,595.0,33.0,22.0,traces/q3-random-1057--adaptive_minimax.json.gz
3,q3-random-1058,random,baseline,15,15,True,1.0,True,coverage_exhausted_and_all_detected_cleared,4965.675365,331.04502433333334,0.039685200001258636,140,88,245,3787.675365,139.0,700.0,309.0,30.0,traces/q3-random-1058--baseline.json.gz
3,q3-random-1058,random,adaptive_center,15,15,True,1.0,True,coverage_exhausted_and_all_detected_cleared,5340.464511,356.0309674,0.06104050000067218,130,0,147,4523.464511,92.0,650.0,45.0,30.0,traces/q3-random-1058--adaptive_center.json.gz
3,q3-random-1058,random,adaptive_minimax,15,15,True,1.0,True,coverage_exhausted_and_all_detected_cleared,6231.667916,415.44452773333336,0.2873159000009764,108,0,125,5524.667916,92.0,540.0,45.0,30.0,traces/q3-random-1058--adaptive_minimax.json.gz
3,q3-random-1059,random,baseline,12,12,True,1.0,True,coverage_exhausted_and_all_detected_cleared,5842.464636,486.872053,0.03455440000107046,140,149,303,4496.464636,139.0,700.0,483.0,24.0,traces/q3-random-1059--baseline.json.gz
3,q3-random-1059,random,adaptive_center,12,12,True,1.0,True,coverage_exhausted_and_all_detected_cleared,4628.591619,385.71596825,0.0473134999992908,125,0,139,3848.591619,95.0,625.0,36.0,24.0,traces/q3-random-1059--adaptive_center.json.gz
3,q3-random-1059,random,adaptive_minimax,12,12,True,1.0,True,coverage_exhausted_and_all_detected_cleared,5605.342854,467.11190450000004,0.23498509999990347,110,0,124,4900.342854,95.0,550.0,36.0,24.0,traces/q3-random-1059--adaptive_minimax.json.gz
3,q3-random-1060,random,baseline,13,13,True,1.0,True,coverage_exhausted_and_all_detected_cleared,5165.214364,397.32418184615386,0.03677199999947334,140,56,211,4093.214364,139.0,700.0,207.0,26.0,traces/q3-random-1060--baseline.json.gz
3,q3-random-1060,random,adaptive_center,13,13,True,1.0,True,coverage_exhausted_and_all_detected_cleared,4357.589534,335.1991949230769,0.053278100000170525,130,0,145,3544.589534,98.0,650.0,39.0,26.0,traces/q3-random-1060--adaptive_center.json.gz
3,q3-random-1060,random,adaptive_minimax,13,13,True,1.0,True,coverage_exhausted_and_all_detected_cleared,4931.671394,379.359338,0.16851300000053016,105,0,120,4243.671394,98.0,525.0,39.0,26.0,traces/q3-random-1060--adaptive_minimax.json.gz
3,q3-random-1061,random,baseline,12,12,True,1.0,True,coverage_exhausted_and_all_detected_cleared,4934.537254,411.2114378333333,0.03517179999835207,140,94,248,3753.537254,139.0,700.0,318.0,24.0,traces/q3-random-1061--baseline.json.gz
3,q3-random-1061,random,adaptive_center,12,12,True,1.0,True,coverage_exhausted_and_all_detected_cleared,4888.751904,407.395992,0.05650919999970938,122,0,136,4133.751904,85.0,610.0,36.0,24.0,traces/q3-random-1061--adaptive_center.json.gz
3,q3-random-1061,random,adaptive_minimax,12,12,True,1.0,True,coverage_exhausted_and_all_detected_cleared,5339.288138,444.94067816666666,0.2561968000009074,96,0,110,4714.288138,85.0,480.0,36.0,24.0,traces/q3-random-1061--adaptive_minimax.json.gz
3,q3-random-1062,random,baseline,11,11,True,1.0,True,coverage_exhausted_and_all_detected_cleared,5346.985802,486.08961836363636,0.03337229999669944,140,127,280,4071.985802,139.0,700.0,414.0,22.0,traces/q3-random-1062--baseline.json.gz
3,q3-random-1062,random,adaptive_center,11,11,True,1.0,True,coverage_exhausted_and_all_detected_cleared,5454.627209,495.87520081818184,0.054942899998422945,139,0,152,4599.627209,105.0,695.0,33.0,22.0,traces/q3-random-1062--adaptive_center.json.gz
3,q3-random-1062,random,adaptive_minimax,11,11,True,1.0,True,coverage_exhausted_and_all_detected_cleared,5850.22955,531.83905,0.15645909999875585,113,0,126,5125.22955,105.0,565.0,33.0,22.0,traces/q3-random-1062--adaptive_minimax.json.gz
3,q3-random-1063,random,baseline,12,12,True,1.0,True,coverage_exhausted_and_all_detected_cleared,6058.826007,504.90216725,0.03912789999958477,140,217,371,4508.826007,139.0,700.0,687.0,24.0,traces/q3-random-1063--baseline.json.gz
3,q3-random-1063,random,adaptive_center,12,12,True,1.0,True,coverage_exhausted_and_all_detected_cleared,5511.941308,459.3284423333334,0.051397900002484675,127,0,141,4725.941308,91.0,635.0,36.0,24.0,traces/q3-random-1063--adaptive_center.json.gz
3,q3-random-1063,random,adaptive_minimax,12,12,True,1.0,True,coverage_exhausted_and_all_detected_cleared,6050.300919,504.19174325,0.25274569999965024,106,0,120,5369.300919,91.0,530.0,36.0,24.0,traces/q3-random-1063--adaptive_minimax.json.gz
3,q3-random-1064,random,baseline,13,13,True,1.0,True,coverage_exhausted_and_all_detected_cleared,5230.075106,402.3134696923077,0.03730099999665981,140,54,209,4164.075106,139.0,700.0,201.0,26.0,traces/q3-random-1064--baseline.json.gz
3,q3-random-1064,random,adaptive_center,13,13,True,1.0,True,coverage_exhausted_and_all_detected_cleared,5021.12798,386.24061384615385,0.054156199999852106,117,0,132,4288.12798,83.0,585.0,39.0,26.0,traces/q3-random-1064--adaptive_center.json.gz
3,q3-random-1064,random,adaptive_minimax,13,13,True,1.0,True,coverage_exhausted_and_all_detected_cleared,5603.886964,431.06822800000003,0.216361800001323,96,0,111,4975.886964,83.0,480.0,39.0,26.0,traces/q3-random-1064--adaptive_minimax.json.gz
3,q3-random-1065,random,baseline,16,16,True,1.0,True,coverage_exhausted_and_all_detected_cleared,6576.618225,411.0386390625,0.039862400000856724,140,209,367,5030.618225,139.0,700.0,675.0,32.0,traces/q3-random-1065--baseline.json.gz
3,q3-random-1065,random,adaptive_center,16,16,True,1.0,True,coverage_exhausted_and_all_detected_cleared,5255.499129,328.4686955625,0.07294730000285199,134,0,152,4414.499129,91.0,670.0,48.0,32.0,traces/q3-random-1065--adaptive_center.json.gz
3,q3-random-1065,random,adaptive_minimax,16,16,True,1.0,True,coverage_exhausted_and_all_detected_cleared,6341.400768,396.337548,0.26558619999923394,105,0,123,5645.400768,91.0,525.0,48.0,32.0,traces/q3-random-1065--adaptive_minimax.json.gz
3,q3-random-1066,random,baseline,15,15,True,1.0,True,coverage_exhausted_and_all_detected_cleared,6855.47414,457.03160933333334,0.0425494000010076,140,234,391,5239.47414,139.0,700.0,747.0,30.0,traces/q3-random-1066--baseline.json.gz
3,q3-random-1066,random,adaptive_center,15,15,True,1.0,True,coverage_exhausted_and_all_detected_cleared,5295.471529,353.0314352666667,0.08155799999804003,136,0,153,4448.471529,92.0,680.0,45.0,30.0,traces/q3-random-1066--adaptive_center.json.gz
3,q3-random-1066,random,adaptive_minimax,15,15,True,1.0,True,coverage_exhausted_and_all_detected_cleared,6369.238472,424.61589813333336,0.252034499997535,105,0,122,5677.238472,92.0,525.0,45.0,30.0,traces/q3-random-1066--adaptive_minimax.json.gz
3,q3-random-1067,random,baseline,14,14,True,1.0,True,coverage_exhausted_and_all_detected_cleared,5464.638428,390.3313162857143,0.03940330000114045,140,130,286,4165.638428,139.0,700.0,432.0,28.0,traces/q3-random-1067--baseline.json.gz
3,q3-random-1067,random,adaptive_center,14,14,True,1.0,True,coverage_exhausted_and_all_detected_cleared,4654.342924,332.453066,0.055511099999421276,118,0,134,3908.342924,86.0,590.0,42.0,28.0,traces/q3-random-1067--adaptive_center.json.gz
3,q3-random-1067,random,adaptive_minimax,14,14,True,1.0,True,coverage_exhausted_and_all_detected_cleared,5420.966307,387.21187907142854,0.2425881000017398,100,0,116,4764.966307,86.0,500.0,42.0,28.0,traces/q3-random-1067--adaptive_minimax.json.gz
3,q3-random-1068,random,baseline,11,11,True,1.0,True,coverage_exhausted_and_all_detected_cleared,5222.842455,474.80385954545454,0.02680519999921671,140,73,226,4109.842455,139.0,700.0,252.0,22.0,traces/q3-random-1068--baseline.json.gz
3,q3-random-1068,random,adaptive_center,11,11,True,1.0,True,coverage_exhausted_and_all_detected_cleared,4280.116229,389.1014753636364,0.04431280000062543,132,0,145,3460.116229,105.0,660.0,33.0,22.0,traces/q3-random-1068--adaptive_center.json.gz
3,q3-random-1068,random,adaptive_minimax,11,11,True,1.0,True,coverage_exhausted_and_all_detected_cleared,4727.929865,429.81180590909094,0.12307810000129393,110,0,123,4017.929865,105.0,550.0,33.0,22.0,traces/q3-random-1068--adaptive_minimax.json.gz
3,q3-random-1069,random,baseline,11,11,True,1.0,True,coverage_exhausted_and_all_detected_cleared,5796.504015,526.9549104545455,0.03245459999743616,140,188,341,4338.504015,139.0,700.0,597.0,22.0,traces/q3-random-1069--baseline.json.gz
3,q3-random-1069,random,adaptive_center,11,11,True,1.0,True,coverage_exhausted_and_all_detected_cleared,5140.715698,467.3377907272727,0.05318919999990612,139,0,152,4280.715698,110.0,695.0,33.0,22.0,traces/q3-random-1069--adaptive_center.json.gz
3,q3-random-1069,random,adaptive_minimax,11,11,True,1.0,True,coverage_exhausted_and_all_detected_cleared,5951.194876,541.017716,0.2165815999978804,120,0,133,5186.194876,110.0,600.0,33.0,22.0,traces/q3-random-1069--adaptive_minimax.json.gz
3,q3-random-1070,random,baseline,16,16,True,1.0,True,coverage_exhausted_and_all_detected_cleared,5867.387019,366.7116886875,0.048886300002777716,140,109,267,4621.387019,139.0,700.0,375.0,32.0,traces/q3-random-1070--baseline.json.gz
3,q3-random-1070,random,adaptive_center,16,16,True,1.0,True,coverage_exhausted_and_all_detected_cleared,5195.68043,324.730026875,0.06909960000120918,121,0,139,4431.68043,79.0,605.0,48.0,32.0,traces/q3-random-1070--adaptive_center.json.gz
3,q3-random-1070,random,adaptive_minimax,16,16,True,1.0,True,coverage_exhausted_and_all_detected_cleared,5970.763583,373.1727239375,0.2731894000025932,94,0,112,5341.763583,79.0,470.0,48.0,32.0,traces/q3-random-1070--adaptive_minimax.json.gz
3,q3-random-1071,random,baseline,10,10,True,1.0,True,coverage_exhausted_and_all_detected_cleared,4302.697992,430.2697992,0.027747400003136136,140,43,195,3284.697992,139.0,700.0,159.0,20.0,traces/q3-random-1071--baseline.json.gz
3,q3-random-1071,random,adaptive_center,10,10,True,1.0,True,coverage_exhausted_and_all_detected_cleared,4064.7569,406.47569,0.04119590000118478,124,0,136,3298.7569,96.0,620.0,30.0,20.0,traces/q3-random-1071--adaptive_center.json.gz
3,q3-random-1071,random,adaptive_minimax,10,10,True,1.0,True,coverage_exhausted_and_all_detected_cleared,4732.280606,473.22806060000005,0.13879420000012033,105,0,117,4061.280606,96.0,525.0,30.0,20.0,traces/q3-random-1071--adaptive_minimax.json.gz
3,q3-random-1072,random,baseline,16,16,True,1.0,True,coverage_exhausted_and_all_detected_cleared,5417.780141,338.6112588125,0.04486200000246754,140,91,249,4225.780141,139.0,700.0,321.0,32.0,traces/q3-random-1072--baseline.json.gz
3,q3-random-1072,random,adaptive_center,16,16,True,1.0,True,coverage_exhausted_and_all_detected_cleared,5060.600199,316.2875124375,0.07061919999978272,128,0,146,4254.600199,86.0,640.0,48.0,32.0,traces/q3-random-1072--adaptive_center.json.gz
3,q3-random-1072,random,adaptive_minimax,16,16,True,1.0,True,coverage_exhausted_and_all_detected_cleared,6633.73658,414.60853625,0.3293536999990465,103,0,121,5952.73658,86.0,515.0,48.0,32.0,traces/q3-random-1072--adaptive_minimax.json.gz
3,q3-random-1073,random,baseline,15,15,True,1.0,True,coverage_exhausted_and_all_detected_cleared,6838.348632,455.8899088,0.043982000002870336,140,293,450,5045.348632,139.0,700.0,924.0,30.0,traces/q3-random-1073--baseline.json.gz
3,q3-random-1073,random,adaptive_center,15,15,True,1.0,True,coverage_exhausted_and_all_detected_cleared,5693.250041,379.5500027333334,0.07070250000106171,129,0,146,4885.250041,88.0,645.0,45.0,30.0,traces/q3-random-1073--adaptive_center.json.gz
3,q3-random-1073,random,adaptive_minimax,15,15,True,1.0,True,coverage_exhausted_and_all_detected_cleared,6860.580856,457.3720570666666,0.23315229999934672,100,0,117,6197.580856,88.0,500.0,45.0,30.0,traces/q3-random-1073--adaptive_minimax.json.gz
3,q3-random-1074,random,baseline,12,12,True,1.0,True,coverage_exhausted_and_all_detected_cleared,5559.190822,463.2659018333333,0.03558080000220798,140,133,287,4261.190822,139.0,700.0,435.0,24.0,traces/q3-random-1074--baseline.json.gz
3,q3-random-1074,random,adaptive_center,12,12,True,1.0,True,coverage_exhausted_and_all_detected_cleared,5601.514366,466.79286383333334,0.05676260000109323,132,0,146,4786.514366,95.0,660.0,36.0,24.0,traces/q3-random-1074--adaptive_center.json.gz
3,q3-random-1074,random,adaptive_minimax,12,12,True,1.0,True,coverage_exhausted_and_all_detected_cleared,5603.387394,466.9489495,0.13871190000281786,103,0,117,4933.387394,95.0,515.0,36.0,24.0,traces/q3-random-1074--adaptive_minimax.json.gz
3,q3-random-1075,random,baseline,12,12,True,1.0,True,coverage_exhausted_and_all_detected_cleared,4902.189577,408.5157980833333,0.03583699999944656,140,54,208,3841.189577,139.0,700.0,198.0,24.0,traces/q3-random-1075--baseline.json.gz
3,q3-random-1075,random,adaptive_center,12,12,True,1.0,True,coverage_exhausted_and_all_detected_cleared,4001.471249,333.4559374166667,0.04517729999861331,108,0,122,3317.471249,84.0,540.0,36.0,24.0,traces/q3-random-1075--adaptive_center.json.gz
3,q3-random-1075,random,adaptive_minimax,12,12,True,1.0,True,coverage_exhausted_and_all_detected_cleared,5240.71271,436.72605916666663,0.1656775999981619,93,0,107,4631.71271,84.0,465.0,36.0,24.0,traces/q3-random-1075--adaptive_minimax.json.gz
3,q3-random-1076,random,baseline,16,16,True,1.0,True,coverage_exhausted_and_all_detected_cleared,7240.474924,452.52968275,0.05007089999708114,140,202,360,5715.474924,139.0,700.0,654.0,32.0,traces/q3-random-1076--baseline.json.gz
3,q3-random-1076,random,adaptive_center,16,16,True,1.0,True,coverage_exhausted_and_all_detected_cleared,5407.021859,337.9388661875,0.0720352999996976,117,0,135,4669.021859,73.0,585.0,48.0,32.0,traces/q3-random-1076--adaptive_center.json.gz
3,q3-random-1076,random,adaptive_minimax,16,16,True,1.0,True,coverage_exhausted_and_all_detected_cleared,6281.470146,392.591884125,0.201617200000328,82,0,100,5718.470146,73.0,410.0,48.0,32.0,traces/q3-random-1076--adaptive_minimax.json.gz
3,q3-random-1077,random,baseline,12,12,True,1.0,True,coverage_exhausted_and_all_detected_cleared,6042.548694,503.5457245,0.03165609999996377,140,178,332,4609.548694,139.0,700.0,570.0,24.0,traces/q3-random-1077--baseline.json.gz
3,q3-random-1077,random,adaptive_center,12,12,True,1.0,True,coverage_exhausted_and_all_detected_cleared,4338.603987,361.55033225000005,0.04781789999833563,129,0,143,3531.603987,102.0,645.0,36.0,24.0,traces/q3-random-1077--adaptive_center.json.gz
3,q3-random-1077,random,adaptive_minimax,12,12,True,1.0,True,coverage_exhausted_and_all_detected_cleared,5039.277533,419.9397944166667,0.21095509999940987,113,0,127,4312.277533,102.0,565.0,36.0,24.0,traces/q3-random-1077--adaptive_minimax.json.gz
3,q3-random-1078,random,baseline,14,14,True,1.0,True,coverage_exhausted_and_all_detected_cleared,5271.006429,376.50045921428574,0.043036300001404015,140,18,174,4308.006429,139.0,700.0,96.0,28.0,traces/q3-random-1078--baseline.json.gz
3,q3-random-1078,random,adaptive_center,14,14,True,1.0,True,coverage_exhausted_and_all_detected_cleared,5321.275609,380.09111492857147,0.069534800000838,120,0,136,4570.275609,81.0,600.0,42.0,28.0,traces/q3-random-1078--adaptive_center.json.gz
3,q3-random-1078,random,adaptive_minimax,14,14,True,1.0,True,coverage_exhausted_and_all_detected_cleared,6011.046748,429.360482,0.2557937999990827,94,0,110,5390.046748,81.0,470.0,42.0,28.0,traces/q3-random-1078--adaptive_minimax.json.gz
3,q3-random-1079,random,baseline,15,15,True,1.0,True,coverage_exhausted_and_all_detected_cleared,6293.786779,419.5857852666667,0.04124190000220551,140,200,357,4779.786779,139.0,700.0,645.0,30.0,traces/q3-random-1079--baseline.json.gz
3,q3-random-1079,random,adaptive_center,15,15,True,1.0,True,coverage_exhausted_and_all_detected_cleared,5175.984831,345.06565539999997,0.07054689999858965,132,0,149,4352.984831,88.0,660.0,45.0,30.0,traces/q3-random-1079--adaptive_center.json.gz
3,q3-random-1079,random,adaptive_minimax,15,15,True,1.0,True,coverage_exhausted_and_all_detected_cleared,6203.629875,413.57532499999996,0.2826883000016096,103,0,120,5525.629875,88.0,515.0,45.0,30.0,traces/q3-random-1079--adaptive_minimax.json.gz
3,q3-random-1080,random,baseline,15,15,True,1.0,True,coverage_exhausted_and_all_detected_cleared,6457.326819,430.4884546,0.042260000001988374,140,197,354,4952.326819,139.0,700.0,636.0,30.0,traces/q3-random-1080--baseline.json.gz
3,q3-random-1080,random,adaptive_center,15,15,True,1.0,True,coverage_exhausted_and_all_detected_cleared,4919.768687,327.98457913333334,0.06390880000253674,126,0,143,4127.768687,87.0,630.0,45.0,30.0,traces/q3-random-1080--adaptive_center.json.gz
3,q3-random-1080,random,adaptive_minimax,15,15,True,1.0,True,coverage_exhausted_and_all_detected_cleared,6188.944769,412.5963179333333,0.24256009999953676,100,0,117,5526.944769,87.0,500.0,45.0,30.0,traces/q3-random-1080--adaptive_minimax.json.gz
3,q3-random-1081,random,baseline,16,16,True,1.0,True,coverage_exhausted_and_all_detected_cleared,5552.048385,347.0030240625,0.04430130000037025,140,93,251,4354.048385,139.0,700.0,327.0,32.0,traces/q3-random-1081--baseline.json.gz
3,q3-random-1081,random,adaptive_center,16,16,True,1.0,True,coverage_exhausted_and_all_detected_cleared,5297.16788,331.0729925,0.07358509999903617,114,0,132,4568.16788,79.0,570.0,48.0,32.0,traces/q3-random-1081--adaptive_center.json.gz
3,q3-random-1081,random,adaptive_minimax,16,16,True,1.0,True,coverage_exhausted_and_all_detected_cleared,6031.655945,376.9784965625,0.22140420000141603,89,0,107,5427.655945,79.0,445.0,48.0,32.0,traces/q3-random-1081--adaptive_minimax.json.gz
3,q3-random-1082,random,baseline,12,12,True,1.0,True,coverage_exhausted_and_all_detected_cleared,5934.456108,494.53800900000005,0.0360776999987138,140,136,290,4627.456108,139.0,700.0,444.0,24.0,traces/q3-random-1082--baseline.json.gz
3,q3-random-1082,random,adaptive_center,12,12,True,1.0,True,coverage_exhausted_and_all_detected_cleared,4817.24498,401.4370816666667,0.05371499999819207,124,0,138,4049.24498,88.0,620.0,36.0,24.0,traces/q3-random-1082--adaptive_center.json.gz
3,q3-random-1082,random,adaptive_minimax,12,12,True,1.0,True,coverage_exhausted_and_all_detected_cleared,5929.042031,494.08683591666664,0.16518899999937275,97,0,111,5296.042031,88.0,485.0,36.0,24.0,traces/q3-random-1082--adaptive_minimax.json.gz
3,q3-random-1083,random,baseline,11,11,True,1.0,True,coverage_exhausted_and_all_detected_cleared,5896.785793,536.0714357272727,0.027803000000858447,140,156,309,4534.785793,139.0,700.0,501.0,22.0,traces/q3-random-1083--baseline.json.gz
3,q3-random-1083,random,adaptive_center,11,11,True,1.0,True,coverage_exhausted_and_all_detected_cleared,4588.376097,417.12509972727275,0.048368899999331916,131,0,144,3777.376097,101.0,655.0,33.0,22.0,traces/q3-random-1083--adaptive_center.json.gz
3,q3-random-1083,random,adaptive_minimax,11,11,True,1.0,True,coverage_exhausted_and_all_detected_cleared,5486.880893,498.80735390909086,0.17394899999999325,113,0,126,4765.880893,101.0,565.0,33.0,22.0,traces/q3-random-1083--adaptive_minimax.json.gz
3,q3-random-1084,random,baseline,13,13,True,1.0,True,coverage_exhausted_and_all_detected_cleared,5051.931658,388.6101275384616,0.03923240000221995,140,74,229,3925.931658,139.0,700.0,261.0,26.0,traces/q3-random-1084--baseline.json.gz
3,q3-random-1084,random,adaptive_center,13,13,True,1.0,True,coverage_exhausted_and_all_detected_cleared,4963.574705,381.8134388461539,0.06074550000266754,124,0,139,4190.574705,88.0,620.0,39.0,26.0,traces/q3-random-1084--adaptive_center.json.gz
3,q3-random-1084,random,adaptive_minimax,13,13,True,1.0,True,coverage_exhausted_and_all_detected_cleared,5532.905297,425.60809976923076,0.2236534000003303,100,0,115,4879.905297,88.0,500.0,39.0,26.0,traces/q3-random-1084--adaptive_minimax.json.gz
3,q3-random-1085,random,baseline,11,11,True,1.0,True,coverage_exhausted_and_all_detected_cleared,4675.800799,425.07279990909086,0.031043599999975413,140,64,217,3589.800799,139.0,700.0,225.0,22.0,traces/q3-random-1085--baseline.json.gz
3,q3-random-1085,random,adaptive_center,11,11,True,1.0,True,coverage_exhausted_and_all_detected_cleared,4806.552541,436.95932190909093,0.04611220000151661,123,0,136,4040.552541,96.0,615.0,33.0,22.0,traces/q3-random-1085--adaptive_center.json.gz
3,q3-random-1085,random,adaptive_minimax,11,11,True,1.0,True,coverage_exhausted_and_all_detected_cleared,5218.755894,474.432354,0.18541080000068177,107,0,120,4532.755894,96.0,535.0,33.0,22.0,traces/q3-random-1085--adaptive_minimax.json.gz
3,q3-random-1086,random,baseline,15,15,True,1.0,True,coverage_exhausted_and_all_detected_cleared,5457.729545,363.84863633333333,0.04229679999843938,140,76,233,4315.729545,139.0,700.0,273.0,30.0,traces/q3-random-1086--baseline.json.gz
3,q3-random-1086,random,adaptive_center,15,15,True,1.0,True,coverage_exhausted_and_all_detected_cleared,5010.503564,334.0335709333333,0.0565331999969203,114,0,131,4286.503564,79.0,570.0,45.0,30.0,traces/q3-random-1086--adaptive_center.json.gz
3,q3-random-1086,random,adaptive_minimax,15,15,True,1.0,True,coverage_exhausted_and_all_detected_cleared,5960.060371,397.33735806666664,0.1955655999990995,91,0,108,5351.060371,79.0,455.0,45.0,30.0,traces/q3-random-1086--adaptive_minimax.json.gz
3,q3-random-1087,random,baseline,14,14,True,1.0,True,coverage_exhausted_and_all_detected_cleared,5771.130663,412.2236187857143,0.04379729999709525,140,139,295,4445.130663,139.0,700.0,459.0,28.0,traces/q3-random-1087--baseline.json.gz
3,q3-random-1087,random,adaptive_center,14,14,True,1.0,True,coverage_exhausted_and_all_detected_cleared,5187.432675,370.53090535714284,0.06433359999937238,127,0,143,4395.432675,87.0,635.0,42.0,28.0,traces/q3-random-1087--adaptive_center.json.gz
3,q3-random-1087,random,adaptive_minimax,14,14,True,1.0,True,coverage_exhausted_and_all_detected_cleared,5759.474984,411.3910702857143,0.2959408999995503,103,0,119,5087.474984,87.0,515.0,42.0,28.0,traces/q3-random-1087--adaptive_minimax.json.gz
3,q3-random-1088,random,baseline,13,13,True,1.0,True,coverage_exhausted_and_all_detected_cleared,4701.757393,361.6736456153846,0.03396050000083051,140,21,176,3734.757393,139.0,700.0,102.0,26.0,traces/q3-random-1088--baseline.json.gz
3,q3-random-1088,random,adaptive_center,13,13,True,1.0,True,coverage_exhausted_and_all_detected_cleared,5329.575074,409.9673133846154,0.06291359999886481,136,0,151,4485.575074,99.0,680.0,39.0,26.0,traces/q3-random-1088--adaptive_center.json.gz
3,q3-random-1088,random,adaptive_minimax,13,13,True,1.0,True,coverage_exhausted_and_all_detected_cleared,6394.889114,491.9145472307692,0.2228605999989668,111,0,126,5675.889114,99.0,555.0,39.0,26.0,traces/q3-random-1088--adaptive_minimax.json.gz
3,q3-random-1089,random,baseline,15,15,True,1.0,True,coverage_exhausted_and_all_detected_cleared,5350.060208,356.6706805333333,0.04199689999950351,140,113,270,4097.060208,139.0,700.0,384.0,30.0,traces/q3-random-1089--baseline.json.gz
3,q3-random-1089,random,adaptive_center,15,15,True,1.0,True,coverage_exhausted_and_all_detected_cleared,5515.915506,367.7277004,0.0778595999981917,126,0,143,4731.915506,79.0,630.0,45.0,30.0,traces/q3-random-1089--adaptive_center.json.gz
3,q3-random-1089,random,adaptive_minimax,15,15,True,1.0,True,coverage_exhausted_and_all_detected_cleared,5857.266816,390.4844544,0.3056702000030782,97,0,114,5218.266816,79.0,485.0,45.0,30.0,traces/q3-random-1089--adaptive_minimax.json.gz
3,q3-random-1090,random,baseline,11,11,True,1.0,True,coverage_exhausted_and_all_detected_cleared,4886.604525,444.23677499999997,0.03636990000086371,140,63,216,3803.604525,139.0,700.0,222.0,22.0,traces/q3-random-1090--baseline.json.gz
3,q3-random-1090,random,adaptive_center,11,11,True,1.0,True,coverage_exhausted_and_all_detected_cleared,4347.838202,395.2580183636364,0.052528599997458514,129,0,142,3550.838202,97.0,645.0,33.0,22.0,traces/q3-random-1090--adaptive_center.json.gz
3,q3-random-1090,random,adaptive_minimax,11,11,True,1.0,True,coverage_exhausted_and_all_detected_cleared,4918.552991,447.14118099999996,0.1662389000011899,105,0,118,4241.552991,97.0,525.0,33.0,22.0,traces/q3-random-1090--adaptive_minimax.json.gz
3,q3-random-1091,random,baseline,10,10,True,1.0,True,coverage_exhausted_and_all_detected_cleared,4298.696287,429.86962869999996,0.032291399998939596,140,13,165,3370.696287,139.0,700.0,69.0,20.0,traces/q3-random-1091--baseline.json.gz
3,q3-random-1091,random,adaptive_center,10,10,True,1.0,True,coverage_exhausted_and_all_detected_cleared,4310.947957,431.0947957,0.040590299999166746,116,0,128,3591.947957,89.0,580.0,30.0,20.0,traces/q3-random-1091--adaptive_center.json.gz
3,q3-random-1091,random,adaptive_minimax,10,10,True,1.0,True,coverage_exhausted_and_all_detected_cleared,4829.658643,482.96586429999996,0.1423997000019881,98,0,110,4200.658643,89.0,490.0,30.0,20.0,traces/q3-random-1091--adaptive_minimax.json.gz
3,q3-random-1092,random,baseline,14,14,True,1.0,True,coverage_exhausted_and_all_detected_cleared,5564.333185,397.4523703571429,0.04186180000033346,140,135,291,4250.333185,139.0,700.0,447.0,28.0,traces/q3-random-1092--baseline.json.gz
3,q3-random-1092,random,adaptive_center,14,14,True,1.0,True,coverage_exhausted_and_all_detected_cleared,4674.388754,333.884911,0.053863799999817275,119,0,135,3921.388754,88.0,595.0,42.0,28.0,traces/q3-random-1092--adaptive_center.json.gz
3,q3-random-1092,random,adaptive_minimax,14,14,True,1.0,True,coverage_exhausted_and_all_detected_cleared,5415.316264,386.80830457142855,0.1865475000013248,96,0,112,4777.316264,88.0,480.0,42.0,28.0,traces/q3-random-1092--adaptive_minimax.json.gz
3,q3-random-1093,random,baseline,16,16,True,1.0,True,coverage_exhausted_and_all_detected_cleared,6905.672448,431.604528,0.042656499997974606,140,254,412,5224.672448,139.0,700.0,810.0,32.0,traces/q3-random-1093--baseline.json.gz
3,q3-random-1093,random,adaptive_center,16,16,True,1.0,True,coverage_exhausted_and_all_detected_cleared,4595.726432,287.232902,0.06025959999897168,121,0,139,3822.726432,88.0,605.0,48.0,32.0,traces/q3-random-1093--adaptive_center.json.gz
3,q3-random-1093,random,adaptive_minimax,16,16,True,1.0,True,coverage_exhausted_and_all_detected_cleared,5652.506986,353.281686625,0.24749090000113938,99,0,117,4989.506986,88.0,495.0,48.0,32.0,traces/q3-random-1093--adaptive_minimax.json.gz
3,q3-random-1094,random,baseline,11,11,True,1.0,True,coverage_exhausted_and_all_detected_cleared,4566.199154,415.109014,0.03668399999878602,140,42,195,3546.199154,139.0,700.0,159.0,22.0,traces/q3-random-1094--baseline.json.gz
3,q3-random-1094,random,adaptive_center,11,11,True,1.0,True,coverage_exhausted_and_all_detected_cleared,4006.332811,364.21207372727275,0.058257599997887155,130,0,143,3202.332811,99.0,650.0,33.0,22.0,traces/q3-random-1094--adaptive_center.json.gz
3,q3-random-1094,random,adaptive_minimax,11,11,True,1.0,True,coverage_exhausted_and_all_detected_cleared,4640.723849,421.88398627272727,0.16881439999997383,108,0,121,3946.723849,99.0,540.0,33.0,22.0,traces/q3-random-1094--adaptive_minimax.json.gz
3,q3-random-1095,random,baseline,15,15,True,1.0,True,coverage_exhausted_and_all_detected_cleared,4927.78618,328.51907866666664,0.045376199999736855,140,68,225,3809.78618,139.0,700.0,249.0,30.0,traces/q3-random-1095--baseline.json.gz
3,q3-random-1095,random,adaptive_center,15,15,True,1.0,True,coverage_exhausted_and_all_detected_cleared,5276.41656,351.761104,0.0668511000003491,113,0,130,4564.41656,72.0,565.0,45.0,30.0,traces/q3-random-1095--adaptive_center.json.gz
3,q3-random-1095,random,adaptive_minimax,15,15,True,1.0,True,coverage_exhausted_and_all_detected_cleared,6504.362727,433.6241818,0.2636488000025565,88,0,105,5917.362727,72.0,440.0,45.0,30.0,traces/q3-random-1095--adaptive_minimax.json.gz
3,q3-random-1096,random,baseline,14,14,True,1.0,True,coverage_exhausted_and_all_detected_cleared,5953.50748,425.2505342857143,0.03868270000020857,140,167,323,4543.50748,139.0,700.0,543.0,28.0,traces/q3-random-1096--baseline.json.gz
3,q3-random-1096,random,adaptive_center,14,14,True,1.0,True,coverage_exhausted_and_all_detected_cleared,5036.01882,359.71563000000003,0.061661799998546485,120,0,136,4287.01882,79.0,600.0,42.0,28.0,traces/q3-random-1096--adaptive_center.json.gz
3,q3-random-1096,random,adaptive_minimax,14,14,True,1.0,True,coverage_exhausted_and_all_detected_cleared,5590.451423,399.3179587857143,0.2148257000008016,91,0,107,4986.451423,79.0,455.0,42.0,28.0,traces/q3-random-1096--adaptive_minimax.json.gz
3,q3-random-1097,random,baseline,13,13,True,1.0,True,coverage_exhausted_and_all_detected_cleared,6943.706199,534.131246076923,0.046382500000618165,140,236,391,5331.706199,139.0,700.0,747.0,26.0,traces/q3-random-1097--baseline.json.gz
3,q3-random-1097,random,adaptive_center,13,13,True,1.0,True,coverage_exhausted_and_all_detected_cleared,5166.127518,397.3944244615385,0.06554659999892465,123,0,138,4400.127518,86.0,615.0,39.0,26.0,traces/q3-random-1097--adaptive_center.json.gz
3,q3-random-1097,random,adaptive_minimax,13,13,True,1.0,True,coverage_exhausted_and_all_detected_cleared,5801.002102,446.2309309230769,0.1911718999981531,95,0,110,5175.002102,86.0,475.0,39.0,26.0,traces/q3-random-1097--adaptive_minimax.json.gz
3,q3-random-1098,random,baseline,16,16,True,1.0,True,coverage_exhausted_and_all_detected_cleared,5547.675759,346.7297349375,0.04630080000060843,140,106,264,4310.675759,139.0,700.0,366.0,32.0,traces/q3-random-1098--baseline.json.gz
3,q3-random-1098,random,adaptive_center,16,16,True,1.0,True,coverage_exhausted_and_all_detected_cleared,5427.719477,339.2324673125,0.06980140000086976,125,0,143,4640.719477,82.0,625.0,48.0,32.0,traces/q3-random-1098--adaptive_center.json.gz
3,q3-random-1098,random,adaptive_minimax,16,16,True,1.0,True,coverage_exhausted_and_all_detected_cleared,6282.206366,392.637897875,0.2762938000014401,98,0,116,5630.206366,82.0,490.0,48.0,32.0,traces/q3-random-1098--adaptive_minimax.json.gz
3,q3-random-1099,random,baseline,16,16,True,1.0,True,coverage_exhausted_and_all_detected_cleared,6207.976437,387.9985273125,0.048213600002782186,140,196,354,4700.976437,139.0,700.0,636.0,32.0,traces/q3-random-1099--baseline.json.gz
3,q3-random-1099,random,adaptive_center,16,16,True,1.0,True,coverage_exhausted_and_all_detected_cleared,5674.74498,354.67156125,0.07700629999817465,121,0,139,4915.74498,74.0,605.0,48.0,32.0,traces/q3-random-1099--adaptive_center.json.gz
3,q3-random-1099,random,adaptive_minimax,16,16,True,1.0,True,coverage_exhausted_and_all_detected_cleared,6437.639029,402.3524393125,0.28057259999695816,88,0,106,5843.639029,74.0,440.0,48.0,32.0,traces/q3-random-1099--adaptive_minimax.json.gz
3,q3-hard-boundary_outward,hard,baseline,12,12,True,1.0,True,coverage_exhausted_and_all_detected_cleared,5278.979703,439.91497525,0.023168599997006822,140,65,219,4184.979703,139.0,700.0,231.0,24.0,traces/q3-hard-boundary_outward--baseline.json.gz
3,q3-hard-boundary_outward,hard,adaptive_center,12,12,True,1.0,True,coverage_exhausted_and_all_detected_cleared,3794.891265,316.24093875,0.06232309999904828,153,0,167,2854.891265,115.0,765.0,36.0,24.0,traces/q3-hard-boundary_outward--adaptive_center.json.gz
3,q3-hard-boundary_outward,hard,adaptive_minimax,12,12,True,1.0,True,coverage_exhausted_and_all_detected_cleared,4608.085773,384.00714775,0.10940000000118744,117,0,131,3848.085773,115.0,585.0,36.0,24.0,traces/q3-hard-boundary_outward--adaptive_minimax.json.gz
3,q3-hard-minimum_radius,hard,baseline,14,14,True,1.0,True,coverage_exhausted_and_all_detected_cleared,6484.614067,463.1867190714286,0.03350280000086059,140,252,408,4819.614067,139.0,700.0,798.0,28.0,traces/q3-hard-minimum_radius--baseline.json.gz
3,q3-hard-minimum_radius,hard,adaptive_center,14,14,True,1.0,True,coverage_exhausted_and_all_detected_cleared,5144.103731,367.4359807857143,0.060311600002023624,140,0,156,4270.103731,104.0,700.0,42.0,28.0,traces/q3-hard-minimum_radius--adaptive_center.json.gz
3,q3-hard-minimum_radius,hard,adaptive_minimax,14,14,True,1.0,True,coverage_exhausted_and_all_detected_cleared,6301.347679,450.0962627857143,0.19533249999949476,113,0,129,5562.347679,104.0,565.0,42.0,28.0,traces/q3-hard-minimum_radius--adaptive_minimax.json.gz
3,q3-hard-positive_error,hard,baseline,14,14,True,1.0,True,coverage_exhausted_and_all_detected_cleared,5715.798939,408.2713527857143,0.033225799998035654,140,168,324,4302.798939,139.0,700.0,546.0,28.0,traces/q3-hard-positive_error--baseline.json.gz
3,q3-hard-positive_error,hard,adaptive_center,14,14,True,1.0,True,coverage_exhausted_and_all_detected_cleared,4711.319259,336.5228042142857,0.0740732999984175,142,0,158,3827.319259,104.0,710.0,42.0,28.0,traces/q3-hard-positive_error--adaptive_center.json.gz
3,q3-hard-positive_error,hard,adaptive_minimax,14,14,True,1.0,True,coverage_exhausted_and_all_detected_cleared,5851.062107,417.93300764285715,0.21599960000094143,114,0,130,5107.062107,104.0,570.0,42.0,28.0,traces/q3-hard-positive_error--adaptive_minimax.json.gz
3,q3-hard-negative_error,hard,baseline,14,14,True,1.0,True,coverage_exhausted_and_all_detected_cleared,5706.81343,407.62953071428575,0.036793900002521696,140,155,311,4332.81343,139.0,700.0,507.0,28.0,traces/q3-hard-negative_error--baseline.json.gz
3,q3-hard-negative_error,hard,adaptive_center,14,14,True,1.0,True,coverage_exhausted_and_all_detected_cleared,4691.093277,335.07809121428573,0.06071470000097179,137,0,153,3832.093277,104.0,685.0,42.0,28.0,traces/q3-hard-negative_error--adaptive_center.json.gz
3,q3-hard-negative_error,hard,adaptive_minimax,14,14,True,1.0,True,coverage_exhausted_and_all_detected_cleared,6227.574654,444.826761,0.19784950000030221,113,0,129,5488.574654,104.0,565.0,42.0,28.0,traces/q3-hard-negative_error--adaptive_minimax.json.gz
3,q3-hard-alternating_error,hard,baseline,14,14,True,1.0,True,coverage_exhausted_and_all_detected_cleared,5859.144543,418.5103245,0.03150140000070678,140,178,334,4416.144543,139.0,700.0,576.0,28.0,traces/q3-hard-alternating_error--baseline.json.gz
3,q3-hard-alternating_error,hard,adaptive_center,14,14,True,1.0,True,coverage_exhausted_and_all_detected_cleared,4762.596935,340.1854953571428,0.06405569999697036,141,0,157,3883.596935,104.0,705.0,42.0,28.0,traces/q3-hard-alternating_error--adaptive_center.json.gz
3,q3-hard-alternating_error,hard,adaptive_minimax,14,14,True,1.0,True,coverage_exhausted_and_all_detected_cleared,6236.440343,445.46002450000003,0.2093339000020933,114,0,130,5492.440343,104.0,570.0,42.0,28.0,traces/q3-hard-alternating_error--adaptive_minimax.json.gz
3,q3-hard-close_targets,hard,baseline,14,14,True,1.0,True,coverage_exhausted_and_all_detected_cleared,3047.30468,217.66462,0.04491269999925862,140,1,157,2135.30468,139.0,700.0,45.0,28.0,traces/q3-hard-close_targets--baseline.json.gz
3,q3-hard-close_targets,hard,adaptive_center,14,14,True,1.0,True,coverage_exhausted_and_all_detected_cleared,3538.030724,252.7164802857143,0.06938839999929769,104,0,120,2884.030724,64.0,520.0,42.0,28.0,traces/q3-hard-close_targets--adaptive_center.json.gz
3,q3-hard-close_targets,hard,adaptive_minimax,14,14,True,1.0,True,coverage_exhausted_and_all_detected_cleared,5822.34517,415.88179785714283,0.3002535999985412,84,0,100,5268.34517,64.0,420.0,42.0,28.0,traces/q3-hard-close_targets--adaptive_minimax.json.gz
3,q3-hard-near_parallel,hard,baseline,14,14,True,1.0,True,coverage_exhausted_and_all_detected_cleared,9149.877575,653.5626839285715,0.04477020000194898,140,564,720,6548.877575,139.0,700.0,1734.0,28.0,traces/q3-hard-near_parallel--baseline.json.gz
3,q3-hard-near_parallel,hard,adaptive_center,14,14,True,1.0,True,coverage_exhausted_and_all_detected_cleared,5031.190431,359.3707450714286,0.07174879999729455,155,0,171,4080.190431,106.0,775.0,42.0,28.0,traces/q3-hard-near_parallel--adaptive_center.json.gz
3,q3-hard-near_parallel,hard,adaptive_minimax,14,14,True,1.0,True,coverage_exhausted_and_all_detected_cleared,6779.074668,484.21961914285714,0.2951092000002973,126,0,142,5973.074668,106.0,630.0,42.0,28.0,traces/q3-hard-near_parallel--adaptive_minimax.json.gz
4,q4-random-1000,random,baseline,14,14,True,1.0,True,coverage_exhausted_and_all_detected_cleared,13599.799089,971.4142206428571,0.11682879999716533,900,0,916,8130.799089,899.0,4500.0,42.0,28.0,traces/q4-random-1000--baseline.json.gz
4,q4-random-1000,random,adaptive_center,14,14,True,1.0,True,coverage_exhausted_and_all_detected_cleared,11963.579456,854.5413897142856,0.05542969999805791,464,0,480,9175.579456,398.0,2320.0,42.0,28.0,traces/q4-random-1000--adaptive_center.json.gz
4,q4-random-1000,random,deferred,14,14,True,1.0,True,coverage_exhausted_and_all_detected_cleared,13358.235417,954.1596726428571,0.11868849999882514,900,0,916,7933.235417,855.0,4500.0,42.0,28.0,traces/q4-random-1000--deferred.json.gz
4,q4-random-1000,random,triangular,14,14,True,1.0,True,coverage_exhausted_and_all_detected_cleared,11972.040858,855.1457755714285,0.07708529999945313,632,0,648,8148.040858,594.0,3160.0,42.0,28.0,traces/q4-random-1000--triangular.json.gz
4,q4-random-1001,random,baseline,12,12,True,1.0,True,coverage_exhausted_and_all_detected_cleared,13766.549824,1147.2124853333332,0.1673294000029273,900,0,914,8307.549824,899.0,4500.0,36.0,24.0,traces/q4-random-1001--baseline.json.gz
4,q4-random-1001,random,adaptive_center,12,12,True,1.0,True,coverage_exhausted_and_all_detected_cleared,12103.252011,1008.6043342500001,0.05853200000274228,501,0,515,9106.252011,432.0,2505.0,36.0,24.0,traces/q4-random-1001--adaptive_center.json.gz
4,q4-random-1001,random,deferred,12,12,True,1.0,True,coverage_exhausted_and_all_detected_cleared,13454.923568,1121.2436306666666,0.15438829999766313,900,0,914,8039.923568,855.0,4500.0,36.0,24.0,traces/q4-random-1001--deferred.json.gz
4,q4-random-1001,random,triangular,12,12,True,1.0,True,coverage_exhausted_and_all_detected_cleared,11732.155869,977.67965575,0.07954219999737688,620,0,634,7983.155869,589.0,3100.0,36.0,24.0,traces/q4-random-1001--triangular.json.gz
4,q4-random-1002,random,baseline,12,12,True,1.0,True,coverage_exhausted_and_all_detected_cleared,13566.374568,1130.5312139999999,0.1344530999995186,900,0,914,8107.374568,899.0,4500.0,36.0,24.0,traces/q4-random-1002--baseline.json.gz
4,q4-random-1002,random,adaptive_center,12,12,True,1.0,True,coverage_exhausted_and_all_detected_cleared,13857.511399,1154.7926165833335,0.05914950000078534,533,78,625,10445.511399,453.0,2665.0,270.0,24.0,traces/q4-random-1002--adaptive_center.json.gz
4,q4-random-1002,random,deferred,12,12,True,1.0,True,coverage_exhausted_and_all_detected_cleared,12919.222088,1076.6018406666667,0.12436829999933252,900,0,914,7504.222088,855.0,4500.0,36.0,24.0,traces/q4-random-1002--deferred.json.gz
4,q4-random-1002,random,triangular,12,12,True,1.0,True,coverage_exhausted_and_all_detected_cleared,11914.489421,992.8741184166666,0.07104840000101831,622,0,636,8153.489421,591.0,3110.0,36.0,24.0,traces/q4-random-1002--triangular.json.gz
4,q4-random-1003,random,baseline,16,16,True,1.0,True,coverage_exhausted_and_all_detected_cleared,14180.424009,886.2765005625,0.14096150000113994,900,0,918,8701.424009,899.0,4500.0,48.0,32.0,traces/q4-random-1003--baseline.json.gz
4,q4-random-1003,random,adaptive_center,16,16,True,1.0,True,coverage_exhausted_and_all_detected_cleared,16338.141908,1021.13386925,0.06805420000091544,386,239,643,13321.141908,290.0,1930.0,765.0,32.0,traces/q4-random-1003--adaptive_center.json.gz
4,q4-random-1003,random,deferred,16,16,True,1.0,True,coverage_exhausted_and_all_detected_cleared,13787.312579,861.7070361875,0.1351128999995126,900,0,918,8352.312579,855.0,4500.0,48.0,32.0,traces/q4-random-1003--deferred.json.gz
4,q4-random-1003,random,triangular,16,16,True,1.0,True,coverage_exhausted_and_all_detected_cleared,12102.876807,756.4298004375,0.09164660000169533,628,0,646,8289.876807,593.0,3140.0,48.0,32.0,traces/q4-random-1003--triangular.json.gz
4,q4-random-1004,random,baseline,15,15,True,1.0,True,coverage_exhausted_and_all_detected_cleared,13831.921765,922.1281176666666,0.16233989999818732,900,0,917,8357.921765,899.0,4500.0,45.0,30.0,traces/q4-random-1004--baseline.json.gz
4,q4-random-1004,random,adaptive_center,15,15,True,1.0,True,coverage_exhausted_and_all_detected_cleared,12147.851714,809.8567809333333,0.07383099999788101,421,0,438,9625.851714,342.0,2105.0,45.0,30.0,traces/q4-random-1004--adaptive_center.json.gz
4,q4-random-1004,random,deferred,15,15,True,1.0,True,coverage_exhausted_and_all_detected_cleared,13237.664748,882.5109831999999,0.1637531999986095,900,0,917,7807.664748,855.0,4500.0,45.0,30.0,traces/q4-random-1004--deferred.json.gz
4,q4-random-1004,random,triangular,15,15,True,1.0,True,coverage_exhausted_and_all_detected_cleared,11778.893324,785.2595549333333,0.09603319999951054,623,0,640,7997.893324,591.0,3115.0,45.0,30.0,traces/q4-random-1004--triangular.json.gz
4,q4-random-1005,random,baseline,13,13,True,1.0,True,coverage_exhausted_and_all_detected_cleared,13492.653663,1037.8964356153845,0.15477580000151647,900,0,915,8028.653663,899.0,4500.0,39.0,26.0,traces/q4-random-1005--baseline.json.gz
4,q4-random-1005,random,adaptive_center,13,13,True,1.0,True,coverage_exhausted_and_all_detected_cleared,13261.56319,1020.1202453846155,0.06636230000003707,553,0,568,9953.56319,478.0,2765.0,39.0,26.0,traces/q4-random-1005--adaptive_center.json.gz
4,q4-random-1005,random,deferred,13,13,True,1.0,True,coverage_exhausted_and_all_detected_cleared,13027.377242,1002.1059416923077,0.1653201999979501,900,0,915,7607.377242,855.0,4500.0,39.0,26.0,traces/q4-random-1005--deferred.json.gz
4,q4-random-1005,random,triangular,13,13,True,1.0,True,coverage_exhausted_and_all_detected_cleared,11950.710819,919.2854476153846,0.09052510000037728,626,0,641,8164.710819,591.0,3130.0,39.0,26.0,traces/q4-random-1005--triangular.json.gz
4,q4-random-1006,random,baseline,15,15,True,1.0,True,coverage_exhausted_and_all_detected_cleared,13978.22832,931.881888,0.12819279999894206,900,0,917,8504.22832,899.0,4500.0,45.0,30.0,traces/q4-random-1006--baseline.json.gz
4,q4-random-1006,random,adaptive_center,15,15,True,1.0,True,coverage_exhausted_and_all_detected_cleared,13059.404051,870.6269367333333,0.05565310000019963,427,43,487,10384.404051,336.0,2135.0,174.0,30.0,traces/q4-random-1006--adaptive_center.json.gz
4,q4-random-1006,random,deferred,15,15,True,1.0,True,coverage_exhausted_and_all_detected_cleared,13580.367403,905.3578268666666,0.12971810000090045,900,0,917,8150.367403,855.0,4500.0,45.0,30.0,traces/q4-random-1006--deferred.json.gz
4,q4-random-1006,random,triangular,15,15,True,1.0,True,coverage_exhausted_and_all_detected_cleared,12373.285785,824.885719,0.0773765000012645,627,3,647,8563.285785,591.0,3135.0,54.0,30.0,traces/q4-random-1006--triangular.json.gz
4,q4-random-1007,random,baseline,11,11,True,1.0,True,coverage_exhausted_and_all_detected_cleared,13600.381016,1236.3982741818181,0.09521260000110487,900,0,913,8146.381016,899.0,4500.0,33.0,22.0,traces/q4-random-1007--baseline.json.gz
4,q4-random-1007,random,adaptive_center,11,11,True,1.0,True,coverage_exhausted_and_all_detected_cleared,12638.699426,1148.972675090909,0.0523310999997193,561,2,576,9286.699426,486.0,2805.0,39.0,22.0,traces/q4-random-1007--adaptive_center.json.gz
4,q4-random-1007,random,deferred,11,11,True,1.0,True,coverage_exhausted_and_all_detected_cleared,12944.02602,1176.729638181818,0.09839809999903082,900,0,913,7534.02602,855.0,4500.0,33.0,22.0,traces/q4-random-1007--deferred.json.gz
4,q4-random-1007,random,triangular,11,11,True,1.0,True,coverage_exhausted_and_all_detected_cleared,11709.499839,1064.4999853636364,0.06125170000086655,623,0,636,7948.499839,591.0,3115.0,33.0,22.0,traces/q4-random-1007--triangular.json.gz
4,q4-random-1008,random,baseline,11,11,True,1.0,True,coverage_exhausted_and_all_detected_cleared,13529.442685,1229.949335,0.10189290000198525,900,0,913,8075.442685,899.0,4500.0,33.0,22.0,traces/q4-random-1008--baseline.json.gz
4,q4-random-1008,random,adaptive_center,11,11,True,1.0,True,coverage_exhausted_and_all_detected_cleared,14898.01059,1354.364599090909,0.04577820000122301,524,180,717,11228.01059,455.0,2620.0,573.0,22.0,traces/q4-random-1008--adaptive_center.json.gz
4,q4-random-1008,random,deferred,11,11,True,1.0,True,coverage_exhausted_and_all_detected_cleared,12947.468958,1177.0426325454546,0.10353309999845806,900,0,913,7537.468958,855.0,4500.0,33.0,22.0,traces/q4-random-1008--deferred.json.gz
4,q4-random-1008,random,triangular,11,11,True,1.0,True,coverage_exhausted_and_all_detected_cleared,11754.194457,1068.5631324545454,0.05918949999977485,627,0,640,7972.194457,592.0,3135.0,33.0,22.0,traces/q4-random-1008--triangular.json.gz
4,q4-random-1009,random,baseline,11,11,True,1.0,True,coverage_exhausted_and_all_detected_cleared,13479.053265,1225.3684786363638,0.10958979999850271,900,0,913,8025.053265,899.0,4500.0,33.0,22.0,traces/q4-random-1009--baseline.json.gz
4,q4-random-1009,random,adaptive_center,11,11,True,1.0,True,coverage_exhausted_and_all_detected_cleared,12915.899194,1174.172654,0.05185360000177752,494,93,600,9688.899194,423.0,2470.0,312.0,22.0,traces/q4-random-1009--adaptive_center.json.gz
4,q4-random-1009,random,deferred,11,11,True,1.0,True,coverage_exhausted_and_all_detected_cleared,13079.002178,1189.000198,0.11010869999881834,900,0,913,7669.002178,855.0,4500.0,33.0,22.0,traces/q4-random-1009--deferred.json.gz
4,q4-random-1009,random,triangular,11,11,True,1.0,True,coverage_exhausted_and_all_detected_cleared,12114.88891,1101.3535372727272,0.060967199999140576,628,22,663,8262.88891,591.0,3140.0,99.0,22.0,traces/q4-random-1009--triangular.json.gz
4,q4-random-1010,random,baseline,16,16,True,1.0,True,coverage_exhausted_and_all_detected_cleared,13921.72535,870.107834375,0.1422855000018899,900,0,918,8442.72535,899.0,4500.0,48.0,32.0,traces/q4-random-1010--baseline.json.gz
4,q4-random-1010,random,adaptive_center,16,16,True,1.0,True,coverage_exhausted_and_all_detected_cleared,14817.329875,926.0831171875,0.0653548000009323,479,168,665,11441.329875,397.0,2395.0,552.0,32.0,traces/q4-random-1010--adaptive_center.json.gz
4,q4-random-1010,random,deferred,16,16,True,1.0,True,coverage_exhausted_and_all_detected_cleared,13651.385755,853.2116096875,0.14167859999724897,900,0,918,8216.385755,855.0,4500.0,48.0,32.0,traces/q4-random-1010--deferred.json.gz
4,q4-random-1010,random,triangular,16,16,True,1.0,True,coverage_exhausted_and_all_detected_cleared,12676.597685,792.2873553125,0.08281639999768231,625,9,652,8854.597685,590.0,3125.0,75.0,32.0,traces/q4-random-1010--triangular.json.gz
4,q4-random-1011,random,baseline,10,10,True,1.0,True,coverage_exhausted_and_all_detected_cleared,13341.606448,1334.1606448,0.10528880000128993,900,0,912,7892.606448,899.0,4500.0,30.0,20.0,traces/q4-random-1011--baseline.json.gz
4,q4-random-1011,random,adaptive_center,10,10,True,1.0,True,coverage_exhausted_and_all_detected_cleared,13079.804779,1307.9804779,0.053089299999555806,635,72,719,9074.804779,564.0,3175.0,246.0,20.0,traces/q4-random-1011--adaptive_center.json.gz
4,q4-random-1011,random,deferred,10,10,True,1.0,True,coverage_exhausted_and_all_detected_cleared,13021.677162,1302.1677162,0.10503610000159824,900,0,912,7616.677162,855.0,4500.0,30.0,20.0,traces/q4-random-1011--deferred.json.gz
4,q4-random-1011,random,triangular,10,10,True,1.0,True,coverage_exhausted_and_all_detected_cleared,11679.520127,1167.9520127,0.05517120000149589,622,0,634,7929.520127,590.0,3110.0,30.0,20.0,traces/q4-random-1011--triangular.json.gz
4,q4-random-1012,random,baseline,15,15,True,1.0,True,coverage_exhausted_and_all_detected_cleared,14013.745667,934.2497111333333,0.17751720000160276,900,0,917,8539.745667,899.0,4500.0,45.0,30.0,traces/q4-random-1012--baseline.json.gz
4,q4-random-1012,random,adaptive_center,15,15,True,1.0,True,coverage_exhausted_and_all_detected_cleared,12738.702106,849.2468070666667,0.07388429999991786,404,11,432,10284.702106,326.0,2020.0,78.0,30.0,traces/q4-random-1012--adaptive_center.json.gz
4,q4-random-1012,random,deferred,15,15,True,1.0,True,coverage_exhausted_and_all_detected_cleared,13418.07039,894.5380260000001,0.17872480000005453,900,0,917,7988.07039,855.0,4500.0,45.0,30.0,traces/q4-random-1012--deferred.json.gz
4,q4-random-1012,random,triangular,15,15,True,1.0,True,coverage_exhausted_and_all_detected_cleared,12058.565203,803.9043468666666,0.09648899999956484,620,0,637,8294.565203,589.0,3100.0,45.0,30.0,traces/q4-random-1012--triangular.json.gz
4,q4-random-1013,random,baseline,12,12,True,1.0,True,coverage_exhausted_and_all_detected_cleared,13834.864128,1152.905344,0.14442979999876115,900,0,914,8375.864128,899.0,4500.0,36.0,24.0,traces/q4-random-1013--baseline.json.gz
4,q4-random-1013,random,adaptive_center,12,12,True,1.0,True,coverage_exhausted_and_all_detected_cleared,12655.81507,1054.6512558333334,0.07154860000082408,509,0,523,9630.81507,420.0,2545.0,36.0,24.0,traces/q4-random-1013--adaptive_center.json.gz
4,q4-random-1013,random,deferred,12,12,True,1.0,True,coverage_exhausted_and_all_detected_cleared,13359.537154,1113.2947628333334,0.14708410000093863,900,0,914,7944.537154,855.0,4500.0,36.0,24.0,traces/q4-random-1013--deferred.json.gz
4,q4-random-1013,random,triangular,12,12,True,1.0,True,coverage_exhausted_and_all_detected_cleared,11879.39368,989.9494733333332,0.08154909999939264,620,0,634,8130.39368,589.0,3100.0,36.0,24.0,traces/q4-random-1013--triangular.json.gz
4,q4-random-1014,random,baseline,10,10,True,1.0,True,coverage_exhausted_and_all_detected_cleared,13323.140278,1332.3140278,0.1337746999997762,900,0,912,7874.140278,899.0,4500.0,30.0,20.0,traces/q4-random-1014--baseline.json.gz
4,q4-random-1014,random,adaptive_center,10,10,True,1.0,True,coverage_exhausted_and_all_detected_cleared,12595.980696,1259.5980696000001,0.044635700000071665,505,54,571,9422.980696,436.0,2525.0,192.0,20.0,traces/q4-random-1014--adaptive_center.json.gz
4,q4-random-1014,random,deferred,10,10,True,1.0,True,coverage_exhausted_and_all_detected_cleared,12976.30378,1297.630378,0.123787500000617,900,0,912,7571.30378,855.0,4500.0,30.0,20.0,traces/q4-random-1014--deferred.json.gz
4,q4-random-1014,random,triangular,10,10,True,1.0,True,coverage_exhausted_and_all_detected_cleared,11737.002724,1173.7002724,0.06648219999988214,626,1,639,7963.002724,591.0,3130.0,33.0,20.0,traces/q4-random-1014--triangular.json.gz
4,q4-random-1015,random,baseline,11,11,True,1.0,True,coverage_exhausted_and_all_detected_cleared,14078.471883,1279.8610802727273,0.11764530000073137,900,0,913,8624.471883,899.0,4500.0,33.0,22.0,traces/q4-random-1015--baseline.json.gz
4,q4-random-1015,random,adaptive_center,11,11,True,1.0,True,coverage_exhausted_and_all_detected_cleared,12724.021875,1156.7292613636364,0.05999069999961648,615,21,649,8983.021875,548.0,3075.0,96.0,22.0,traces/q4-random-1015--adaptive_center.json.gz
4,q4-random-1015,random,deferred,11,11,True,1.0,True,coverage_exhausted_and_all_detected_cleared,13709.93823,1246.3580209090908,0.12086740000086138,900,0,913,8299.93823,855.0,4500.0,33.0,22.0,traces/q4-random-1015--deferred.json.gz
4,q4-random-1015,random,triangular,11,11,True,1.0,True,coverage_exhausted_and_all_detected_cleared,11916.240522,1083.2945929090909,0.062399399997957516,621,0,634,8166.240522,590.0,3105.0,33.0,22.0,traces/q4-random-1015--triangular.json.gz
4,q4-random-1016,random,baseline,14,14,True,1.0,True,coverage_exhausted_and_all_detected_cleared,14354.06159,1025.2901135714285,0.13394719999996596,900,0,916,8885.06159,899.0,4500.0,42.0,28.0,traces/q4-random-1016--baseline.json.gz
4,q4-random-1016,random,adaptive_center,14,14,True,1.0,True,coverage_exhausted_and_all_detected_cleared,13130.114006,937.8652861428571,0.06464799999957904,455,17,488,10368.114006,366.0,2275.0,93.0,28.0,traces/q4-random-1016--adaptive_center.json.gz
4,q4-random-1016,random,deferred,14,14,True,1.0,True,coverage_exhausted_and_all_detected_cleared,13384.548708,956.0391934285715,0.13872389999960433,900,0,916,7959.548708,855.0,4500.0,42.0,28.0,traces/q4-random-1016--deferred.json.gz
4,q4-random-1016,random,triangular,14,14,True,1.0,True,coverage_exhausted_and_all_detected_cleared,12271.07461,876.5053292857143,0.07838239999910002,628,0,644,8469.07461,592.0,3140.0,42.0,28.0,traces/q4-random-1016--triangular.json.gz
4,q4-random-1017,random,baseline,10,10,True,1.0,True,coverage_exhausted_and_all_detected_cleared,13848.354592,1384.8354592,0.11526210000010906,900,0,912,8399.354592,899.0,4500.0,30.0,20.0,traces/q4-random-1017--baseline.json.gz
4,q4-random-1017,random,adaptive_center,10,10,True,1.0,True,coverage_exhausted_and_all_detected_cleared,13308.39031,1330.839031,0.06002960000114399,677,0,689,9260.39031,613.0,3385.0,30.0,20.0,traces/q4-random-1017--adaptive_center.json.gz
4,q4-random-1017,random,deferred,10,10,True,1.0,True,coverage_exhausted_and_all_detected_cleared,13568.662329,1356.8662329,0.11479279999912251,900,0,912,8163.662329,855.0,4500.0,30.0,20.0,traces/q4-random-1017--deferred.json.gz
4,q4-random-1017,random,triangular,10,10,True,1.0,True,coverage_exhausted_and_all_detected_cleared,11657.581939,1165.7581939,0.07755069999984698,623,0,635,7902.581939,590.0,3115.0,30.0,20.0,traces/q4-random-1017--triangular.json.gz
4,q4-random-1018,random,baseline,13,13,True,1.0,True,coverage_exhausted_and_all_detected_cleared,13487.045982,1037.4650755384614,0.17726960000072722,900,0,915,8023.045982,899.0,4500.0,39.0,26.0,traces/q4-random-1018--baseline.json.gz
4,q4-random-1018,random,adaptive_center,13,13,True,1.0,True,coverage_exhausted_and_all_detected_cleared,12513.551104,962.5808541538462,0.07337539999934961,456,15,486,9745.551104,378.0,2280.0,84.0,26.0,traces/q4-random-1018--adaptive_center.json.gz
4,q4-random-1018,random,deferred,13,13,True,1.0,True,coverage_exhausted_and_all_detected_cleared,13401.25797,1030.8659976923077,0.1644059999998717,900,0,915,7981.25797,855.0,4500.0,39.0,26.0,traces/q4-random-1018--deferred.json.gz
4,q4-random-1018,random,triangular,13,13,True,1.0,True,coverage_exhausted_and_all_detected_cleared,11625.422149,894.2632422307693,0.09175219999815454,621,0,636,7865.422149,590.0,3105.0,39.0,26.0,traces/q4-random-1018--triangular.json.gz
4,q4-random-1019,random,baseline,13,13,True,1.0,True,coverage_exhausted_and_all_detected_cleared,13741.978095,1057.0752380769231,0.18546710000009625,900,0,915,8277.978095,899.0,4500.0,39.0,26.0,traces/q4-random-1019--baseline.json.gz
4,q4-random-1019,random,adaptive_center,13,13,True,1.0,True,coverage_exhausted_and_all_detected_cleared,13195.452267,1015.0347897692308,0.07099620000008144,474,0,489,10354.452267,406.0,2370.0,39.0,26.0,traces/q4-random-1019--adaptive_center.json.gz
4,q4-random-1019,random,deferred,13,13,True,1.0,True,coverage_exhausted_and_all_detected_cleared,13243.308667,1018.7160513076923,0.18359480000071926,900,0,915,7823.308667,855.0,4500.0,39.0,26.0,traces/q4-random-1019--deferred.json.gz
4,q4-random-1019,random,triangular,13,13,True,1.0,True,coverage_exhausted_and_all_detected_cleared,11719.524904,901.5019156923076,0.09187380000003031,621,0,636,7959.524904,590.0,3105.0,39.0,26.0,traces/q4-random-1019--triangular.json.gz
4,q4-random-1020,random,baseline,11,11,True,1.0,True,coverage_exhausted_and_all_detected_cleared,13835.212253,1257.7465684545455,0.11129389999769046,900,0,913,8381.212253,899.0,4500.0,33.0,22.0,traces/q4-random-1020--baseline.json.gz
4,q4-random-1020,random,adaptive_center,11,11,True,1.0,True,coverage_exhausted_and_all_detected_cleared,12975.731365,1179.6119422727272,0.057466499998554355,584,16,613,9447.731365,505.0,2920.0,81.0,22.0,traces/q4-random-1020--adaptive_center.json.gz
4,q4-random-1020,random,deferred,11,11,True,1.0,True,coverage_exhausted_and_all_detected_cleared,13638.145138,1239.831376181818,0.10604239999884157,900,0,913,8228.145138,855.0,4500.0,33.0,22.0,traces/q4-random-1020--deferred.json.gz
4,q4-random-1020,random,triangular,11,11,True,1.0,True,coverage_exhausted_and_all_detected_cleared,11979.905128,1089.0822843636363,0.05926670000189915,640,0,653,8129.905128,595.0,3200.0,33.0,22.0,traces/q4-random-1020--triangular.json.gz
4,q4-random-1021,random,baseline,12,12,True,1.0,True,coverage_exhausted_and_all_detected_cleared,13890.421192,1157.5350993333334,0.12525499999901513,900,0,914,8431.421192,899.0,4500.0,36.0,24.0,traces/q4-random-1021--baseline.json.gz
4,q4-random-1021,random,adaptive_center,12,12,True,1.0,True,coverage_exhausted_and_all_detected_cleared,13642.243779,1136.85364825,0.061460799999622395,591,34,639,10006.243779,519.0,2955.0,138.0,24.0,traces/q4-random-1021--adaptive_center.json.gz
4,q4-random-1021,random,deferred,12,12,True,1.0,True,coverage_exhausted_and_all_detected_cleared,13076.474859,1089.70623825,0.12712729999839212,900,0,914,7661.474859,855.0,4500.0,36.0,24.0,traces/q4-random-1021--deferred.json.gz
4,q4-random-1021,random,triangular,12,12,True,1.0,True,coverage_exhausted_and_all_detected_cleared,12018.314515,1001.5262095833333,0.06714830000055372,630,0,644,8216.314515,592.0,3150.0,36.0,24.0,traces/q4-random-1021--triangular.json.gz
4,q4-random-1022,random,baseline,11,11,True,1.0,True,coverage_exhausted_and_all_detected_cleared,13662.988735,1242.089885,0.10663570000178879,900,0,913,8208.988735,899.0,4500.0,33.0,22.0,traces/q4-random-1022--baseline.json.gz
4,q4-random-1022,random,adaptive_center,11,11,True,1.0,True,coverage_exhausted_and_all_detected_cleared,13536.778019,1230.6161835454545,0.056672499998967396,565,11,589,10140.778019,483.0,2825.0,66.0,22.0,traces/q4-random-1022--adaptive_center.json.gz
4,q4-random-1022,random,deferred,11,11,True,1.0,True,coverage_exhausted_and_all_detected_cleared,13162.178319,1196.5616653636364,0.11966430000029504,900,0,913,7752.178319,855.0,4500.0,33.0,22.0,traces/q4-random-1022--deferred.json.gz
4,q4-random-1022,random,triangular,11,11,True,1.0,True,coverage_exhausted_and_all_detected_cleared,11963.003473,1087.5457702727274,0.0804811999987578,624,0,637,8198.003473,590.0,3120.0,33.0,22.0,traces/q4-random-1022--triangular.json.gz
4,q4-random-1023,random,baseline,14,14,True,1.0,True,coverage_exhausted_and_all_detected_cleared,13720.684899,980.0489213571428,0.15822490000209655,900,0,916,8251.684899,899.0,4500.0,42.0,28.0,traces/q4-random-1023--baseline.json.gz
4,q4-random-1023,random,adaptive_center,14,14,True,1.0,True,coverage_exhausted_and_all_detected_cleared,14058.391411,1004.1708150714286,0.0792860000001383,502,3,521,11047.391411,422.0,2510.0,51.0,28.0,traces/q4-random-1023--adaptive_center.json.gz
4,q4-random-1023,random,deferred,14,14,True,1.0,True,coverage_exhausted_and_all_detected_cleared,13307.647274,950.546233857143,0.16448409999793512,900,0,916,7882.647274,855.0,4500.0,42.0,28.0,traces/q4-random-1023--deferred.json.gz
4,q4-random-1023,random,triangular,14,14,True,1.0,True,coverage_exhausted_and_all_detected_cleared,12025.273086,858.9480775714285,0.08514479999939795,633,0,649,8197.273086,593.0,3165.0,42.0,28.0,traces/q4-random-1023--triangular.json.gz
4,q4-random-1024,random,baseline,16,16,True,1.0,True,coverage_exhausted_and_all_detected_cleared,14634.201489,914.6375930625,0.14936789999774192,900,0,918,9155.201489,899.0,4500.0,48.0,32.0,traces/q4-random-1024--baseline.json.gz
4,q4-random-1024,random,adaptive_center,16,16,True,1.0,True,coverage_exhausted_and_all_detected_cleared,15011.082911,938.1926819375,0.07604139999966719,445,78,541,12123.082911,349.0,2225.0,282.0,32.0,traces/q4-random-1024--adaptive_center.json.gz
4,q4-random-1024,random,deferred,16,16,True,1.0,True,coverage_exhausted_and_all_detected_cleared,13597.760222,849.860013875,0.13723319999917294,900,0,918,8162.760222,855.0,4500.0,48.0,32.0,traces/q4-random-1024--deferred.json.gz
4,q4-random-1024,random,triangular,16,16,True,1.0,True,coverage_exhausted_and_all_detected_cleared,12537.870874,783.616929625,0.08570490000056452,635,0,653,8688.870874,594.0,3175.0,48.0,32.0,traces/q4-random-1024--triangular.json.gz
4,q4-random-1025,random,baseline,16,16,True,1.0,True,coverage_exhausted_and_all_detected_cleared,14029.893619,876.8683511875,0.1787804999985383,900,0,918,8550.893619,899.0,4500.0,48.0,32.0,traces/q4-random-1025--baseline.json.gz
4,q4-random-1025,random,adaptive_center,16,16,True,1.0,True,coverage_exhausted_and_all_detected_cleared,12348.581002,771.786312625,0.07506950000242796,366,0,384,10153.581002,285.0,1830.0,48.0,32.0,traces/q4-random-1025--adaptive_center.json.gz
4,q4-random-1025,random,deferred,16,16,True,1.0,True,coverage_exhausted_and_all_detected_cleared,13767.143621,860.4464763125,0.17602790000091773,900,0,918,8332.143621,855.0,4500.0,48.0,32.0,traces/q4-random-1025--deferred.json.gz
4,q4-random-1025,random,triangular,16,16,True,1.0,True,coverage_exhausted_and_all_detected_cleared,12586.519942,786.657496375,0.10812919999807491,620,0,638,8817.519942,589.0,3100.0,48.0,32.0,traces/q4-random-1025--triangular.json.gz
4,q4-random-1026,random,baseline,13,13,True,1.0,True,coverage_exhausted_and_all_detected_cleared,13736.321169,1056.640089923077,0.1479847000009613,900,0,915,8272.321169,899.0,4500.0,39.0,26.0,traces/q4-random-1026--baseline.json.gz
4,q4-random-1026,random,adaptive_center,13,13,True,1.0,True,coverage_exhausted_and_all_detected_cleared,12849.346604,988.4112772307692,0.0717480000021169,532,0,547,9671.346604,453.0,2660.0,39.0,26.0,traces/q4-random-1026--adaptive_center.json.gz
4,q4-random-1026,random,deferred,13,13,True,1.0,True,coverage_exhausted_and_all_detected_cleared,13297.675336,1022.8981027692308,0.14304020000054152,900,0,915,7877.675336,855.0,4500.0,39.0,26.0,traces/q4-random-1026--deferred.json.gz
4,q4-random-1026,random,triangular,13,13,True,1.0,True,coverage_exhausted_and_all_detected_cleared,11983.071176,921.7747058461538,0.0799501000001328,628,0,643,8187.071176,591.0,3140.0,39.0,26.0,traces/q4-random-1026--triangular.json.gz
4,q4-random-1027,random,baseline,13,13,True,1.0,True,coverage_exhausted_and_all_detected_cleared,14275.147277,1098.088252076923,0.11831620000157272,900,0,915,8811.147277,899.0,4500.0,39.0,26.0,traces/q4-random-1027--baseline.json.gz
4,q4-random-1027,random,adaptive_center,13,13,True,1.0,True,coverage_exhausted_and_all_detected_cleared,13427.224107,1032.8633928461538,0.05683560000034049,499,51,565,10298.224107,416.0,2495.0,192.0,26.0,traces/q4-random-1027--adaptive_center.json.gz
4,q4-random-1027,random,deferred,13,13,True,1.0,True,coverage_exhausted_and_all_detected_cleared,13636.908252,1048.9929424615384,0.11414760000116075,900,0,915,8216.908252,855.0,4500.0,39.0,26.0,traces/q4-random-1027--deferred.json.gz
4,q4-random-1027,random,triangular,13,13,True,1.0,True,coverage_exhausted_and_all_detected_cleared,12489.468968,960.728382153846,0.06961269999737851,632,0,647,8670.468968,594.0,3160.0,39.0,26.0,traces/q4-random-1027--triangular.json.gz
4,q4-random-1028,random,baseline,10,10,True,1.0,True,coverage_exhausted_and_all_detected_cleared,13717.238163,1371.7238163,0.08799960000033025,900,0,912,8268.238163,899.0,4500.0,30.0,20.0,traces/q4-random-1028--baseline.json.gz
4,q4-random-1028,random,adaptive_center,10,10,True,1.0,True,coverage_exhausted_and_all_detected_cleared,12741.970013,1274.1970013,0.04452029999811202,598,55,665,9004.970013,532.0,2990.0,195.0,20.0,traces/q4-random-1028--adaptive_center.json.gz
4,q4-random-1028,random,deferred,10,10,True,1.0,True,coverage_exhausted_and_all_detected_cleared,13060.175498,1306.0175498,0.08930349999718601,900,0,912,7655.175498,855.0,4500.0,30.0,20.0,traces/q4-random-1028--deferred.json.gz
4,q4-random-1028,random,triangular,10,10,True,1.0,True,coverage_exhausted_and_all_detected_cleared,11919.493001,1191.9493001,0.04856389999986277,627,12,651,8106.493001,592.0,3135.0,66.0,20.0,traces/q4-random-1028--triangular.json.gz
4,q4-random-1029,random,baseline,10,10,True,1.0,True,coverage_exhausted_and_all_detected_cleared,13439.092417,1343.9092417,0.15278390000094078,900,0,912,7990.092417,899.0,4500.0,30.0,20.0,traces/q4-random-1029--baseline.json.gz
4,q4-random-1029,random,adaptive_center,10,10,True,1.0,True,coverage_exhausted_and_all_detected_cleared,11960.408995,1196.0408995,0.054962300000624964,523,31,566,8749.408995,453.0,2615.0,123.0,20.0,traces/q4-random-1029--adaptive_center.json.gz
4,q4-random-1029,random,deferred,10,10,True,1.0,True,coverage_exhausted_and_all_detected_cleared,13231.292403,1323.1292403,0.14431559999866295,900,0,912,7826.292403,855.0,4500.0,30.0,20.0,traces/q4-random-1029--deferred.json.gz
4,q4-random-1029,random,triangular,10,10,True,1.0,True,coverage_exhausted_and_all_detected_cleared,11938.906691,1193.8906691,0.07575019999785582,620,0,632,8199.906691,589.0,3100.0,30.0,20.0,traces/q4-random-1029--triangular.json.gz
4,q4-random-1030,random,baseline,13,13,True,1.0,True,coverage_exhausted_and_all_detected_cleared,14059.19264,1081.4763569230768,0.141708799998014,900,0,915,8595.19264,899.0,4500.0,39.0,26.0,traces/q4-random-1030--baseline.json.gz
4,q4-random-1030,random,adaptive_center,13,13,True,1.0,True,coverage_exhausted_and_all_detected_cleared,13200.008152,1015.3852424615385,0.05979809999917052,463,0,478,10435.008152,385.0,2315.0,39.0,26.0,traces/q4-random-1030--adaptive_center.json.gz
4,q4-random-1030,random,deferred,13,13,True,1.0,True,coverage_exhausted_and_all_detected_cleared,13283.418328,1021.8014098461538,0.152708800000255,900,0,915,7863.418328,855.0,4500.0,39.0,26.0,traces/q4-random-1030--deferred.json.gz
4,q4-random-1030,random,triangular,13,13,True,1.0,True,coverage_exhausted_and_all_detected_cleared,11939.399453,918.4153425384616,0.07892010000068694,623,0,638,8168.399453,591.0,3115.0,39.0,26.0,traces/q4-random-1030--triangular.json.gz
4,q4-random-1031,random,baseline,13,13,True,1.0,True,coverage_exhausted_and_all_detected_cleared,13677.952255,1052.1501734615385,0.15145249999841326,900,0,915,8213.952255,899.0,4500.0,39.0,26.0,traces/q4-random-1031--baseline.json.gz
4,q4-random-1031,random,adaptive_center,13,13,True,1.0,True,coverage_exhausted_and_all_detected_cleared,11814.548181,908.8113985384615,0.0649264999992738,456,0,471,9082.548181,387.0,2280.0,39.0,26.0,traces/q4-random-1031--adaptive_center.json.gz
4,q4-random-1031,random,deferred,13,13,True,1.0,True,coverage_exhausted_and_all_detected_cleared,13388.242321,1029.8647939230768,0.17457659999854513,900,0,915,7968.242321,855.0,4500.0,39.0,26.0,traces/q4-random-1031--deferred.json.gz
4,q4-random-1031,random,triangular,13,13,True,1.0,True,coverage_exhausted_and_all_detected_cleared,12227.915772,940.6089055384616,0.08080519999930402,625,0,640,8446.915772,591.0,3125.0,39.0,26.0,traces/q4-random-1031--triangular.json.gz
4,q4-random-1032,random,baseline,10,10,True,1.0,True,coverage_exhausted_and_all_detected_cleared,13422.700673,1342.2700673,0.1056191999996372,900,0,912,7973.700673,899.0,4500.0,30.0,20.0,traces/q4-random-1032--baseline.json.gz
4,q4-random-1032,random,adaptive_center,10,10,True,1.0,True,coverage_exhausted_and_all_detected_cleared,13895.831195,1389.5831195,0.05744339999728254,580,66,658,10240.831195,507.0,2900.0,228.0,20.0,traces/q4-random-1032--adaptive_center.json.gz
4,q4-random-1032,random,deferred,10,10,True,1.0,True,coverage_exhausted_and_all_detected_cleared,13048.868238,1304.8868238,0.1035833999994793,900,0,912,7643.868238,855.0,4500.0,30.0,20.0,traces/q4-random-1032--deferred.json.gz
4,q4-random-1032,random,triangular,10,10,True,1.0,True,coverage_exhausted_and_all_detected_cleared,11637.375978,1163.7375978,0.05688749999899301,623,0,635,7881.375978,591.0,3115.0,30.0,20.0,traces/q4-random-1032--triangular.json.gz
4,q4-random-1033,random,baseline,11,11,True,1.0,True,coverage_exhausted_and_all_detected_cleared,13789.544698,1253.5949725454545,0.12089729999934207,900,0,913,8335.544698,899.0,4500.0,33.0,22.0,traces/q4-random-1033--baseline.json.gz
4,q4-random-1033,random,adaptive_center,11,11,True,1.0,True,coverage_exhausted_and_all_detected_cleared,12733.640211,1157.6036555454546,0.05599100000108592,575,0,588,9293.640211,510.0,2875.0,33.0,22.0,traces/q4-random-1033--adaptive_center.json.gz
4,q4-random-1033,random,deferred,11,11,True,1.0,True,coverage_exhausted_and_all_detected_cleared,13242.841399,1203.8946726363638,0.12057700000150362,900,0,913,7832.841399,855.0,4500.0,33.0,22.0,traces/q4-random-1033--deferred.json.gz
4,q4-random-1033,random,triangular,11,11,True,1.0,True,coverage_exhausted_and_all_detected_cleared,13518.232446,1228.9302223636364,0.07848349999767379,625,89,727,9481.232446,590.0,3125.0,300.0,22.0,traces/q4-random-1033--triangular.json.gz
4,q4-random-1034,random,baseline,15,15,True,1.0,True,coverage_exhausted_and_all_detected_cleared,14158.986745,943.9324496666667,0.14273400000092806,900,0,917,8684.986745,899.0,4500.0,45.0,30.0,traces/q4-random-1034--baseline.json.gz
4,q4-random-1034,random,adaptive_center,15,15,True,1.0,True,coverage_exhausted_and_all_detected_cleared,13887.592223,925.8394815333334,0.06141829999978654,416,84,517,11147.592223,333.0,2080.0,297.0,30.0,traces/q4-random-1034--adaptive_center.json.gz
4,q4-random-1034,random,deferred,15,15,True,1.0,True,coverage_exhausted_and_all_detected_cleared,13442.988138,896.1992092,0.14524600000004284,900,0,917,8012.988138,855.0,4500.0,45.0,30.0,traces/q4-random-1034--deferred.json.gz
4,q4-random-1034,random,triangular,15,15,True,1.0,True,coverage_exhausted_and_all_detected_cleared,12326.728299,821.7818866,0.08955970000170055,627,0,644,8523.728299,593.0,3135.0,45.0,30.0,traces/q4-random-1034--triangular.json.gz
4,q4-random-1035,random,baseline,15,15,True,1.0,True,coverage_exhausted_and_all_detected_cleared,13923.452601,928.2301734,0.1611668000005011,900,0,917,8449.452601,899.0,4500.0,45.0,30.0,traces/q4-random-1035--baseline.json.gz
4,q4-random-1035,random,adaptive_center,15,15,True,1.0,True,coverage_exhausted_and_all_detected_cleared,12652.959006,843.5306003999999,0.058092899998882785,424,46,487,9976.959006,343.0,2120.0,183.0,30.0,traces/q4-random-1035--adaptive_center.json.gz
4,q4-random-1035,random,deferred,15,15,True,1.0,True,coverage_exhausted_and_all_detected_cleared,13137.801277,875.8534184666667,0.17207860000053188,900,0,917,7707.801277,855.0,4500.0,45.0,30.0,traces/q4-random-1035--deferred.json.gz
4,q4-random-1035,random,triangular,15,15,True,1.0,True,coverage_exhausted_and_all_detected_cleared,11637.027808,775.8018538666668,0.10241989999849466,625,0,642,7846.027808,591.0,3125.0,45.0,30.0,traces/q4-random-1035--triangular.json.gz
4,q4-random-1036,random,baseline,14,14,True,1.0,True,coverage_exhausted_and_all_detected_cleared,13842.96767,988.783405,0.12020779999875231,900,0,916,8373.96767,899.0,4500.0,42.0,28.0,traces/q4-random-1036--baseline.json.gz
4,q4-random-1036,random,adaptive_center,14,14,True,1.0,True,coverage_exhausted_and_all_detected_cleared,13914.739569,993.9099692142856,0.059873700000025565,490,90,596,10710.739569,414.0,2450.0,312.0,28.0,traces/q4-random-1036--adaptive_center.json.gz
4,q4-random-1036,random,deferred,14,14,True,1.0,True,coverage_exhausted_and_all_detected_cleared,13140.583841,938.6131315,0.11530140000104439,900,0,916,7715.583841,855.0,4500.0,42.0,28.0,traces/q4-random-1036--deferred.json.gz
4,q4-random-1036,random,triangular,14,14,True,1.0,True,coverage_exhausted_and_all_detected_cleared,11818.642575,844.1887553571429,0.0730972000019392,627,0,643,8022.642575,591.0,3135.0,42.0,28.0,traces/q4-random-1036--triangular.json.gz
4,q4-random-1037,random,baseline,16,16,True,1.0,True,coverage_exhausted_and_all_detected_cleared,13732.912223,858.3070139375,0.1792432000002009,900,2,920,8247.912223,899.0,4500.0,54.0,32.0,traces/q4-random-1037--baseline.json.gz
4,q4-random-1037,random,adaptive_center,16,16,True,1.0,True,coverage_exhausted_and_all_detected_cleared,13666.461297,854.1538310625,0.07165569999779109,400,86,504,11009.461297,319.0,2000.0,306.0,32.0,traces/q4-random-1037--adaptive_center.json.gz
4,q4-random-1037,random,deferred,16,16,True,1.0,True,coverage_exhausted_and_all_detected_cleared,13277.595626,829.849726625,0.17281569999977364,901,0,919,7836.595626,856.0,4505.0,48.0,32.0,traces/q4-random-1037--deferred.json.gz
4,q4-random-1037,random,triangular,16,16,True,1.0,True,coverage_exhausted_and_all_detected_cleared,12004.229326,750.264332875,0.10190409999995609,620,0,638,8235.229326,589.0,3100.0,48.0,32.0,traces/q4-random-1037--triangular.json.gz
4,q4-random-1038,random,baseline,12,12,True,1.0,True,coverage_exhausted_and_all_detected_cleared,13836.948686,1153.0790571666666,0.11114189999716473,900,0,914,8377.948686,899.0,4500.0,36.0,24.0,traces/q4-random-1038--baseline.json.gz
4,q4-random-1038,random,adaptive_center,12,12,True,1.0,True,coverage_exhausted_and_all_detected_cleared,12908.328058,1075.6940048333333,0.061528700000053504,559,16,589,9522.328058,483.0,2795.0,84.0,24.0,traces/q4-random-1038--adaptive_center.json.gz
4,q4-random-1038,random,deferred,12,12,True,1.0,True,coverage_exhausted_and_all_detected_cleared,13323.890366,1110.3241971666666,0.11531749999994645,900,0,914,7908.890366,855.0,4500.0,36.0,24.0,traces/q4-random-1038--deferred.json.gz
4,q4-random-1038,random,triangular,12,12,True,1.0,True,coverage_exhausted_and_all_detected_cleared,11923.830125,993.6525104166667,0.07062450000012177,629,0,643,8126.830125,592.0,3145.0,36.0,24.0,traces/q4-random-1038--triangular.json.gz
4,q4-random-1039,random,baseline,16,16,True,1.0,True,coverage_exhausted_and_all_detected_cleared,13627.808144,851.738009,0.1581533999997191,900,0,918,8148.808144,899.0,4500.0,48.0,32.0,traces/q4-random-1039--baseline.json.gz
4,q4-random-1039,random,adaptive_center,16,16,True,1.0,True,coverage_exhausted_and_all_detected_cleared,13552.790464,847.049404,0.06660090000150376,382,63,463,11067.790464,306.0,1910.0,237.0,32.0,traces/q4-random-1039--adaptive_center.json.gz
4,q4-random-1039,random,deferred,16,16,True,1.0,True,coverage_exhausted_and_all_detected_cleared,13180.361449,823.7725905625,0.1763874999996915,900,0,918,7745.361449,855.0,4500.0,48.0,32.0,traces/q4-random-1039--deferred.json.gz
4,q4-random-1039,random,triangular,16,16,True,1.0,True,coverage_exhausted_and_all_detected_cleared,11791.637047,736.9773154375,0.0878867999999784,623,0,641,8006.637047,590.0,3115.0,48.0,32.0,traces/q4-random-1039--triangular.json.gz
4,q4-random-1040,random,baseline,12,12,True,1.0,True,coverage_exhausted_and_all_detected_cleared,13532.497766,1127.7081471666668,0.08796300000176416,900,0,914,8073.497766,899.0,4500.0,36.0,24.0,traces/q4-random-1040--baseline.json.gz
4,q4-random-1040,random,adaptive_center,12,12,True,1.0,True,coverage_exhausted_and_all_detected_cleared,15342.578287,1278.5481905833333,0.055215899999893736,619,78,711,11417.578287,536.0,3095.0,270.0,24.0,traces/q4-random-1040--adaptive_center.json.gz
4,q4-random-1040,random,deferred,12,12,True,1.0,True,coverage_exhausted_and_all_detected_cleared,13022.624107,1085.2186755833334,0.09087519999957294,900,0,914,7607.624107,855.0,4500.0,36.0,24.0,traces/q4-random-1040--deferred.json.gz
4,q4-random-1040,random,triangular,12,12,True,1.0,True,coverage_exhausted_and_all_detected_cleared,11551.107372,962.5922810000001,0.060933100001420826,624,0,638,7779.107372,592.0,3120.0,36.0,24.0,traces/q4-random-1040--triangular.json.gz
4,q4-random-1041,random,baseline,11,11,True,1.0,True,coverage_exhausted_and_all_detected_cleared,13436.918896,1221.5380814545454,0.15182309999727295,900,0,913,7982.918896,899.0,4500.0,33.0,22.0,traces/q4-random-1041--baseline.json.gz
4,q4-random-1041,random,adaptive_center,11,11,True,1.0,True,coverage_exhausted_and_all_detected_cleared,12081.929043,1098.3571857272727,0.05981929999688873,520,0,533,8980.929043,446.0,2600.0,33.0,22.0,traces/q4-random-1041--adaptive_center.json.gz
4,q4-random-1041,random,deferred,11,11,True,1.0,True,coverage_exhausted_and_all_detected_cleared,13204.093236,1200.3721123636365,0.14376550000088173,900,0,913,7794.093236,855.0,4500.0,33.0,22.0,traces/q4-random-1041--deferred.json.gz
4,q4-random-1041,random,triangular,11,11,True,1.0,True,coverage_exhausted_and_all_detected_cleared,11845.248945,1076.840813181818,0.07745119999890449,620,0,633,8101.248945,589.0,3100.0,33.0,22.0,traces/q4-random-1041--triangular.json.gz
4,q4-random-1042,random,baseline,12,12,True,1.0,True,coverage_exhausted_and_all_detected_cleared,13929.081395,1160.7567829166667,0.0962108999992779,900,0,914,8470.081395,899.0,4500.0,36.0,24.0,traces/q4-random-1042--baseline.json.gz
4,q4-random-1042,random,adaptive_center,12,12,True,1.0,True,coverage_exhausted_and_all_detected_cleared,12900.967938,1075.0806615,0.048559900002146605,558,23,595,9495.967938,486.0,2790.0,105.0,24.0,traces/q4-random-1042--adaptive_center.json.gz
4,q4-random-1042,random,deferred,12,12,True,1.0,True,coverage_exhausted_and_all_detected_cleared,13198.645194,1099.8870995,0.09393120000095223,900,0,914,7783.645194,855.0,4500.0,36.0,24.0,traces/q4-random-1042--deferred.json.gz
4,q4-random-1042,random,triangular,12,12,True,1.0,True,coverage_exhausted_and_all_detected_cleared,12570.515362,1047.5429468333334,0.060333699999318924,634,1,649,8743.515362,594.0,3170.0,39.0,24.0,traces/q4-random-1042--triangular.json.gz
4,q4-random-1043,random,baseline,12,12,True,1.0,True,coverage_exhausted_and_all_detected_cleared,13579.113766,1131.5928138333334,0.11993790000269655,900,0,914,8120.113766,899.0,4500.0,36.0,24.0,traces/q4-random-1043--baseline.json.gz
4,q4-random-1043,random,adaptive_center,12,12,True,1.0,True,coverage_exhausted_and_all_detected_cleared,14075.148422,1172.9290351666666,0.04760299999907147,506,126,646,10687.148422,420.0,2530.0,414.0,24.0,traces/q4-random-1043--adaptive_center.json.gz
4,q4-random-1043,random,deferred,12,12,True,1.0,True,coverage_exhausted_and_all_detected_cleared,12799.969599,1066.66413325,0.09358219999921857,900,0,914,7384.969599,855.0,4500.0,36.0,24.0,traces/q4-random-1043--deferred.json.gz
4,q4-random-1043,random,triangular,12,12,True,1.0,True,coverage_exhausted_and_all_detected_cleared,11485.35224,957.1126866666667,0.05306449999989127,625,0,639,7708.35224,592.0,3125.0,36.0,24.0,traces/q4-random-1043--triangular.json.gz
4,q4-random-1044,random,baseline,11,11,True,1.0,True,coverage_exhausted_and_all_detected_cleared,13768.855138,1251.7141034545455,0.12525470000036876,900,0,913,8314.855138,899.0,4500.0,33.0,22.0,traces/q4-random-1044--baseline.json.gz
4,q4-random-1044,random,adaptive_center,11,11,True,1.0,True,coverage_exhausted_and_all_detected_cleared,12225.368168,1111.3971061818183,0.05364779999945313,554,0,567,8914.368168,486.0,2770.0,33.0,22.0,traces/q4-random-1044--adaptive_center.json.gz
4,q4-random-1044,random,deferred,11,11,True,1.0,True,coverage_exhausted_and_all_detected_cleared,13299.922521,1209.0838655454545,0.13265440000031958,900,0,913,7889.922521,855.0,4500.0,33.0,22.0,traces/q4-random-1044--deferred.json.gz
4,q4-random-1044,random,triangular,11,11,True,1.0,True,coverage_exhausted_and_all_detected_cleared,11823.516175,1074.8651068181819,0.07417050000003655,620,0,633,8079.516175,589.0,3100.0,33.0,22.0,traces/q4-random-1044--triangular.json.gz
4,q4-random-1045,random,baseline,13,13,True,1.0,True,coverage_exhausted_and_all_detected_cleared,13654.624326,1050.3557173846152,0.14562179999848013,900,0,915,8190.624326,899.0,4500.0,39.0,26.0,traces/q4-random-1045--baseline.json.gz
4,q4-random-1045,random,adaptive_center,13,13,True,1.0,True,coverage_exhausted_and_all_detected_cleared,12718.183352,978.3217963076924,0.05480549999992945,444,0,459,10055.183352,378.0,2220.0,39.0,26.0,traces/q4-random-1045--adaptive_center.json.gz
4,q4-random-1045,random,deferred,13,13,True,1.0,True,coverage_exhausted_and_all_detected_cleared,13666.447844,1051.2652187692308,0.1466522000009718,900,0,915,8246.447844,855.0,4500.0,39.0,26.0,traces/q4-random-1045--deferred.json.gz
4,q4-random-1045,random,triangular,13,13,True,1.0,True,coverage_exhausted_and_all_detected_cleared,12136.281129,933.5600868461539,0.0815041999994719,623,0,638,8365.281129,591.0,3115.0,39.0,26.0,traces/q4-random-1045--triangular.json.gz
4,q4-random-1046,random,baseline,16,16,True,1.0,True,coverage_exhausted_and_all_detected_cleared,14449.93489,903.120930625,0.18866710000293097,900,0,918,8970.93489,899.0,4500.0,48.0,32.0,traces/q4-random-1046--baseline.json.gz
4,q4-random-1046,random,adaptive_center,16,16,True,1.0,True,coverage_exhausted_and_all_detected_cleared,12201.418396,762.58864975,0.07975780000197119,334,16,368,10150.418396,253.0,1670.0,96.0,32.0,traces/q4-random-1046--adaptive_center.json.gz
4,q4-random-1046,random,deferred,16,16,True,1.0,True,coverage_exhausted_and_all_detected_cleared,13488.20377,843.012735625,0.19546450000052573,900,0,918,8053.20377,855.0,4500.0,48.0,32.0,traces/q4-random-1046--deferred.json.gz
4,q4-random-1046,random,triangular,16,16,True,1.0,True,coverage_exhausted_and_all_detected_cleared,12698.406755,793.6504221875,0.09853210000073886,621,0,639,8923.406755,590.0,3105.0,48.0,32.0,traces/q4-random-1046--triangular.json.gz
4,q4-random-1047,random,baseline,13,13,True,1.0,True,coverage_exhausted_and_all_detected_cleared,13908.400889,1069.8769914615384,0.13320549999843934,900,0,915,8444.400889,899.0,4500.0,39.0,26.0,traces/q4-random-1047--baseline.json.gz
4,q4-random-1047,random,adaptive_center,13,13,True,1.0,True,coverage_exhausted_and_all_detected_cleared,11669.061054,897.620081076923,0.05493869999918388,423,3,441,9130.061054,350.0,2115.0,48.0,26.0,traces/q4-random-1047--adaptive_center.json.gz
4,q4-random-1047,random,deferred,13,13,True,1.0,True,coverage_exhausted_and_all_detected_cleared,13058.693554,1004.5148887692308,0.1373617999997805,900,0,915,7638.693554,855.0,4500.0,39.0,26.0,traces/q4-random-1047--deferred.json.gz
4,q4-random-1047,random,triangular,13,13,True,1.0,True,coverage_exhausted_and_all_detected_cleared,12438.612836,956.816372,0.07781369999793242,622,0,637,8673.612836,590.0,3110.0,39.0,26.0,traces/q4-random-1047--triangular.json.gz
4,q4-random-1048,random,baseline,15,15,True,1.0,True,coverage_exhausted_and_all_detected_cleared,14454.879635,963.6586423333333,0.1469808000001649,900,0,917,8980.879635,899.0,4500.0,45.0,30.0,traces/q4-random-1048--baseline.json.gz
4,q4-random-1048,random,adaptive_center,15,15,True,1.0,True,coverage_exhausted_and_all_detected_cleared,15904.919981,1060.3279987333333,0.07335989999774029,537,129,683,12314.919981,443.0,2685.0,432.0,30.0,traces/q4-random-1048--adaptive_center.json.gz
4,q4-random-1048,random,deferred,15,15,True,1.0,True,coverage_exhausted_and_all_detected_cleared,13285.719806,885.7146537333333,0.1509065999998711,900,0,917,7855.719806,855.0,4500.0,45.0,30.0,traces/q4-random-1048--deferred.json.gz
4,q4-random-1048,random,triangular,15,15,True,1.0,True,coverage_exhausted_and_all_detected_cleared,11982.180084,798.8120056,0.07995089999894844,622,0,639,8207.180084,590.0,3110.0,45.0,30.0,traces/q4-random-1048--triangular.json.gz
4,q4-random-1049,random,baseline,13,13,True,1.0,True,coverage_exhausted_and_all_detected_cleared,13981.210042,1075.4776955384616,0.14704219999839552,900,0,915,8517.210042,899.0,4500.0,39.0,26.0,traces/q4-random-1049--baseline.json.gz
4,q4-random-1049,random,adaptive_center,13,13,True,1.0,True,coverage_exhausted_and_all_detected_cleared,11741.671834,903.2055256923078,0.059839500001544366,484,0,499,8845.671834,411.0,2420.0,39.0,26.0,traces/q4-random-1049--adaptive_center.json.gz
4,q4-random-1049,random,deferred,13,13,True,1.0,True,coverage_exhausted_and_all_detected_cleared,13756.141249,1058.1647114615384,0.14824740000040038,900,0,915,8336.141249,855.0,4500.0,39.0,26.0,traces/q4-random-1049--deferred.json.gz
4,q4-random-1049,random,triangular,13,13,True,1.0,True,coverage_exhausted_and_all_detected_cleared,12204.466427,938.8051097692307,0.08568849999937811,620,0,635,8450.466427,589.0,3100.0,39.0,26.0,traces/q4-random-1049--triangular.json.gz
4,q4-random-1050,random,baseline,15,15,True,1.0,True,coverage_exhausted_and_all_detected_cleared,14215.209977,947.6806651333334,0.16462780000074417,900,0,917,8741.209977,899.0,4500.0,45.0,30.0,traces/q4-random-1050--baseline.json.gz
4,q4-random-1050,random,adaptive_center,15,15,True,1.0,True,coverage_exhausted_and_all_detected_cleared,13691.742989,912.7828659333334,0.07770549999986542,411,107,535,10921.742989,319.0,2055.0,366.0,30.0,traces/q4-random-1050--adaptive_center.json.gz
4,q4-random-1050,random,deferred,15,15,True,1.0,True,coverage_exhausted_and_all_detected_cleared,13318.85573,887.9237153333332,0.15949029999683262,900,0,917,7888.85573,855.0,4500.0,45.0,30.0,traces/q4-random-1050--deferred.json.gz
4,q4-random-1050,random,triangular,15,15,True,1.0,True,coverage_exhausted_and_all_detected_cleared,11873.500869,791.5667245999999,0.0908075999977882,620,0,637,8109.500869,589.0,3100.0,45.0,30.0,traces/q4-random-1050--triangular.json.gz
4,q4-random-1051,random,baseline,10,10,True,1.0,True,coverage_exhausted_and_all_detected_cleared,13176.856413,1317.6856413,0.12522980000358075,900,0,912,7727.856413,899.0,4500.0,30.0,20.0,traces/q4-random-1051--baseline.json.gz
4,q4-random-1051,random,adaptive_center,10,10,True,1.0,True,coverage_exhausted_and_all_detected_cleared,12159.872807,1215.9872807,0.042712599999504164,545,0,557,8899.872807,485.0,2725.0,30.0,20.0,traces/q4-random-1051--adaptive_center.json.gz
4,q4-random-1051,random,deferred,10,10,True,1.0,True,coverage_exhausted_and_all_detected_cleared,12776.480737,1277.6480737,0.1255228999980318,900,0,912,7371.480737,855.0,4500.0,30.0,20.0,traces/q4-random-1051--deferred.json.gz
4,q4-random-1051,random,triangular,10,10,True,1.0,True,coverage_exhausted_and_all_detected_cleared,11533.254173,1153.3254173,0.06303860000116401,620,0,632,7794.254173,589.0,3100.0,30.0,20.0,traces/q4-random-1051--triangular.json.gz
4,q4-random-1052,random,baseline,15,15,True,1.0,True,coverage_exhausted_and_all_detected_cleared,14091.631867,939.4421244666667,0.1425703999993857,900,0,917,8617.631867,899.0,4500.0,45.0,30.0,traces/q4-random-1052--baseline.json.gz
4,q4-random-1052,random,adaptive_center,15,15,True,1.0,True,coverage_exhausted_and_all_detected_cleared,14182.177579,945.4785052666666,0.06656309999743826,452,62,531,11299.177579,362.0,2260.0,231.0,30.0,traces/q4-random-1052--adaptive_center.json.gz
4,q4-random-1052,random,deferred,15,15,True,1.0,True,coverage_exhausted_and_all_detected_cleared,13893.830927,926.2553951333334,0.13550910000049043,900,0,917,8463.830927,855.0,4500.0,45.0,30.0,traces/q4-random-1052--deferred.json.gz
4,q4-random-1052,random,triangular,15,15,True,1.0,True,coverage_exhausted_and_all_detected_cleared,12596.876184,839.7917456,0.0732413000005181,638,0,655,8736.876184,595.0,3190.0,45.0,30.0,traces/q4-random-1052--triangular.json.gz
4,q4-random-1053,random,baseline,15,15,True,1.0,True,coverage_exhausted_and_all_detected_cleared,14126.584223,941.7722815333333,0.17785310000181198,900,0,917,8652.584223,899.0,4500.0,45.0,30.0,traces/q4-random-1053--baseline.json.gz
4,q4-random-1053,random,adaptive_center,15,15,True,1.0,True,coverage_exhausted_and_all_detected_cleared,12935.939128,862.3959418666667,0.07722720000310801,428,0,445,10367.939128,353.0,2140.0,45.0,30.0,traces/q4-random-1053--adaptive_center.json.gz
4,q4-random-1053,random,deferred,15,15,True,1.0,True,coverage_exhausted_and_all_detected_cleared,13334.503413,888.9668942000001,0.17299020000064047,900,0,917,7904.503413,855.0,4500.0,45.0,30.0,traces/q4-random-1053--deferred.json.gz
4,q4-random-1053,random,triangular,15,15,True,1.0,True,coverage_exhausted_and_all_detected_cleared,12170.604945,811.373663,0.09796769999957178,620,0,637,8406.604945,589.0,3100.0,45.0,30.0,traces/q4-random-1053--triangular.json.gz
4,q4-random-1054,random,baseline,11,11,True,1.0,True,coverage_exhausted_and_all_detected_cleared,13327.085588,1211.5532352727273,0.10428630000023986,900,0,913,7873.085588,899.0,4500.0,33.0,22.0,traces/q4-random-1054--baseline.json.gz
4,q4-random-1054,random,adaptive_center,11,11,True,1.0,True,coverage_exhausted_and_all_detected_cleared,14080.429835,1280.039075909091,0.047447000000829576,628,120,761,9972.429835,553.0,3140.0,393.0,22.0,traces/q4-random-1054--adaptive_center.json.gz
4,q4-random-1054,random,deferred,11,11,True,1.0,True,coverage_exhausted_and_all_detected_cleared,13036.843475,1185.1675886363637,0.09817439999824273,900,0,913,7626.843475,855.0,4500.0,33.0,22.0,traces/q4-random-1054--deferred.json.gz
4,q4-random-1054,random,triangular,11,11,True,1.0,True,coverage_exhausted_and_all_detected_cleared,11866.849402,1078.804491090909,0.06496690000130911,628,0,641,8079.849402,592.0,3140.0,33.0,22.0,traces/q4-random-1054--triangular.json.gz
4,q4-random-1055,random,baseline,10,10,True,1.0,True,coverage_exhausted_and_all_detected_cleared,13607.704264,1360.7704264,0.12270219999845722,900,0,912,8158.704264,899.0,4500.0,30.0,20.0,traces/q4-random-1055--baseline.json.gz
4,q4-random-1055,random,adaptive_center,10,10,True,1.0,True,coverage_exhausted_and_all_detected_cleared,12061.906904,1206.1906904,0.0482516999982181,517,0,529,8978.906904,448.0,2585.0,30.0,20.0,traces/q4-random-1055--adaptive_center.json.gz
4,q4-random-1055,random,deferred,10,10,True,1.0,True,coverage_exhausted_and_all_detected_cleared,13054.681261,1305.4681261,0.11748260000240407,900,0,912,7649.681261,855.0,4500.0,30.0,20.0,traces/q4-random-1055--deferred.json.gz
4,q4-random-1055,random,triangular,10,10,True,1.0,True,coverage_exhausted_and_all_detected_cleared,11383.490397,1138.3490397,0.07048840000061318,624,0,636,7623.490397,590.0,3120.0,30.0,20.0,traces/q4-random-1055--triangular.json.gz
4,q4-random-1056,random,baseline,11,11,True,1.0,True,coverage_exhausted_and_all_detected_cleared,13689.427359,1244.4933962727273,0.09801309999966179,900,0,913,8235.427359,899.0,4500.0,33.0,22.0,traces/q4-random-1056--baseline.json.gz
4,q4-random-1056,random,adaptive_center,11,11,True,1.0,True,coverage_exhausted_and_all_detected_cleared,13864.560232,1260.4145665454546,0.04848239999773796,539,139,691,10229.560232,468.0,2695.0,450.0,22.0,traces/q4-random-1056--adaptive_center.json.gz
4,q4-random-1056,random,deferred,11,11,True,1.0,True,coverage_exhausted_and_all_detected_cleared,12921.49363,1174.6812390909092,0.09998800000175834,900,0,913,7511.49363,855.0,4500.0,33.0,22.0,traces/q4-random-1056--deferred.json.gz
4,q4-random-1056,random,triangular,11,11,True,1.0,True,coverage_exhausted_and_all_detected_cleared,11623.854028,1056.7140025454546,0.05184940000253846,626,0,639,7846.854028,592.0,3130.0,33.0,22.0,traces/q4-random-1056--triangular.json.gz
4,q4-random-1057,random,baseline,14,14,True,1.0,True,coverage_exhausted_and_all_detected_cleared,14063.681416,1004.5486725714285,0.17211979999774485,900,0,916,8594.681416,899.0,4500.0,42.0,28.0,traces/q4-random-1057--baseline.json.gz
4,q4-random-1057,random,adaptive_center,14,14,True,1.0,True,coverage_exhausted_and_all_detected_cleared,14027.958113,1001.9970080714286,0.07174579999991693,475,0,491,11187.958113,395.0,2375.0,42.0,28.0,traces/q4-random-1057--adaptive_center.json.gz
4,q4-random-1057,random,deferred,14,14,True,1.0,True,coverage_exhausted_and_all_detected_cleared,13522.605782,965.9004130000001,0.1779257999987749,900,0,916,8097.605782,855.0,4500.0,42.0,28.0,traces/q4-random-1057--deferred.json.gz
4,q4-random-1057,random,triangular,14,14,True,1.0,True,coverage_exhausted_and_all_detected_cleared,11839.122675,845.6516196428572,0.10369250000076136,622,0,638,8069.122675,590.0,3110.0,42.0,28.0,traces/q4-random-1057--triangular.json.gz
4,q4-random-1058,random,baseline,11,11,True,1.0,True,coverage_exhausted_and_all_detected_cleared,13879.058938,1261.7326307272726,0.07040340000094147,900,2,915,8419.058938,899.0,4500.0,39.0,22.0,traces/q4-random-1058--baseline.json.gz
4,q4-random-1058,random,adaptive_center,11,11,True,1.0,True,coverage_exhausted_and_all_detected_cleared,13677.337172,1243.3942883636364,0.04084480000165058,589,66,668,9961.337172,518.0,2945.0,231.0,22.0,traces/q4-random-1058--adaptive_center.json.gz
4,q4-random-1058,random,deferred,11,11,True,1.0,True,coverage_exhausted_and_all_detected_cleared,13128.679513,1193.5163193636363,0.07324189999781083,901,0,914,7712.679513,856.0,4505.0,33.0,22.0,traces/q4-random-1058--deferred.json.gz
4,q4-random-1058,random,triangular,11,11,True,1.0,True,coverage_exhausted_and_all_detected_cleared,11904.735768,1082.2487061818183,0.05051920000187238,629,0,642,8111.735768,593.0,3145.0,33.0,22.0,traces/q4-random-1058--triangular.json.gz
4,q4-random-1059,random,baseline,10,10,True,1.0,True,coverage_exhausted_and_all_detected_cleared,13582.671322,1358.2671322,0.10561850000158302,900,0,912,8133.671322,899.0,4500.0,30.0,20.0,traces/q4-random-1059--baseline.json.gz
4,q4-random-1059,random,adaptive_center,10,10,True,1.0,True,coverage_exhausted_and_all_detected_cleared,12282.985408,1228.2985408,0.05545739999797661,641,0,653,8451.985408,576.0,3205.0,30.0,20.0,traces/q4-random-1059--adaptive_center.json.gz
4,q4-random-1059,random,deferred,10,10,True,1.0,True,coverage_exhausted_and_all_detected_cleared,13148.153375,1314.8153375,0.10368779999771505,900,0,912,7743.153375,855.0,4500.0,30.0,20.0,traces/q4-random-1059--deferred.json.gz
4,q4-random-1059,random,triangular,10,10,True,1.0,True,coverage_exhausted_and_all_detected_cleared,11580.17332,1158.017332,0.06411320000188425,620,0,632,7841.17332,589.0,3100.0,30.0,20.0,traces/q4-random-1059--triangular.json.gz
4,q4-random-1060,random,baseline,14,14,True,1.0,True,coverage_exhausted_and_all_detected_cleared,13757.787118,982.6990798571429,0.1644412999994529,900,0,916,8288.787118,899.0,4500.0,42.0,28.0,traces/q4-random-1060--baseline.json.gz
4,q4-random-1060,random,adaptive_center,14,14,True,1.0,True,coverage_exhausted_and_all_detected_cleared,12633.529103,902.3949359285715,0.07284939999954076,435,26,477,9958.529103,352.0,2175.0,120.0,28.0,traces/q4-random-1060--adaptive_center.json.gz
4,q4-random-1060,random,deferred,14,14,True,1.0,True,coverage_exhausted_and_all_detected_cleared,13336.543263,952.6102330714285,0.16512449999936507,900,0,916,7911.543263,855.0,4500.0,42.0,28.0,traces/q4-random-1060--deferred.json.gz
4,q4-random-1060,random,triangular,14,14,True,1.0,True,coverage_exhausted_and_all_detected_cleared,11914.668282,851.0477344285715,0.0978118999992148,620,0,636,8155.668282,589.0,3100.0,42.0,28.0,traces/q4-random-1060--triangular.json.gz
4,q4-random-1061,random,baseline,16,16,True,1.0,True,coverage_exhausted_and_all_detected_cleared,14098.217089,881.1385680625,0.1336239000011119,900,0,918,8619.217089,899.0,4500.0,48.0,32.0,traces/q4-random-1061--baseline.json.gz
4,q4-random-1061,random,adaptive_center,16,16,True,1.0,True,coverage_exhausted_and_all_detected_cleared,13265.806648,829.1129155,0.0693805999981123,393,90,501,10630.806648,320.0,1965.0,318.0,32.0,traces/q4-random-1061--adaptive_center.json.gz
4,q4-random-1061,random,deferred,16,16,True,1.0,True,coverage_exhausted_and_all_detected_cleared,13872.100412,867.00627575,0.13262630000099307,904,0,922,8416.100412,856.0,4520.0,48.0,32.0,traces/q4-random-1061--deferred.json.gz
4,q4-random-1061,random,triangular,16,16,True,1.0,True,coverage_exhausted_and_all_detected_cleared,13817.806059,863.6128786875,0.07566549999683048,626,84,728,9764.806059,591.0,3130.0,300.0,32.0,traces/q4-random-1061--triangular.json.gz
4,q4-random-1062,random,baseline,10,10,True,1.0,True,coverage_exhausted_and_all_detected_cleared,13383.412462,1338.3412462000001,0.11324059999969904,900,0,912,7934.412462,899.0,4500.0,30.0,20.0,traces/q4-random-1062--baseline.json.gz
4,q4-random-1062,random,adaptive_center,10,10,True,1.0,True,coverage_exhausted_and_all_detected_cleared,12342.841608,1234.2841608,0.057710499997483566,585,0,597,8848.841608,519.0,2925.0,30.0,20.0,traces/q4-random-1062--adaptive_center.json.gz
4,q4-random-1062,random,deferred,10,10,True,1.0,True,coverage_exhausted_and_all_detected_cleared,12539.871307,1253.9871306999999,0.11509890000161249,900,0,912,7134.871307,855.0,4500.0,30.0,20.0,traces/q4-random-1062--deferred.json.gz
4,q4-random-1062,random,triangular,10,10,True,1.0,True,coverage_exhausted_and_all_detected_cleared,11351.435324,1135.1435324,0.06763059999866528,620,0,632,7612.435324,589.0,3100.0,30.0,20.0,traces/q4-random-1062--triangular.json.gz
4,q4-random-1063,random,baseline,15,15,True,1.0,True,coverage_exhausted_and_all_detected_cleared,13789.520561,919.3013707333333,0.15726709999944433,900,0,917,8315.520561,899.0,4500.0,45.0,30.0,traces/q4-random-1063--baseline.json.gz
4,q4-random-1063,random,adaptive_center,15,15,True,1.0,True,coverage_exhausted_and_all_detected_cleared,13657.396568,910.4931045333334,0.06019469999955618,423,28,468,11040.396568,343.0,2115.0,129.0,30.0,traces/q4-random-1063--adaptive_center.json.gz
4,q4-random-1063,random,deferred,15,15,True,1.0,True,coverage_exhausted_and_all_detected_cleared,13727.999802,915.1999868,0.1857376000007207,900,0,917,8297.999802,855.0,4500.0,45.0,30.0,traces/q4-random-1063--deferred.json.gz
4,q4-random-1063,random,triangular,15,15,True,1.0,True,coverage_exhausted_and_all_detected_cleared,12245.965118,816.3976745333333,0.10296450000168988,629,15,661,8387.965118,593.0,3145.0,90.0,30.0,traces/q4-random-1063--triangular.json.gz
4,q4-random-1064,random,baseline,13,13,True,1.0,True,coverage_exhausted_and_all_detected_cleared,14091.31681,1083.947446923077,0.12391469999784022,900,0,915,8627.31681,899.0,4500.0,39.0,26.0,traces/q4-random-1064--baseline.json.gz
4,q4-random-1064,random,adaptive_center,13,13,True,1.0,True,coverage_exhausted_and_all_detected_cleared,13771.89494,1059.376533846154,0.0605442000014591,502,100,617,10483.89494,413.0,2510.0,339.0,26.0,traces/q4-random-1064--adaptive_center.json.gz
4,q4-random-1064,random,deferred,13,13,True,1.0,True,coverage_exhausted_and_all_detected_cleared,13389.719162,1029.978397076923,0.12237739999909536,900,0,915,7969.719162,855.0,4500.0,39.0,26.0,traces/q4-random-1064--deferred.json.gz
4,q4-random-1064,random,triangular,13,13,True,1.0,True,coverage_exhausted_and_all_detected_cleared,11961.176106,920.0904696923078,0.06197769999926095,625,0,640,8180.176106,591.0,3125.0,39.0,26.0,traces/q4-random-1064--triangular.json.gz
4,q4-random-1065,random,baseline,14,14,True,1.0,True,coverage_exhausted_and_all_detected_cleared,13960.424256,997.1731611428571,0.1215991999997641,900,0,916,8491.424256,899.0,4500.0,42.0,28.0,traces/q4-random-1065--baseline.json.gz
4,q4-random-1065,random,adaptive_center,14,14,True,1.0,True,coverage_exhausted_and_all_detected_cleared,14812.095618,1058.0068298571427,0.056870900003559655,499,144,659,11400.095618,415.0,2495.0,474.0,28.0,traces/q4-random-1065--adaptive_center.json.gz
4,q4-random-1065,random,deferred,14,14,True,1.0,True,coverage_exhausted_and_all_detected_cleared,13088.443867,934.8888476428572,0.10222699999940232,900,0,916,7663.443867,855.0,4500.0,42.0,28.0,traces/q4-random-1065--deferred.json.gz
4,q4-random-1065,random,triangular,14,14,True,1.0,True,coverage_exhausted_and_all_detected_cleared,14294.33218,1021.0237271428571,0.06869350000124541,641,173,830,9906.33218,594.0,3205.0,561.0,28.0,traces/q4-random-1065--triangular.json.gz
4,q4-random-1066,random,baseline,15,15,True,1.0,True,coverage_exhausted_and_all_detected_cleared,14481.911936,965.4607957333334,0.213410099997418,900,0,917,9007.911936,899.0,4500.0,45.0,30.0,traces/q4-random-1066--baseline.json.gz
4,q4-random-1066,random,adaptive_center,15,15,True,1.0,True,coverage_exhausted_and_all_detected_cleared,12064.587268,804.3058178666666,0.1027682999992976,425,0,442,9513.587268,351.0,2125.0,45.0,30.0,traces/q4-random-1066--adaptive_center.json.gz
4,q4-random-1066,random,deferred,15,15,True,1.0,True,coverage_exhausted_and_all_detected_cleared,13987.100627,932.4733751333333,0.23029040000255918,900,0,917,8557.100627,855.0,4500.0,45.0,30.0,traces/q4-random-1066--deferred.json.gz
4,q4-random-1066,random,triangular,15,15,True,1.0,True,coverage_exhausted_and_all_detected_cleared,12337.446674,822.4964449333334,0.10174460000052932,620,0,637,8573.446674,589.0,3100.0,45.0,30.0,traces/q4-random-1066--triangular.json.gz
4,q4-random-1067,random,baseline,13,13,True,1.0,True,coverage_exhausted_and_all_detected_cleared,13606.146714,1046.6266703076924,0.1065803000019514,900,0,915,8142.146714,899.0,4500.0,39.0,26.0,traces/q4-random-1067--baseline.json.gz
4,q4-random-1067,random,adaptive_center,13,13,True,1.0,True,coverage_exhausted_and_all_detected_cleared,14720.785543,1132.3681186923077,0.049816099999588914,525,138,678,11172.785543,444.0,2625.0,453.0,26.0,traces/q4-random-1067--adaptive_center.json.gz
4,q4-random-1067,random,deferred,13,13,True,1.0,True,coverage_exhausted_and_all_detected_cleared,13073.712119,1005.670163,0.10529609999866807,900,0,915,7653.712119,855.0,4500.0,39.0,26.0,traces/q4-random-1067--deferred.json.gz
4,q4-random-1067,random,triangular,13,13,True,1.0,True,coverage_exhausted_and_all_detected_cleared,12159.450285,935.3423296153846,0.06564110000181245,631,0,646,8346.450285,593.0,3155.0,39.0,26.0,traces/q4-random-1067--triangular.json.gz
4,q4-random-1068,random,baseline,12,12,True,1.0,True,coverage_exhausted_and_all_detected_cleared,13710.79605,1142.5663375000001,0.12301619999925606,900,0,914,8251.79605,899.0,4500.0,36.0,24.0,traces/q4-random-1068--baseline.json.gz
4,q4-random-1068,random,adaptive_center,12,12,True,1.0,True,coverage_exhausted_and_all_detected_cleared,11964.39035,997.0325291666667,0.05979680000018561,501,0,515,8968.39035,431.0,2505.0,36.0,24.0,traces/q4-random-1068--adaptive_center.json.gz
4,q4-random-1068,random,deferred,12,12,True,1.0,True,coverage_exhausted_and_all_detected_cleared,13074.229164,1089.519097,0.12064860000100452,900,0,914,7659.229164,855.0,4500.0,36.0,24.0,traces/q4-random-1068--deferred.json.gz
4,q4-random-1068,random,triangular,12,12,True,1.0,True,coverage_exhausted_and_all_detected_cleared,11697.111307,974.7592755833333,0.06839000000036322,621,0,635,7942.111307,590.0,3105.0,36.0,24.0,traces/q4-random-1068--triangular.json.gz
4,q4-random-1069,random,baseline,10,10,True,1.0,True,coverage_exhausted_and_all_detected_cleared,13534.869419,1353.4869419000001,0.11700229999769363,900,0,912,8085.869419,899.0,4500.0,30.0,20.0,traces/q4-random-1069--baseline.json.gz
4,q4-random-1069,random,adaptive_center,10,10,True,1.0,True,coverage_exhausted_and_all_detected_cleared,12099.818392,1209.9818392,0.05477420000170241,564,29,605,8649.818392,493.0,2820.0,117.0,20.0,traces/q4-random-1069--adaptive_center.json.gz
4,q4-random-1069,random,deferred,10,10,True,1.0,True,coverage_exhausted_and_all_detected_cleared,13137.480374,1313.7480374000002,0.12344110000049113,900,0,912,7732.480374,855.0,4500.0,30.0,20.0,traces/q4-random-1069--deferred.json.gz
4,q4-random-1069,random,triangular,10,10,True,1.0,True,coverage_exhausted_and_all_detected_cleared,11780.210445,1178.0210445,0.06527879999703146,628,0,640,7999.210445,591.0,3140.0,30.0,20.0,traces/q4-random-1069--triangular.json.gz
4,q4-random-1070,random,baseline,16,16,True,1.0,True,coverage_exhausted_and_all_detected_cleared,13917.711003,869.8569376875,0.15107300000090618,900,0,918,8438.711003,899.0,4500.0,48.0,32.0,traces/q4-random-1070--baseline.json.gz
4,q4-random-1070,random,adaptive_center,16,16,True,1.0,True,coverage_exhausted_and_all_detected_cleared,13383.233141,836.4520713125,0.06846379999842611,388,101,507,10755.233141,305.0,1940.0,351.0,32.0,traces/q4-random-1070--adaptive_center.json.gz
4,q4-random-1070,random,deferred,16,16,True,1.0,True,coverage_exhausted_and_all_detected_cleared,13222.239142,826.389946375,0.1452294000009715,900,0,918,7787.239142,855.0,4500.0,48.0,32.0,traces/q4-random-1070--deferred.json.gz
4,q4-random-1070,random,triangular,16,16,True,1.0,True,coverage_exhausted_and_all_detected_cleared,13562.148399,847.6342749375,0.07854959999895073,634,90,742,9448.148399,594.0,3170.0,318.0,32.0,traces/q4-random-1070--triangular.json.gz
4,q4-random-1071,random,baseline,10,10,True,1.0,True,coverage_exhausted_and_all_detected_cleared,13458.577503,1345.8577503000001,0.0939211000004434,900,0,912,8009.577503,899.0,4500.0,30.0,20.0,traces/q4-random-1071--baseline.json.gz
4,q4-random-1071,random,adaptive_center,10,10,True,1.0,True,coverage_exhausted_and_all_detected_cleared,11976.926314,1197.6926314,0.04919299999892246,562,3,577,8609.926314,498.0,2810.0,39.0,20.0,traces/q4-random-1071--adaptive_center.json.gz
4,q4-random-1071,random,deferred,10,10,True,1.0,True,coverage_exhausted_and_all_detected_cleared,13021.661848,1302.1661847999999,0.09707650000200374,900,0,912,7616.661848,855.0,4500.0,30.0,20.0,traces/q4-random-1071--deferred.json.gz
4,q4-random-1071,random,triangular,10,10,True,1.0,True,coverage_exhausted_and_all_detected_cleared,11601.209708,1160.1209708000001,0.05545640000127605,626,5,643,7816.209708,590.0,3130.0,45.0,20.0,traces/q4-random-1071--triangular.json.gz
4,q4-random-1072,random,baseline,11,11,True,1.0,True,coverage_exhausted_and_all_detected_cleared,13568.088504,1233.4625912727272,0.10198210000089603,900,0,913,8114.088504,899.0,4500.0,33.0,22.0,traces/q4-random-1072--baseline.json.gz
4,q4-random-1072,random,adaptive_center,11,11,True,1.0,True,coverage_exhausted_and_all_detected_cleared,14639.568125,1330.8698295454544,0.050277500002266606,640,148,801,10371.568125,569.0,3200.0,477.0,22.0,traces/q4-random-1072--adaptive_center.json.gz
4,q4-random-1072,random,deferred,11,11,True,1.0,True,coverage_exhausted_and_all_detected_cleared,12898.761072,1172.614642909091,0.08187089999773889,900,0,913,7488.761072,855.0,4500.0,33.0,22.0,traces/q4-random-1072--deferred.json.gz
4,q4-random-1072,random,triangular,11,11,True,1.0,True,coverage_exhausted_and_all_detected_cleared,11954.993759,1086.8176144545455,0.056854000002203975,623,0,636,8193.993759,591.0,3115.0,33.0,22.0,traces/q4-random-1072--triangular.json.gz
4,q4-random-1073,random,baseline,11,11,True,1.0,True,coverage_exhausted_and_all_detected_cleared,13456.02278,1223.2747981818181,0.13040900000123656,900,0,913,8002.02278,899.0,4500.0,33.0,22.0,traces/q4-random-1073--baseline.json.gz
4,q4-random-1073,random,adaptive_center,11,11,True,1.0,True,coverage_exhausted_and_all_detected_cleared,12714.181756,1155.834705090909,0.05030189999888535,506,80,599,9449.181756,440.0,2530.0,273.0,22.0,traces/q4-random-1073--adaptive_center.json.gz
4,q4-random-1073,random,deferred,11,11,True,1.0,True,coverage_exhausted_and_all_detected_cleared,13105.749065,1191.4317331818181,0.1252267000018037,900,0,913,7695.749065,855.0,4500.0,33.0,22.0,traces/q4-random-1073--deferred.json.gz
4,q4-random-1073,random,triangular,11,11,True,1.0,True,coverage_exhausted_and_all_detected_cleared,11832.682055,1075.6983686363635,0.07722719999947003,620,0,633,8088.682055,589.0,3100.0,33.0,22.0,traces/q4-random-1073--triangular.json.gz
4,q4-random-1074,random,baseline,15,15,True,1.0,True,coverage_exhausted_and_all_detected_cleared,13445.699799,896.3799866,0.1366734000002907,900,0,917,7971.699799,899.0,4500.0,45.0,30.0,traces/q4-random-1074--baseline.json.gz
4,q4-random-1074,random,adaptive_center,15,15,True,1.0,True,coverage_exhausted_and_all_detected_cleared,14590.740138,972.7160091999999,0.05507930000021588,398,182,597,11662.740138,317.0,1990.0,591.0,30.0,traces/q4-random-1074--adaptive_center.json.gz
4,q4-random-1074,random,deferred,15,15,True,1.0,True,coverage_exhausted_and_all_detected_cleared,13126.929165,875.128611,0.13585329999841633,900,0,917,7696.929165,855.0,4500.0,45.0,30.0,traces/q4-random-1074--deferred.json.gz
4,q4-random-1074,random,triangular,15,15,True,1.0,True,coverage_exhausted_and_all_detected_cleared,11915.240941,794.3493960666667,0.06956639999771141,631,0,648,8092.240941,593.0,3155.0,45.0,30.0,traces/q4-random-1074--triangular.json.gz
4,q4-random-1075,random,baseline,14,14,True,1.0,True,coverage_exhausted_and_all_detected_cleared,14179.98464,1012.8560457142858,0.15323730000091018,900,0,916,8710.98464,899.0,4500.0,42.0,28.0,traces/q4-random-1075--baseline.json.gz
4,q4-random-1075,random,adaptive_center,14,14,True,1.0,True,coverage_exhausted_and_all_detected_cleared,11916.137814,851.152701,0.06345629999850644,444,4,464,9251.137814,363.0,2220.0,54.0,28.0,traces/q4-random-1075--adaptive_center.json.gz
4,q4-random-1075,random,deferred,14,14,True,1.0,True,coverage_exhausted_and_all_detected_cleared,13303.522904,950.251636,0.15022489999682875,900,0,916,7878.522904,855.0,4500.0,42.0,28.0,traces/q4-random-1075--deferred.json.gz
4,q4-random-1075,random,triangular,14,14,True,1.0,True,coverage_exhausted_and_all_detected_cleared,11914.696522,851.0497515714286,0.0813151000002108,621,0,637,8149.696522,590.0,3105.0,42.0,28.0,traces/q4-random-1075--triangular.json.gz
4,q4-random-1076,random,baseline,10,10,True,1.0,True,coverage_exhausted_and_all_detected_cleared,13068.349851,1306.8349851,0.10283979999803705,900,0,912,7619.349851,899.0,4500.0,30.0,20.0,traces/q4-random-1076--baseline.json.gz
4,q4-random-1076,random,adaptive_center,10,10,True,1.0,True,coverage_exhausted_and_all_detected_cleared,14037.227189,1403.7227189,0.04775049999807379,593,63,668,10312.227189,521.0,2965.0,219.0,20.0,traces/q4-random-1076--adaptive_center.json.gz
4,q4-random-1076,random,deferred,10,10,True,1.0,True,coverage_exhausted_and_all_detected_cleared,12513.36083,1251.336083,0.09551060000012512,900,0,912,7108.36083,855.0,4500.0,30.0,20.0,traces/q4-random-1076--deferred.json.gz
4,q4-random-1076,random,triangular,10,10,True,1.0,True,coverage_exhausted_and_all_detected_cleared,11675.13631,1167.513631,0.059750200001872145,627,0,639,7896.13631,594.0,3135.0,30.0,20.0,traces/q4-random-1076--triangular.json.gz
4,q4-random-1077,random,baseline,16,16,True,1.0,True,coverage_exhausted_and_all_detected_cleared,14284.711573,892.7944733125,0.14553840000007767,900,0,918,8805.711573,899.0,4500.0,48.0,32.0,traces/q4-random-1077--baseline.json.gz
4,q4-random-1077,random,adaptive_center,16,16,True,1.0,True,coverage_exhausted_and_all_detected_cleared,13176.895508,823.55596925,0.060828900001069997,444,2,464,10507.895508,363.0,2220.0,54.0,32.0,traces/q4-random-1077--adaptive_center.json.gz
4,q4-random-1077,random,deferred,16,16,True,1.0,True,coverage_exhausted_and_all_detected_cleared,13330.267756,833.14173475,0.13847979999991367,900,0,918,7895.267756,855.0,4500.0,48.0,32.0,traces/q4-random-1077--deferred.json.gz
4,q4-random-1077,random,triangular,16,16,True,1.0,True,coverage_exhausted_and_all_detected_cleared,12410.165477,775.6353423125,0.08056890000079875,645,5,668,8493.165477,597.0,3225.0,63.0,32.0,traces/q4-random-1077--triangular.json.gz
4,q4-random-1078,random,baseline,11,11,True,1.0,True,coverage_exhausted_and_all_detected_cleared,13392.435451,1217.4941319090908,0.11648079999940819,900,0,913,7938.435451,899.0,4500.0,33.0,22.0,traces/q4-random-1078--baseline.json.gz
4,q4-random-1078,random,adaptive_center,11,11,True,1.0,True,coverage_exhausted_and_all_detected_cleared,13783.958065,1253.0870968181819,0.04847639999934472,566,117,696,10052.958065,495.0,2830.0,384.0,22.0,traces/q4-random-1078--adaptive_center.json.gz
4,q4-random-1078,random,deferred,11,11,True,1.0,True,coverage_exhausted_and_all_detected_cleared,12932.753687,1175.7048806363637,0.10523029999967548,900,0,913,7522.753687,855.0,4500.0,33.0,22.0,traces/q4-random-1078--deferred.json.gz
4,q4-random-1078,random,triangular,11,11,True,1.0,True,coverage_exhausted_and_all_detected_cleared,11630.272331,1057.2974846363636,0.06131639999875915,624,0,637,7865.272331,590.0,3120.0,33.0,22.0,traces/q4-random-1078--triangular.json.gz
4,q4-random-1079,random,baseline,14,14,True,1.0,True,coverage_exhausted_and_all_detected_cleared,13595.19718,971.0855128571428,0.11853579999660724,900,0,916,8126.19718,899.0,4500.0,42.0,28.0,traces/q4-random-1079--baseline.json.gz
4,q4-random-1079,random,adaptive_center,14,14,True,1.0,True,coverage_exhausted_and_all_detected_cleared,13150.392399,939.3137427857143,0.06450710000353865,445,24,485,10430.392399,353.0,2225.0,114.0,28.0,traces/q4-random-1079--adaptive_center.json.gz
4,q4-random-1079,random,deferred,14,14,True,1.0,True,coverage_exhausted_and_all_detected_cleared,12788.322116,913.4515797142857,0.1244315000003553,900,0,916,7363.322116,855.0,4500.0,42.0,28.0,traces/q4-random-1079--deferred.json.gz
4,q4-random-1079,random,triangular,14,14,True,1.0,True,coverage_exhausted_and_all_detected_cleared,11794.813806,842.4867004285715,0.07270509999943897,624,0,640,8013.813806,591.0,3120.0,42.0,28.0,traces/q4-random-1079--triangular.json.gz
4,q4-random-1080,random,baseline,13,13,True,1.0,True,coverage_exhausted_and_all_detected_cleared,13688.659589,1052.9738145384615,0.14914659999703872,900,2,917,8218.659589,899.0,4500.0,45.0,26.0,traces/q4-random-1080--baseline.json.gz
4,q4-random-1080,random,adaptive_center,13,13,True,1.0,True,coverage_exhausted_and_all_detected_cleared,12641.839973,972.4492286923077,0.06190870000136783,451,48,514,9804.839973,373.0,2255.0,183.0,26.0,traces/q4-random-1080--adaptive_center.json.gz
4,q4-random-1080,random,deferred,13,13,True,1.0,True,coverage_exhausted_and_all_detected_cleared,13251.130889,1019.3177606923077,0.1512477999967814,902,0,917,7820.130889,856.0,4510.0,39.0,26.0,traces/q4-random-1080--deferred.json.gz
4,q4-random-1080,random,triangular,13,13,True,1.0,True,coverage_exhausted_and_all_detected_cleared,11956.913412,919.7625701538461,0.08174760000110837,628,0,643,8159.913412,592.0,3140.0,39.0,26.0,traces/q4-random-1080--triangular.json.gz
4,q4-random-1081,random,baseline,10,10,True,1.0,True,coverage_exhausted_and_all_detected_cleared,14037.470088,1403.7470088,0.07231949999913923,900,0,912,8588.470088,899.0,4500.0,30.0,20.0,traces/q4-random-1081--baseline.json.gz
4,q4-random-1081,random,adaptive_center,10,10,True,1.0,True,coverage_exhausted_and_all_detected_cleared,14624.201277,1462.4201277,0.052608099998906255,662,100,774,10370.201277,594.0,3310.0,330.0,20.0,traces/q4-random-1081--adaptive_center.json.gz
4,q4-random-1081,random,deferred,10,10,True,1.0,True,coverage_exhausted_and_all_detected_cleared,13206.085583,1320.6085583,0.07449460000134422,900,0,912,7801.085583,855.0,4500.0,30.0,20.0,traces/q4-random-1081--deferred.json.gz
4,q4-random-1081,random,triangular,10,10,True,1.0,True,coverage_exhausted_and_all_detected_cleared,11808.774945,1180.8774945,0.046244900000601774,633,0,645,8001.774945,592.0,3165.0,30.0,20.0,traces/q4-random-1081--triangular.json.gz
4,q4-random-1082,random,baseline,16,16,True,1.0,True,coverage_exhausted_and_all_detected_cleared,14296.445453,893.5278408125,0.13170520000130637,900,0,918,8817.445453,899.0,4500.0,48.0,32.0,traces/q4-random-1082--baseline.json.gz
4,q4-random-1082,random,adaptive_center,16,16,True,1.0,True,coverage_exhausted_and_all_detected_cleared,14883.710072,930.2318795,0.06682120000186842,402,119,539,12121.710072,315.0,2010.0,405.0,32.0,traces/q4-random-1082--adaptive_center.json.gz
4,q4-random-1082,random,deferred,16,16,True,1.0,True,coverage_exhausted_and_all_detected_cleared,13542.683407,846.4177129375,0.13227140000162763,900,0,918,8107.683407,855.0,4500.0,48.0,32.0,traces/q4-random-1082--deferred.json.gz
4,q4-random-1082,random,triangular,16,16,True,1.0,True,coverage_exhausted_and_all_detected_cleared,12869.211427,804.3257141875,0.07183049999730429,635,46,699,8881.211427,595.0,3175.0,186.0,32.0,traces/q4-random-1082--triangular.json.gz
4,q4-random-1083,random,baseline,16,16,True,1.0,True,coverage_exhausted_and_all_detected_cleared,13843.524771,865.2202981875,0.14443559999926947,900,0,918,8364.524771,899.0,4500.0,48.0,32.0,traces/q4-random-1083--baseline.json.gz
4,q4-random-1083,random,adaptive_center,16,16,True,1.0,True,coverage_exhausted_and_all_detected_cleared,15149.574667,946.8484166875,0.0769402000005357,486,88,592,11978.574667,397.0,2430.0,312.0,32.0,traces/q4-random-1083--adaptive_center.json.gz
4,q4-random-1083,random,deferred,16,16,True,1.0,True,coverage_exhausted_and_all_detected_cleared,13444.73011,840.295631875,0.15202579999822774,900,0,918,8009.73011,855.0,4500.0,48.0,32.0,traces/q4-random-1083--deferred.json.gz
4,q4-random-1083,random,triangular,16,16,True,1.0,True,coverage_exhausted_and_all_detected_cleared,12061.964378,753.872773625,0.07821200000034878,621,0,639,8286.964378,590.0,3105.0,48.0,32.0,traces/q4-random-1083--triangular.json.gz
4,q4-random-1084,random,baseline,15,15,True,1.0,True,coverage_exhausted_and_all_detected_cleared,14218.955703,947.9303802,0.1388595999997051,900,0,917,8744.955703,899.0,4500.0,45.0,30.0,traces/q4-random-1084--baseline.json.gz
4,q4-random-1084,random,adaptive_center,15,15,True,1.0,True,coverage_exhausted_and_all_detected_cleared,13263.736886,884.2491257333334,0.07065409999995609,464,2,483,10480.736886,382.0,2320.0,51.0,30.0,traces/q4-random-1084--adaptive_center.json.gz
4,q4-random-1084,random,deferred,15,15,True,1.0,True,coverage_exhausted_and_all_detected_cleared,13899.576131,926.6384087333333,0.15985440000076778,900,0,917,8469.576131,855.0,4500.0,45.0,30.0,traces/q4-random-1084--deferred.json.gz
4,q4-random-1084,random,triangular,15,15,True,1.0,True,coverage_exhausted_and_all_detected_cleared,12494.872195,832.9914796666667,0.09255660000053467,622,0,639,8718.872195,591.0,3110.0,45.0,30.0,traces/q4-random-1084--triangular.json.gz
4,q4-random-1085,random,baseline,11,11,True,1.0,True,coverage_exhausted_and_all_detected_cleared,13708.890008,1246.262728,0.10713050000049407,900,0,913,8254.890008,899.0,4500.0,33.0,22.0,traces/q4-random-1085--baseline.json.gz
4,q4-random-1085,random,adaptive_center,11,11,True,1.0,True,coverage_exhausted_and_all_detected_cleared,14138.785081,1285.3440982727273,0.06161870000141789,556,83,652,10569.785081,485.0,2780.0,282.0,22.0,traces/q4-random-1085--adaptive_center.json.gz
4,q4-random-1085,random,deferred,11,11,True,1.0,True,coverage_exhausted_and_all_detected_cleared,13064.256612,1187.659692,0.11382940000112285,900,0,913,7654.256612,855.0,4500.0,33.0,22.0,traces/q4-random-1085--deferred.json.gz
4,q4-random-1085,random,triangular,11,11,True,1.0,True,coverage_exhausted_and_all_detected_cleared,11649.277219,1059.0252017272726,0.06255269999746815,620,0,633,7905.277219,589.0,3100.0,33.0,22.0,traces/q4-random-1085--triangular.json.gz
4,q4-random-1086,random,baseline,10,10,True,1.0,True,coverage_exhausted_and_all_detected_cleared,14086.818528,1408.6818528,0.10298479999983101,900,0,912,8637.818528,899.0,4500.0,30.0,20.0,traces/q4-random-1086--baseline.json.gz
4,q4-random-1086,random,adaptive_center,10,10,True,1.0,True,coverage_exhausted_and_all_detected_cleared,14007.286102,1400.7286102,0.047866099997918354,620,106,738,9989.286102,550.0,3100.0,348.0,20.0,traces/q4-random-1086--adaptive_center.json.gz
4,q4-random-1086,random,deferred,10,10,True,1.0,True,coverage_exhausted_and_all_detected_cleared,13231.156112,1323.1156112,0.10467620000054012,900,0,912,7826.156112,855.0,4500.0,30.0,20.0,traces/q4-random-1086--deferred.json.gz
4,q4-random-1086,random,triangular,10,10,True,1.0,True,coverage_exhausted_and_all_detected_cleared,11943.161792,1194.3161792,0.06447860000116634,632,0,644,8141.161792,592.0,3160.0,30.0,20.0,traces/q4-random-1086--triangular.json.gz
4,q4-random-1087,random,baseline,14,14,True,1.0,True,coverage_exhausted_and_all_detected_cleared,13271.70905,947.9792178571428,0.14520619999893825,900,0,916,7802.70905,899.0,4500.0,42.0,28.0,traces/q4-random-1087--baseline.json.gz
4,q4-random-1087,random,adaptive_center,14,14,True,1.0,True,coverage_exhausted_and_all_detected_cleared,14365.82451,1026.1303221428573,0.0666361000003235,441,152,609,11285.82451,349.0,2205.0,498.0,28.0,traces/q4-random-1087--adaptive_center.json.gz
4,q4-random-1087,random,deferred,14,14,True,1.0,True,coverage_exhausted_and_all_detected_cleared,13000.880686,928.6343347142857,0.14419509999788716,900,0,916,7575.880686,855.0,4500.0,42.0,28.0,traces/q4-random-1087--deferred.json.gz
4,q4-random-1087,random,triangular,14,14,True,1.0,True,coverage_exhausted_and_all_detected_cleared,11682.302595,834.4501853571428,0.0811258000030648,624,0,640,7902.302595,590.0,3120.0,42.0,28.0,traces/q4-random-1087--triangular.json.gz
4,q4-random-1088,random,baseline,15,15,True,1.0,True,coverage_exhausted_and_all_detected_cleared,13973.701279,931.5800852666667,0.11291780000101426,900,0,917,8499.701279,899.0,4500.0,45.0,30.0,traces/q4-random-1088--baseline.json.gz
4,q4-random-1088,random,adaptive_center,15,15,True,1.0,True,coverage_exhausted_and_all_detected_cleared,15190.15163,1012.6767753333334,0.059742699999333126,539,136,692,11559.15163,453.0,2695.0,453.0,30.0,traces/q4-random-1088--adaptive_center.json.gz
4,q4-random-1088,random,deferred,15,15,True,1.0,True,coverage_exhausted_and_all_detected_cleared,13375.216866,891.6811244,0.11354019999998854,900,0,917,7945.216866,855.0,4500.0,45.0,30.0,traces/q4-random-1088--deferred.json.gz
4,q4-random-1088,random,triangular,15,15,True,1.0,True,coverage_exhausted_and_all_detected_cleared,12517.858796,834.5239197333334,0.07702830000198446,635,0,652,8672.858796,595.0,3175.0,45.0,30.0,traces/q4-random-1088--triangular.json.gz
4,q4-random-1089,random,baseline,16,16,True,1.0,True,coverage_exhausted_and_all_detected_cleared,13741.850135,858.8656334375,0.20204720000037923,900,0,918,8262.850135,899.0,4500.0,48.0,32.0,traces/q4-random-1089--baseline.json.gz
4,q4-random-1089,random,adaptive_center,16,16,True,1.0,True,coverage_exhausted_and_all_detected_cleared,12105.689291,756.6055806875,0.0729049000001396,347,0,365,10026.689291,264.0,1735.0,48.0,32.0,traces/q4-random-1089--adaptive_center.json.gz
4,q4-random-1089,random,deferred,16,16,True,1.0,True,coverage_exhausted_and_all_detected_cleared,13249.800585,828.1125365625,0.1901782999993884,900,0,918,7814.800585,855.0,4500.0,48.0,32.0,traces/q4-random-1089--deferred.json.gz
4,q4-random-1089,random,triangular,16,16,True,1.0,True,coverage_exhausted_and_all_detected_cleared,11762.838929,735.1774330625,0.10236189999704948,620,0,638,7993.838929,589.0,3100.0,48.0,32.0,traces/q4-random-1089--triangular.json.gz
4,q4-random-1090,random,baseline,13,13,True,1.0,True,coverage_exhausted_and_all_detected_cleared,13740.32172,1056.9478246153847,0.0974822000025597,900,0,915,8276.32172,899.0,4500.0,39.0,26.0,traces/q4-random-1090--baseline.json.gz
4,q4-random-1090,random,adaptive_center,13,13,True,1.0,True,coverage_exhausted_and_all_detected_cleared,14567.216915,1120.5551473076923,0.053186300003289944,565,83,663,10940.216915,488.0,2825.0,288.0,26.0,traces/q4-random-1090--adaptive_center.json.gz
4,q4-random-1090,random,deferred,13,13,True,1.0,True,coverage_exhausted_and_all_detected_cleared,13216.249102,1016.6345463076923,0.10301949999848148,903,0,918,7780.249102,856.0,4515.0,39.0,26.0,traces/q4-random-1090--deferred.json.gz
4,q4-random-1090,random,triangular,13,13,True,1.0,True,coverage_exhausted_and_all_detected_cleared,11779.121157,906.0862428461538,0.10107589999824995,626,0,641,7992.121157,592.0,3130.0,39.0,26.0,traces/q4-random-1090--triangular.json.gz
4,q4-random-1091,random,baseline,11,11,True,1.0,True,coverage_exhausted_and_all_detected_cleared,13620.482201,1238.2256546363637,0.11050619999878109,900,0,913,8166.482201,899.0,4500.0,33.0,22.0,traces/q4-random-1091--baseline.json.gz
4,q4-random-1091,random,adaptive_center,11,11,True,1.0,True,coverage_exhausted_and_all_detected_cleared,15083.357599,1371.2143271818184,0.050531600001704646,607,196,816,10878.357599,527.0,3035.0,621.0,22.0,traces/q4-random-1091--adaptive_center.json.gz
4,q4-random-1091,random,deferred,11,11,True,1.0,True,coverage_exhausted_and_all_detected_cleared,13218.652635,1201.6956940909092,0.08373009999922942,900,0,913,7808.652635,855.0,4500.0,33.0,22.0,traces/q4-random-1091--deferred.json.gz
4,q4-random-1091,random,triangular,11,11,True,1.0,True,coverage_exhausted_and_all_detected_cleared,12033.577003,1093.9615457272728,0.05246149999948102,624,0,637,8267.577003,591.0,3120.0,33.0,22.0,traces/q4-random-1091--triangular.json.gz
4,q4-random-1092,random,baseline,14,14,True,1.0,True,coverage_exhausted_and_all_detected_cleared,14096.261119,1006.8757942142857,0.150403899999219,900,0,916,8627.261119,899.0,4500.0,42.0,28.0,traces/q4-random-1092--baseline.json.gz
4,q4-random-1092,random,adaptive_center,14,14,True,1.0,True,coverage_exhausted_and_all_detected_cleared,12993.615093,928.1153637857143,0.06852799999978743,466,40,522,10087.615093,386.0,2330.0,162.0,28.0,traces/q4-random-1092--adaptive_center.json.gz
4,q4-random-1092,random,deferred,14,14,True,1.0,True,coverage_exhausted_and_all_detected_cleared,13577.070536,969.7907525714285,0.1460004000000481,900,0,916,8152.070536,855.0,4500.0,42.0,28.0,traces/q4-random-1092--deferred.json.gz
4,q4-random-1092,random,triangular,14,14,True,1.0,True,coverage_exhausted_and_all_detected_cleared,12333.578284,880.9698774285714,0.09743739999976242,628,0,644,8532.578284,591.0,3140.0,42.0,28.0,traces/q4-random-1092--triangular.json.gz
4,q4-random-1093,random,baseline,10,10,True,1.0,True,coverage_exhausted_and_all_detected_cleared,13760.706598,1376.0706598000002,0.11271470000065165,900,0,912,8311.706598,899.0,4500.0,30.0,20.0,traces/q4-random-1093--baseline.json.gz
4,q4-random-1093,random,adaptive_center,10,10,True,1.0,True,coverage_exhausted_and_all_detected_cleared,11699.342412,1169.9342412,0.04809689999819966,522,1,535,8581.342412,455.0,2610.0,33.0,20.0,traces/q4-random-1093--adaptive_center.json.gz
4,q4-random-1093,random,deferred,10,10,True,1.0,True,coverage_exhausted_and_all_detected_cleared,13168.129029,1316.8129029,0.11504419999982929,900,0,912,7763.129029,855.0,4500.0,30.0,20.0,traces/q4-random-1093--deferred.json.gz
4,q4-random-1093,random,triangular,10,10,True,1.0,True,coverage_exhausted_and_all_detected_cleared,11931.701021,1193.1701021000001,0.07035840000025928,624,0,636,8171.701021,590.0,3120.0,30.0,20.0,traces/q4-random-1093--triangular.json.gz
4,q4-random-1094,random,baseline,16,16,True,1.0,True,coverage_exhausted_and_all_detected_cleared,14102.010166,881.375635375,0.1380645999997796,900,0,918,8623.010166,899.0,4500.0,48.0,32.0,traces/q4-random-1094--baseline.json.gz
4,q4-random-1094,random,adaptive_center,16,16,True,1.0,True,coverage_exhausted_and_all_detected_cleared,13633.322729,852.0826705625,0.0630888000014238,401,28,447,11155.322729,309.0,2005.0,132.0,32.0,traces/q4-random-1094--adaptive_center.json.gz
4,q4-random-1094,random,deferred,16,16,True,1.0,True,coverage_exhausted_and_all_detected_cleared,13460.961476,841.31009225,0.13845519999813405,900,0,918,8025.961476,855.0,4500.0,48.0,32.0,traces/q4-random-1094--deferred.json.gz
4,q4-random-1094,random,triangular,16,16,True,1.0,True,coverage_exhausted_and_all_detected_cleared,12437.885108,777.36781925,0.08082959999956074,627,0,645,8630.885108,592.0,3135.0,48.0,32.0,traces/q4-random-1094--triangular.json.gz
4,q4-random-1095,random,baseline,12,12,True,1.0,True,coverage_exhausted_and_all_detected_cleared,13414.624857,1117.8854047500001,0.12866829999984475,900,0,914,7955.624857,899.0,4500.0,36.0,24.0,traces/q4-random-1095--baseline.json.gz
4,q4-random-1095,random,adaptive_center,12,12,True,1.0,True,coverage_exhausted_and_all_detected_cleared,12927.852515,1077.3210429166668,0.061138700002629776,578,27,619,9397.852515,499.0,2890.0,117.0,24.0,traces/q4-random-1095--adaptive_center.json.gz
4,q4-random-1095,random,deferred,12,12,True,1.0,True,coverage_exhausted_and_all_detected_cleared,12943.070762,1078.5892301666665,0.13138959999923827,900,0,914,7528.070762,855.0,4500.0,36.0,24.0,traces/q4-random-1095--deferred.json.gz
4,q4-random-1095,random,triangular,12,12,True,1.0,True,coverage_exhausted_and_all_detected_cleared,11419.78789,951.6489908333333,0.08152239999981248,623,0,637,7652.78789,592.0,3115.0,36.0,24.0,traces/q4-random-1095--triangular.json.gz
4,q4-random-1096,random,baseline,11,11,True,1.0,True,coverage_exhausted_and_all_detected_cleared,13575.260619,1234.1146017272729,0.17020709999997052,900,0,913,8121.260619,899.0,4500.0,33.0,22.0,traces/q4-random-1096--baseline.json.gz
4,q4-random-1096,random,adaptive_center,11,11,True,1.0,True,coverage_exhausted_and_all_detected_cleared,13671.894144,1242.8994676363636,0.07472169999891776,535,78,626,10242.894144,465.0,2675.0,267.0,22.0,traces/q4-random-1096--adaptive_center.json.gz
4,q4-random-1096,random,deferred,11,11,True,1.0,True,coverage_exhausted_and_all_detected_cleared,13449.920527,1222.720047909091,0.17832849999831524,900,0,913,8039.920527,855.0,4500.0,33.0,22.0,traces/q4-random-1096--deferred.json.gz
4,q4-random-1096,random,triangular,11,11,True,1.0,True,coverage_exhausted_and_all_detected_cleared,12000.598486,1090.9634987272727,0.0926528000018152,622,0,635,8244.598486,591.0,3110.0,33.0,22.0,traces/q4-random-1096--triangular.json.gz
4,q4-random-1097,random,baseline,10,10,True,1.0,True,coverage_exhausted_and_all_detected_cleared,13420.797511,1342.0797511,0.1662778000027174,900,0,912,7971.797511,899.0,4500.0,30.0,20.0,traces/q4-random-1097--baseline.json.gz
4,q4-random-1097,random,adaptive_center,10,10,True,1.0,True,coverage_exhausted_and_all_detected_cleared,11662.05647,1166.205647,0.07907470000282046,569,0,581,8267.05647,500.0,2845.0,30.0,20.0,traces/q4-random-1097--adaptive_center.json.gz
4,q4-random-1097,random,deferred,10,10,True,1.0,True,coverage_exhausted_and_all_detected_cleared,13062.923657,1306.2923657,0.18473470000026282,900,0,912,7657.923657,855.0,4500.0,30.0,20.0,traces/q4-random-1097--deferred.json.gz
4,q4-random-1097,random,triangular,10,10,True,1.0,True,coverage_exhausted_and_all_detected_cleared,12652.313778,1265.2313778,0.10550090000106138,628,80,720,8631.313778,591.0,3140.0,270.0,20.0,traces/q4-random-1097--triangular.json.gz
4,q4-random-1098,random,baseline,11,11,True,1.0,True,coverage_exhausted_and_all_detected_cleared,13951.476935,1268.3160850000002,0.1876905999997689,900,3,916,8488.476935,899.0,4500.0,42.0,22.0,traces/q4-random-1098--baseline.json.gz
4,q4-random-1098,random,adaptive_center,11,11,True,1.0,True,coverage_exhausted_and_all_detected_cleared,12621.007705,1147.3643368181818,0.0889971999968111,584,4,601,9122.007705,512.0,2920.0,45.0,22.0,traces/q4-random-1098--adaptive_center.json.gz
4,q4-random-1098,random,deferred,11,11,True,1.0,True,coverage_exhausted_and_all_detected_cleared,13077.762146,1188.8874678181817,0.1931008000028669,901,0,914,7661.762146,856.0,4505.0,33.0,22.0,traces/q4-random-1098--deferred.json.gz
4,q4-random-1098,random,triangular,11,11,True,1.0,True,coverage_exhausted_and_all_detected_cleared,11968.750029,1088.0681844545454,0.09839690000080736,622,0,635,8213.750029,590.0,3110.0,33.0,22.0,traces/q4-random-1098--triangular.json.gz
4,q4-random-1099,random,baseline,12,12,True,1.0,True,coverage_exhausted_and_all_detected_cleared,13536.687336,1128.057278,0.2141565999991144,900,0,914,8077.687336,899.0,4500.0,36.0,24.0,traces/q4-random-1099--baseline.json.gz
4,q4-random-1099,random,adaptive_center,12,12,True,1.0,True,coverage_exhausted_and_all_detected_cleared,12938.472832,1078.2060693333333,0.08495609999954468,537,0,551,9728.472832,465.0,2685.0,36.0,24.0,traces/q4-random-1099--adaptive_center.json.gz
4,q4-random-1099,random,deferred,12,12,True,1.0,True,coverage_exhausted_and_all_detected_cleared,13455.949616,1121.3291346666667,0.21159919999990962,900,0,914,8040.949616,855.0,4500.0,36.0,24.0,traces/q4-random-1099--deferred.json.gz
4,q4-random-1099,random,triangular,12,12,True,1.0,True,coverage_exhausted_and_all_detected_cleared,11730.056444,977.5047036666666,0.1178661000012653,620,0,634,7981.056444,589.0,3100.0,36.0,24.0,traces/q4-random-1099--triangular.json.gz
4,q4-hard-boundary_outward,hard,baseline,12,12,True,1.0,True,coverage_exhausted_and_all_detected_cleared,13912.851647,1159.4043039166665,0.05630110000129207,900,0,914,8453.851647,899.0,4500.0,36.0,24.0,traces/q4-hard-boundary_outward--baseline.json.gz
4,q4-hard-boundary_outward,hard,adaptive_center,12,12,True,1.0,True,coverage_exhausted_and_all_detected_cleared,21099.385682,1758.2821401666667,0.07926429999861284,669,650,1333,15158.385682,586.0,3345.0,1986.0,24.0,traces/q4-hard-boundary_outward--adaptive_center.json.gz
4,q4-hard-boundary_outward,hard,deferred,12,12,True,1.0,True,coverage_exhausted_and_all_detected_cleared,13371.43505,1114.2862541666666,0.0728300999981002,900,0,914,7956.43505,855.0,4500.0,36.0,24.0,traces/q4-hard-boundary_outward--deferred.json.gz
4,q4-hard-boundary_outward,hard,triangular,12,12,True,1.0,True,coverage_exhausted_and_all_detected_cleared,15616.531582,1301.3776318333332,0.0750824000024295,663,223,900,10974.531582,598.0,3315.0,705.0,24.0,traces/q4-hard-boundary_outward--triangular.json.gz
4,q4-hard-minimum_radius,hard,baseline,16,16,True,1.0,True,coverage_exhausted_and_all_detected_cleared,13678.791292,854.92445575,0.1487903000015649,900,0,918,8199.791292,899.0,4500.0,48.0,32.0,traces/q4-hard-minimum_radius--baseline.json.gz
4,q4-hard-minimum_radius,hard,adaptive_center,16,16,True,1.0,True,coverage_exhausted_and_all_detected_cleared,14011.272556,875.70453475,0.09989339999810909,481,73,572,10906.272556,401.0,2405.0,267.0,32.0,traces/q4-hard-minimum_radius--adaptive_center.json.gz
4,q4-hard-minimum_radius,hard,deferred,16,16,True,1.0,True,coverage_exhausted_and_all_detected_cleared,13513.1853,844.57408125,0.1452940999988641,900,0,918,8078.1853,855.0,4500.0,48.0,32.0,traces/q4-hard-minimum_radius--deferred.json.gz
4,q4-hard-minimum_radius,hard,triangular,16,16,True,1.0,True,coverage_exhausted_and_all_detected_cleared,14343.49183,896.468239375,0.09256970000205911,642,171,831,9945.49183,595.0,3210.0,561.0,32.0,traces/q4-hard-minimum_radius--triangular.json.gz
4,q4-hard-positive_error,hard,baseline,16,16,True,1.0,True,coverage_exhausted_and_all_detected_cleared,13688.927834,855.557989625,0.14970769999854383,900,0,918,8209.927834,899.0,4500.0,48.0,32.0,traces/q4-hard-positive_error--baseline.json.gz
4,q4-hard-positive_error,hard,adaptive_center,16,16,True,1.0,True,coverage_exhausted_and_all_detected_cleared,13518.403876,844.90024225,0.11920760000066366,481,44,543,10500.403876,401.0,2405.0,180.0,32.0,traces/q4-hard-positive_error--adaptive_center.json.gz
4,q4-hard-positive_error,hard,deferred,16,16,True,1.0,True,coverage_exhausted_and_all_detected_cleared,13524.10267,845.256416875,0.14383079999970505,900,0,918,8089.10267,855.0,4500.0,48.0,32.0,traces/q4-hard-positive_error--deferred.json.gz
4,q4-hard-positive_error,hard,triangular,16,16,True,1.0,True,coverage_exhausted_and_all_detected_cleared,13590.300566,849.393785375,0.09263329999885173,640,107,765,9394.300566,595.0,3200.0,369.0,32.0,traces/q4-hard-positive_error--triangular.json.gz
4,q4-hard-negative_error,hard,baseline,16,16,True,1.0,True,coverage_exhausted_and_all_detected_cleared,13666.924832,854.182802,0.1591394000024593,900,0,918,8187.924832,899.0,4500.0,48.0,32.0,traces/q4-hard-negative_error--baseline.json.gz
4,q4-hard-negative_error,hard,adaptive_center,16,16,True,1.0,True,coverage_exhausted_and_all_detected_cleared,14255.069087,890.9418179375,0.108667600001354,483,67,568,11158.069087,401.0,2415.0,249.0,32.0,traces/q4-hard-negative_error--adaptive_center.json.gz
4,q4-hard-negative_error,hard,deferred,16,16,True,1.0,True,coverage_exhausted_and_all_detected_cleared,13511.234517,844.4521573125,0.16810239999904297,900,0,918,8076.234517,855.0,4500.0,48.0,32.0,traces/q4-hard-negative_error--deferred.json.gz
4,q4-hard-negative_error,hard,triangular,16,16,True,1.0,True,coverage_exhausted_and_all_detected_cleared,14314.760203,894.6725126875,0.10245090000171331,645,169,832,9907.760203,595.0,3225.0,555.0,32.0,traces/q4-hard-negative_error--triangular.json.gz
4,q4-hard-alternating_error,hard,baseline,16,16,True,1.0,True,coverage_exhausted_and_all_detected_cleared,13684.874768,855.304673,0.14744320000318112,900,0,918,8205.874768,899.0,4500.0,48.0,32.0,traces/q4-hard-alternating_error--baseline.json.gz
4,q4-hard-alternating_error,hard,adaptive_center,16,16,True,1.0,True,coverage_exhausted_and_all_detected_cleared,14101.878018,881.367376125,0.11161920000085956,486,64,568,10998.878018,401.0,2430.0,240.0,32.0,traces/q4-hard-alternating_error--adaptive_center.json.gz
4,q4-hard-alternating_error,hard,deferred,16,16,True,1.0,True,coverage_exhausted_and_all_detected_cleared,13521.788499,845.1117811875,0.16456749999997555,900,0,918,8086.788499,855.0,4500.0,48.0,32.0,traces/q4-hard-alternating_error--deferred.json.gz
4,q4-hard-alternating_error,hard,triangular,16,16,True,1.0,True,coverage_exhausted_and_all_detected_cleared,14316.82892,894.8018075,0.09748010000112117,645,169,832,9909.82892,595.0,3225.0,555.0,32.0,traces/q4-hard-alternating_error--triangular.json.gz
4,q4-hard-close_targets,hard,baseline,16,16,True,1.0,True,coverage_exhausted_and_all_detected_cleared,12322.935413,770.1834633125,0.15567250000094646,900,0,918,6843.935413,899.0,4500.0,48.0,32.0,traces/q4-hard-close_targets--baseline.json.gz
4,q4-hard-close_targets,hard,adaptive_center,16,16,True,1.0,True,coverage_exhausted_and_all_detected_cleared,10243.577382,640.223586375,0.1137572999978147,366,0,384,8047.577382,286.0,1830.0,48.0,32.0,traces/q4-hard-close_targets--adaptive_center.json.gz
4,q4-hard-close_targets,hard,deferred,16,16,True,1.0,True,coverage_exhausted_and_all_detected_cleared,11558.974064,722.435879,0.16817710000032093,900,0,918,6123.974064,855.0,4500.0,48.0,32.0,traces/q4-hard-close_targets--deferred.json.gz
4,q4-hard-close_targets,hard,triangular,16,16,True,1.0,True,coverage_exhausted_and_all_detected_cleared,10334.380028,645.89875175,0.08872229999906267,631,0,649,6508.380028,591.0,3155.0,48.0,32.0,traces/q4-hard-close_targets--triangular.json.gz
4,q4-hard-near_parallel,hard,baseline,16,16,True,1.0,True,coverage_exhausted_and_all_detected_cleared,12451.426374,778.214148375,0.169793999997637,900,0,918,6972.426374,899.0,4500.0,48.0,32.0,traces/q4-hard-near_parallel--baseline.json.gz
4,q4-hard-near_parallel,hard,adaptive_center,16,16,True,1.0,True,coverage_exhausted_and_all_detected_cleared,11115.608215,694.7255134375,0.08610069999849657,648,0,666,7209.608215,586.0,3240.0,48.0,32.0,traces/q4-hard-near_parallel--adaptive_center.json.gz
4,q4-hard-near_parallel,hard,deferred,16,16,True,1.0,True,coverage_exhausted_and_all_detected_cleared,11505.422383,719.0888989375,0.17420950000087032,900,0,918,6070.422383,855.0,4500.0,48.0,32.0,traces/q4-hard-near_parallel--deferred.json.gz
4,q4-hard-near_parallel,hard,triangular,16,16,True,1.0,True,coverage_exhausted_and_all_detected_cleared,10837.357385,677.3348365625,0.09168879999924684,640,10,668,6932.357385,595.0,3200.0,78.0,32.0,traces/q4-hard-near_parallel--triangular.json.gz
