seed,mode,noise,stress,true_sources,cleared,virtual_seconds,seconds_per_source,movement_metres,detects,switches,failed_clears,local_runtime_seconds,steps,full_scans
2000,v1,hash,False,11,11,3071.330833458337,279.21189395075794,11116.654167291685,134,123,0,0.04369611200002055,26,0
2000,v2,hash,False,11,11,2995.0116574017165,272.2737870365197,10705.058287008582,133,134,0,0.4848135770000681,21,8
2000,v3,hash,False,11,11,2900.8382676513083,263.71256978648256,10744.191338256542,117,112,0,0.6777193640000405,22,7
2000,v3_no_probe,hash,False,11,11,3164.384788593382,287.6713444175802,12031.92394296691,118,113,0,0.4127162639999824,23,7
2000,v3_no_route,hash,False,11,11,2921.4350525414134,265.5850047764921,10837.175262707067,117,114,0,0.1651641710000149,23,7
2000,v3_no_through,hash,False,11,11,2911.6978385975253,264.69980350886595,10728.489192987627,119,116,0,0.8035821839999926,24,7
2000,v3_origin20,hash,False,11,11,2886.344391030675,262.3949446391523,10251.721955153374,130,131,0,0.8676019180001049,20,8
2000,v3_prior,hash,False,11,11,2901.375933127909,263.76144846617353,10781.879665639544,116,110,0,0.053601768000021366,21,7
2001,v1,hash,False,10,10,3118.6115539687366,311.86115539687364,11163.057769843683,141,131,0,0.05861352099998385,28,0
2001,v2,hash,False,10,10,3047.5165953093583,304.75165953093585,10672.582976546792,144,143,0,0.19325732800007245,19,8
2001,v3,hash,False,10,10,2986.4504020950653,298.64504020950653,10927.252010475328,126,121,0,0.14680091999991873,19,7
2001,v3_no_probe,hash,False,10,10,3031.835999690868,303.1835999690868,11204.17999845434,124,121,0,0.1480118949999678,20,7
2001,v3_no_route,hash,False,10,10,3041.4201954164714,304.14201954164713,11052.100977082357,131,126,0,0.23592641799996272,20,7
2001,v3_no_through,hash,False,10,10,2977.3694389552247,297.7369438955225,10881.847194776125,126,121,0,0.059190993000015624,19,7
2001,v3_origin20,hash,False,10,10,3076.0401499934464,307.60401499934466,10730.200749967233,147,145,0,0.18806943899994621,20,8
2001,v3_prior,hash,False,10,10,2991.3616776409403,299.136167764094,10951.808388204701,126,121,0,0.17133449300001757,19,7
2002,v1,hash,False,15,15,2954.044840383404,196.93632269222692,10780.224201917019,122,113,0,0.05238352699996085,37,0
2002,v2,hash,False,15,15,2918.414315453386,194.56095436355906,10342.071577266928,128,135,0,0.831106879999993,23,8
2002,v3,hash,False,15,15,2781.1676835036665,185.41117890024444,9925.838417518333,120,121,0,0.12127561800002695,22,7
2002,v3_no_probe,hash,False,15,15,2981.00055982202,198.73337065480135,10500.0027991101,134,136,0,0.2234755449999284,23,7
2002,v3_no_route,hash,False,15,15,2785.7358784786143,185.7157252319076,9978.67939239307,119,120,0,0.3346690949999811,24,7
2002,v3_no_through,hash,False,15,15,2800.5286227543547,186.70190818362366,9957.643113771774,122,124,0,0.14946705800002746,24,7
2002,v3_origin20,hash,False,15,15,2772.1422995064545,184.80948663376364,9765.711497532273,123,129,0,0.3451660810000021,23,8
2002,v3_prior,hash,False,15,15,2857.068584433058,190.47123896220384,10185.34292216529,124,125,0,0.3134425479998981,24,7
2003,v1,hash,False,15,15,3157.0140708927142,210.46760472618095,11880.07035446357,119,111,0,0.055636577999962356,33,0
2003,v2,hash,False,15,15,2798.807847089794,186.58718980598627,10239.03923544897,112,116,0,0.700496156999975,23,8
2003,v3,hash,False,15,15,3072.0083841555743,204.80055894370494,11365.04192077787,120,124,0,0.14966340099999798,24,7
2003,v3_no_probe,hash,False,15,15,3109.2632474772176,207.2842164984812,11611.316237386089,118,122,0,0.4224212589999752,24,7
2003,v3_no_route,hash,False,15,15,3014.914950585933,200.99433003906222,11129.574752929666,118,124,0,0.47284145799994803,27,7
2003,v3_no_through,hash,False,15,15,3067.120300187089,204.47468667913927,11335.601500935445,120,125,0,0.16120503799993458,24,7
2003,v3_origin20,hash,False,15,15,2845.4596538140486,189.6973102542699,10307.298269070243,118,119,0,0.16748374600001625,25,8
2003,v3_prior,hash,False,15,15,3060.412455853874,204.02749705692491,11307.062279269368,120,124,0,0.17266743699997278,24,7
2004,v1,hash,False,14,14,3729.839198770573,266.4170856264695,14014.195993852865,146,127,0,0.08728575199995703,42,0
2004,v2,hash,False,14,14,3317.2814524533906,236.9486751752422,11861.407262266952,146,145,0,0.5684185979999938,22,8
2004,v3,hash,False,14,14,3205.4604477668886,228.96146055477774,12007.302238834443,123,119,0,0.10477389599998332,25,7
2004,v3_no_probe,hash,False,14,14,3303.9766928915246,235.99833520653746,12494.883464457624,123,120,0,0.3423623649999854,24,7
2004,v3_no_route,hash,False,14,14,3288.3348886398267,234.88106347427333,12401.674443199134,123,123,0,0.13977189599995654,26,7
2004,v3_no_through,hash,False,14,14,3206.508084131353,229.03629172366806,11987.540420656765,124,119,0,0.10630046200003562,25,7
2004,v3_origin20,hash,False,14,14,3364.9782382206204,240.35558844433004,11884.891191103103,153,153,0,0.30341277400009403,25,8
2004,v3_prior,hash,False,14,14,3224.06225045446,230.29016074674715,12135.3112522723,122,117,0,0.2137616979999848,24,7
2005,v1,hash,False,12,12,3228.641334986246,269.0534445821872,12088.206674931229,126,121,0,0.02266296200002671,25,0
2005,v2,hash,False,12,12,3200.9067883983953,266.74223236653296,11554.533941991976,139,135,0,0.3053037759999597,21,8
2005,v3,hash,False,12,12,3109.0777754092646,259.0898146174387,11475.388877046324,126,124,0,0.18171690099995885,23,7
2005,v3_no_probe,hash,False,12,12,3078.131156839507,256.5109297366256,11415.655784197535,123,120,0,0.2963465380000798,20,7
2005,v3_no_route,hash,False,12,12,3175.0232765928613,264.5852730494051,11825.116382964306,126,120,0,0.2822570600000063,22,7
2005,v3_no_through,hash,False,12,12,3119.1342813554206,259.92785677961837,11500.671406777103,127,124,0,0.0890019260000372,22,7
2005,v3_origin20,hash,False,12,12,3193.587900972096,266.132325081008,11462.93950486048,141,136,0,0.3098616880000691,23,8
2005,v3_prior,hash,False,12,12,3109.0777754092646,259.0898146174387,11475.388877046324,126,124,0,0.09036598599993795,23,7
2006,v1,hash,False,11,11,3649.372441052066,331.7611310047333,13526.86220526033,152,129,0,0.04656403399997089,42,0
2006,v2,hash,False,11,11,3170.342312174309,288.21293747039175,11156.711560871545,148,144,0,0.4857575469999347,22,8
2006,v3,hash,False,11,11,2982.313846853146,271.1194406230133,10846.56923426573,127,123,0,0.19246609999993325,23,7
2006,v3_no_probe,hash,False,11,11,3072.944795832625,279.3586178029659,11384.723979163125,124,121,0,0.37714243300001726,24,7
2006,v3_no_route,hash,False,11,11,3072.0023355251133,279.2729395931921,11345.011677625565,125,123,0,0.09979995000003328,21,7
2006,v3_no_through,hash,False,11,11,2974.6623651858386,270.4238513805308,10838.311825929193,126,122,0,0.17039009699999497,23,7
2006,v3_origin20,hash,False,11,11,3055.037706234876,277.73070056680695,10600.18853117438,147,145,0,0.10119488800000909,24,8
2006,v3_prior,hash,False,11,11,2982.313846853146,271.1194406230133,10846.56923426573,127,123,0,0.08620225499998924,23,7
2007,v1,hash,False,12,12,2979.025153170137,248.2520960975114,10790.125765850686,129,116,0,0.026387390000081723,35,0
2007,v2,hash,False,12,12,2900.0559115530114,241.67132596275096,9800.279557765056,146,150,0,0.26245483900004274,21,8
2007,v3,hash,False,12,12,2624.358572248701,218.69654768739176,9241.792861243504,119,121,0,0.28899324799999704,21,7
2007,v3_no_probe,hash,False,12,12,2766.783767547121,230.5653139622601,9833.918837735604,123,125,0,0.433677246000002,23,7
2007,v3_no_route,hash,False,12,12,2768.6624092953257,230.72186744127714,9598.312046476629,132,129,0,0.1239256019999857,21,7
2007,v3_no_through,hash,False,12,12,2621.551506709061,218.46262555908842,9262.757533545306,118,119,0,0.2100537459999714,21,7
2007,v3_origin20,hash,False,12,12,2752.307873459776,229.35898945498136,9331.539367298881,137,141,0,0.283502000999988,21,8
2007,v3_prior,hash,False,12,12,2651.0898662802383,220.9241555233532,9405.449331401192,118,120,0,0.22785558300006414,21,7
2008,v1,hash,False,14,14,3245.979668707519,231.85569062196564,12184.898343537596,126,109,0,0.049744540000006054,40,0
2008,v2,hash,False,14,14,3236.2249007147907,231.1589214796279,12091.124503573954,125,123,0,0.3903640070000165,23,8
2008,v3,hash,False,14,14,3123.511978220291,223.1079984443065,11612.559891101455,122,121,0,0.23680599699991944,25,7
2008,v3_no_probe,hash,False,14,14,3160.07304759717,225.71950339979784,12035.36523798585,114,113,0,0.3920477760000267,23,7
2008,v3_no_route,hash,False,14,14,3091.934172518374,220.85244089416958,11124.67086259187,132,137,0,0.4986941409999872,24,7
2008,v3_no_through,hash,False,14,14,3126.2717386837267,223.30512419169477,11626.358693418633,122,121,0,0.11327038199999606,26,7
2008,v3_origin20,hash,False,14,14,3209.329182886645,229.23779877761748,11576.645914433224,137,139,0,0.28624085399997057,24,8
2008,v3_prior,hash,False,14,14,3098.297460343725,221.30696145312322,11576.487301718626,119,118,0,0.2584134039999526,25,7
2009,v1,hash,False,16,16,3487.3260760838893,217.95787975524308,13111.630380419447,135,110,0,0.030191517999924145,52,0
2009,v2,hash,False,16,16,3080.38167583572,192.5238547397325,10711.908379178602,143,143,0,0.3176619450000544,29,8
2009,v3,hash,False,16,16,3154.554813347716,197.15967583423225,11837.774066738579,118,117,0,0.23690288399996007,29,7
2009,v3_no_probe,hash,False,16,16,3147.3337213315835,196.70835758322397,11856.668606657917,116,116,0,0.40211594800007333,28,7
2009,v3_no_route,hash,False,16,16,2813.7462836167933,175.85914272604958,10453.731418083968,107,108,0,0.4529823550000174,29,6
2009,v3_no_through,hash,False,16,16,3166.2600400799083,197.89125250499427,11866.30020039954,119,118,0,0.10049948799996855,29,7
2009,v3_origin20,hash,False,16,16,2969.797949151375,185.61237182196095,10028.989745756875,147,149,0,0.35980409399996915,29,8
2009,v3_prior,hash,False,16,16,3150.981137904876,196.93632111905475,11844.905689524381,117,117,0,0.10296469200000047,28,7
2010,v1,hash,False,15,15,3764.8779732520043,250.99186488346695,14769.389866260022,125,111,0,0.08338619000005565,42,0
2010,v2,hash,False,15,15,3221.159750959817,214.74398339732113,12195.798754799085,118,117,0,0.3940874979999762,25,8
2010,v3,hash,False,15,15,3219.1684206790896,214.61122804527264,11760.84210339545,132,132,0,0.2767217470000105,25,7
2010,v3_no_probe,hash,False,15,15,3557.3099964615276,237.15399976410183,13756.549982307639,122,121,0,0.4869558359999928,26,7
2010,v3_no_route,hash,False,15,15,3426.1275723785784,228.40850482523857,12855.637861892892,130,130,0,0.40595968699994955,23,7
2010,v3_no_through,hash,False,15,15,3452.1563976555726,230.14375984370483,13085.781988277862,127,125,0,0.11058963300001778,26,7
2010,v3_origin20,hash,False,15,15,3246.54038670508,216.43602578033867,12042.7019335254,127,128,0,0.3604761540000254,28,8
2010,v3_prior,hash,False,15,15,3494.034569432374,232.93563796215827,13165.17284716187,131,131,0,0.2814045669999814,26,7
2011,v1,hash,False,14,14,3395.795966366147,242.55685474043906,12738.979831830733,133,113,0,0.052266359999975975,44,0
2011,v2,hash,False,14,14,3101.2558082807327,221.51827202005234,10926.279041403664,140,146,0,0.30942181900002197,24,8
2011,v3,hash,False,14,14,2998.4095899260983,214.17211356614987,11217.04794963049,114,115,0,0.23613740600001165,24,7
2011,v3_no_probe,hash,False,14,14,3108.2207202244977,222.01576573032125,11836.103601122488,112,111,0,0.37897115900000244,22,7
2011,v3_no_route,hash,False,14,14,2984.327563914637,213.1662545653312,11181.637819573185,113,113,0,0.18316696299996238,21,7
2011,v3_no_through,hash,False,14,14,3010.8137836098185,215.05812740070132,11249.068918049092,115,116,0,0.11824033300001702,24,7
2011,v3_origin20,hash,False,14,14,3176.729583416059,226.90925595828995,10813.647917080296,157,159,0,0.32701207200000226,27,8
2011,v3_prior,hash,False,14,14,2979.0676077913313,212.7905434136665,11210.338038956656,111,112,0,0.11329277800007276,24,7
2012,v1,hash,False,16,16,3154.957641482058,197.18485259262863,12139.78820741029,110,97,0,0.09247010599995065,37,0
2012,v2,hash,False,16,16,3080.8937989292235,192.55586243307647,11749.468994646117,108,111,0,0.45693613800006005,23,5
2012,v3,hash,False,16,16,3046.6721822592904,190.41701139120565,11333.360911296451,117,115,0,0.28438463500003763,27,6
2012,v3_no_probe,hash,False,16,16,3024.0237150990156,189.00148219368847,11570.118575495078,105,105,0,0.3564659749999919,23,6
2012,v3_no_route,hash,False,16,16,2974.646147019723,185.91538418873267,10818.230735098614,122,121,0,0.20347938300005808,27,6
2012,v3_no_through,hash,False,16,16,3035.3775001005943,189.71109375628714,11281.887500502971,117,114,0,0.2724620399999367,28,6
2012,v3_origin20,hash,False,16,16,2910.928643984142,181.93304024900888,10739.64321992071,113,118,0,0.16547125499994308,25,7
2012,v3_prior,hash,False,16,16,3000.8739792090587,187.55462370056617,11364.369896045293,108,108,0,0.11283381299995199,24,6
2013,v1,hash,False,13,13,3741.58708231984,287.81439094768,14367.935411599201,137,118,0,0.05631347600001391,40,0
2013,v2,hash,False,13,13,3284.9999281847536,252.69230216805798,12084.999640923768,134,133,0,0.2731535259999873,23,8
2013,v3,hash,False,13,13,3340.521661072404,256.96320469787725,12607.60830536202,126,124,0,0.26218486300001587,26,7
2013,v3_no_probe,hash,False,13,13,3293.179785228539,253.32152194065685,12540.898926142694,120,120,0,0.35253514599992286,23,7
2013,v3_no_route,hash,False,13,13,3277.782402087544,252.13710785288802,12783.91201043772,110,106,0,0.12829961099998854,23,7
2013,v3_no_through,hash,False,13,13,3347.8226887324336,257.5248222101872,12669.113443662169,125,124,0,0.11292428999990989,26,7
2013,v3_origin20,hash,False,13,13,3297.1584210029364,253.6275708463797,11915.792105014682,142,139,0,0.1188117469999952,25,8
2013,v3_prior,hash,False,13,13,3329.3442253272947,256.10340194825346,12606.721126636474,124,123,0,0.22642774700000246,26,7
2014,v1,hash,False,12,12,3068.016756185456,255.66806301545466,10695.08378092728,147,134,0,0.049173007000035795,32,0
2014,v2,hash,False,12,12,2746.1295286161176,228.84412738467645,9070.647643080587,145,147,0,0.24517259899994315,22,8
2014,v3,hash,False,12,12,2820.981906891684,235.081825574307,9844.90953445842,132,132,0,0.09206689600000573,22,7
2014,v3_no_probe,hash,False,12,12,2854.285017292457,237.8570847743714,9946.425086462285,134,135,0,0.35225413599994226,21,7
2014,v3_no_route,hash,False,12,12,2694.7690695568594,224.56408912973828,9383.845347784298,126,128,0,0.333993089000046,22,7
2014,v3_no_through,hash,False,12,12,2813.0400776144033,234.42000646786695,9745.200388072017,134,134,0,0.0906838669999388,22,7
2014,v3_origin20,hash,False,12,12,2725.840132687216,227.15334439060132,8959.200663436079,146,144,0,0.12270651099993302,22,8
2014,v3_prior,hash,False,12,12,2820.981906891684,235.081825574307,9844.90953445842,132,132,0,0.10182040300003337,22,7
2015,v1,hash,False,15,15,3633.3941125290044,242.2262741686003,13741.970562645021,138,120,0,0.031944155000019236,45,0
2015,v2,hash,False,15,15,3239.083176010131,215.9388784006754,11675.415880050654,138,139,0,0.3476576360000081,27,8
2015,v3,hash,False,15,15,3270.9867422168254,218.06578281445502,12029.933711084128,132,130,0,0.13259031500001583,26,7
2015,v3_no_probe,hash,False,15,15,3285.916947101598,219.0611298067732,12279.58473550799,126,125,0,0.35098641599995517,24,7
2015,v3_no_route,hash,False,15,15,3199.8041052753165,213.3202736850211,11899.020526376582,124,125,0,0.3342797430000246,26,7
2015,v3_no_through,hash,False,15,15,3280.0163360752313,218.66775573834875,12050.081680376155,133,130,0,0.1111066230000688,26,7
2015,v3_origin20,hash,False,15,15,3207.3450610918703,213.82300407279135,11496.725305459351,139,138,0,0.1535005089999686,28,8
2015,v3_prior,hash,False,15,15,3270.9867422168254,218.06578281445502,12029.933711084128,132,130,0,0.1137429880000127,26,7
2016,v1,hash,False,11,11,2973.458804725533,270.31443679323024,10527.294023627665,136,133,0,0.04486213299992414,24,0
2016,v2,hash,False,11,11,2812.80479023272,255.70952638479272,9459.0239511636,144,146,0,0.3355271579999908,19,8
2016,v3,hash,False,11,11,2658.4268520821092,241.67516837110085,9622.134260410547,113,114,0,0.13084238400006143,18,7
2016,v3_no_probe,hash,False,11,11,2730.7110807640074,248.24646188763703,9988.555403820037,113,113,0,0.35996314400006213,20,7
2016,v3_no_route,hash,False,11,11,2825.463768749893,256.86034261362664,10172.318843749465,122,126,0,0.11654294800007392,19,7
2016,v3_no_through,hash,False,11,11,2665.9402432170427,242.35820392882206,9699.701216085214,112,111,0,0.09820339800000966,18,7
2016,v3_origin20,hash,False,11,11,2783.0631906876183,253.0057446079653,9335.315953438092,143,146,0,0.27860856699999204,19,8
2016,v3_prior,hash,False,11,11,2698.493471167933,245.3175882879939,9797.467355839664,114,114,0,0.20107907599992814,20,7
2017,v1,hash,False,12,12,3688.404333802543,307.3670278168786,14007.021669012716,140,127,0,0.027825712999970165,35,0
2017,v2,hash,False,12,12,3302.1043440874437,275.175362007287,12165.521720437218,135,134,0,0.2990118249999796,21,8
2017,v3,hash,False,12,12,3375.543335576321,281.2952779646934,12757.716677881606,128,124,0,0.0734980510000014,24,7
2017,v3_no_probe,hash,False,12,12,3391.3540438278337,282.6128369856528,12906.770219139169,126,120,0,0.2661620720000428,22,7
2017,v3_no_route,hash,False,12,12,3291.2940507527064,274.2745042293922,12596.470253763531,119,117,0,0.32931103599992184,23,7
2017,v3_no_through,hash,False,12,12,3230.666652059181,269.2222210049318,11968.333260295905,130,127,0,0.141621549999968,26,7
2017,v3_origin20,hash,False,12,12,3200.601904229813,266.7168253524844,11538.009521149064,139,138,0,0.2987218619999794,24,8
2017,v3_prior,hash,False,12,12,3366.0170020768974,280.50141683974147,12560.085010384488,133,129,0,0.2191411369999514,25,7
2018,v1,hash,False,12,12,3074.883088580724,256.24025738172696,11244.415442903619,130,116,0,0.028792593999924065,31,0
2018,v2,hash,False,12,12,2931.9443346096,244.3286945508,10464.721673048,130,129,0,0.2785336549999329,21,8
2018,v3,hash,False,12,12,2930.585341093995,244.21544509116623,10707.926705469974,122,119,0,0.10017913399997269,20,7
2018,v3_no_probe,hash,False,12,12,3167.532414278937,263.96103452324473,11892.662071394685,122,119,0,0.15644871400002103,22,7
2018,v3_no_route,hash,False,12,12,3026.198458201328,252.18320485011066,10770.99229100664,135,137,0,0.30239044100005685,23,7
2018,v3_no_through,hash,False,12,12,2936.499891175626,244.7083242646355,10732.49945587813,122,120,0,0.10297624999998334,20,7
2018,v3_origin20,hash,False,12,12,2942.092722697991,245.17439355816592,10395.463613489956,134,133,0,0.3142204650000622,22,8
2018,v3_prior,hash,False,12,12,2922.9852560213,243.58210466844164,10684.9262801065,121,121,0,0.09306946200001676,20,7
2019,v1,hash,False,12,12,3407.132796142424,283.92773301186867,12565.663980712121,141,129,0,0.051247801000045,35,0
2019,v2,hash,False,12,12,3062.811764567273,255.2343137139394,10989.058822836365,134,135,0,0.40251751499999955,21,8
2019,v3,hash,False,12,12,3267.04471814068,272.2537265117233,12465.2235907034,119,119,0,0.26152544599995053,24,7
2019,v3_no_probe,hash,False,12,12,3285.362906778231,273.78024223151925,12646.814533891154,116,116,0,0.3591282830000182,21,7
2019,v3_no_route,hash,False,12,12,3116.136362256817,259.6780301880681,11425.681811284085,129,126,0,0.13241045300003407,23,7
2019,v3_no_through,hash,False,12,12,3258.064336241019,271.50536135341827,12510.321681205096,116,116,0,0.21911849900004654,24,7
2019,v3_origin20,hash,False,12,12,3038.1091818910127,253.17576515758438,10985.545909455064,130,131,0,0.12298339899996336,21,8
2019,v3_prior,hash,False,12,12,3252.248320112186,271.02069334268214,12426.24160056093,118,117,0,0.0971109779999324,24,7
2020,v1,hash,False,10,10,3498.7908842073803,349.879088420738,13208.954421036902,137,122,0,0.03941182799997023,33,0
2020,v2,hash,False,10,10,3113.5274235819247,311.3527423581925,11477.637117909624,129,123,0,0.26028540100003283,22,8
2020,v3,hash,False,10,10,3107.144799513667,310.7144799513667,11635.723997568333,122,120,0,0.06738188799999989,20,7
2020,v3_no_probe,hash,False,10,10,3160.32365117178,316.032365117178,11831.6182558589,124,124,0,0.3094728909999276,20,7
2020,v3_no_route,hash,False,10,10,3139.401096859475,313.9401096859475,11512.005484297373,132,127,0,0.09962590800000726,21,7
2020,v3_no_through,hash,False,10,10,3151.327344937185,315.1327344937185,11676.636724685924,128,126,0,0.10721859000000222,21,7
2020,v3_origin20,hash,False,10,10,3067.094155491072,306.7094155491072,11350.470777455359,125,122,0,0.21032763899995643,22,8
2020,v3_prior,hash,False,10,10,3114.146018428122,311.4146018428122,11635.73009214061,123,122,0,0.152926793000006,20,7
2021,v1,hash,False,15,15,3908.823110507584,260.58820736717223,15049.11555253792,141,119,0,0.03302973600000314,44,0
2021,v2,hash,False,15,15,3261.672928562242,217.44486190414946,11603.36464281121,144,146,0,0.37622921999991377,26,8
2021,v3,hash,False,15,15,3157.4712646048292,210.4980843069886,11762.356323024147,121,125,0,0.11655746999997518,24,7
2021,v3_no_probe,hash,False,15,15,3291.8666988945433,219.4577799263029,12134.333494472718,131,135,0,0.3708157049999272,25,7
2021,v3_no_route,hash,False,15,15,3178.1660578343995,211.87773718895997,11880.830289171998,122,117,0,0.15172434999999496,24,7
2021,v3_no_through,hash,False,15,15,3177.355519926062,211.82370132840413,11836.77759963031,122,125,0,0.1720507270000553,24,7
2021,v3_origin20,hash,False,15,15,3181.172746865553,212.0781831243702,11210.863734327766,144,144,0,0.38402110800006994,27,8
2021,v3_prior,hash,False,15,15,3212.427052370478,214.16180349136522,11802.13526185239,129,132,0,0.1227631870000323,26,7
2022,v1,hash,False,14,14,2944.4421230418584,210.31729450298988,11097.210615209291,110,105,0,0.033860499999946114,34,0
2022,v2,hash,False,14,14,2996.6818436372823,214.04870311694873,10558.409218186413,134,145,0,1.0187456080000175,24,8
2022,v3,hash,False,14,14,2720.9442855966395,194.35316325690283,10029.721427983197,107,110,0,0.16855150300000332,24,7
2022,v3_no_probe,hash,False,14,14,2768.298433103263,197.7356023645188,10411.492165516316,102,106,0,0.24861884000006285,22,7
2022,v3_no_route,hash,False,14,14,2873.4642588761926,205.2474470625852,10512.321294380963,116,121,0,0.22013519999995879,23,7
2022,v3_no_through,hash,False,14,14,2730.608281197374,195.04344865695526,10053.041405986869,108,110,0,0.15722060900009183,24,7
2022,v3_origin20,hash,False,14,14,2799.783770765916,199.9845550547083,9733.91885382958,129,138,0,0.3654714059999833,21,8
2022,v3_prior,hash,False,14,14,2720.364001597738,194.31171439983842,10026.82000798869,107,110,0,0.3200589159999936,24,7
2023,v1,hash,False,13,13,3759.1737968557522,289.1672151427502,14350.86898427876,141,119,0,0.046156578999898557,43,0
2023,v2,hash,False,13,13,3158.8250819110085,242.98654476238528,11304.125409555043,139,138,0,0.34761136599991005,23,8
2023,v3,hash,False,13,13,3398.2273973390684,261.40210748762064,13071.136986695341,121,114,0,0.1069972149999785,28,7
2023,v3_no_probe,hash,False,13,13,3435.2723153554566,264.2517165658044,13201.361576777283,123,115,0,0.5063431990000709,27,7
2023,v3_no_route,hash,False,13,13,3364.131740592215,258.7793646609396,12690.658702961075,128,121,0,0.15558470600001328,27,7
2023,v3_no_through,hash,False,13,13,3423.3231280071227,263.33254830824023,13156.615640035614,122,117,0,0.17540163499995742,28,7
2023,v3_origin20,hash,False,13,13,3261.9494647306005,250.9191895946616,11614.747323653002,146,144,0,0.14287818900004368,25,8
2023,v3_prior,hash,False,13,13,3406.6257320818836,262.048133237068,13048.128660409418,123,117,0,0.10319256800005405,28,7
2024,v1,hash,False,11,11,2695.9082648067238,245.08256952788398,9614.541324033618,120,118,0,0.024834954000084508,25,0
2024,v2,hash,False,11,11,2723.457787016143,247.5870715469221,9172.288935080715,139,139,0,0.23520180299999538,21,8
2024,v3,hash,False,11,11,2956.7629391532846,268.79663083211676,10913.814695766423,120,119,0,0.10122623500001282,21,7
2024,v3_no_probe,hash,False,11,11,2954.1805100321594,268.56186454837814,10790.902550160798,124,121,0,0.17835407900008704,21,7
2024,v3_no_route,hash,False,11,11,2829.806774169894,257.2551612881722,10009.033870849471,129,128,0,0.14427787300007822,21,7
2024,v3_no_through,hash,False,11,11,2953.2290163978605,268.47536512707825,10961.145081989302,118,116,0,0.1790622109999731,20,7
2024,v3_origin20,hash,False,11,11,2627.462419755709,238.86021997779173,8662.312098778546,140,140,0,0.25258416600001965,20,8
2024,v3_prior,hash,False,11,11,2969.4637594819314,269.95125086199374,10942.318797409656,121,121,0,0.09178259800000887,21,7
2025,v1,hash,False,13,13,3745.0054126241816,288.07733943262934,14070.027063120908,148,126,0,0.06699365299994042,44,0
2025,v2,hash,False,13,13,3299.108603828166,253.77758490985892,12085.54301914083,136,137,0,0.536131548999947,23,8
2025,v3,hash,False,13,13,3168.261918668712,243.71245528220862,11711.30959334356,127,126,0,0.10503300700008822,22,7
2025,v3_no_probe,hash,False,13,13,3241.0897578059503,249.31459675430386,11990.448789029751,130,128,0,0.41122832800010656,23,7
2025,v3_no_route,hash,False,13,13,3020.0630953099653,232.31254579307426,11075.315476549828,124,120,0,0.12045020099992598,24,7
2025,v3_no_through,hash,False,13,13,3207.753828226031,246.75029447892547,11733.769141130155,133,131,0,0.10914733399999932,24,7
2025,v3_origin20,hash,False,13,13,3034.9803769040655,233.4600289926204,10804.901884520326,135,134,0,0.10879564199990455,22,8
2025,v3_prior,hash,False,13,13,3176.546454395845,244.34972726121885,11602.732271979226,132,131,0,0.11628367699995579,25,7
2026,v1,hash,False,15,15,3401.5700519650404,226.77133679766936,12717.850259825202,134,113,0,0.033121915000037916,43,0
2026,v2,hash,False,15,15,3161.83334687326,210.78888979155064,11064.1667343663,145,149,0,0.3592212209999843,24,8
2026,v3,hash,False,15,15,3126.7412379791485,208.44941586527656,11598.706189895742,122,122,0,0.11894829900006698,24,7
2026,v3_no_probe,hash,False,15,15,3277.769559293383,218.51797061955887,12133.847796466915,130,126,0,0.23728228899994974,25,7
2026,v3_no_route,hash,False,15,15,3037.306598989766,202.48710659931774,11606.53299494883,107,106,0,0.4150563849999571,25,7
2026,v3_no_through,hash,False,15,15,3140.8086811247763,209.38724540831842,11639.043405623881,123,123,0,0.10892370700003084,24,7
2026,v3_origin20,hash,False,15,15,3190.719823636251,212.7146549090834,11003.599118181255,152,155,0,0.3168409079999037,28,8
2026,v3_prior,hash,False,15,15,3126.7412379791485,208.44941586527656,11598.706189895742,122,122,0,0.12324895200003994,24,7
2027,v1,hash,False,14,14,3100.9406337361124,221.49575955257947,11669.703168680562,118,107,0,0.02810407899994516,35,0
2027,v2,hash,False,14,14,3064.6711117082923,218.90507940773517,11108.355558541462,128,133,0,0.4664392559999442,25,8
2027,v3,hash,False,14,14,2993.5759080727935,213.82685057662812,11032.879540363967,119,122,0,0.3320713190000788,22,7
2027,v3_no_probe,hash,False,14,14,3071.0826605874754,219.36304718481966,11480.413302937377,117,120,0,0.40025704000004225,23,7
2027,v3_no_route,hash,False,14,14,3067.9145085550117,219.13675061107227,11649.572542775059,111,113,0,0.2117719529999249,25,7
2027,v3_no_through,hash,False,14,14,3004.9615685875515,214.64011204196797,11034.807842937758,121,123,0,0.3154842829999325,23,7
2027,v3_origin20,hash,False,14,14,3037.513456554348,216.96524689673916,11142.56728277174,122,129,0,0.16862599400008094,23,8
2027,v3_prior,hash,False,14,14,2989.1873637676963,213.51338312626402,10985.936818838481,120,122,0,0.15202473099998315,23,7
2028,v1,hash,False,13,13,3581.466002279477,275.497384790729,13647.330011397386,133,122,0,0.06308096199995816,36,0
2028,v2,hash,False,13,13,3103.0680238695886,238.69754029766065,11260.340119347942,130,136,0,0.25408234300005006,22,8
2028,v3,hash,False,13,13,3133.219390985398,241.01687622964602,11676.09695492699,122,123,0,0.2745436589999599,23,7
2028,v3_no_probe,hash,False,13,13,3281.54695356028,252.42668873540617,12367.734767801401,124,123,0,0.4515244760000314,23,7
2028,v3_no_route,hash,False,13,13,3077.468272619097,236.7283286630075,11562.341363095486,117,115,0,0.20878608300006363,24,7
2028,v3_no_through,hash,False,13,13,2987.8099827660685,229.83153713585142,11434.049913830342,106,106,0,0.10342619100003958,23,7
2028,v3_origin20,hash,False,13,13,3192.437208855187,245.57209298886053,11302.186044275933,144,147,0,0.14849880300005225,24,8
2028,v3_prior,hash,False,13,13,3156.819041908684,242.8322339929757,11804.09520954342,122,121,0,0.23969050799996694,23,7
2029,v1,hash,False,11,11,3613.2416055755584,328.47650959777803,13386.208027877792,150,131,0,0.050553833999970266,42,0
2029,v2,hash,False,11,11,3414.30836087625,310.39166917056815,12641.54180438125,139,136,0,0.22525652800004536,19,8
2029,v3,hash,False,11,11,2829.568659857357,257.233514532487,10432.843299286786,115,113,0,0.09614189399997031,20,7
2029,v3_no_probe,hash,False,11,11,2918.261140523276,265.29646732029784,10751.30570261638,119,118,0,0.2899896369999624,22,7
2029,v3_no_route,hash,False,11,11,2954.648807945331,268.6044370859392,10843.244039726656,122,121,0,0.3300623339999902,22,7
2029,v3_no_through,hash,False,11,11,2845.7100417839983,258.7009128894544,10453.550208919993,117,115,0,0.08161374500002694,21,7
2029,v3_origin20,hash,False,11,11,3289.7542863784515,299.0685714889501,11918.771431892257,142,141,0,0.10502191099999436,21,8
2029,v3_prior,hash,False,11,11,2829.568659857357,257.233514532487,10432.843299286786,115,113,0,0.07929541200007861,20,7
2030,v1,hash,False,10,10,2939.5716698840124,293.95716698840124,10337.858349420061,139,127,0,0.018002661999958036,29,0
2030,v2,hash,False,10,10,2685.28744821146,268.528744821146,9281.4372410573,130,129,0,0.23697080400006598,18,8
2030,v3,hash,False,10,10,2668.0869868938607,266.80869868938606,9235.434934469304,129,126,0,0.08647292499995274,19,7
2030,v3_no_probe,hash,False,10,10,2918.5341365278855,291.85341365278856,10527.670682639427,128,123,0,0.2907879929999808,20,7
2030,v3_no_route,hash,False,10,10,2659.193572517083,265.9193572517083,9610.967862585414,115,112,0,0.23709402500003307,19,7
2030,v3_no_through,hash,False,10,10,2679.9301867987715,267.99301867987714,9269.650933993858,130,126,0,0.07507358600003045,20,7
2030,v3_origin20,hash,False,10,10,2662.6293774473606,266.26293774473606,9138.146887236802,131,130,0,0.13108726500001922,18,8
2030,v3_prior,hash,False,10,10,2660.9382125782495,266.09382125782497,9259.691062891248,127,124,0,0.08038859299995238,19,7
2031,v1,hash,False,14,14,3657.348345155677,261.2391675111198,13726.741725778385,143,127,0,0.03084252199994353,41,0
2031,v2,hash,False,14,14,3346.880126304802,239.06286616462873,12289.400631524011,136,139,0,0.3344985070000348,25,8
2031,v3,hash,False,14,14,3399.668984567915,242.8334988977082,13173.344922839573,116,115,0,0.14187227000002167,27,7
2031,v3_no_probe,hash,False,14,14,3404.4299470812657,243.17356764866184,13252.149735406329,114,114,0,0.3977910080000129,23,7
2031,v3_no_route,hash,False,14,14,3363.619572527202,240.25854089480012,13208.09786263601,109,107,0,0.16225488699990365,25,7
2031,v3_no_through,hash,False,14,14,3401.251562880626,242.946540205759,13181.25781440313,116,115,0,0.13595308599997225,27,7
2031,v3_origin20,hash,False,14,14,3328.3270101942494,237.73764358530352,12206.635050971247,136,137,0,0.2949258360000613,27,8
2031,v3_prior,hash,False,14,14,3372.368957931789,240.88349699512779,13096.844789658944,114,113,0,0.15281489400001647,25,7
2032,v1,hash,False,12,12,3430.7782230943485,285.8981852578624,12693.891115471743,141,127,0,0.07852168100009749,35,0
2032,v2,hash,False,12,12,3273.9140812733476,272.82617343944565,12419.570406366738,122,120,0,0.2987285660000225,24,8
2032,v3,hash,False,12,12,3270.907292162995,272.57560768024956,12609.536460814976,115,114,0,0.23416623499997513,23,7
2032,v3_no_probe,hash,False,12,12,3336.4578350184574,278.0381529182048,12892.289175092288,117,113,0,0.4102211450000368,23,7
2032,v3_no_route,hash,False,12,12,3317.669322142742,276.47244351189516,12563.346610713712,124,125,0,0.21134014300002946,24,7
2032,v3_no_through,hash,False,12,12,3291.847912485559,274.32065937379656,12599.239562427794,119,117,0,0.24843187600004057,24,7
2032,v3_origin20,hash,False,12,12,3262.20096880524,271.85008073376997,12326.0048440262,123,122,0,0.12687095399996906,24,8
2032,v3_prior,hash,False,12,12,3270.9401743385897,272.57834786154916,12609.700871692949,115,114,0,0.10698673100000633,23,7
2033,v1,hash,False,16,16,3834.190361166859,239.6368975729287,14875.951805834295,135,104,0,0.05395891800003483,53,0
2033,v2,hash,False,16,16,2875.3864204757474,179.7116512797342,9916.932102378738,136,132,0,0.3459796439999536,24,6
2033,v3,hash,False,16,16,3031.2043764324726,189.45027352702954,11291.021882162362,116,113,0,0.13728728299997783,27,6
2033,v3_no_probe,hash,False,16,16,3034.743468170721,189.67146676067006,11668.717340853604,104,101,0,0.4324768660000018,24,6
2033,v3_no_route,hash,False,16,16,3077.8815813987158,192.36759883741973,11459.40790699358,118,116,0,0.16270758099994964,24,6
2033,v3_no_through,hash,False,16,16,3008.286445095855,188.01790281849094,11341.432225479275,110,110,0,0.1205921280001121,27,6
2033,v3_origin20,hash,False,16,16,2866.7298854178434,179.17061783861521,9898.649427089216,135,132,0,0.35952171099995667,24,6
2033,v3_prior,hash,False,16,16,3031.2043764324726,189.45027352702954,11291.021882162362,116,113,0,0.14873132900004293,27,6
2034,v1,hash,False,13,13,3569.4496945148185,274.5730534242168,13127.248472574092,149,134,0,0.08026113999994777,38,0
2034,v2,hash,False,13,13,3307.506980157863,254.42361385829716,11942.534900789315,143,139,0,0.356328817000076,26,8
2034,v3,hash,False,13,13,3085.3121734665538,237.33170565127335,11116.56086733277,134,127,0,0.19686630199998945,26,7
2034,v3_no_probe,hash,False,13,13,3090.427146675588,237.7251651288914,11282.135733377942,129,124,0,0.4596542110000428,24,7
2034,v3_no_route,hash,False,13,13,3042.2471867082854,234.0190143621758,11536.235933541428,112,110,0,0.12507868600005168,24,7
2034,v3_no_through,hash,False,13,13,3076.596104563002,236.6612388125386,11077.98052281501,134,126,0,0.1728711599999997,25,7
2034,v3_origin20,hash,False,13,13,3281.001301223073,252.38471547869793,11860.006506115364,141,139,0,0.12106644400000732,26,8
2034,v3_prior,hash,False,13,13,3076.8397574727996,236.6799813440615,11079.198787363997,134,126,0,0.09826702600003046,25,7
2035,v1,hash,False,12,12,3421.9893463575236,285.16577886312695,12869.946731787619,133,123,0,0.025518446999967637,32,0
2035,v2,hash,False,12,12,3381.1739810287777,281.7644984190648,12130.869905143889,149,150,0,0.3845789849999619,25,8
2035,v3,hash,False,12,12,3156.3490519626775,263.0290876635565,11796.745259813388,123,122,0,0.12358757300000889,23,7
2035,v3_no_probe,hash,False,12,12,3233.0098275021214,269.41748562517677,12295.049137510607,119,119,0,0.18423687100005282,24,7
2035,v3_no_route,hash,False,12,12,3184.937579036415,265.41146491970125,11794.687895182076,128,126,0,0.29832832599993253,25,7
2035,v3_no_through,hash,False,12,12,3156.4274132069295,263.0356177672441,11857.137066034647,121,120,0,0.11040094899999531,23,7
2035,v3_origin20,hash,False,12,12,3261.066956017924,271.75557966816035,11775.334780089619,141,141,0,0.39528633800000534,25,8
2035,v3_prior,hash,False,12,12,3183.634991021483,265.3029159184569,12033.174955107415,119,122,0,0.13000031299998227,22,7
2036,v1,hash,False,11,11,3218.1255836182067,292.5568712380188,11305.627918091033,152,142,0,0.06784380800002054,32,0
2036,v2,hash,False,11,11,3137.298057512999,285.20891431936354,10746.490287564995,155,158,0,0.2350928710000062,21,8
2036,v3,hash,False,11,11,2906.819639816699,264.2563308924272,10064.098199083493,140,139,0,0.17294871500007503,21,7
2036,v3_no_probe,hash,False,11,11,3044.3450881803215,276.75864438002924,10776.725440901608,139,139,0,0.1822143839999626,20,7
2036,v3_no_route,hash,False,11,11,3062.4231985575234,278.40210895977486,11232.115992787616,127,126,0,0.26499330899991946,22,7
2036,v3_no_through,hash,False,11,11,2899.6719170909537,263.60653791735945,10088.35958545477,138,137,0,0.09148878400003468,21,7
2036,v3_origin20,hash,False,11,11,2964.6567385683193,269.5142489607563,10563.283692841596,133,132,0,0.2242049300000417,21,8
2036,v3_prior,hash,False,11,11,2931.053707277202,266.4594279342911,10260.268536386011,137,139,0,0.08937959699994735,21,7
2037,v1,hash,False,15,15,4418.721978511747,294.5814652341165,17278.609892558732,154,118,0,0.09282938000001195,57,0
2037,v2,hash,False,15,15,3467.726488813008,231.1817659208672,13198.63244406504,126,123,0,0.3080686529999639,26,8
2037,v3,hash,False,15,15,3517.7640819564886,234.5176054637659,13063.820409782444,139,135,0,0.15267377099996793,28,7
2037,v3_no_probe,hash,False,15,15,3471.939297735139,231.46261984900926,13184.696488675694,127,125,0,0.5483209500000612,26,7
2037,v3_no_route,hash,False,15,15,3232.838743391679,215.52258289277862,12334.193716958396,116,111,0,0.20156294000003072,28,7
2037,v3_no_through,hash,False,15,15,3524.1961345497734,234.9464089699849,13120.980672748867,138,135,0,0.14476094500003,28,7
2037,v3_origin20,hash,False,15,15,3437.1927119856896,229.14618079904596,12955.963559928448,129,126,0,0.2867382389999875,27,8
2037,v3_prior,hash,False,15,15,3511.718449731253,234.11456331541686,13093.592248656263,137,133,0,0.3473003650000237,28,7
2038,v1,hash,False,16,16,3662.3260420290308,228.89537762681442,14591.630210145155,113,99,0,0.06049106800003301,39,0
2038,v2,hash,False,16,16,3145.3715191675165,196.58571994796978,12171.857595837582,105,106,0,0.3901180249999925,21,5
2038,v3,hash,False,16,16,3186.885868894211,199.18036680588818,11959.429344471055,119,120,0,0.17067113300004166,25,6
2038,v3_no_probe,hash,False,16,16,3277.446409271698,204.84040057948113,12382.232046358491,120,121,0,0.6002109940000082,26,6
2038,v3_no_route,hash,False,16,16,3252.6744836605676,203.29215522878548,12483.372418302837,112,116,0,0.46333301899994694,23,7
2038,v3_no_through,hash,False,16,16,3178.396990446407,198.64981190290044,11946.984952232035,118,119,0,0.1572424130000627,24,6
2038,v3_origin20,hash,False,16,16,3130.019383449263,195.62621146557893,11940.096917246316,110,112,0,0.1316154840000081,26,8
2038,v3_prior,hash,False,16,16,3172.156979519574,198.2598112199734,11850.78489759787,120,122,0,0.1730393230000118,25,6
2039,v1,hash,False,16,16,4065.5043811917394,254.0940238244837,16097.521905958698,132,106,0,0.03436448299999029,57,0
2039,v2,hash,False,16,16,3679.403104538185,229.96269403363655,13867.015522690925,138,136,0,0.3862683190000098,26,7
2039,v3,hash,False,16,16,3540.92254357691,221.30765897355687,13374.612717884549,131,131,0,0.1424317549999614,28,6
2039,v3_no_probe,hash,False,16,16,3522.0342666353918,220.12714166471198,13495.171333176959,124,123,0,0.6264476439999953,27,6
2039,v3_no_route,hash,False,16,16,3651.916349219249,228.24477182620305,14279.581746096244,120,116,0,0.4031455189999633,28,6
2039,v3_no_through,hash,False,16,16,3541.4759426013748,221.34224641258592,13407.379713006874,130,130,0,0.19524735100003454,27,6
2039,v3_origin20,hash,False,16,16,3425.103057350947,214.0689410844342,12830.515286754735,130,129,0,0.2255274049999798,27,6
2039,v3_prior,hash,False,16,16,3538.542535180017,221.15890844875105,13392.712675900084,130,130,0,0.15123012000003655,28,6
2040,v1,hash,False,14,14,2867.7498190269657,204.8392727876404,10348.749095134828,123,113,0,0.036587562000022444,29,0
2040,v2,hash,False,14,14,2644.084618806799,188.8631870576285,9400.423094033995,115,119,0,0.4680000859999609,23,8
2040,v3,hash,False,14,14,2885.5618396826803,206.1115599773343,10577.809198413403,117,115,0,0.10564775799991821,23,7
2040,v3_no_probe,hash,False,14,14,3102.18689191582,221.58477799398716,11610.9344595791,118,120,0,0.4014526070000102,25,7
2040,v3_no_route,hash,False,14,14,2886.8732712742194,206.20523366244424,10309.366356371098,126,125,0,0.4291711479999094,21,7
2040,v3_no_through,hash,False,14,14,2934.680073957931,209.62000528270937,10758.400369789655,119,118,0,0.10581958600005237,23,7
2040,v3_origin20,hash,False,14,14,2909.502113358195,207.82157952558535,9502.510566790974,156,159,0,0.17901204499992218,21,8
2040,v3_prior,hash,False,14,14,2885.5618396826803,206.1115599773343,10577.809198413403,117,115,0,0.10220307099996262,23,7
2041,v1,hash,False,13,13,3497.329682072611,269.0253601594316,12846.648410363056,146,133,0,0.027534362999972473,37,0
2041,v2,hash,False,13,13,3171.0098083730404,243.9238314133108,11805.049041865203,124,125,0,0.33960994200003825,24,8
2041,v3,hash,False,13,13,3066.5672842847007,235.88979109882314,11297.836421423504,124,122,0,0.1103257139999414,23,7
2041,v3_no_probe,hash,False,13,13,3060.9169454903117,235.4551496531009,11529.584727451558,115,115,0,0.17670043199996144,19,7
2041,v3_no_route,hash,False,13,13,3037.672505209148,233.66711578531906,11453.36252604574,114,112,0,0.38987072500003705,21,7
2041,v3_no_through,hash,False,13,13,3026.1851841686525,232.78347570528098,11330.925920843263,116,115,0,0.09571320600002764,21,7
2041,v3_origin20,hash,False,13,13,3041.3385118271376,233.9491162943952,11241.692559135688,121,123,0,0.2418516439998939,23,8
2041,v3_prior,hash,False,13,13,3066.5672842847007,235.88979109882314,11297.836421423504,124,122,0,0.2488011950000555,23,7
2042,v1,hash,False,14,14,3753.9237083975445,268.1374077426818,14169.618541987722,146,120,0,0.05457432199989398,47,0
2042,v2,hash,False,14,14,3299.262360959255,235.66159721137538,12046.311804796276,137,135,0,0.3115860429999202,25,8
2042,v3,hash,False,14,14,3378.2285655955716,241.30204039968368,13051.142827977857,117,113,0,0.10864204099993913,24,7
2042,v3_no_probe,hash,False,14,14,3438.4642800453294,245.60459143180924,13492.321400226647,112,110,0,0.30911516000003303,21,7
2042,v3_no_route,hash,False,14,14,3107.2963134109223,221.94973667220873,11661.481567054612,118,115,0,0.4240608960000145,25,7
2042,v3_no_through,hash,False,14,14,3423.799481355708,244.557105811122,13233.99740677854,118,117,0,0.10632008300001417,25,7
2042,v3_origin20,hash,False,14,14,3284.3055407882066,234.59325291344334,11981.527703941032,137,133,0,0.16036302600002728,25,8
2042,v3_prior,hash,False,14,14,3384.624156154566,241.75886829675474,13108.120780772831,116,113,0,0.10011445600002844,24,7
2043,v1,hash,False,12,12,2907.7462788691832,242.31218990576528,10198.731394345916,135,133,0,0.02831056599995918,25,0
2043,v2,hash,False,12,12,2838.9089397526172,236.57574497938478,9844.544698763086,135,135,0,0.22518414700004996,23,8
2043,v3,hash,False,12,12,2823.9812161337745,235.3317680111479,10324.906080668872,117,114,0,0.0878659490000473,22,7
2043,v3_no_probe,hash,False,12,12,2844.1891302774197,237.01576085645164,10475.9456513871,115,114,0,0.17758818300001167,22,7
2043,v3_no_route,hash,False,12,12,2646.812774085412,220.56773117378432,9289.06387042706,122,119,0,0.2623196160000134,23,7
2043,v3_no_through,hash,False,12,12,2811.627013994614,234.30225116621784,10288.13506997307,116,114,0,0.08336698199991588,22,7
2043,v3_origin20,hash,False,12,12,2763.948402121262,230.32903351010518,9479.742010606311,135,133,0,0.2386051360000465,24,8
2043,v3_prior,hash,False,12,12,2819.6545697437327,234.97121414531105,10353.272848718663,115,114,0,0.09136132000003272,21,7
2044,v1,hash,False,13,13,3355.602895709889,258.12329966999147,12653.014478549445,128,120,0,0.025358905999951276,32,0
2044,v2,hash,False,13,13,3122.7919153271664,240.21476271747434,11598.959576635832,123,123,0,0.5604954070000758,22,8
2044,v3,hash,False,13,13,3154.7354460845495,242.67195739111918,12033.677230422747,114,113,0,0.13286630200002492,22,7
2044,v3_no_probe,hash,False,13,13,3172.315859409027,244.02429687761745,12206.579297045135,111,111,0,0.1607762810000395,21,7
2044,v3_no_route,hash,False,13,13,3049.1079420581304,234.54676477370234,11240.539710290652,123,121,0,0.585954706999928,26,7
2044,v3_no_through,hash,False,13,13,3148.6668520065286,242.20514246204067,12048.334260032643,112,114,0,0.1089854890000197,22,7
2044,v3_origin20,hash,False,13,13,3166.4401800877804,243.57232154521387,11572.200900438902,131,132,0,0.13027849100001276,23,8
2044,v3_prior,hash,False,13,13,3150.12286585578,242.3171435273677,12030.614329278902,113,114,0,0.11507690200005527,22,7
2045,v1,hash,False,10,10,2837.8862360735097,283.788623607351,9849.431180367548,137,133,0,0.04104738900002758,22,0
2045,v2,hash,False,10,10,2922.609939636058,292.26099396360576,9743.04969818029,154,154,0,0.2336537749999934,17,8
2045,v3,hash,False,10,10,2806.8564431847285,280.68564431847284,9954.282215923642,128,126,0,0.09150713600001836,19,7
2045,v3_no_probe,hash,False,10,10,2947.508327088558,294.7508327088558,10772.54163544279,124,123,0,0.3030916339999976,20,7
2045,v3_no_route,hash,False,10,10,2720.4837454357935,272.04837454357937,9382.418727178967,133,129,0,0.15196352299994942,18,7
2045,v3_no_through,hash,False,10,10,2825.904804842331,282.5904804842331,9984.524024211654,130,129,0,0.06912182099995334,20,7
2045,v3_origin20,hash,False,10,10,2983.061072467597,298.3061072467597,9900.305362337986,159,158,0,0.14799524699992617,18,8
2045,v3_prior,hash,False,10,10,2779.1430150668575,277.9143015066858,9965.715075334287,123,121,0,0.061981102000004284,18,7
2046,v1,hash,False,11,11,3109.989396376495,282.7263087614995,11459.946981882475,129,118,0,0.024591067000073963,34,0
2046,v2,hash,False,11,11,2965.684966763994,269.6077242512722,10358.42483381997,139,144,0,0.4167869259999861,21,8
2046,v3,hash,False,11,11,2811.621728848631,255.60197534987554,10308.108644243155,116,115,0,0.093371521999984,21,7
2046,v3_no_probe,hash,False,11,11,2840.6410685412957,258.24009714011777,10468.205342706478,115,117,0,0.12854778299993086,21,7
2046,v3_no_route,hash,False,11,11,3024.4344530245407,274.94858663859463,10887.172265122705,132,132,0,0.255336469000099,22,7
2046,v3_no_through,hash,False,11,11,2795.597550024988,254.14523182045343,10247.98775012494,115,116,0,0.069757041999992,21,7
2046,v3_origin20,hash,False,11,11,2824.6385324363528,256.78532113057753,9818.192662181764,134,136,0,0.14242109499991784,21,8
2046,v3_prior,hash,False,11,11,2796.179580736746,254.19814370334055,10290.897903683732,114,113,0,0.09347173399999065,20,7
2047,v1,hash,False,12,12,3001.024963315457,250.08541360962144,10850.124816577287,129,126,0,0.04597460700006195,24,0
2047,v2,hash,False,12,12,3194.864545792275,266.2387121493562,11259.322728961373,147,148,0,0.25517368200007695,22,8
2047,v3,hash,False,12,12,2898.1923855727973,241.51603213106645,10645.961927863986,118,119,0,0.10130892600000152,23,7
2047,v3_no_probe,hash,False,12,12,2884.084187145819,240.34034892881826,10655.420935729097,115,118,0,0.3110320619999811,21,7
2047,v3_no_route,hash,False,12,12,3181.6176951168272,265.1348079264023,11558.088475584136,136,130,0,0.17989057100010086,22,7
2047,v3_no_through,hash,False,12,12,2901.3757138979463,241.78130949149553,10666.87856948973,118,118,0,0.10336145700000543,23,7
2047,v3_origin20,hash,False,12,12,3040.5357004998737,253.37797504165613,10627.678502499368,142,145,0,0.28554713599999104,22,8
2047,v3_prior,hash,False,12,12,2896.308925706118,241.3590771421765,10636.54462853059,118,119,0,0.10486912500005019,23,7
2048,v1,hash,False,16,16,4069.893312221305,254.36833201383158,16239.466561106527,128,102,0,0.092349487999968,54,0
2048,v2,hash,False,16,16,3760.725169809961,235.04532311312255,13873.625849049804,151,151,0,0.3691702889999533,24,7
2048,v3,hash,False,16,16,3371.503137366658,210.71894608541612,13302.515686833289,105,106,0,0.11959010800001124,25,6
2048,v3_no_probe,hash,False,16,16,3492.8876021984133,218.30547513740083,13789.438010992068,109,110,0,0.46844332800003485,25,6
2048,v3_no_route,hash,False,16,16,3659.717752093705,228.73235950585655,14243.588760468523,122,121,0,0.16973974299992278,26,7
2048,v3_no_through,hash,False,16,16,3331.582291766914,208.22389323543212,13037.91145883457,107,109,0,0.1140346640000871,24,6
2048,v3_origin20,hash,False,16,16,3673.897207798825,229.61857548742657,14469.486038994126,117,115,0,0.2865246930000467,25,7
2048,v3_prior,hash,False,16,16,3614.5892777491104,225.9118298593194,14332.946388745551,111,113,0,0.23701701699997102,25,6
2049,v1,hash,False,10,10,3147.1143555462177,314.71143555462174,11520.571777731087,134,123,0,0.045832431999997425,28,0
2049,v2,hash,False,10,10,2810.831955197192,281.0831955197192,9424.159775985961,146,146,0,0.21396216199991613,20,8
2049,v3,hash,False,10,10,2863.717659514745,286.37176595147446,10263.588297573724,127,126,0,0.09706939000000148,22,7
2049,v3_no_probe,hash,False,10,10,2881.372296758211,288.1372296758211,10476.861483791055,123,121,0,0.16506229599997368,19,7
2049,v3_no_route,hash,False,10,10,2794.265550121998,279.4265550121998,9981.32775060999,125,123,0,0.2698690869999609,19,7
2049,v3_no_through,hash,False,10,10,2877.8015317254467,287.78015317254466,10279.007658627233,129,127,0,0.0981880199999523,22,7
2049,v3_origin20,hash,False,10,10,2829.3342271167176,282.93342271167177,9671.671135583587,141,140,0,0.23523280200004137,20,8
2049,v3_prior,hash,False,10,10,2895.4099538819783,289.5409953881978,10427.04976940989,127,125,0,0.09799891399995886,23,7
2050,v1,hash,False,12,12,3120.8524168963104,260.0710347413592,11499.262084481552,128,121,0,0.03304243599995971,27,0
2050,v2,hash,False,12,12,3186.035845092742,265.5029870910618,11525.17922546371,137,136,0,0.6450310779999882,21,8
2050,v3,hash,False,12,12,2990.337369675808,249.19478080631734,10836.68684837904,127,128,0,0.10336312000004,21,7
2050,v3_no_probe,hash,False,12,12,2978.5862096594064,248.2155174716172,10827.931048297032,125,128,0,0.29204673599997477,20,7
2050,v3_no_route,hash,False,12,12,3083.746380883576,256.9788650736313,11273.73190441788,128,129,0,0.1764294219999556,21,7
2050,v3_no_through,hash,False,12,12,2973.4602577715914,247.78835481429928,10782.301288857956,126,127,0,0.09739697400004843,21,7
2050,v3_origin20,hash,False,12,12,3014.477490281338,251.2064575234448,10507.387451406688,142,143,0,0.12574131299993496,22,8
2050,v3_prior,hash,False,12,12,2990.337369675808,249.19478080631734,10836.68684837904,127,128,0,0.09694777599997906,21,7
2051,v1,hash,False,13,13,3404.872488713752,261.9132683625963,12759.36244356876,134,118,0,0.02931097900000168,42,0
2051,v2,hash,False,13,13,3072.591741586022,236.35321089123246,10982.95870793011,135,136,0,0.27457790199991905,23,8
2051,v3,hash,False,13,13,3197.6406059749497,245.97235430576535,12073.203029874749,120,118,0,0.110707097000045,21,7
2051,v3_no_probe,hash,False,13,13,3261.564209312284,250.8895545624834,12447.821046561421,118,117,0,0.17737964699995246,20,7
2051,v3_no_route,hash,False,13,13,2974.924994983222,228.84038422947862,10739.62497491611,127,127,0,0.16371550000008028,22,7
2051,v3_no_through,hash,False,13,13,3185.006963135444,245.0005356258034,12070.03481567722,118,116,0,0.21837612199999512,21,7
2051,v3_origin20,hash,False,13,13,3254.1668044437483,250.32052341874987,11865.834022218742,136,136,0,0.2953343539999196,24,8
2051,v3_prior,hash,False,13,13,3197.535142829778,245.96424175613677,12072.67571414889,120,118,0,0.11201808700002402,21,7
2052,v1,hash,False,11,11,3058.3164384575803,278.0287671325073,11116.582192287902,131,125,0,0.07378540800004885,29,0
2052,v2,hash,False,11,11,2955.4540533011877,268.6776412091989,10492.270266505939,133,137,0,0.6016939270000421,21,8
2052,v3,hash,False,11,11,2798.1841104423975,254.3803736765816,10055.920552211988,121,127,0,0.10985560999995414,22,7
2052,v3_no_probe,hash,False,11,11,2790.240429261614,253.6582208419649,10131.20214630807,118,119,0,0.32532104300003084,22,7
2052,v3_no_route,hash,False,11,11,2863.2065945329987,260.291508593909,10251.032972664994,126,128,0,0.18406864400003542,21,7
2052,v3_no_through,hash,False,11,11,2794.710497927854,254.064590720714,10043.552489639269,121,126,0,0.11338178699998025,22,7
2052,v3_origin20,hash,False,11,11,2870.4614376052846,260.9510397822986,10067.307188026423,133,137,0,0.12374987399994097,20,8
2052,v3_prior,hash,False,11,11,2798.793806304998,254.4358005731816,10058.96903152499,121,127,0,0.11313329200004318,22,7
2053,v1,hash,False,10,10,3606.0332419861875,360.60332419861874,13625.166209930938,141,126,0,0.0197043630000735,33,0
2053,v2,hash,False,10,10,3283.617556311015,328.3617556311015,12098.087781555076,136,134,0,0.2698888720000241,22,8
2053,v3,hash,False,10,10,3148.2336755746574,314.82336755746576,11541.168377873288,132,130,0,0.09844196399990324,21,7
2053,v3_no_probe,hash,False,10,10,3249.252567809072,324.9252567809072,12101.26283904536,130,129,0,0.19111710499998935,21,7
2053,v3_no_route,hash,False,10,10,3011.252823557174,301.1252823557174,10896.26411778587,131,127,0,0.24716948800005412,23,7
2053,v3_no_through,hash,False,10,10,3138.6472564512846,313.8647256451285,11563.236282256423,130,126,0,0.08996720900006494,21,7
2053,v3_origin20,hash,False,10,10,3200.348914604064,320.03489146040636,11731.74457302032,134,134,0,0.2083725869999853,22,8
2053,v3_prior,hash,False,10,10,3148.2336755746574,314.82336755746576,11541.168377873288,132,130,0,0.18898309899998367,21,7
2054,v1,hash,False,14,14,3441.1717345909433,245.79798104221024,13105.858672954717,128,110,0,0.02827617499997359,43,0
2054,v2,hash,False,14,14,3052.1352971998344,218.00966408570247,11285.676485999173,121,120,0,0.2715690050000603,22,8
2054,v3,hash,False,14,14,3086.4505140017654,220.4607510001261,11767.252570008826,111,108,0,0.10565712599998278,26,7
2054,v3_no_probe,hash,False,14,14,3129.5355561270167,223.53825400907263,12162.677780635084,105,102,0,0.3975440509999544,22,7
2054,v3_no_route,hash,False,14,14,3172.6400638479654,226.6171474177118,11843.200319239826,123,119,0,0.3480912280000439,25,7
2054,v3_no_through,hash,False,14,14,3070.1606116709313,219.29718654792367,11705.803058354657,110,109,0,0.10411874200008242,24,7
2054,v3_origin20,hash,False,14,14,3221.1023230660635,230.07873736186167,11245.511615330317,150,152,0,0.16495015599991802,25,8
2054,v3_prior,hash,False,14,14,3068.902502183743,219.20732158455306,11794.512510918714,107,105,0,0.10362632700002905,24,7
2055,v1,hash,False,10,10,3252.3649699308303,325.23649699308305,11811.824849654151,142,130,0,0.021782942999948318,28,0
2055,v2,hash,False,10,10,2996.862888335978,299.6862888335978,10539.31444167989,140,139,0,0.16633218399999805,19,8
2055,v3,hash,False,10,10,3058.1929898392737,305.81929898392735,11330.964949196368,124,122,0,0.09487269999999626,24,7
2055,v3_no_probe,hash,False,10,10,3122.1415889746954,312.21415889746953,11495.707944873477,129,128,0,0.19828164999989895,23,7
2055,v3_no_route,hash,False,10,10,2918.272005191825,291.8272005191825,10491.360025959126,129,125,0,0.2856444230000079,21,7
2055,v3_no_through,hash,False,10,10,3046.4802117918,304.64802117918,11222.401058958998,126,122,0,0.10152640499995869,25,7
2055,v3_origin20,hash,False,10,10,3175.6222531276194,317.56222531276194,11133.111265638097,150,149,0,0.22642754700007117,24,8
2055,v3_prior,hash,False,10,10,3030.0785989358,303.00785989358,11230.392994679001,123,119,0,0.09101776600004996,23,7
2056,v1,hash,False,13,13,3167.6831536922414,243.66793489940318,11758.415768461207,127,116,0,0.029136464999965028,33,0
2056,v2,hash,False,13,13,3001.492361815567,230.8840278319667,11012.461809077837,123,119,0,0.525557684999967,23,8
2056,v3,hash,False,13,13,3060.02589369386,235.38660720721998,11405.129468469298,120,114,0,0.10519620899992788,22,7
2056,v3_no_probe,hash,False,13,13,3149.5779645198118,242.2752280399855,11482.88982259906,132,128,0,0.33818015600002127,23,7
2056,v3_no_route,hash,False,13,13,2957.235270014615,227.47963615497036,10801.176350073074,122,122,0,0.1542455420000124,23,7
2056,v3_no_through,hash,False,13,13,3060.0710508501866,235.39008083462974,11405.355254250933,120,114,0,0.09450548500001332,22,7
2056,v3_origin20,hash,False,13,13,3024.650153096024,232.66539639200184,10663.250765480121,138,137,0,0.14966512100011187,21,8
2056,v3_prior,hash,False,13,13,3049.969550664515,234.61304235880883,11449.847753322574,117,110,0,0.1079799809999713,22,7
2057,v1,hash,False,14,14,3061.622990380106,218.68735645572184,11733.11495190053,108,105,0,0.03196790100003,34,0
2057,v2,hash,False,14,14,3071.3879857483244,219.38485612488032,10301.939928741622,156,161,0,0.32408398799998395,22,8
2057,v3,hash,False,14,14,2931.7273671162397,209.40909765115998,10573.6368355812,124,127,0,0.1262980780001044,23,7
2057,v3_no_probe,hash,False,14,14,3003.8475714387487,214.56054081705346,10714.237857193744,131,136,0,0.19846325499997874,24,7
2057,v3_no_route,hash,False,14,14,3124.123092114138,223.15164943672417,11620.61546057069,121,125,0,0.4101441049999721,24,7
2057,v3_no_through,hash,False,14,14,2940.425774352501,210.03041245375007,10587.128871762505,125,128,0,0.136107638999988,23,7
2057,v3_origin20,hash,False,14,14,3015.2306739274236,215.37361956624454,10076.153369637119,155,155,0,0.3230776389999619,22,8
2057,v3_prior,hash,False,14,14,2931.7273671162397,209.40909765115998,10573.6368355812,124,127,0,0.12127061099999992,23,7
2058,v1,hash,False,13,13,3661.297701143427,281.6382847033405,13946.488505717134,138,117,0,0.056492205000040485,41,0
2058,v2,hash,False,13,13,3170.482072003966,243.88323630799738,11712.41036001983,127,128,0,0.22686624899995422,21,8
2058,v3,hash,False,13,13,3153.598704196137,242.58451570739516,11697.993520980686,125,124,0,0.20232438899995486,22,7
2058,v3_no_probe,hash,False,13,13,3207.767829336736,246.75137148744125,11973.83914668368,125,123,0,0.39390529899992544,21,7
2058,v3_no_route,hash,False,13,13,3122.897458948966,240.22288145761274,11359.48729474483,131,131,0,0.24640554199993403,23,7
2058,v3_no_through,hash,False,13,13,3179.2895441636197,244.56073416643227,11771.447720818098,127,125,0,0.09421763600005306,22,7
2058,v3_origin20,hash,False,13,13,3116.702782314578,239.74636787035217,11508.51391157289,125,125,0,0.10172939599999609,25,8
2058,v3_prior,hash,False,13,13,3142.162112471138,241.7047778823952,11620.81056235569,126,123,0,0.1924821879999854,21,7
2059,v1,hash,False,12,12,3268.6664535544255,272.38887112953546,11713.332267772128,147,131,0,0.022684174999994866,36,0
2059,v2,hash,False,12,12,3110.1723865973468,259.18103221644554,10690.861932986734,152,152,0,0.2458357010000327,23,8
2059,v3,hash,False,12,12,2991.3318475583537,249.27765396319614,10811.65923779177,129,124,0,0.10519613399992522,25,7
2059,v3_no_probe,hash,False,12,12,3062.7169060886927,255.2264088407244,11278.584530443464,125,122,0,0.22313731099995948,23,7
2059,v3_no_route,hash,False,12,12,3035.2611019643045,252.93842516369205,10826.305509821523,135,135,0,0.3431411430000253,24,7
2059,v3_no_through,hash,False,12,12,2987.6669692757087,248.9722474396424,10818.334846378542,128,124,0,0.0719874679999748,24,7
2059,v3_origin20,hash,False,12,12,3162.3751227011235,263.5312602250936,10921.875613505617,153,153,0,0.2584398650000139,24,8
2059,v3_prior,hash,False,12,12,2984.2079049601407,248.68399208001173,10746.039524800704,130,125,0,0.09866408400000637,25,7
2060,v1,hash,False,11,11,3512.1036520565367,319.2821501869579,13090.518260282683,143,124,0,0.04849657499994464,38,0
2060,v2,hash,False,11,11,3320.949656093818,301.9045141903471,12419.74828046909,131,127,0,0.2559543390000272,23,8
2060,v3,hash,False,11,11,3303.3716638138444,300.3065148921677,12441.858319069222,127,125,0,0.20308835299999828,23,7
2060,v3_no_probe,hash,False,11,11,3306.952463351209,300.6320421228372,12654.762316756045,121,116,0,0.42814342600001964,23,7
2060,v3_no_route,hash,False,11,11,3229.203022979237,293.56391117993064,12206.015114896187,123,118,0,0.1122292310000148,23,7
2060,v3_no_through,hash,False,11,11,3312.0886005136867,301.09896368306244,12435.443002568434,129,125,0,0.21081453600004352,25,7
2060,v3_origin20,hash,False,11,11,3343.2645405103767,303.9331400463979,12506.322702551883,132,127,0,0.14002373599998919,26,8
2060,v3_prior,hash,False,11,11,3279.752185937728,298.1592896307025,12358.76092968864,126,123,0,0.09863265700005286,24,7
2061,v1,hash,False,11,11,2822.960720153448,256.63279274122254,9924.80360076724,132,123,0,0.023045500999955948,27,0
2061,v2,hash,False,11,11,2692.3529944743204,244.75936313402914,8801.764972371602,146,147,0,0.2770201680000355,20,8
2061,v3,hash,False,11,11,2620.0365248645985,238.18513862405442,9220.182624322993,120,121,0,0.06487696500005313,20,7
2061,v3_no_probe,hash,False,11,11,2853.892577753377,259.4447797957615,10449.462888766884,118,119,0,0.2554707790000066,20,7
2061,v3_no_route,hash,False,11,11,2642.3430520101574,240.21300472819613,9241.715260050787,123,124,0,0.13699343799999042,22,7
2061,v3_no_through,hash,False,11,11,2636.6471156581774,239.6951923325616,9363.235578290887,118,119,0,0.078843667000001,20,7
2061,v3_origin20,hash,False,11,11,2692.232668394105,244.74842439946408,8766.163341970525,147,149,0,0.11603072399998382,21,8
2061,v3_prior,hash,False,11,11,2625.156046309847,238.65054966453155,9280.780231549235,119,119,0,0.17869216200006122,20,7
2062,v1,hash,False,16,16,3883.9046287034735,242.7440392939671,14969.523143517368,138,120,0,0.031058075999908397,45,0
2062,v2,hash,False,16,16,3301.156252381865,206.32226577386658,12270.781261909326,127,132,0,0.33043875599992134,26,8
2062,v3,hash,False,16,16,3356.3256343341627,209.77035214588517,13081.628171670814,110,110,0,0.12364686099999744,25,6
2062,v3_no_probe,hash,False,16,16,3411.1140190523543,213.19462619077214,13445.570095261772,107,107,0,0.3504793609999979,25,6
2062,v3_no_route,hash,False,16,16,3444.320902385085,215.2700563990678,13226.604511925425,120,119,0,0.2104212809999808,26,6
2062,v3_no_through,hash,False,16,16,3360.728644179696,210.045540261231,13153.643220898479,108,110,0,0.13989413000001605,25,6
2062,v3_origin20,hash,False,16,16,3245.646255472537,202.85289096703357,11973.231277362685,128,131,0,0.3059449309999991,26,8
2062,v3_prior,hash,False,16,16,3349.4584104388173,209.34115065242608,13067.292052194087,109,111,0,0.24118630700002086,25,6
2063,v1,hash,False,10,10,3650.0825072786474,365.0082507278647,13615.412536393236,150,127,0,0.020100852000041414,39,0
2063,v2,hash,False,10,10,2982.858590507981,298.2858590507981,10374.292952539905,144,138,0,0.20909824299997126,20,8
2063,v3,hash,False,10,10,3172.5166407924376,317.25166407924377,11887.583203962187,125,120,0,0.1572550510001065,21,7
2063,v3_no_probe,hash,False,10,10,3208.0608092780944,320.80608092780943,12125.304046390473,123,118,0,0.13455333199999586,20,7
2063,v3_no_route,hash,False,10,10,2993.076792118546,299.30767921185463,10930.383960592731,127,122,0,0.2228813799999898,23,7
2063,v3_no_through,hash,False,10,10,3175.8335020455156,317.58335020455155,11904.167510227579,125,120,0,0.07313806700005898,21,7
2063,v3_origin20,hash,False,10,10,3007.4115545282248,300.74115545282245,10457.057772641123,145,141,0,0.09993825900005504,22,8
2063,v3_prior,hash,False,10,10,3177.2085594998744,317.7208559499874,11886.042797499373,126,120,0,0.1585356350000211,22,7
2064,v1,hash,False,13,13,3208.6675812225703,246.82058317096696,11993.33790611285,125,120,0,0.0331151159999763,30,0
2064,v2,hash,False,13,13,3041.193342032056,233.93794938708123,11015.96671016028,128,133,0,0.32599851199995555,23,8
2064,v3,hash,False,13,13,3035.5216475153693,233.50166519348994,10932.608237576846,131,129,0,0.15162275000000136,23,7
2064,v3_no_probe,hash,False,13,13,3083.7255598254437,237.20965844811104,11368.627799127218,124,125,0,0.37101196300000083,22,7
2064,v3_no_route,hash,False,13,13,3047.3199432059187,234.40922640045528,11441.599716029594,116,114,0,0.15284945700000208,23,7
2064,v3_no_through,hash,False,13,13,3053.469556654834,234.88227358883339,11207.34778327417,124,127,0,0.11987745700002961,25,7
2064,v3_origin20,hash,False,13,13,3003.740129004428,231.05693300034062,10838.700645022142,128,131,0,0.29794157099991025,23,8
2064,v3_prior,hash,False,13,13,3034.793827222918,233.44567901714754,10928.96913611459,131,129,0,0.12642246400002932,23,7
2065,v1,hash,False,11,11,3458.0476815402,314.3679710491091,12560.238407701,152,131,0,0.042395908000003146,39,0
2065,v2,hash,False,11,11,3177.3668814713897,288.85153467921725,11286.834407356948,145,140,0,0.5158417019999888,22,8
2065,v3,hash,False,11,11,3059.767527337577,278.1606843034161,11163.837636687886,129,127,0,0.06350239900007182,23,7
2065,v3_no_probe,hash,False,11,11,3081.062381629229,280.09658014811174,11330.311908146145,127,125,0,0.4238253019999547,22,7
2065,v3_no_route,hash,False,11,11,3156.520383495669,286.9563984996063,11787.601917478347,125,119,0,0.1066663609999523,21,7
2065,v3_no_through,hash,False,11,11,3052.1419535097507,277.46745031906823,11125.709767548753,129,127,0,0.08394076800004768,23,7
2065,v3_origin20,hash,False,11,11,3074.42588253256,279.4932620484146,10662.1294126628,149,142,0,0.10283778100006202,23,8
2065,v3_prior,hash,False,11,11,3039.465131506222,276.31501195511106,11067.32565753111,129,126,0,0.09272214600002826,23,7
2066,v1,hash,False,16,16,3291.791122777776,205.736945173611,12213.95561388888,131,114,0,0.052830189000019345,41,0
2066,v2,hash,False,16,16,3087.8484011200894,192.9905250700056,11399.242005600447,122,118,0,0.403602550999949,25,7
2066,v3,hash,False,16,16,3335.090199747518,208.44313748421987,12580.45099873759,123,124,0,0.18226121400005013,26,6
2066,v3_no_probe,hash,False,16,16,3355.2095256408497,209.7005953525531,13001.04762820425,113,110,0,0.4852100829999699,23,6
2066,v3_no_route,hash,False,16,16,3104.778046811567,194.04862792572294,11808.890234057835,111,108,0,0.3487316219999457,27,6
2066,v3_no_through,hash,False,16,16,3373.1371981878415,210.8210748867401,12680.685990939208,126,127,0,0.16241539199995714,27,6
2066,v3_origin20,hash,False,16,16,3052.9612658823485,190.81007911764678,11034.806329411742,129,121,0,0.21290089900003295,26,7
2066,v3_prior,hash,False,16,16,3331.3378937653238,208.20861836033274,12646.689468826618,120,122,0,0.20586817000003066,26,6
2067,v1,hash,False,13,13,3405.506119788704,261.96200921451566,13032.53059894352,124,114,0,0.09567283300009422,35,0
2067,v2,hash,False,13,13,3152.4577287960224,242.49674836892478,11627.288643980111,126,132,0,0.3769145439999875,22,8
2067,v3,hash,False,13,13,3088.303402733044,237.56180021023417,11701.51701366522,114,113,0,0.11276108499998827,23,7
2067,v3_no_probe,hash,False,13,13,3117.997835994395,239.8459873841842,11909.989179971973,112,111,0,0.35859182700005476,22,7
2067,v3_no_route,hash,False,13,13,3223.52786112004,247.96368162461846,11607.639305600202,139,142,0,0.2059444239999948,22,7
2067,v3_no_through,hash,False,13,13,3118.7503640122404,239.90387415478773,11763.751820061203,117,116,0,0.11021814100001848,23,7
2067,v3_origin20,hash,False,13,13,3262.742437557041,250.98018750438774,11738.712187785204,142,140,0,0.34233369100002164,25,8
2067,v3_prior,hash,False,13,13,3088.8036084195564,237.6002775707351,11704.018042097783,114,113,0,0.12504066899998634,23,7
2068,v1,hash,False,14,14,3835.4464908866003,273.96046363475716,14637.232454433,143,123,0,0.0800031260000651,42,0
2068,v2,hash,False,14,14,3716.9572450622245,265.49694607587315,14449.786225311122,126,127,0,0.5194434469999578,25,8
2068,v3,hash,False,14,14,3533.726803243505,252.40905737453608,13653.634016217526,122,123,0,0.12119411599996965,24,7
2068,v3_no_probe,hash,False,14,14,3572.57122729658,255.18365909261288,13892.8561364829,120,124,0,0.1851641359999121,24,7
2068,v3_no_route,hash,False,14,14,3645.990541828519,260.4278958448942,14129.952709142593,125,125,0,0.17938029699996605,25,7
2068,v3_no_through,hash,False,14,14,3554.8020018822804,253.91442870587716,13669.010009411402,125,126,0,0.11868361300003016,25,7
2068,v3_origin20,hash,False,14,14,3623.296517516872,258.806894108348,13891.48258758436,129,130,0,0.24151087699999607,25,8
2068,v3_prior,hash,False,14,14,3530.353026418831,252.1680733156308,13686.765132094157,120,123,0,0.23648359000003438,24,7
2069,v1,hash,False,12,12,3431.468024539559,285.9556687116299,12842.340122697795,136,123,0,0.0261002180000105,35,0
2069,v2,hash,False,12,12,2961.7781186311818,246.81484321926516,10418.89059315591,136,138,0,0.27985950099991896,20,8
2069,v3,hash,False,12,12,3007.3995924849055,250.61663270707547,10921.997962424528,128,123,0,0.10764985999992405,23,7
2069,v3_no_probe,hash,False,12,12,3083.3327510401296,256.9443959200108,11136.663755200649,133,131,0,0.4192047650000177,22,7
2069,v3_no_route,hash,False,12,12,3188.4995564622477,265.708296371854,11962.497782311239,123,121,0,0.28376763699998264,22,7
2069,v3_no_through,hash,False,12,12,3054.12016525067,254.51001377088917,11060.60082625335,131,127,0,0.11449495800002296,24,7
2069,v3_origin20,hash,False,12,12,3090.439854161571,257.53665451346427,10937.199270807854,141,138,0,0.14761707200000274,22,8
2069,v3_prior,hash,False,12,12,3007.3995924849055,250.61663270707547,10921.997962424528,128,123,0,0.10576528300009613,23,7
2070,v1,hash,False,13,13,3456.806131142336,265.9081639340259,12854.030655711682,139,126,0,0.02650035299996034,36,0
2070,v2,hash,False,13,13,3285.431781306658,252.7255216389737,12437.158906533292,122,123,0,0.2639899969999533,25,8
2070,v3,hash,False,13,13,3287.013715808227,252.84720890832517,12510.068579041135,120,120,0,0.11042147800003477,25,7
2070,v3_no_probe,hash,False,13,13,3364.9761619247283,258.844320148056,12904.880809623643,120,119,0,0.18783597200001623,25,7
2070,v3_no_route,hash,False,13,13,3302.1014257257716,254.00780197890552,12715.507128628858,116,114,0,0.3558174949999966,24,7
2070,v3_no_through,hash,False,13,13,3293.9819954048025,253.38323041575404,12544.909977024014,120,120,0,0.10573525899997094,25,7
2070,v3_origin20,hash,False,13,13,3241.872467153869,249.37480516568223,12139.362335769345,125,124,0,0.23192334899999878,24,8
2070,v3_prior,hash,False,13,13,3281.7368548465256,252.4412965266558,12548.684274232628,118,117,0,0.1039870660000588,24,7
2071,v1,hash,False,12,12,2934.9044061061363,244.57536717551136,10419.522030530681,132,131,0,0.08270492899998771,26,0
2071,v2,hash,False,12,12,2906.424274094149,242.2020228411791,9622.121370470746,153,157,0,0.33380765699996573,22,8
2071,v3,hash,False,12,12,2794.877667252509,232.90647227104242,9829.388336262546,128,129,0,0.18783817599990016,17,7
2071,v3_no_probe,hash,False,12,12,2848.113628942505,237.3428024118754,10085.568144712524,128,131,0,0.27367131199991945,19,7
2071,v3_no_route,hash,False,12,12,2669.0960870055255,222.42467391712714,9530.480435027628,117,118,0,0.18801846799999566,21,7
2071,v3_no_through,hash,False,12,12,2813.0487389200134,234.42072824333445,9830.243694600067,131,132,0,0.23446406400000797,18,7
2071,v3_origin20,hash,False,12,12,2912.7019935809217,242.72516613174346,9633.509967904609,154,156,0,0.15946511500010274,21,8
2071,v3_prior,hash,False,12,12,2788.5813687500467,232.38178072917057,9797.906843750234,128,129,0,0.09461301199996797,17,7
2072,v1,hash,False,14,14,3879.034587901854,277.0738991358467,15185.172939509272,133,107,0,0.0407884930000364,48,0
2072,v2,hash,False,14,14,3090.7143856109187,220.76531325792277,10883.571928054595,141,139,0,0.23874583799999982,23,8
2072,v3,hash,False,14,14,3088.1038054008923,220.57884324292087,11290.519027004462,127,125,0,0.10907625499999085,25,7
2072,v3_no_probe,hash,False,14,14,3136.0083755690316,224.00059825493082,11500.041877845159,128,126,0,0.46148616300001777,23,7
2072,v3_no_route,hash,False,14,14,3198.645134548127,228.47465246772336,11573.225672740635,136,134,0,0.17429527300009795,24,7
2072,v3_no_through,hash,False,14,14,3076.2817798139818,219.73441284385584,11291.40889906991,125,123,0,0.10055649200000971,23,7
2072,v3_origin20,hash,False,14,14,3093.1894281724626,220.94210201231877,10715.947140862314,147,145,0,0.25949558100001013,25,8
2072,v3_prior,hash,False,14,14,3117.061855922034,222.6472754230024,11470.309279610168,126,123,0,0.21871066000005612,25,7
2073,v1,hash,False,12,12,3289.5608351936676,274.1300695994723,11822.804175968338,147,130,0,0.026761607000025833,41,0
2073,v2,hash,False,12,12,2873.2587364186256,239.43822803488547,9971.293682093128,136,139,0,0.2799762779999355,22,8
2073,v3,hash,False,12,12,2881.1419327607646,240.09516106339706,10455.709663803824,122,120,0,0.07554823500004204,20,7
2073,v3_no_probe,hash,False,12,12,2943.121274746244,245.2601062288537,10825.606373731222,120,118,0,0.32843288699996265,22,7
2073,v3_no_route,hash,False,12,12,2832.7295160569215,236.06079300474346,10268.647580284607,120,119,0,0.2328800450000017,20,7
2073,v3_no_through,hash,False,12,12,2873.013173007763,239.41776441731358,10470.065865038814,120,119,0,0.11961085299992646,20,7
2073,v3_origin20,hash,False,12,12,2758.9593091762076,229.91327576468396,9439.796545881038,135,136,0,0.15017868299992188,22,8
2073,v3_prior,hash,False,12,12,2839.145593871889,236.59546615599075,10220.727969359445,123,120,0,0.13304840800003603,22,7
2074,v1,hash,False,11,11,3018.688116729587,274.42619242996244,10573.440583647935,143,134,0,0.0548193719999972,30,0
2074,v2,hash,False,11,11,2884.764260597034,262.2512964179122,10138.82130298517,134,132,0,0.24233679500002836,20,8
2074,v3,hash,False,11,11,2825.488927921572,256.86262981105205,9922.444639607862,131,131,0,0.20642537200001243,22,7
2074,v3_no_probe,hash,False,11,11,2836.2044284104386,257.83676621913077,10031.022142052194,129,130,0,0.39433502600002157,22,7
2074,v3_no_route,hash,False,11,11,2911.011120977511,264.6373746343192,10475.055604887555,127,126,0,0.12040359200000239,22,7
2074,v3_no_through,hash,False,11,11,2829.845500023545,257.25868182032224,9944.227500117724,131,131,0,0.20297771200000625,22,7
2074,v3_origin20,hash,False,11,11,2883.71773879014,262.15615807183093,10048.5886939507,137,134,0,0.0976606559999027,21,8
2074,v3_prior,hash,False,11,11,2816.013589309533,256.0012353917757,9905.067946547666,130,130,0,0.10904811299997164,22,7
2075,v1,hash,False,13,13,3376.697692650627,259.7459763577405,12568.488463253134,136,118,0,0.030244225000046754,38,0
2075,v2,hash,False,13,13,3143.2183438211296,241.7860264477792,11826.091719105649,119,118,0,0.28039784499992493,24,8
2075,v3,hash,False,13,13,3350.4345495160587,257.7257345781584,11922.172747580293,151,146,0,0.13471548699999403,27,7
2075,v3_no_probe,hash,False,13,13,3353.0069140585497,257.9236087737346,12220.034570292748,141,139,0,0.4776124919999347,23,7
2075,v3_no_route,hash,False,13,13,3075.9411840397906,236.61086031075314,11664.705920198952,113,113,0,0.19520757899999808,27,7
2075,v3_no_through,hash,False,13,13,3334.3825307468105,256.4909639036008,11891.912653734053,149,146,0,0.1233109270000341,26,7
2075,v3_origin20,hash,False,13,13,3110.39821377534,239.26140105964154,11596.9910688767,121,121,0,0.24655254599997534,25,8
2075,v3_prior,hash,False,13,13,3312.141382769272,254.78010636686707,11870.70691384636,146,143,0,0.14625485199997001,24,7
2076,v1,hash,False,15,15,4104.162651977182,273.6108434651454,16110.813259885908,138,117,0,0.04999621100000695,47,0
2076,v2,hash,False,15,15,3675.493649854769,245.03290999031793,13992.468249273845,133,137,0,0.6123643649999622,27,8
2076,v3,hash,False,15,15,3769.1354818242808,251.27569878828538,14715.677409121403,125,126,0,0.13347282900008395,26,7
2076,v3_no_probe,hash,False,15,15,3768.611462761205,251.24076418408035,14798.057313806024,122,124,0,0.21159454799999367,25,7
2076,v3_no_route,hash,False,15,15,3669.7404898960735,244.64936599307157,14453.702449480368,118,114,0,0.31778448299996853,26,7
2076,v3_no_through,hash,False,15,15,3645.7581092359887,243.0505406157326,14098.790546179944,125,126,0,0.12491542899999786,26,7
2076,v3_origin20,hash,False,15,15,3637.569105993731,242.50460706624872,13622.845529968654,139,143,0,0.14053065399991738,28,8
2076,v3_prior,hash,False,15,15,3764.8887692008216,250.99258461338812,14694.443846004107,125,126,0,0.1544109239999898,26,7
2077,v1,hash,False,16,16,3547.5733268206254,221.7233329262891,13422.866634103128,133,118,0,0.05194282200000089,42,0
2077,v2,hash,False,16,16,3292.831331740223,205.80195823376394,11924.156658701115,138,138,0,0.31818191399997886,24,7
2077,v3,hash,False,16,16,3160.9839309149475,197.56149568218422,12189.919654574736,107,108,0,0.1256047709999848,26,6
2077,v3_no_probe,hash,False,16,16,3271.882356392102,204.49264727450637,12899.411781960509,102,102,0,0.4391291499999852,25,6
2077,v3_no_route,hash,False,16,16,3066.314607728732,191.64466298304575,11251.573038643659,123,121,0,0.19276786199998241,27,6
2077,v3_no_through,hash,False,16,16,3164.683034312756,197.79268964454724,12233.415171563778,106,108,0,0.11175816999991639,26,6
2077,v3_origin20,hash,False,16,16,3188.738406043157,199.2961503776973,11463.692030215785,136,136,0,0.30838817699998344,24,7
2077,v3_prior,hash,False,16,16,3187.0702692481777,199.1918918280111,12355.351346240888,106,106,0,0.12527569400003813,26,6
2078,v1,hash,False,14,14,3534.1497687751958,252.43926919822826,13390.74884387598,133,121,0,0.054626387000098475,36,0
2078,v2,hash,False,14,14,3234.1582324894134,231.0113023206724,11935.791162447067,129,132,0,0.6931910889999244,24,8
2078,v3,hash,False,14,14,3445.3687392468128,246.09776708905807,13131.843696234064,125,124,0,0.11743329500006894,24,7
2078,v3_no_probe,hash,False,14,14,3633.3289236960804,259.52349454972006,13946.644618480403,129,129,0,0.1946142399999644,27,7
2078,v3_no_route,hash,False,14,14,3409.7047849042992,243.5503417788785,13038.523924521496,122,122,0,0.3972056339999881,26,7
2078,v3_no_through,hash,False,14,14,3449.6530792272138,246.4037913733724,13128.265396136068,126,124,0,0.1152296650000153,24,7
2078,v3_origin20,hash,False,14,14,3232.3838957550993,230.8845639825071,11956.919478775497,128,131,0,0.15911537300007694,25,8
2078,v3_prior,hash,False,14,14,3441.2962529693386,245.8068752120956,13111.481264846692,125,124,0,0.11885815699997693,24,7
2079,v1,hash,False,10,10,3193.9058899351103,319.390588993511,11354.529449675552,148,133,0,0.01773078999997324,33,0
2079,v2,hash,False,10,10,2972.584510506362,297.2584510506362,10502.92255253181,137,137,0,0.17798791899997468,22,8
2079,v3,hash,False,10,10,2899.9388431748825,289.99388431748827,10334.694215874413,131,128,0,0.08550179799999569,22,7
2079,v3_no_probe,hash,False,10,10,2921.13476535924,292.113476535924,10575.673826796201,126,126,0,0.13750270800005637,21,7
2079,v3_no_route,hash,False,10,10,2925.0554800440045,292.50554800440045,10530.277400220022,129,124,0,0.2824096140000165,23,7
2079,v3_no_through,hash,False,10,10,2901.123396487796,290.1123396487796,10340.61698243898,131,128,0,0.08379497900000388,22,7
2079,v3_origin20,hash,False,10,10,3008.1633214753874,300.81633214753873,10565.816607376937,142,135,0,0.09111442899995836,24,8
2079,v3_prior,hash,False,10,10,2870.617158018046,287.0617158018046,10323.085790090232,126,126,0,0.15762384999993628,21,7
2080,v1,hash,False,16,16,2985.15147725901,186.57196732868812,11365.757386295048,107,97,0,0.05525699099996473,36,0
2080,v2,hash,False,16,16,2910.000625714689,181.87503910716805,10330.003128573444,126,134,0,0.4186206609999772,24,6
2080,v3,hash,False,16,16,3044.499270979431,190.28120443621444,10817.496354897155,133,136,0,0.11997764800003097,23,6
2080,v3_no_probe,hash,False,16,16,3379.64687262783,211.22792953923937,12563.23436313915,131,132,0,0.4036752989999286,24,6
2080,v3_no_route,hash,False,16,16,2877.51837815217,179.84489863451063,10892.59189076085,103,104,0,0.25515549500005363,23,5
2080,v3_no_through,hash,False,16,16,3059.7745207779044,191.23590754861902,10898.872603889522,133,135,0,0.11996411899997383,24,6
2080,v3_origin20,hash,False,16,16,2773.4809494292454,173.34255933932783,9737.404747146227,124,126,0,0.3877587810000023,25,7
2080,v3_prior,hash,False,16,16,3044.499270979431,190.28120443621444,10817.496354897155,133,136,0,0.12278604200002974,23,6
2081,v1,hash,False,14,14,3530.9958623552675,252.21399016823338,13419.979311776337,133,112,0,0.08431086799998866,44,0
2081,v2,hash,False,14,14,3407.2793426003686,243.37709590002632,12966.396713001843,124,124,0,0.33559896899998876,24,8
2081,v3,hash,False,14,14,3211.238008945543,229.3741434961102,11936.190044727715,126,124,0,0.2136950500000694,26,7
2081,v3_no_probe,hash,False,14,14,3281.264840547357,234.37606003909693,12411.324202736785,122,119,0,0.4643618869999955,23,7
2081,v3_no_route,hash,False,14,14,3387.6304151920904,241.9736010851493,12773.152075960452,127,128,0,0.16201118899994071,28,7
2081,v3_no_through,hash,False,14,14,3218.864357625968,229.91888268756912,11924.321788129839,128,124,0,0.2642103290000932,26,7
2081,v3_origin20,hash,False,14,14,3484.2858346226108,248.87755961590076,13371.429173113054,123,125,0,0.15509355599999708,25,8
2081,v3_prior,hash,False,14,14,3227.5337210539765,230.5381229324269,12027.668605269882,126,122,0,0.11808425800006717,25,7
2082,v1,hash,False,10,10,3313.6427016256866,331.3642701625687,12343.213508128434,136,115,0,0.03873401499993179,35,0
2082,v2,hash,False,10,10,3022.7351049640733,302.2735104964073,11018.675524820366,129,124,0,0.16374711200001002,17,8
2082,v3,hash,False,10,10,3120.2126772551633,312.02126772551634,11256.063386275817,137,134,0,0.06854676000000381,20,7
2082,v3_no_probe,hash,False,10,10,3243.931717572125,324.3931717572125,11759.658587860624,140,142,0,0.3356806730000699,19,7
2082,v3_no_route,hash,False,10,10,3414.5518986732145,341.45518986732145,12907.759493366073,131,128,0,0.0981780010000648,20,7
2082,v3_no_through,hash,False,10,10,3117.43875425414,311.743875425414,11242.193771270699,137,134,0,0.0894342990000041,20,7
2082,v3_origin20,hash,False,10,10,3007.4254695900217,300.7425469590022,10887.127347950109,131,125,0,0.16345291800007544,18,8
2082,v3_prior,hash,False,10,10,3116.980160998696,311.6980160998696,11264.900804993482,136,134,0,0.08325550400002157,19,7
2083,v1,hash,False,12,12,3618.4622348050825,301.5385195670902,13767.311174025413,137,120,0,0.04732809000006455,38,0
2083,v2,hash,False,12,12,3300.541720399787,275.0451433666489,12357.708601998937,128,129,0,0.6540600050000194,23,8
2083,v3,hash,False,12,12,3318.7657040464105,276.56380867053423,12643.828520232053,122,120,0,0.10934583499999917,21,7
2083,v3_no_probe,hash,False,12,12,3334.6512598140225,277.8876049845019,12958.256299070114,114,113,0,0.18594149499995183,22,7
2083,v3_no_route,hash,False,12,12,3451.7554578344134,287.6462881528678,13258.777289172067,124,120,0,0.15641959000004135,23,7
2083,v3_no_through,hash,False,12,12,3327.771865941648,277.314322161804,12708.859329708239,121,121,0,0.2356258769999613,22,7
2083,v3_origin20,hash,False,12,12,3326.4485533011157,277.2040461084263,12422.242766505578,130,132,0,0.12586206999992555,24,8
2083,v3_prior,hash,False,12,12,3323.1679219623566,276.9306601635297,12640.839609811783,123,120,0,0.11026681900000312,22,7
2084,v1,hash,False,14,14,3607.244605964024,257.66032899743027,14021.22302982012,125,108,0,0.02859500499994283,39,0
2084,v2,hash,False,14,14,3138.8790007098146,224.2056429078439,11929.395003549072,113,118,0,0.2705876919999355,21,8
2084,v3,hash,False,14,14,3034.0187784616896,216.71562703297784,11340.093892308449,116,116,0,0.11465630899999724,22,7
2084,v3_no_probe,hash,False,14,14,3123.9853595248314,223.14181139463082,11654.926797624157,121,118,0,0.1900658880000492,23,7
2084,v3_no_route,hash,False,14,14,3035.7222860761663,216.83730614829759,11313.611430380832,117,118,0,0.1474333830000205,22,7
2084,v3_no_through,hash,False,14,14,3114.087116703854,222.4347940502753,11715.43558351927,117,116,0,0.2149824749999425,23,7
2084,v3_origin20,hash,False,14,14,2992.0942525694927,213.72101804067805,11030.471262847463,119,121,0,0.2721760819999872,23,8
2084,v3_prior,hash,False,14,14,3040.363852550595,217.1688466107568,11346.819262752975,117,116,0,0.24211366800000178,22,7
2085,v1,hash,False,14,14,3320.2534003005753,237.16095716432682,12611.267001502876,123,113,0,0.029523147000077188,35,0
2085,v2,hash,False,14,14,3253.519518768109,232.3942513405792,12132.597593840545,126,127,0,0.34569119899992984,24,8
2085,v3,hash,False,14,14,3207.093243766325,229.07808884045178,11750.466218831625,131,132,0,0.14165476099992702,24,7
2085,v3_no_probe,hash,False,14,14,3301.140551971185,235.79575371222748,12345.702759855923,127,127,0,0.18955646899996736,23,7
2085,v3_no_route,hash,False,14,14,3184.3746848838687,227.45533463456204,11651.873424419344,130,134,0,0.4692951470000253,25,7
2085,v3_no_through,hash,False,14,14,3206.1529351136815,229.01092393669154,11775.764675568407,130,131,0,0.13601977799999077,23,7
2085,v3_origin20,hash,False,14,14,3223.0748515834543,230.21963225596102,12035.374257917272,124,126,0,0.31928291799999897,24,8
2085,v3_prior,hash,False,14,14,3150.965138884105,225.06893849172178,11524.825694420524,129,131,0,0.12461653800005479,24,7
2086,v1,hash,False,12,12,2955.752824532694,246.3127353777245,10488.76412266347,134,128,0,0.07158544100002473,34,0
2086,v2,hash,False,12,12,2791.4272892084773,232.61894076737312,9922.136446042387,124,127,0,0.2166734099999985,19,8
2086,v3,hash,False,12,12,2970.9566675930064,247.5797222994172,10729.783337965031,127,130,0,0.2070581419999371,22,7
2086,v3_no_probe,hash,False,12,12,3322.5551017373978,276.8795918114498,12557.77550868699,125,126,0,0.1720034960000021,23,7
2086,v3_no_route,hash,False,12,12,2773.0595671132805,231.08829725944005,9920.297835566404,122,119,0,0.32099034800000936,22,7
2086,v3_no_through,hash,False,12,12,3030.554151242199,252.54617927018327,11002.770756210995,128,130,0,0.200476477000052,23,7
2086,v3_origin20,hash,False,12,12,2829.4706410533117,235.789220087776,9957.353205266558,129,133,0,0.11049133500000607,22,8
2086,v3_prior,hash,False,12,12,2995.372549752096,249.614379146008,10851.862748760479,127,130,0,0.09783205899998393,22,7
2087,v1,hash,False,14,14,3529.054675715448,252.07533397967487,13165.27337857724,140,126,0,0.02977120200000627,39,0
2087,v2,hash,False,14,14,3203.7690260429627,228.84064471735448,11253.845130214813,147,148,0,0.3747937930000944,26,8
2087,v3,hash,False,14,14,3160.522570999949,225.75161221428206,11537.612854999745,131,128,0,0.10660481900004015,24,7
2087,v3_no_probe,hash,False,14,14,3315.536811333788,236.82405795241343,12457.68405666894,126,124,0,0.19617770599995765,24,7
2087,v3_no_route,hash,False,14,14,3119.0356489592823,222.78826063994873,11435.17824479641,127,127,0,0.48045084800003224,23,7
2087,v3_no_through,hash,False,14,14,3173.697058783521,226.69264705596578,11543.485293917603,133,130,0,0.1060095300000512,24,7
2087,v3_origin20,hash,False,14,14,3089.818443378837,220.70131738420264,10984.092216894185,137,138,0,0.294434090999971,23,8
2087,v3_prior,hash,False,14,14,3169.799676351375,226.4142625965268,11618.998381756875,130,126,0,0.12083840700006476,24,7
2088,v1,hash,False,11,11,2915.6580015004724,265.05981831822476,10328.290007502363,134,125,0,0.061506187999953,27,0
2088,v2,hash,False,11,11,2865.4074314547565,260.49158467770513,10102.037157273782,132,130,0,0.2033101729999771,19,8
2088,v3,hash,False,11,11,2989.4865787072936,271.7715071552085,10747.432893536468,131,130,0,0.20687855400001354,21,7
2088,v3_no_probe,hash,False,11,11,3009.656116819965,273.60510152908773,10988.280584099824,126,127,0,0.10999448200004736,19,7
2088,v3_no_route,hash,False,11,11,2855.881244332331,259.62556766657553,10324.406221661655,123,121,0,0.13844393400006538,21,7
2088,v3_no_through,hash,False,11,11,2970.972306355124,270.0883914868295,10679.861531775621,130,130,0,0.1868882889999668,20,7
2088,v3_origin20,hash,False,11,11,2790.082821159502,253.643892832682,9760.41410579751,131,128,0,0.09908783200000926,20,8
2088,v3_prior,hash,False,11,11,2952.0588817843754,268.36898925312505,10675.294408921876,127,127,0,0.18397097699994447,19,7
2089,v1,hash,False,16,16,4279.674950305209,267.47968439407555,16598.374751526044,152,120,0,0.059194954000076905,61,0
2089,v2,hash,False,16,16,3574.6112710534003,223.41320444083752,13138.056355267001,144,147,0,0.3354100770000059,26,8
2089,v3,hash,False,16,16,3713.1669374878875,232.07293359299297,14470.834687439437,123,124,0,0.1257092170000078,27,6
2089,v3_no_probe,hash,False,16,16,3718.966147247157,232.43538420294732,14709.830736235786,116,117,0,0.4331552560000773,26,6
2089,v3_no_route,hash,False,16,16,3541.5370445714334,221.3460652857146,13222.685222857168,136,137,0,0.20294749499998943,31,6
2089,v3_no_through,hash,False,16,16,3722.70858582886,232.66928661430376,14488.542929144302,124,125,0,0.14871022199997697,27,6
2089,v3_origin20,hash,False,16,16,3659.2250500411565,228.70156562757228,13146.125250205783,158,160,0,0.3459448149999389,30,8
2089,v3_prior,hash,False,16,16,3767.9336989284902,235.49585618303064,14764.668494642452,122,125,0,0.12696276200006196,27,6
2090,v1,hash,False,13,13,3918.0324758898873,301.3871135299913,14935.162379449437,148,126,0,0.07347236700002213,46,0
2090,v2,hash,False,13,13,3482.5154548893297,267.8858042222561,13077.577274446649,134,132,0,0.32634780000000774,28,8
2090,v3,hash,False,13,13,3292.7240906689394,253.28646851299533,12403.620453344698,125,122,0,0.09986124100009874,28,7
2090,v3_no_probe,hash,False,13,13,3324.0262141980074,255.6943241690775,12690.131070990037,120,121,0,0.38757211400002234,26,7
2090,v3_no_route,hash,False,13,13,3458.2014523503663,266.01549633464356,13281.00726175183,123,122,0,0.14985524200005784,27,7
2090,v3_no_through,hash,False,13,13,3425.8025745710306,263.52327496700235,12944.012872855154,129,127,0,0.10236769899995579,27,7
2090,v3_origin20,hash,False,13,13,3441.487859791395,264.72983536856884,12882.439298956973,134,130,0,0.32422708499996133,27,8
2090,v3_prior,hash,False,13,13,3389.6589255806743,260.7429942754365,12873.294627903371,125,125,0,0.10069547099999454,26,7
2091,v1,hash,False,10,10,3232.752383817772,323.2752383817772,12088.761919088862,129,120,0,0.0676270440000053,30,0
2091,v2,hash,False,10,10,2900.3788310373775,290.0378831037377,10446.894155186888,127,126,0,0.22410614700004317,17,8
2091,v3,hash,False,10,10,2790.7584213587397,279.075842135874,9388.792106793699,144,143,0,0.1975717130000021,19,7
2091,v3_no_probe,hash,False,10,10,2892.303922117867,289.2303922117867,9861.519610589334,145,145,0,0.3051843959999587,18,7
2091,v3_no_route,hash,False,10,10,2744.5955222682032,274.45955222682034,9687.977611341015,127,122,0,0.10004369700004645,20,7
2091,v3_no_through,hash,False,10,10,2792.993677220244,279.2993677220244,9394.96838610122,144,144,0,0.0722454709999738,19,7
2091,v3_origin20,hash,False,10,10,2745.9875498810097,274.59875498810095,9304.93774940505,139,140,0,0.09823639599994749,19,8
2091,v3_prior,hash,False,10,10,2803.3049137731314,280.33049137731314,9476.524568865658,143,143,0,0.1835217029999967,18,7
2092,v1,hash,False,16,16,3915.592388132508,244.72452425828175,15732.96194066254,117,104,0,0.03715576299998702,40,0
2092,v2,hash,False,16,16,3859.696341675383,241.23102135471143,15058.481708376914,128,128,0,0.41104637199998706,28,7
2092,v3,hash,False,16,16,3708.31583811224,231.769739882015,14746.579190561199,113,114,0,0.1598740800000087,28,6
2092,v3_no_probe,hash,False,16,16,3740.255803723126,233.76598773269538,14691.27901861563,120,122,0,0.5379446370000096,28,6
2092,v3_no_route,hash,False,16,16,3589.6990471447125,224.35619044654453,14063.495235723563,116,117,0,0.3144847190000064,27,6
2092,v3_no_through,hash,False,16,16,3720.796895477778,232.54980596736112,14778.98447738889,114,115,0,0.30109152100010306,28,6
2092,v3_origin20,hash,False,16,16,3799.8657547408397,237.49160967130248,14639.3287737042,132,132,0,0.3197196480000457,28,7
2092,v3_prior,hash,False,16,16,3569.3329925252197,223.08331203282623,14156.664962626099,109,113,0,0.14472671399994397,30,6
2093,v1,hash,False,11,11,3089.391189975898,280.8537445432635,11221.955949879492,133,125,0,0.0245084630000747,30,0
2093,v2,hash,False,11,11,3024.883038233495,274.9893671121359,10879.415191167474,132,134,0,0.2692287469999428,20,8
2093,v3,hash,False,11,11,3115.841515727729,283.25831961161174,11634.207578638645,122,124,0,0.12512265099996966,22,7
2093,v3_no_probe,hash,False,11,11,3033.5778801140277,275.7798072830934,11317.889400570139,119,120,0,0.1464517590000014,20,7
2093,v3_no_route,hash,False,11,11,3083.185240300473,280.289567300043,11355.926201502367,126,127,0,0.35881261299994094,25,7
2093,v3_no_through,hash,False,11,11,3119.7445382561214,283.61313984146557,11658.722691280607,122,123,0,0.09769458699997813,22,7
2093,v3_origin20,hash,False,11,11,3020.4008593981557,274.58189630892326,10787.004296990779,135,133,0,0.27284332799990807,22,8
2093,v3_prior,hash,False,11,11,3104.358208484595,282.2143825895086,11606.791042422974,121,123,0,0.12536262399999032,22,7
2094,v1,hash,False,15,15,3126.4441021442008,208.42960680961338,11437.220510721003,128,124,0,0.0370241939999687,33,0
2094,v2,hash,False,15,15,3118.566459665971,207.90443064439805,10837.832298329853,145,151,0,0.3636365070000238,23,8
2094,v3,hash,False,15,15,3092.5068368058314,206.1671224537221,11217.534184029157,129,129,0,0.22445688599998448,26,7
2094,v3_no_probe,hash,False,15,15,3104.6578456357715,206.97718970905143,11508.289228178857,121,123,0,0.31883055599996624,25,7
2094,v3_no_route,hash,False,15,15,3119.7404240773753,207.98269493849168,11813.702120386877,113,117,0,0.19026784499999394,23,7
2094,v3_no_through,hash,False,15,15,3087.7071305332693,205.8471420355513,11228.535652666345,128,127,0,0.2050912539999672,26,7
2094,v3_origin20,hash,False,15,15,3120.0232969929807,208.00155313286538,10810.116484964903,146,153,0,0.16407632099992497,24,8
2094,v3_prior,hash,False,15,15,3018.941761367658,201.2627840911772,11109.70880683829,120,122,0,0.10076462600000013,24,7
2095,v1,hash,False,11,11,3533.6200480650723,321.23818618773385,13318.10024032536,138,125,0,0.02383873099995526,35,0
2095,v2,hash,False,11,11,3317.9120329455322,301.628366631412,12149.560164727662,139,138,0,0.2436328799999501,22,8
2095,v3,hash,False,11,11,3010.514980186079,273.68318001691625,11092.574900930395,123,122,0,0.13261589899991577,22,7
2095,v3_no_probe,hash,False,11,11,3068.6742093675975,278.9703826697816,11418.371046837987,122,120,0,0.3625173560000121,21,7
2095,v3_no_route,hash,False,11,11,3111.3000153440234,282.84545594036575,11396.500076720116,129,132,0,0.1827516729999843,21,7
2095,v3_no_through,hash,False,11,11,3028.0024297896807,275.27294816269824,11090.012148948405,126,125,0,0.09525117500004399,23,7
2095,v3_origin20,hash,False,11,11,3131.1654861709317,284.65140783372107,11235.827430854659,138,139,0,0.2755623770000284,21,8
2095,v3_prior,hash,False,11,11,3028.8601896950686,275.35092633591535,11084.300948475342,126,127,0,0.1918697669999574,22,7
2096,v1,hash,False,16,16,4319.528581622987,269.9705363514367,17067.642908114936,142,116,0,0.06039776099999017,52,0
2096,v2,hash,False,16,16,3429.5599571713024,214.3474973232064,12517.799785856512,141,141,0,0.30071688400005314,27,7
2096,v3,hash,False,16,16,3756.5912327952165,234.78695204970103,14422.956163976083,132,132,0,0.29507587600005536,28,7
2096,v3_no_probe,hash,False,16,16,3431.1826237289306,214.44891398305816,13820.913118644652,98,97,0,0.49467785300009837,24,5
2096,v3_no_route,hash,False,16,16,3694.4574429721943,230.90359018576214,14622.287214860971,115,115,0,0.2732225549999612,27,6
2096,v3_no_through,hash,False,16,16,3787.262973064423,236.70393581652644,14641.314865322116,130,129,0,0.14202870600001916,28,7
2096,v3_origin20,hash,False,16,16,3322.6649262377296,207.6665578898581,12018.324631188647,141,134,0,0.1453358130000879,26,7
2096,v3_prior,hash,False,16,16,3753.1605773775445,234.57253608609653,14465.802886887723,130,130,0,0.2813440019999689,28,7
2097,v1,hash,False,11,11,2955.4476483359213,268.6770589396292,10557.238241679606,134,119,0,0.021736462000035317,31,0
2097,v2,hash,False,11,11,3027.3143479169557,275.2103952651778,10411.571739584779,148,150,0,0.19887694199996986,20,8
2097,v3,hash,False,11,11,2788.553153019146,253.50483209264965,9597.76576509573,136,134,0,0.07986647399991398,18,7
2097,v3_no_probe,hash,False,11,11,2765.3890079141875,251.3990007194716,9481.945039570937,136,134,0,0.24429547800002638,18,7
2097,v3_no_route,hash,False,11,11,2774.1549390572964,252.1959035506633,10165.774695286482,115,111,0,0.21974302099999932,20,7
2097,v3_no_through,hash,False,11,11,2792.415717616475,253.85597432877046,9612.078588082375,136,135,0,0.07282577599994511,19,7
2097,v3_origin20,hash,False,11,11,2934.2762796976544,266.75238906342315,9896.381398488273,150,150,0,0.108663555000021,21,8
2097,v3_prior,hash,False,11,11,2788.553153019146,253.50483209264965,9597.76576509573,136,134,0,0.07823377700003675,18,7
2098,v1,hash,False,11,11,3279.714393249941,298.1558539318128,12273.571966249707,130,120,0,0.024259746000097948,31,0
2098,v2,hash,False,11,11,3003.382771732772,273.034797430252,10901.91385866386,128,128,0,0.2992361560000063,21,8
2098,v3,hash,False,11,11,3017.3024724155994,274.3002247650545,10936.512362077998,129,130,0,0.09579445999997915,21,7
2098,v3_no_probe,hash,False,11,11,3044.5996012082733,276.7817819280248,11192.998006041365,125,126,0,0.3881385270000237,20,7
2098,v3_no_route,hash,False,11,11,2944.0993806260294,267.64539823872997,10530.496903130146,130,133,0,0.4885039890000371,20,7
2098,v3_no_through,hash,False,11,11,3038.7889882136215,276.2535443830565,11038.944941068108,129,131,0,0.11549894099994162,22,7
2098,v3_origin20,hash,False,11,11,2974.8856375789405,270.4441488708128,10669.428187894702,131,131,0,0.1741528909999488,21,8
2098,v3_prior,hash,False,11,11,3020.7754625774655,274.61595114340594,10893.877312887327,131,132,0,0.12228626699993583,23,7
2099,v1,hash,False,13,13,3604.9962490691482,277.30740377454987,13699.981245345742,135,125,0,0.02938190499992288,34,0
2099,v2,hash,False,13,13,3318.956152669447,255.3043194361113,12474.780763347235,126,129,0,0.27133787399998255,21,8
2099,v3,hash,False,13,13,3368.097623041738,259.0844325416722,12585.488115208691,131,131,0,0.11256233699998575,23,7
2099,v3_no_probe,hash,False,13,13,3358.8632374559443,258.3740951889188,12659.31618727972,127,127,0,0.20818737100000817,23,7
2099,v3_no_route,hash,False,13,13,3631.7765685416166,279.3674283493551,14143.882842708083,123,123,0,0.42243001500003174,27,7
2099,v3_no_through,hash,False,13,13,3378.4842603154593,259.88340463965073,12667.421301577297,130,130,0,0.11544372000003023,23,7
2099,v3_origin20,hash,False,13,13,3374.86233872136,259.6047952862585,12409.3116936068,138,138,0,0.3113484119999157,26,8
2099,v3_prior,hash,False,13,13,3363.3554366680532,258.71964897446566,12561.777183340266,131,131,0,0.13191527700007555,23,7
2100,v1,hash,False,16,16,3910.488859958577,244.40555374741106,15367.444299792885,130,107,0,0.03398407899999256,48,0
2100,v2,hash,False,16,16,3672.5540760415406,229.5346297525963,14122.770380207703,128,128,0,0.8241598880000538,29,8
2100,v3,hash,False,16,16,3595.3869493282564,224.71168433301602,13621.934746641282,132,131,0,0.16262420200007455,28,7
2100,v3_no_probe,hash,False,16,16,3679.424600751365,229.9640375469603,13852.123003756824,138,139,0,0.23983760199996595,28,7
2100,v3_no_route,hash,False,16,16,3606.038510207396,225.37740688796225,14305.19255103698,111,110,0,0.27069597299998804,28,7
2100,v3_no_through,hash,False,16,16,3594.5353359364626,224.6584584960289,13592.676679682312,133,131,0,0.3677892850000717,28,7
2100,v3_origin20,hash,False,16,16,3541.7336223559296,221.3583513972456,13623.668111779647,123,122,0,0.15587007700003142,27,8
2100,v3_prior,hash,False,16,16,3592.9806409463067,224.56129005914417,13634.903204731534,131,131,0,0.1762660889999097,28,7
2101,v1,hash,False,12,12,3262.1942583738514,271.84952153115427,11800.971291869257,143,127,0,0.027348531000029652,37,0
2101,v2,hash,False,12,12,3275.3444209321156,272.9453684110096,11631.722104660577,148,149,0,0.29531096499999876,21,8
2101,v3,hash,False,12,12,3208.024146822249,267.3353455685207,11825.120734111244,131,128,0,0.278499719000024,23,7
2101,v3_no_probe,hash,False,12,12,3271.143331942253,272.5952776618544,11960.716659711265,137,134,0,0.4288424979999945,21,7
2101,v3_no_route,hash,False,12,12,3276.1975914160403,273.01646595133667,11805.987957080202,143,140,0,0.16240500600008545,24,7
2101,v3_no_through,hash,False,12,12,3175.3883829950314,264.61569858291926,11576.941914975157,134,130,0,0.20207414899994092,23,7
2101,v3_origin20,hash,False,12,12,3031.2612015110076,252.6051001259173,10501.306007555038,146,141,0,0.10910525300005247,22,8
2101,v3_prior,hash,False,12,12,3191.6566669041886,265.9713889086824,11748.283334520942,131,127,0,0.20684845699997823,23,7
2102,v1,hash,False,10,10,3201.288517394151,320.1288517394151,11766.442586970754,134,128,0,0.021098778999999013,27,0
2102,v2,hash,False,10,10,3261.502408272795,326.1502408272795,11702.512041363974,145,146,0,0.22873474599998644,21,8
2102,v3,hash,False,10,10,3173.019154760863,317.30191547608626,11850.095773804314,126,123,0,0.17634502700002486,23,7
2102,v3_no_probe,hash,False,10,10,3174.6441728672935,317.4644172867294,11933.220864336467,123,123,0,0.3297673009999471,21,7
2102,v3_no_route,hash,False,10,10,3039.47702614875,303.947702614875,11087.38513074375,129,127,0,0.2598457139999937,20,7
2102,v3_no_through,hash,False,10,10,3164.761884090041,316.47618840900407,11833.809420450205,125,123,0,0.16669691100003092,22,7
2102,v3_origin20,hash,False,10,10,3248.2985180798773,324.8298518079877,11666.492590399386,144,145,0,0.22877782599994134,21,8
2102,v3_prior,hash,False,10,10,3148.2772027781384,314.82772027781385,11806.386013890691,123,122,0,0.1728484950000393,21,7
2103,v1,hash,False,13,13,3550.2972657339496,273.0997896718423,13251.48632866975,141,130,0,0.08702661200004513,35,0
2103,v2,hash,False,13,13,3283.3711501076145,252.5670115467396,12061.855750538072,134,136,0,0.6413340980000157,23,8
2103,v3,hash,False,13,13,3398.1540122939437,261.39646248414954,12945.770061469719,124,124,0,0.2550331620000179,24,7
2103,v3_no_probe,hash,False,13,13,3395.7691953974527,261.2130150305733,12963.845976987262,123,123,0,0.4137545670000691,25,7
2103,v3_no_route,hash,False,13,13,3410.8370554264484,262.3720811866499,12759.185277132243,133,129,0,0.43714140800000223,25,7
2103,v3_no_through,hash,False,13,13,3410.5702656585613,262.35155889681243,12947.851328292807,126,126,0,0.2257647179999367,25,7
2103,v3_origin20,hash,False,13,13,3342.459309855626,257.1122546042789,12157.29654927813,141,141,0,0.2987923849999561,28,8
2103,v3_prior,hash,False,13,13,3376.750413215522,259.75003178580937,12903.75206607761,122,121,0,0.3053508350000129,23,7
2104,v1,hash,False,14,14,3532.813367987496,252.34381199910686,13104.066839937479,144,122,0,0.08862267500001053,44,0
2104,v2,hash,False,14,14,3058.7873467430954,218.48481048164967,10523.936733715478,147,149,0,0.6188714119999759,22,8
2104,v3,hash,False,14,14,3223.102049564934,230.22157496892387,12130.51024782467,121,122,0,0.2817465530000618,26,7
2104,v3_no_probe,hash,False,14,14,3070.6604626255644,219.3328901875403,11643.302313127822,112,112,0,0.4064069849999896,24,7
2104,v3_no_route,hash,False,14,14,3107.872584204807,221.99089887177192,11269.362921024036,131,129,0,0.3642095929999414,24,7
2104,v3_no_through,hash,False,14,14,3244.691811985817,231.7637008561298,12158.459059929084,124,123,0,0.2442784769999662,26,7
2104,v3_origin20,hash,False,14,14,3059.7423934831854,218.55302810594182,10573.711967415928,146,145,0,0.28183186399996885,22,8
2104,v3_prior,hash,False,14,14,3233.127227864969,230.93765913321207,12155.636139324844,122,122,0,0.2630819839999958,27,7
2105,v1,hash,False,13,13,3213.9999900397675,247.2307684645975,12114.999950198837,123,111,0,0.07461643200008439,36,0
2105,v2,hash,False,13,13,3167.3795321965235,243.64457939973258,11941.897660982619,119,119,0,0.6797260020000522,24,8
2105,v3,hash,False,13,13,3136.3247774118067,241.25575210860052,11036.623887059033,144,144,0,0.24828616399997827,24,7
2105,v3_no_probe,hash,False,13,13,3242.6684503361803,249.43603464124465,11478.342251680902,147,147,0,0.3917422470000247,23,7
2105,v3_no_route,hash,False,13,13,3089.840316247297,237.68002432671514,11729.201581236484,113,114,0,0.3959521379999842,24,7
2105,v3_no_through,hash,False,13,13,3134.7970679944774,241.1382359995752,11028.985339972387,144,144,0,0.21907412699999895,24,7
2105,v3_origin20,hash,False,13,13,3169.0040565972363,243.76954281517203,11275.020282986181,141,144,0,0.28317175600000155,23,8
2105,v3_prior,hash,False,13,13,3174.450512070965,244.18850092853577,11162.252560354826,146,147,0,0.22587436300000263,24,7
2106,v1,hash,False,11,11,3408.350984920242,309.8500895382038,12621.75492460121,141,124,0,0.062462719999984984,38,0
2106,v2,hash,False,11,11,3111.2145392853163,282.83768538957423,10956.072696426581,144,145,0,0.4545435390000421,22,8
2106,v3,hash,False,11,11,3085.81441909631,280.52858355421,11164.07209548155,133,133,0,0.2574704539999857,24,7
2106,v3_no_probe,hash,False,11,11,3154.4063756564938,286.76421596877213,11712.031878282469,126,127,0,0.40052200300010554,22,7
2106,v3_no_route,hash,False,11,11,3016.220079526677,274.2018254115161,11251.100397633387,119,116,0,0.33564421799997035,23,7
2106,v3_no_through,hash,False,11,11,3087.336501082954,280.6669546439049,11171.68250541477,133,133,0,0.19033273000002282,24,7
2106,v3_origin20,hash,False,11,11,3152.562610697829,286.59660097252987,11042.813053489144,148,149,0,0.25767890999998144,22,8
2106,v3_prior,hash,False,11,11,3073.942992388559,279.4493629444145,11139.714961942796,132,131,0,0.2549745129999792,23,7
2107,v1,hash,False,14,14,3303.3675999031684,235.95482856451204,12471.837999515841,124,119,0,0.029995293000069978,32,0
2107,v2,hash,False,14,14,3282.2668464338212,234.44763188813008,11986.334232169105,135,140,0,0.368819922000057,23,8
2107,v3,hash,False,14,14,2979.033476512045,212.7881054651461,10810.167382560225,125,122,0,0.2709513339999603,23,7
2107,v3_no_probe,hash,False,14,14,3095.2811461575866,221.0915104398276,11391.405730787932,125,122,0,0.39974061099997016,23,7
2107,v3_no_route,hash,False,14,14,3098.6136651991133,221.32954751422238,11203.068325995566,131,133,0,0.37117186499995114,23,7
2107,v3_no_through,hash,False,14,14,2973.6998976172426,212.40713554408876,10823.499488086214,124,119,0,0.1048434870000392,24,7
2107,v3_origin20,hash,False,14,14,2966.121798944142,211.86584278172444,10400.60899472071,136,136,0,0.39901626300002135,23,8
2107,v3_prior,hash,False,14,14,2973.4786286211643,212.39133061579744,10807.39314310582,124,122,0,0.10663475299998026,24,7
2108,v1,hash,False,16,16,3724.642030506074,232.79012690662964,14623.210152530371,124,100,0,0.09840601999997034,46,0
2108,v2,hash,False,16,16,3348.833295551797,209.30208097198732,11909.166477758985,148,147,0,0.3849286720000009,25,8
2108,v3,hash,False,16,16,3242.1484744286254,202.6342796517891,12260.742372143128,118,120,0,0.27961863999996694,28,6
2108,v3_no_probe,hash,False,16,16,3348.1868991015417,209.26168119384636,12800.934495507709,118,118,0,0.44426035000003594,27,6
2108,v3_no_route,hash,False,16,16,3172.007018233833,198.25043863961457,11995.035091169166,116,113,0,0.3597389099999191,27,6
2108,v3_no_through,hash,False,16,16,3237.281727275514,202.33010795471964,12216.408636377571,119,119,0,0.11858708300007947,26,6
2108,v3_origin20,hash,False,16,16,3447.6212727214297,215.47632954508936,12448.106363607149,146,148,0,0.3699304540000412,27,7
2108,v3_prior,hash,False,16,16,3235.2935108055676,202.20584442534798,12261.467554027839,117,118,0,0.2630006649999359,27,6
2109,v1,hash,False,12,12,3395.8537296452696,282.98781080377245,12774.268648226349,132,121,0,0.024697368000033748,31,0
2109,v2,hash,False,12,12,3220.3667967397655,268.3638997283138,11816.833983698827,133,132,0,0.28996529299990925,21,8
2109,v3,hash,False,12,12,3089.751677355473,257.4793064462894,11123.758386777365,134,135,0,0.24725200399996083,24,7
2109,v3_no_probe,hash,False,12,12,3147.6543103510253,262.3045258625854,11603.271551755126,128,127,0,0.3733967110000549,22,7
2109,v3_no_route,hash,False,12,12,3139.253628981679,261.6044690818066,11916.268144908396,116,116,0,0.2593548209999881,23,7
2109,v3_no_through,hash,False,12,12,3115.781415073378,259.6484512561148,11258.90707536689,134,134,0,0.107186836999972,25,7
2109,v3_origin20,hash,False,12,12,3173.076751042093,264.42306258684107,11490.383755210463,136,135,0,0.25382490499998767,23,8
2109,v3_prior,hash,False,12,12,3097.50346587287,258.12528882273915,11247.51732936435,131,133,0,0.22285800499992092,23,7
2110,v1,hash,False,15,15,3774.0477106962367,251.60318071308245,14800.238553481184,125,114,0,0.030686187000014797,38,0
2110,v2,hash,False,15,15,3712.958372815553,247.53055818770355,13784.791864077766,147,146,0,0.439291293999986,26,8
2110,v3,hash,False,15,15,3537.7450383965556,235.84966922643704,13463.725191982778,129,125,0,0.26651186599997345,28,7
2110,v3_no_probe,hash,False,15,15,3718.1772772877566,247.8784851525171,14390.886386438782,128,125,0,0.45290744800001903,26,7
2110,v3_no_route,hash,False,15,15,3192.1037418539177,212.8069161235945,11590.518709269589,133,134,0,0.48270483900000727,25,7
2110,v3_no_through,hash,False,15,15,3537.3598963195923,235.8239930879728,13476.799481597962,128,127,0,0.2237403679999943,27,7
2110,v3_origin20,hash,False,15,15,3272.957880480736,218.19719203204906,11739.78940240368,141,145,0,0.3581703610000204,27,8
2110,v3_prior,hash,False,15,15,3541.511205774919,236.10074705166124,13487.556028874595,129,124,0,0.13304765199995927,27,7
2111,v1,hash,False,16,16,4177.8802211808925,261.1175138238058,16264.401105904462,145,120,0,0.0644266179999704,51,0
2111,v2,hash,False,16,16,3504.8917532850246,219.05573458031404,13114.458766425123,134,132,0,0.5657016760000033,27,7
2111,v3,hash,False,16,16,3638.38023423341,227.39876463958814,14056.90117116705,125,122,0,0.1401073689999066,29,6
2111,v3_no_probe,hash,False,16,16,3665.621260639219,229.1013287899512,14443.106303196097,117,112,0,0.3001962020000519,26,6
2111,v3_no_route,hash,False,16,16,3465.5196369899004,216.59497731186877,13317.598184949502,121,117,0,0.4109577709999712,28,6
2111,v3_no_through,hash,False,16,16,3635.7354905602792,227.23346816001745,14068.677452801396,124,122,0,0.26960434799991617,29,6
2111,v3_origin20,hash,False,16,16,3372.6305336716505,210.78940835447816,12398.152668358252,136,133,0,0.29964387699999406,27,7
2111,v3_prior,hash,False,16,16,3631.8776351669235,226.99235219793272,14029.388175834618,125,121,0,0.13390338700003213,30,6
2112,v1,hash,False,13,13,3199.3902047569063,246.10693882745434,11911.951023784532,127,117,0,0.056715476999897874,35,0
2112,v2,hash,False,13,13,2785.9189007704176,214.30145390541674,10404.594503852088,106,110,0,0.609400595000011,23,8
2112,v3,hash,False,13,13,2820.3513592903623,216.95010456079712,10261.756796451811,117,118,0,0.2884725490000619,24,7
2112,v3_no_probe,hash,False,13,13,2849.657616430358,219.20443203310444,10403.28808215179,117,119,0,0.4162044380000225,22,7
2112,v3_no_route,hash,False,13,13,2908.3004299564154,223.71541768895503,9946.502149782076,142,144,0,0.2289212860000589,23,7
2112,v3_no_through,hash,False,13,13,2822.535374602115,217.11810573862425,10267.676873010576,117,119,0,0.24232538800004022,24,7
2112,v3_origin20,hash,False,13,13,2769.8286789489634,213.06374453453566,10244.143394744817,109,111,0,0.1351985330001071,25,8
2112,v3_prior,hash,False,13,13,2822.9832908496937,217.15256083459184,10249.916454248469,118,118,0,0.13667668699997648,23,7
2113,v1,hash,False,16,16,3461.658848263645,216.3536780164778,12843.294241318225,139,118,0,0.09145978399999422,53,0
2113,v2,hash,False,16,16,3238.839852779357,202.4274907987098,12044.199263896786,125,125,0,0.29689207300009457,24,7
2113,v3,hash,False,16,16,3387.8528548681725,211.74080342926078,12939.264274340863,120,120,0,0.2863076500000261,30,7
2113,v3_no_probe,hash,False,16,16,3356.304167240201,209.76901045251256,12926.520836201005,115,116,0,0.4503206640000599,27,7
2113,v3_no_route,hash,False,16,16,3412.7469461295364,213.29668413309602,12718.734730647682,131,134,0,0.271800944000006,29,6
2113,v3_no_through,hash,False,16,16,3368.9079580667585,210.5567473791724,12824.539790333793,121,119,0,0.29533808799999406,31,7
2113,v3_origin20,hash,False,16,16,3352.5937593823373,209.53710996139608,12687.968796911686,122,125,0,0.2834351590000779,27,7
2113,v3_prior,hash,False,16,16,3351.935568736488,209.4959730460305,12804.67784368244,118,121,0,0.2786001680000254,29,7
2114,v1,hash,False,11,11,3360.375070010559,305.4886427282326,12451.875350052795,138,125,0,0.06867163000003984,32,0
2114,v2,hash,False,11,11,3276.875013682239,297.8977285165672,11684.375068411196,147,150,0,0.2232900909999671,21,8
2114,v3,hash,False,11,11,3173.461564995519,288.49650590868356,11867.307824977595,125,120,0,0.1875073749999956,22,7
2114,v3_no_probe,hash,False,11,11,3158.8592471915863,287.16902247196236,11879.29623595793,122,118,0,0.2973396260000527,21,7
2114,v3_no_route,hash,False,11,11,3166.3352207844787,287.8486564349526,11391.676103922393,139,138,0,0.30894521300001543,22,7
2114,v3_no_through,hash,False,11,11,3175.8914331896417,288.71740301724014,11914.457165948208,124,118,0,0.08393619399998897,22,7
2114,v3_origin20,hash,False,11,11,3165.6341689645706,287.78492445132457,11378.170844822853,139,140,0,0.26116971600004035,19,8
2114,v3_prior,hash,False,11,11,3163.188382448473,287.56258022258845,11790.941912242366,126,120,0,0.1688350020000371,22,7
2115,v1,hash,False,13,13,3254.8091038604443,250.36993106618803,12074.04551930222,131,120,0,0.02872584400006417,33,0
2115,v2,hash,False,13,13,3074.764693513771,236.52036103952085,11013.823467568855,134,137,0,0.27515570799994293,20,8
2115,v3,hash,False,13,13,2902.12357278904,223.24027482992614,10735.6178639452,115,115,0,0.25783817200010617,24,7
2115,v3_no_probe,hash,False,13,13,2943.7640529773225,226.44338869056327,11088.820264886614,110,111,0,0.3968080590000227,22,7
2115,v3_no_route,hash,False,13,13,2952.8339170324016,227.14107054095396,10789.169585162008,122,120,0,0.3401894309999989,24,7
2115,v3_no_through,hash,False,13,13,2890.7498122448715,222.36537017268242,10768.749061224356,112,112,0,0.10150085299994771,22,7
2115,v3_origin20,hash,False,13,13,3058.4283202282923,235.26371694063786,10682.14160114146,143,142,0,0.33592987500003346,24,8
2115,v3_prior,hash,False,13,13,2871.187469246838,220.8605745574491,10695.937346234192,111,112,0,0.11642560400002822,24,7
2116,v1,hash,False,10,10,2968.5090244146854,296.8509024414685,10542.545122073427,137,125,0,0.03949967200003357,30,0
2116,v2,hash,False,10,10,2865.815409287675,286.5815409287675,9799.077046438375,143,141,0,0.20113649800009625,20,8
2116,v3,hash,False,10,10,2637.295619164146,263.7295619164146,9156.47809582073,126,126,0,0.1900759410000319,20,7
2116,v3_no_probe,hash,False,10,10,2654.247238416907,265.4247238416907,9261.236192084534,125,127,0,0.25539309700002377,19,7
2116,v3_no_route,hash,False,10,10,2699.3453918440614,269.93453918440616,9681.726959220307,119,118,0,0.10722526200004268,20,7
2116,v3_no_through,hash,False,10,10,2635.1350909792404,263.51350909792404,9145.675454896202,126,126,0,0.1554242189999968,20,7
2116,v3_origin20,hash,False,10,10,2867.4478822265996,286.74478822265996,9722.239411132998,146,143,0,0.21671078999997917,22,8
2116,v3_prior,hash,False,10,10,2633.603961282484,263.3603961282484,9138.01980641242,126,126,0,0.08115648400007558,20,7
2117,v1,hash,False,11,11,3596.0374544948704,326.91249586317,13485.187272474352,144,124,0,0.06492784400006713,38,0
2117,v2,hash,False,11,11,3291.8613168013303,299.26011970921184,12244.306584006652,132,128,0,0.5262690389999989,22,8
2117,v3,hash,False,11,11,3235.19074950905,294.1082499553682,11830.953747545249,136,134,0,0.20813382100004674,25,7
2117,v3_no_probe,hash,False,11,11,3395.996429946344,308.72694817694037,12724.98214973172,133,131,0,0.20687600100006875,23,7
2117,v3_no_route,hash,False,11,11,3160.7827773924173,287.34388885385613,11678.913886962087,129,125,0,0.23074715799998557,22,7
2117,v3_no_through,hash,False,11,11,3231.4879463415114,293.77163148559197,11837.439731707556,135,134,0,0.09700262700005169,24,7
2117,v3_origin20,hash,False,11,11,3289.848763117106,299.0771602833733,12144.24381558553,135,131,0,0.22910632899993288,23,8
2117,v3_prior,hash,False,11,11,3191.7486643105453,290.15896948277685,11768.743321552727,131,128,0,0.19924234600000545,23,7
2118,v1,hash,False,11,11,3140.7030517039625,285.51845924581477,11433.515258519812,135,124,0,0.02306283699999767,29,0
2118,v2,hash,False,11,11,2818.659754486009,256.2417958623645,9903.298772430046,131,128,0,0.24652845400009937,20,8
2118,v3,hash,False,11,11,2960.5416295028785,269.1401481366253,10677.708147514393,129,125,0,0.17931496700009575,22,7
2118,v3_no_probe,hash,False,11,11,2972.400450688551,270.21822278986826,10852.002253442753,125,122,0,0.31557223499999054,21,7
2118,v3_no_route,hash,False,11,11,3137.714411400543,285.24676467277664,11773.572057002715,122,118,0,0.1230445349999627,25,7
2118,v3_no_through,hash,False,11,11,2965.8801720811625,269.6254701891966,10704.400860405813,129,125,0,0.17836399999998775,23,7
2118,v3_origin20,hash,False,11,11,3058.0708212169634,278.0064382924512,10665.354106084817,145,145,0,0.2919430229999307,23,8
2118,v3_prior,hash,False,11,11,2936.182082776157,266.92564388874155,10650.910413880785,126,121,0,0.08323432299994238,22,7
2119,v1,hash,False,16,16,3725.4137467094906,232.83835916934316,14152.068733547452,139,120,0,0.09402516699992702,45,0
2119,v2,hash,False,16,16,3381.307161742142,211.33169760888387,12366.53580871071,138,138,0,0.35614149900004577,27,7
2119,v3,hash,False,16,16,3321.3420030583775,207.5838751911486,13086.710015291887,105,99,0,0.24363998899991657,26,6
2119,v3_no_probe,hash,False,16,16,3473.444521093724,217.09028256835774,13882.22260546862,103,102,0,0.46967696100000467,26,6
2119,v3_no_route,hash,False,16,16,3216.9255144723265,201.0578446545204,11809.627572361633,129,130,0,0.4500308170000835,27,6
2119,v3_no_through,hash,False,16,16,3338.141390289305,208.63383689308156,13070.706951446526,108,104,0,0.19495038100001238,28,6
2119,v3_origin20,hash,False,16,16,3326.622876055825,207.91392975348907,11948.114380279125,143,142,0,0.3860000239999408,27,7
2119,v3_prior,hash,False,16,16,3303.0858868149785,206.44286792593616,12995.429434074893,105,99,0,0.23657026600005793,26,6
2120,v1,hash,False,16,16,3042.215691685453,190.1384807303408,10946.078458427264,131,118,0,0.09653222600002209,39,0
2120,v2,hash,False,16,16,2923.449957481914,182.71562234261964,10042.249787409572,139,140,0,0.38044407399991087,22,7
2120,v3,hash,False,16,16,2929.9496672498926,183.1218542031183,10899.748336249464,112,110,0,0.29615919299999405,25,6
2120,v3_no_probe,hash,False,16,16,2964.1553040859926,185.25970650537454,11065.776520429963,112,111,0,0.4212912719999622,24,6
2120,v3_no_route,hash,False,16,16,2893.9433334960067,180.87145834350042,10834.716667480034,107,112,0,0.408526064000057,26,5
2120,v3_no_through,hash,False,16,16,2958.1111791436283,184.88194869647677,11055.555895718142,112,107,0,0.16362825500004874,25,6
2120,v3_origin20,hash,False,16,16,3059.9286463594462,191.2455403974654,10659.64323179723,141,143,0,0.3799197319999621,24,6
2120,v3_prior,hash,False,16,16,2942.5131439852566,183.90707149907854,10912.565719926284,114,110,0,0.2738295740000467,24,6
2121,v1,hash,False,11,11,3187.317923208245,289.7561748371132,11426.589616041225,144,127,0,0.03969289499991646,37,0
2121,v2,hash,False,11,11,2944.4200524449707,267.67455022227006,10237.100262224852,141,137,0,0.4959288459999698,24,8
2121,v3,hash,False,11,11,2644.72335128862,240.42939557169274,9553.6167564431,113,114,0,0.08228676199996698,20,7
2121,v3_no_probe,hash,False,11,11,2692.6853879142172,244.7895807194743,9858.426939571085,111,111,0,0.2777300220000143,20,7
2121,v3_no_route,hash,False,11,11,2760.628626939174,250.96623881265216,9648.143134695869,129,131,0,0.20061915599990243,20,7
2121,v3_no_through,hash,False,11,11,2645.8256716834926,240.52960651668116,9559.128358417463,113,114,0,0.10596898500000407,20,7
2121,v3_origin20,hash,False,11,11,2808.151702615537,255.28651841959427,9720.758513077686,135,134,0,0.1297404719999804,21,8
2121,v3_prior,hash,False,11,11,2719.2324993432876,247.20295448575342,9901.162496716439,114,114,0,0.08261666999999306,21,7
2122,v1,hash,False,10,10,2887.414893364182,288.74148933641817,10017.074466820908,139,139,0,0.06880862700006674,23,0
2122,v2,hash,False,10,10,2874.424906502508,287.44249065025076,9552.124532512538,152,154,0,0.262437546000001,19,8
2122,v3,hash,False,10,10,2632.60239391696,263.260239391696,9648.011969584799,109,108,0,0.16174347699995906,19,7
2122,v3_no_probe,hash,False,10,10,2771.4209841850557,277.14209841850555,10197.104920925278,114,112,0,0.33050928499994825,21,7
2122,v3_no_route,hash,False,10,10,3006.785287338035,300.6785287338035,11273.926436690173,117,117,0,0.3028472089999923,18,7
2122,v3_no_through,hash,False,10,10,2638.3257544698404,263.83257544698404,9651.628772349202,110,108,0,0.16898785300008967,19,7
2122,v3_origin20,hash,False,10,10,2771.0804680274396,277.10804680274396,9600.402340137198,133,136,0,0.1615388279999479,17,8
2122,v3_prior,hash,False,10,10,2650.560669976737,265.05606699767367,9687.803349883683,111,108,0,0.08892560800006777,20,7
2123,v1,hash,False,16,16,4219.296146376263,263.70600914851644,17031.480731881315,126,103,0,0.033027863000029356,48,0
2123,v2,hash,False,16,16,3530.259676126921,220.64122975793256,13661.298380634606,120,118,0,0.5384904239999742,24,6
2123,v3,hash,False,16,16,3439.787702081411,214.9867313800882,13668.938510407057,105,101,0,0.11659218500005863,27,5
2123,v3_no_probe,hash,False,16,16,3453.0446105012043,215.81528815632527,13795.22305250602,103,99,0,0.26499373299998297,25,5
2123,v3_no_route,hash,False,16,16,3528.7561072124,220.547256700775,13383.780536062,129,127,0,0.42937113000004956,29,6
2123,v3_no_through,hash,False,16,16,3447.3118611788514,215.4569913236782,13726.559305894256,104,102,0,0.26890747699997064,26,5
2123,v3_origin20,hash,False,16,16,3625.592904837967,226.59955655237295,13927.964524189836,127,125,0,0.3568514260000484,28,8
2123,v3_prior,hash,False,16,16,3408.4229184232263,213.02643240145164,13687.114592116131,99,96,0,0.11217692400009582,25,5
2124,v1,hash,False,12,12,3395.9723457641794,282.9976954803483,12704.861728820897,135,120,0,0.026658328999928926,37,0
2124,v2,hash,False,12,12,3186.1382396481085,265.5115199706757,11565.691198240542,135,138,0,0.3022888550000289,23,8
2124,v3,hash,False,12,12,3057.1487884432468,254.76239903693724,11350.743942216233,122,117,0,0.261031035999963,21,7
2124,v3_no_probe,hash,False,12,12,3080.3110389765257,256.69258658137716,11391.555194882629,124,122,0,0.3319839530000763,22,7
2124,v3_no_route,hash,False,12,12,3283.9395518847746,273.66162932373123,12319.697759423872,127,125,0,0.38764077700000144,24,7
2124,v3_no_through,hash,False,12,12,3072.5122019619585,256.04268349682985,11422.561009809791,122,118,0,0.1320660000000089,22,7
2124,v3_origin20,hash,False,12,12,3234.3984362604365,269.53320302170306,11596.992181302183,142,145,0,0.30302804200005085,23,8
2124,v3_prior,hash,False,12,12,3057.3810812719003,254.78175677265835,11326.905406359501,123,117,0,0.25149207300000853,23,7
2125,v1,hash,False,15,15,3348.12013310818,223.20800887387867,12830.600665540902,120,107,0,0.03793953499996405,40,0
2125,v2,hash,False,15,15,3064.9415566756807,204.32943711171205,10694.707783378402,142,141,0,0.7946949480000285,25,8
2125,v3,hash,False,15,15,3093.917080919787,206.2611387279858,11559.585404598936,118,117,0,0.11087968499998624,23,7
2125,v3_no_probe,hash,False,15,15,3188.690493009276,212.5793662006184,11913.452465046379,122,121,0,0.3965863939999963,24,7
2125,v3_no_route,hash,False,15,15,3007.7968335049636,200.5197889003309,10973.984167524819,123,123,0,0.3788045170000487,24,7
2125,v3_no_through,hash,False,15,15,3130.4569511379095,208.69713007586063,11767.284755689549,117,117,0,0.11459424700001364,24,7
2125,v3_origin20,hash,False,15,15,3004.1973419387186,200.27982279591458,10635.986709693592,133,137,0,0.16214363199992476,25,8
2125,v3_prior,hash,False,15,15,3176.599405824123,211.7732937216082,11817.997029120615,123,123,0,0.12865037500000653,25,7
2126,v1,hash,False,15,15,3469.335811858448,231.28905412389653,13216.679059292239,128,111,0,0.08696384899997156,45,0
2126,v2,hash,False,15,15,3197.3084998006043,213.15389998670696,11196.54249900302,148,143,0,0.2970717869999362,25,8
2126,v3,hash,False,15,15,3108.34329130915,207.22288608727666,11426.71645654575,125,123,0,0.2432043410000233,26,7
2126,v3_no_probe,hash,False,15,15,3056.955543355774,203.79703622371827,11439.77771677887,116,114,0,0.34382210899991605,23,7
2126,v3_no_route,hash,False,15,15,3205.021154963774,213.66807699758493,11815.105774818869,128,127,0,0.371664467999949,24,7
2126,v3_no_through,hash,False,15,15,3091.8282019387398,206.12188012924932,11474.1410096937,121,117,0,0.11423667700000806,23,7
2126,v3_origin20,hash,False,15,15,3148.9756420120298,209.93170946746866,10884.87821006015,150,147,0,0.2865473090000705,25,8
2126,v3_prior,hash,False,15,15,3075.6528626381432,205.04352417587623,11468.264313190717,118,117,0,0.2631170379999048,25,7
2127,v1,hash,False,13,13,3440.859736001242,264.6815181539417,12974.298680006208,132,121,0,0.04440153799998825,38,0
2127,v2,hash,False,13,13,3346.0945083340785,257.39188525646756,12375.472541670391,134,136,0,0.3252028370000062,25,8
2127,v3,hash,False,13,13,3174.7807154071734,244.21390118516717,11748.903577035866,127,125,0,0.27446350200000325,25,7
2127,v3_no_probe,hash,False,13,13,3217.66937631605,247.51302894738848,12058.346881580252,124,121,0,0.42293550600004437,23,7
2127,v3_no_route,hash,False,13,13,3144.0771931395516,241.85209177996552,11785.385965697758,121,117,0,0.2607483780000166,24,7
2127,v3_no_through,hash,False,13,13,3181.246138805716,244.71124144659353,12111.23069402858,116,114,0,0.19998754200003077,24,7
2127,v3_origin20,hash,False,13,13,3336.493074193069,256.6533133994668,12212.465370965345,138,139,0,0.3147975239999141,28,8
2127,v3_prior,hash,False,13,13,3168.5766320106877,243.73666400082215,11742.88316005344,126,125,0,0.24287241999991238,24,7
2128,v1,hash,False,14,14,4017.6414003964906,286.97438574260644,15688.207001982453,140,110,0,0.03525007099995037,54,0
2128,v2,hash,False,14,14,3278.1098979560784,234.15070699686274,12230.549489780393,127,127,0,0.2987849810000398,24,8
2128,v3,hash,False,14,14,3138.939821021011,224.2099872157865,11409.699105105055,131,132,0,0.18418512499999906,24,7
2128,v3_no_probe,hash,False,14,14,3152.561827087385,225.18298764909895,11547.809135436926,129,128,0,0.3844151440000587,23,7
2128,v3_no_route,hash,False,14,14,3206.0055122441254,229.00039373172325,11555.027561220628,138,135,0,0.368195390999972,25,7
2128,v3_no_through,hash,False,14,14,3144.2502630120716,224.58930450086226,11471.251315060357,130,130,0,0.18333054400000037,24,7
2128,v3_origin20,hash,False,14,14,3188.7397409780597,227.7671243555757,11673.6987048903,131,129,0,0.2756945620000124,23,8
2128,v3_prior,hash,False,14,14,3163.7670612447164,225.98336151747975,11568.835306223582,130,130,0,0.15784331500003645,25,7
2129,v1,hash,False,14,14,3006.8941741017206,214.77815529298005,10984.470870508603,124,120,0,0.04680091499994887,32,0
2129,v2,hash,False,14,14,2840.818611085411,202.91561507752934,10129.093055427054,124,125,0,0.6463333699999794,20,8
2129,v3,hash,False,14,14,2830.2709551198436,202.16221107998882,9996.354775599219,128,121,0,0.11412859200004277,23,7
2129,v3_no_probe,hash,False,14,14,2940.97653045058,210.06975217504143,10504.8826522529,129,125,0,0.43772612500004016,22,7
2129,v3_no_route,hash,False,14,14,2839.0439130735476,202.78885093382482,10005.219565367737,128,128,0,0.17986984599997413,24,7
2129,v3_no_through,hash,False,14,14,2853.497664021401,203.82126171581436,10097.488320107004,128,124,0,0.10117252800000642,23,7
2129,v3_origin20,hash,False,14,14,2874.1942758016535,205.29959112868954,10110.971379008268,130,132,0,0.2916740860000573,21,8
2129,v3_prior,hash,False,14,14,2823.8241006946564,201.70172147818974,9929.120503473281,129,123,0,0.22264864199996737,24,7
2130,v1,hash,False,10,10,3012.592740539913,301.2592740539913,10537.963702699564,144,135,0,0.021209355999985746,29,0
2130,v2,hash,False,10,10,2956.6611752298813,295.66611752298815,10243.305876149407,143,143,0,0.1988836939999601,19,8
2130,v3,hash,False,10,10,3093.021724347129,309.3021724347129,11270.108621735644,131,134,0,0.18673530900002788,22,7
2130,v3_no_probe,hash,False,10,10,3033.3312105347145,303.3331210534715,11001.656052673572,130,133,0,0.2791648150000583,21,7
2130,v3_no_route,hash,False,10,10,2985.4344443330056,298.5434444333006,10872.172221665027,127,126,0,0.13157092799997372,21,7
2130,v3_no_through,hash,False,10,10,3095.4654496810463,309.5465449681046,11282.32724840523,131,134,0,0.17734507000000121,22,7
2130,v3_origin20,hash,False,10,10,2923.1745268812692,292.31745268812693,10120.872634406347,141,144,0,0.20276198500005194,19,8
2130,v3_prior,hash,False,10,10,3071.515255470338,307.1515255470338,11227.57627735169,129,131,0,0.06995888500000547,22,7
2131,v1,hash,False,12,12,3573.1106375549184,297.7592197962432,13665.553187774593,133,115,0,0.0507173309999871,38,0
2131,v2,hash,False,12,12,3486.695058507437,290.5579215422864,13008.475292537185,138,135,0,0.6101119219999873,23,8
2131,v3,hash,False,12,12,3329.3597371547476,277.44664476289563,12981.798685773738,113,108,0,0.10143231099993955,27,7
2131,v3_no_probe,hash,False,12,12,3273.940484083978,272.8283736736648,12824.70242041989,109,104,0,0.37739093000004686,23,7
2131,v3_no_route,hash,False,12,12,3181.2911154453877,265.10759295378233,11976.45557722694,122,116,0,0.14194116700002724,21,7
2131,v3_no_through,hash,False,12,12,3324.1027908557808,277.0085659046484,12980.513954278904,112,108,0,0.09579065499997341,26,7
2131,v3_origin20,hash,False,12,12,3389.031224026849,282.41926866890407,12470.156120134245,140,135,0,0.2587056429999848,24,8
2131,v3_prior,hash,False,12,12,3306.029930380938,275.5024941984115,12920.14965190469,111,107,0,0.19202135500006534,26,7
2132,v1,hash,False,16,16,3161.6433181040775,197.60270738150484,11973.216590520387,117,102,0,0.03704391099995519,44,0
2132,v2,hash,False,16,16,2902.168734379501,181.38554589871882,10660.843671897506,114,120,0,0.3991016639999998,24,7
2132,v3,hash,False,16,16,2814.2801242209093,175.89250776380683,10046.400621104547,121,120,0,0.2988430380000864,25,6
2132,v3_no_probe,hash,False,16,16,2860.585449863499,178.7865906164687,10387.927249317494,117,118,0,0.4345592189999934,25,6
2132,v3_no_route,hash,False,16,16,2920.201473909704,182.5125921193565,10386.007369548519,127,128,0,0.46899480999991283,24,5
2132,v3_no_through,hash,False,16,16,2860.300249702154,178.76876560638462,10266.501248510769,121,122,0,0.11844750900002055,26,6
2132,v3_origin20,hash,False,16,16,2881.8604936736247,180.11628085460154,10124.302468368123,129,132,0,0.2967181270000765,23,7
2132,v3_prior,hash,False,16,16,2814.2801242209093,175.89250776380683,10046.400621104547,121,120,0,0.27173538099998495,25,6
2133,v1,hash,False,15,15,3939.4169689001965,262.62779792667976,15692.084844500981,124,106,0,0.053316108999979406,45,0
2133,v2,hash,False,15,15,3661.702302998311,244.11348686655407,13228.511514991555,156,161,0,0.38626420700006747,23,8
2133,v3,hash,False,15,15,3239.608214592275,215.97388097281834,12253.041072961376,119,119,0,0.2666309569999612,23,7
2133,v3_no_probe,hash,False,15,15,3245.376067771944,216.3584045181296,12286.880338859719,119,118,0,0.4322806469999705,23,7
2133,v3_no_route,hash,False,15,15,3390.0113873308537,226.00075915539026,12955.056936654268,120,124,0,0.5267144609999832,25,7
2133,v3_no_through,hash,False,15,15,3250.354227753035,216.69028185020233,12281.771138765176,120,119,0,0.11332881499993164,23,7
2133,v3_origin20,hash,False,15,15,3234.703572447178,215.64690482981186,12063.51786223589,124,127,0,0.297273926999992,24,8
2133,v3_prior,hash,False,15,15,3253.332259124576,216.88881727497173,12241.66129562288,122,120,0,0.3105854499999623,24,7
2134,v1,hash,False,12,12,3575.021647371047,297.9184706142539,13240.108236855236,148,127,0,0.021532254000021567,42,0
2134,v2,hash,False,12,12,3092.056238191569,257.67135318263075,10735.281190957845,147,150,0,0.3011800240000184,23,8
2134,v3,hash,False,12,12,3170.78337911917,264.23194825993085,11748.91689559585,128,121,0,0.19908939499998723,26,7
2134,v3_no_probe,hash,False,12,12,3199.4767691552543,266.6230640962712,12012.383845776272,124,117,0,0.19228883899995708,24,7
2134,v3_no_route,hash,False,12,12,3143.012318393783,261.9176931994819,11765.061591968915,123,115,0,0.3008533359999319,25,7
2134,v3_no_through,hash,False,12,12,3174.9040655277104,264.57533879397585,11769.520327638553,128,121,0,0.18711601400002564,26,7
2134,v3_origin20,hash,False,12,12,3156.6427902838177,263.0535658569848,10788.213951419088,156,159,0,0.31726155199999084,25,8
2134,v3_prior,hash,False,12,12,3165.87482710746,263.822902258955,11749.3741355373,127,121,0,0.09462226000005103,25,7
2135,v1,hash,False,15,15,3817.206690455868,254.4804460303912,15011.03345227934,126,110,0,0.07445581000001766,40,0
2135,v2,hash,False,15,15,3279.89318144118,218.659545429412,12494.4659072059,118,116,0,0.7109342300000208,26,8
2135,v3,hash,False,15,15,3413.5239174670583,227.56826116447056,12807.619587335292,129,132,0,0.13258670200002598,27,7
2135,v3_no_probe,hash,False,15,15,3406.4847441550505,227.09898294367002,12932.423720775252,123,130,0,0.4185902409999471,24,7
2135,v3_no_route,hash,False,15,15,3510.8254695962646,234.05503130641765,13514.127347981323,122,123,0,0.20027948200004175,25,7
2135,v3_no_through,hash,False,15,15,3412.8243114655893,227.5216207643726,12829.121557327946,128,132,0,0.1485592370000859,28,7
2135,v3_origin20,hash,False,15,15,3330.793513792065,222.052900919471,12743.967568960325,118,117,0,0.3746751269999322,26,8
2135,v3_prior,hash,False,15,15,3373.9063675249345,224.92709116832896,12759.531837624672,124,127,0,0.256166635999989,26,7
2136,v1,hash,False,16,16,3553.841538431771,222.11509615198568,13974.207692158854,117,94,0,0.03729466099991896,46,0
2136,v2,hash,False,16,16,3531.766060076672,220.735378754792,13688.83030038336,119,119,0,0.41409503800002767,27,7
2136,v3,hash,False,16,16,3302.953550578289,206.43459691114307,13034.767752891446,103,101,0,0.24206142399998498,26,6
2136,v3_no_probe,hash,False,16,16,3479.622133702073,217.47638335637956,13833.110668510364,106,103,0,0.41033297499996024,27,6
2136,v3_no_route,hash,False,16,16,3320.550252209925,207.5343907631203,12722.751261049625,116,116,0,0.3017817690000584,27,7
2136,v3_no_through,hash,False,16,16,3302.064696437784,206.3790435273615,13030.32348218892,103,101,0,0.12844756800006962,27,6
2136,v3_origin20,hash,False,16,16,3462.8241614994618,216.42651009371636,13229.12080749731,123,122,0,0.3665755590000117,27,7
2136,v3_prior,hash,False,16,16,3443.9535769574495,215.2470985598406,13699.767884787248,104,104,0,0.23007631399991624,26,6
2137,v1,hash,False,13,13,3359.931809398338,258.4562930306414,12674.65904699169,128,120,0,0.03165586000000076,31,0
2137,v2,hash,False,13,13,3054.794455602931,234.98418889253315,10708.972278014655,141,143,0,0.5948073890000387,21,8
2137,v3,hash,False,13,13,3020.4560218954,232.3427709150308,11012.280109477,125,128,0,0.10957218900000498,21,7
2137,v3_no_probe,hash,False,13,13,3071.767608282145,236.28981602170344,11453.838041410725,119,121,0,0.1921832230000291,22,7
2137,v3_no_route,hash,False,13,13,3100.6900197291407,238.51461690224158,11303.450098645704,129,130,0,0.34563742899990757,20,7
2137,v3_no_through,hash,False,13,13,3025.4918760690193,232.7301443130015,11007.459380345097,126,129,0,0.10132402200008528,22,7
2137,v3_origin20,hash,False,13,13,3079.776538254019,236.90588755800147,10493.882691270097,152,156,0,0.31120407700007036,24,8
2137,v3_prior,hash,False,13,13,3006.246059387683,231.24969687597562,11061.230296938416,121,124,0,0.20342194400006974,21,7
2138,v1,hash,False,15,15,3510.5110656997067,234.0340710466471,13387.555328498533,127,123,0,0.03326844599996548,30,0
2138,v2,hash,False,15,15,3370.7755775946152,224.718371839641,12348.877887973076,137,141,0,0.3488056570000708,23,8
2138,v3,hash,False,15,15,3368.6671511298914,224.57781007532608,12493.335755649457,132,135,0,0.285666282999955,27,7
2138,v3_no_probe,hash,False,15,15,3313.8502946035774,220.92335297357184,12414.251473017886,126,126,0,0.4968221489999678,26,7
2138,v3_no_route,hash,False,15,15,3261.066552072865,217.40443680485765,12320.332760364325,120,122,0,0.4302964340000699,26,7
2138,v3_no_through,hash,False,15,15,3380.848295049547,225.38988633663647,12504.241475247734,134,135,0,0.1351028450000058,28,7
2138,v3_origin20,hash,False,15,15,3517.2434435110004,234.4828962340667,12681.217217555002,150,156,0,0.4075301169999648,27,8
2138,v3_prior,hash,False,15,15,3391.167541951899,226.0778361301266,12540.837709759495,134,138,0,0.16834584699995503,27,7
2139,v1,hash,False,12,12,3294.1699749043028,274.51416457535856,12315.849874521513,130,121,0,0.08482997100009015,31,0
2139,v2,hash,False,12,12,3280.3737459661124,273.36447883050937,12171.868729830563,131,131,0,0.7105565310000657,24,8
2139,v3,hash,False,12,12,3312.9197017695324,276.0766418141277,12734.598508847663,118,116,0,0.23292959700006577,22,7
2139,v3_no_probe,hash,False,12,12,3357.416760544329,279.78473004536073,13002.083802721645,117,112,0,0.4057867999999871,23,7
2139,v3_no_route,hash,False,12,12,3043.4192741873007,253.61827284894173,11392.096370936504,118,115,0,0.1496476460000622,21,7
2139,v3_no_through,hash,False,12,12,3317.7758917099727,276.4813243091644,12783.879458549864,117,116,0,0.23631509300003017,22,7
2139,v3_origin20,hash,False,12,12,3271.436297835344,272.61969148627867,12077.181489176719,133,131,0,0.1207463870000538,24,8
2139,v3_prior,hash,False,12,12,3331.293261933975,277.60777182783124,12821.466309669875,118,117,0,0.11203815099997882,22,7
2140,v1,hash,False,14,14,3422.1311233370416,244.43793738121727,13115.655616685208,124,109,0,0.02841506400000071,36,0
2140,v2,hash,False,14,14,3061.538830795016,218.68134505678685,11302.69415397508,122,121,0,0.30701754799997616,23,8
2140,v3,hash,False,14,14,3005.4879745457606,214.67771246755433,11202.439872728803,116,115,0,0.24185821800006124,23,7
2140,v3_no_probe,hash,False,14,14,3023.2824220433567,215.94874443166833,11531.412110216783,108,107,0,0.3892586779999192,23,7
2140,v3_no_route,hash,False,14,14,3072.0748093713196,219.43391495509425,11220.374046856597,127,123,0,0.3015361960000291,26,7
2140,v3_no_through,hash,False,14,14,2991.0440311927687,213.6460022280549,11215.220155963843,113,113,0,0.10208177699996668,23,7
2140,v3_origin20,hash,False,14,14,3042.9869911031988,217.35621365022848,11114.934955515993,125,125,0,0.28690583100001277,24,8
2140,v3_prior,hash,False,14,14,3007.5979187854946,214.82842277039248,11212.989593927472,116,115,0,0.2280574760000036,23,7
2141,v1,hash,False,16,16,3539.809098609791,221.23806866311193,13669.045493048954,124,106,0,0.05512852499998644,43,0
2141,v2,hash,False,16,16,3146.137328603405,196.6335830377128,11300.686643017025,133,141,0,0.34153374899995015,26,7
2141,v3,hash,False,16,16,3089.912658003479,193.11954112521744,11529.563290017395,117,119,0,0.2718741599999248,27,6
2141,v3_no_probe,hash,False,16,16,3071.5155268174067,191.96972042608792,11662.577634087032,109,114,0,0.361669513000038,24,6
2141,v3_no_route,hash,False,16,16,3294.7968425938207,205.9248026621138,12208.984212969102,129,128,0,0.17915733300003467,28,7
2141,v3_no_through,hash,False,16,16,3103.507781460755,193.96923634129718,11477.538907303775,121,123,0,0.2545473500000526,29,6
2141,v3_origin20,hash,False,16,16,3063.8868733808235,191.49292958630147,11039.434366904117,128,136,0,0.33092617099998733,24,7
2141,v3_prior,hash,False,16,16,3084.1320141921046,192.75825088700654,11500.660070960523,117,119,0,0.2863148190000402,28,6
2142,v1,hash,False,14,14,3757.6044761528133,268.400319725201,14368.022380764067,138,124,0,0.035595772000078796,40,0
2142,v2,hash,False,14,14,3411.067838099581,243.64770272139864,12435.339190497905,142,144,0,0.4448912340000106,24,8
2142,v3,hash,False,14,14,3230.4395045050874,230.74567889322051,11962.197522525437,129,123,0,0.21079545300005975,25,7
2142,v3_no_probe,hash,False,14,14,3294.9687082613004,235.35490773295004,12399.843541306502,125,120,0,0.40659522999999353,27,7
2142,v3_no_route,hash,False,14,14,3174.194274636272,226.72816247401943,11930.971373181359,119,123,0,0.35148047899997437,25,7
2142,v3_no_through,hash,False,14,14,3232.098196488399,230.8641568920285,11970.490982441996,129,123,0,0.20901477399991109,25,7
2142,v3_origin20,hash,False,14,14,3268.7427476386933,233.48162483133524,11793.713738193466,139,145,0,0.30371844299997974,24,8
2142,v3_prior,hash,False,14,14,3215.802039264134,229.70014566172384,11979.010196320669,126,120,0,0.1021209870000348,24,7
2143,v1,hash,False,14,14,3395.9425601135927,242.5673257223995,12829.712800567964,129,115,0,0.06258577699998114,36,0
2143,v2,hash,False,14,14,3250.592100566155,232.18515004043962,11847.960502830774,135,136,0,0.6726473659999783,24,8
2143,v3,hash,False,14,14,3164.8707317631674,226.06219512594052,11804.353658815837,123,119,0,0.10975912799995058,26,7
2143,v3_no_probe,hash,False,14,14,3261.196351940116,232.94259656715116,12435.98175970058,118,114,0,0.35453079900003104,25,7
2143,v3_no_route,hash,False,14,14,3238.650079502661,231.33214853590434,12168.250397513304,123,120,0,0.19524657199997364,25,7
2143,v3_no_through,hash,False,14,14,3163.3416658292836,225.9529761306631,11796.708329146419,123,119,0,0.10199714999998832,25,7
2143,v3_origin20,hash,False,14,14,3263.4888628597264,233.10634734712332,11442.444314298631,151,150,0,0.3582745960000011,26,8
2143,v3_prior,hash,False,14,14,3221.568048475124,230.11200346250888,12052.840242375622,124,121,0,0.2609063979999746,27,7
2144,v1,hash,False,14,14,3464.183232393372,247.4416594566694,13570.91616196686,115,105,0,0.06071987400002854,39,0
2144,v2,hash,False,14,14,3244.904448584841,231.77888918463148,11899.522242924204,132,135,0,0.36410460299998704,24,8
2144,v3,hash,False,14,14,3369.2775492620312,240.6626820901451,12786.387746310156,124,122,0,0.28847308000001703,24,7
2144,v3_no_probe,hash,False,14,14,3263.030232663624,233.0735880474017,12465.151163318118,117,115,0,0.3869076859999723,22,7
2144,v3_no_route,hash,False,14,14,3234.7073712858314,231.05052652041653,12378.536856429157,115,114,0,0.4713719439999977,21,7
2144,v3_no_through,hash,False,14,14,3368.9864005029203,240.6418857502086,12774.9320025146,124,124,0,0.15611850199991295,24,7
2144,v3_origin20,hash,False,14,14,3238.585187286617,231.3275133776155,11652.925936433085,139,143,0,0.41580050400000346,24,8
2144,v3_prior,hash,False,14,14,3351.87726106046,239.41980436146144,12754.3863053023,122,121,0,0.13153778199989574,23,7
2145,v1,hash,False,12,12,3121.6642720009213,260.1386893334101,11423.321360004606,133,112,0,0.07220535700002984,38,0
2145,v2,hash,False,12,12,2944.4588621090634,245.37157184242196,10357.294310545316,136,133,0,0.48701861500001087,21,8
2145,v3,hash,False,12,12,2819.7566578392098,234.97972148660082,10018.783289196048,126,126,0,0.09226833999991868,22,7
2145,v3_no_probe,hash,False,12,12,2957.0039564237486,246.41699636864573,10665.019782118743,128,124,0,0.2736548599999651,24,7
2145,v3_no_route,hash,False,12,12,2868.376171096894,239.0313475914078,10356.880855484469,123,122,0,0.3081400539999777,22,7
2145,v3_no_through,hash,False,12,12,2823.298286172721,235.27485718106007,10066.491430863605,125,125,0,0.19343852999998035,22,7
2145,v3_origin20,hash,False,12,12,2916.2037186422895,243.01697655352413,10251.018593211447,135,131,0,0.24968960100000004,21,8
2145,v3_prior,hash,False,12,12,2825.4545394726147,235.45454495605122,9997.272697363072,128,126,0,0.09966516599990882,23,7
2146,v1,hash,False,15,15,3551.324198672555,236.75494657817035,13671.620993362776,126,112,0,0.0314890680000417,39,0
2146,v2,hash,False,15,15,3206.295142064069,213.7530094709379,11451.475710320345,140,141,0,0.7239114060000702,24,8
2146,v3,hash,False,15,15,3266.6137386202977,217.77424924135317,12003.068693101488,131,136,0,0.26060619000008955,25,7
2146,v3_no_probe,hash,False,15,15,3266.1925957855005,217.74617305236671,11880.962978927502,135,140,0,0.25564690700002757,24,7
2146,v3_no_route,hash,False,15,15,3166.67007620518,211.11133841367868,11738.3503810259,124,124,0,0.3461420830000179,22,7
2146,v3_no_through,hash,False,15,15,3262.1347704223344,217.47565136148896,11950.673852111673,132,137,0,0.11496506599996792,25,7
2146,v3_origin20,hash,False,15,15,3141.7253543479314,209.44835695652876,11038.626771739657,143,144,0,0.36697733099993,26,8
2146,v3_prior,hash,False,15,15,3266.6137386202977,217.77424924135317,12003.068693101488,131,136,0,0.24579003700000612,25,7
2147,v1,hash,False,12,12,3531.829560325425,294.3191300271188,13094.147801627125,145,128,0,0.025565728000060517,37,0
2147,v2,hash,False,12,12,3272.5529900427964,272.71274917023305,12107.764950213981,132,131,0,0.2852239210000107,22,8
2147,v3,hash,False,12,12,3288.6912854509637,274.05760712091364,12643.456427254818,117,115,0,0.1897959619999483,22,7
2147,v3_no_probe,hash,False,12,12,3364.3623566559936,280.3635297213328,13041.811783279967,116,116,0,0.1716937810000445,21,7
2147,v3_no_route,hash,False,12,12,3282.125946278875,273.51049552323957,12360.629731394374,125,125,0,0.2989102389999516,22,7
2147,v3_no_through,hash,False,12,12,3292.2091915925257,274.3507659660438,12631.04595796263,118,116,0,0.18394350000005488,23,7
2147,v3_origin20,hash,False,12,12,3374.3137248415924,281.192810403466,12376.568624207963,140,139,0,0.23825946900001327,22,8
2147,v3_prior,hash,False,12,12,3293.272222423887,274.43935186865724,12631.361112119435,118,117,0,0.09483408999994936,22,7
2148,v1,hash,False,12,12,3363.198386479395,280.26653220661626,12350.991932396975,141,128,0,0.08438923699998213,35,0
2148,v2,hash,False,12,12,3037.188689227722,253.09905743564352,10260.94344613861,154,155,0,0.3099439299999176,23,8
2148,v3,hash,False,12,12,2994.429479732084,249.53578997767366,11262.14739866042,114,112,0,0.182779040000014,22,7
2148,v3_no_probe,hash,False,12,12,3043.0486992460455,253.58739160383712,11525.243496230227,113,113,0,0.29453004100003,24,7
2148,v3_no_route,hash,False,12,12,3015.9020720237922,251.32517266864934,10789.51036011896,134,128,0,0.2597949979999612,24,7
2148,v3_no_through,hash,False,12,12,2979.4199043613435,248.28499203011197,11212.099521806716,113,112,0,0.1701879759999656,22,7
2148,v3_origin20,hash,False,12,12,3004.5004517999237,250.37503764999363,10627.502258999619,137,134,0,0.1905207080000082,20,8
2148,v3_prior,hash,False,12,12,2975.0076758468067,247.91730632056723,11200.038379234033,113,110,0,0.08758272400007172,22,7
2149,v1,hash,False,11,11,3141.0049212919475,285.5459019356316,11180.024606459738,145,125,0,0.06636368199997378,36,0
2149,v2,hash,False,11,11,2931.1984268199544,266.4725842563595,10035.992134099772,145,144,0,0.43301526499999454,20,8
2149,v3,hash,False,11,11,2889.364791889218,262.66952653538345,10521.82395944609,122,120,0,0.09367576899990127,21,7
2149,v3_no_probe,hash,False,11,11,2927.609491328351,266.14631739348647,10863.047456641754,117,115,0,0.33193148299994846,21,7
2149,v3_no_route,hash,False,11,11,2870.6835830483424,260.9712348225766,10238.417915241711,128,128,0,0.13756406300001345,21,7
2149,v3_no_through,hash,False,11,11,2885.67683292067,262.33425753824275,10493.38416460335,122,122,0,0.0850236969999969,19,7
2149,v3_origin20,hash,False,11,11,2923.3444542248553,265.7585867477141,9941.722271124278,147,145,0,0.2695058900000049,21,8
2149,v3_prior,hash,False,11,11,2882.3772677090583,262.03429706445985,10541.886338545291,120,119,0,0.15508942299993578,20,7
2150,v1,hash,False,11,11,3166.321719347302,287.8474290315729,11411.60859673651,140,129,0,0.02427192400000422,30,0
2150,v2,hash,False,11,11,2899.2284874003076,263.5662261273007,10206.142437001537,133,138,0,0.2168939659999296,20,8
2150,v3,hash,False,11,11,2930.488993718521,266.4080903380474,10232.444968592607,138,139,0,0.21452990399995997,21,7
2150,v3_no_probe,hash,False,11,11,2922.4070317441874,265.6733665221989,10492.035158720937,128,129,0,0.4424075819999871,22,7
2150,v3_no_route,hash,False,11,11,2882.630557712845,262.05732342844044,10693.152788564224,115,114,0,0.14742373000001407,21,7
2150,v3_no_through,hash,False,11,11,2873.410576315844,261.2191433014404,10272.05288157922,128,124,0,0.180728512000087,20,7
2150,v3_origin20,hash,False,11,11,2827.3362544735287,257.0305685885026,9896.681272367643,132,133,0,0.2596905100000413,21,8
2150,v3_prior,hash,False,11,11,2908.7981690600436,264.4361971872767,10213.990845300217,135,136,0,0.21276348599997164,20,7
2151,v1,hash,False,14,14,3269.8447240635533,233.56033743311096,12174.223620317765,128,125,0,0.0354192370000419,31,0
2151,v2,hash,False,14,14,3274.4621676967845,233.8901548354846,11892.310838483923,137,141,0,0.39186527899994417,24,8
2151,v3,hash,False,14,14,3070.6973809031283,219.3355272073663,11708.486904515641,110,109,0,0.20192890999999236,26,7
2151,v3_no_probe,hash,False,14,14,3076.2579878848883,219.73271342034917,11641.289939424441,113,113,0,0.3871945670000514,25,7
2151,v3_no_route,hash,False,14,14,3062.033541778836,218.71668155563114,11095.16770889418,129,128,0,0.3872755550000875,25,7
2151,v3_no_through,hash,False,14,14,3098.042016295191,221.2887154496565,11730.210081475954,114,112,0,0.0998295079999707,26,7
2151,v3_origin20,hash,False,14,14,3251.1829786625217,232.22735561875155,11655.914893312609,141,145,0,0.31499664499995106,23,8
2151,v3_prior,hash,False,14,14,3055.730163664392,218.26644026174228,11603.65081832196,111,110,0,0.21063089300002957,26,7
2152,v1,hash,False,13,13,3441.9245436558494,264.76342643506536,12619.622718279248,145,128,0,0.05308727199997065,39,0
2152,v2,hash,False,13,13,2994.698926242022,230.36145586477093,10218.494631210111,148,146,0,0.2503506479999942,24,8
2152,v3,hash,False,13,13,3040.155434140161,233.85811031847393,10680.777170700805,140,139,0,0.2322878169999285,24,7
2152,v3_no_probe,hash,False,13,13,3128.251254592745,240.63471189174965,11206.256272963727,137,137,0,0.5357980109999971,24,7
2152,v3_no_route,hash,False,13,13,2854.934659508538,219.6103584237337,10689.673297542691,109,107,0,0.2918600070000821,22,7
2152,v3_no_through,hash,False,13,13,3016.9443697413635,232.07264382625874,10699.721848706818,135,137,0,0.14180838600009338,22,7
2152,v3_origin20,hash,False,13,13,3070.4425263197677,236.18788663998214,10787.212631598839,141,143,0,0.24202113199999076,22,8
2152,v3_prior,hash,False,13,13,3026.1677477198305,232.78213443998695,10675.838738599152,138,136,0,0.2269522850000385,23,7
2153,v1,hash,False,10,10,3056.574977817537,305.6574977817537,10897.874889087685,141,122,0,0.030228633999968224,34,0
2153,v2,hash,False,10,10,2926.563706338885,292.6563706338885,9927.818531694424,148,151,0,0.279151703000025,18,8
2153,v3,hash,False,10,10,2770.0257219194955,277.0025721919495,9920.128609597477,123,121,0,0.12961407099999178,18,7
2153,v3_no_probe,hash,False,10,10,2776.2938241477323,277.6293824147732,10036.469120738662,120,119,0,0.2607327249999116,18,7
2153,v3_no_route,hash,False,10,10,2847.09945722073,284.70994572207303,10265.497286103651,124,124,0,0.2355977280000161,19,7
2153,v3_no_through,hash,False,10,10,2773.4206630707345,277.3420663070734,9937.103315353672,123,121,0,0.05446925100000044,18,7
2153,v3_origin20,hash,False,10,10,2843.304478100275,284.3304478100275,9591.522390501375,146,145,0,0.20874427800004014,19,8
2153,v3_prior,hash,False,10,10,2773.2367510247796,277.323675102478,9936.183755123899,123,121,0,0.13990836000004947,18,7
2154,v1,hash,False,11,11,2876.534337248253,261.503121568023,10357.671686241265,127,115,0,0.04955472799997551,33,0
2154,v2,hash,False,11,11,2622.6083328150935,238.41893934682668,8743.041664075468,136,139,0,0.546637366999903,21,8
2154,v3,hash,False,11,11,2691.8251040620844,244.71137309655313,9669.125520310421,118,113,0,0.06527084399999694,18,7
2154,v3_no_probe,hash,False,11,11,2894.6219393662673,263.14744903329705,10638.109696831336,119,117,0,0.29274856299991825,19,7
2154,v3_no_route,hash,False,11,11,2845.9029047551903,258.71844588683547,9739.514523775952,141,138,0,0.19410233099995367,21,7
2154,v3_no_through,hash,False,11,11,2703.890773709787,245.80825215543518,9694.453868548935,119,115,0,0.07885020000003351,18,7
2154,v3_origin20,hash,False,11,11,2616.8417042197366,237.89470038361242,8744.208521098682,135,138,0,0.27482338299989806,20,8
2154,v3_prior,hash,False,11,11,2746.6799890729844,249.69818082481677,9608.399945364921,129,125,0,0.16492397499996514,21,7
2155,v1,hash,False,15,15,3923.3526860209595,261.55684573473064,15501.763430104796,130,98,0,0.08158345800006828,56,0
2155,v2,hash,False,15,15,3428.3401748811143,228.55601165874094,13101.700874405571,122,123,0,0.29842624000002616,26,8
2155,v3,hash,False,15,15,3368.70088730659,224.58005915377268,12348.50443653295,138,134,0,0.2248708209999677,25,7
2155,v3_no_probe,hash,False,15,15,3288.276575619925,219.21843837466167,12501.382878099625,119,118,0,0.3373803439999392,23,7
2155,v3_no_route,hash,False,15,15,3222.8247434364434,214.8549828957629,12039.123717182218,124,120,0,0.3021870029999718,24,7
2155,v3_no_through,hash,False,15,15,3380.1104096562717,225.34069397708478,12410.552048281359,138,133,0,0.20516116400006013,26,7
2155,v3_origin20,hash,False,15,15,3293.167464402878,219.54449762685854,12260.83732201439,128,126,0,0.35086101700005656,25,8
2155,v3_prior,hash,False,15,15,3365.8671843234197,224.39114562156132,12359.335921617097,137,134,0,0.2755931830000691,24,7
2156,v1,hash,False,12,12,3357.1965277170393,279.7663773097533,12040.982638585196,151,134,0,0.06598682399999234,35,0
2156,v2,hash,False,12,12,3160.5043542901626,263.37536285751355,11432.521771450813,136,134,0,0.4110580180000625,23,8
2156,v3,hash,False,12,12,2765.9384160342734,230.49486800285612,10139.692080171368,114,108,0,0.19204592899995987,23,7
2156,v3_no_probe,hash,False,12,12,2859.321745705718,238.27681214214317,10691.60872852859,111,106,0,0.1813592429999744,22,7
2156,v3_no_route,hash,False,12,12,2891.647860043147,240.97065500359557,10378.239300215735,127,121,0,0.19952273599994896,22,7
2156,v3_no_through,hash,False,12,12,2832.5981395025324,236.04984495854436,10412.990697512661,116,110,0,0.20375686299996687,24,7
2156,v3_origin20,hash,False,12,12,3011.955378626703,250.99628155222524,10724.776893133514,135,132,0,0.096949579000011,22,8
2156,v3_prior,hash,False,12,12,2816.6387186077504,234.71989321731255,10393.193593038752,114,108,0,0.1249574290000055,23,7
2157,v1,hash,False,16,16,4089.8591676028714,255.61619797517946,16174.295838014357,133,110,0,0.06371054399994591,48,0
2157,v2,hash,False,16,16,3655.090920649155,228.4431825405722,14190.454603245775,123,122,0,0.7641811709999047,27,8
2157,v3,hash,False,16,16,3494.010876932434,218.3756798082771,13705.05438466217,112,113,0,0.24866996700006894,25,6
2157,v3_no_probe,hash,False,16,16,3507.2116744758578,219.2007296547411,13661.058372379288,115,120,0,0.4940065810000078,26,6
2157,v3_no_route,hash,False,16,16,3475.1890768537796,217.19931730336123,12775.945384268898,140,140,0,0.20959999000001517,25,6
2157,v3_no_through,hash,False,16,16,3510.75118659037,219.4219491618981,13763.755932951848,113,113,0,0.27869718500005547,25,6
2157,v3_origin20,hash,False,16,16,3390.5940702127127,211.91212938829455,12502.970351063563,135,135,0,0.17319404699992447,25,7
2157,v3_prior,hash,False,16,16,3497.59556720871,218.59972295054436,13632.977836043548,115,116,0,0.1206761110000798,26,6
2158,v1,hash,False,11,11,2989.903736110401,271.809430555491,10659.518680552004,136,123,0,0.0679558189999625,33,0
2158,v2,hash,False,11,11,2797.7632205835275,254.34211096213886,9213.816102917637,150,150,0,0.5714212100000395,22,8
2158,v3,hash,False,11,11,2709.017240949744,246.2742946317949,9360.08620474872,131,127,0,0.09301441899992824,22,7
2158,v3_no_probe,hash,False,11,11,2763.180624635109,251.19823860319173,9860.903123175545,123,121,0,0.15357576799999606,21,7
2158,v3_no_route,hash,False,11,11,2587.1595171788745,235.19631974353405,9050.797585894372,121,117,0,0.20848107899996648,20,7
2158,v3_no_through,hash,False,11,11,2704.837585375807,245.89432594325518,9394.187926879036,129,126,0,0.08791459400003987,21,7
2158,v3_origin20,hash,False,11,11,2640.258816283572,240.02352875305198,8396.294081417858,151,151,0,0.3192000920000737,20,8
2158,v3_prior,hash,False,11,11,2709.017240949744,246.2742946317949,9360.08620474872,131,127,0,0.10150085999998737,22,7
2159,v1,hash,False,11,11,3293.941489578484,299.4492263253167,12129.707447892419,138,123,0,0.06600171200000204,33,0
2159,v2,hash,False,11,11,3194.4469052479594,290.40426411345084,11597.234526239798,137,135,0,0.5233520360000057,23,8
2159,v3,hash,False,11,11,3177.2104483258577,288.8373134841689,11996.052241629288,121,118,0,0.09309108500008278,23,7
2159,v3_no_probe,hash,False,11,11,3149.100705172721,286.2818822884292,11965.503525863605,117,116,0,0.1408411419999993,20,7
2159,v3_no_route,hash,False,11,11,3221.4790219787756,292.86172927079775,11982.395109893878,128,130,0,0.2968457040000203,22,7
2159,v3_no_through,hash,False,11,11,3185.2570644446832,289.56882404042574,12036.285322223415,121,118,0,0.1798813400000654,23,7
2159,v3_origin20,hash,False,11,11,3072.918596882394,279.3562360802176,11129.59298441197,132,132,0,0.22574133700004495,22,8
2159,v3_prior,hash,False,11,11,3163.765346624319,287.61503151130177,11963.826733121596,120,116,0,0.0926218350000454,22,7
2160,v1,hash,False,12,12,3392.453864283096,282.704488690258,12642.26932141548,136,124,0,0.030303162999985034,34,0
2160,v2,hash,False,12,12,3116.741410402608,259.728450866884,11418.70705201304,129,128,0,0.2758007379999299,21,8
2160,v3,hash,False,12,12,3054.48319176413,254.54026598034417,11462.41595882065,118,112,0,0.17792994199999157,24,7
2160,v3_no_probe,hash,False,12,12,3128.5566901807906,260.7130575150659,11972.783450903953,113,109,0,0.31446758699996735,21,7
2160,v3_no_route,hash,False,12,12,3124.0585841133347,260.3382153427779,11345.292920566673,133,130,0,0.26476409300005344,25,7
2160,v3_no_through,hash,False,12,12,3046.682184968902,253.89018208074185,11423.410924844511,118,112,0,0.08851218699999208,24,7
2160,v3_origin20,hash,False,12,12,3118.1057847760667,259.8421487313389,11280.528923880334,134,132,0,0.22563989399998263,22,8
2160,v3_prior,hash,False,12,12,3050.685338948971,254.22377824574758,11443.426694744856,118,112,0,0.1711217359999182,24,7
2161,v1,hash,False,14,14,3725.4897272018256,266.1064090858447,14437.448636009129,131,113,0,0.031227048000005198,42,0
2161,v2,hash,False,14,14,3214.920022063087,229.63714443307762,12469.600110315434,108,111,0,0.29951769100000547,23,8
2161,v3,hash,False,14,14,3179.628931154163,227.11635222529736,12183.144655770815,112,113,0,0.22330148100002134,26,7
2161,v3_no_probe,hash,False,14,14,3478.4932857424515,248.46380612446083,12897.466428712258,138,139,0,0.491214527000011,24,7
2161,v3_no_route,hash,False,14,14,3216.0432691237834,229.71737636598453,12145.216345618917,119,122,0,0.49274486399997386,25,7
2161,v3_no_through,hash,False,14,14,3181.5500365967628,227.2535740426259,12257.750182983815,110,110,0,0.15808472999992773,25,7
2161,v3_origin20,hash,False,14,14,3209.279015303867,229.23421537884764,12321.395076519333,112,115,0,0.2696701209999901,25,8
2161,v3_prior,hash,False,14,14,3168.5924777282294,226.32803412344495,12152.962388641146,111,113,0,0.2824458989999812,26,7
2162,v1,hash,False,16,16,3327.3035611504074,207.95647257190046,12591.517805752037,122,119,0,0.08211121499994078,39,0
2162,v2,hash,False,16,16,3023.477241889802,188.96732761811262,11097.38620944901,120,124,0,0.42870827499996267,26,7
2162,v3,hash,False,16,16,3106.2170849768872,194.13856781105545,11791.085424884435,111,113,0,0.28306266000004143,26,7
2162,v3_no_probe,hash,False,16,16,3086.3143232084303,192.8946452005269,11666.571616042153,112,113,0,0.4240246249999018,26,7
2162,v3_no_route,hash,False,16,16,3087.607065654661,192.9754416034163,11628.035328273305,113,117,0,0.5580346049999889,27,6
2162,v3_no_through,hash,False,16,16,3114.8346326637184,194.6771645414824,11834.173163318592,111,113,0,0.30931929799999125,26,7
2162,v3_origin20,hash,False,16,16,2971.953026816485,185.7470641760303,10839.765134082425,120,124,0,0.32852590499999224,26,7
2162,v3_prior,hash,False,16,16,3106.7374732914604,194.17109208071628,11793.687366457301,111,113,0,0.1780733189999637,26,7
2163,v1,hash,False,11,11,3373.6204325699105,306.6927665972646,12368.102162849553,143,130,0,0.024694111000030716,34,0
2163,v2,hash,False,11,11,3093.287927930019,281.2079934481836,11036.439639650096,139,136,0,0.2660976290000008,22,8
2163,v3,hash,False,11,11,3196.928816518214,290.6298924107467,11829.644082591069,130,126,0,0.17934419900007015,21,7
2163,v3_no_probe,hash,False,11,11,3240.1730183248765,294.56118348407966,12215.865091624382,124,122,0,0.3114074099999016,19,7
2163,v3_no_route,hash,False,11,11,3097.767769031262,281.6152517301147,11303.83884515631,131,127,0,0.29193005100000846,22,7
2163,v3_no_through,hash,False,11,11,3200.085693840948,290.916881258268,11870.428469204739,129,126,0,0.08720320400004766,21,7
2163,v3_origin20,hash,False,11,11,3081.685855267057,280.1532595697324,11093.429276335284,135,133,0,0.2714386889999787,20,8
2163,v3_prior,hash,False,11,11,3196.928816518214,290.6298924107467,11829.644082591069,130,126,0,0.07218809200003307,21,7
2164,v1,hash,False,15,15,3726.200651150928,248.4133767433952,14271.00325575464,135,122,0,0.06333107000000382,38,0
2164,v2,hash,False,15,15,3485.31160247541,232.354106831694,13061.558012377049,133,133,0,0.3075448839999808,26,8
2164,v3,hash,False,15,15,3361.425635797673,224.09504238651152,12582.128178988363,129,125,0,0.32290559399996255,26,7
2164,v3_no_probe,hash,False,15,15,3416.1544472166497,227.74362981444332,13115.772236083249,120,118,0,0.4688312189999806,25,7
2164,v3_no_route,hash,False,15,15,3453.553637686677,230.23690917911182,13477.768188433385,115,108,0,0.15916687800006457,25,7
2164,v3_no_through,hash,False,15,15,3358.7011223612403,223.91340815741603,12658.505611806202,126,122,0,0.2305913220000093,25,7
2164,v3_origin20,hash,False,15,15,3440.422833986134,229.36152226574225,12777.11416993067,135,135,0,0.2996308780000163,25,8
2164,v3_prior,hash,False,15,15,3343.8755400228165,222.9250360015211,12579.377700114082,126,123,0,0.3518416739999566,25,7
2165,v1,hash,False,13,13,3711.2506921541612,285.48082247339704,13996.253460770806,144,127,0,0.049159807999899385,42,0
2165,v2,hash,False,13,13,3222.2144931603207,247.86265332002466,11731.072465801602,136,131,0,0.30541803999994954,21,8
2165,v3,hash,False,13,13,3219.4304233431094,247.6484941033161,12052.152116715548,124,124,0,0.18941697900004328,24,7
2165,v3_no_probe,hash,False,13,13,3563.141050690082,274.0877731300063,13860.70525345041,121,121,0,0.4249697669999932,25,7
2165,v3_no_route,hash,False,13,13,3242.334245092189,249.410326545553,12106.671225460947,126,126,0,0.3069228250000151,25,7
2165,v3_no_through,hash,False,13,13,3223.5921768254084,247.96862898656988,12072.960884127042,124,124,0,0.18683471800000007,24,7
2165,v3_origin20,hash,False,13,13,3204.5749225339728,246.50576327184405,11632.874612669864,136,133,0,0.22845510400009061,21,8
2165,v3_prior,hash,False,13,13,3212.934843417569,247.14883410904378,12019.674217087846,124,124,0,0.09422837399995387,24,7
2166,v1,hash,False,10,10,2452.683726961557,245.26837269615572,8353.418634807786,122,122,0,0.020767578000004505,19,0
2166,v2,hash,False,10,10,2521.456748516412,252.14567485164122,8187.283742582061,139,139,0,0.21907287800001995,18,8
2166,v3,hash,False,10,10,2586.9524759606925,258.69524759606924,8694.762379803462,133,133,0,0.17115663900005984,19,7
2166,v3_no_probe,hash,False,10,10,2738.855532213479,273.8855532213479,9549.277661067395,130,129,0,0.3662072810000154,20,7
2166,v3_no_route,hash,False,10,10,2558.3986205723477,255.83986205723477,8911.993102861737,121,121,0,0.1480735720000439,19,7
2166,v3_no_through,hash,False,10,10,2579.3770999971975,257.93770999971974,8926.885499985989,124,124,0,0.16989323000007062,17,7
2166,v3_origin20,hash,False,10,10,2468.7714348303457,246.87714348303456,8063.857174151728,134,136,0,0.19016982699997698,17,8
2166,v3_prior,hash,False,10,10,2587.8929101322774,258.78929101322774,8699.464550661387,133,133,0,0.1815690610000047,19,7
2167,v1,hash,False,14,14,3112.194688573517,222.29962061239408,11185.973442867586,137,120,0,0.029549487000053887,44,0
2167,v2,hash,False,14,14,2980.502954222149,212.89306815872493,9937.514771110746,153,158,0,0.29765818599992144,24,8
2167,v3,hash,False,14,14,2790.355805206954,199.31112894335385,9466.779026034768,138,137,0,0.2722920389999217,25,7
2167,v3_no_probe,hash,False,14,14,2861.208318321601,204.3720227372572,9966.041591608004,133,133,0,0.42432372200005375,24,7
2167,v3_no_route,hash,False,14,14,2718.2268449375288,194.15906035268063,9736.134224687645,117,116,0,0.38637825900002554,22,7
2167,v3_no_through,hash,False,14,14,2770.740605905946,197.91004327899614,9463.703029529728,135,133,0,0.12298717600003783,25,7
2167,v3_origin20,hash,False,14,14,2866.565312078528,204.7546651484663,9907.826560392641,135,140,0,0.2896815820000711,24,8
2167,v3_prior,hash,False,14,14,2825.9285532270014,201.85203951621438,9644.642766135008,138,137,0,0.27332488100000774,25,7
2168,v1,hash,False,12,12,3632.8559237369855,302.73799364474877,13719.279618684926,141,124,0,0.0480255950000128,37,0
2168,v2,hash,False,12,12,3402.308935303849,283.52574460865407,12561.544676519245,138,140,0,0.3461054530000638,25,8
2168,v3,hash,False,12,12,3265.1320962204654,272.09434135170545,12355.660481102326,123,119,0,0.280770920000009,22,7
2168,v3_no_probe,hash,False,12,12,3240.3389556250695,270.02824630208914,12286.694778125348,121,118,0,0.4364594170000373,20,7
2168,v3_no_route,hash,False,12,12,3229.233884122807,269.1028236769006,12281.169420614035,119,118,0,0.14776184999993802,22,7
2168,v3_no_through,hash,False,12,12,3247.2005749293007,270.60004791077506,12256.002874646503,123,121,0,0.21481469399998332,21,7
2168,v3_origin20,hash,False,12,12,3281.9921759868676,273.49934799890565,12019.960879934337,136,138,0,0.23604234699996596,25,8
2168,v3_prior,hash,False,12,12,3244.860272813824,270.4050227344853,12214.30136406912,124,122,0,0.27423723799995514,22,7
2169,v1,hash,False,10,10,2695.456065805406,269.5456065805406,9642.28032902703,120,117,0,0.02235346500003743,23,0
2169,v2,hash,False,10,10,2709.1694410180726,270.91694410180725,9290.847205090364,133,136,0,0.2156049879999955,18,8
2169,v3,hash,False,10,10,2666.2480003237447,266.6248000323745,9651.240001618724,114,116,0,0.08916085700002441,18,7
2169,v3_no_probe,hash,False,10,10,2682.1020191083717,268.21020191083716,9675.510095541858,116,117,0,0.20467705700002625,18,7
2169,v3_no_route,hash,False,10,10,2616.9358109205664,261.69358109205666,9499.679054602831,111,112,0,0.12950957800001106,21,7
2169,v3_no_through,hash,False,10,10,2675.9363057597448,267.5936305759745,9669.681528798725,115,117,0,0.09850879699990855,18,7
2169,v3_origin20,hash,False,10,10,2700.3246906222257,270.03246906222256,9276.62345311113,132,135,0,0.19210914699999648,18,8
2169,v3_prior,hash,False,10,10,2666.2480003237447,266.6248000323745,9651.240001618724,114,116,0,0.12279008899997734,18,7
2170,v1,hash,False,11,11,3207.187984063978,291.56254400581616,12055.93992031989,124,121,0,0.024911699999961456,27,0
2170,v2,hash,False,11,11,3089.403884911827,280.8548986283479,11122.019424559134,135,135,0,0.2236814800000957,20,8
2170,v3,hash,False,11,11,3062.3694985420134,278.397227140183,11521.847492710067,118,113,0,0.07740712800000438,21,7
2170,v3_no_probe,hash,False,11,11,3075.6994942851466,279.60904493501334,11608.497471425733,117,114,0,0.10802952699998514,20,7
2170,v3_no_route,hash,False,11,11,3226.4216313344004,293.3110573940364,11887.108156672002,132,134,0,0.17716007900003206,24,7
2170,v3_no_through,hash,False,11,11,3071.6753351882344,279.2432122898395,11543.376675941172,119,113,0,0.0752148459999944,21,7
2170,v3_origin20,hash,False,11,11,3092.4477358477743,281.13161234979765,11082.238679238872,137,136,0,0.11240404700004092,21,8
2170,v3_prior,hash,False,11,11,3063.066827146932,278.4606206497211,11540.334135734662,117,115,0,0.07488110099995993,20,7
2171,v1,hash,False,13,13,3986.779377091088,306.67533669931447,15153.89688545544,152,131,0,0.031025739000028807,42,0
2171,v2,hash,False,13,13,3349.6353426438423,257.6642571264494,12648.17671321921,126,125,0,0.21146283900009166,23,8
2171,v3,hash,False,13,13,3472.001064435391,267.07700495656854,13255.005322176956,126,126,0,0.07824035699991327,24,7
2171,v3_no_probe,hash,False,13,13,3464.4856862970455,266.49889894592656,13187.428431485227,127,127,0,0.13691807599991535,24,7
2171,v3_no_route,hash,False,13,13,3394.243273563317,261.09563642794745,12826.216367816585,128,124,0,0.12737259300001824,25,7
2171,v3_no_through,hash,False,13,13,3494.6338356978804,268.8179873613754,13308.169178489401,128,128,0,0.07444803700002467,25,7
2171,v3_origin20,hash,False,13,13,3349.178010725207,257.62907774809287,12445.890053626035,133,130,0,0.11075493499993172,27,8
2171,v3_prior,hash,False,13,13,3451.8687828049306,265.5283679080716,13124.343914024652,127,127,0,0.0777563359999931,24,7
2172,v1,hash,False,11,11,3305.9827011764087,300.54388192512806,11754.913505882043,153,135,0,0.022505964999936623,40,0
2172,v2,hash,False,11,11,3160.852926083086,287.3502660075533,10709.26463041543,161,159,0,0.19228772700000718,21,8
2172,v3,hash,False,11,11,2824.0944101415926,256.7358554674175,10160.472050707962,123,122,0,0.07197025100003884,20,7
2172,v3_no_probe,hash,False,11,11,2852.905931507016,259.355084682456,10304.529657535079,123,122,0,0.1374199160001126,21,7
2172,v3_no_route,hash,False,11,11,3161.5126423183365,287.4102402107579,11587.563211591683,132,129,0,0.0913650840000173,23,7
2172,v3_no_through,hash,False,11,11,2839.517087376271,258.13791703420645,10197.585436881354,124,125,0,0.07641609899997093,21,7
2172,v3_origin20,hash,False,11,11,3085.1901069080022,280.4718279007275,10435.95053454001,158,153,0,0.08643711499996698,22,8
2172,v3_prior,hash,False,11,11,2824.0944101415926,256.7358554674175,10160.472050707962,123,122,0,0.07215272799999184,20,7
2173,v1,hash,False,15,15,3990.273833007229,266.01825553381525,15621.369165036145,136,111,0,0.034278087000075175,48,0
2173,v2,hash,False,15,15,3519.835365161735,234.65569101078233,13144.176825808674,136,136,0,0.32829791299991484,28,8
2173,v3,hash,False,15,15,3901.7888319579833,260.11925546386556,14763.944159789917,146,144,0,0.1257271890000311,29,7
2173,v3_no_probe,hash,False,15,15,3778.100629050166,251.87337527001105,14600.50314525083,131,128,0,0.18282341799999813,26,7
2173,v3_no_route,hash,False,15,15,3537.6316794111226,235.8421119607415,13323.158397055613,134,128,0,0.1632926119999638,25,7
2173,v3_no_through,hash,False,15,15,3848.5134611559824,256.56756407706547,14762.567305779912,137,136,0,0.10823405999997249,26,7
2173,v3_origin20,hash,False,15,15,3466.427759857193,231.09518399047954,12762.138799285965,140,139,0,0.14111220200004482,27,8
2173,v3_prior,hash,False,15,15,3817.969023638954,254.53126824259692,14579.84511819477,138,137,0,0.12047157799997876,29,7
2174,v1,hash,False,15,15,3509.865316841603,233.99102112277353,13719.326584208015,117,106,0,0.02803199099992071,35,0
2174,v2,hash,False,15,15,3208.2407568592835,213.88271712395223,12171.203784296418,116,119,0,0.24769731500009584,23,8
2174,v3,hash,False,15,15,3175.0893165759944,211.6726211050663,11730.446582879971,125,129,0,0.10983086200008074,25,7
2174,v3_no_probe,hash,False,15,15,3154.666085261569,210.31107235077127,11753.330426307846,121,124,0,0.13679917599995406,23,7
2174,v3_no_route,hash,False,15,15,3401.4806574058175,226.76537716038783,13197.403287029088,114,117,0,0.14711530099998527,25,7
2174,v3_no_through,hash,False,15,15,3165.4636091911298,211.03090727940864,11737.31804595565,123,128,0,0.09693569000000934,24,7
2174,v3_origin20,hash,False,15,15,3398.1550348498445,226.54366898998964,13085.775174249222,117,121,0,0.11359930499997972,26,8
2174,v3_prior,hash,False,15,15,3179.2805397539,211.95203598359333,11731.4026987695,126,128,0,0.11304957499999091,24,7
2175,v1,hash,False,12,12,3112.021029502724,259.3350857918937,11475.105147513621,128,117,0,0.026355208000040875,30,0
2175,v2,hash,False,12,12,2933.0500359611146,244.4208363300929,10130.250179805573,141,142,0,0.20105209900009413,19,8
2175,v3,hash,False,12,12,2796.3688180349095,233.03073483624246,9881.844090174547,126,130,0,0.09250320399996781,22,7
2175,v3_no_probe,hash,False,12,12,2780.430322724913,231.70252689374274,9962.151613624565,121,123,0,0.11619430600001124,20,7
2175,v3_no_route,hash,False,12,12,2872.6203733391185,239.3850311115932,10158.101866695592,130,131,0,0.13962793999996848,21,7
2175,v3_no_through,hash,False,12,12,2809.743263650506,234.14527197087548,9868.71631825253,129,131,0,0.09392412499994407,22,7
2175,v3_origin20,hash,False,12,12,2950.1803440471217,245.8483620039268,9985.901720235608,149,148,0,0.11012527700006558,22,8
2175,v3_prior,hash,False,12,12,2759.1362906012046,229.92802421676706,9800.681453006024,123,124,0,0.08941626900002575,21,7
2176,v1,hash,False,10,10,3282.2826081928156,328.22826081928156,11896.413040964078,145,128,0,0.02093654099996911,36,0
2176,v2,hash,False,10,10,2895.488786165064,289.5488786165064,10357.44393082532,129,129,0,0.14725103599994327,19,8
2176,v3,hash,False,10,10,2867.221372359364,286.72213723593643,10076.106861796821,134,132,0,0.07348893699997916,21,7
2176,v3_no_probe,hash,False,10,10,2836.0468118858084,283.60468118858086,10035.234059429042,130,129,0,0.10866764399997919,19,7
2176,v3_no_route,hash,False,10,10,2839.6238824822462,283.9623882482246,10133.119412411232,127,128,0,0.11058177600000363,20,7
2176,v3_no_through,hash,False,10,10,2867.5647529629873,286.75647529629873,10077.823764814937,134,132,0,0.0696943340000189,21,7
2176,v3_origin20,hash,False,10,10,2897.79362285605,289.77936228560503,10343.968114280251,130,129,0,0.07969074700008605,20,8
2176,v3_prior,hash,False,10,10,2847.2182286637512,284.72182286637513,10061.091143318756,131,130,0,0.06473290900009943,20,7
2177,v1,hash,False,11,11,3398.213389911169,308.92848999192444,12456.066949555845,144,132,0,0.02112646799992035,30,0
2177,v2,hash,False,11,11,3302.0616768977143,300.18742517251945,11795.308384488571,148,148,0,0.20661208000001352,24,8
2177,v3,hash,False,11,11,3096.2652443275556,281.4786585752323,11416.326221637779,127,123,0,0.07384198099998684,23,7
2177,v3_no_probe,hash,False,11,11,3140.3605537511025,285.487323068282,11606.802768755513,128,124,0,0.13781536099997993,24,7
2177,v3_no_route,hash,False,11,11,3346.4184270003684,304.21985700003347,12627.092135001842,128,126,0,0.08997403199998644,23,7
2177,v3_no_through,hash,False,11,11,3102.6909053329337,282.06280957572125,11478.45452666467,126,122,0,0.0688963690000719,23,7
2177,v3_origin20,hash,False,11,11,3273.695119670638,297.6086472427853,11508.47559835319,153,152,0,0.10450216200001705,25,8
2177,v3_prior,hash,False,11,11,3094.3016317633783,281.3001483421253,11406.508158816892,127,123,0,0.07627246200001991,23,7
2178,v1,hash,False,14,14,3284.4068758314475,234.6004911308177,12192.034379157238,131,121,0,0.03027791400006663,34,0
2178,v2,hash,False,14,14,3143.7069777083457,224.55049840773898,10923.534888541728,148,149,0,0.2955676530000346,24,8
2178,v3,hash,False,14,14,2862.7430984086686,204.48164988633349,10613.715492043344,112,110,0,0.09173796700008552,24,7
2178,v3_no_probe,hash,False,14,14,2913.569771924232,208.11212656601657,10722.848859621161,117,114,0,0.1534279840000181,24,7
2178,v3_no_route,hash,False,14,14,2901.268201116797,207.2334429369141,10831.341005583987,111,110,0,0.1734920860000102,25,7
2178,v3_no_through,hash,False,14,14,2879.768204591327,205.6977288993805,10643.841022956634,114,111,0,0.11119143799999165,24,7
2178,v3_origin20,hash,False,14,14,3174.553692552049,226.75383518228924,10837.768462760247,156,157,0,0.1690784130000793,26,8
2178,v3_prior,hash,False,14,14,2857.542243197645,204.1101602284032,10587.711215988225,112,110,0,0.08980484799997157,24,7
2179,v1,hash,False,10,10,3267.037625078266,326.7037625078266,11890.18812539133,142,129,0,0.023170535999952335,27,0
2179,v2,hash,False,10,10,3168.4763727798954,316.8476372779895,11317.381863899478,143,140,0,0.1660169979999182,20,8
2179,v3,hash,False,10,10,3050.3956444529585,305.03956444529587,11286.978222264792,124,123,0,0.06526053499999307,21,7
2179,v3_no_probe,hash,False,10,10,3130.256342451298,313.0256342451298,11816.281712256492,120,117,0,0.09738449799999671,20,7
2179,v3_no_route,hash,False,10,10,3084.7827209802035,308.47827209802034,11508.913604901018,122,123,0,0.08008491199996115,23,7
2179,v3_no_through,hash,False,10,10,3057.4059084836053,305.7405908483605,11317.029542418026,124,124,0,0.06232649200001106,21,7
2179,v3_origin20,hash,False,10,10,3205.760089452782,320.5760089452782,11133.80044726391,155,154,0,0.11417472499999803,23,8
2179,v3_prior,hash,False,10,10,3060.975091141808,306.0975091141808,11309.875455709041,125,124,0,0.06374183100001574,21,7
2180,v1,hash,False,15,15,3805.7114940431507,253.7140996028767,14618.557470215754,137,122,0,0.03593112499993367,37,0
2180,v2,hash,False,15,15,3497.883092603413,233.19220617356086,13154.415463017065,132,132,0,0.24359316100003525,26,8
2180,v3,hash,False,15,15,3412.185461818683,227.4790307879122,12850.927309093415,128,127,0,0.11138532099994336,24,7
2180,v3_no_probe,hash,False,15,15,3423.4625747517402,228.2308383167827,13012.312873758701,125,121,0,0.16165454699989823,22,7
2180,v3_no_route,hash,False,15,15,3523.184684665876,234.87897897772507,13725.92342332938,118,113,0,0.14124134700000468,25,7
2180,v3_no_through,hash,False,15,15,3432.3953634333143,228.82635756222095,12946.976817166571,128,128,0,0.11259342599998945,25,7
2180,v3_origin20,hash,False,15,15,3470.148475896064,231.34323172640427,12925.74237948032,135,135,0,0.11779806900005951,28,8
2180,v3_prior,hash,False,15,15,3428.6821581850227,228.57881054566818,12933.410790925112,128,127,0,0.1110035039999957,24,7
2181,v1,hash,False,11,11,3339.3853396163686,303.58048541966986,12116.926698081843,146,131,0,0.020029249999993226,36,0
2181,v2,hash,False,11,11,3127.842142997738,284.34928572706707,10979.210714988689,146,147,0,0.1853177070000811,22,8
2181,v3,hash,False,11,11,3073.599083598075,279.41809850891593,10937.995417990376,139,136,0,0.08456531100000575,24,7
2181,v3_no_probe,hash,False,11,11,3136.301684499356,285.1183349544869,11256.50842249678,138,140,0,0.1549191820000715,22,7
2181,v3_no_route,hash,False,11,11,2940.443962472261,267.31308749747825,10597.219812361305,128,126,0,0.11219952999999805,22,7
2181,v3_no_through,hash,False,11,11,3076.0328545190246,279.63935041082044,10950.164272595122,139,136,0,0.0830400859999827,24,7
2181,v3_origin20,hash,False,11,11,3116.1903653656746,283.2900332150613,10915.951826828374,146,148,0,0.0912458229998947,23,8
2181,v3_prior,hash,False,11,11,3054.4269130338334,277.67517391216666,10947.134565169168,135,135,0,0.09131803399998262,22,7
2182,v1,hash,False,13,13,4022.61552690979,309.43196360844536,15318.07763454895,153,129,0,0.028236900000024434,46,0
2182,v2,hash,False,13,13,3621.3716150044283,278.56704730803295,13566.858075022143,141,138,0,0.252419504000045,26,8
2182,v3,hash,False,13,13,3735.3172113572855,287.33209318132964,13831.586056786427,151,149,0,0.09807021400001759,27,7
2182,v3_no_probe,hash,False,13,13,3741.7829551574314,287.8294580890332,14188.914775787158,141,134,0,0.19190420799998265,25,7
2182,v3_no_route,hash,False,13,13,3431.474779822495,263.9595984478842,13247.373899112474,119,122,0,0.14512387299998863,26,7
2182,v3_no_through,hash,False,13,13,3728.7592823946134,286.82763710727795,13853.796411973066,149,148,0,0.09162138199997116,27,7
2182,v3_origin20,hash,False,13,13,3532.5416667744503,271.73397436726543,13057.708333872251,143,141,0,0.12732385999993312,26,8
2182,v3_prior,hash,False,13,13,3732.649508740245,287.12688528771116,13758.247543701225,153,151,0,0.104823748000058,27,7
2183,v1,hash,False,13,13,3567.522159724644,274.42478151728034,13462.61079862322,138,120,0,0.023331117999987327,40,0
2183,v2,hash,False,13,13,3377.9086418158936,259.8391262935303,12729.543209079467,128,127,0,0.21310624099999131,25,8
2183,v3,hash,False,13,13,3318.4780569504314,255.26754284234087,12577.390284752157,123,123,0,0.0800142959999448,24,7
2183,v3_no_probe,hash,False,13,13,3316.6870787062558,255.1297752850966,12778.43539353128,116,116,0,0.14108763499996257,23,7
2183,v3_no_route,hash,False,13,13,3357.7439238374236,258.2879941413403,12363.719619187119,137,135,0,0.16884984800003622,28,7
2183,v3_no_through,hash,False,13,13,3327.3369782805958,255.9489983292766,12651.684891402978,122,122,0,0.07438708399990901,24,7
2183,v3_origin20,hash,False,13,13,3404.9173389974485,261.91671838441914,12599.586694987243,137,135,0,0.10356592699997691,26,8
2183,v3_prior,hash,False,13,13,3317.206930431142,255.16976387931862,12596.034652155711,122,123,0,0.07876716099997338,24,7
2184,v1,hash,False,16,16,3032.1112045115938,189.5069502819746,12155.556022557968,88,81,0,0.03902380700003505,30,0
2184,v2,hash,False,16,16,3040.780226365733,190.04876414785832,10953.901131828665,128,130,0,0.3534486089999973,24,8
2184,v3,hash,False,16,16,3289.7216969164037,205.60760605727523,12193.608484582019,128,131,0,0.12163437500009877,25,6
2184,v3_no_probe,hash,False,16,16,3239.1885986750467,202.44928741719042,12175.942993375233,120,124,0,0.18763803299998472,24,6
2184,v3_no_route,hash,False,16,16,3100.058846567167,193.75367791044795,11840.294232835835,108,112,0,0.20058962999996766,23,4
2184,v3_no_through,hash,False,16,16,3255.2370679504293,203.45231674690183,12136.185339752146,124,128,0,0.10738144100002955,24,6
2184,v3_origin20,hash,False,16,16,2990.470712977366,186.90441956108538,10687.353564886831,128,133,0,0.16084335200002897,25,7
2184,v3_prior,hash,False,16,16,3243.670397917416,202.7293998698385,12083.35198958708,124,127,0,0.11673078599994824,24,6
2185,v1,hash,False,16,16,3664.7918282054366,229.04948926283978,14398.959141027182,120,105,0,0.03674895999995442,45,0
2185,v2,hash,False,16,16,3343.00891410091,208.93805713130686,12460.04457050455,128,131,0,0.32798734199991486,26,7
2185,v3,hash,False,16,16,3475.597626285676,217.22485164285476,12722.988131428381,141,146,0,0.12657187399997838,30,7
2185,v3_no_probe,hash,False,16,16,3462.5888181832042,216.41180113645026,12932.94409091602,132,136,0,0.18066008099992814,27,7
2185,v3_no_route,hash,False,16,16,3194.175496176013,199.6359685110008,12380.877480880064,106,108,0,0.15451792499993644,26,6
2185,v3_no_through,hash,False,16,16,3438.120968901207,214.88256055632544,12720.604844506035,135,139,0,0.11599181999997654,29,7
2185,v3_origin20,hash,False,16,16,3334.7745533565076,208.42340958478172,12303.872766782539,132,134,0,0.1548148140000194,26,7
2185,v3_prior,hash,False,16,16,3457.343311879653,216.0839569924783,12691.716559398265,139,144,0,0.11876398900005825,28,7
2186,v1,hash,False,14,14,3587.062116444992,256.21872260321373,13420.310582224962,142,123,0,0.028401870000038798,43,0
2186,v2,hash,False,14,14,2913.2591820833572,208.08994157738266,10476.295910416786,124,128,0,0.23738198600005944,21,8
2186,v3,hash,False,14,14,2995.9030607163654,213.99307576545468,10879.515303581828,125,125,0,0.1142826379999633,24,7
2186,v3_no_probe,hash,False,14,14,3020.0878284193323,215.72055917280946,11050.43914209666,123,125,0,0.15798308000000816,24,7
2186,v3_no_route,hash,False,14,14,2960.6154722149563,211.47253372963974,10823.077361074782,121,121,0,0.19503629100006492,27,7
2186,v3_no_through,hash,False,14,14,3001.699106819852,214.40707905856087,10953.495534099262,123,126,0,0.10565998100003071,25,7
2186,v3_origin20,hash,False,14,14,2916.477053266798,208.319789519057,10432.38526633399,126,130,0,0.11485627399997611,22,8
2186,v3_prior,hash,False,14,14,2996.7693796242474,214.05495568744624,10883.846898121237,125,125,0,0.11175436799999261,24,7
2187,v1,hash,False,16,16,4019.109328336987,251.19433302106168,15895.546641684934,131,105,0,0.034278668000069956,51,0
2187,v2,hash,False,16,16,3490.1279223135566,218.1329951445973,13200.639611567784,128,130,0,0.33095406500001445,25,7
2187,v3,hash,False,16,16,3490.386367830281,218.14914798939256,13491.931839151404,119,117,0,0.11628055699998185,27,7
2187,v3_no_probe,hash,False,16,16,3668.6669365025164,229.29168353140727,14418.334682512581,118,115,0,0.2219632910000655,27,7
2187,v3_no_route,hash,False,16,16,3570.671215120481,223.16695094503007,14203.356075602405,108,110,0,0.21035406199996487,29,6
2187,v3_no_through,hash,False,16,16,3480.7148704056217,217.54467940035136,13413.574352028108,120,118,0,0.10960092499999519,28,7
2187,v3_origin20,hash,False,16,16,3395.055664456994,212.1909790285621,12555.278322284968,134,134,0,0.12010209000004579,26,7
2187,v3_prior,hash,False,16,16,3484.125851539829,217.7578657212393,13460.629257699145,119,117,0,0.11871195599997009,27,7
2188,v1,hash,False,11,11,3415.9637388158576,310.54215807416887,12709.818694079288,139,124,0,0.024633566999909817,35,0
2188,v2,hash,False,11,11,3218.615488671033,292.601408061003,11813.077443355165,134,131,0,0.17281290300002183,21,8
2188,v3,hash,False,11,11,3040.501204648843,276.4092004226221,10902.506023244216,135,130,0,0.07505863400001545,20,7
2188,v3_no_probe,hash,False,11,11,3033.454597819783,275.7685998017985,10822.272989098916,136,134,0,0.13816341500000817,22,7
2188,v3_no_route,hash,False,11,11,3121.264246288248,283.75129511711344,11591.321231441241,125,123,0,0.11147950699989906,20,7
2188,v3_no_through,hash,False,11,11,3033.1935213317865,275.744865575617,10915.967606658933,133,130,0,0.06904546300006587,20,7
2188,v3_origin20,hash,False,11,11,3252.211637650521,295.6556034227746,12156.058188252606,128,126,0,0.10081106600000567,23,8
2188,v3_prior,hash,False,11,11,3024.548870830372,274.95898825730654,10822.74435415186,135,130,0,0.07733517799999845,20,7
2189,v1,hash,False,10,10,3428.0659753551395,342.80659753551396,12620.329876775697,144,134,0,0.02482967599996755,29,0
2189,v2,hash,False,10,10,3338.838676822269,333.8838676822269,12164.193384111344,143,141,0,0.18032222500005446,20,8
2189,v3,hash,False,10,10,3198.935301879025,319.89353018790246,11934.676509395124,127,127,0,0.077734762000091,22,7
2189,v3_no_probe,hash,False,10,10,3204.0101340481215,320.40101340481215,12075.050670240607,124,119,0,0.11722519900001771,21,7
2189,v3_no_route,hash,False,10,10,3133.135992485284,313.3135992485284,11750.67996242642,123,118,0,0.08934555499990893,20,7
2189,v3_no_through,hash,False,10,10,3200.7541055568495,320.0754105556849,11943.770527784247,127,127,0,0.07645571899990955,22,7
2189,v3_origin20,hash,False,10,10,3350.06011225322,335.00601122532197,12340.3005612661,139,137,0,0.07614114400007566,20,8
2189,v3_prior,hash,False,10,10,3188.7208913617824,318.87208913617826,11918.604456808911,126,125,0,0.07591198799991616,22,7
2190,v1,hash,False,11,11,3391.6121072106525,308.3283733827866,12713.060536053263,134,124,0,0.026302841999950033,32,0
2190,v2,hash,False,11,11,3280.642725379442,298.2402477617674,12063.21362689721,135,138,0,0.1897367789999862,22,8
2190,v3,hash,False,11,11,3214.417765911634,292.21979690105763,12072.08882955817,124,125,0,0.07720632300004127,22,7
2190,v3_no_probe,hash,False,11,11,3190.246950459098,290.0224500417362,11916.234752295491,125,127,0,0.13259404999996605,22,7
2190,v3_no_route,hash,False,11,11,3261.4467532703643,296.4951593882149,12027.233766351821,133,136,0,0.15365141700010554,23,7
2190,v3_no_through,hash,False,11,11,3215.5114641955693,292.31922401777905,12117.557320977847,123,122,0,0.07324999599995863,22,7
2190,v3_origin20,hash,False,11,11,3316.4760922198957,301.49782656544505,12127.38046109948,139,141,0,0.08981431300003351,24,8
2190,v3_prior,hash,False,11,11,3214.2001935125645,292.2000175920513,12071.000967562823,124,125,0,0.07719693000001371,22,7
2191,v1,hash,False,12,12,3005.259395744502,250.4382829787085,10796.29697872251,133,121,0,0.026589374999957727,32,0
2191,v2,hash,False,12,12,2770.8189052754365,230.9015754396197,9609.094526377183,131,134,0,0.16398582099998293,21,8
2191,v3,hash,False,12,12,2798.956531366047,233.24637761383724,9789.782656830233,130,131,0,0.06960352600003716,23,7
2191,v3_no_probe,hash,False,12,12,2810.4842073354184,234.20701727795154,9822.421036677093,131,131,0,0.11962274100005743,23,7
2191,v3_no_route,hash,False,12,12,2819.9795278931083,234.99829399109237,9929.897639465542,129,129,0,0.13756916800002728,24,7
2191,v3_no_through,hash,False,12,12,2807.433993710628,233.952832809219,9807.169968553138,131,131,0,0.07016883999995116,23,7
2191,v3_origin20,hash,False,12,12,2759.571680751077,229.96430672925644,9527.858403755386,132,134,0,0.07924734699997771,22,8
2191,v3_prior,hash,False,12,12,2795.347489336945,232.94562411141206,9771.737446684723,130,131,0,0.068716266000024,23,7
2192,v1,hash,False,10,10,3184.974910765647,318.4974910765647,11524.874553828236,141,125,0,0.02258708800002296,35,0
2192,v2,hash,False,10,10,2852.992271664827,285.2992271664827,9874.961358324135,138,138,0,0.1643990649999978,19,8
2192,v3,hash,False,10,10,2775.37448564999,277.537448564999,9886.872428249952,125,123,0,0.08006691499997487,19,7
2192,v3_no_probe,hash,False,10,10,2761.075495403943,276.1075495403943,9870.377477019714,123,122,0,0.14317289500002062,19,7
2192,v3_no_route,hash,False,10,10,2885.4390950161514,288.54390950161513,10117.195475080758,136,132,0,0.11803218799991555,22,7
2192,v3_no_through,hash,False,10,10,2769.6837300930656,276.96837300930656,9858.418650465328,125,123,0,0.07674420499995449,19,7
2192,v3_origin20,hash,False,10,10,2825.5394331420134,282.5539433142013,9797.697165710068,136,136,0,0.08091595899998083,18,8
2192,v3_prior,hash,False,10,10,2755.3373626291004,275.53373626291005,9821.686813145503,124,121,0,0.07636038499992992,18,7
2193,v1,hash,False,13,13,3407.833890966315,262.1410685358704,12634.169454831574,139,121,0,0.026520259999983864,39,0
2193,v2,hash,False,13,13,3229.663814806243,248.4356780620187,11853.319074031215,132,134,0,0.3105993640000406,25,8
2193,v3,hash,False,13,13,3312.6037062236037,254.81566970950797,12638.018531118018,120,120,0,0.101980014999981,27,7
2193,v3_no_probe,hash,False,13,13,3411.0298030083236,262.3869079237172,13305.149015041618,114,115,0,0.1709782110000333,24,7
2193,v3_no_route,hash,False,13,13,3170.146107481928,243.85739288322523,11940.730537409641,120,117,0,0.14058098800001062,25,7
2193,v3_no_through,hash,False,13,13,3322.3330587010482,255.56408143854216,12706.66529350524,119,121,0,0.0950854079999317,27,7
2193,v3_origin20,hash,False,13,13,3241.017470183822,249.3090361679863,11790.08735091911,136,138,0,0.12895709600002192,27,8
2193,v3_prior,hash,False,13,13,3314.346869642438,254.94975920326445,12646.734348212189,120,120,0,0.1025021939999533,27,7
2194,v1,hash,False,10,10,3026.871917952535,302.6871917952535,10969.359589762676,133,118,0,0.020050495000077717,30,0
2194,v2,hash,False,10,10,2867.4708150034576,286.74708150034576,10057.354075017289,135,131,0,0.1715131849999807,19,8
2194,v3,hash,False,10,10,2905.2402639877037,290.5240263987704,10496.201319938518,126,126,0,0.06878381699993952,21,7
2194,v3_no_probe,hash,False,10,10,2885.0342032842946,288.50342032842946,10540.171016421473,121,122,0,0.10224251099998583,18,7
2194,v3_no_route,hash,False,10,10,2974.360929337524,297.4360929337524,10461.80464668762,139,137,0,0.10986561900006109,22,7
2194,v3_no_through,hash,False,10,10,2915.6470604731,291.56470604731,10493.2353023655,128,127,0,0.07057733700003155,21,7
2194,v3_origin20,hash,False,10,10,2871.559710313246,287.1559710313246,10077.79855156623,135,131,0,0.08866448599997057,21,8
2194,v3_prior,hash,False,10,10,2874.3776272965288,287.4377627296529,10431.888136482645,123,123,0,0.06744189999994887,20,7
2195,v1,hash,False,10,10,3254.8810848912244,325.48810848912245,11809.405424456123,143,128,0,0.0207257849999678,33,0
2195,v2,hash,False,10,10,2904.183208051826,290.4183208051826,10490.91604025913,127,121,0,0.1978339429999778,23,8
2195,v3,hash,False,10,10,3109.1230149101293,310.91230149101295,11290.615074550647,135,126,0,0.06535848199996508,24,7
2195,v3_no_probe,hash,False,10,10,3169.3817545374573,316.9381754537457,11616.908772687286,134,126,0,0.1423193350000247,24,7
2195,v3_no_route,hash,False,10,10,3294.0056963656457,329.40056963656457,12055.028481828229,139,138,0,0.11069345999999314,24,7
2195,v3_no_through,hash,False,10,10,3107.075908699786,310.7075908699786,11280.37954349893,135,126,0,0.06182387199999084,24,7
2195,v3_origin20,hash,False,10,10,2932.1069374176473,293.2106937417647,10545.534687088237,130,123,0,0.08334993599999052,21,8
2195,v3_prior,hash,False,10,10,3097.4948924766372,309.74948924766375,11262.474462383187,134,125,0,0.06401612500008014,24,7
2196,v1,hash,False,10,10,2846.9119276068045,284.69119276068045,9944.559638034023,136,128,0,0.01867649899998014,25,0
2196,v2,hash,False,10,10,2846.177080265786,284.6177080265786,9790.885401328931,140,138,0,0.17003744499993445,22,8
2196,v3,hash,False,10,10,2647.541198176516,264.7541198176516,9447.70599088258,118,118,0,0.051167991000056645,19,7
2196,v3_no_probe,hash,False,10,10,2786.1697579355596,278.616975793556,10175.848789677799,117,116,0,0.10440636099997391,21,7
2196,v3_no_route,hash,False,10,10,2654.658924033226,265.4658924033226,9443.294620166129,120,116,0,0.07192603599992253,18,7
2196,v3_no_through,hash,False,10,10,2654.6959314743863,265.4695931474386,9483.479657371932,118,118,0,0.04653675400004431,19,7
2196,v3_origin20,hash,False,10,10,2660.4670090597824,266.04670090597824,8902.335045298913,139,135,0,0.0771400439999752,21,8
2196,v3_prior,hash,False,10,10,2651.0816965723398,265.108169657234,9465.4084828617,118,118,0,0.05006036800000402,19,7
2197,v1,hash,False,13,13,3665.847493098828,281.98826869990984,13689.237465494141,147,128,0,0.024169098000015765,38,0
2197,v2,hash,False,13,13,3193.919183881525,245.68609106780963,11499.595919407624,139,134,0,0.21817518699992888,23,8
2197,v3,hash,False,13,13,3438.086197197123,264.4681690151633,13270.430985985615,121,114,0,0.07419820899997376,27,7
2197,v3_no_probe,hash,False,13,13,3502.8396841285366,269.4492064714259,13654.198420642682,119,112,0,0.16023186900008568,26,7
2197,v3_no_route,hash,False,13,13,3137.4258143496854,241.3404472576681,11312.129071748428,136,130,0,0.11554523099994185,26,7
2197,v3_no_through,hash,False,13,13,3437.785639460976,264.44504918930585,13268.92819730488,121,114,0,0.06935648299997865,27,7
2197,v3_origin20,hash,False,13,13,3165.871541200346,243.52858009233432,11284.35770600173,141,139,0,0.10328659899994364,24,8
2197,v3_prior,hash,False,13,13,3462.615117558089,266.3550090429299,13358.075587790445,122,116,0,0.07728737599995839,28,7
2198,v1,hash,False,10,10,3076.321133981324,307.6321133981324,11176.60566990662,134,121,0,0.021453435000012178,31,0
2198,v2,hash,False,10,10,2992.180944246111,299.2180944246111,10710.904721230554,134,130,0,0.2057060070000034,21,8
2198,v3,hash,False,10,10,3030.148741194521,303.0148741194521,11085.743705972603,128,123,0,0.078436312000008,23,7
2198,v3_no_probe,hash,False,10,10,3041.6202799111256,304.16202799111255,11333.101399555628,122,115,0,0.13313826300009168,21,7
2198,v3_no_route,hash,False,10,10,2994.542587482067,299.4542587482067,10967.712937410335,126,121,0,0.09023098199998003,21,7
2198,v3_no_through,hash,False,10,10,3035.6567553675077,303.56567553675075,11083.283776837538,129,124,0,0.07472843899995496,23,7
2198,v3_origin20,hash,False,10,10,3077.8438614229444,307.78438614229447,10859.219307114721,143,141,0,0.08474674600006438,22,8
2198,v3_prior,hash,False,10,10,3038.6764198463434,303.86764198463436,11128.382099231718,128,123,0,0.07629125099992962,22,7
2199,v1,hash,False,15,15,3425.5983407696285,228.37322271797524,12887.991703848144,131,118,0,0.033472784999958094,39,0
2199,v2,hash,False,15,15,2943.7158035711004,196.24772023807336,10968.579017855502,113,110,0,0.3061033700000735,23,8
2199,v3,hash,False,15,15,3135.802111294759,209.05347408631727,12039.010556473795,109,108,0,0.10088186600000881,23,7
2199,v3_no_probe,hash,False,15,15,3251.1771267028453,216.7451417801897,12600.885633514226,109,111,0,0.15603580000004058,23,7
2199,v3_no_route,hash,False,15,15,3136.93366487754,209.12891099183602,11789.668324387701,117,119,0,0.17965977300002578,23,7
2199,v3_no_through,hash,False,15,15,3192.7636911843792,212.8509127456253,12248.818455921897,111,113,0,0.09715443400000368,25,7
2199,v3_origin20,hash,False,15,15,3092.85730660874,206.19048710724934,11634.286533043702,115,116,0,0.12386498099999699,24,8
2199,v3_prior,hash,False,15,15,3135.802111294759,209.05347408631727,12039.010556473795,109,108,0,0.09277479699994728,23,7
