seed,mode,noise,stress,true_sources,cleared,virtual_seconds,seconds_per_source,movement_metres,detects,switches,failed_clears,local_runtime_seconds,steps,full_scans
0,initial0,hash,False,15,15,2926.041669320766,195.06944462138438,10720.20834660383,117,122,0,0.2280144989999826,25,7
0,initial0deep,hash,False,15,15,3076.0138857320712,205.0675923821381,11420.069428660356,119,122,0,0.2943381989999807,26,7
0,initial0mix,hash,False,15,15,2926.624489077613,195.10829927184085,10503.122445388064,126,121,0,0.3358358350000117,25,7
0,initial10,hash,False,15,15,3049.3074284984878,203.2871618998992,11351.53714249244,118,114,0,0.2074925809999968,23,7
0,initial15,hash,False,15,15,3052.7268057112474,203.51512038074983,10858.634028556236,134,136,0,0.2436859969999432,24,7
0,initial3,hash,False,15,15,2945.6952123814162,196.37968082542776,11033.476061907082,111,109,0,0.20416044000000966,24,7
0,initial5,hash,False,15,15,2957.6952123814162,197.17968082542774,11033.476061907082,113,111,0,0.2576490649998959,24,7
0,initial5mix,hash,False,15,15,2836.8673140071282,189.12448760047522,10379.33657003564,115,111,0,0.3283586730000252,25,7
0,mixglobal,hash,False,15,15,3135.9560612631776,209.06373741754518,10669.780306315888,154,157,0,0.21131527700003971,26,8
0,mixprobe,hash,False,15,15,3135.9560612631776,209.06373741754518,10669.780306315888,154,157,0,0.33079130900000564,26,8
0,v2,hash,False,15,15,3078.841177878341,205.25607852522273,10779.205889391706,141,143,0,0.29906008499995096,22,8
1,initial0,hash,False,13,13,3231.7088174543164,248.59298595802434,12413.544087271583,114,114,0,0.1997382549999429,24,7
1,initial0deep,hash,False,13,13,3502.9732245196224,269.4594788092017,13274.866122598112,131,128,0,0.07586959599996135,22,7
1,initial0mix,hash,False,13,13,3514.8835353091927,270.3756565622456,13274.417676545963,133,130,0,0.0867444959999375,24,7
1,initial10,hash,False,13,13,3453.9459768140964,265.6881520626228,12829.729884070483,137,138,0,0.18049248500005888,22,7
1,initial15,hash,False,13,13,3480.402351003836,267.72325776952584,12837.011755019179,141,143,0,0.17919272099993577,22,7
1,initial3,hash,False,13,13,3410.3939502805647,262.33799617542803,12826.969751402823,130,130,0,0.16687240599992492,22,7
1,initial5,hash,False,13,13,3408.745032705101,262.2111563619309,12813.725163525505,130,131,0,0.15643462399998498,22,7
1,initial5mix,hash,False,13,13,3299.501864401287,253.80783572317594,12182.509322006435,133,133,0,0.090990331999933,22,7
1,mixglobal,hash,False,13,13,3426.0383315037907,263.54141011567623,12510.191657518953,143,144,0,0.18660206200001994,24,8
1,mixprobe,hash,False,13,13,3426.0383315037907,263.54141011567623,12510.191657518953,143,144,0,0.11290520800002923,24,8
1,v2,hash,False,13,13,3487.2165011640705,268.24742316646694,12841.082505820352,142,144,0,0.2129058289999648,22,8
2,initial0,hash,False,15,15,3258.1164841930376,217.20776561286917,12400.582420965187,118,113,0,0.15486260599993784,24,7
2,initial0deep,hash,False,15,15,3272.5281455157788,218.16854303438524,12552.640727578893,115,112,0,0.08228616199994576,26,7
2,initial0mix,hash,False,15,15,3175.197935539619,211.67986236930793,11800.989677698093,124,120,0,0.0810851769999772,28,7
2,initial10,hash,False,15,15,3227.85551189941,215.19036745996067,11754.27755949705,135,127,0,0.18403655200006597,24,7
2,initial15,hash,False,15,15,3260.3765985382547,217.35843990255032,11791.882992691273,139,132,0,0.1801838910000697,24,7
2,initial3,hash,False,15,15,3156.3447306160165,210.42298204106777,11746.723653080082,123,117,0,0.17252001199994993,24,7
2,initial5,hash,False,15,15,3196.85551189941,213.123700793294,11754.27755949705,130,121,0,0.18302198899993982,24,7
2,initial5mix,hash,False,15,15,3143.410884098033,209.56072560653553,11387.054420490165,133,126,0,0.0961011240000289,27,7
2,mixglobal,hash,False,15,15,3162.3599010868493,210.82399340578996,11096.799505434246,145,143,0,0.18181543100001818,25,8
2,mixprobe,hash,False,15,15,3162.3599010868493,210.82399340578996,11096.799505434246,145,143,0,0.09908321000000342,25,8
2,v2,hash,False,15,15,3160.1143907593314,210.67429271728875,11245.571953796658,140,136,0,0.20162704100005158,25,8
3,initial0,hash,False,15,15,3286.131588699701,219.0754392466467,12650.657943498505,114,111,0,0.1741313559999753,24,7
3,initial0deep,hash,False,15,15,3198.8663979600274,213.25775986400183,12274.331989800137,111,114,0,0.09375951600009103,26,7
3,initial0mix,hash,False,15,15,3173.659820363127,211.5773213575418,12213.299101815635,109,111,0,0.0913498149999441,25,7
3,initial10,hash,False,15,15,3275.5957067998415,218.37304711998942,12032.978533999207,133,129,0,0.2232581289999871,25,7
3,initial15,hash,False,15,15,3326.6968169226902,221.77978779484602,12033.484084613452,141,140,0,0.2376064080000333,24,7
3,initial3,hash,False,15,15,3303.131588699701,220.20877257998006,12650.657943498505,117,113,0,0.1719510429999218,24,7
3,initial5,hash,False,15,15,3303.384685275153,220.2256456850102,12621.923426375766,118,114,0,0.18092858599993633,25,7
3,initial5mix,hash,False,15,15,3225.909094038112,215.06060626920745,12059.54547019056,124,119,0,0.08312820900005136,26,7
3,mixglobal,hash,False,15,15,3345.409678977957,223.0273119318638,11797.048394889784,152,151,0,0.20163964700009274,25,8
3,mixprobe,hash,False,15,15,3345.409678977957,223.0273119318638,11797.048394889784,152,151,0,0.12318655700005365,25,8
3,v2,hash,False,15,15,3344.1545182923987,222.94363455282658,12030.772591461993,144,143,0,0.24451207200002045,24,8
4,initial0,hash,False,15,15,3177.463056779492,211.83087045196615,11597.31528389746,130,133,0,0.22285109500001,25,7
4,initial0deep,hash,False,15,15,3128.8351943976368,208.58901295984245,11759.175971988185,117,117,0,0.08459582199998295,27,7
4,initial0mix,hash,False,15,15,3007.387567881401,200.49250452542674,11081.937839407005,119,121,0,0.08363751399997454,27,7
4,initial10,hash,False,15,15,3041.6989926453152,202.77993284302102,11088.494963226576,125,124,0,0.19663055000000895,26,7
4,initial15,hash,False,15,15,3309.993822312932,220.66625482086212,11869.96911156466,144,141,0,0.26129099100000985,25,7
4,initial3,hash,False,15,15,3194.463056779492,212.96420378529947,11597.31528389746,133,135,0,0.21867703800000982,25,7
4,initial5,hash,False,15,15,3265.276214025842,217.68508093505613,11926.38107012921,134,135,0,0.20119550600009006,26,7
4,initial5mix,hash,False,15,15,2988.5741655270604,199.23827770180404,10852.8708276353,124,123,0,0.08461939699998311,27,7
4,mixglobal,hash,False,15,15,3106.6452833449207,207.10968555632806,11063.226416724603,136,139,0,0.18631236900000658,26,8
4,mixprobe,hash,False,15,15,3106.6452833449207,207.10968555632806,11063.226416724603,136,139,0,0.10923902299998645,26,8
4,v2,hash,False,15,15,3131.186887813542,208.7457925209028,11185.93443906771,136,139,0,0.2570138300000053,26,8
5,initial0,hash,False,14,14,3089.0298644889367,220.64499032063833,11635.149322444684,115,117,0,0.19948627399992347,24,7
5,initial0deep,hash,False,14,14,3054.5744178329232,218.18388698806595,11282.872089164615,121,123,0,0.11364947799995662,22,7
5,initial0mix,hash,False,14,14,2997.714766169427,214.12248329781622,10933.573830847135,123,126,0,0.09193214499998703,24,7
5,initial10,hash,False,14,14,2856.345320028963,204.02466571635452,10376.726600144817,118,121,0,0.2522301019999986,26,7
5,initial15,hash,False,14,14,3012.646622809561,215.18904448639722,10758.233114047805,131,136,0,0.25785226200002853,24,7
5,initial3,hash,False,14,14,2961.3161407371445,211.5225814812246,10396.580703685722,135,137,0,0.1834170050000239,22,7
5,initial5,hash,False,14,14,2825.345320028963,201.8103800020688,10376.726600144817,113,115,0,0.2602384859999347,26,7
5,initial5mix,hash,False,14,14,2802.466573149151,200.17618379636792,10247.332865745755,114,113,0,0.10596353500000077,25,7
5,mixglobal,hash,False,14,14,2854.7611530207278,203.91151093005197,10188.805765103638,124,127,0,0.18680323199998838,24,8
5,mixprobe,hash,False,14,14,2854.7611530207278,203.91151093005197,10188.805765103638,124,127,0,0.10244895599998927,24,8
5,v2,hash,False,14,14,3045.114622834539,217.50818734532422,10805.573114172696,135,139,0,0.25320249100002457,25,8
6,initial0,hash,False,13,13,3026.941251405204,232.84163472347726,10854.70625702602,132,131,0,0.1757933269999512,23,7
6,initial0deep,hash,False,13,13,3203.070982869901,246.390075605377,11820.354914349504,129,129,0,0.08790068400003292,26,7
6,initial0mix,hash,False,13,13,3093.063719215291,237.9279784011762,11180.318596076453,132,132,0,0.08978792599998542,24,7
6,initial10,hash,False,13,13,3009.360904333219,231.48930033332454,10971.804521666094,126,120,0,0.17942776799998228,24,7
6,initial15,hash,False,13,13,2990.7460608254914,230.05738929426857,10638.730304127457,133,133,0,0.21541229600006773,24,7
6,initial3,hash,False,13,13,3043.941251405204,234.14932703116955,10854.70625702602,135,133,0,0.16672000900007333,23,7
6,initial5,hash,False,13,13,3016.4369551241384,232.03361193262603,11192.184775620692,120,113,0,0.16873130699991634,23,7
6,initial5mix,hash,False,13,13,3087.954487542487,237.53496058019132,11164.772437712436,132,130,0,0.0859809649999761,25,7
6,mixglobal,hash,False,13,13,3124.544112382178,240.34954710632138,10722.72056191089,152,155,0,0.20287844900008167,24,8
6,mixprobe,hash,False,13,13,3124.544112382178,240.34954710632138,10722.72056191089,152,155,0,0.12233312700004717,24,8
6,v2,hash,False,13,13,3145.4216670741207,241.95551285185545,10992.108335370604,147,147,0,0.2874816669999518,24,8
7,initial0,hash,False,16,16,2885.7549905874102,180.35968691171314,10783.77495293705,108,109,0,0.19331156500004454,22,5
7,initial0deep,hash,False,16,16,3172.3404173008003,198.27127608130002,12211.702086504001,108,110,0,0.12912521399994148,27,6
7,initial0mix,hash,False,16,16,2983.2392929691414,186.45245581057134,11226.196464845707,109,113,0,0.10332712199999605,27,6
7,initial10,hash,False,16,16,3111.8684943216153,194.49178089510096,11849.342471608077,110,112,0,0.2640096689999609,28,6
7,initial15,hash,False,16,16,3125.172827977898,195.32330174861863,11855.86413988949,112,114,0,0.2654008409999733,28,6
7,initial3,hash,False,16,16,3205.644671425839,200.35279196411494,12118.223357129194,117,117,0,0.31494925100003,29,6
7,initial5,hash,False,16,16,3137.87787139208,196.117366962005,12119.3893569604,105,109,0,0.2620303490000424,28,6
7,initial5mix,hash,False,16,16,2976.5061654650754,186.0316353415672,11252.530827325378,107,111,0,0.10215998800003945,28,6
7,mixglobal,hash,False,16,16,3114.8647319842626,194.6790457490164,11659.323659921312,117,118,0,0.17726997900001606,24,6
7,mixprobe,hash,False,16,16,3114.8647319842626,194.6790457490164,11659.323659921312,117,118,0,0.12730690199998662,24,6
7,v2,hash,False,16,16,3193.8774474858405,199.61734046786503,12054.387237429202,117,118,0,0.2578751099999863,24,6
8,initial0,hash,False,15,15,3069.0459105318273,204.6030607021218,11875.229552659137,103,104,0,0.210092378000013,23,7
8,initial0deep,hash,False,15,15,3184.157962918195,212.27719752787968,11590.789814590975,131,136,0,0.08350695700005417,22,7
8,initial0mix,hash,False,15,15,3338.2143183461526,222.54762122307685,12321.071591730763,133,134,0,0.09972500000003492,25,7
8,initial10,hash,False,15,15,2982.0020871847123,198.80013914564748,10325.010435923561,140,142,0,0.1863535329999877,24,7
8,initial15,hash,False,15,15,3101.5879654437754,206.77253102958502,10832.939827218877,143,145,0,0.19974769899999956,23,7
8,initial3,hash,False,15,15,3086.0459105318273,205.73639403545516,11875.229552659137,106,106,0,0.20714385300004778,23,7
8,initial5,hash,False,15,15,3036.571045036504,202.43806966910026,11527.85522518252,109,111,0,0.1745752369999991,23,7
8,initial5mix,hash,False,15,15,2865.3861214868293,191.02574143245528,10671.930607434148,109,111,0,0.08417070999996668,23,7
8,mixglobal,hash,False,15,15,3024.17281138607,201.61152075907134,10450.86405693035,143,144,0,0.1727771109999594,23,8
8,mixprobe,hash,False,15,15,3024.17281138607,201.61152075907134,10450.86405693035,143,144,0,0.1088854890000448,23,8
8,v2,hash,False,15,15,3244.2692657850907,216.28461771900604,11361.346328925454,149,152,0,0.2552763239999649,24,8
9,initial0,hash,False,12,12,3183.1048344831497,265.25873620692914,11980.52417241575,122,117,0,0.12345132600000852,21,7
9,initial0deep,hash,False,12,12,2994.005322975675,249.50044358130626,11245.026614878374,114,115,0,0.07687622800006011,21,7
9,initial0mix,hash,False,12,12,3033.986282314925,252.83219019291042,11309.931411574626,118,122,0,0.08662892300003477,24,7
9,initial10,hash,False,12,12,3160.55168064332,263.3793067202767,11562.758403216601,132,128,0,0.17352410900002724,22,7
9,initial15,hash,False,12,12,3098.8935004730474,258.24112503942064,11004.467502365236,140,138,0,0.20622006799999326,23,7
9,initial3,hash,False,12,12,3200.1048344831497,266.67540287359583,11980.52417241575,125,119,0,0.1267767310000636,21,7
9,initial5,hash,False,12,12,3021.5508952483015,251.79590793735846,11017.754476241507,127,123,0,0.1561317919999965,22,7
9,initial5mix,hash,False,12,12,3053.934788895354,254.4945657412795,10919.67394447677,135,135,0,0.09465518899992276,25,7
9,mixglobal,hash,False,12,12,3245.67276386967,270.4727303224725,11618.36381934835,144,142,0,0.19633366100003968,24,8
9,mixprobe,hash,False,12,12,3245.67276386967,270.4727303224725,11618.36381934835,144,142,0,0.12048400399999082,24,8
9,v2,hash,False,12,12,3227.0300159384965,268.9191679948747,11620.150079692483,140,143,0,0.2193999899999426,22,8
10,initial0,hash,False,15,15,3194.1461164640978,212.94307443093984,12375.73058232049,107,109,0,0.20610336700008247,24,7
10,initial0deep,hash,False,15,15,3279.5098915967446,218.63399277311632,12327.549457983723,123,124,0,0.09246249600005285,24,7
10,initial0mix,hash,False,15,15,3221.7882359403347,214.78588239602232,11973.941179701673,125,127,0,0.09348974900001394,25,7
10,initial10,hash,False,15,15,3071.399080823144,204.7599387215429,11331.995404115718,121,125,0,0.27170415499995215,24,7
10,initial15,hash,False,15,15,3121.568434333838,208.10456228892252,11362.84217166919,128,134,0,0.28260039700001016,24,7
10,initial3,hash,False,15,15,3022.1954203328646,201.47969468885765,11545.977101664323,106,108,0,0.21785070999999334,24,7
10,initial5,hash,False,15,15,3034.1954203328646,202.27969468885763,11545.977101664323,108,110,0,0.21416843600002267,24,7
10,initial5mix,hash,False,15,15,3139.0705133997017,209.27136755998012,11425.352566998508,130,129,0,0.11523025600001802,25,7
10,mixglobal,hash,False,15,15,2949.277206892847,196.61848045952314,10511.386034464234,128,132,0,0.18251148800004557,24,8
10,mixprobe,hash,False,15,15,2949.277206892847,196.61848045952314,10511.386034464234,128,132,0,0.1075844940000934,24,8
10,v2,hash,False,15,15,3021.298258289292,201.4198838859528,10921.49129144646,126,132,0,0.3077489020000712,25,8
11,initial0,hash,False,10,10,2981.801669714548,298.1801669714548,10744.008348572741,131,128,0,0.11446244500007197,20,7
11,initial0deep,hash,False,10,10,2956.4475163728243,295.6447516372824,10707.237581864121,128,125,0,0.054642426999976124,19,7
11,initial0mix,hash,False,10,10,2957.610350459422,295.7610350459422,10568.051752297111,133,129,0,0.06046476800008804,24,7
11,initial10,hash,False,10,10,2931.093123984405,293.10931239844047,10290.465619922024,137,138,0,0.1367377699999679,20,7
11,initial15,hash,False,10,10,2961.093123984405,296.10931239844047,10290.465619922024,142,143,0,0.13421200400000544,20,7
11,initial3,hash,False,10,10,2888.7612828879423,288.87612828879423,10248.806414439712,132,129,0,0.11593554199998835,20,7
11,initial5,hash,False,10,10,2900.7612828879423,290.0761282887942,10248.806414439712,134,131,0,0.11478129199997511,20,7
11,initial5mix,hash,False,10,10,2919.9561176568413,291.99561176568415,10264.780588284206,137,132,0,0.06076862300005814,21,7
11,mixglobal,hash,False,10,10,3026.0102254152243,302.6010225415224,10290.051127076122,153,153,0,0.14622594599995864,21,8
11,mixprobe,hash,False,10,10,3026.0102254152243,302.6010225415224,10290.051127076122,153,153,0,0.08492262599997957,21,8
11,v2,hash,False,10,10,3023.597932173737,302.3597932173737,10332.989660868685,151,152,0,0.16655877599998803,21,8
12,initial0,hash,False,14,14,3235.079819986158,231.07712999901128,11945.39909993079,129,131,0,0.21249259499995787,23,7
12,initial0deep,hash,False,14,14,3361.050578626695,240.0750413304782,13040.252893133475,114,113,0,0.10358405900001344,26,7
12,initial0mix,hash,False,14,14,3306.8930702251387,236.2066478732242,12709.465351125693,116,115,0,0.13508144900004027,26,7
12,initial10,hash,False,14,14,3097.792867582621,221.27091911304436,11418.964337913105,123,129,0,0.21762442099998225,24,7
12,initial15,hash,False,14,14,3156.975588925131,225.49825635179508,11409.877944625656,133,140,0,0.29512889800002995,25,7
12,initial3,hash,False,14,14,3361.6342889076077,240.11673492197198,12953.171444538038,117,116,0,0.21707649000006768,27,7
12,initial5,hash,False,14,14,3366.2799841575643,240.44857029696888,12476.39992078782,133,136,0,0.2712889869999344,25,7
12,initial5mix,hash,False,14,14,3351.5061282332435,239.39329487380311,12597.530641166217,127,127,0,0.09893593600008899,26,7
12,mixglobal,hash,False,14,14,3103.2204357317582,221.65860255226843,11421.102178658792,124,129,0,0.19660502800002178,25,8
12,mixprobe,hash,False,14,14,3103.2204357317582,221.65860255226843,11421.102178658792,124,129,0,0.12111987500009036,25,8
12,v2,hash,False,14,14,3177.4985800748627,226.96418429106163,11392.492900374313,137,144,0,0.2621589429999176,24,8
13,initial0,hash,False,16,16,2960.762034938151,185.04762718363443,10888.810174690754,117,118,0,0.22992291900004602,25,6
13,initial0deep,hash,False,16,16,3388.4896188872162,211.78060118045101,13387.448094436082,105,106,0,0.08720044500000768,24,6
13,initial0mix,hash,False,16,16,3320.5793352649134,207.5362084540571,12957.896676324566,108,109,0,0.09227502199996707,26,6
13,initial10,hash,False,16,16,3461.0554524512413,216.31596577820258,13635.277262256206,109,109,0,0.24410718199999337,26,6
13,initial15,hash,False,16,16,3428.8688008227678,214.30430005142298,13549.344004113838,106,109,0,0.2447893030000614,26,6
13,initial3,hash,False,16,16,3439.34907384298,214.95931711518625,13481.7453692149,111,108,0,0.22335261199998513,26,6
13,initial5,hash,False,16,16,3451.34907384298,215.70931711518625,13481.7453692149,113,110,0,0.2217820789999223,26,6
13,initial5mix,hash,False,16,16,3349.084463764952,209.3177789853095,12890.42231882476,115,116,0,0.10089706899998419,28,6
13,mixglobal,hash,False,16,16,2971.974350635036,185.74839691468975,10984.87175317518,116,115,0,0.18156121800006986,23,6
13,mixprobe,hash,False,16,16,2971.974350635036,185.74839691468975,10984.87175317518,116,115,0,0.10796992600000976,23,6
13,v2,hash,False,16,16,3019.0067034359627,188.68791896474767,11250.033517179814,115,114,0,0.29026605900003233,24,6
14,initial0,hash,False,11,11,3414.2312094131153,310.3846554011923,13011.156047065577,127,122,0,0.18198985600008655,24,7
14,initial0deep,hash,False,11,11,3552.093869280694,322.91762448006307,13770.46934640347,124,123,0,0.06654890099991917,20,7
14,initial0mix,hash,False,11,11,3566.634863928683,324.2395330844257,13643.174319643414,131,128,0,0.08318277399996532,24,7
14,initial10,hash,False,11,11,3584.647399056348,325.8770362778498,13658.23699528174,133,133,0,0.2391169610000361,23,7
14,initial15,hash,False,11,11,3604.198395922911,327.65439962935557,13605.991979614555,138,138,0,0.24328770300007818,23,7
14,initial3,hash,False,11,11,3485.0578932789676,316.8234448435425,13470.289466394837,123,121,0,0.17360010899994904,23,7
14,initial5,hash,False,11,11,3451.9400944543922,313.8127358594902,13234.700472271961,126,120,0,0.20111116200007473,25,7
14,initial5mix,hash,False,11,11,3480.453994426861,316.40490858426006,12747.269972134303,146,146,0,0.10266636200003632,24,7
14,mixglobal,hash,False,11,11,3578.948685219085,325.3589713835532,13019.743426095423,153,155,0,0.17580313799999203,25,9
14,mixprobe,hash,False,11,11,3653.303420779824,332.11849279816585,13656.517103899121,144,147,0,0.09458337999990363,24,8
14,v2,hash,False,11,11,3634.198395922911,330.38167235662826,13605.991979614555,143,143,0,0.23771557400004895,23,8
15,initial0,hash,False,16,16,3133.4102679831262,195.8381417489454,11932.051339915632,111,112,0,0.2484113250000064,25,6
15,initial0deep,hash,False,16,16,3034.4498326919347,189.65311454324592,11332.249163459674,114,118,0,0.1267255949999253,25,5
15,initial0mix,hash,False,16,16,2923.4140202456683,182.71337626535427,10707.070101228343,117,117,0,0.11701736600002732,23,5
15,initial10,hash,False,16,16,2924.5983067559964,182.78739417224978,10872.991533779981,111,115,0,0.2766190339999639,24,5
15,initial15,hash,False,16,16,2836.8141956426834,177.30088722766772,10764.070978213418,100,104,0,0.2846450920000052,22,3
15,initial3,hash,False,16,16,2832.2318611869177,177.01449132418236,10706.159305934589,101,106,0,0.23385541200002535,24,4
15,initial5,hash,False,16,16,2864.346581836069,179.02166136475432,10716.732909180346,106,111,0,0.2619782040000018,24,4
15,initial5mix,hash,False,16,16,2855.614755454559,178.47592221590995,10563.073777272795,110,113,0,0.11822787500000231,23,4
15,mixglobal,hash,False,16,16,2726.9447577033143,170.43404735645714,10504.72378851657,90,96,0,0.23579014500000994,23,4
15,mixprobe,hash,False,16,16,2637.847794474431,164.86548715465193,10334.238972372155,81,86,0,0.10692967399995723,23,3
15,v2,hash,False,16,16,2824.28294202749,176.51768387671814,10451.414710137451,108,114,0,0.32176489799996943,21,5
16,initial0,hash,False,13,13,3265.33602877204,251.17969452092618,12541.680143860201,116,112,0,0.17672607200006496,23,7
16,initial0deep,hash,False,13,13,3331.772548911996,256.29019607015357,12813.862744559981,117,119,0,0.06909130199994706,24,7
16,initial0mix,hash,False,13,13,3314.925077312973,254.99423671638255,12444.625386564865,127,126,0,0.07997226300005877,26,7
16,initial10,hash,False,13,13,3466.9308366295913,266.6869874330455,13309.654183147957,123,125,0,0.2165793379999741,26,7
16,initial15,hash,False,13,13,3500.64381436531,269.28029341271616,13328.21907182655,128,130,0,0.22666326500007017,26,7
16,initial3,hash,False,13,13,3598.4596874424924,276.8045913417302,13987.298437212461,123,121,0,0.20191719499996452,27,7
16,initial5,hash,False,13,13,3610.4596874424924,277.7276682648071,13987.298437212461,125,123,0,0.20054825700003676,27,7
16,initial5mix,hash,False,13,13,3362.75419125556,258.67339932735075,12813.7709562778,123,120,0,0.09376078699995105,28,7
16,mixglobal,hash,False,13,13,3515.037805846304,270.38752352663874,13090.18902923152,139,137,0,0.2011983740000005,25,8
16,mixprobe,hash,False,13,13,3515.037805846304,270.38752352663874,13090.18902923152,139,137,0,0.10601798699997289,25,8
16,v2,hash,False,13,13,3508.0126949449614,269.84713038038166,13305.063474724806,130,132,0,0.21211971999991874,25,8
17,initial0,hash,False,15,15,3317.464129813665,221.164275320911,12457.320649068324,125,126,0,0.31245038399993064,27,7
17,initial0deep,hash,False,15,15,3558.8963733329456,237.25975822219638,13954.481866664728,115,118,0,0.09241500399991764,25,7
17,initial0mix,hash,False,15,15,3376.687614305737,225.11250762038247,12828.438071528686,123,121,0,0.10554834699996718,29,7
17,initial10,hash,False,15,15,3194.7555382596624,212.98370255064415,11698.777691298312,130,130,0,0.258666618999996,26,7
17,initial15,hash,False,15,15,3244.7083151376096,216.31388767584065,11703.541575688048,138,139,0,0.31191737400001784,26,7
17,initial3,hash,False,15,15,3360.973301885002,224.06488679233345,12764.86650942501,122,123,0,0.2850861329999361,27,7
17,initial5,hash,False,15,15,3372.973301885002,224.86488679233346,12764.86650942501,124,125,0,0.20968776600000183,27,7
17,initial5mix,hash,False,15,15,3302.8385294336663,220.18923529557776,12514.192647168331,121,120,0,0.09312082999997529,27,7
17,mixglobal,hash,False,15,15,3327.31243076133,221.820828717422,11836.56215380665,147,150,0,0.2085758050000095,26,8
17,mixprobe,hash,False,15,15,3327.31243076133,221.820828717422,11836.56215380665,147,150,0,0.13641655700007504,26,8
17,v2,hash,False,15,15,3278.084452379225,218.53896349194832,11695.422261896125,144,144,0,0.2888435849999951,26,8
18,initial0,hash,False,16,16,3302.359586376793,206.39747414854955,12636.797931883964,116,115,0,0.25136776199997257,25,6
18,initial0deep,hash,False,16,16,3319.0338180625054,207.43961362890659,12770.169090312527,114,115,0,0.10261461399989003,26,7
18,initial0mix,hash,False,16,16,3274.7243647205837,204.67027279503648,12533.621823602918,115,113,0,0.10512620899999092,26,7
18,initial10,hash,False,16,16,3084.3290257708477,192.77056411067798,12146.645128854238,95,100,0,0.257547268000053,23,5
18,initial15,hash,False,16,16,3101.413407806287,193.83833798789294,11667.067039031435,114,118,0,0.3047783420000769,25,5
18,initial3,hash,False,16,16,3115.560147733394,194.72250923333712,11887.800738666969,109,113,0,0.2158398720000605,23,5
18,initial5,hash,False,16,16,3150.674594337831,196.91716214611444,11888.372971689154,115,118,0,0.2583589559999382,23,5
18,initial5mix,hash,False,16,16,3131.923531562654,195.74522072266586,11649.617657813269,120,122,0,0.11353727799996705,24,5
18,mixglobal,hash,False,16,16,3181.5922196175507,198.84951372609692,11572.961098087753,130,137,0,0.23118461599995044,25,6
18,mixprobe,hash,False,16,16,3181.5922196175507,198.84951372609692,11572.961098087753,130,137,0,0.14005645700001423,25,6
18,v2,hash,False,16,16,3036.602086350522,189.78763039690762,11333.01043175261,114,120,0,0.34462506700003814,23,6
19,initial0,hash,False,14,14,3257.6703888122142,232.6907420580153,12203.35194406107,125,122,0,0.14685139300001993,23,7
19,initial0deep,hash,False,14,14,3064.0008656746822,218.85720469104874,11655.004328373412,110,113,0,0.07685190899996996,23,7
19,initial0mix,hash,False,14,14,3053.9354974918933,218.13824982084952,11459.677487459467,115,117,0,0.0794549920000236,22,7
19,initial10,hash,False,14,14,3227.5272952338337,230.53766394527383,12102.63647616917,123,122,0,0.22442466299992248,25,7
19,initial15,hash,False,14,14,3383.812549271936,241.70089637656685,12899.06274635968,122,124,0,0.21552099000007274,24,7
19,initial3,hash,False,14,14,3196.471657267082,228.31940409050586,11967.35828633541,123,118,0,0.21092797900007554,25,7
19,initial5,hash,False,14,14,3197.5272952338337,228.3948068024167,12102.63647616917,118,117,0,0.22835680299999694,25,7
19,initial5mix,hash,False,14,14,3184.3958560742476,227.45684686244627,12086.979280371239,117,112,0,0.08808500200007074,26,7
19,mixglobal,hash,False,14,14,3201.777044902211,228.6983603501579,12003.885224511056,122,121,0,0.16293029799999204,25,8
19,mixprobe,hash,False,14,14,3201.777044902211,228.6983603501579,12003.885224511056,122,121,0,0.0927949769999259,25,8
19,v2,hash,False,14,14,3384.6670240964945,241.76193029260676,12898.335120482472,122,125,0,0.2601962710000407,24,8
20,initial0,hash,False,16,16,3123.5840237430084,195.22400148393803,11932.920118715043,110,107,0,0.21575948500003506,26,6
20,initial0deep,hash,False,16,16,3097.973194362175,193.62332464763594,11879.865971810876,107,107,0,0.08550697900000159,24,6
20,initial0mix,hash,False,16,16,3046.989930873814,190.43687067961338,11469.94965436907,112,113,0,0.10173011899996709,24,6
20,initial10,hash,False,16,16,2975.297268186368,185.956079261648,10866.48634093184,120,122,0,0.30120082099995216,26,6
20,initial15,hash,False,16,16,2978.5791889387483,186.16119930867177,10727.895944693742,125,128,0,0.3130338700000266,27,6
20,initial3,hash,False,16,16,3164.8971334356197,197.80607083972623,11794.485667178098,121,121,0,0.27879357799997706,26,6
20,initial5,hash,False,16,16,2944.297268186368,184.018579261648,10866.48634093184,115,116,0,0.2563102499999559,26,6
20,initial5mix,hash,False,16,16,2858.8985714877604,178.68116071798502,10379.492857438801,117,118,0,0.11759730300002502,25,6
20,mixglobal,hash,False,16,16,2896.5725131891754,181.03578207432346,10262.862565945878,127,129,0,0.20158129100002498,26,7
20,mixprobe,hash,False,16,16,2896.5725131891754,181.03578207432346,10262.862565945878,127,129,0,0.13453674599998067,26,7
20,v2,hash,False,16,16,2949.770588465129,184.36066177907057,10643.852942325646,123,126,0,0.27641213099991546,26,7
21,initial0,hash,False,12,12,2861.0237066333516,238.41864221944596,10435.118533166758,119,119,0,0.15707396700008758,21,7
21,initial0deep,hash,False,12,12,2907.4400150704264,242.28666792253554,10637.200075352132,120,120,0,0.06506934000003639,20,7
21,initial0mix,hash,False,12,12,2791.829347103171,232.65244559193093,10124.146735515857,118,117,0,0.06161458099995798,19,7
21,initial10,hash,False,12,12,2761.095148315665,230.09126235963876,9850.475741578324,122,121,0,0.14095081699997536,20,7
21,initial15,hash,False,12,12,2791.095148315665,232.59126235963876,9850.475741578324,127,126,0,0.1427738520000048,20,7
21,initial3,hash,False,12,12,2878.0237066333516,239.83530888611264,10435.118533166758,122,121,0,0.1551540960000466,21,7
21,initial5,hash,False,12,12,2856.6994331821934,238.0582860985161,10268.497165910967,124,123,0,0.15617271500002516,21,7
21,initial5mix,hash,False,12,12,2776.1923107679695,231.34935923066413,9810.961553839848,126,124,0,0.07195515399996566,21,7
21,mixglobal,hash,False,12,12,2845.635152651133,237.13626272092776,9628.175763255666,143,145,0,0.180849839000075,22,8
21,mixprobe,hash,False,12,12,2845.635152651133,237.13626272092776,9628.175763255666,143,145,0,0.09848438599999554,22,8
21,v2,hash,False,12,12,2820.3210347618324,235.02675289681937,9631.605173809163,139,139,0,0.17906568299997616,20,8
22,initial0,hash,False,15,15,3384.9982611838695,225.6665507455913,12749.991305919348,126,130,0,0.2581475199999659,26,7
22,initial0deep,hash,False,15,15,3193.5491851533984,212.90327901022656,11742.745925766993,128,130,0,0.09703476599997884,23,7
22,initial0mix,hash,False,15,15,3242.742543518641,216.18283623457606,11993.712717593206,128,129,0,0.11032481500001268,27,7
22,initial10,hash,False,15,15,3596.0899572683984,239.7393304845599,13915.449786341991,123,123,0,0.26597162500002014,26,7
22,initial15,hash,False,15,15,3580.3526158409095,238.69017438939397,13826.763079204547,123,125,0,0.30439342599993324,25,7
22,initial3,hash,False,15,15,3375.110423475559,225.00736156503726,12775.552117377794,124,125,0,0.2649752400000125,26,7
22,initial5,hash,False,15,15,3312.62842389643,220.84189492642867,12778.14211948215,114,112,0,0.21003436299997702,25,7
22,initial5mix,hash,False,15,15,3368.4294350188547,224.5619623345903,13017.147175094273,115,115,0,0.14476410800000394,28,7
22,mixglobal,hash,False,15,15,3375.850052228812,225.05667014858744,12614.25026114406,129,133,0,0.2010368590000553,24,9
22,mixprobe,hash,False,15,15,3399.6137477607754,226.64091651738502,12828.068738803877,126,129,0,0.13022379999995337,28,8
22,v2,hash,False,15,15,3579.17368823002,238.61157921533467,13590.868441150102,131,131,0,0.31338009299997793,25,8
23,initial0,hash,False,10,10,3248.2120971038557,324.8212097103856,12406.06048551928,120,117,0,0.15013470299993514,21,7
23,initial0deep,hash,False,10,10,3319.1607035630377,331.91607035630375,12575.803517815188,126,124,0,0.061523012999941784,20,7
23,initial0mix,hash,False,10,10,3283.2247841677818,328.32247841677815,12341.123920838909,128,125,0,0.06492801700005657,23,7
23,initial10,hash,False,10,10,3534.817855481545,353.4817855481545,13389.089277407724,135,132,0,0.18021968699997615,21,7
23,initial15,hash,False,10,10,3565.817855481545,356.58178554815447,13389.089277407724,140,138,0,0.17745430799993755,21,7
23,initial3,hash,False,10,10,3258.916358104585,325.8916358104585,12404.581790522925,122,118,0,0.1487833710000359,21,7
23,initial5,hash,False,10,10,3270.916358104585,327.0916358104585,12404.581790522925,124,120,0,0.15213948199993865,21,7
23,initial5mix,hash,False,10,10,3317.003160942554,331.7003160942554,12340.01580471277,134,129,0,0.06926521999992019,23,7
23,mixglobal,hash,False,10,10,3355.2526502492856,335.52526502492856,12431.263251246428,137,134,0,0.16461070299999392,24,8
23,mixprobe,hash,False,10,10,3355.2526502492856,335.52526502492856,12431.263251246428,137,134,0,0.0942213549999451,24,8
23,v2,hash,False,10,10,3437.964659190147,343.7964659190147,12659.823295950735,143,141,0,0.18447682900000473,22,8
24,initial0,hash,False,12,12,3070.2156190958776,255.85130159132314,11536.078095479388,118,113,0,0.1651059629999736,22,7
24,initial0deep,hash,False,12,12,3224.0209412744616,268.6684117728718,12015.104706372307,127,126,0,0.09118236399990565,24,7
24,initial0mix,hash,False,12,12,3083.1614544475315,256.93012120396094,11290.807272237656,128,125,0,0.08372314400003233,23,7
24,initial10,hash,False,12,12,3102.1696073875455,258.5141339489621,11130.848036937728,136,136,0,0.20494757700009814,23,7
24,initial15,hash,False,12,12,3035.7196870238545,252.9766405853212,10693.598435119273,139,142,0,0.19161214899997958,23,7
24,initial3,hash,False,12,12,3221.3878125029673,268.4489843752473,11941.939062514837,129,128,0,0.19825207099995623,23,7
24,initial5,hash,False,12,12,3121.6484923625703,260.1373743635475,11413.242461812852,131,124,0,0.15836773199998788,23,7
24,initial5mix,hash,False,12,12,3044.460200263575,253.70501668863128,10962.301001317875,133,127,0,0.07543690499994682,25,7
24,mixglobal,hash,False,12,12,2986.77474716115,248.8978955967625,10578.87373580575,135,136,0,0.15782003399999667,21,8
24,mixprobe,hash,False,12,12,2986.77474716115,248.8978955967625,10578.87373580575,135,136,0,0.0876889859999892,21,8
24,v2,hash,False,12,12,3015.173775196741,251.2644812663951,10680.868875983706,136,139,0,0.19163081700003204,22,8
25,initial0,hash,False,13,13,3011.334839321809,231.64114148629298,10931.674196609045,127,125,0,0.2182009509999716,22,7
25,initial0deep,hash,False,13,13,2793.4207701874034,214.87852078364642,9937.103850937017,123,126,0,0.0710678430000371,20,7
25,initial0mix,hash,False,13,13,2767.482147921595,212.883242147815,9782.410739607974,124,126,0,0.07525803499993344,20,7
25,initial10,hash,False,13,13,2891.5253038731703,222.42502337485925,10012.626519365851,137,139,0,0.17753096399997048,20,7
25,initial15,hash,False,13,13,2921.227742471568,224.70982634396677,10006.13871235784,142,145,0,0.2017598510000198,21,7
25,initial3,hash,False,13,13,2928.7568904837744,225.28899157567497,10438.784452418873,129,131,0,0.16412774399998398,21,7
25,initial5,hash,False,13,13,2995.2546324427885,230.40420249559912,10726.273162213944,131,130,0,0.17450458200005414,22,7
25,initial5mix,hash,False,13,13,2940.375984707288,226.18276805440675,10356.87992353644,134,134,0,0.08582079300003898,23,7
25,mixglobal,hash,False,13,13,2869.4356582329856,220.72581986407582,9272.178291164928,158,160,0,0.18235615500009317,19,9
25,mixprobe,hash,False,13,13,2870.7616993325832,220.8278230255833,9568.808496662916,148,152,0,0.1021453669999346,21,8
25,v2,hash,False,13,13,2905.1280288501775,223.47138683462904,9715.640144250889,149,152,0,0.23928711900009603,21,8
26,initial0,hash,False,16,16,3129.334548994338,195.58340931214613,12201.672744971691,102,99,0,0.21116648300005636,26,6
26,initial0deep,hash,False,16,16,3306.5507463575655,206.65942164734784,13052.753731787827,103,101,0,0.0912298150000197,27,6
26,initial0mix,hash,False,16,16,3073.22634443477,192.07664652717312,11686.13172217385,110,106,0,0.09039857000004758,28,6
26,initial10,hash,False,16,16,3180.6084143464586,198.78802589665366,11878.042071732292,121,120,0,0.25042898300000616,23,6
26,initial15,hash,False,16,16,3220.0172779327186,201.2510798707949,11825.086389663593,129,130,0,0.23674680100009482,24,6
26,initial3,hash,False,16,16,3225.85261371891,201.61578835743188,12164.263068594551,119,118,0,0.2582788630001005,29,6
26,initial5,hash,False,16,16,3237.85261371891,202.36578835743188,12164.263068594551,121,120,0,0.25988087400003224,29,6
26,initial5mix,hash,False,16,16,3235.5497736501807,202.2218608531363,12292.748868250903,116,117,0,0.10161230200003502,26,6
26,mixglobal,hash,False,16,16,3354.128062098421,209.63300388115132,11875.640310492106,150,149,0,0.2169307529999287,28,8
26,mixprobe,hash,False,16,16,3350.332167095266,209.39576044345412,12051.66083547633,143,145,0,0.13314404200002627,24,7
26,v2,hash,False,16,16,3364.5352241475307,210.28345150922067,12502.676120737653,130,134,0,0.2716412519999949,27,7
27,initial0,hash,False,10,10,3266.690014280127,326.6690014280127,12388.450071400635,124,119,0,0.19689947799997753,20,7
27,initial0deep,hash,False,10,10,3060.111719074053,306.0111719074053,11280.558595370265,126,124,0,0.062334297999996124,19,7
27,initial0mix,hash,False,10,10,3075.4305857899094,307.54305857899095,11122.152928949547,134,131,0,0.06949932400004855,22,7
27,initial10,hash,False,10,10,3259.6776581930344,325.96776581930345,12128.388290965173,131,129,0,0.15978777700001956,22,7
27,initial15,hash,False,10,10,3289.166858099211,328.9166858099211,12125.834290496054,136,134,0,0.16378219199998512,22,7
27,initial3,hash,False,10,10,3288.5286666352877,328.85286666352874,12412.643333176438,127,121,0,0.1891507499999534,20,7
27,initial5,hash,False,10,10,3230.248560415227,323.0248560415227,12136.242802076136,126,123,0,0.16104817099994762,22,7
27,initial5mix,hash,False,10,10,3228.450815143398,322.84508151433977,12077.25407571699,128,123,0,0.06860404099995776,23,7
27,mixglobal,hash,False,10,10,3279.5002948341776,327.9500294834178,12037.501474170887,137,137,0,0.13743109899996853,21,8
27,mixprobe,hash,False,10,10,3279.5002948341776,327.9500294834178,12037.501474170887,137,137,0,0.0725756919999867,21,8
27,v2,hash,False,10,10,3287.168601733999,328.7168601733999,12110.843008669995,136,135,0,0.16806172799999786,22,8
28,initial0,hash,False,14,14,3855.572493986318,275.398035284737,15252.86246993159,124,115,0,0.2212765680000075,27,7
28,initial0deep,hash,False,14,14,3774.227719615258,269.5876942582327,14976.138598076292,118,119,0,0.09993107100001453,25,7
28,initial0mix,hash,False,14,14,3779.402079539763,269.9572913956973,14887.010397698814,122,122,0,0.10393389899991234,26,7
28,initial10,hash,False,14,14,3615.165391038572,258.226099359898,14030.82695519286,124,119,0,0.2576430919999666,24,7
28,initial15,hash,False,14,14,3666.0438401561473,261.86027429686766,14060.219200780737,131,129,0,0.2678685519999817,26,7
28,initial3,hash,False,14,14,3799.951769486453,271.4251263918895,14659.758847432266,134,128,0,0.2580208039998979,29,7
28,initial5,hash,False,14,14,3811.951769486453,272.28226924903237,14659.758847432266,136,130,0,0.2653809530000899,29,7
28,initial5mix,hash,False,14,14,3834.008985828764,273.8577847020546,15130.04492914382,124,118,0,0.07406200700006593,26,7
28,mixglobal,hash,False,14,14,3696.524621690857,264.03747297791836,13872.623108454285,142,142,0,0.19961851899995509,30,8
28,mixprobe,hash,False,14,14,3696.524621690857,264.03747297791836,13872.623108454285,142,142,0,0.13171269200006464,30,8
28,v2,hash,False,14,14,3696.0438401561473,264.0031314397248,14060.219200780737,136,134,0,0.2742486719999988,26,8
29,initial0,hash,False,16,16,3395.6988690031167,212.2311793126948,13258.494345015582,111,109,0,0.2085816869999917,26,6
29,initial0deep,hash,False,16,16,3428.2012658979647,214.2625791186228,13576.006329489825,106,103,0,0.08651286700001037,23,6
29,initial0mix,hash,False,16,16,3363.8052928092234,210.23783080057646,13044.026464046117,113,110,0,0.09811041000000387,26,6
29,initial10,hash,False,16,16,3674.35689532949,229.6473059580931,14511.784476647448,116,112,0,0.21468584100000498,25,6
29,initial15,hash,False,16,16,3395.1084244915182,212.1942765307199,12815.542122457591,126,122,0,0.21948122599997077,26,7
29,initial3,hash,False,16,16,3405.393398569301,212.83708741058132,13221.966992846505,114,111,0,0.21626113099989652,26,6
29,initial5,hash,False,16,16,3659.9282739236874,228.74551712023046,14529.641369618437,113,109,0,0.22915821699996286,25,6
29,initial5mix,hash,False,16,16,3378.697349050968,211.1685843156855,13028.48674525484,116,113,0,0.09889628799999173,26,6
29,mixglobal,hash,False,16,16,3448.999339235922,215.56245870224512,12694.99669617961,138,140,0,0.20044621499994264,27,8
29,mixprobe,hash,False,16,16,3616.170633135437,226.01066457096482,13895.853165677185,126,127,0,0.13167178100002275,30,8
29,v2,hash,False,16,16,3431.2695505370516,214.45434690856573,13166.347752685258,120,118,0,0.2360700449999058,25,7
30,initial0,hash,False,10,10,3379.4957104819514,337.94957104819514,12757.478552409757,130,128,0,0.12397390900002847,21,7
30,initial0deep,hash,False,10,10,3090.6927037976807,309.06927037976806,11493.463518988403,124,122,0,0.05226449900010266,19,7
30,initial0mix,hash,False,10,10,3076.532274277394,307.6532274277394,11372.661371386972,126,122,0,0.057519298999977764,22,7
30,initial10,hash,False,10,10,3186.9621555458184,318.69621555458184,11614.810777729092,136,134,0,0.11421677499993166,19,7
30,initial15,hash,False,10,10,3220.957879754337,322.09578797543367,11624.789398771683,141,141,0,0.1292873069999132,19,7
30,initial3,hash,False,10,10,3208.9877533755994,320.8987753375599,11874.938766877996,131,129,0,0.11863922800000637,20,7
30,initial5,hash,False,10,10,3156.9621555458184,315.69621555458184,11614.810777729092,131,129,0,0.1169905069999686,19,7
30,initial5mix,hash,False,10,10,3030.071180196545,303.0071180196545,11115.355900982724,126,127,0,0.08155453500000931,22,7
30,mixglobal,hash,False,10,10,3133.957388658401,313.39573886584014,11129.786943292007,143,143,0,0.17698219199996856,22,8
30,mixprobe,hash,False,10,10,3133.957388658401,313.39573886584014,11129.786943292007,143,143,0,0.10398277400008737,22,8
30,v2,hash,False,10,10,3250.957879754337,325.09578797543367,11624.789398771683,146,146,0,0.1316242489999695,19,8
31,initial0,hash,False,13,13,3120.013827787414,240.00106367595492,11780.06913893707,117,114,0,0.18100083399997402,23,7
31,initial0deep,hash,False,13,13,2964.812904021474,228.06253107857492,11144.06452010737,112,111,0,0.0686168169999064,19,7
31,initial0mix,hash,False,13,13,2993.5425591907947,230.27250455313805,10842.712795953974,127,125,0,0.09062393900001098,25,7
31,initial10,hash,False,13,13,2855.5710459874854,219.65931122980658,9977.855229937426,133,130,0,0.16567978399996264,21,7
31,initial15,hash,False,13,13,2884.689240564861,221.89917235114314,9973.446202824305,138,135,0,0.17001857000002474,21,7
31,initial3,hash,False,13,13,2988.666085578929,229.89739119837915,11103.330427894645,118,113,0,0.14799863399991864,19,7
31,initial5,hash,False,13,13,2826.90487789797,217.45422137676692,10204.52438948985,121,116,0,0.16110734599999432,21,7
31,initial5mix,hash,False,13,13,2818.2568558111097,216.7889889085469,10046.28427905555,125,119,0,0.07131604500000321,22,7
31,mixglobal,hash,False,13,13,2895.011743257854,222.69321101983493,9705.05871628927,149,144,0,0.15509811099991566,21,8
31,mixprobe,hash,False,13,13,2895.011743257854,222.69321101983493,9705.05871628927,149,144,0,0.08806237800001782,21,8
31,v2,hash,False,13,13,2888.779286600678,222.21379127697523,9763.89643300339,146,141,0,0.1803127239999185,21,8
32,initial0,hash,False,16,16,3484.0907140530408,217.75566962831505,13760.453570265205,109,107,0,0.2472865790000469,24,6
32,initial0deep,hash,False,16,16,3625.871569252812,226.61697307830076,14309.35784626406,114,114,0,0.08641397799999595,26,7
32,initial0mix,hash,False,16,16,3584.043025125277,224.0026890703298,13875.215125626384,122,119,0,0.10266994899996007,29,7
32,initial10,hash,False,16,16,3553.176060874198,222.07350380463737,13785.88030437099,120,116,0,0.2099109660000522,26,7
32,initial15,hash,False,16,16,3757.269389840585,234.82933686503657,13976.346949202925,147,147,0,0.317282238999951,28,6
32,initial3,hash,False,16,16,3501.0907140530408,218.81816962831505,13760.453570265205,112,109,0,0.22129185100004634,24,6
32,initial5,hash,False,16,16,3560.5785014532385,222.5361563408274,13817.892507266193,120,117,0,0.20102444999997715,27,7
32,initial5mix,hash,False,16,16,3545.4171107776788,221.58856942360492,13627.085553888393,124,120,0,0.10240012199994908,28,7
32,mixglobal,hash,False,16,16,3566.3809793653195,222.89881121033247,12926.904896826598,150,151,0,0.229665663999981,28,7
32,mixprobe,hash,False,16,16,3566.3809793653195,222.89881121033247,12926.904896826598,150,151,0,0.1448268569999982,28,7
32,v2,hash,False,16,16,3539.273213081807,221.20457581761295,13071.366065409036,141,140,0,0.33164141999998265,27,7
33,initial0,hash,False,16,16,3120.4773956766157,195.02983722978848,11977.386978383078,107,110,0,0.2205875820000074,27,7
33,initial0deep,hash,False,16,16,3193.424722503,199.5890451564375,12022.123612514999,118,119,0,0.09456248000003598,24,6
33,initial0mix,hash,False,16,16,3105.32778722443,194.08298670152686,11431.638936122148,123,124,0,0.1018615680000039,25,6
33,initial10,hash,False,16,16,3132.5368004843685,195.78355003027303,11547.684002421842,124,123,0,0.20654860599995573,24,6
33,initial15,hash,False,16,16,3148.572980317463,196.78581126984145,11482.864901587316,129,127,0,0.22478475000002618,26,6
33,initial3,hash,False,16,16,3137.4773956766157,196.09233722978848,11977.386978383078,110,112,0,0.18133245499996065,27,7
33,initial5,hash,False,16,16,3149.4773956766157,196.84233722978848,11977.386978383078,112,114,0,0.18875288599997475,27,7
33,initial5mix,hash,False,16,16,3134.32778722443,195.89548670152686,11431.638936122148,128,128,0,0.09945268900003157,25,6
33,mixglobal,hash,False,16,16,3146.220094889371,196.6387559305857,11316.100474446856,134,133,0,0.17547421299991584,27,7
33,mixprobe,hash,False,16,16,3146.220094889371,196.6387559305857,11316.100474446856,134,133,0,0.11226605899992137,27,7
33,v2,hash,False,16,16,3169.755722446537,198.10973265290858,11438.778612232685,134,132,0,0.28149556100004247,26,7
34,initial0,hash,False,10,10,2967.8330205108828,296.7833020510883,10584.165102554414,134,131,0,0.19454677099997753,19,7
34,initial0deep,hash,False,10,10,2977.552399670417,297.7552399670417,11042.761998352085,120,119,0,0.0782284699999991,21,7
34,initial0mix,hash,False,10,10,2877.5547130079585,287.7554713007959,10512.773565039792,121,120,0,0.06961223100006464,21,7
34,initial10,hash,False,10,10,2962.969087714856,296.2969087714856,10549.845438574279,134,133,0,0.16426420599998437,20,7
34,initial15,hash,False,10,10,2949.403495958194,294.9403495958194,10557.01747979097,131,133,0,0.1440175940000472,19,7
34,initial3,hash,False,10,10,2984.8329500597274,298.48329500597276,10584.164750298636,137,133,0,0.16505249800002275,19,7
34,initial5,hash,False,10,10,2950.61022494785,295.061022494785,10383.05112473925,138,134,0,0.15371006899999884,19,7
34,initial5mix,hash,False,10,10,2906.554713007958,290.6554713007958,10512.77356503979,126,124,0,0.06808534399999644,21,7
34,mixglobal,hash,False,10,10,2963.1231685067123,296.3123168506712,10420.615842533562,138,139,0,0.1433131690000664,21,8
34,mixprobe,hash,False,10,10,2963.1231685067123,296.3123168506712,10420.615842533562,138,139,0,0.08472752900001979,21,8
34,v2,hash,False,10,10,2943.801117084753,294.3801117084753,10564.005585423765,130,131,0,0.18311504799999057,19,8
35,initial0,hash,False,10,10,3141.8132917759303,314.18132917759306,11179.066458879652,143,141,0,0.17192565200002718,21,7
35,initial0deep,hash,False,10,10,3047.7027581997013,304.77027581997015,11653.513790998506,112,107,0,0.06398949399999765,21,7
35,initial0mix,hash,False,10,10,2962.5604952572967,296.2560495257297,11152.802476286484,114,112,0,0.057265385999926366,21,7
35,initial10,hash,False,10,10,2881.5512317428606,288.1551231742861,9967.756158714303,140,138,0,0.12192900900004133,20,7
35,initial15,hash,False,10,10,2965.320050601765,296.5320050601765,10246.600253008826,145,141,0,0.1822557500000812,21,7
35,initial3,hash,False,10,10,3019.6173401640863,301.9617340164086,10608.086700820431,142,138,0,0.15830629399999907,20,7
35,initial5,hash,False,10,10,2851.5512317428606,285.1551231742861,9967.756158714303,135,133,0,0.11844503499992243,20,7
35,initial5mix,hash,False,10,10,2979.996543727818,297.9996543727818,10664.98271863909,133,132,0,0.06234792500004005,21,7
35,mixglobal,hash,False,10,10,3022.5239726189966,302.25239726189966,10422.619863094982,148,148,0,0.16517531200008762,21,8
35,mixprobe,hash,False,10,10,3009.2429359185476,300.92429359185473,10351.214679592738,148,149,0,0.09476694900001803,21,8
35,v2,hash,False,10,10,3009.9926121797694,300.99926121797694,10244.963060898846,152,151,0,0.20735888000001523,21,8
36,initial0,hash,False,12,12,2872.9641674200398,239.41368061833666,10464.820837100198,120,120,0,0.1824503550000145,22,7
36,initial0deep,hash,False,12,12,2966.036391185339,247.16969926544493,10660.181955926695,129,129,0,0.07001542000000427,20,7
36,initial0mix,hash,False,12,12,2981.0832359851715,248.4236029987643,10585.416179925858,134,134,0,0.08055236099994545,22,7
36,initial10,hash,False,12,12,2975.5832833708632,247.9652736142386,10697.916416854316,129,131,0,0.18756824700005836,20,7
36,initial15,hash,False,12,12,2909.844115072885,242.48700958940708,10294.220575364425,132,131,0,0.1996996369999806,22,7
36,initial3,hash,False,12,12,2889.9641674200398,240.8303472850033,10464.820837100198,123,122,0,0.17924931799996102,22,7
36,initial5,hash,False,12,12,2901.9641674200398,241.8303472850033,10464.820837100198,125,124,0,0.18383621800001038,22,7
36,initial5mix,hash,False,12,12,3010.0832359851715,250.84026966543095,10585.416179925858,139,138,0,0.0767427549999411,22,7
36,mixglobal,hash,False,12,12,2783.4030057820555,231.95025048183797,9477.015028910278,138,138,0,0.1794996359999459,22,8
36,mixprobe,hash,False,12,12,2783.4030057820555,231.95025048183797,9477.015028910278,138,138,0,0.09809301400002823,22,8
36,v2,hash,False,12,12,2951.130326435069,245.92752720292242,10295.651632175344,138,142,0,0.21183227899996382,21,8
37,initial0,hash,False,11,11,3353.214934811188,304.83772134647165,12816.07467405594,123,120,0,0.16603603299995484,22,7
37,initial0deep,hash,False,11,11,3361.255684970528,305.56869863368433,13011.278424852639,117,119,0,0.07617674899995563,21,7
37,initial0mix,hash,False,11,11,3166.1411119919712,287.8310101810883,11925.705559959857,121,121,0,0.06758560899993427,24,7
37,initial10,hash,False,11,11,3217.673627798655,292.5157843453323,11963.368138993275,128,130,0,0.18796179200001006,23,7
37,initial15,hash,False,11,11,3417.4742204071235,310.6794745824658,12937.371102035619,129,130,0,0.1827199509999673,22,7
37,initial3,hash,False,11,11,3370.214934811188,306.38317589192616,12816.07467405594,126,122,0,0.16401886500000273,22,7
37,initial5,hash,False,11,11,3382.214934811188,307.4740849828353,12816.07467405594,128,124,0,0.16756430200007344,22,7
37,initial5mix,hash,False,11,11,3195.127563712655,290.46614215569593,11900.637818563275,127,125,0,0.06906083800004126,25,7
37,mixglobal,hash,False,11,11,3290.1571131722158,299.1051921065651,11960.785565861079,140,143,0,0.18677973600006226,24,8
37,mixprobe,hash,False,11,11,3290.1571131722158,299.1051921065651,11960.785565861079,140,143,0,0.11317534400006934,24,8
37,v2,hash,False,11,11,3238.7364332228717,294.4305848384429,11818.682166114359,136,140,0,0.2261362309999413,23,8
38,initial0,hash,False,11,11,2692.0680185675014,244.7334562334092,9825.340092837507,112,112,0,0.1349964529999852,20,7
38,initial0deep,hash,False,11,11,2558.6796146876195,232.6072376988745,8828.398073438098,123,123,0,0.06527668399996855,19,7
38,initial0mix,hash,False,11,11,2550.371160823358,231.85192371121437,8691.85580411679,126,127,0,0.06505625199997667,21,7
38,initial10,hash,False,11,11,2782.91288591405,252.99208053764093,9659.564429570251,133,131,0,0.18989666200002375,20,7
38,initial15,hash,False,11,11,2812.91288591405,255.71935326491365,9659.564429570251,138,136,0,0.178312228999971,20,7
38,initial3,hash,False,11,11,2689.449541354171,244.49541285037915,9702.247706770853,116,114,0,0.16800965899994935,21,7
38,initial5,hash,False,11,11,2736.1972620229612,248.745205638451,9615.986310114806,127,123,0,0.16612885400002142,20,7
38,initial5mix,hash,False,11,11,2704.5471738210204,245.86792489282004,9652.735869105101,121,114,0,0.07084853300000304,20,7
38,mixglobal,hash,False,11,11,2588.6644768337856,235.33313425761688,8833.322384168927,128,127,0,0.1615452539999751,19,8
38,mixprobe,hash,False,11,11,2588.6644768337856,235.33313425761688,8833.322384168927,128,127,0,0.0779819110000517,19,8
38,v2,hash,False,11,11,2593.249796550273,235.7499815045703,8771.248982751365,131,129,0,0.16637381800001094,19,8
39,initial0,hash,False,16,16,3237.46225382868,202.3413908642925,12302.3112691434,116,117,0,0.2886951709999721,24,5
39,initial0deep,hash,False,16,16,3336.276047677023,208.51725297981395,12961.380238385116,110,114,0,0.0882539799999904,25,6
39,initial0mix,hash,False,16,16,3343.224544028116,208.95153400175724,12841.12272014058,115,120,0,0.09236288800002512,27,6
39,initial10,hash,False,16,16,3703.605021942928,231.475313871433,14478.02510971464,122,118,0,0.2683709740000495,30,7
39,initial15,hash,False,16,16,3264.4826162528298,204.03016351580186,12522.413081264149,113,115,0,0.2566868510000404,24,5
39,initial3,hash,False,16,16,3371.162978051167,210.69768612819794,13035.814890255835,114,114,0,0.26895900199997413,26,5
39,initial5,hash,False,16,16,3572.544649094011,223.2840405683757,14132.723245470055,112,106,0,0.2769632360000287,28,6
39,initial5mix,hash,False,16,16,3479.2483542262808,217.45302213914255,13496.241771131403,117,115,0,0.10347147199991014,27,6
39,mixglobal,hash,False,16,16,3084.2089776974854,192.76306110609283,11651.044888487428,112,114,0,0.17705372499995065,23,5
39,mixprobe,hash,False,16,16,3084.2089776974854,192.76306110609283,11651.044888487428,112,114,0,0.12256646200000887,23,5
39,v2,hash,False,16,16,3173.9952534483723,198.37470334052327,12279.976267241862,106,108,0,0.28331876799995825,23,5
40,initial0,hash,False,13,13,2570.1073075763593,197.7005621212584,9095.536537881797,115,111,0,0.1572980869999583,21,7
40,initial0deep,hash,False,13,13,2659.0409696784145,204.54161305218574,9575.204848392072,114,109,0,0.06315981600005216,21,7
40,initial0mix,hash,False,13,13,2477.259747249627,190.55844209612513,8621.298736248134,115,113,0,0.08092031000001043,22,7
40,initial10,hash,False,13,13,2639.049683936493,203.0038218412687,9260.248419682464,120,122,0,0.16136574300003304,23,7
40,initial15,hash,False,13,13,2665.432964132451,205.03330493326547,9077.164820662256,131,130,0,0.21475859199995284,21,7
40,initial3,hash,False,13,13,2673.2372908090624,205.63363775454326,9771.186454045312,109,109,0,0.17913656300004277,24,7
40,initial5,hash,False,13,13,2685.2372908090624,206.5567146776202,9771.186454045312,111,111,0,0.17283247699992899,24,7
40,initial5mix,hash,False,13,13,2510.9218653135126,193.14783579334713,8669.609326567563,119,117,0,0.062041326999974444,21,7
40,mixglobal,hash,False,13,13,2595.2888824437277,199.6376063418252,8156.444412218639,149,154,0,0.17489589499996328,21,8
40,mixprobe,hash,False,13,13,2595.2888824437277,199.6376063418252,8156.444412218639,149,154,0,0.11172682400001577,21,8
40,v2,hash,False,13,13,2695.825130312013,207.37116387015482,8794.125651560063,145,147,0,0.21982210299995586,21,8
41,initial0,hash,False,14,14,3436.6613339776195,245.47580956982998,13008.306669888098,127,130,0,0.2132487820000506,25,7
41,initial0deep,hash,False,14,14,3166.5816524245924,226.18440374461375,11737.908262122963,124,129,0,0.10618456100007734,23,7
41,initial0mix,hash,False,14,14,3158.2452188835764,225.58894420596974,11976.226094417882,115,118,0,0.08930428700000448,25,7
41,initial10,hash,False,14,14,3100.7474084433447,221.4819577459532,10948.737042216724,140,141,0,0.20064296600003217,24,7
41,initial15,hash,False,14,14,3102.5784652154007,221.61274751538576,10922.892326077004,141,143,0,0.20253845000002002,24,7
41,initial3,hash,False,14,14,3255.5546904756916,232.53962074826367,12032.773452378458,130,129,0,0.18441874300003747,23,7
41,initial5,hash,False,14,14,3267.5546904756916,233.39676360540653,12032.773452378458,132,131,0,0.17874661799999103,23,7
41,initial5mix,hash,False,14,14,3079.18624388644,219.94187456331716,11025.9312194322,134,134,0,0.09941163799999231,23,7
41,mixglobal,hash,False,14,14,3068.0994131861603,219.14995808472574,10630.497065930802,145,147,0,0.1947168020000163,25,8
41,mixprobe,hash,False,14,14,3068.0994131861603,219.14995808472574,10630.497065930802,145,147,0,0.1309383010000147,25,8
41,v2,hash,False,14,14,3091.6526438814785,220.83233170581988,10903.263219407392,140,141,0,0.2392310320000206,24,8
42,initial0,hash,False,10,10,3113.1655969482567,311.3165596948257,11385.827984741283,131,131,0,0.15485100000000784,19,7
42,initial0deep,hash,False,10,10,3295.1030163977907,329.5103016397791,12520.515081988953,124,121,0,0.0683923929999537,23,7
42,initial0mix,hash,False,10,10,3056.3600652898213,305.63600652898214,11356.800326449107,123,120,0,0.06573599900002591,23,7
42,initial10,hash,False,10,10,3210.4835496357273,321.0483549635727,11667.417748178636,138,137,0,0.17156708599998183,22,7
42,initial15,hash,False,10,10,3086.892379092371,308.6892379092371,11034.461895461855,139,135,0,0.1509240669998917,21,7
42,initial3,hash,False,10,10,3130.1655969482567,313.0165596948257,11385.827984741283,134,133,0,0.1487214190000259,19,7
42,initial5,hash,False,10,10,3142.1655969482567,314.21655969482566,11385.827984741283,136,135,0,0.1488961530000097,19,7
42,initial5mix,hash,False,10,10,3085.3600652898213,308.5360065289821,11356.800326449107,128,124,0,0.06856127799994738,23,7
42,mixglobal,hash,False,10,10,3153.7974275370257,315.37974275370254,11183.987137685128,145,142,0,0.14514834099998097,22,8
42,mixprobe,hash,False,10,10,3153.7974275370257,315.37974275370254,11183.987137685128,145,142,0,0.07230765799999972,22,8
42,v2,hash,False,10,10,3095.192655355483,309.5192655355483,11040.963276777416,140,137,0,0.15153947699991477,21,8
43,initial0,hash,False,13,13,3094.795171308881,238.06116702376008,11418.975856544404,124,126,0,0.15546166300009645,25,7
43,initial0deep,hash,False,13,13,2757.372570452211,212.1055823424778,10371.862852261056,103,103,0,0.06825627700004588,22,7
43,initial0mix,hash,False,13,13,2772.9881189624944,213.30677838173034,10289.940594812471,108,110,0,0.07193913200001134,23,7
43,initial10,hash,False,13,13,2910.9835156429704,223.9218088956131,10579.917578214852,121,125,0,0.17734527599998273,23,7
43,initial15,hash,False,13,13,2775.505197925298,213.50039984040754,9562.52598962649,133,133,0,0.22035129200003212,22,7
43,initial3,hash,False,13,13,3111.795171308881,239.36885933145237,11418.975856544404,127,128,0,0.156026106000013,25,7
43,initial5,hash,False,13,13,2936.89669161383,225.91513012414077,10694.483458069151,122,123,0,0.1387724569999591,21,7
43,initial5mix,hash,False,13,13,2800.8628940154863,215.4509918473451,10079.314470077432,120,120,0,0.09353159500005859,22,7
43,mixglobal,hash,False,13,13,2819.2141139921414,216.86262415324165,9571.070569960706,140,140,0,0.1979791109999951,23,8
43,mixprobe,hash,False,13,13,2819.2141139921414,216.86262415324165,9571.070569960706,140,140,0,0.1332708749999938,23,8
43,v2,hash,False,13,13,2782.5387092914248,214.04143917626345,9477.693546457123,137,137,0,0.26769856800001435,21,8
44,initial0,hash,False,14,14,3118.242429600604,222.73160211432884,11751.21214800302,116,118,0,0.18514840500006358,25,7
44,initial0deep,hash,False,14,14,2960.108354918991,211.43631106564223,10905.541774594956,118,119,0,0.10403542400001697,25,7
44,initial0mix,hash,False,14,14,2926.2817822540956,209.02012730386397,10801.408911270477,116,116,0,0.10138348700002098,24,7
44,initial10,hash,False,14,14,3028.019734105335,216.28712386466677,10840.098670526675,131,135,0,0.2062214039999617,25,7
44,initial15,hash,False,14,14,3042.1908733130367,217.29934809378832,10850.954366565184,133,137,0,0.22615098500000386,25,7
44,initial3,hash,False,14,14,3124.7231879520373,223.19451342514552,10788.615939760186,149,152,0,0.2273948649999511,26,7
44,initial5,hash,False,14,14,3010.0331881901498,215.0023705850107,11080.165940950748,121,119,0,0.19656661699991673,25,7
44,initial5mix,hash,False,14,14,3028.593024239194,216.32807315994245,11222.96512119597,119,119,0,0.08070225000005848,26,7
44,mixglobal,hash,False,14,14,3140.0930281283495,224.29235915202497,10845.465140641747,150,151,0,0.18409071700000368,27,8
44,mixprobe,hash,False,14,14,3053.204225787146,218.08601612765327,10421.021128935728,150,149,0,0.1286558619999596,25,8
44,v2,hash,False,14,14,3085.8642176280464,220.4188726877176,10719.321088140232,145,147,0,0.24950315800003864,24,8
45,initial0,hash,False,16,16,3624.887500890285,226.55546880564282,14119.437504451425,120,121,0,0.24046158700002707,27,6
45,initial0deep,hash,False,16,16,3524.3623371331314,220.2726460708207,14036.811685665658,106,107,0,0.10579385100004401,27,6
45,initial0mix,hash,False,16,16,3378.6300543354555,211.16437839596597,13183.150271677277,110,112,0,0.10273407800002587,27,6
45,initial10,hash,False,16,16,3457.6878461090155,216.10549038181347,13733.439230545076,106,101,0,0.26316883399999824,24,5
45,initial15,hash,False,16,16,3487.6878461090155,217.98049038181347,13733.439230545076,111,106,0,0.2683543490001057,24,5
45,initial3,hash,False,16,16,3641.887500890285,227.61796880564282,14119.437504451425,123,123,0,0.2449567080000179,27,6
45,initial5,hash,False,16,16,3454.9482810887316,215.93426756804573,13934.741405443658,99,93,0,0.24554296499991324,25,5
45,initial5mix,hash,False,16,16,3467.9958919711444,216.74974324819652,13674.979459855722,109,108,0,0.09216453900000943,27,5
45,mixglobal,hash,False,16,16,3374.807903666286,210.92549397914289,11899.03951833143,152,155,0,0.21167014599996037,25,9
45,mixprobe,hash,False,16,16,3537.5980201373636,221.09987625858523,13522.990100686819,125,128,0,0.10174888999995346,25,7
45,v2,hash,False,16,16,3421.14101258435,213.82131328652187,13040.70506292175,122,123,0,0.3449877519999518,26,6
46,initial0,hash,False,13,13,3099.9700582229216,238.45923524791704,11429.850291114608,125,124,0,0.17378607799992096,20,7
46,initial0deep,hash,False,13,13,3312.8997925408457,254.83844558006507,12609.498962704229,121,121,0,0.09264292199998181,22,7
46,initial0mix,hash,False,13,13,3344.596608963841,257.27666222798774,12622.983044819204,126,125,0,0.10074171799999476,25,7
46,initial10,hash,False,13,13,3313.1106071434524,254.85466208795788,12320.553035717263,131,129,0,0.21372428899996976,24,7
46,initial15,hash,False,13,13,3346.1665110876816,257.3974239298217,12395.832555438408,134,132,0,0.23111085899995487,24,7
46,initial3,hash,False,13,13,3261.3426392611045,250.87251071239265,12446.713196305522,118,117,0,0.2205969939999477,25,7
46,initial5,hash,False,13,13,3260.508005689552,250.80830812996555,12327.540028447762,122,120,0,0.2192307189999383,24,7
46,initial5mix,hash,False,13,13,3265.642665342242,251.20328194940322,12203.21332671121,127,125,0,0.08179943799996181,24,7
46,mixglobal,hash,False,13,13,3310.9089198059382,254.68530152353372,11689.54459902969,151,153,0,0.1858960650000654,24,9
46,mixprobe,hash,False,13,13,3323.0662749024214,255.62048268480163,12035.331374512107,142,141,0,0.1085555029999341,24,8
46,v2,hash,False,13,13,3340.5372452580755,256.96440348139043,12177.686226290378,140,140,0,0.2946147549999978,24,8
47,initial0,hash,False,10,10,3125.9535203552596,312.59535203552593,11674.767601776297,124,121,0,0.14287086900003487,20,7
47,initial0deep,hash,False,10,10,3209.463795130766,320.9463795130766,12197.318975653829,121,115,0,0.06143286399992576,22,7
47,initial0mix,hash,False,10,10,3097.1295365388423,309.71295365388426,11660.64768269421,120,115,0,0.05373831199995038,21,7
47,initial10,hash,False,10,10,3190.4030705605264,319.04030705605265,11727.015352802631,133,130,0,0.13579073799996877,19,7
47,initial15,hash,False,10,10,3248.7770494212364,324.8777049421236,11748.885247106182,142,139,0,0.16634176999991723,21,7
47,initial3,hash,False,10,10,3142.9535203552596,314.295352035526,11674.767601776297,127,123,0,0.14455229999998664,20,7
47,initial5,hash,False,10,10,3154.9535203552596,315.49535203552597,11674.767601776297,129,125,0,0.14357390800000758,20,7
47,initial5mix,hash,False,10,10,3126.1295365388423,312.61295365388423,11660.64768269421,125,119,0,0.053298371999972005,21,7
47,mixglobal,hash,False,10,10,3206.4273447432556,320.64273447432555,11467.136723716278,145,138,0,0.1364794680000614,21,8
47,mixprobe,hash,False,10,10,3206.4273447432556,320.64273447432555,11467.136723716278,145,138,0,0.07851486499998828,21,8
47,v2,hash,False,10,10,3181.2846887715596,318.12846887715597,11351.423443857799,144,141,0,0.1696858530000327,20,8
48,initial0,hash,False,10,10,2998.1664213317076,299.8166421331708,11200.832106658538,118,118,0,0.1755132069999945,20,7
48,initial0deep,hash,False,10,10,3021.1074672434315,302.11074672434313,11170.537336217158,123,122,0,0.06334853900000326,19,7
48,initial0mix,hash,False,10,10,2939.4991703877577,293.94991703877577,10632.495851938787,127,128,0,0.06338734799999202,22,7
48,initial10,hash,False,10,10,3113.7274718492054,311.3727471849205,11608.637359246026,124,122,0,0.18528582500005086,23,7
48,initial15,hash,False,10,10,3031.8280972246284,303.1828097224628,10839.140486123142,136,134,0,0.19311360200003946,21,7
48,initial3,hash,False,10,10,2913.08641109502,291.308641109502,10575.432055475101,125,123,0,0.15455046400006722,19,7
48,initial5,hash,False,10,10,2925.08641109502,292.50864110950204,10575.432055475101,127,125,0,0.13891932499996074,19,7
48,initial5mix,hash,False,10,10,2989.6361236976345,298.96361236976344,11038.180618488172,123,117,0,0.08142967999992834,24,7
48,mixglobal,hash,False,10,10,3014.972846916154,301.4972846916154,10489.864234580771,145,142,0,0.1400986070000272,19,8
48,mixprobe,hash,False,10,10,3014.972846916154,301.4972846916154,10489.864234580771,145,142,0,0.07168397299994922,19,8
48,v2,hash,False,10,10,3048.0122287121867,304.80122287121867,10830.061143560933,139,137,0,0.19011699400005,21,8
49,initial0,hash,False,10,10,3131.7436586810954,313.17436586810953,11458.718293405476,132,130,0,0.1373940500000117,19,7
49,initial0deep,hash,False,10,10,3125.0059088908943,312.50059088908944,11615.029544454472,126,122,0,0.05519743299998936,21,7
49,initial0mix,hash,False,10,10,3232.880721238936,323.2880721238936,12329.40360619468,120,117,0,0.08553189699989616,21,7
49,initial10,hash,False,10,10,3191.7441604047717,319.1744160404772,11428.720802023858,143,141,0,0.13332838700000593,21,7
49,initial15,hash,False,10,10,3269.6864343375814,326.96864343375813,11963.432171687908,139,132,0,0.17198843599999236,21,7
49,initial3,hash,False,10,10,3191.0924352537995,319.10924352537995,11820.462176268999,130,127,0,0.11865993399999297,21,7
49,initial5,hash,False,10,10,3188.1634122308124,318.8163412230812,11560.817061154063,138,136,0,0.1271731260000024,21,7
49,initial5mix,hash,False,10,10,3053.118976343545,305.3118976343545,11170.594881717725,129,124,0,0.0662887009999622,20,7
49,mixglobal,hash,False,10,10,3170.1080958030097,317.010809580301,11415.540479015048,140,137,0,0.14995034300000043,21,8
49,mixprobe,hash,False,10,10,3129.8805446072297,312.988054460723,11209.402723036148,140,138,0,0.09199148699997295,22,8
49,v2,hash,False,10,10,3144.011972981281,314.40119729812807,11520.059864906405,132,130,0,0.1847222229999943,19,8
50,initial0,hash,False,15,15,3613.1932431849905,240.87954954566604,14025.966215924953,122,123,0,0.20376364399999147,27,7
50,initial0deep,hash,False,15,15,3383.4340728821744,225.56227152547828,13207.170364410871,111,112,0,0.09234223800001473,24,7
50,initial0mix,hash,False,15,15,3340.713062811884,222.71420418745893,12848.56531405942,116,116,0,0.10264668800004983,26,7
50,initial10,hash,False,15,15,3527.0606893666,235.13737929110667,13495.303446832999,126,123,0,0.22099029299999984,27,7
50,initial15,hash,False,15,15,3539.968447562981,235.99789650419874,13454.842237814904,129,129,0,0.2316722440000376,27,7
50,initial3,hash,False,15,15,3630.1932431849905,242.01288287899936,14025.966215924953,125,125,0,0.21052477000000636,27,7
50,initial5,hash,False,15,15,3627.2178570557076,241.81452380371383,14011.089285278538,125,125,0,0.20575399100005143,27,7
50,initial5mix,hash,False,15,15,3407.761821369097,227.18412142460647,12743.809106845485,131,129,0,0.10013613399996757,28,7
50,mixglobal,hash,False,15,15,3308.9945075613973,220.5996338374265,12054.972537806987,137,138,0,0.1724737949999735,24,9
50,mixprobe,hash,False,15,15,3303.7663307412213,220.25108871608143,12183.831653706105,132,132,0,0.10405211199997666,25,8
50,v2,hash,False,15,15,3509.794791703857,233.9863194469238,13148.973958519284,134,135,0,0.268346797999925,26,8
51,initial0,hash,False,12,12,2801.2764487017853,233.4397040584821,10191.382243508926,117,118,0,0.17337610900005984,22,7
51,initial0deep,hash,False,12,12,2976.965602677011,248.0804668897509,10814.828013385055,126,124,0,0.07214154500002223,21,7
51,initial0mix,hash,False,12,12,2889.3044821829963,240.7753735152497,10286.52241091498,129,127,0,0.07618314100000134,22,7
51,initial10,hash,False,12,12,2899.327976219561,241.61066468496344,10271.639881097806,131,130,0,0.16777488599996104,22,7
51,initial15,hash,False,12,12,2856.5013141060394,238.0417761755033,10042.506570530197,131,133,0,0.19614806700008103,22,7
51,initial3,hash,False,12,12,2818.2764487017853,234.85637072514876,10191.382243508926,120,120,0,0.18008326400001806,22,7
51,initial5,hash,False,12,12,2839.2832483664824,236.60693736387353,10256.416241832412,122,118,0,0.14301911899997322,22,7
51,initial5mix,hash,False,12,12,2741.8300480277894,228.4858373356491,9514.150240138948,130,129,0,0.09145943400005763,23,7
51,mixglobal,hash,False,12,12,2791.327469148927,232.61062242907724,9436.637345744633,140,144,0,0.22275821899995663,22,8
51,mixprobe,hash,False,12,12,2791.327469148927,232.61062242907724,9436.637345744633,140,144,0,0.14233496600002127,22,8
51,v2,hash,False,12,12,2850.4382957875546,237.53652464896288,9797.191478937773,138,141,0,0.23508177499991234,22,8
52,initial0,hash,False,16,16,3219.4512525777045,201.21570328610653,12552.256262888523,105,104,0,0.2803182979999974,25,6
52,initial0deep,hash,False,16,16,3123.750871290459,195.2344294556537,11783.754356452297,114,117,0,0.09506028500004504,24,5
52,initial0mix,hash,False,16,16,3122.9087226325028,195.18179516453142,11629.543613162514,119,122,0,0.10879412699989643,26,5
52,initial10,hash,False,16,16,3239.8567862426657,202.4910491401666,12374.28393121333,114,115,0,0.28267750100008016,27,6
52,initial15,hash,False,16,16,3359.0712525213903,209.9419532825869,11725.35626260695,156,154,0,0.3927054619999808,27,5
52,initial3,hash,False,16,16,3150.0594257640864,196.8787141102554,12180.297128820432,106,104,0,0.2502325979999114,27,6
52,initial5,hash,False,16,16,3115.4414448634843,194.71509030396777,12017.20722431742,105,107,0,0.3215573229999791,25,6
52,initial5mix,hash,False,16,16,3115.2817857593113,194.70511160995696,11786.408928796556,113,113,0,0.13519067100003213,26,6
52,mixglobal,hash,False,16,16,3065.141369702263,191.57133560639144,11290.706848511316,121,122,0,0.20613373499998033,24,7
52,mixprobe,hash,False,16,16,3065.141369702263,191.57133560639144,11290.706848511316,121,122,0,0.11467372100003104,24,7
52,v2,hash,False,16,16,3179.027489801054,198.68921811256587,11600.13744900527,130,129,0,0.25931785599993873,23,7
53,initial0,hash,False,15,15,3220.4547178546186,214.6969811903079,12082.273589273093,122,119,0,0.16707339600009163,24,7
53,initial0deep,hash,False,15,15,3245.8964850643915,216.39309900429276,12124.482425321958,124,126,0,0.09472170300000471,23,7
53,initial0mix,hash,False,15,15,3148.3969808738484,209.89313205825655,11696.984904369243,122,124,0,0.10360802000002423,26,7
53,initial10,hash,False,15,15,3139.430074850271,209.2953383233514,12152.150374251354,106,104,0,0.23969582199993056,25,7
53,initial15,hash,False,15,15,3145.3333367948867,209.6888891196591,11876.666683974434,115,120,0,0.22196813099992596,25,7
53,initial3,hash,False,15,15,3166.0559537440945,211.07039691627295,12165.279768720473,110,108,0,0.2410543299999972,25,7
53,initial5,hash,False,15,15,3178.055953744095,211.870396916273,12165.279768720475,112,110,0,0.21788505099993927,25,7
53,initial5mix,hash,False,15,15,3186.0558511557683,212.40372341038454,12130.279255778842,114,115,0,0.12056373999996595,27,7
53,mixglobal,hash,False,15,15,3189.7854247492323,212.65236164994883,11643.927123746162,131,131,0,0.19750826200004212,24,8
53,mixprobe,hash,False,15,15,3189.7854247492323,212.65236164994883,11643.927123746162,131,131,0,0.1488380869999446,24,8
53,v2,hash,False,15,15,3161.8082926585503,210.78721951057003,11599.041463292751,128,127,0,0.3063725140000315,23,8
54,initial0,hash,False,12,12,2834.168756733468,236.180729727789,10350.84378366734,118,114,0,0.14049928199995065,22,7
54,initial0deep,hash,False,12,12,2920.3708902515677,243.36424085429732,10866.85445125784,115,112,0,0.07202314899996054,22,7
54,initial0mix,hash,False,12,12,2860.22920787354,238.35243398946167,10506.1460393677,117,114,0,0.08520309100003942,24,7
54,initial10,hash,False,12,12,2953.822134865792,246.15184457214934,10759.11067432896,124,122,0,0.17647807200000898,22,7
54,initial15,hash,False,12,12,2959.900150176646,246.65834584805384,10724.500750883231,126,125,0,0.1885068560000036,22,7
54,initial3,hash,False,12,12,3256.92787187464,271.41065598955333,12199.639359373201,126,127,0,0.23300906899999063,24,7
54,initial5,hash,False,12,12,3224.688835221971,268.72406960183093,12153.444176109857,122,124,0,0.238978108000083,23,7
54,initial5mix,hash,False,12,12,3090.4370290652496,257.5364190887708,11682.185145326248,116,114,0,0.08960726600003,25,7
54,mixglobal,hash,False,12,12,2903.148405410545,241.92903378421207,10480.742027052724,124,127,0,0.16822038099996917,24,8
54,mixprobe,hash,False,12,12,2903.148405410545,241.92903378421207,10480.742027052724,124,127,0,0.09280069099997945,24,8
54,v2,hash,False,12,12,2867.029578548133,238.91913154567774,10335.147892740664,123,125,0,0.25074964800001,23,8
55,initial0,hash,False,16,16,3093.2003863868285,193.32502414917678,11781.001931934143,109,112,0,0.22704862399996273,26,5
55,initial0deep,hash,False,16,16,3026.755929591521,189.17224559947007,11523.779647957606,107,107,0,0.08106950600006257,23,6
55,initial0mix,hash,False,16,16,3006.757270391295,187.92232939945595,11193.786351956476,115,113,0,0.09408027400002084,26,6
55,initial10,hash,False,16,16,3023.8572709355785,188.99107943347366,11629.286354677894,103,103,0,0.24739139899998008,24,5
55,initial15,hash,False,16,16,3044.3964871751277,190.27478044844548,11551.982435875638,109,109,0,0.2657317499999863,25,5
55,initial3,hash,False,16,16,3006.9068990521037,187.93168119075648,11584.534495260517,102,100,0,0.2301570309999761,27,5
55,initial5,hash,False,16,16,3018.9068990521037,188.68168119075648,11584.534495260517,104,102,0,0.2615252599999849,27,5
55,initial5mix,hash,False,16,16,2983.940081509938,186.49625509437112,11419.70040754969,103,105,0,0.08795295599998099,26,5
55,mixglobal,hash,False,16,16,2974.3309264604236,185.89568290377647,11486.654632302118,99,102,0,0.18050678400004472,22,4
55,mixprobe,hash,False,16,16,2969.553453105117,185.59709081906982,11412.767265525586,101,102,0,0.10789272299996355,23,4
55,v2,hash,False,16,16,3085.693689316231,192.85585558226444,11993.468446581155,101,102,0,0.3745743429999493,24,4
56,initial0,hash,False,12,12,3145.206262083769,262.1005218403141,12016.031310418846,115,107,0,0.1722110299999713,23,7
56,initial0deep,hash,False,12,12,3228.808728903997,269.0673940753331,12424.043644519985,114,114,0,0.07359026599999652,23,7
56,initial0mix,hash,False,12,12,3236.289966270166,269.69083052251386,12346.44983135083,118,117,0,0.07342746999995597,24,7
56,initial10,hash,False,12,12,3278.6931636220424,273.2244303018369,12298.465818110211,127,124,0,0.18302595099999053,24,7
56,initial15,hash,False,12,12,3377.537019633276,281.461418302773,12632.68509816638,132,131,0,0.1856458190000012,24,7
56,initial3,hash,False,12,12,3162.206262083769,263.51718850698074,12016.031310418846,118,109,0,0.177108880999981,23,7
56,initial5,hash,False,12,12,3346.994865845826,278.9162388204855,12764.974329229131,123,119,0,0.18927797699996063,26,7
56,initial5mix,hash,False,12,12,3317.799994631605,276.48333288596706,12593.999973158025,124,119,0,0.07432885200000783,26,7
56,mixglobal,hash,False,12,12,3171.8331583273257,264.31942986061046,11409.16579163663,139,135,0,0.13928471300005185,22,8
56,mixprobe,hash,False,12,12,3213.22736287219,267.76894690601586,11581.13681436095,140,137,0,0.07855619999997998,23,8
56,v2,hash,False,12,12,3290.0928021028253,274.17440017523546,12025.464010514126,138,135,0,0.1988929740000458,22,8
57,initial0,hash,False,10,10,2853.1203324870016,285.3120332487002,10025.601662435009,134,128,0,0.1435695970000097,20,7
57,initial0deep,hash,False,10,10,2945.1276847454965,294.51276847454966,10670.638423727483,128,121,0,0.056598484000005556,20,7
57,initial0mix,hash,False,10,10,2913.2406878159013,291.32406878159014,10451.203439079507,130,123,0,0.061678559000029054,20,7
57,initial10,hash,False,10,10,3188.0750672646527,318.80750672646525,11780.375336323263,131,127,0,0.1326388219999899,19,7
57,initial15,hash,False,10,10,3218.0750672646527,321.80750672646525,11780.375336323263,136,132,0,0.14045430999999553,19,7
57,initial3,hash,False,10,10,2870.1203324870016,287.01203324870016,10025.601662435009,137,130,0,0.13589256800003113,20,7
57,initial5,hash,False,10,10,2858.0320765164424,285.80320765164424,9935.160382582211,138,131,0,0.1314864910000324,20,7
57,initial5mix,hash,False,10,10,2942.2406878159013,294.2240687815901,10451.203439079507,135,127,0,0.06355179900003805,20,7
57,mixglobal,hash,False,10,10,3143.6752272090953,314.3675227209095,11223.376136045477,142,139,0,0.12422467899989442,20,8
57,mixprobe,hash,False,10,10,3143.6752272090953,314.3675227209095,11223.376136045477,142,139,0,0.06578190900006575,20,8
57,v2,hash,False,10,10,3248.0750672646527,324.80750672646525,11780.375336323263,141,137,0,0.14286790699998164,19,8
58,initial0,hash,False,13,13,3097.8881035166078,238.2990848858929,11594.440517583038,119,119,0,0.208882878000054,24,7
58,initial0deep,hash,False,13,13,3214.465322115394,247.26656323964568,12152.32661057697,120,119,0,0.08817489199998363,24,7
58,initial0mix,hash,False,13,13,3068.1975618511906,236.0151970654762,11300.987809255954,124,123,0,0.09271632399997998,23,7
58,initial10,hash,False,13,13,3208.8689264532454,246.83607126563427,12039.344632266228,123,121,0,0.17283946999998534,23,7
58,initial15,hash,False,13,13,3186.118448432898,245.0860344948383,11910.59224216449,123,124,0,0.19265866499995354,22,7
58,initial3,hash,False,13,13,3239.918693822271,249.22451490940546,12224.593469111354,122,120,0,0.15678149799998664,23,7
58,initial5,hash,False,13,13,3252.918693822271,250.22451490940546,12224.593469111354,124,123,0,0.1566527039999528,23,7
58,initial5mix,hash,False,13,13,3086.9185024749563,237.4552694211505,11459.592512374782,122,120,0,0.07208230799994908,21,7
58,mixglobal,hash,False,13,13,2994.6742675442824,230.35955904186787,10303.371337721412,145,144,0,0.2109696109999959,25,8
58,mixprobe,hash,False,13,13,2994.6742675442824,230.35955904186787,10303.371337721412,145,144,0,0.132056291999902,25,8
58,v2,hash,False,13,13,3034.0456469821193,233.38812669093224,10715.228234910597,137,141,0,0.2645688129999826,23,8
59,initial0,hash,False,15,15,3794.6451633342112,252.97634422228074,15283.225816671056,111,108,0,0.28420284699996046,28,7
59,initial0deep,hash,False,15,15,3771.2461941386314,251.41641294257542,14216.230970693157,141,148,0,0.11735470999997233,28,7
59,initial0mix,hash,False,15,15,3597.067385973025,239.80449239820166,13795.336929865125,127,128,0,0.11234347800007072,26,7
59,initial10,hash,False,15,15,3496.3383147819377,233.0892209854625,13196.69157390969,130,132,0,0.26987118399995325,26,7
59,initial15,hash,False,15,15,3351.0558195644708,223.40372130429805,13010.279097822353,112,114,0,0.27229962199999136,24,7
59,initial3,hash,False,15,15,3511.1302366739906,234.07534911159937,13425.651183369953,125,126,0,0.2464820459999828,26,7
59,initial5,hash,False,15,15,3592.4081864392265,239.49387909594844,13827.040932196132,125,127,0,0.2567923230000133,26,7
59,initial5mix,hash,False,15,15,3507.10215243815,233.80681016254331,13475.51076219075,122,127,0,0.11278974300000755,26,7
59,mixglobal,hash,False,15,15,3633.003552549885,242.200236836659,13270.017762749425,150,154,0,0.22866496599999664,27,8
59,mixprobe,hash,False,15,15,3633.003552549885,242.200236836659,13270.017762749425,150,154,0,0.15089318200000434,27,8
59,v2,hash,False,15,15,3695.7426294569777,246.3828419637985,13683.713147284889,147,149,0,0.27083430899995165,26,8
60,initial0,hash,False,11,11,3207.7307512272682,291.6118864752062,12193.65375613634,119,119,0,0.133696329999907,21,7
60,initial0deep,hash,False,11,11,3364.123169687922,305.8293790625384,12890.615848439611,122,121,0,0.06447995199994239,23,7
60,initial0mix,hash,False,11,11,3290.7036479247827,299.15487708407113,12473.518239623914,124,121,0,0.06443058700006077,23,7
60,initial10,hash,False,11,11,3120.795614557118,283.70869223246524,11658.97807278559,123,119,0,0.1529622580000023,20,7
60,initial15,hash,False,11,11,3142.170703348017,285.651882122547,11640.853516740086,127,124,0,0.1537060420000671,20,7
60,initial3,hash,False,11,11,3101.707583710998,281.9734167009998,11798.537918554988,115,112,0,0.1399921719998929,20,7
60,initial5,hash,False,11,11,3090.795614557118,280.98141950519255,11658.97807278559,118,114,0,0.15237093499990806,20,7
60,initial5mix,hash,False,11,11,3149.9025334208545,286.3547757655322,11504.512667104273,133,129,0,0.06515510199994878,21,7
60,mixglobal,hash,False,11,11,3191.025553488943,290.09323213535845,11570.127767444714,137,137,0,0.12846914199997173,21,8
60,mixprobe,hash,False,11,11,3191.025553488943,290.09323213535845,11570.127767444714,137,137,0,0.07175409299998137,21,8
60,v2,hash,False,11,11,3165.3532709855644,287.75938827141493,11501.766354927822,135,135,0,0.1595889799999668,19,8
61,initial0,hash,False,12,12,3014.152356387281,251.17936303227341,11040.761781936406,124,126,0,0.1563253799999984,22,7
61,initial0deep,hash,False,12,12,2994.2991396907078,249.52492830755898,11226.495698453538,115,114,0,0.07694302200002312,20,7
61,initial0mix,hash,False,12,12,2924.8459154812977,243.73715962344147,10684.229577406488,121,123,0,0.0796116340000026,22,7
61,initial10,hash,False,12,12,2979.2667057123936,248.2722254760328,10856.333528561969,125,123,0,0.17660371800002395,21,7
61,initial15,hash,False,12,12,2991.621411445784,249.30178428714865,10833.107057228919,128,125,0,0.16870138799993128,21,7
61,initial3,hash,False,12,12,3089.9847810799592,257.4987317566633,11354.923905399795,126,129,0,0.22019088199999715,23,7
61,initial5,hash,False,12,12,2981.5586904273864,248.4632242022822,10987.793452136932,121,119,0,0.16226629599998432,22,7
61,initial5mix,hash,False,12,12,2995.4240707570825,249.6186725630902,10937.120353785413,125,123,0,0.09175480999999763,23,7
61,mixglobal,hash,False,12,12,3015.031724846732,251.25264373722766,10830.15862423366,132,129,0,0.18393901100000676,23,8
61,mixprobe,hash,False,12,12,3015.031724846732,251.25264373722766,10830.15862423366,132,129,0,0.09009092700000565,23,8
61,v2,hash,False,12,12,3028.934642827905,252.41122023565876,10854.673214139526,133,133,0,0.19425774000001184,21,8
62,initial0,hash,False,13,13,3072.167789434016,236.320599187232,11635.83894717008,113,115,0,0.21832524900003136,23,7
62,initial0deep,hash,False,13,13,3148.249199791671,242.17301536859006,11571.245998958355,128,129,0,0.08242492399995172,22,7
62,initial0mix,hash,False,13,13,3145.2715434591996,241.9439648814769,11391.357717295998,134,132,0,0.08426667700007329,26,7
62,initial10,hash,False,13,13,3166.8369567659024,243.60284282814635,11654.184783829513,129,126,0,0.16885500099999717,22,7
62,initial15,hash,False,13,13,3186.763437925788,245.13564907121446,11653.81718962894,132,131,0,0.24390890799998033,22,7
62,initial3,hash,False,13,13,3096.465217319366,238.18963210148968,11197.32608659683,133,127,0,0.17892791899998883,23,7
62,initial5,hash,False,13,13,3109.465217319366,239.18963210148968,11197.32608659683,135,130,0,0.1774505669999371,23,7
62,initial5mix,hash,False,13,13,3111.257702187423,239.3275155528787,11181.288510937116,136,130,0,0.09669346800001222,23,7
62,mixglobal,hash,False,13,13,3203.4843221741203,246.42187093647078,11212.4216108706,149,151,0,0.17694298999992952,22,8
62,mixprobe,hash,False,13,13,3203.4843221741203,246.42187093647078,11212.4216108706,149,151,0,0.10527334599998994,22,8
62,v2,hash,False,13,13,3141.44719293302,241.64978407177074,11122.235964665098,142,142,0,0.23953214599998773,22,8
63,initial0,hash,False,13,13,2941.4118484347646,226.26244987959728,11217.059242173822,106,103,0,0.190893984000013,24,7
63,initial0deep,hash,False,13,13,2984.010497782333,229.53926906017946,11275.052488911666,110,114,0,0.06959046299994043,22,7
63,initial0mix,hash,False,13,13,2970.1235039614207,228.47103876626312,11015.617519807103,117,117,0,0.07759450600008222,22,7
63,initial10,hash,False,13,13,3117.4894504520894,239.80688080400688,11272.447252260446,133,133,0,0.20937552199995935,23,7
63,initial15,hash,False,13,13,3147.489450452091,242.11457311169931,11272.447252260456,138,138,0,0.2167616410000619,23,7
63,initial3,hash,False,13,13,2958.4118484347646,227.57014218728958,11217.059242173822,109,105,0,0.1818180159999656,24,7
63,initial5,hash,False,13,13,2970.4118484347646,228.4932191103665,11217.059242173822,111,107,0,0.1827298629999632,24,7
63,initial5mix,hash,False,13,13,3041.371581684335,233.95166012956423,11166.857908421676,124,123,0,0.07400694500006466,22,7
63,mixglobal,hash,False,13,13,3201.046059028777,246.23431223298286,11240.230295143885,148,148,0,0.1711458519999951,24,8
63,mixprobe,hash,False,13,13,3201.046059028777,246.23431223298286,11240.230295143885,148,148,0,0.10370646800004124,24,8
63,v2,hash,False,13,13,3177.466058663288,244.42046605102217,11272.330293316441,143,143,0,0.2617062069999747,23,8
64,initial0,hash,False,13,13,3221.3505917584525,247.7961993660348,11881.752958792264,130,130,0,0.15291992400000254,22,7
64,initial0deep,hash,False,13,13,2995.9361551733837,230.45662732102952,11374.680775866918,110,106,0,0.07019302300000163,20,7
64,initial0mix,hash,False,13,13,2939.647256347902,226.12671202676168,11008.23628173951,113,108,0,0.07478659399998833,21,7
64,initial10,hash,False,13,13,2928.821217880867,225.29393983698978,10504.106089404335,127,128,0,0.1814661140000453,24,7
64,initial15,hash,False,13,13,2947.51010043588,226.7315461873754,10777.5505021794,121,122,0,0.23387619899995116,23,7
64,initial3,hash,False,13,13,2935.0448432357757,225.77268024890583,10850.224216178878,117,115,0,0.2035178819999146,21,7
64,initial5,hash,False,13,13,2947.0448432357757,226.69575717198273,10850.224216178878,119,117,0,0.20346942899993792,21,7
64,initial5mix,hash,False,13,13,2959.968429454174,227.6898791887826,11019.84214727087,116,111,0,0.07650104399999691,22,7
64,mixglobal,hash,False,13,13,2923.3037038979023,224.86951568445403,10506.518519489511,126,127,0,0.176973146000023,23,8
64,mixprobe,hash,False,13,13,2923.3037038979023,224.86951568445403,10506.518519489511,126,127,0,0.10945454299996982,23,8
64,v2,hash,False,13,13,3042.9200337933426,234.07077183025712,10914.600168966712,132,135,0,0.2544529090000651,23,8
65,initial0,hash,False,11,11,3032.098680808428,275.645334618948,11250.493404042141,121,122,0,0.13257243199996083,20,7
65,initial0deep,hash,False,11,11,3118.203996390352,283.4730905809411,11926.01998195176,113,113,0,0.062435682999989695,19,7
65,initial0mix,hash,False,11,11,3082.1768210683704,280.1978928243973,11720.884105341853,114,113,0,0.06742512200003148,21,7
65,initial10,hash,False,11,11,3119.8570548104944,283.6233686191359,11639.285274052472,123,122,0,0.13476278100006311,19,7
65,initial15,hash,False,11,11,3133.0479621274726,284.82254201158844,11640.239810637362,125,125,0,0.14803470200001811,19,7
65,initial3,hash,False,11,11,3049.098680808428,277.19078916440253,11250.493404042141,124,124,0,0.13042189200007215,20,7
65,initial5,hash,False,11,11,3057.7522037129393,277.97747306481267,11373.761018564695,122,118,0,0.13639971399993556,20,7
65,initial5mix,hash,False,11,11,3134.262763888264,284.93297853529674,11731.31381944132,122,123,0,0.0789241759999868,21,7
65,mixglobal,hash,False,11,11,3015.509108665268,274.13719169684254,11032.54554332634,126,124,0,0.16032901000005495,20,8
65,mixprobe,hash,False,11,11,3015.509108665268,274.13719169684254,11032.54554332634,126,124,0,0.09086340399994697,20,8
65,v2,hash,False,11,11,3017.158988666762,274.28718078788745,11120.79494333381,123,123,0,0.1638073640000357,19,8
66,initial0,hash,False,16,16,3508.263173187422,219.26644832421388,13686.315865937111,115,116,0,0.21498636199999055,26,6
66,initial0deep,hash,False,16,16,3665.9828696348404,229.12392935217753,14684.914348174201,109,104,0,0.07912748100000044,23,6
66,initial0mix,hash,False,16,16,3654.0069055723507,228.37543159827192,14390.034527861753,117,111,0,0.10059473799992702,27,6
66,initial10,hash,False,16,16,3430.4254438501403,214.40159024063377,13132.127219250702,120,124,0,0.22795866500007378,25,6
66,initial15,hash,False,16,16,3457.0355785611287,216.06472366007054,13080.177892805643,126,131,0,0.22523043200010306,25,6
66,initial3,hash,False,16,16,3371.890578190195,210.74316113688718,13104.452890950974,112,111,0,0.2220932540000149,24,5
66,initial5,hash,False,16,16,3440.6969116803452,215.04355698002158,13158.484558401726,121,124,0,0.21169084999996812,25,6
66,initial5mix,hash,False,16,16,3454.702556349805,215.91890977186281,13138.512781749025,124,127,0,0.11077588199998445,27,6
66,mixglobal,hash,False,16,16,3481.928757347988,217.62054733424924,12829.643786739938,139,141,0,0.22132924699997147,26,8
66,mixprobe,hash,False,16,16,3481.928757347988,217.62054733424924,12829.643786739938,139,141,0,0.12715448000005836,26,8
66,v2,hash,False,16,16,3501.5039054100953,218.84399408813096,13072.519527050476,134,137,0,0.30115763300000253,26,8
67,initial0,hash,False,15,15,3168.769005047572,211.25126700317148,12328.84502523786,105,103,0,0.23714004800001476,26,7
67,initial0deep,hash,False,15,15,3109.2810414054466,207.2854027603631,11746.405207027234,114,115,0,0.0790744910000285,25,7
67,initial0mix,hash,False,15,15,3060.3782566404916,204.0252171093661,11376.891283202458,118,120,0,0.08195405300000402,26,7
67,initial10,hash,False,15,15,3157.872388442579,210.52482589617193,11644.361942212896,125,129,0,0.20165411900006802,25,7
67,initial15,hash,False,15,15,3119.0337952980103,207.93558635320068,11685.168976490051,117,122,0,0.2273490730000276,25,7
67,initial3,hash,False,15,15,3185.769005047572,212.3846003365048,12328.84502523786,108,105,0,0.22726478699996733,26,7
67,initial5,hash,False,15,15,3197.769005047572,213.18460033650481,12328.84502523786,110,107,0,0.23312120599996433,26,7
67,initial5mix,hash,False,15,15,3092.1172858856285,206.14115239237523,11390.586429428142,123,124,0,0.08637613400003374,26,7
67,mixglobal,hash,False,15,15,3139.7842136466325,209.31894757644216,11548.921068233161,125,130,0,0.1646663299999318,24,8
67,mixprobe,hash,False,15,15,3139.7842136466325,209.31894757644216,11548.921068233161,125,130,0,0.10399169099991923,24,8
67,v2,hash,False,15,15,3155.1623981790563,210.34415987860376,11625.811990895281,125,130,0,0.2414247220000334,23,8
68,initial0,hash,False,13,13,3144.430336730763,241.87925667159715,11672.151683653816,124,125,0,0.20436256100003902,22,7
68,initial0deep,hash,False,13,13,3235.67859198938,248.8983532299523,11988.3929599469,130,123,0,0.08367659500004265,22,7
68,initial0mix,hash,False,13,13,3246.4420106944344,249.7263085149565,12002.210053472172,131,126,0,0.08818180200000825,25,7
68,initial10,hash,False,13,13,3162.180073333447,243.2446210256498,11530.900366667236,133,126,0,0.15986407499997313,21,7
68,initial15,hash,False,13,13,3145.3472065415676,241.94978511858213,11331.736032707839,136,134,0,0.21214440999995077,23,7
68,initial3,hash,False,13,13,3121.180073333448,240.0907748718037,11530.90036666724,126,120,0,0.15267812700005834,21,7
68,initial5,hash,False,13,13,3132.180073333448,240.93692871795753,11530.90036666724,128,121,0,0.16018352799994773,21,7
68,initial5mix,hash,False,13,13,3044.97142026434,234.2285707895646,10924.857101321699,134,125,0,0.08258930199997394,22,7
68,mixglobal,hash,False,13,13,3058.9944786228148,235.30726758637036,10374.972393114074,153,154,0,0.18134169699999347,21,10
68,mixprobe,hash,False,13,13,2998.6010774706438,230.66162134389566,10523.005387353218,138,139,0,0.10581914299996242,23,8
68,v2,hash,False,13,13,3011.6655022006844,231.66657709236034,10648.327511003423,136,137,0,0.23501175199999125,22,8
69,initial0,hash,False,10,10,3141.6536704451364,314.16536704451363,11498.268352225683,132,132,0,0.1665407730000652,21,7
69,initial0deep,hash,False,10,10,2886.163205552959,288.6163205552959,10455.816027764795,124,125,0,0.058348594999984016,17,7
69,initial0mix,hash,False,10,10,2834.91702831779,283.491702831779,10239.58514158895,123,122,0,0.0591518690000612,19,7
69,initial10,hash,False,10,10,3200.6536704451364,320.06536704451366,11498.268352225683,142,141,0,0.16635914799996954,21,7
69,initial15,hash,False,10,10,3062.6508342400166,306.26508342400166,11303.254171200082,126,122,0,0.1424351040000147,19,7
69,initial3,hash,False,10,10,3158.6536704451364,315.8653670445136,11498.268352225683,135,134,0,0.2054634090000036,21,7
69,initial5,hash,False,10,10,3170.6536704451364,317.06536704451366,11498.268352225683,137,136,0,0.1744746510000823,21,7
69,initial5mix,hash,False,10,10,2863.91702831779,286.391702831779,10239.58514158895,128,126,0,0.05848119500001303,19,7
69,mixglobal,hash,False,10,10,2903.854513938785,290.3854513938785,10604.272569693925,123,118,0,0.14057450799998605,20,8
69,mixprobe,hash,False,10,10,2903.854513938785,290.3854513938785,10604.272569693925,123,118,0,0.07548500799998692,20,8
69,v2,hash,False,10,10,3102.5041792758066,310.25041792758066,11472.520896379034,127,123,0,0.19501871800002846,20,8
70,initial0,hash,False,14,14,2982.4394413359396,213.03138866685282,11087.197206679697,115,120,0,0.2554335589999255,25,7
70,initial0deep,hash,False,14,14,2980.4331381066318,212.88808129333083,10992.165690533158,119,117,0,0.08427003199994942,23,7
70,initial0mix,hash,False,14,14,2905.1791373194474,207.51279552281767,10545.895686597238,121,121,0,0.08609003200001553,24,7
70,initial10,hash,False,14,14,3034.500195591734,216.75001397083815,11052.50097795867,126,124,0,0.27052862799996547,25,7
70,initial15,hash,False,14,14,3069.307841397066,219.23627438550471,10841.53920698533,138,141,0,0.29341378799995255,27,7
70,initial3,hash,False,14,14,2999.4394413359396,214.24567438113854,11087.197206679697,118,122,0,0.24558430799993403,25,7
70,initial5,hash,False,14,14,3011.4394413359396,215.1028172382814,11087.197206679697,120,124,0,0.24411639899994952,25,7
70,initial5mix,hash,False,14,14,2934.1791373194474,209.58422409424625,10545.895686597238,126,125,0,0.085782786999971,24,7
70,mixglobal,hash,False,14,14,3167.983320137551,226.28452286696793,10289.916600687755,173,175,0,0.23382135299993934,27,10
70,mixprobe,hash,False,14,14,3107.9611776174524,221.99722697267518,10499.805888087263,156,158,0,0.13420635599993602,26,8
70,v2,hash,False,14,14,2956.0816034444892,211.14868596032065,9780.408017222446,154,160,0,0.27954887800001416,23,8
71,initial0,hash,False,16,16,3544.616882417082,221.5385551510676,14423.084412085409,97,95,0,0.22192277900001045,23,5
71,initial0deep,hash,False,16,16,3351.6079849305647,209.4754990581603,12908.039924652823,116,110,0,0.08391952199997377,25,6
71,initial0mix,hash,False,16,16,3422.800304680417,213.92501904252606,13199.001523402085,118,113,0,0.08997970899997654,27,6
71,initial10,hash,False,16,16,3371.4883181832442,210.71801988645277,12907.441590916222,119,115,0,0.24274793199992928,26,6
71,initial15,hash,False,16,16,3524.0515068037844,220.25321917523652,13670.257534018921,118,120,0,0.2696757200000093,25,5
71,initial3,hash,False,16,16,3302.6418258507592,206.41511411567245,12933.209129253797,106,106,0,0.1721312399999988,23,6
71,initial5,hash,False,16,16,3321.882966292519,207.61768539328244,12909.414831462595,111,105,0,0.233613599000023,27,6
71,initial5mix,hash,False,16,16,3310.3000062242777,206.89375038901736,12791.500031121388,113,107,0,0.11099137799999426,29,6
71,mixglobal,hash,False,16,16,3312.8167268147613,207.05104542592258,12189.083634073806,132,135,0,0.2230151549999846,27,6
71,mixprobe,hash,False,16,16,3312.8167268147613,207.05104542592258,12189.083634073806,132,135,0,0.1250360090000413,27,6
71,v2,hash,False,16,16,3382.8968393118744,211.43105245699215,12819.484196559371,123,124,0,0.3066220240000348,24,6
72,initial0,hash,False,16,16,3284.1420601986006,205.25887876241254,12570.710300993003,115,115,0,0.2523099689999526,26,6
72,initial0deep,hash,False,16,16,3300.2866818467332,206.26791761542083,12461.433409233667,121,123,0,0.10190933499995936,26,6
72,initial0mix,hash,False,16,16,3223.757416525944,201.4848385328715,12058.78708262972,122,122,0,0.10182455699998627,27,6
72,initial10,hash,False,16,16,3336.1401731796286,208.5087608237268,12790.700865898143,116,118,0,0.2943577239999513,27,7
72,initial15,hash,False,16,16,3276.4199725147046,204.77624828216904,12242.099862573523,124,128,0,0.29094725000004473,27,6
72,initial3,hash,False,16,16,3595.5699871736847,224.7231241983553,13792.849935868424,126,127,0,0.2662706730000082,27,6
72,initial5,hash,False,16,16,3284.701668026443,205.29385425165268,12348.508340132214,122,125,0,0.24682331899998644,26,6
72,initial5mix,hash,False,16,16,3240.9918813400745,202.56199258375466,12039.959406700373,125,128,0,0.11287968100009493,26,6
72,mixglobal,hash,False,16,16,3318.113235733409,207.38207723333807,12085.566178667044,136,141,0,0.20775813199998083,26,7
72,mixprobe,hash,False,16,16,3318.113235733409,207.38207723333807,12085.566178667044,136,141,0,0.1370487700000922,26,7
72,v2,hash,False,16,16,3642.3568677887906,227.6473042367994,13526.784338943953,143,142,0,0.3265367860000197,25,7
73,initial0,hash,False,15,15,3479.8809378061733,231.99206252041157,12704.404689030865,144,144,0,0.21828909299995303,25,7
73,initial0deep,hash,False,15,15,3149.583897745005,209.97225984966698,11887.919488725025,116,117,0,0.101295518000029,25,7
73,initial0mix,hash,False,15,15,3185.597071792143,212.3731381194762,11817.985358960716,124,127,0,0.10008946499999638,28,7
73,initial10,hash,False,15,15,3309.8812719576317,220.65875146384212,12299.40635978816,129,130,0,0.2046396900000218,27,7
73,initial15,hash,False,15,15,3303.0431911764385,220.20287941176258,12300.215955882193,128,128,0,0.28256808000003275,25,7
73,initial3,hash,False,15,15,3496.8809378061733,233.1253958537449,12704.404689030865,147,146,0,0.21683568899993588,25,7
73,initial5,hash,False,15,15,3508.8809378061733,233.92539585374487,12704.404689030865,149,148,0,0.22134454100000767,25,7
73,initial5mix,hash,False,15,15,3214.597071792143,214.30647145280955,11817.985358960716,129,131,0,0.1029787209999995,28,7
73,mixglobal,hash,False,15,15,3206.21493229894,213.74766215326267,11786.074661494698,129,129,0,0.22874055900001622,25,9
73,mixprobe,hash,False,15,15,3139.7246703957344,209.3149780263823,11623.623351978673,123,125,0,0.11025672699997813,25,8
73,v2,hash,False,15,15,3458.0651015177455,230.53767343451636,12680.325507588728,141,142,0,0.2376610260000689,24,8
74,initial0,hash,False,11,11,3143.23408293375,285.7485529939773,11366.17041466875,136,135,0,0.20615939999993316,21,7
74,initial0deep,hash,False,11,11,3004.7940987121565,273.1630998829233,11508.970493560782,108,108,0,0.06692452599997978,21,7
74,initial0mix,hash,False,11,11,2960.5260212430885,269.13872920391714,11347.630106215443,106,106,0,0.06753137300006529,21,7
74,initial10,hash,False,11,11,3070.4512358027414,279.13193052752194,11132.256179013708,132,129,0,0.17274278500008222,21,7
74,initial15,hash,False,11,11,3235.7404685224164,294.15822441112874,11738.702342612083,139,138,0,0.19199857900002826,22,7
74,initial3,hash,False,11,11,3160.23408293375,287.2940075394318,11366.17041466875,139,137,0,0.20303040099997816,21,7
74,initial5,hash,False,11,11,3071.5215901653173,279.2292354695743,11472.607950826587,121,117,0,0.19485446399994544,23,7
74,initial5mix,hash,False,11,11,3045.560361802017,276.86912380018333,11482.801809010083,116,114,0,0.07506934200000615,22,7
74,mixglobal,hash,False,11,11,3159.930904464204,287.2664458603822,10859.65452232102,155,158,0,0.19495871200001602,22,8
74,mixprobe,hash,False,11,11,3159.930904464204,287.2664458603822,10859.65452232102,155,158,0,0.13596392700003435,22,8
74,v2,hash,False,11,11,3157.7187403079565,287.06534002799606,10853.593701539783,155,157,0,0.28182137799990414,21,8
75,initial0,hash,False,14,14,3245.4788711650076,231.8199193689291,12372.394355825038,117,116,0,0.23838588099999924,24,7
75,initial0deep,hash,False,14,14,3279.181606242534,234.22725758875245,12740.908031212672,110,111,0,0.08235232599997744,23,7
75,initial0mix,hash,False,14,14,3218.6572546616567,229.90408961868977,12453.286273308284,110,108,0,0.07956785900000796,23,7
75,initial10,hash,False,14,14,3312.3128917950717,236.59377798536227,12541.564458975357,122,124,0,0.26792689900003097,24,7
75,initial15,hash,False,14,14,3499.180501331933,249.94146438085235,13545.902506659666,121,115,0,0.260499702000061,29,7
75,initial3,hash,False,14,14,3262.4788711650076,233.03420508321483,12372.394355825038,120,118,0,0.21351011100000505,24,7
75,initial5,hash,False,14,14,3267.7231024998655,233.4087930357047,12358.615512499327,121,121,0,0.20671565500003908,24,7
75,initial5mix,hash,False,14,14,3247.6572546616567,231.97551819011832,12453.286273308284,115,112,0,0.08207866200007174,23,7
75,mixglobal,hash,False,14,14,3266.7631905611006,233.34022789722147,11768.815952805502,140,143,0,0.18411455699992985,26,9
75,mixprobe,hash,False,14,14,3309.2400019992588,236.37428585708992,12371.200009996293,127,130,0,0.10395202099994094,24,8
75,v2,hash,False,14,14,3299.597181707906,235.68551297913615,12452.985908539531,123,124,0,0.2639379420000978,24,8
76,initial0,hash,False,13,13,3119.0830969013427,239.929468992411,11655.415484506713,120,123,0,0.18958726599998954,25,7
76,initial0deep,hash,False,13,13,2934.7395416752724,225.7491955134825,10978.697708376361,113,109,0,0.07051819499997691,20,7
76,initial0mix,hash,False,13,13,2802.1477960567495,215.5498304659038,10335.738980283748,112,110,0,0.0751127370000404,20,7
76,initial10,hash,False,13,13,2995.189248494632,230.39917296112554,10790.94624247316,129,127,0,0.20717630100000406,21,7
76,initial15,hash,False,13,13,2904.7554425525695,223.44272635019766,10613.777212762849,120,117,0,0.20362790000001496,18,7
76,initial3,hash,False,13,13,2917.2879651914545,224.40676655318882,10941.439825957272,111,109,0,0.149343282000018,21,7
76,initial5,hash,False,13,13,2929.2879651914545,225.32984347626572,10941.439825957272,113,111,0,0.14160305799998696,21,7
76,initial5mix,hash,False,13,13,2900.056535031554,223.08127192550415,10750.28267515777,115,110,0,0.075852024000028,22,7
76,mixglobal,hash,False,13,13,3072.7724562969393,236.36711202284147,10653.862281484697,146,147,0,0.18344689800005654,23,8
76,mixprobe,hash,False,13,13,3072.7724562969393,236.36711202284147,10653.862281484697,146,147,0,0.12124022000000423,23,8
76,v2,hash,False,13,13,2934.7554425525695,225.75041865788995,10613.777212762849,125,122,0,0.2102047370000264,18,8
77,initial0,hash,False,10,10,2661.9961865891173,266.19961865891173,9464.980932945587,120,119,0,0.15365959199993995,21,7
77,initial0deep,hash,False,10,10,2624.351912476521,262.43519124765214,9301.759562382606,119,119,0,0.06322413499992763,18,7
77,initial0mix,hash,False,10,10,2570.7954724778706,257.07954724778705,9008.977362389352,120,119,0,0.06985244999998486,19,7
77,initial10,hash,False,10,10,2952.570378983374,295.25703789833744,10492.85189491687,134,134,0,0.17655599700003677,20,7
77,initial15,hash,False,10,10,3006.0440158410643,300.6044015841064,10390.22007920532,146,148,0,0.17796940300002007,18,7
77,initial3,hash,False,10,10,2678.9961865891173,267.8996186589117,9464.980932945587,123,121,0,0.14254800399999112,21,7
77,initial5,hash,False,10,10,2777.6502700516,277.76502700516,9948.251350257999,124,118,0,0.13990340800000922,20,7
77,initial5mix,hash,False,10,10,2704.7097128123814,270.4709712812381,9608.548564061906,123,118,0,0.06012032499995712,19,7
77,mixglobal,hash,False,10,10,2822.298649764841,282.22986497648407,9531.493248824203,144,146,0,0.1590995630000407,18,8
77,mixprobe,hash,False,10,10,2876.7832121979436,287.6783212197944,9678.916060989719,148,151,0,0.10369870699992134,19,8
77,v2,hash,False,10,10,3052.033766974558,305.20337669745584,10380.168834872791,154,156,0,0.20539192499995806,18,8
78,initial0,hash,False,15,15,3256.3835712533705,217.09223808355804,12181.917856266853,124,125,0,0.22237931100005426,25,7
78,initial0deep,hash,False,15,15,3140.0323815707425,209.33549210471617,11675.161907853711,122,120,0,0.09016381800006457,24,7
78,initial0mix,hash,False,15,15,3146.7070996782268,209.7804733118818,11468.535498391135,130,128,0,0.09791423699994084,28,7
78,initial10,hash,False,15,15,3180.697250463982,212.04648336426547,12048.48625231991,116,116,0,0.2195297360000268,26,7
78,initial15,hash,False,15,15,3083.4622358888855,205.56414905925902,11282.311179444427,125,127,0,0.20558066099999905,25,7
78,initial3,hash,False,15,15,3249.619026983694,216.6412684655796,12283.095134918469,120,118,0,0.23638272399989546,26,7
78,initial5,hash,False,15,15,3261.619026983694,217.44126846557958,12283.095134918469,122,120,0,0.23621571600006064,26,7
78,initial5mix,hash,False,15,15,3169.9219297519867,211.32812865013244,11534.609648759933,132,128,0,0.09659435399998983,27,7
78,mixglobal,hash,False,15,15,3259.9871923133223,217.33247948755482,12054.935961566613,129,129,0,0.17564519600000494,25,8
78,mixprobe,hash,False,15,15,3259.9871923133223,217.33247948755482,12054.935961566613,129,129,0,0.10295128799998565,25,8
78,v2,hash,False,15,15,3113.765287687699,207.58435251251328,11283.826438438495,130,132,0,0.22510310699999536,25,8
79,initial0,hash,False,10,10,3304.4896647170785,330.4489664717079,12772.448323585393,117,115,0,0.14566850000005616,20,7
79,initial0deep,hash,False,10,10,3199.7305444809754,319.9730544480975,12343.652722404877,114,111,0,0.061529134000011254,21,7
79,initial0mix,hash,False,10,10,3203.160835497374,320.3160835497374,12295.80417748687,116,114,0,0.08690917100000206,21,7
79,initial10,hash,False,10,10,3180.6137989873214,318.0613798987321,11768.068994936608,130,127,0,0.15774332399996638,20,7
79,initial15,hash,False,10,10,3215.476432944267,321.5476432944267,11777.382164721335,135,135,0,0.18924290600000404,20,7
79,initial3,hash,False,10,10,3174.1100938168383,317.4110093816838,12205.550469084192,114,113,0,0.17906374599999708,20,7
79,initial5,hash,False,10,10,3186.1100938168383,318.61100938168386,12205.550469084192,116,115,0,0.1460541619999276,20,7
79,initial5mix,hash,False,10,10,3218.90657854065,321.890657854065,12289.53289270325,119,116,0,0.06814571100005651,21,7
79,mixglobal,hash,False,10,10,3118.419513040501,311.8419513040501,11037.097565202504,144,141,0,0.13339469000004556,20,8
79,mixprobe,hash,False,10,10,3118.419513040501,311.8419513040501,11037.097565202504,144,141,0,0.080727611000043,20,8
79,v2,hash,False,10,10,3113.5577649818065,311.35577649818066,11017.788824909032,144,140,0,0.18915856800003894,21,8
