{"seed": 621101, "strategy": "compact_clear_before_probe", "successful": true, "virtual_time_s": 7412.157816, "common_lower_bound_s": 2027.2146124867825, "time_over_lower_bound": 3.656326158239118, "penalized_time_over_lower_bound": 3.656326158239118, "errors": []}
{"seed": 621101, "strategy": "compact_baseline", "successful": true, "virtual_time_s": 8108.317313, "common_lower_bound_s": 2027.2146124867825, "time_over_lower_bound": 3.999733063808934, "penalized_time_over_lower_bound": 3.999733063808934, "errors": []}
{"seed": 621102, "strategy": "compact_baseline", "successful": true, "virtual_time_s": 7039.096823, "common_lower_bound_s": 2298.3139973808256, "time_over_lower_bound": 3.062721991434505, "penalized_time_over_lower_bound": 3.062721991434505, "errors": []}
{"seed": 621101, "strategy": "compact_joint_probe", "successful": true, "virtual_time_s": 7412.157816, "common_lower_bound_s": 2027.2146124867825, "time_over_lower_bound": 3.656326158239118, "penalized_time_over_lower_bound": 3.656326158239118, "errors": []}
{"seed": 621102, "strategy": "compact_clear_before_probe", "successful": true, "virtual_time_s": 6776.351373, "common_lower_bound_s": 2298.3139973808256, "time_over_lower_bound": 2.9484010369002567, "penalized_time_over_lower_bound": 2.9484010369002567, "errors": []}
{"seed": 621102, "strategy": "compact_joint_probe", "successful": true, "virtual_time_s": 6776.351373, "common_lower_bound_s": 2298.3139973808256, "time_over_lower_bound": 2.9484010369002567, "penalized_time_over_lower_bound": 2.9484010369002567, "errors": []}
{"seed": 621101, "strategy": "compact_joint_continuation", "successful": true, "virtual_time_s": 7412.157816, "common_lower_bound_s": 2027.2146124867825, "time_over_lower_bound": 3.656326158239118, "penalized_time_over_lower_bound": 3.656326158239118, "errors": []}
{"seed": 621103, "strategy": "compact_baseline", "successful": true, "virtual_time_s": 8186.753094, "common_lower_bound_s": 1952.4634423161838, "time_over_lower_bound": 4.193037839565464, "penalized_time_over_lower_bound": 4.193037839565464, "errors": []}
{"seed": 621102, "strategy": "compact_joint_continuation", "successful": true, "virtual_time_s": 6776.351373, "common_lower_bound_s": 2298.3139973808256, "time_over_lower_bound": 2.9484010369002567, "penalized_time_over_lower_bound": 2.9484010369002567, "errors": []}
{"seed": 621103, "strategy": "compact_clear_before_probe", "successful": true, "virtual_time_s": 7303.156319, "common_lower_bound_s": 1952.4634423161838, "time_over_lower_bound": 3.740483002507004, "penalized_time_over_lower_bound": 3.740483002507004, "errors": []}
{"seed": 621103, "strategy": "compact_joint_probe", "successful": true, "virtual_time_s": 7644.412376, "common_lower_bound_s": 1952.4634423161838, "time_over_lower_bound": 3.915265305521688, "penalized_time_over_lower_bound": 3.915265305521688, "errors": []}
{"seed": 621103, "strategy": "compact_joint_continuation", "successful": true, "virtual_time_s": 7216.240458, "common_lower_bound_s": 1952.4634423161838, "time_over_lower_bound": 3.6959670033255327, "penalized_time_over_lower_bound": 3.6959670033255327, "errors": []}
{"seed": 621104, "strategy": "compact_baseline", "successful": true, "virtual_time_s": 6629.894448, "common_lower_bound_s": 1956.64183271394, "time_over_lower_bound": 3.3884047336369543, "penalized_time_over_lower_bound": 3.3884047336369543, "errors": []}
{"seed": 621104, "strategy": "compact_clear_before_probe", "successful": true, "virtual_time_s": 4306.151088, "common_lower_bound_s": 1956.64183271394, "time_over_lower_bound": 2.2007865803559956, "penalized_time_over_lower_bound": 2.2007865803559956, "errors": []}
{"seed": 621104, "strategy": "compact_joint_probe", "successful": true, "virtual_time_s": 4306.151088, "common_lower_bound_s": 1956.64183271394, "time_over_lower_bound": 2.2007865803559956, "penalized_time_over_lower_bound": 2.2007865803559956, "errors": []}
{"seed": 621104, "strategy": "compact_joint_continuation", "successful": true, "virtual_time_s": 4306.151088, "common_lower_bound_s": 1956.64183271394, "time_over_lower_bound": 2.2007865803559956, "penalized_time_over_lower_bound": 2.2007865803559956, "errors": []}
{"seed": 621105, "strategy": "compact_baseline", "successful": true, "virtual_time_s": 8424.006861, "common_lower_bound_s": 1757.389492842212, "time_over_lower_bound": 4.79347742507321, "penalized_time_over_lower_bound": 4.79347742507321, "errors": []}
{"seed": 621105, "strategy": "compact_clear_before_probe", "successful": true, "virtual_time_s": 7636.556097, "common_lower_bound_s": 1757.389492842212, "time_over_lower_bound": 4.345397607134579, "penalized_time_over_lower_bound": 4.345397607134579, "errors": []}
{"seed": 621106, "strategy": "compact_baseline", "successful": true, "virtual_time_s": 6007.879237, "common_lower_bound_s": 2372.1109886013282, "time_over_lower_bound": 2.532714222002924, "penalized_time_over_lower_bound": 2.532714222002924, "errors": []}
{"seed": 621106, "strategy": "compact_clear_before_probe", "successful": true, "virtual_time_s": 5851.879237, "common_lower_bound_s": 2372.1109886013282, "time_over_lower_bound": 2.4669500141940883, "penalized_time_over_lower_bound": 2.4669500141940883, "errors": []}
{"seed": 621106, "strategy": "compact_joint_probe", "successful": true, "virtual_time_s": 5851.879237, "common_lower_bound_s": 2372.1109886013282, "time_over_lower_bound": 2.4669500141940883, "penalized_time_over_lower_bound": 2.4669500141940883, "errors": []}
{"seed": 621106, "strategy": "compact_joint_continuation", "successful": true, "virtual_time_s": 5851.879237, "common_lower_bound_s": 2372.1109886013282, "time_over_lower_bound": 2.4669500141940883, "penalized_time_over_lower_bound": 2.4669500141940883, "errors": []}
{"seed": 621105, "strategy": "compact_joint_probe", "successful": true, "virtual_time_s": 6478.682908, "common_lower_bound_s": 1757.389492842212, "time_over_lower_bound": 3.6865378644787947, "penalized_time_over_lower_bound": 3.6865378644787947, "errors": []}
{"seed": 621105, "strategy": "compact_joint_continuation", "successful": true, "virtual_time_s": 6522.276215, "common_lower_bound_s": 1757.389492842212, "time_over_lower_bound": 3.711343581809844, "penalized_time_over_lower_bound": 3.711343581809844, "errors": []}
{"seed": 621107, "strategy": "compact_baseline", "successful": true, "virtual_time_s": 9039.883191, "common_lower_bound_s": 2024.1138349701996, "time_over_lower_bound": 4.466094265460664, "penalized_time_over_lower_bound": 4.466094265460664, "errors": []}
{"seed": 621107, "strategy": "compact_clear_before_probe", "successful": true, "virtual_time_s": 8501.553973, "common_lower_bound_s": 2024.1138349701996, "time_over_lower_bound": 4.200136289827378, "penalized_time_over_lower_bound": 4.200136289827378, "errors": []}
{"seed": 621108, "strategy": "compact_baseline", "successful": true, "virtual_time_s": 7699.199886, "common_lower_bound_s": 2089.401422143769, "time_over_lower_bound": 3.684883050429085, "penalized_time_over_lower_bound": 3.684883050429085, "errors": []}
{"seed": 621108, "strategy": "compact_clear_before_probe", "successful": true, "virtual_time_s": 7288.702854, "common_lower_bound_s": 2089.401422143769, "time_over_lower_bound": 3.4884167191394173, "penalized_time_over_lower_bound": 3.4884167191394173, "errors": []}
{"seed": 621108, "strategy": "compact_joint_probe", "successful": true, "virtual_time_s": 7288.702854, "common_lower_bound_s": 2089.401422143769, "time_over_lower_bound": 3.4884167191394173, "penalized_time_over_lower_bound": 3.4884167191394173, "errors": []}
{"seed": 621107, "strategy": "compact_joint_probe", "successful": true, "virtual_time_s": 9157.882501, "common_lower_bound_s": 2024.1138349701996, "time_over_lower_bound": 4.524391041047762, "penalized_time_over_lower_bound": 4.524391041047762, "errors": []}
{"seed": 621109, "strategy": "compact_baseline", "successful": true, "virtual_time_s": 6355.981662, "common_lower_bound_s": 2294.1705740937264, "time_over_lower_bound": 2.7704921917198, "penalized_time_over_lower_bound": 2.7704921917198, "errors": []}
{"seed": 621109, "strategy": "compact_clear_before_probe", "successful": true, "virtual_time_s": 6151.981662, "common_lower_bound_s": 2294.1705740937264, "time_over_lower_bound": 2.681571166272254, "penalized_time_over_lower_bound": 2.681571166272254, "errors": []}
{"seed": 621109, "strategy": "compact_joint_probe", "successful": true, "virtual_time_s": 6151.981662, "common_lower_bound_s": 2294.1705740937264, "time_over_lower_bound": 2.681571166272254, "penalized_time_over_lower_bound": 2.681571166272254, "errors": []}
{"seed": 621108, "strategy": "compact_joint_continuation", "successful": true, "virtual_time_s": 7288.702854, "common_lower_bound_s": 2089.401422143769, "time_over_lower_bound": 3.4884167191394173, "penalized_time_over_lower_bound": 3.4884167191394173, "errors": []}
{"seed": 621109, "strategy": "compact_joint_continuation", "successful": true, "virtual_time_s": 6151.981662, "common_lower_bound_s": 2294.1705740937264, "time_over_lower_bound": 2.681571166272254, "penalized_time_over_lower_bound": 2.681571166272254, "errors": []}
{"seed": 621110, "strategy": "compact_baseline", "successful": true, "virtual_time_s": 6381.885342, "common_lower_bound_s": 1735.4457936630138, "time_over_lower_bound": 3.6773752112013383, "penalized_time_over_lower_bound": 3.6773752112013383, "errors": []}
{"seed": 621110, "strategy": "compact_clear_before_probe", "successful": true, "virtual_time_s": 6243.885342, "common_lower_bound_s": 1735.4457936630138, "time_over_lower_bound": 3.597856737905366, "penalized_time_over_lower_bound": 3.597856737905366, "errors": []}
{"seed": 621107, "strategy": "compact_joint_continuation", "successful": true, "virtual_time_s": 8154.510989, "common_lower_bound_s": 2024.1138349701996, "time_over_lower_bound": 4.028682007956364, "penalized_time_over_lower_bound": 4.028682007956364, "errors": []}
{"seed": 621110, "strategy": "compact_joint_probe", "successful": true, "virtual_time_s": 6243.885342, "common_lower_bound_s": 1735.4457936630138, "time_over_lower_bound": 3.597856737905366, "penalized_time_over_lower_bound": 3.597856737905366, "errors": []}
{"seed": 621110, "strategy": "compact_joint_continuation", "successful": true, "virtual_time_s": 6243.885342, "common_lower_bound_s": 1735.4457936630138, "time_over_lower_bound": 3.597856737905366, "penalized_time_over_lower_bound": 3.597856737905366, "errors": []}
{"seed": 621111, "strategy": "compact_baseline", "successful": true, "virtual_time_s": 6710.988625, "common_lower_bound_s": 2181.465445169843, "time_over_lower_bound": 3.076367145699849, "penalized_time_over_lower_bound": 3.076367145699849, "errors": []}
{"seed": 621111, "strategy": "compact_clear_before_probe", "successful": true, "virtual_time_s": 6222.285492, "common_lower_bound_s": 2181.465445169843, "time_over_lower_bound": 2.8523419913788963, "penalized_time_over_lower_bound": 2.8523419913788963, "errors": []}
{"seed": 621111, "strategy": "compact_joint_probe", "successful": true, "virtual_time_s": 6222.285492, "common_lower_bound_s": 2181.465445169843, "time_over_lower_bound": 2.8523419913788963, "penalized_time_over_lower_bound": 2.8523419913788963, "errors": []}
{"seed": 621111, "strategy": "compact_joint_continuation", "successful": true, "virtual_time_s": 6222.285492, "common_lower_bound_s": 2181.465445169843, "time_over_lower_bound": 2.8523419913788963, "penalized_time_over_lower_bound": 2.8523419913788963, "errors": []}
{"seed": 621112, "strategy": "compact_baseline", "successful": true, "virtual_time_s": 6993.38622, "common_lower_bound_s": 2380.1406790198475, "time_over_lower_bound": 2.9382238964462837, "penalized_time_over_lower_bound": 2.9382238964462837, "errors": []}
{"seed": 621112, "strategy": "compact_clear_before_probe", "successful": true, "virtual_time_s": 6563.70742, "common_lower_bound_s": 2380.1406790198475, "time_over_lower_bound": 2.757697256240738, "penalized_time_over_lower_bound": 2.757697256240738, "errors": []}
{"seed": 621112, "strategy": "compact_joint_probe", "successful": true, "virtual_time_s": 6563.70742, "common_lower_bound_s": 2380.1406790198475, "time_over_lower_bound": 2.757697256240738, "penalized_time_over_lower_bound": 2.757697256240738, "errors": []}
{"seed": 621113, "strategy": "compact_baseline", "successful": true, "virtual_time_s": 8187.382158, "common_lower_bound_s": 2421.4949796128717, "time_over_lower_bound": 3.381127042150189, "penalized_time_over_lower_bound": 3.381127042150189, "errors": []}
{"seed": 621113, "strategy": "compact_clear_before_probe", "successful": true, "virtual_time_s": 7645.435273, "common_lower_bound_s": 2421.4949796128717, "time_over_lower_bound": 3.15732030723528, "penalized_time_over_lower_bound": 3.15732030723528, "errors": []}
{"seed": 621112, "strategy": "compact_joint_continuation", "successful": true, "virtual_time_s": 6563.70742, "common_lower_bound_s": 2380.1406790198475, "time_over_lower_bound": 2.757697256240738, "penalized_time_over_lower_bound": 2.757697256240738, "errors": []}
{"seed": 621114, "strategy": "compact_baseline", "successful": true, "virtual_time_s": 7673.050944, "common_lower_bound_s": 2083.082050292048, "time_over_lower_bound": 3.6835087426941433, "penalized_time_over_lower_bound": 3.6835087426941433, "errors": []}
{"seed": 621114, "strategy": "compact_clear_before_probe", "successful": true, "virtual_time_s": 7182.894256, "common_lower_bound_s": 2083.082050292048, "time_over_lower_bound": 3.4482051511091263, "penalized_time_over_lower_bound": 3.4482051511091263, "errors": []}
{"seed": 621113, "strategy": "compact_joint_probe", "successful": true, "virtual_time_s": 7645.435273, "common_lower_bound_s": 2421.4949796128717, "time_over_lower_bound": 3.15732030723528, "penalized_time_over_lower_bound": 3.15732030723528, "errors": []}
{"seed": 621113, "strategy": "compact_joint_continuation", "successful": true, "virtual_time_s": 7645.435273, "common_lower_bound_s": 2421.4949796128717, "time_over_lower_bound": 3.15732030723528, "penalized_time_over_lower_bound": 3.15732030723528, "errors": []}
{"seed": 621114, "strategy": "compact_joint_probe", "successful": true, "virtual_time_s": 6884.471423, "common_lower_bound_s": 2083.082050292048, "time_over_lower_bound": 3.304944911812186, "penalized_time_over_lower_bound": 3.304944911812186, "errors": []}
{"seed": 621115, "strategy": "compact_baseline", "successful": true, "virtual_time_s": 6221.873072, "common_lower_bound_s": 2195.0479398422403, "time_over_lower_bound": 2.8345044128954973, "penalized_time_over_lower_bound": 2.8345044128954973, "errors": []}
{"seed": 621114, "strategy": "compact_joint_continuation", "successful": true, "virtual_time_s": 6798.682613, "common_lower_bound_s": 2083.082050292048, "time_over_lower_bound": 3.263761315617321, "penalized_time_over_lower_bound": 3.263761315617321, "errors": []}
{"seed": 621115, "strategy": "compact_clear_before_probe", "successful": true, "virtual_time_s": 5879.873072, "common_lower_bound_s": 2195.0479398422403, "time_over_lower_bound": 2.6786991597197605, "penalized_time_over_lower_bound": 2.6786991597197605, "errors": []}
{"seed": 621116, "strategy": "compact_baseline", "successful": true, "virtual_time_s": 7991.522, "common_lower_bound_s": 2224.65313931296, "time_over_lower_bound": 3.5922552863535495, "penalized_time_over_lower_bound": 3.5922552863535495, "errors": []}
{"seed": 621115, "strategy": "compact_joint_probe", "successful": true, "virtual_time_s": 5879.873072, "common_lower_bound_s": 2195.0479398422403, "time_over_lower_bound": 2.6786991597197605, "penalized_time_over_lower_bound": 2.6786991597197605, "errors": []}
{"seed": 621115, "strategy": "compact_joint_continuation", "successful": true, "virtual_time_s": 5879.873072, "common_lower_bound_s": 2195.0479398422403, "time_over_lower_bound": 2.6786991597197605, "penalized_time_over_lower_bound": 2.6786991597197605, "errors": []}
{"seed": 621116, "strategy": "compact_clear_before_probe", "successful": true, "virtual_time_s": 7192.534792, "common_lower_bound_s": 2224.65313931296, "time_over_lower_bound": 3.233103922987865, "penalized_time_over_lower_bound": 3.233103922987865, "errors": []}
{"seed": 621117, "strategy": "compact_baseline", "successful": true, "virtual_time_s": 6566.305257, "common_lower_bound_s": 2318.4504312253544, "time_over_lower_bound": 2.8321956633463827, "penalized_time_over_lower_bound": 2.8321956633463827, "errors": []}
{"seed": 621116, "strategy": "compact_joint_probe", "successful": true, "virtual_time_s": 7192.534792, "common_lower_bound_s": 2224.65313931296, "time_over_lower_bound": 3.233103922987865, "penalized_time_over_lower_bound": 3.233103922987865, "errors": []}
{"seed": 621116, "strategy": "compact_joint_continuation", "successful": true, "virtual_time_s": 7166.330881, "common_lower_bound_s": 2224.65313931296, "time_over_lower_bound": 3.22132504809859, "penalized_time_over_lower_bound": 3.22132504809859, "errors": []}
{"seed": 621117, "strategy": "compact_clear_before_probe", "successful": true, "virtual_time_s": 6040.302846, "common_lower_bound_s": 2318.4504312253544, "time_over_lower_bound": 2.6053189512477783, "penalized_time_over_lower_bound": 2.6053189512477783, "errors": []}
{"seed": 621117, "strategy": "compact_joint_probe", "successful": true, "virtual_time_s": 6040.302846, "common_lower_bound_s": 2318.4504312253544, "time_over_lower_bound": 2.6053189512477783, "penalized_time_over_lower_bound": 2.6053189512477783, "errors": []}
{"seed": 621118, "strategy": "compact_baseline", "successful": true, "virtual_time_s": 6961.908828, "common_lower_bound_s": 2145.9662360340662, "time_over_lower_bound": 3.2441837672461324, "penalized_time_over_lower_bound": 3.2441837672461324, "errors": []}
{"seed": 621118, "strategy": "compact_clear_before_probe", "successful": true, "virtual_time_s": 5906.829927, "common_lower_bound_s": 2145.9662360340662, "time_over_lower_bound": 2.7525269632929263, "penalized_time_over_lower_bound": 2.7525269632929263, "errors": []}
{"seed": 621117, "strategy": "compact_joint_continuation", "successful": true, "virtual_time_s": 6040.302846, "common_lower_bound_s": 2318.4504312253544, "time_over_lower_bound": 2.6053189512477783, "penalized_time_over_lower_bound": 2.6053189512477783, "errors": []}
{"seed": 621118, "strategy": "compact_joint_probe", "successful": true, "virtual_time_s": 5906.829927, "common_lower_bound_s": 2145.9662360340662, "time_over_lower_bound": 2.7525269632929263, "penalized_time_over_lower_bound": 2.7525269632929263, "errors": []}
{"seed": 621118, "strategy": "compact_joint_continuation", "successful": true, "virtual_time_s": 5906.829927, "common_lower_bound_s": 2145.9662360340662, "time_over_lower_bound": 2.7525269632929263, "penalized_time_over_lower_bound": 2.7525269632929263, "errors": []}
{"seed": 621119, "strategy": "compact_baseline", "successful": true, "virtual_time_s": 6115.067254, "common_lower_bound_s": 2052.3372212222794, "time_over_lower_bound": 2.979562613184076, "penalized_time_over_lower_bound": 2.979562613184076, "errors": []}
{"seed": 621119, "strategy": "compact_clear_before_probe", "successful": true, "virtual_time_s": 5809.067254, "common_lower_bound_s": 2052.3372212222794, "time_over_lower_bound": 2.8304643086579997, "penalized_time_over_lower_bound": 2.8304643086579997, "errors": []}
{"seed": 621119, "strategy": "compact_joint_probe", "successful": true, "virtual_time_s": 5809.067254, "common_lower_bound_s": 2052.3372212222794, "time_over_lower_bound": 2.8304643086579997, "penalized_time_over_lower_bound": 2.8304643086579997, "errors": []}
{"seed": 621119, "strategy": "compact_joint_continuation", "successful": true, "virtual_time_s": 5809.067254, "common_lower_bound_s": 2052.3372212222794, "time_over_lower_bound": 2.8304643086579997, "penalized_time_over_lower_bound": 2.8304643086579997, "errors": []}
{"seed": 621120, "strategy": "compact_baseline", "successful": true, "virtual_time_s": 7029.065412, "common_lower_bound_s": 2352.085917195768, "time_over_lower_bound": 2.988439053442519, "penalized_time_over_lower_bound": 2.988439053442519, "errors": []}
{"seed": 621120, "strategy": "compact_clear_before_probe", "successful": true, "virtual_time_s": 6673.333837, "common_lower_bound_s": 2352.085917195768, "time_over_lower_bound": 2.8371981602424463, "penalized_time_over_lower_bound": 2.8371981602424463, "errors": []}
{"seed": 621120, "strategy": "compact_joint_probe", "successful": true, "virtual_time_s": 6673.333837, "common_lower_bound_s": 2352.085917195768, "time_over_lower_bound": 2.8371981602424463, "penalized_time_over_lower_bound": 2.8371981602424463, "errors": []}
{"seed": 621120, "strategy": "compact_joint_continuation", "successful": true, "virtual_time_s": 6673.333837, "common_lower_bound_s": 2352.085917195768, "time_over_lower_bound": 2.8371981602424463, "penalized_time_over_lower_bound": 2.8371981602424463, "errors": []}
{"seed": 621121, "strategy": "compact_clear_before_probe", "successful": true, "virtual_time_s": 6416.691967, "common_lower_bound_s": 1799.3998129456845, "time_over_lower_bound": 3.5660179137707235, "penalized_time_over_lower_bound": 3.5660179137707235, "errors": []}
{"seed": 621121, "strategy": "compact_baseline", "successful": true, "virtual_time_s": 7959.33394, "common_lower_bound_s": 1799.3998129456845, "time_over_lower_bound": 4.423327090920541, "penalized_time_over_lower_bound": 4.423327090920541, "errors": []}
{"seed": 621122, "strategy": "compact_baseline", "successful": true, "virtual_time_s": 6897.983344, "common_lower_bound_s": 1564.403480835033, "time_over_lower_bound": 4.409337762607162, "penalized_time_over_lower_bound": 4.409337762607162, "errors": []}
{"seed": 621122, "strategy": "compact_clear_before_probe", "successful": true, "virtual_time_s": 6486.785859, "common_lower_bound_s": 1564.403480835033, "time_over_lower_bound": 4.146491578718262, "penalized_time_over_lower_bound": 4.146491578718262, "errors": []}
{"seed": 621122, "strategy": "compact_joint_probe", "successful": true, "virtual_time_s": 6486.785859, "common_lower_bound_s": 1564.403480835033, "time_over_lower_bound": 4.146491578718262, "penalized_time_over_lower_bound": 4.146491578718262, "errors": []}
{"seed": 621121, "strategy": "compact_joint_probe", "successful": true, "virtual_time_s": 5803.157307, "common_lower_bound_s": 1799.3998129456845, "time_over_lower_bound": 3.225051634022355, "penalized_time_over_lower_bound": 3.225051634022355, "errors": []}
{"seed": 621122, "strategy": "compact_joint_continuation", "successful": true, "virtual_time_s": 6455.200082, "common_lower_bound_s": 1564.403480835033, "time_over_lower_bound": 4.12630127782278, "penalized_time_over_lower_bound": 4.12630127782278, "errors": []}
{"seed": 621123, "strategy": "compact_baseline", "successful": true, "virtual_time_s": 6762.718695, "common_lower_bound_s": 2050.386707910257, "time_over_lower_bound": 3.298264990164965, "penalized_time_over_lower_bound": 3.298264990164965, "errors": []}
{"seed": 621123, "strategy": "compact_clear_before_probe", "successful": true, "virtual_time_s": 6538.574607, "common_lower_bound_s": 2050.386707910257, "time_over_lower_bound": 3.1889470321742768, "penalized_time_over_lower_bound": 3.1889470321742768, "errors": []}
{"seed": 621123, "strategy": "compact_joint_probe", "successful": true, "virtual_time_s": 6538.574607, "common_lower_bound_s": 2050.386707910257, "time_over_lower_bound": 3.1889470321742768, "penalized_time_over_lower_bound": 3.1889470321742768, "errors": []}
{"seed": 621123, "strategy": "compact_joint_continuation", "successful": true, "virtual_time_s": 6538.574607, "common_lower_bound_s": 2050.386707910257, "time_over_lower_bound": 3.1889470321742768, "penalized_time_over_lower_bound": 3.1889470321742768, "errors": []}
{"seed": 621124, "strategy": "compact_baseline", "successful": true, "virtual_time_s": 6682.563175, "common_lower_bound_s": 2212.2051074752726, "time_over_lower_bound": 3.02077015933962, "penalized_time_over_lower_bound": 3.02077015933962, "errors": []}
{"seed": 621124, "strategy": "compact_clear_before_probe", "successful": true, "virtual_time_s": 7511.223183, "common_lower_bound_s": 2212.2051074752726, "time_over_lower_bound": 3.395355682716214, "penalized_time_over_lower_bound": 3.395355682716214, "errors": []}
{"seed": 621121, "strategy": "compact_joint_continuation", "successful": true, "virtual_time_s": 4901.847372, "common_lower_bound_s": 1799.3998129456845, "time_over_lower_bound": 2.7241568753836276, "penalized_time_over_lower_bound": 2.7241568753836276, "errors": []}
{"seed": 621125, "strategy": "compact_baseline", "successful": true, "virtual_time_s": 6872.95587, "common_lower_bound_s": 1963.1753896140715, "time_over_lower_bound": 3.5009382790557044, "penalized_time_over_lower_bound": 3.5009382790557044, "errors": []}
{"seed": 621125, "strategy": "compact_clear_before_probe", "successful": true, "virtual_time_s": 6548.400836, "common_lower_bound_s": 1963.1753896140715, "time_over_lower_bound": 3.335616812763382, "penalized_time_over_lower_bound": 3.335616812763382, "errors": []}
{"seed": 621125, "strategy": "compact_joint_probe", "successful": true, "virtual_time_s": 6547.566728, "common_lower_bound_s": 1963.1753896140715, "time_over_lower_bound": 3.335191935799045, "penalized_time_over_lower_bound": 3.335191935799045, "errors": []}
{"seed": 621124, "strategy": "compact_joint_probe", "successful": true, "virtual_time_s": 6619.793935, "common_lower_bound_s": 2212.2051074752726, "time_over_lower_bound": 2.9923960995438548, "penalized_time_over_lower_bound": 2.9923960995438548, "errors": []}
{"seed": 621126, "strategy": "compact_baseline", "successful": true, "virtual_time_s": 6628.04663, "common_lower_bound_s": 2402.092369479615, "time_over_lower_bound": 2.7592804982082715, "penalized_time_over_lower_bound": 2.7592804982082715, "errors": []}
{"seed": 621125, "strategy": "compact_joint_continuation", "successful": true, "virtual_time_s": 6547.566728, "common_lower_bound_s": 1963.1753896140715, "time_over_lower_bound": 3.335191935799045, "penalized_time_over_lower_bound": 3.335191935799045, "errors": []}
{"seed": 621126, "strategy": "compact_clear_before_probe", "successful": true, "virtual_time_s": 6420.915789, "common_lower_bound_s": 2402.092369479615, "time_over_lower_bound": 2.6730511576417917, "penalized_time_over_lower_bound": 2.6730511576417917, "errors": []}
{"seed": 621126, "strategy": "compact_joint_probe", "successful": true, "virtual_time_s": 6420.915789, "common_lower_bound_s": 2402.092369479615, "time_over_lower_bound": 2.6730511576417917, "penalized_time_over_lower_bound": 2.6730511576417917, "errors": []}
{"seed": 621124, "strategy": "compact_joint_continuation", "successful": true, "virtual_time_s": 6382.886639, "common_lower_bound_s": 2212.2051074752726, "time_over_lower_bound": 2.8853050819888075, "penalized_time_over_lower_bound": 2.8853050819888075, "errors": []}
{"seed": 621126, "strategy": "compact_joint_continuation", "successful": true, "virtual_time_s": 6420.915789, "common_lower_bound_s": 2402.092369479615, "time_over_lower_bound": 2.6730511576417917, "penalized_time_over_lower_bound": 2.6730511576417917, "errors": []}
{"seed": 621127, "strategy": "compact_baseline", "successful": true, "virtual_time_s": 6886.072164, "common_lower_bound_s": 2171.7093622291773, "time_over_lower_bound": 3.17080742191566, "penalized_time_over_lower_bound": 3.17080742191566, "errors": []}
{"seed": 621127, "strategy": "compact_clear_before_probe", "successful": true, "virtual_time_s": 5526.021988, "common_lower_bound_s": 2171.7093622291773, "time_over_lower_bound": 2.5445495074569964, "penalized_time_over_lower_bound": 2.5445495074569964, "errors": []}
{"seed": 621128, "strategy": "compact_baseline", "successful": true, "virtual_time_s": 7335.936898, "common_lower_bound_s": 1821.927435298148, "time_over_lower_bound": 4.0264704048432725, "penalized_time_over_lower_bound": 4.0264704048432725, "errors": []}
{"seed": 621128, "strategy": "compact_clear_before_probe", "successful": true, "virtual_time_s": 7099.16572, "common_lower_bound_s": 1821.927435298148, "time_over_lower_bound": 3.8965139788008414, "penalized_time_over_lower_bound": 3.8965139788008414, "errors": []}
{"seed": 621127, "strategy": "compact_joint_probe", "successful": true, "virtual_time_s": 5526.021988, "common_lower_bound_s": 2171.7093622291773, "time_over_lower_bound": 2.5445495074569964, "penalized_time_over_lower_bound": 2.5445495074569964, "errors": []}
{"seed": 621128, "strategy": "compact_joint_probe", "successful": true, "virtual_time_s": 7099.16572, "common_lower_bound_s": 1821.927435298148, "time_over_lower_bound": 3.8965139788008414, "penalized_time_over_lower_bound": 3.8965139788008414, "errors": []}
{"seed": 621129, "strategy": "compact_baseline", "successful": true, "virtual_time_s": 7668.350995, "common_lower_bound_s": 2186.3631533217103, "time_over_lower_bound": 3.507354660340659, "penalized_time_over_lower_bound": 3.507354660340659, "errors": []}
{"seed": 621128, "strategy": "compact_joint_continuation", "successful": true, "virtual_time_s": 7099.16572, "common_lower_bound_s": 1821.927435298148, "time_over_lower_bound": 3.8965139788008414, "penalized_time_over_lower_bound": 3.8965139788008414, "errors": []}
{"seed": 621129, "strategy": "compact_clear_before_probe", "successful": true, "virtual_time_s": 7093.679877, "common_lower_bound_s": 2186.3631533217103, "time_over_lower_bound": 3.2445112634754536, "penalized_time_over_lower_bound": 3.2445112634754536, "errors": []}
{"seed": 621129, "strategy": "compact_joint_probe", "successful": true, "virtual_time_s": 7093.679877, "common_lower_bound_s": 2186.3631533217103, "time_over_lower_bound": 3.2445112634754536, "penalized_time_over_lower_bound": 3.2445112634754536, "errors": []}
{"seed": 621129, "strategy": "compact_joint_continuation", "successful": true, "virtual_time_s": 7093.679877, "common_lower_bound_s": 2186.3631533217103, "time_over_lower_bound": 3.2445112634754536, "penalized_time_over_lower_bound": 3.2445112634754536, "errors": []}
{"seed": 621130, "strategy": "compact_baseline", "successful": true, "virtual_time_s": 7668.504472, "common_lower_bound_s": 1850.4983722956408, "time_over_lower_bound": 4.144021192781064, "penalized_time_over_lower_bound": 4.144021192781064, "errors": []}
{"seed": 621130, "strategy": "compact_clear_before_probe", "successful": true, "virtual_time_s": 7312.917835, "common_lower_bound_s": 1850.4983722956408, "time_over_lower_bound": 3.9518639651262917, "penalized_time_over_lower_bound": 3.9518639651262917, "errors": []}
{"seed": 621127, "strategy": "compact_joint_continuation", "successful": true, "virtual_time_s": 5526.021988, "common_lower_bound_s": 2171.7093622291773, "time_over_lower_bound": 2.5445495074569964, "penalized_time_over_lower_bound": 2.5445495074569964, "errors": []}
{"seed": 621131, "strategy": "compact_baseline", "successful": true, "virtual_time_s": 6585.052244, "common_lower_bound_s": 2273.941570223628, "time_over_lower_bound": 2.8958757473053285, "penalized_time_over_lower_bound": 2.8958757473053285, "errors": []}
{"seed": 621130, "strategy": "compact_joint_probe", "successful": true, "virtual_time_s": 7323.645546, "common_lower_bound_s": 1850.4983722956408, "time_over_lower_bound": 3.957661166118526, "penalized_time_over_lower_bound": 3.957661166118526, "errors": []}
{"seed": 621131, "strategy": "compact_clear_before_probe", "successful": true, "virtual_time_s": 6230.052244, "common_lower_bound_s": 2273.941570223628, "time_over_lower_bound": 2.7397591589775607, "penalized_time_over_lower_bound": 2.7397591589775607, "errors": []}
{"seed": 621130, "strategy": "compact_joint_continuation", "successful": true, "virtual_time_s": 7323.645546, "common_lower_bound_s": 1850.4983722956408, "time_over_lower_bound": 3.957661166118526, "penalized_time_over_lower_bound": 3.957661166118526, "errors": []}
{"seed": 621131, "strategy": "compact_joint_probe", "successful": true, "virtual_time_s": 6230.052244, "common_lower_bound_s": 2273.941570223628, "time_over_lower_bound": 2.7397591589775607, "penalized_time_over_lower_bound": 2.7397591589775607, "errors": []}
{"seed": 621131, "strategy": "compact_joint_continuation", "successful": true, "virtual_time_s": 6184.958863, "common_lower_bound_s": 2273.941570223628, "time_over_lower_bound": 2.7199286665891544, "penalized_time_over_lower_bound": 2.7199286665891544, "errors": []}
{"seed": 621132, "strategy": "compact_baseline", "successful": true, "virtual_time_s": 8563.191526, "common_lower_bound_s": 2341.2432556090334, "time_over_lower_bound": 3.65754028569425, "penalized_time_over_lower_bound": 3.65754028569425, "errors": []}
{"seed": 621132, "strategy": "compact_clear_before_probe", "successful": true, "virtual_time_s": 8139.191526, "common_lower_bound_s": 2341.2432556090334, "time_over_lower_bound": 3.476439924172993, "penalized_time_over_lower_bound": 3.476439924172993, "errors": []}
{"seed": 621133, "strategy": "compact_baseline", "successful": true, "virtual_time_s": 7038.529864, "common_lower_bound_s": 1827.108432433833, "time_over_lower_bound": 3.8522781347050095, "penalized_time_over_lower_bound": 3.8522781347050095, "errors": []}
{"seed": 621133, "strategy": "compact_clear_before_probe", "successful": true, "virtual_time_s": 6761.291486, "common_lower_bound_s": 1827.108432433833, "time_over_lower_bound": 3.7005419962916477, "penalized_time_over_lower_bound": 3.7005419962916477, "errors": []}
{"seed": 621132, "strategy": "compact_joint_probe", "successful": true, "virtual_time_s": 7479.484687, "common_lower_bound_s": 2341.2432556090334, "time_over_lower_bound": 3.194663633982084, "penalized_time_over_lower_bound": 3.194663633982084, "errors": []}
{"seed": 621133, "strategy": "compact_joint_probe", "successful": true, "virtual_time_s": 6761.291486, "common_lower_bound_s": 1827.108432433833, "time_over_lower_bound": 3.7005419962916477, "penalized_time_over_lower_bound": 3.7005419962916477, "errors": []}
{"seed": 621132, "strategy": "compact_joint_continuation", "successful": true, "virtual_time_s": 7449.32701, "common_lower_bound_s": 2341.2432556090334, "time_over_lower_bound": 3.1817825816062792, "penalized_time_over_lower_bound": 3.1817825816062792, "errors": []}
{"seed": 621133, "strategy": "compact_joint_continuation", "successful": true, "virtual_time_s": 6761.291486, "common_lower_bound_s": 1827.108432433833, "time_over_lower_bound": 3.7005419962916477, "penalized_time_over_lower_bound": 3.7005419962916477, "errors": []}
{"seed": 621134, "strategy": "compact_baseline", "successful": true, "virtual_time_s": 7619.656494, "common_lower_bound_s": 1775.9726743050187, "time_over_lower_bound": 4.290413137680599, "penalized_time_over_lower_bound": 4.290413137680599, "errors": []}
{"seed": 621134, "strategy": "compact_clear_before_probe", "successful": true, "virtual_time_s": 7198.900739, "common_lower_bound_s": 1775.9726743050187, "time_over_lower_bound": 4.05349746826319, "penalized_time_over_lower_bound": 4.05349746826319, "errors": []}
{"seed": 621134, "strategy": "compact_joint_probe", "successful": true, "virtual_time_s": 7198.900739, "common_lower_bound_s": 1775.9726743050187, "time_over_lower_bound": 4.05349746826319, "penalized_time_over_lower_bound": 4.05349746826319, "errors": []}
{"seed": 621134, "strategy": "compact_joint_continuation", "successful": true, "virtual_time_s": 7198.900739, "common_lower_bound_s": 1775.9726743050187, "time_over_lower_bound": 4.05349746826319, "penalized_time_over_lower_bound": 4.05349746826319, "errors": []}
{"seed": 621135, "strategy": "compact_baseline", "successful": true, "virtual_time_s": 8425.756511, "common_lower_bound_s": 1990.1208237287476, "time_over_lower_bound": 4.233791441473016, "penalized_time_over_lower_bound": 4.233791441473016, "errors": []}
{"seed": 621135, "strategy": "compact_clear_before_probe", "successful": true, "virtual_time_s": 7002.957218, "common_lower_bound_s": 1990.1208237287476, "time_over_lower_bound": 3.5188603297356877, "penalized_time_over_lower_bound": 3.5188603297356877, "errors": []}
{"seed": 621135, "strategy": "compact_joint_probe", "successful": true, "virtual_time_s": 7002.957218, "common_lower_bound_s": 1990.1208237287476, "time_over_lower_bound": 3.5188603297356877, "penalized_time_over_lower_bound": 3.5188603297356877, "errors": []}
{"seed": 621136, "strategy": "compact_baseline", "successful": true, "virtual_time_s": 5053.415467, "common_lower_bound_s": 1653.0163151859458, "time_over_lower_bound": 3.057087471294285, "penalized_time_over_lower_bound": 3.057087471294285, "errors": []}
{"seed": 621136, "strategy": "compact_clear_before_probe", "successful": true, "virtual_time_s": 3376.647844, "common_lower_bound_s": 1653.0163151859458, "time_over_lower_bound": 2.042719005843669, "penalized_time_over_lower_bound": 2.042719005843669, "errors": []}
{"seed": 621135, "strategy": "compact_joint_continuation", "successful": true, "virtual_time_s": 6479.310813, "common_lower_bound_s": 1990.1208237287476, "time_over_lower_bound": 3.2557374083751243, "penalized_time_over_lower_bound": 3.2557374083751243, "errors": []}
{"seed": 621137, "strategy": "compact_baseline", "successful": true, "virtual_time_s": 6294.669989, "common_lower_bound_s": 2058.745020438268, "time_over_lower_bound": 3.0575277300051384, "penalized_time_over_lower_bound": 3.0575277300051384, "errors": []}
{"seed": 621137, "strategy": "compact_clear_before_probe", "successful": true, "virtual_time_s": 5931.811205, "common_lower_bound_s": 2058.745020438268, "time_over_lower_bound": 2.881275313898381, "penalized_time_over_lower_bound": 2.881275313898381, "errors": []}
{"seed": 621136, "strategy": "compact_joint_probe", "successful": true, "virtual_time_s": 3376.647844, "common_lower_bound_s": 1653.0163151859458, "time_over_lower_bound": 2.042719005843669, "penalized_time_over_lower_bound": 2.042719005843669, "errors": []}
{"seed": 621137, "strategy": "compact_joint_probe", "successful": true, "virtual_time_s": 5931.811205, "common_lower_bound_s": 2058.745020438268, "time_over_lower_bound": 2.881275313898381, "penalized_time_over_lower_bound": 2.881275313898381, "errors": []}
{"seed": 621137, "strategy": "compact_joint_continuation", "successful": true, "virtual_time_s": 5931.811205, "common_lower_bound_s": 2058.745020438268, "time_over_lower_bound": 2.881275313898381, "penalized_time_over_lower_bound": 2.881275313898381, "errors": []}
{"seed": 621136, "strategy": "compact_joint_continuation", "successful": true, "virtual_time_s": 3376.647844, "common_lower_bound_s": 1653.0163151859458, "time_over_lower_bound": 2.042719005843669, "penalized_time_over_lower_bound": 2.042719005843669, "errors": []}
{"seed": 621138, "strategy": "compact_clear_before_probe", "successful": true, "virtual_time_s": 6554.267, "common_lower_bound_s": 2199.6002822443643, "time_over_lower_bound": 2.9797536638394804, "penalized_time_over_lower_bound": 2.9797536638394804, "errors": []}
{"seed": 621138, "strategy": "compact_baseline", "successful": true, "virtual_time_s": 8005.714506, "common_lower_bound_s": 2199.6002822443643, "time_over_lower_bound": 3.639622421684435, "penalized_time_over_lower_bound": 3.639622421684435, "errors": []}
{"seed": 621139, "strategy": "compact_baseline", "successful": true, "virtual_time_s": 6344.198872, "common_lower_bound_s": 2124.991234807687, "time_over_lower_bound": 2.9855176661818814, "penalized_time_over_lower_bound": 2.9855176661818814, "errors": []}
{"seed": 621139, "strategy": "compact_clear_before_probe", "successful": true, "virtual_time_s": 5885.84155, "common_lower_bound_s": 2124.991234807687, "time_over_lower_bound": 2.7698192131755652, "penalized_time_over_lower_bound": 2.7698192131755652, "errors": []}
{"seed": 621139, "strategy": "compact_joint_probe", "successful": true, "virtual_time_s": 5885.84155, "common_lower_bound_s": 2124.991234807687, "time_over_lower_bound": 2.7698192131755652, "penalized_time_over_lower_bound": 2.7698192131755652, "errors": []}
{"seed": 621139, "strategy": "compact_joint_continuation", "successful": true, "virtual_time_s": 5885.84155, "common_lower_bound_s": 2124.991234807687, "time_over_lower_bound": 2.7698192131755652, "penalized_time_over_lower_bound": 2.7698192131755652, "errors": []}
{"seed": 621138, "strategy": "compact_joint_probe", "successful": true, "virtual_time_s": 6495.087414, "common_lower_bound_s": 2199.6002822443643, "time_over_lower_bound": 2.9528489637093203, "penalized_time_over_lower_bound": 2.9528489637093203, "errors": []}
{"seed": 621140, "strategy": "compact_baseline", "successful": true, "virtual_time_s": 6309.453379, "common_lower_bound_s": 2302.706054100068, "time_over_lower_bound": 2.7400168457305893, "penalized_time_over_lower_bound": 2.7400168457305893, "errors": []}
{"seed": 621140, "strategy": "compact_clear_before_probe", "successful": true, "virtual_time_s": 5854.774067, "common_lower_bound_s": 2302.706054100068, "time_over_lower_bound": 2.542562502311279, "penalized_time_over_lower_bound": 2.542562502311279, "errors": []}
{"seed": 621138, "strategy": "compact_joint_continuation", "successful": true, "virtual_time_s": 6495.087414, "common_lower_bound_s": 2199.6002822443643, "time_over_lower_bound": 2.9528489637093203, "penalized_time_over_lower_bound": 2.9528489637093203, "errors": []}
{"seed": 621141, "strategy": "compact_baseline", "successful": true, "virtual_time_s": 6813.227129, "common_lower_bound_s": 2358.101412965216, "time_over_lower_bound": 2.889285037335458, "penalized_time_over_lower_bound": 2.889285037335458, "errors": []}
{"seed": 621141, "strategy": "compact_clear_before_probe", "successful": true, "virtual_time_s": 6392.10555, "common_lower_bound_s": 2358.101412965216, "time_over_lower_bound": 2.7107000211505703, "penalized_time_over_lower_bound": 2.7107000211505703, "errors": []}
{"seed": 621140, "strategy": "compact_joint_probe", "successful": true, "virtual_time_s": 5854.774067, "common_lower_bound_s": 2302.706054100068, "time_over_lower_bound": 2.542562502311279, "penalized_time_over_lower_bound": 2.542562502311279, "errors": []}
{"seed": 621141, "strategy": "compact_joint_probe", "successful": true, "virtual_time_s": 6392.10555, "common_lower_bound_s": 2358.101412965216, "time_over_lower_bound": 2.7107000211505703, "penalized_time_over_lower_bound": 2.7107000211505703, "errors": []}
{"seed": 621140, "strategy": "compact_joint_continuation", "successful": true, "virtual_time_s": 5714.113552, "common_lower_bound_s": 2302.706054100068, "time_over_lower_bound": 2.4814776257810993, "penalized_time_over_lower_bound": 2.4814776257810993, "errors": []}
{"seed": 621141, "strategy": "compact_joint_continuation", "successful": true, "virtual_time_s": 6392.10555, "common_lower_bound_s": 2358.101412965216, "time_over_lower_bound": 2.7107000211505703, "penalized_time_over_lower_bound": 2.7107000211505703, "errors": []}
{"seed": 621142, "strategy": "compact_baseline", "successful": true, "virtual_time_s": 6999.647494, "common_lower_bound_s": 1790.386676867703, "time_over_lower_bound": 3.909573046111996, "penalized_time_over_lower_bound": 3.909573046111996, "errors": []}
{"seed": 621142, "strategy": "compact_clear_before_probe", "successful": true, "virtual_time_s": 6387.834492, "common_lower_bound_s": 1790.386676867703, "time_over_lower_bound": 3.5678518917352378, "penalized_time_over_lower_bound": 3.5678518917352378, "errors": []}
{"seed": 621142, "strategy": "compact_joint_probe", "successful": true, "virtual_time_s": 6387.834492, "common_lower_bound_s": 1790.386676867703, "time_over_lower_bound": 3.5678518917352378, "penalized_time_over_lower_bound": 3.5678518917352378, "errors": []}
{"seed": 621142, "strategy": "compact_joint_continuation", "successful": true, "virtual_time_s": 6387.834492, "common_lower_bound_s": 1790.386676867703, "time_over_lower_bound": 3.5678518917352378, "penalized_time_over_lower_bound": 3.5678518917352378, "errors": []}
{"seed": 621143, "strategy": "compact_baseline", "successful": true, "virtual_time_s": 8191.227589, "common_lower_bound_s": 2402.858720121435, "time_over_lower_bound": 3.408950980100084, "penalized_time_over_lower_bound": 3.408950980100084, "errors": []}
{"seed": 621143, "strategy": "compact_clear_before_probe", "successful": true, "virtual_time_s": 7346.129683, "common_lower_bound_s": 2402.858720121435, "time_over_lower_bound": 3.0572457804047435, "penalized_time_over_lower_bound": 3.0572457804047435, "errors": []}
{"seed": 621144, "strategy": "compact_baseline", "successful": true, "virtual_time_s": 7012.000737, "common_lower_bound_s": 2159.0396921232596, "time_over_lower_bound": 3.2477405406587057, "penalized_time_over_lower_bound": 3.2477405406587057, "errors": []}
{"seed": 621144, "strategy": "compact_clear_before_probe", "successful": true, "virtual_time_s": 6689.000737, "common_lower_bound_s": 2159.0396921232596, "time_over_lower_bound": 3.0981369918317023, "penalized_time_over_lower_bound": 3.0981369918317023, "errors": []}
{"seed": 621144, "strategy": "compact_joint_probe", "successful": true, "virtual_time_s": 6689.000737, "common_lower_bound_s": 2159.0396921232596, "time_over_lower_bound": 3.0981369918317023, "penalized_time_over_lower_bound": 3.0981369918317023, "errors": []}
{"seed": 621143, "strategy": "compact_joint_probe", "successful": true, "virtual_time_s": 7346.129683, "common_lower_bound_s": 2402.858720121435, "time_over_lower_bound": 3.0572457804047435, "penalized_time_over_lower_bound": 3.0572457804047435, "errors": []}
{"seed": 621144, "strategy": "compact_joint_continuation", "successful": true, "virtual_time_s": 6689.000737, "common_lower_bound_s": 2159.0396921232596, "time_over_lower_bound": 3.0981369918317023, "penalized_time_over_lower_bound": 3.0981369918317023, "errors": []}
{"seed": 621143, "strategy": "compact_joint_continuation", "successful": true, "virtual_time_s": 7346.129683, "common_lower_bound_s": 2402.858720121435, "time_over_lower_bound": 3.0572457804047435, "penalized_time_over_lower_bound": 3.0572457804047435, "errors": []}
{"seed": 621145, "strategy": "compact_baseline", "successful": true, "virtual_time_s": 6421.296236, "common_lower_bound_s": 2205.5551266306525, "time_over_lower_bound": 2.9114195145099746, "penalized_time_over_lower_bound": 2.9114195145099746, "errors": []}
{"seed": 621145, "strategy": "compact_clear_before_probe", "successful": true, "virtual_time_s": 6141.296236, "common_lower_bound_s": 2205.5551266306525, "time_over_lower_bound": 2.7844673487630476, "penalized_time_over_lower_bound": 2.7844673487630476, "errors": []}
{"seed": 621146, "strategy": "compact_baseline", "successful": true, "virtual_time_s": 7155.988762, "common_lower_bound_s": 2121.305500708765, "time_over_lower_bound": 3.373389056696011, "penalized_time_over_lower_bound": 3.373389056696011, "errors": []}
{"seed": 621145, "strategy": "compact_joint_probe", "successful": true, "virtual_time_s": 6141.296236, "common_lower_bound_s": 2205.5551266306525, "time_over_lower_bound": 2.7844673487630476, "penalized_time_over_lower_bound": 2.7844673487630476, "errors": []}
{"seed": 621145, "strategy": "compact_joint_continuation", "successful": true, "virtual_time_s": 6141.296236, "common_lower_bound_s": 2205.5551266306525, "time_over_lower_bound": 2.7844673487630476, "penalized_time_over_lower_bound": 2.7844673487630476, "errors": []}
{"seed": 621146, "strategy": "compact_clear_before_probe", "successful": true, "virtual_time_s": 6540.416267, "common_lower_bound_s": 2121.305500708765, "time_over_lower_bound": 3.083203369252912, "penalized_time_over_lower_bound": 3.083203369252912, "errors": []}
{"seed": 621146, "strategy": "compact_joint_probe", "successful": true, "virtual_time_s": 6540.416267, "common_lower_bound_s": 2121.305500708765, "time_over_lower_bound": 3.083203369252912, "penalized_time_over_lower_bound": 3.083203369252912, "errors": []}
{"seed": 621146, "strategy": "compact_joint_continuation", "successful": true, "virtual_time_s": 6540.416267, "common_lower_bound_s": 2121.305500708765, "time_over_lower_bound": 3.083203369252912, "penalized_time_over_lower_bound": 3.083203369252912, "errors": []}
{"seed": 621147, "strategy": "compact_baseline", "successful": true, "virtual_time_s": 7690.601833, "common_lower_bound_s": 1937.6422139916715, "time_over_lower_bound": 3.969051550108856, "penalized_time_over_lower_bound": 3.969051550108856, "errors": []}
{"seed": 621147, "strategy": "compact_clear_before_probe", "successful": true, "virtual_time_s": 7459.028853, "common_lower_bound_s": 1937.6422139916715, "time_over_lower_bound": 3.8495387843733573, "penalized_time_over_lower_bound": 3.8495387843733573, "errors": []}
{"seed": 621147, "strategy": "compact_joint_probe", "successful": true, "virtual_time_s": 6881.120829, "common_lower_bound_s": 1937.6422139916715, "time_over_lower_bound": 3.5512855672278296, "penalized_time_over_lower_bound": 3.5512855672278296, "errors": []}
{"seed": 621147, "strategy": "compact_joint_continuation", "successful": true, "virtual_time_s": 6877.528764, "common_lower_bound_s": 1937.6422139916715, "time_over_lower_bound": 3.5494317342683375, "penalized_time_over_lower_bound": 3.5494317342683375, "errors": []}
{"seed": 621148, "strategy": "compact_baseline", "successful": true, "virtual_time_s": 6632.738618, "common_lower_bound_s": 1992.1989227220315, "time_over_lower_bound": 3.3293555891182742, "penalized_time_over_lower_bound": 3.3293555891182742, "errors": []}
{"seed": 621148, "strategy": "compact_clear_before_probe", "successful": true, "virtual_time_s": 6060.075827, "common_lower_bound_s": 1992.1989227220315, "time_over_lower_bound": 3.041902973584507, "penalized_time_over_lower_bound": 3.041902973584507, "errors": []}
{"seed": 621148, "strategy": "compact_joint_probe", "successful": true, "virtual_time_s": 6060.075827, "common_lower_bound_s": 1992.1989227220315, "time_over_lower_bound": 3.041902973584507, "penalized_time_over_lower_bound": 3.041902973584507, "errors": []}
{"seed": 621148, "strategy": "compact_joint_continuation", "successful": true, "virtual_time_s": 6060.075827, "common_lower_bound_s": 1992.1989227220315, "time_over_lower_bound": 3.041902973584507, "penalized_time_over_lower_bound": 3.041902973584507, "errors": []}
{"seed": 621149, "strategy": "compact_baseline", "successful": true, "virtual_time_s": 7182.395762, "common_lower_bound_s": 2284.9040890255355, "time_over_lower_bound": 3.1434123631259916, "penalized_time_over_lower_bound": 3.1434123631259916, "errors": []}
{"seed": 621149, "strategy": "compact_clear_before_probe", "successful": true, "virtual_time_s": 6832.222794, "common_lower_bound_s": 2284.9040890255355, "time_over_lower_bound": 2.990157366698837, "penalized_time_over_lower_bound": 2.990157366698837, "errors": []}
{"seed": 621150, "strategy": "compact_baseline", "successful": true, "virtual_time_s": 7328.597948, "common_lower_bound_s": 2283.2908615062825, "time_over_lower_bound": 3.2096646430605595, "penalized_time_over_lower_bound": 3.2096646430605595, "errors": []}
{"seed": 621149, "strategy": "compact_joint_probe", "successful": true, "virtual_time_s": 6580.596522, "common_lower_bound_s": 2284.9040890255355, "time_over_lower_bound": 2.8800318374879748, "penalized_time_over_lower_bound": 2.8800318374879748, "errors": []}
{"seed": 621150, "strategy": "compact_clear_before_probe", "successful": true, "virtual_time_s": 7065.694586, "common_lower_bound_s": 2283.2908615062825, "time_over_lower_bound": 3.094522342781495, "penalized_time_over_lower_bound": 3.094522342781495, "errors": []}
{"seed": 621149, "strategy": "compact_joint_continuation", "successful": true, "virtual_time_s": 6550.667642, "common_lower_bound_s": 2284.9040890255355, "time_over_lower_bound": 2.866933309569998, "penalized_time_over_lower_bound": 2.866933309569998, "errors": []}
{"seed": 621151, "strategy": "compact_baseline", "successful": true, "virtual_time_s": 6313.208792, "common_lower_bound_s": 1785.5949541928974, "time_over_lower_bound": 3.5356331945133768, "penalized_time_over_lower_bound": 3.5356331945133768, "errors": []}
{"seed": 621150, "strategy": "compact_joint_probe", "successful": true, "virtual_time_s": 7065.694586, "common_lower_bound_s": 2283.2908615062825, "time_over_lower_bound": 3.094522342781495, "penalized_time_over_lower_bound": 3.094522342781495, "errors": []}
{"seed": 621150, "strategy": "compact_joint_continuation", "successful": true, "virtual_time_s": 7065.694586, "common_lower_bound_s": 2283.2908615062825, "time_over_lower_bound": 3.094522342781495, "penalized_time_over_lower_bound": 3.094522342781495, "errors": []}
{"seed": 621151, "strategy": "compact_clear_before_probe", "successful": true, "virtual_time_s": 6002.208792, "common_lower_bound_s": 1785.5949541928974, "time_over_lower_bound": 3.3614615553800355, "penalized_time_over_lower_bound": 3.3614615553800355, "errors": []}
{"seed": 621151, "strategy": "compact_joint_probe", "successful": true, "virtual_time_s": 6002.208792, "common_lower_bound_s": 1785.5949541928974, "time_over_lower_bound": 3.3614615553800355, "penalized_time_over_lower_bound": 3.3614615553800355, "errors": []}
{"seed": 621151, "strategy": "compact_joint_continuation", "successful": true, "virtual_time_s": 6002.208792, "common_lower_bound_s": 1785.5949541928974, "time_over_lower_bound": 3.3614615553800355, "penalized_time_over_lower_bound": 3.3614615553800355, "errors": []}
{"seed": 621152, "strategy": "compact_baseline", "successful": true, "virtual_time_s": 7050.240262, "common_lower_bound_s": 1997.0175536935176, "time_over_lower_bound": 3.5303847224379488, "penalized_time_over_lower_bound": 3.5303847224379488, "errors": []}
{"seed": 621152, "strategy": "compact_clear_before_probe", "successful": true, "virtual_time_s": 6714.185045, "common_lower_bound_s": 1997.0175536935176, "time_over_lower_bound": 3.362106173068936, "penalized_time_over_lower_bound": 3.362106173068936, "errors": []}
{"seed": 621152, "strategy": "compact_joint_probe", "successful": true, "virtual_time_s": 6714.185045, "common_lower_bound_s": 1997.0175536935176, "time_over_lower_bound": 3.362106173068936, "penalized_time_over_lower_bound": 3.362106173068936, "errors": []}
{"seed": 621153, "strategy": "compact_baseline", "successful": true, "virtual_time_s": 6571.173109, "common_lower_bound_s": 1695.3271647702572, "time_over_lower_bound": 3.876050148639301, "penalized_time_over_lower_bound": 3.876050148639301, "errors": []}
{"seed": 621153, "strategy": "compact_clear_before_probe", "successful": true, "virtual_time_s": 6434.366934, "common_lower_bound_s": 1695.3271647702572, "time_over_lower_bound": 3.795354116721155, "penalized_time_over_lower_bound": 3.795354116721155, "errors": []}
{"seed": 621153, "strategy": "compact_joint_probe", "successful": true, "virtual_time_s": 6434.366934, "common_lower_bound_s": 1695.3271647702572, "time_over_lower_bound": 3.795354116721155, "penalized_time_over_lower_bound": 3.795354116721155, "errors": []}
{"seed": 621152, "strategy": "compact_joint_continuation", "successful": true, "virtual_time_s": 6714.185045, "common_lower_bound_s": 1997.0175536935176, "time_over_lower_bound": 3.362106173068936, "penalized_time_over_lower_bound": 3.362106173068936, "errors": []}
{"seed": 621153, "strategy": "compact_joint_continuation", "successful": true, "virtual_time_s": 6434.366934, "common_lower_bound_s": 1695.3271647702572, "time_over_lower_bound": 3.795354116721155, "penalized_time_over_lower_bound": 3.795354116721155, "errors": []}
{"seed": 621154, "strategy": "compact_baseline", "successful": true, "virtual_time_s": 6595.274154, "common_lower_bound_s": 1739.9658585313516, "time_over_lower_bound": 3.7904618195019384, "penalized_time_over_lower_bound": 3.7904618195019384, "errors": []}
{"seed": 621154, "strategy": "compact_clear_before_probe", "successful": true, "virtual_time_s": 6451.207571, "common_lower_bound_s": 1739.9658585313516, "time_over_lower_bound": 3.707663308086547, "penalized_time_over_lower_bound": 3.707663308086547, "errors": []}
{"seed": 621154, "strategy": "compact_joint_probe", "successful": true, "virtual_time_s": 6451.207571, "common_lower_bound_s": 1739.9658585313516, "time_over_lower_bound": 3.707663308086547, "penalized_time_over_lower_bound": 3.707663308086547, "errors": []}
{"seed": 621154, "strategy": "compact_joint_continuation", "successful": true, "virtual_time_s": 6451.207571, "common_lower_bound_s": 1739.9658585313516, "time_over_lower_bound": 3.707663308086547, "penalized_time_over_lower_bound": 3.707663308086547, "errors": []}
{"seed": 621155, "strategy": "compact_baseline", "successful": true, "virtual_time_s": 7808.114833, "common_lower_bound_s": 2040.148447519517, "time_over_lower_bound": 3.827228769795343, "penalized_time_over_lower_bound": 3.827228769795343, "errors": []}
{"seed": 621155, "strategy": "compact_clear_before_probe", "successful": true, "virtual_time_s": 7157.397554, "common_lower_bound_s": 2040.148447519517, "time_over_lower_bound": 3.5082729213661934, "penalized_time_over_lower_bound": 3.5082729213661934, "errors": []}
{"seed": 621155, "strategy": "compact_joint_probe", "successful": true, "virtual_time_s": 7157.397554, "common_lower_bound_s": 2040.148447519517, "time_over_lower_bound": 3.5082729213661934, "penalized_time_over_lower_bound": 3.5082729213661934, "errors": []}
{"seed": 621155, "strategy": "compact_joint_continuation", "successful": true, "virtual_time_s": 7157.397554, "common_lower_bound_s": 2040.148447519517, "time_over_lower_bound": 3.5082729213661934, "penalized_time_over_lower_bound": 3.5082729213661934, "errors": []}
{"seed": 621156, "strategy": "compact_baseline", "successful": true, "virtual_time_s": 7362.376253, "common_lower_bound_s": 2088.368271128194, "time_over_lower_bound": 3.5254204705105208, "penalized_time_over_lower_bound": 3.5254204705105208, "errors": []}
{"seed": 621156, "strategy": "compact_clear_before_probe", "successful": true, "virtual_time_s": 6784.355308, "common_lower_bound_s": 2088.368271128194, "time_over_lower_bound": 3.248639333298674, "penalized_time_over_lower_bound": 3.248639333298674, "errors": []}
{"seed": 621156, "strategy": "compact_joint_probe", "successful": true, "virtual_time_s": 6618.095005, "common_lower_bound_s": 2088.368271128194, "time_over_lower_bound": 3.169026793068793, "penalized_time_over_lower_bound": 3.169026793068793, "errors": []}
{"seed": 621157, "strategy": "compact_baseline", "successful": true, "virtual_time_s": 7975.062461, "common_lower_bound_s": 1980.3140564563278, "time_over_lower_bound": 4.0271705566090725, "penalized_time_over_lower_bound": 4.0271705566090725, "errors": []}
{"seed": 621157, "strategy": "compact_clear_before_probe", "successful": true, "virtual_time_s": 7389.967234, "common_lower_bound_s": 1980.3140564563278, "time_over_lower_bound": 3.73171478024247, "penalized_time_over_lower_bound": 3.73171478024247, "errors": []}
{"seed": 621156, "strategy": "compact_joint_continuation", "successful": true, "virtual_time_s": 6580.13164, "common_lower_bound_s": 2088.368271128194, "time_over_lower_bound": 3.1508483110812784, "penalized_time_over_lower_bound": 3.1508483110812784, "errors": []}
{"seed": 621157, "strategy": "compact_joint_probe", "successful": true, "virtual_time_s": 7389.967234, "common_lower_bound_s": 1980.3140564563278, "time_over_lower_bound": 3.73171478024247, "penalized_time_over_lower_bound": 3.73171478024247, "errors": []}
{"seed": 621157, "strategy": "compact_joint_continuation", "successful": true, "virtual_time_s": 7389.967234, "common_lower_bound_s": 1980.3140564563278, "time_over_lower_bound": 3.73171478024247, "penalized_time_over_lower_bound": 3.73171478024247, "errors": []}
{"seed": 621158, "strategy": "compact_baseline", "successful": true, "virtual_time_s": 8271.590849, "common_lower_bound_s": 2201.3388066803263, "time_over_lower_bound": 3.75752738465269, "penalized_time_over_lower_bound": 3.75752738465269, "errors": []}
{"seed": 621158, "strategy": "compact_clear_before_probe", "successful": true, "virtual_time_s": 7729.519634, "common_lower_bound_s": 2201.3388066803263, "time_over_lower_bound": 3.51128123056001, "penalized_time_over_lower_bound": 3.51128123056001, "errors": []}
{"seed": 621159, "strategy": "compact_baseline", "successful": true, "virtual_time_s": 7304.610788, "common_lower_bound_s": 2114.7562057696996, "time_over_lower_bound": 3.4541148374790414, "penalized_time_over_lower_bound": 3.4541148374790414, "errors": []}
{"seed": 621159, "strategy": "compact_clear_before_probe", "successful": true, "virtual_time_s": 6903.457697, "common_lower_bound_s": 2114.7562057696996, "time_over_lower_bound": 3.264422479605575, "penalized_time_over_lower_bound": 3.264422479605575, "errors": []}
{"seed": 621158, "strategy": "compact_joint_probe", "successful": true, "virtual_time_s": 6783.487169, "common_lower_bound_s": 2201.3388066803263, "time_over_lower_bound": 3.081527999422164, "penalized_time_over_lower_bound": 3.081527999422164, "errors": []}
{"seed": 621158, "strategy": "compact_joint_continuation", "successful": true, "virtual_time_s": 6783.487169, "common_lower_bound_s": 2201.3388066803263, "time_over_lower_bound": 3.081527999422164, "penalized_time_over_lower_bound": 3.081527999422164, "errors": []}
{"seed": 621159, "strategy": "compact_joint_probe", "successful": true, "virtual_time_s": 6903.457697, "common_lower_bound_s": 2114.7562057696996, "time_over_lower_bound": 3.264422479605575, "penalized_time_over_lower_bound": 3.264422479605575, "errors": []}
{"seed": 621160, "strategy": "compact_baseline", "successful": true, "virtual_time_s": 7131.192466, "common_lower_bound_s": 2244.947571030759, "time_over_lower_bound": 3.1765518972568887, "penalized_time_over_lower_bound": 3.1765518972568887, "errors": []}
{"seed": 621159, "strategy": "compact_joint_continuation", "successful": true, "virtual_time_s": 6903.457697, "common_lower_bound_s": 2114.7562057696996, "time_over_lower_bound": 3.264422479605575, "penalized_time_over_lower_bound": 3.264422479605575, "errors": []}
{"seed": 621160, "strategy": "compact_clear_before_probe", "successful": true, "virtual_time_s": 6834.699499, "common_lower_bound_s": 2244.947571030759, "time_over_lower_bound": 3.0444806761620162, "penalized_time_over_lower_bound": 3.0444806761620162, "errors": []}
{"seed": 621160, "strategy": "compact_joint_probe", "successful": true, "virtual_time_s": 6834.699499, "common_lower_bound_s": 2244.947571030759, "time_over_lower_bound": 3.0444806761620162, "penalized_time_over_lower_bound": 3.0444806761620162, "errors": []}
{"seed": 621160, "strategy": "compact_joint_continuation", "successful": true, "virtual_time_s": 6796.977621, "common_lower_bound_s": 2244.947571030759, "time_over_lower_bound": 3.0276776654873925, "penalized_time_over_lower_bound": 3.0276776654873925, "errors": []}
{"seed": 621161, "strategy": "compact_baseline", "successful": true, "virtual_time_s": 7557.597366, "common_lower_bound_s": 2349.1242866435387, "time_over_lower_bound": 3.217197748527133, "penalized_time_over_lower_bound": 3.217197748527133, "errors": []}
{"seed": 621161, "strategy": "compact_clear_before_probe", "successful": true, "virtual_time_s": 7017.658644, "common_lower_bound_s": 2349.1242866435387, "time_over_lower_bound": 2.987350939199104, "penalized_time_over_lower_bound": 2.987350939199104, "errors": []}
{"seed": 621162, "strategy": "compact_baseline", "successful": true, "virtual_time_s": 7113.660862, "common_lower_bound_s": 2027.0703204920046, "time_over_lower_bound": 3.509331072576403, "penalized_time_over_lower_bound": 3.509331072576403, "errors": []}
{"seed": 621162, "strategy": "compact_clear_before_probe", "successful": true, "virtual_time_s": 6886.648806, "common_lower_bound_s": 2027.0703204920046, "time_over_lower_bound": 3.3973408501824904, "penalized_time_over_lower_bound": 3.3973408501824904, "errors": []}
{"seed": 621161, "strategy": "compact_joint_probe", "successful": true, "virtual_time_s": 7017.658644, "common_lower_bound_s": 2349.1242866435387, "time_over_lower_bound": 2.987350939199104, "penalized_time_over_lower_bound": 2.987350939199104, "errors": []}
{"seed": 621162, "strategy": "compact_joint_probe", "successful": true, "virtual_time_s": 6886.648806, "common_lower_bound_s": 2027.0703204920046, "time_over_lower_bound": 3.3973408501824904, "penalized_time_over_lower_bound": 3.3973408501824904, "errors": []}
{"seed": 621163, "strategy": "compact_baseline", "successful": true, "virtual_time_s": 6735.302591, "common_lower_bound_s": 2481.9253985557975, "time_over_lower_bound": 2.7137409508437242, "penalized_time_over_lower_bound": 2.7137409508437242, "errors": []}
{"seed": 621162, "strategy": "compact_joint_continuation", "successful": true, "virtual_time_s": 6886.648806, "common_lower_bound_s": 2027.0703204920046, "time_over_lower_bound": 3.3973408501824904, "penalized_time_over_lower_bound": 3.3973408501824904, "errors": []}
{"seed": 621163, "strategy": "compact_clear_before_probe", "successful": true, "virtual_time_s": 6270.794489, "common_lower_bound_s": 2481.9253985557975, "time_over_lower_bound": 2.526584599460121, "penalized_time_over_lower_bound": 2.526584599460121, "errors": []}
{"seed": 621161, "strategy": "compact_joint_continuation", "successful": true, "virtual_time_s": 7027.403473, "common_lower_bound_s": 2349.1242866435387, "time_over_lower_bound": 2.991499220775948, "penalized_time_over_lower_bound": 2.991499220775948, "errors": []}
{"seed": 621163, "strategy": "compact_joint_probe", "successful": true, "virtual_time_s": 6270.794489, "common_lower_bound_s": 2481.9253985557975, "time_over_lower_bound": 2.526584599460121, "penalized_time_over_lower_bound": 2.526584599460121, "errors": []}
{"seed": 621163, "strategy": "compact_joint_continuation", "successful": true, "virtual_time_s": 6270.794489, "common_lower_bound_s": 2481.9253985557975, "time_over_lower_bound": 2.526584599460121, "penalized_time_over_lower_bound": 2.526584599460121, "errors": []}
{"seed": 621164, "strategy": "compact_baseline", "successful": true, "virtual_time_s": 9964.402665, "common_lower_bound_s": 1709.993187737995, "time_over_lower_bound": 5.82715927551797, "penalized_time_over_lower_bound": 5.82715927551797, "errors": []}
{"seed": 621164, "strategy": "compact_clear_before_probe", "successful": true, "virtual_time_s": 9334.51921, "common_lower_bound_s": 1709.993187737995, "time_over_lower_bound": 5.458804910414786, "penalized_time_over_lower_bound": 5.458804910414786, "errors": []}
{"seed": 621165, "strategy": "compact_baseline", "successful": true, "virtual_time_s": 7602.193398, "common_lower_bound_s": 1918.690573370666, "time_over_lower_bound": 3.9621779058646345, "penalized_time_over_lower_bound": 3.9621779058646345, "errors": []}
{"seed": 621165, "strategy": "compact_clear_before_probe", "successful": true, "virtual_time_s": 7199.198657, "common_lower_bound_s": 1918.690573370666, "time_over_lower_bound": 3.752141568274234, "penalized_time_over_lower_bound": 3.752141568274234, "errors": []}
{"seed": 621165, "strategy": "compact_joint_probe", "successful": true, "virtual_time_s": 7199.198657, "common_lower_bound_s": 1918.690573370666, "time_over_lower_bound": 3.752141568274234, "penalized_time_over_lower_bound": 3.752141568274234, "errors": []}
{"seed": 621164, "strategy": "compact_joint_probe", "successful": true, "virtual_time_s": 8365.138829, "common_lower_bound_s": 1709.993187737995, "time_over_lower_bound": 4.891913540348972, "penalized_time_over_lower_bound": 4.891913540348972, "errors": []}
{"seed": 621166, "strategy": "compact_baseline", "successful": true, "virtual_time_s": 6792.956594, "common_lower_bound_s": 2394.287829437789, "time_over_lower_bound": 2.837151202324358, "penalized_time_over_lower_bound": 2.837151202324358, "errors": []}
{"seed": 621165, "strategy": "compact_joint_continuation", "successful": true, "virtual_time_s": 7199.198657, "common_lower_bound_s": 1918.690573370666, "time_over_lower_bound": 3.752141568274234, "penalized_time_over_lower_bound": 3.752141568274234, "errors": []}
{"seed": 621166, "strategy": "compact_clear_before_probe", "successful": true, "virtual_time_s": 6527.750095, "common_lower_bound_s": 2394.287829437789, "time_over_lower_bound": 2.7263848626473637, "penalized_time_over_lower_bound": 2.7263848626473637, "errors": []}
{"seed": 621166, "strategy": "compact_joint_probe", "successful": true, "virtual_time_s": 6527.750095, "common_lower_bound_s": 2394.287829437789, "time_over_lower_bound": 2.7263848626473637, "penalized_time_over_lower_bound": 2.7263848626473637, "errors": []}
{"seed": 621166, "strategy": "compact_joint_continuation", "successful": true, "virtual_time_s": 6527.750095, "common_lower_bound_s": 2394.287829437789, "time_over_lower_bound": 2.7263848626473637, "penalized_time_over_lower_bound": 2.7263848626473637, "errors": []}
{"seed": 621167, "strategy": "compact_baseline", "successful": true, "virtual_time_s": 7567.55891, "common_lower_bound_s": 1889.6366080837502, "time_over_lower_bound": 4.0047694237222355, "penalized_time_over_lower_bound": 4.0047694237222355, "errors": []}
{"seed": 621167, "strategy": "compact_clear_before_probe", "successful": true, "virtual_time_s": 7263.986032, "common_lower_bound_s": 1889.6366080837502, "time_over_lower_bound": 3.8441179647584676, "penalized_time_over_lower_bound": 3.8441179647584676, "errors": []}
{"seed": 621167, "strategy": "compact_joint_probe", "successful": true, "virtual_time_s": 7019.220235, "common_lower_bound_s": 1889.6366080837502, "time_over_lower_bound": 3.714587347097428, "penalized_time_over_lower_bound": 3.714587347097428, "errors": []}
{"seed": 621167, "strategy": "compact_joint_continuation", "successful": true, "virtual_time_s": 6949.490356, "common_lower_bound_s": 1889.6366080837502, "time_over_lower_bound": 3.6776861361970363, "penalized_time_over_lower_bound": 3.6776861361970363, "errors": []}
{"seed": 621164, "strategy": "compact_joint_continuation", "successful": true, "virtual_time_s": 8465.52896, "common_lower_bound_s": 1709.993187737995, "time_over_lower_bound": 4.950621453175688, "penalized_time_over_lower_bound": 4.950621453175688, "errors": []}
{"seed": 621168, "strategy": "compact_baseline", "successful": true, "virtual_time_s": 7475.102838, "common_lower_bound_s": 1579.800069390177, "time_over_lower_bound": 4.731676484155039, "penalized_time_over_lower_bound": 4.731676484155039, "errors": []}
{"seed": 621168, "strategy": "compact_clear_before_probe", "successful": true, "virtual_time_s": 7252.94359, "common_lower_bound_s": 1579.800069390177, "time_over_lower_bound": 4.591051570721685, "penalized_time_over_lower_bound": 4.591051570721685, "errors": []}
{"seed": 621168, "strategy": "compact_joint_probe", "successful": true, "virtual_time_s": 7002.173736, "common_lower_bound_s": 1579.800069390177, "time_over_lower_bound": 4.432316387163427, "penalized_time_over_lower_bound": 4.432316387163427, "errors": []}
{"seed": 621168, "strategy": "compact_joint_continuation", "successful": true, "virtual_time_s": 7002.173736, "common_lower_bound_s": 1579.800069390177, "time_over_lower_bound": 4.432316387163427, "penalized_time_over_lower_bound": 4.432316387163427, "errors": []}
{"seed": 621169, "strategy": "compact_baseline", "successful": true, "virtual_time_s": 7951.651249, "common_lower_bound_s": 2145.3721784916665, "time_over_lower_bound": 3.7064204191323658, "penalized_time_over_lower_bound": 3.7064204191323658, "errors": []}
{"seed": 621169, "strategy": "compact_clear_before_probe", "successful": true, "virtual_time_s": 8621.396061, "common_lower_bound_s": 2145.3721784916665, "time_over_lower_bound": 4.018601596232776, "penalized_time_over_lower_bound": 4.018601596232776, "errors": []}
{"seed": 621170, "strategy": "compact_baseline", "successful": true, "virtual_time_s": 8440.189912, "common_lower_bound_s": 2240.0574605759475, "time_over_lower_bound": 3.76784527207169, "penalized_time_over_lower_bound": 3.76784527207169, "errors": []}
{"seed": 621170, "strategy": "compact_clear_before_probe", "successful": true, "virtual_time_s": 8055.125104, "common_lower_bound_s": 2240.0574605759475, "time_over_lower_bound": 3.5959457495027487, "penalized_time_over_lower_bound": 3.5959457495027487, "errors": []}
{"seed": 621169, "strategy": "compact_joint_probe", "successful": true, "virtual_time_s": 7628.632005, "common_lower_bound_s": 2145.3721784916665, "time_over_lower_bound": 3.555854821592501, "penalized_time_over_lower_bound": 3.555854821592501, "errors": []}
{"seed": 621170, "strategy": "compact_joint_probe", "successful": true, "virtual_time_s": 8055.125104, "common_lower_bound_s": 2240.0574605759475, "time_over_lower_bound": 3.5959457495027487, "penalized_time_over_lower_bound": 3.5959457495027487, "errors": []}
{"seed": 621169, "strategy": "compact_joint_continuation", "successful": true, "virtual_time_s": 7593.113251, "common_lower_bound_s": 2145.3721784916665, "time_over_lower_bound": 3.539298834544616, "penalized_time_over_lower_bound": 3.539298834544616, "errors": []}
{"seed": 621171, "strategy": "compact_baseline", "successful": true, "virtual_time_s": 6387.091285, "common_lower_bound_s": 1951.0707348244086, "time_over_lower_bound": 3.273633892917174, "penalized_time_over_lower_bound": 3.273633892917174, "errors": []}
{"seed": 621170, "strategy": "compact_joint_continuation", "successful": true, "virtual_time_s": 8055.125104, "common_lower_bound_s": 2240.0574605759475, "time_over_lower_bound": 3.5959457495027487, "penalized_time_over_lower_bound": 3.5959457495027487, "errors": []}
{"seed": 621171, "strategy": "compact_clear_before_probe", "successful": true, "virtual_time_s": 5882.467414, "common_lower_bound_s": 1951.0707348244086, "time_over_lower_bound": 3.0149944381844294, "penalized_time_over_lower_bound": 3.0149944381844294, "errors": []}
{"seed": 621172, "strategy": "compact_baseline", "successful": true, "virtual_time_s": 7326.967719, "common_lower_bound_s": 2086.1287102591696, "time_over_lower_bound": 3.5122318594089705, "penalized_time_over_lower_bound": 3.5122318594089705, "errors": []}
{"seed": 621171, "strategy": "compact_joint_probe", "successful": true, "virtual_time_s": 5882.467414, "common_lower_bound_s": 1951.0707348244086, "time_over_lower_bound": 3.0149944381844294, "penalized_time_over_lower_bound": 3.0149944381844294, "errors": []}
{"seed": 621171, "strategy": "compact_joint_continuation", "successful": true, "virtual_time_s": 5882.467414, "common_lower_bound_s": 1951.0707348244086, "time_over_lower_bound": 3.0149944381844294, "penalized_time_over_lower_bound": 3.0149944381844294, "errors": []}
{"seed": 621172, "strategy": "compact_clear_before_probe", "successful": true, "virtual_time_s": 6693.367193, "common_lower_bound_s": 2086.1287102591696, "time_over_lower_bound": 3.208511133605199, "penalized_time_over_lower_bound": 3.208511133605199, "errors": []}
{"seed": 621173, "strategy": "compact_baseline", "successful": true, "virtual_time_s": 6889.421584, "common_lower_bound_s": 2209.4795097847227, "time_over_lower_bound": 3.1181196990015354, "penalized_time_over_lower_bound": 3.1181196990015354, "errors": []}
{"seed": 621172, "strategy": "compact_joint_probe", "successful": true, "virtual_time_s": 6693.367193, "common_lower_bound_s": 2086.1287102591696, "time_over_lower_bound": 3.208511133605199, "penalized_time_over_lower_bound": 3.208511133605199, "errors": []}
{"seed": 621172, "strategy": "compact_joint_continuation", "successful": true, "virtual_time_s": 6693.367193, "common_lower_bound_s": 2086.1287102591696, "time_over_lower_bound": 3.208511133605199, "penalized_time_over_lower_bound": 3.208511133605199, "errors": []}
{"seed": 621173, "strategy": "compact_clear_before_probe", "successful": true, "virtual_time_s": 6479.04692, "common_lower_bound_s": 2209.4795097847227, "time_over_lower_bound": 2.932386062557908, "penalized_time_over_lower_bound": 2.932386062557908, "errors": []}
{"seed": 621173, "strategy": "compact_joint_continuation", "successful": true, "virtual_time_s": 6479.04692, "common_lower_bound_s": 2209.4795097847227, "time_over_lower_bound": 2.932386062557908, "penalized_time_over_lower_bound": 2.932386062557908, "errors": []}
{"seed": 621173, "strategy": "compact_joint_probe", "successful": true, "virtual_time_s": 6479.04692, "common_lower_bound_s": 2209.4795097847227, "time_over_lower_bound": 2.932386062557908, "penalized_time_over_lower_bound": 2.932386062557908, "errors": []}
{"seed": 621174, "strategy": "compact_baseline", "successful": true, "virtual_time_s": 7941.575049, "common_lower_bound_s": 2246.7559489603163, "time_over_lower_bound": 3.5346852214522695, "penalized_time_over_lower_bound": 3.5346852214522695, "errors": []}
{"seed": 621174, "strategy": "compact_clear_before_probe", "successful": true, "virtual_time_s": 6982.16277, "common_lower_bound_s": 2246.7559489603163, "time_over_lower_bound": 3.10766408484686, "penalized_time_over_lower_bound": 3.10766408484686, "errors": []}
{"seed": 621174, "strategy": "compact_joint_probe", "successful": true, "virtual_time_s": 6982.16277, "common_lower_bound_s": 2246.7559489603163, "time_over_lower_bound": 3.10766408484686, "penalized_time_over_lower_bound": 3.10766408484686, "errors": []}
{"seed": 621175, "strategy": "compact_baseline", "successful": true, "virtual_time_s": 7842.574996, "common_lower_bound_s": 2390.6990791100757, "time_over_lower_bound": 3.2804525941923877, "penalized_time_over_lower_bound": 3.2804525941923877, "errors": []}
{"seed": 621175, "strategy": "compact_clear_before_probe", "successful": true, "virtual_time_s": 7574.759855, "common_lower_bound_s": 2390.6990791100757, "time_over_lower_bound": 3.1684288169884023, "penalized_time_over_lower_bound": 3.1684288169884023, "errors": []}
{"seed": 621174, "strategy": "compact_joint_continuation", "successful": true, "virtual_time_s": 6982.16277, "common_lower_bound_s": 2246.7559489603163, "time_over_lower_bound": 3.10766408484686, "penalized_time_over_lower_bound": 3.10766408484686, "errors": []}
{"seed": 621175, "strategy": "compact_joint_probe", "successful": true, "virtual_time_s": 7606.146724, "common_lower_bound_s": 2390.6990791100757, "time_over_lower_bound": 3.181557557980633, "penalized_time_over_lower_bound": 3.181557557980633, "errors": []}
{"seed": 621175, "strategy": "compact_joint_continuation", "successful": true, "virtual_time_s": 7600.9247, "common_lower_bound_s": 2390.6990791100757, "time_over_lower_bound": 3.1793732496142515, "penalized_time_over_lower_bound": 3.1793732496142515, "errors": []}
{"seed": 621176, "strategy": "compact_baseline", "successful": true, "virtual_time_s": 6558.134335, "common_lower_bound_s": 1824.1935500721204, "time_over_lower_bound": 3.595086900039045, "penalized_time_over_lower_bound": 3.595086900039045, "errors": []}
{"seed": 621176, "strategy": "compact_clear_before_probe", "successful": true, "virtual_time_s": 6424.867964, "common_lower_bound_s": 1824.1935500721204, "time_over_lower_bound": 3.5220319487183747, "penalized_time_over_lower_bound": 3.5220319487183747, "errors": []}
{"seed": 621176, "strategy": "compact_joint_probe", "successful": true, "virtual_time_s": 6424.867964, "common_lower_bound_s": 1824.1935500721204, "time_over_lower_bound": 3.5220319487183747, "penalized_time_over_lower_bound": 3.5220319487183747, "errors": []}
{"seed": 621177, "strategy": "compact_baseline", "successful": true, "virtual_time_s": 7201.645132, "common_lower_bound_s": 2274.8894730485636, "time_over_lower_bound": 3.1657121004428954, "penalized_time_over_lower_bound": 3.1657121004428954, "errors": []}
{"seed": 621177, "strategy": "compact_clear_before_probe", "successful": true, "virtual_time_s": 6774.799056, "common_lower_bound_s": 2274.8894730485636, "time_over_lower_bound": 2.9780783357888323, "penalized_time_over_lower_bound": 2.9780783357888323, "errors": []}
{"seed": 621177, "strategy": "compact_joint_probe", "successful": true, "virtual_time_s": 6774.799056, "common_lower_bound_s": 2274.8894730485636, "time_over_lower_bound": 2.9780783357888323, "penalized_time_over_lower_bound": 2.9780783357888323, "errors": []}
{"seed": 621176, "strategy": "compact_joint_continuation", "successful": true, "virtual_time_s": 6424.867964, "common_lower_bound_s": 1824.1935500721204, "time_over_lower_bound": 3.5220319487183747, "penalized_time_over_lower_bound": 3.5220319487183747, "errors": []}
{"seed": 621178, "strategy": "compact_baseline", "successful": true, "virtual_time_s": 6153.421406, "common_lower_bound_s": 1658.1161150644716, "time_over_lower_bound": 3.711091973652726, "penalized_time_over_lower_bound": 3.711091973652726, "errors": []}
{"seed": 621178, "strategy": "compact_clear_before_probe", "successful": true, "virtual_time_s": 6057.421406, "common_lower_bound_s": 1658.1161150644716, "time_over_lower_bound": 3.6531949427223758, "penalized_time_over_lower_bound": 3.6531949427223758, "errors": []}
{"seed": 621178, "strategy": "compact_joint_probe", "successful": true, "virtual_time_s": 6057.421406, "common_lower_bound_s": 1658.1161150644716, "time_over_lower_bound": 3.6531949427223758, "penalized_time_over_lower_bound": 3.6531949427223758, "errors": []}
{"seed": 621178, "strategy": "compact_joint_continuation", "successful": true, "virtual_time_s": 6057.421406, "common_lower_bound_s": 1658.1161150644716, "time_over_lower_bound": 3.6531949427223758, "penalized_time_over_lower_bound": 3.6531949427223758, "errors": []}
{"seed": 621177, "strategy": "compact_joint_continuation", "successful": true, "virtual_time_s": 6774.799056, "common_lower_bound_s": 2274.8894730485636, "time_over_lower_bound": 2.9780783357888323, "penalized_time_over_lower_bound": 2.9780783357888323, "errors": []}
{"seed": 621179, "strategy": "compact_baseline", "successful": true, "virtual_time_s": 5922.743367, "common_lower_bound_s": 1850.9046714296435, "time_over_lower_bound": 3.199918104061652, "penalized_time_over_lower_bound": 3.199918104061652, "errors": []}
{"seed": 621179, "strategy": "compact_clear_before_probe", "successful": true, "virtual_time_s": 5730.743367, "common_lower_bound_s": 1850.9046714296435, "time_over_lower_bound": 3.0961850469444, "penalized_time_over_lower_bound": 3.0961850469444, "errors": []}
{"seed": 621180, "strategy": "compact_baseline", "successful": true, "virtual_time_s": 6875.463282, "common_lower_bound_s": 2002.636890794361, "time_over_lower_bound": 3.433205147475734, "penalized_time_over_lower_bound": 3.433205147475734, "errors": []}
{"seed": 621179, "strategy": "compact_joint_continuation", "successful": true, "virtual_time_s": 5730.743367, "common_lower_bound_s": 1850.9046714296435, "time_over_lower_bound": 3.0961850469444, "penalized_time_over_lower_bound": 3.0961850469444, "errors": []}
{"seed": 621179, "strategy": "compact_joint_probe", "successful": true, "virtual_time_s": 5730.743367, "common_lower_bound_s": 1850.9046714296435, "time_over_lower_bound": 3.0961850469444, "penalized_time_over_lower_bound": 3.0961850469444, "errors": []}
{"seed": 621180, "strategy": "compact_clear_before_probe", "successful": true, "virtual_time_s": 6522.711134, "common_lower_bound_s": 2002.636890794361, "time_over_lower_bound": 3.257061309508144, "penalized_time_over_lower_bound": 3.257061309508144, "errors": []}
{"seed": 621180, "strategy": "compact_joint_probe", "successful": true, "virtual_time_s": 6522.711134, "common_lower_bound_s": 2002.636890794361, "time_over_lower_bound": 3.257061309508144, "penalized_time_over_lower_bound": 3.257061309508144, "errors": []}
{"seed": 621181, "strategy": "compact_baseline", "successful": true, "virtual_time_s": 8654.639903, "common_lower_bound_s": 2146.1904822813235, "time_over_lower_bound": 4.032559073601159, "penalized_time_over_lower_bound": 4.032559073601159, "errors": []}
{"seed": 621181, "strategy": "compact_clear_before_probe", "successful": true, "virtual_time_s": 8430.889501, "common_lower_bound_s": 2146.1904822813235, "time_over_lower_bound": 3.9283043935775295, "penalized_time_over_lower_bound": 3.9283043935775295, "errors": []}
{"seed": 621180, "strategy": "compact_joint_continuation", "successful": true, "virtual_time_s": 6499.143226, "common_lower_bound_s": 2002.636890794361, "time_over_lower_bound": 3.2452928715510008, "penalized_time_over_lower_bound": 3.2452928715510008, "errors": []}
{"seed": 621182, "strategy": "compact_baseline", "successful": true, "virtual_time_s": 6449.491834, "common_lower_bound_s": 2026.3147492980695, "time_over_lower_bound": 3.182867733768484, "penalized_time_over_lower_bound": 3.182867733768484, "errors": []}
{"seed": 621181, "strategy": "compact_joint_probe", "successful": true, "virtual_time_s": 8280.068596, "common_lower_bound_s": 2146.1904822813235, "time_over_lower_bound": 3.8580306195368936, "penalized_time_over_lower_bound": 3.8580306195368936, "errors": []}
{"seed": 621182, "strategy": "compact_clear_before_probe", "successful": true, "virtual_time_s": 6204.491834, "common_lower_bound_s": 2026.3147492980695, "time_over_lower_bound": 3.061958580792684, "penalized_time_over_lower_bound": 3.061958580792684, "errors": []}
{"seed": 621182, "strategy": "compact_joint_probe", "successful": true, "virtual_time_s": 6204.491834, "common_lower_bound_s": 2026.3147492980695, "time_over_lower_bound": 3.061958580792684, "penalized_time_over_lower_bound": 3.061958580792684, "errors": []}
{"seed": 621182, "strategy": "compact_joint_continuation", "successful": true, "virtual_time_s": 6204.491834, "common_lower_bound_s": 2026.3147492980695, "time_over_lower_bound": 3.061958580792684, "penalized_time_over_lower_bound": 3.061958580792684, "errors": []}
{"seed": 621183, "strategy": "compact_baseline", "successful": true, "virtual_time_s": 6428.330492, "common_lower_bound_s": 2172.8718872854524, "time_over_lower_bound": 2.958448921731345, "penalized_time_over_lower_bound": 2.958448921731345, "errors": []}
{"seed": 621183, "strategy": "compact_clear_before_probe", "successful": true, "virtual_time_s": 6130.003576, "common_lower_bound_s": 2172.8718872854524, "time_over_lower_bound": 2.8211527848787044, "penalized_time_over_lower_bound": 2.8211527848787044, "errors": []}
{"seed": 621183, "strategy": "compact_joint_probe", "successful": true, "virtual_time_s": 6130.003576, "common_lower_bound_s": 2172.8718872854524, "time_over_lower_bound": 2.8211527848787044, "penalized_time_over_lower_bound": 2.8211527848787044, "errors": []}
{"seed": 621181, "strategy": "compact_joint_continuation", "successful": true, "virtual_time_s": 8275.920077, "common_lower_bound_s": 2146.1904822813235, "time_over_lower_bound": 3.856097650849236, "penalized_time_over_lower_bound": 3.856097650849236, "errors": []}
{"seed": 621183, "strategy": "compact_joint_continuation", "successful": true, "virtual_time_s": 6130.003576, "common_lower_bound_s": 2172.8718872854524, "time_over_lower_bound": 2.8211527848787044, "penalized_time_over_lower_bound": 2.8211527848787044, "errors": []}
{"seed": 621184, "strategy": "compact_clear_before_probe", "successful": true, "virtual_time_s": 7028.423852, "common_lower_bound_s": 1723.4321407348907, "time_over_lower_bound": 4.078155261165666, "penalized_time_over_lower_bound": 4.078155261165666, "errors": []}
{"seed": 621184, "strategy": "compact_baseline", "successful": true, "virtual_time_s": 7873.915943, "common_lower_bound_s": 1723.4321407348907, "time_over_lower_bound": 4.568741499530393, "penalized_time_over_lower_bound": 4.568741499530393, "errors": []}
{"seed": 621185, "strategy": "compact_baseline", "successful": true, "virtual_time_s": 6349.346812, "common_lower_bound_s": 2170.034052839818, "time_over_lower_bound": 2.925920357651033, "penalized_time_over_lower_bound": 2.925920357651033, "errors": []}
{"seed": 621185, "strategy": "compact_clear_before_probe", "successful": true, "virtual_time_s": 6133.346812, "common_lower_bound_s": 2170.034052839818, "time_over_lower_bound": 2.8263827491433084, "penalized_time_over_lower_bound": 2.8263827491433084, "errors": []}
{"seed": 621184, "strategy": "compact_joint_probe", "successful": true, "virtual_time_s": 7028.423852, "common_lower_bound_s": 1723.4321407348907, "time_over_lower_bound": 4.078155261165666, "penalized_time_over_lower_bound": 4.078155261165666, "errors": []}
{"seed": 621185, "strategy": "compact_joint_probe", "successful": true, "virtual_time_s": 6133.346812, "common_lower_bound_s": 2170.034052839818, "time_over_lower_bound": 2.8263827491433084, "penalized_time_over_lower_bound": 2.8263827491433084, "errors": []}
{"seed": 621185, "strategy": "compact_joint_continuation", "successful": true, "virtual_time_s": 6133.346812, "common_lower_bound_s": 2170.034052839818, "time_over_lower_bound": 2.8263827491433084, "penalized_time_over_lower_bound": 2.8263827491433084, "errors": []}
{"seed": 621186, "strategy": "compact_baseline", "successful": true, "virtual_time_s": 7919.224066, "common_lower_bound_s": 1749.135934566803, "time_over_lower_bound": 4.527506358710366, "penalized_time_over_lower_bound": 4.527506358710366, "errors": []}
{"seed": 621186, "strategy": "compact_clear_before_probe", "successful": true, "virtual_time_s": 3746.851444, "common_lower_bound_s": 1749.135934566803, "time_over_lower_bound": 2.142115641188264, "penalized_time_over_lower_bound": 2.142115641188264, "errors": []}
{"seed": 621184, "strategy": "compact_joint_continuation", "successful": true, "virtual_time_s": 6843.536413, "common_lower_bound_s": 1723.4321407348907, "time_over_lower_bound": 3.9708766311401384, "penalized_time_over_lower_bound": 3.9708766311401384, "errors": []}
{"seed": 621187, "strategy": "compact_baseline", "successful": true, "virtual_time_s": 6648.021124, "common_lower_bound_s": 1959.571887168928, "time_over_lower_bound": 3.392588538103934, "penalized_time_over_lower_bound": 3.392588538103934, "errors": []}
{"seed": 621187, "strategy": "compact_clear_before_probe", "successful": true, "virtual_time_s": 6246.627596, "common_lower_bound_s": 1959.571887168928, "time_over_lower_bound": 3.1877511801951566, "penalized_time_over_lower_bound": 3.1877511801951566, "errors": []}
{"seed": 621186, "strategy": "compact_joint_continuation", "successful": true, "virtual_time_s": 3746.851444, "common_lower_bound_s": 1749.135934566803, "time_over_lower_bound": 2.142115641188264, "penalized_time_over_lower_bound": 2.142115641188264, "errors": []}
{"seed": 621186, "strategy": "compact_joint_probe", "successful": true, "virtual_time_s": 3746.851444, "common_lower_bound_s": 1749.135934566803, "time_over_lower_bound": 2.142115641188264, "penalized_time_over_lower_bound": 2.142115641188264, "errors": []}
{"seed": 621187, "strategy": "compact_joint_probe", "successful": true, "virtual_time_s": 6246.627596, "common_lower_bound_s": 1959.571887168928, "time_over_lower_bound": 3.1877511801951566, "penalized_time_over_lower_bound": 3.1877511801951566, "errors": []}
{"seed": 621187, "strategy": "compact_joint_continuation", "successful": true, "virtual_time_s": 6246.627596, "common_lower_bound_s": 1959.571887168928, "time_over_lower_bound": 3.1877511801951566, "penalized_time_over_lower_bound": 3.1877511801951566, "errors": []}
{"seed": 621188, "strategy": "compact_baseline", "successful": true, "virtual_time_s": 7788.619388, "common_lower_bound_s": 1629.697339421208, "time_over_lower_bound": 4.779181507878114, "penalized_time_over_lower_bound": 4.779181507878114, "errors": []}
{"seed": 621188, "strategy": "compact_clear_before_probe", "successful": true, "virtual_time_s": 7587.377617, "common_lower_bound_s": 1629.697339421208, "time_over_lower_bound": 4.655697369975876, "penalized_time_over_lower_bound": 4.655697369975876, "errors": []}
{"seed": 621189, "strategy": "compact_baseline", "successful": true, "virtual_time_s": 7923.57751, "common_lower_bound_s": 2284.6252805401227, "time_over_lower_bound": 3.468217557378485, "penalized_time_over_lower_bound": 3.468217557378485, "errors": []}
{"seed": 621188, "strategy": "compact_joint_probe", "successful": true, "virtual_time_s": 6557.27794, "common_lower_bound_s": 1629.697339421208, "time_over_lower_bound": 4.023617012425655, "penalized_time_over_lower_bound": 4.023617012425655, "errors": []}
{"seed": 621189, "strategy": "compact_clear_before_probe", "successful": true, "virtual_time_s": 7718.445423, "common_lower_bound_s": 2284.6252805401227, "time_over_lower_bound": 3.378429490710719, "penalized_time_over_lower_bound": 3.378429490710719, "errors": []}
{"seed": 621189, "strategy": "compact_joint_probe", "successful": true, "virtual_time_s": 7718.445423, "common_lower_bound_s": 2284.6252805401227, "time_over_lower_bound": 3.378429490710719, "penalized_time_over_lower_bound": 3.378429490710719, "errors": []}
{"seed": 621189, "strategy": "compact_joint_continuation", "successful": true, "virtual_time_s": 7718.445423, "common_lower_bound_s": 2284.6252805401227, "time_over_lower_bound": 3.378429490710719, "penalized_time_over_lower_bound": 3.378429490710719, "errors": []}
{"seed": 621190, "strategy": "compact_baseline", "successful": true, "virtual_time_s": 6441.988305, "common_lower_bound_s": 2312.219329139235, "time_over_lower_bound": 2.7860628201729223, "penalized_time_over_lower_bound": 2.7860628201729223, "errors": []}
{"seed": 621190, "strategy": "compact_clear_before_probe", "successful": true, "virtual_time_s": 6068.838391, "common_lower_bound_s": 2312.219329139235, "time_over_lower_bound": 2.6246811081106367, "penalized_time_over_lower_bound": 2.6246811081106367, "errors": []}
{"seed": 621190, "strategy": "compact_joint_probe", "successful": true, "virtual_time_s": 6068.838391, "common_lower_bound_s": 2312.219329139235, "time_over_lower_bound": 2.6246811081106367, "penalized_time_over_lower_bound": 2.6246811081106367, "errors": []}
{"seed": 621190, "strategy": "compact_joint_continuation", "successful": true, "virtual_time_s": 6068.838391, "common_lower_bound_s": 2312.219329139235, "time_over_lower_bound": 2.6246811081106367, "penalized_time_over_lower_bound": 2.6246811081106367, "errors": []}
{"seed": 621188, "strategy": "compact_joint_continuation", "successful": true, "virtual_time_s": 6489.087077, "common_lower_bound_s": 1629.697339421208, "time_over_lower_bound": 3.981774357749531, "penalized_time_over_lower_bound": 3.981774357749531, "errors": []}
{"seed": 621191, "strategy": "compact_clear_before_probe", "successful": true, "virtual_time_s": 6609.091288, "common_lower_bound_s": 2355.8689005223728, "time_over_lower_bound": 2.805373120097875, "penalized_time_over_lower_bound": 2.805373120097875, "errors": []}
{"seed": 621191, "strategy": "compact_baseline", "successful": true, "virtual_time_s": 7112.715327, "common_lower_bound_s": 2355.8689005223728, "time_over_lower_bound": 3.0191473411032677, "penalized_time_over_lower_bound": 3.0191473411032677, "errors": []}
{"seed": 621192, "strategy": "compact_baseline", "successful": true, "virtual_time_s": 6095.041461, "common_lower_bound_s": 2276.007905054096, "time_over_lower_bound": 2.677952676467146, "penalized_time_over_lower_bound": 2.677952676467146, "errors": []}
{"seed": 621191, "strategy": "compact_joint_probe", "successful": true, "virtual_time_s": 6609.091288, "common_lower_bound_s": 2355.8689005223728, "time_over_lower_bound": 2.805373120097875, "penalized_time_over_lower_bound": 2.805373120097875, "errors": []}
{"seed": 621192, "strategy": "compact_clear_before_probe", "successful": true, "virtual_time_s": 5797.041461, "common_lower_bound_s": 2276.007905054096, "time_over_lower_bound": 2.5470216725201644, "penalized_time_over_lower_bound": 2.5470216725201644, "errors": []}
{"seed": 621191, "strategy": "compact_joint_continuation", "successful": true, "virtual_time_s": 6609.091288, "common_lower_bound_s": 2355.8689005223728, "time_over_lower_bound": 2.805373120097875, "penalized_time_over_lower_bound": 2.805373120097875, "errors": []}
{"seed": 621192, "strategy": "compact_joint_probe", "successful": true, "virtual_time_s": 5797.041461, "common_lower_bound_s": 2276.007905054096, "time_over_lower_bound": 2.5470216725201644, "penalized_time_over_lower_bound": 2.5470216725201644, "errors": []}
{"seed": 621192, "strategy": "compact_joint_continuation", "successful": true, "virtual_time_s": 5797.041461, "common_lower_bound_s": 2276.007905054096, "time_over_lower_bound": 2.5470216725201644, "penalized_time_over_lower_bound": 2.5470216725201644, "errors": []}
{"seed": 621193, "strategy": "compact_baseline", "successful": true, "virtual_time_s": 6798.171959, "common_lower_bound_s": 2024.7182983779762, "time_over_lower_bound": 3.357589035692565, "penalized_time_over_lower_bound": 3.357589035692565, "errors": []}
{"seed": 621193, "strategy": "compact_clear_before_probe", "successful": true, "virtual_time_s": 6520.171959, "common_lower_bound_s": 2024.7182983779762, "time_over_lower_bound": 3.2202859845853027, "penalized_time_over_lower_bound": 3.2202859845853027, "errors": []}
{"seed": 621194, "strategy": "compact_baseline", "successful": true, "virtual_time_s": 6841.678948, "common_lower_bound_s": 2125.5362875671663, "time_over_lower_bound": 3.218801291711095, "penalized_time_over_lower_bound": 3.218801291711095, "errors": []}
{"seed": 621193, "strategy": "compact_joint_probe", "successful": true, "virtual_time_s": 6520.171959, "common_lower_bound_s": 2024.7182983779762, "time_over_lower_bound": 3.2202859845853027, "penalized_time_over_lower_bound": 3.2202859845853027, "errors": []}
{"seed": 621194, "strategy": "compact_clear_before_probe", "successful": true, "virtual_time_s": 6524.678948, "common_lower_bound_s": 2125.5362875671663, "time_over_lower_bound": 3.069662459382417, "penalized_time_over_lower_bound": 3.069662459382417, "errors": []}
{"seed": 621194, "strategy": "compact_joint_probe", "successful": true, "virtual_time_s": 6524.678948, "common_lower_bound_s": 2125.5362875671663, "time_over_lower_bound": 3.069662459382417, "penalized_time_over_lower_bound": 3.069662459382417, "errors": []}
{"seed": 621193, "strategy": "compact_joint_continuation", "successful": true, "virtual_time_s": 6520.171959, "common_lower_bound_s": 2024.7182983779762, "time_over_lower_bound": 3.2202859845853027, "penalized_time_over_lower_bound": 3.2202859845853027, "errors": []}
{"seed": 621194, "strategy": "compact_joint_continuation", "successful": true, "virtual_time_s": 6524.678948, "common_lower_bound_s": 2125.5362875671663, "time_over_lower_bound": 3.069662459382417, "penalized_time_over_lower_bound": 3.069662459382417, "errors": []}
{"seed": 621195, "strategy": "compact_baseline", "successful": true, "virtual_time_s": 6386.393215, "common_lower_bound_s": 1801.522045776815, "time_over_lower_bound": 3.5449986471002033, "penalized_time_over_lower_bound": 3.5449986471002033, "errors": []}
{"seed": 621195, "strategy": "compact_clear_before_probe", "successful": true, "virtual_time_s": 6148.794663, "common_lower_bound_s": 1801.522045776815, "time_over_lower_bound": 3.413110973254087, "penalized_time_over_lower_bound": 3.413110973254087, "errors": []}
{"seed": 621195, "strategy": "compact_joint_probe", "successful": true, "virtual_time_s": 6148.794663, "common_lower_bound_s": 1801.522045776815, "time_over_lower_bound": 3.413110973254087, "penalized_time_over_lower_bound": 3.413110973254087, "errors": []}
{"seed": 621195, "strategy": "compact_joint_continuation", "successful": true, "virtual_time_s": 6148.794663, "common_lower_bound_s": 1801.522045776815, "time_over_lower_bound": 3.413110973254087, "penalized_time_over_lower_bound": 3.413110973254087, "errors": []}
{"seed": 621196, "strategy": "compact_baseline", "successful": true, "virtual_time_s": 6134.839398, "common_lower_bound_s": 1837.3387800303728, "time_over_lower_bound": 3.3389810658100765, "penalized_time_over_lower_bound": 3.3389810658100765, "errors": []}
{"seed": 621196, "strategy": "compact_clear_before_probe", "successful": true, "virtual_time_s": 5925.40378, "common_lower_bound_s": 1837.3387800303728, "time_over_lower_bound": 3.224992496975461, "penalized_time_over_lower_bound": 3.224992496975461, "errors": []}
{"seed": 621196, "strategy": "compact_joint_probe", "successful": true, "virtual_time_s": 5925.40378, "common_lower_bound_s": 1837.3387800303728, "time_over_lower_bound": 3.224992496975461, "penalized_time_over_lower_bound": 3.224992496975461, "errors": []}
{"seed": 621196, "strategy": "compact_joint_continuation", "successful": true, "virtual_time_s": 5925.40378, "common_lower_bound_s": 1837.3387800303728, "time_over_lower_bound": 3.224992496975461, "penalized_time_over_lower_bound": 3.224992496975461, "errors": []}
{"seed": 621197, "strategy": "compact_baseline", "successful": true, "virtual_time_s": 7367.964254, "common_lower_bound_s": 1985.3089284336936, "time_over_lower_bound": 3.711243196701354, "penalized_time_over_lower_bound": 3.711243196701354, "errors": []}
{"seed": 621197, "strategy": "compact_clear_before_probe", "successful": true, "virtual_time_s": 7053.009749, "common_lower_bound_s": 1985.3089284336936, "time_over_lower_bound": 3.5526006295475945, "penalized_time_over_lower_bound": 3.5526006295475945, "errors": []}
{"seed": 621198, "strategy": "compact_baseline", "successful": true, "virtual_time_s": 7091.752293, "common_lower_bound_s": 2037.6226097556648, "time_over_lower_bound": 3.4804051834948893, "penalized_time_over_lower_bound": 3.4804051834948893, "errors": []}
{"seed": 621197, "strategy": "compact_joint_probe", "successful": true, "virtual_time_s": 7053.009749, "common_lower_bound_s": 1985.3089284336936, "time_over_lower_bound": 3.5526006295475945, "penalized_time_over_lower_bound": 3.5526006295475945, "errors": []}
{"seed": 621198, "strategy": "compact_clear_before_probe", "successful": true, "virtual_time_s": 6690.942399, "common_lower_bound_s": 2037.6226097556648, "time_over_lower_bound": 3.283700508114367, "penalized_time_over_lower_bound": 3.283700508114367, "errors": []}
{"seed": 621197, "strategy": "compact_joint_continuation", "successful": true, "virtual_time_s": 7053.009749, "common_lower_bound_s": 1985.3089284336936, "time_over_lower_bound": 3.5526006295475945, "penalized_time_over_lower_bound": 3.5526006295475945, "errors": []}
{"seed": 621199, "strategy": "compact_baseline", "successful": true, "virtual_time_s": 7528.659384, "common_lower_bound_s": 2310.103241797963, "time_over_lower_bound": 3.2590142500040007, "penalized_time_over_lower_bound": 3.2590142500040007, "errors": []}
{"seed": 621198, "strategy": "compact_joint_probe", "successful": true, "virtual_time_s": 6690.942399, "common_lower_bound_s": 2037.6226097556648, "time_over_lower_bound": 3.283700508114367, "penalized_time_over_lower_bound": 3.283700508114367, "errors": []}
{"seed": 621198, "strategy": "compact_joint_continuation", "successful": true, "virtual_time_s": 6690.942399, "common_lower_bound_s": 2037.6226097556648, "time_over_lower_bound": 3.283700508114367, "penalized_time_over_lower_bound": 3.283700508114367, "errors": []}
{"seed": 621199, "strategy": "compact_clear_before_probe", "successful": true, "virtual_time_s": 7064.866414, "common_lower_bound_s": 2310.103241797963, "time_over_lower_bound": 3.0582470454876227, "penalized_time_over_lower_bound": 3.0582470454876227, "errors": []}
{"seed": 621200, "strategy": "compact_baseline", "successful": true, "virtual_time_s": 6560.054472, "common_lower_bound_s": 2155.4793498675963, "time_over_lower_bound": 3.043431834502595, "penalized_time_over_lower_bound": 3.043431834502595, "errors": []}
{"seed": 621199, "strategy": "compact_joint_probe", "successful": true, "virtual_time_s": 7064.866414, "common_lower_bound_s": 2310.103241797963, "time_over_lower_bound": 3.0582470454876227, "penalized_time_over_lower_bound": 3.0582470454876227, "errors": []}
{"seed": 621200, "strategy": "compact_clear_before_probe", "successful": true, "virtual_time_s": 5763.319695, "common_lower_bound_s": 2155.4793498675963, "time_over_lower_bound": 2.6737995403918027, "penalized_time_over_lower_bound": 2.6737995403918027, "errors": []}
{"seed": 621200, "strategy": "compact_joint_probe", "successful": true, "virtual_time_s": 5763.319695, "common_lower_bound_s": 2155.4793498675963, "time_over_lower_bound": 2.6737995403918027, "penalized_time_over_lower_bound": 2.6737995403918027, "errors": []}
{"seed": 621200, "strategy": "compact_joint_continuation", "successful": true, "virtual_time_s": 5763.319695, "common_lower_bound_s": 2155.4793498675963, "time_over_lower_bound": 2.6737995403918027, "penalized_time_over_lower_bound": 2.6737995403918027, "errors": []}
{"seed": 621201, "strategy": "compact_baseline", "successful": true, "virtual_time_s": 6542.199024, "common_lower_bound_s": 2131.7063253923843, "time_over_lower_bound": 3.0689963932042907, "penalized_time_over_lower_bound": 3.0689963932042907, "errors": []}
{"seed": 621199, "strategy": "compact_joint_continuation", "successful": true, "virtual_time_s": 6969.045404, "common_lower_bound_s": 2310.103241797963, "time_over_lower_bound": 3.0167679426205916, "penalized_time_over_lower_bound": 3.0167679426205916, "errors": []}
{"seed": 621201, "strategy": "compact_clear_before_probe", "successful": true, "virtual_time_s": 6061.533056, "common_lower_bound_s": 2131.7063253923843, "time_over_lower_bound": 2.843512252976146, "penalized_time_over_lower_bound": 2.843512252976146, "errors": []}
{"seed": 621201, "strategy": "compact_joint_probe", "successful": true, "virtual_time_s": 6061.533056, "common_lower_bound_s": 2131.7063253923843, "time_over_lower_bound": 2.843512252976146, "penalized_time_over_lower_bound": 2.843512252976146, "errors": []}
{"seed": 621201, "strategy": "compact_joint_continuation", "successful": true, "virtual_time_s": 6061.533056, "common_lower_bound_s": 2131.7063253923843, "time_over_lower_bound": 2.843512252976146, "penalized_time_over_lower_bound": 2.843512252976146, "errors": []}
{"seed": 621202, "strategy": "compact_baseline", "successful": true, "virtual_time_s": 6271.733682, "common_lower_bound_s": 2289.7760385968136, "time_over_lower_bound": 2.739016207822382, "penalized_time_over_lower_bound": 2.739016207822382, "errors": []}
{"seed": 621202, "strategy": "compact_joint_probe", "successful": true, "virtual_time_s": 5901.733682, "common_lower_bound_s": 2289.7760385968136, "time_over_lower_bound": 2.577428352170465, "penalized_time_over_lower_bound": 2.577428352170465, "errors": []}
{"seed": 621202, "strategy": "compact_clear_before_probe", "successful": true, "virtual_time_s": 5901.733682, "common_lower_bound_s": 2289.7760385968136, "time_over_lower_bound": 2.577428352170465, "penalized_time_over_lower_bound": 2.577428352170465, "errors": []}
{"seed": 621202, "strategy": "compact_joint_continuation", "successful": true, "virtual_time_s": 5901.733682, "common_lower_bound_s": 2289.7760385968136, "time_over_lower_bound": 2.577428352170465, "penalized_time_over_lower_bound": 2.577428352170465, "errors": []}
{"seed": 621203, "strategy": "compact_baseline", "successful": true, "virtual_time_s": 6854.023887, "common_lower_bound_s": 2121.8676163776286, "time_over_lower_bound": 3.2301845007187246, "penalized_time_over_lower_bound": 3.2301845007187246, "errors": []}
{"seed": 621203, "strategy": "compact_clear_before_probe", "successful": true, "virtual_time_s": 6646.867975, "common_lower_bound_s": 2121.8676163776286, "time_over_lower_bound": 3.1325554543064658, "penalized_time_over_lower_bound": 3.1325554543064658, "errors": []}
{"seed": 621203, "strategy": "compact_joint_probe", "successful": true, "virtual_time_s": 6646.867975, "common_lower_bound_s": 2121.8676163776286, "time_over_lower_bound": 3.1325554543064658, "penalized_time_over_lower_bound": 3.1325554543064658, "errors": []}
{"seed": 621204, "strategy": "compact_clear_before_probe", "successful": true, "virtual_time_s": 7384.220796, "common_lower_bound_s": 2157.4820567725624, "time_over_lower_bound": 3.4226105254596004, "penalized_time_over_lower_bound": 3.4226105254596004, "errors": []}
{"seed": 621204, "strategy": "compact_baseline", "successful": true, "virtual_time_s": 7778.910751, "common_lower_bound_s": 2157.4820567725624, "time_over_lower_bound": 3.605550612382237, "penalized_time_over_lower_bound": 3.605550612382237, "errors": []}
{"seed": 621203, "strategy": "compact_joint_continuation", "successful": true, "virtual_time_s": 6646.867975, "common_lower_bound_s": 2121.8676163776286, "time_over_lower_bound": 3.1325554543064658, "penalized_time_over_lower_bound": 3.1325554543064658, "errors": []}
{"seed": 621205, "strategy": "compact_baseline", "successful": true, "virtual_time_s": 6510.932076, "common_lower_bound_s": 1892.1074997702124, "time_over_lower_bound": 3.4411005065995046, "penalized_time_over_lower_bound": 3.4411005065995046, "errors": []}
{"seed": 621205, "strategy": "compact_clear_before_probe", "successful": true, "virtual_time_s": 6396.932076, "common_lower_bound_s": 1892.1074997702124, "time_over_lower_bound": 3.3808502301147674, "penalized_time_over_lower_bound": 3.3808502301147674, "errors": []}
{"seed": 621205, "strategy": "compact_joint_probe", "successful": true, "virtual_time_s": 6396.932076, "common_lower_bound_s": 1892.1074997702124, "time_over_lower_bound": 3.3808502301147674, "penalized_time_over_lower_bound": 3.3808502301147674, "errors": []}
{"seed": 621204, "strategy": "compact_joint_probe", "successful": true, "virtual_time_s": 7384.220796, "common_lower_bound_s": 2157.4820567725624, "time_over_lower_bound": 3.4226105254596004, "penalized_time_over_lower_bound": 3.4226105254596004, "errors": []}
{"seed": 621205, "strategy": "compact_joint_continuation", "successful": true, "virtual_time_s": 6396.932076, "common_lower_bound_s": 1892.1074997702124, "time_over_lower_bound": 3.3808502301147674, "penalized_time_over_lower_bound": 3.3808502301147674, "errors": []}
{"seed": 621206, "strategy": "compact_baseline", "successful": true, "virtual_time_s": 7174.031832, "common_lower_bound_s": 2119.92781308791, "time_over_lower_bound": 3.3840925090511575, "penalized_time_over_lower_bound": 3.3840925090511575, "errors": []}
{"seed": 621206, "strategy": "compact_clear_before_probe", "successful": true, "virtual_time_s": 6882.075472, "common_lower_bound_s": 2119.92781308791, "time_over_lower_bound": 3.246372555476544, "penalized_time_over_lower_bound": 3.246372555476544, "errors": []}
{"seed": 621204, "strategy": "compact_joint_continuation", "successful": true, "virtual_time_s": 7345.13366, "common_lower_bound_s": 2157.4820567725624, "time_over_lower_bound": 3.4044935098963425, "penalized_time_over_lower_bound": 3.4044935098963425, "errors": []}
{"seed": 621207, "strategy": "compact_baseline", "successful": true, "virtual_time_s": 6211.054673, "common_lower_bound_s": 2457.513465046473, "time_over_lower_bound": 2.5273736080557123, "penalized_time_over_lower_bound": 2.5273736080557123, "errors": []}
{"seed": 621206, "strategy": "compact_joint_probe", "successful": true, "virtual_time_s": 6882.075472, "common_lower_bound_s": 2119.92781308791, "time_over_lower_bound": 3.246372555476544, "penalized_time_over_lower_bound": 3.246372555476544, "errors": []}
{"seed": 621206, "strategy": "compact_joint_continuation", "successful": true, "virtual_time_s": 6882.075472, "common_lower_bound_s": 2119.92781308791, "time_over_lower_bound": 3.246372555476544, "penalized_time_over_lower_bound": 3.246372555476544, "errors": []}
{"seed": 621207, "strategy": "compact_clear_before_probe", "successful": true, "virtual_time_s": 5875.054673, "common_lower_bound_s": 2457.513465046473, "time_over_lower_bound": 2.390650043860044, "penalized_time_over_lower_bound": 2.390650043860044, "errors": []}
{"seed": 621207, "strategy": "compact_joint_probe", "successful": true, "virtual_time_s": 5875.054673, "common_lower_bound_s": 2457.513465046473, "time_over_lower_bound": 2.390650043860044, "penalized_time_over_lower_bound": 2.390650043860044, "errors": []}
{"seed": 621208, "strategy": "compact_baseline", "successful": true, "virtual_time_s": 7006.017294, "common_lower_bound_s": 1931.8258654292185, "time_over_lower_bound": 3.6266298217533097, "penalized_time_over_lower_bound": 3.6266298217533097, "errors": []}
{"seed": 621207, "strategy": "compact_joint_continuation", "successful": true, "virtual_time_s": 5875.054673, "common_lower_bound_s": 2457.513465046473, "time_over_lower_bound": 2.390650043860044, "penalized_time_over_lower_bound": 2.390650043860044, "errors": []}
{"seed": 621208, "strategy": "compact_clear_before_probe", "successful": true, "virtual_time_s": 6824.000757, "common_lower_bound_s": 1931.8258654292185, "time_over_lower_bound": 3.5324098714683188, "penalized_time_over_lower_bound": 3.5324098714683188, "errors": []}
{"seed": 621208, "strategy": "compact_joint_probe", "successful": true, "virtual_time_s": 6416.805094, "common_lower_bound_s": 1931.8258654292185, "time_over_lower_bound": 3.321627072517893, "penalized_time_over_lower_bound": 3.321627072517893, "errors": []}
{"seed": 621209, "strategy": "compact_baseline", "successful": true, "virtual_time_s": 8506.467712, "common_lower_bound_s": 2117.5580269285683, "time_over_lower_bound": 4.01711197701547, "penalized_time_over_lower_bound": 4.01711197701547, "errors": []}
{"seed": 621208, "strategy": "compact_joint_continuation", "successful": true, "virtual_time_s": 6406.256326, "common_lower_bound_s": 1931.8258654292185, "time_over_lower_bound": 3.316166555507134, "penalized_time_over_lower_bound": 3.316166555507134, "errors": []}
{"seed": 621209, "strategy": "compact_clear_before_probe", "successful": true, "virtual_time_s": 8116.345414, "common_lower_bound_s": 2117.5580269285683, "time_over_lower_bound": 3.832879812872202, "penalized_time_over_lower_bound": 3.832879812872202, "errors": []}
{"seed": 621210, "strategy": "compact_baseline", "successful": true, "virtual_time_s": 6050.662272, "common_lower_bound_s": 1947.8977331460437, "time_over_lower_bound": 3.1062525352537853, "penalized_time_over_lower_bound": 3.1062525352537853, "errors": []}
{"seed": 621210, "strategy": "compact_clear_before_probe", "successful": true, "virtual_time_s": 5715.662272, "common_lower_bound_s": 1947.8977331460437, "time_over_lower_bound": 2.9342722540000348, "penalized_time_over_lower_bound": 2.9342722540000348, "errors": []}
{"seed": 621210, "strategy": "compact_joint_probe", "successful": true, "virtual_time_s": 5715.662272, "common_lower_bound_s": 1947.8977331460437, "time_over_lower_bound": 2.9342722540000348, "penalized_time_over_lower_bound": 2.9342722540000348, "errors": []}
{"seed": 621209, "strategy": "compact_joint_probe", "successful": true, "virtual_time_s": 7169.094519, "common_lower_bound_s": 2117.5580269285683, "time_over_lower_bound": 3.3855480831372917, "penalized_time_over_lower_bound": 3.3855480831372917, "errors": []}
{"seed": 621210, "strategy": "compact_joint_continuation", "successful": true, "virtual_time_s": 5715.662272, "common_lower_bound_s": 1947.8977331460437, "time_over_lower_bound": 2.9342722540000348, "penalized_time_over_lower_bound": 2.9342722540000348, "errors": []}
{"seed": 621211, "strategy": "compact_baseline", "successful": true, "virtual_time_s": 7790.891349, "common_lower_bound_s": 2458.7689275092043, "time_over_lower_bound": 3.1686146924316194, "penalized_time_over_lower_bound": 3.1686146924316194, "errors": []}
{"seed": 621211, "strategy": "compact_clear_before_probe", "successful": true, "virtual_time_s": 7559.810697, "common_lower_bound_s": 2458.7689275092043, "time_over_lower_bound": 3.074632435939509, "penalized_time_over_lower_bound": 3.074632435939509, "errors": []}
{"seed": 621209, "strategy": "compact_joint_continuation", "successful": true, "virtual_time_s": 7060.142084, "common_lower_bound_s": 2117.5580269285683, "time_over_lower_bound": 3.334096158980091, "penalized_time_over_lower_bound": 3.334096158980091, "errors": []}
{"seed": 621211, "strategy": "compact_joint_probe", "successful": true, "virtual_time_s": 7559.810697, "common_lower_bound_s": 2458.7689275092043, "time_over_lower_bound": 3.074632435939509, "penalized_time_over_lower_bound": 3.074632435939509, "errors": []}
{"seed": 621211, "strategy": "compact_joint_continuation", "successful": true, "virtual_time_s": 7539.480028, "common_lower_bound_s": 2458.7689275092043, "time_over_lower_bound": 3.0663637984223615, "penalized_time_over_lower_bound": 3.0663637984223615, "errors": []}
{"seed": 621212, "strategy": "compact_baseline", "successful": true, "virtual_time_s": 6931.912486, "common_lower_bound_s": 2033.0698359586725, "time_over_lower_bound": 3.409579131713068, "penalized_time_over_lower_bound": 3.409579131713068, "errors": []}
{"seed": 621212, "strategy": "compact_clear_before_probe", "successful": true, "virtual_time_s": 6482.417141, "common_lower_bound_s": 2033.0698359586725, "time_over_lower_bound": 3.188487196232138, "penalized_time_over_lower_bound": 3.188487196232138, "errors": []}
{"seed": 621213, "strategy": "compact_baseline", "successful": true, "virtual_time_s": 7658.264215, "common_lower_bound_s": 1973.989678121034, "time_over_lower_bound": 3.879586757662082, "penalized_time_over_lower_bound": 3.879586757662082, "errors": []}
{"seed": 621213, "strategy": "compact_clear_before_probe", "successful": true, "virtual_time_s": 7072.45558, "common_lower_bound_s": 1973.989678121034, "time_over_lower_bound": 3.5828229794656283, "penalized_time_over_lower_bound": 3.5828229794656283, "errors": []}
{"seed": 621212, "strategy": "compact_joint_probe", "successful": true, "virtual_time_s": 6452.925213, "common_lower_bound_s": 2033.0698359586725, "time_over_lower_bound": 3.1739810895168743, "penalized_time_over_lower_bound": 3.1739810895168743, "errors": []}
{"seed": 621213, "strategy": "compact_joint_probe", "successful": true, "virtual_time_s": 7072.45558, "common_lower_bound_s": 1973.989678121034, "time_over_lower_bound": 3.5828229794656283, "penalized_time_over_lower_bound": 3.5828229794656283, "errors": []}
{"seed": 621213, "strategy": "compact_joint_continuation", "successful": true, "virtual_time_s": 7072.45558, "common_lower_bound_s": 1973.989678121034, "time_over_lower_bound": 3.5828229794656283, "penalized_time_over_lower_bound": 3.5828229794656283, "errors": []}
{"seed": 621214, "strategy": "compact_baseline", "successful": true, "virtual_time_s": 8052.087079, "common_lower_bound_s": 2339.985690525159, "time_over_lower_bound": 3.4410838970527564, "penalized_time_over_lower_bound": 3.4410838970527564, "errors": []}
{"seed": 621212, "strategy": "compact_joint_continuation", "successful": true, "virtual_time_s": 6384.661396, "common_lower_bound_s": 2033.0698359586725, "time_over_lower_bound": 3.1404043693311605, "penalized_time_over_lower_bound": 3.1404043693311605, "errors": []}
{"seed": 621214, "strategy": "compact_clear_before_probe", "successful": true, "virtual_time_s": 7451.287534, "common_lower_bound_s": 2339.985690525159, "time_over_lower_bound": 3.184330384656207, "penalized_time_over_lower_bound": 3.184330384656207, "errors": []}
{"seed": 621215, "strategy": "compact_baseline", "successful": true, "virtual_time_s": 8052.76956, "common_lower_bound_s": 2432.0131331989423, "time_over_lower_bound": 3.311153813305198, "penalized_time_over_lower_bound": 3.311153813305198, "errors": []}
{"seed": 621215, "strategy": "compact_clear_before_probe", "successful": true, "virtual_time_s": 7787.992062, "common_lower_bound_s": 2432.0131331989423, "time_over_lower_bound": 3.2022820747501823, "penalized_time_over_lower_bound": 3.2022820747501823, "errors": []}
{"seed": 621215, "strategy": "compact_joint_probe", "successful": true, "virtual_time_s": 7136.146213, "common_lower_bound_s": 2432.0131331989423, "time_over_lower_bound": 2.9342548013355043, "penalized_time_over_lower_bound": 2.9342548013355043, "errors": []}
{"seed": 621214, "strategy": "compact_joint_probe", "successful": true, "virtual_time_s": 7457.757745, "common_lower_bound_s": 2339.985690525159, "time_over_lower_bound": 3.187095449000916, "penalized_time_over_lower_bound": 3.187095449000916, "errors": []}
{"seed": 621216, "strategy": "compact_baseline", "successful": true, "virtual_time_s": 7097.672273, "common_lower_bound_s": 2075.5056283896147, "time_over_lower_bound": 3.4197316431789617, "penalized_time_over_lower_bound": 3.4197316431789617, "errors": []}
{"seed": 621216, "strategy": "compact_clear_before_probe", "successful": true, "virtual_time_s": 6832.619239, "common_lower_bound_s": 2075.5056283896147, "time_over_lower_bound": 3.292026360006275, "penalized_time_over_lower_bound": 3.292026360006275, "errors": []}
{"seed": 621214, "strategy": "compact_joint_continuation", "successful": true, "virtual_time_s": 7383.732359, "common_lower_bound_s": 2339.985690525159, "time_over_lower_bound": 3.155460475206103, "penalized_time_over_lower_bound": 3.155460475206103, "errors": []}
{"seed": 621215, "strategy": "compact_joint_continuation", "successful": true, "virtual_time_s": 6762.652282, "common_lower_bound_s": 2432.0131331989423, "time_over_lower_bound": 2.7806808235055716, "penalized_time_over_lower_bound": 2.7806808235055716, "errors": []}
{"seed": 621216, "strategy": "compact_joint_probe", "successful": true, "virtual_time_s": 6832.619239, "common_lower_bound_s": 2075.5056283896147, "time_over_lower_bound": 3.292026360006275, "penalized_time_over_lower_bound": 3.292026360006275, "errors": []}
{"seed": 621217, "strategy": "compact_baseline", "successful": true, "virtual_time_s": 6380.858986, "common_lower_bound_s": 1784.709103016236, "time_over_lower_bound": 3.575293573174514, "penalized_time_over_lower_bound": 3.575293573174514, "errors": []}
{"seed": 621217, "strategy": "compact_clear_before_probe", "successful": true, "virtual_time_s": 6314.088023, "common_lower_bound_s": 1784.709103016236, "time_over_lower_bound": 3.537880774143482, "penalized_time_over_lower_bound": 3.537880774143482, "errors": []}
{"seed": 621216, "strategy": "compact_joint_continuation", "successful": true, "virtual_time_s": 6832.619239, "common_lower_bound_s": 2075.5056283896147, "time_over_lower_bound": 3.292026360006275, "penalized_time_over_lower_bound": 3.292026360006275, "errors": []}
{"seed": 621217, "strategy": "compact_joint_probe", "successful": true, "virtual_time_s": 6314.088023, "common_lower_bound_s": 1784.709103016236, "time_over_lower_bound": 3.537880774143482, "penalized_time_over_lower_bound": 3.537880774143482, "errors": []}
{"seed": 621218, "strategy": "compact_baseline", "successful": true, "virtual_time_s": 6507.393572, "common_lower_bound_s": 2440.7954046784916, "time_over_lower_bound": 2.6660954701597253, "penalized_time_over_lower_bound": 2.6660954701597253, "errors": []}
{"seed": 621217, "strategy": "compact_joint_continuation", "successful": true, "virtual_time_s": 6314.088023, "common_lower_bound_s": 1784.709103016236, "time_over_lower_bound": 3.537880774143482, "penalized_time_over_lower_bound": 3.537880774143482, "errors": []}
{"seed": 621218, "strategy": "compact_clear_before_probe", "successful": true, "virtual_time_s": 6055.708864, "common_lower_bound_s": 2440.7954046784916, "time_over_lower_bound": 2.4810391122469664, "penalized_time_over_lower_bound": 2.4810391122469664, "errors": []}
{"seed": 621218, "strategy": "compact_joint_probe", "successful": true, "virtual_time_s": 6055.708864, "common_lower_bound_s": 2440.7954046784916, "time_over_lower_bound": 2.4810391122469664, "penalized_time_over_lower_bound": 2.4810391122469664, "errors": []}
{"seed": 621218, "strategy": "compact_joint_continuation", "successful": true, "virtual_time_s": 6055.708864, "common_lower_bound_s": 2440.7954046784916, "time_over_lower_bound": 2.4810391122469664, "penalized_time_over_lower_bound": 2.4810391122469664, "errors": []}
{"seed": 621219, "strategy": "compact_baseline", "successful": true, "virtual_time_s": 5966.707757, "common_lower_bound_s": 2029.4613707432654, "time_over_lower_bound": 2.9400450006174625, "penalized_time_over_lower_bound": 2.9400450006174625, "errors": []}
{"seed": 621219, "strategy": "compact_clear_before_probe", "successful": true, "virtual_time_s": 5702.707757, "common_lower_bound_s": 2029.4613707432654, "time_over_lower_bound": 2.8099612238056313, "penalized_time_over_lower_bound": 2.8099612238056313, "errors": []}
{"seed": 621219, "strategy": "compact_joint_probe", "successful": true, "virtual_time_s": 5702.707757, "common_lower_bound_s": 2029.4613707432654, "time_over_lower_bound": 2.8099612238056313, "penalized_time_over_lower_bound": 2.8099612238056313, "errors": []}
{"seed": 621220, "strategy": "compact_baseline", "successful": true, "virtual_time_s": 7330.405671, "common_lower_bound_s": 2486.1155097779756, "time_over_lower_bound": 2.9485378463588154, "penalized_time_over_lower_bound": 2.9485378463588154, "errors": []}
{"seed": 621220, "strategy": "compact_clear_before_probe", "successful": true, "virtual_time_s": 6957.324719, "common_lower_bound_s": 2486.1155097779756, "time_over_lower_bound": 2.7984720306182913, "penalized_time_over_lower_bound": 2.7984720306182913, "errors": []}
{"seed": 621219, "strategy": "compact_joint_continuation", "successful": true, "virtual_time_s": 5702.707757, "common_lower_bound_s": 2029.4613707432654, "time_over_lower_bound": 2.8099612238056313, "penalized_time_over_lower_bound": 2.8099612238056313, "errors": []}
{"seed": 621220, "strategy": "compact_joint_probe", "successful": true, "virtual_time_s": 6957.324719, "common_lower_bound_s": 2486.1155097779756, "time_over_lower_bound": 2.7984720306182913, "penalized_time_over_lower_bound": 2.7984720306182913, "errors": []}
{"seed": 621221, "strategy": "compact_baseline", "successful": true, "virtual_time_s": 6571.354411, "common_lower_bound_s": 2061.75329133554, "time_over_lower_bound": 3.1872651488497348, "penalized_time_over_lower_bound": 3.1872651488497348, "errors": []}
{"seed": 621221, "strategy": "compact_clear_before_probe", "successful": true, "virtual_time_s": 6362.354411, "common_lower_bound_s": 2061.75329133554, "time_over_lower_bound": 3.0858951154522782, "penalized_time_over_lower_bound": 3.0858951154522782, "errors": []}
{"seed": 621220, "strategy": "compact_joint_continuation", "successful": true, "virtual_time_s": 6957.324719, "common_lower_bound_s": 2486.1155097779756, "time_over_lower_bound": 2.7984720306182913, "penalized_time_over_lower_bound": 2.7984720306182913, "errors": []}
{"seed": 621221, "strategy": "compact_joint_probe", "successful": true, "virtual_time_s": 6362.354411, "common_lower_bound_s": 2061.75329133554, "time_over_lower_bound": 3.0858951154522782, "penalized_time_over_lower_bound": 3.0858951154522782, "errors": []}
{"seed": 621222, "strategy": "compact_baseline", "successful": true, "virtual_time_s": 7443.163077, "common_lower_bound_s": 1793.3539134845064, "time_over_lower_bound": 4.150415052507875, "penalized_time_over_lower_bound": 4.150415052507875, "errors": []}
{"seed": 621221, "strategy": "compact_joint_continuation", "successful": true, "virtual_time_s": 6330.541374, "common_lower_bound_s": 2061.75329133554, "time_over_lower_bound": 3.070465026346228, "penalized_time_over_lower_bound": 3.070465026346228, "errors": []}
{"seed": 621222, "strategy": "compact_clear_before_probe", "successful": true, "virtual_time_s": 7084.294361, "common_lower_bound_s": 1793.3539134845064, "time_over_lower_bound": 3.9503046820441248, "penalized_time_over_lower_bound": 3.9503046820441248, "errors": []}
{"seed": 621223, "strategy": "compact_baseline", "successful": true, "virtual_time_s": 6828.989138, "common_lower_bound_s": 1849.7362508398369, "time_over_lower_bound": 3.6918718195090947, "penalized_time_over_lower_bound": 3.6918718195090947, "errors": []}
{"seed": 621222, "strategy": "compact_joint_probe", "successful": true, "virtual_time_s": 7084.294361, "common_lower_bound_s": 1793.3539134845064, "time_over_lower_bound": 3.9503046820441248, "penalized_time_over_lower_bound": 3.9503046820441248, "errors": []}
{"seed": 621223, "strategy": "compact_clear_before_probe", "successful": true, "virtual_time_s": 6611.956104, "common_lower_bound_s": 1849.7362508398369, "time_over_lower_bound": 3.574539938327948, "penalized_time_over_lower_bound": 3.574539938327948, "errors": []}
{"seed": 621222, "strategy": "compact_joint_continuation", "successful": true, "virtual_time_s": 7084.294361, "common_lower_bound_s": 1793.3539134845064, "time_over_lower_bound": 3.9503046820441248, "penalized_time_over_lower_bound": 3.9503046820441248, "errors": []}
{"seed": 621224, "strategy": "compact_baseline", "successful": true, "virtual_time_s": 7509.423959, "common_lower_bound_s": 2094.375427175239, "time_over_lower_bound": 3.585519511718219, "penalized_time_over_lower_bound": 3.585519511718219, "errors": []}
{"seed": 621223, "strategy": "compact_joint_probe", "successful": true, "virtual_time_s": 6611.956104, "common_lower_bound_s": 1849.7362508398369, "time_over_lower_bound": 3.574539938327948, "penalized_time_over_lower_bound": 3.574539938327948, "errors": []}
{"seed": 621223, "strategy": "compact_joint_continuation", "successful": true, "virtual_time_s": 6611.956104, "common_lower_bound_s": 1849.7362508398369, "time_over_lower_bound": 3.574539938327948, "penalized_time_over_lower_bound": 3.574539938327948, "errors": []}
{"seed": 621224, "strategy": "compact_clear_before_probe", "successful": true, "virtual_time_s": 7042.515056, "common_lower_bound_s": 2094.375427175239, "time_over_lower_bound": 3.362584837761632, "penalized_time_over_lower_bound": 3.362584837761632, "errors": []}
{"seed": 621224, "strategy": "compact_joint_probe", "successful": true, "virtual_time_s": 7042.515056, "common_lower_bound_s": 2094.375427175239, "time_over_lower_bound": 3.362584837761632, "penalized_time_over_lower_bound": 3.362584837761632, "errors": []}
{"seed": 621224, "strategy": "compact_joint_continuation", "successful": true, "virtual_time_s": 7042.515056, "common_lower_bound_s": 2094.375427175239, "time_over_lower_bound": 3.362584837761632, "penalized_time_over_lower_bound": 3.362584837761632, "errors": []}
{"seed": 621225, "strategy": "compact_baseline", "successful": true, "virtual_time_s": 8236.081598, "common_lower_bound_s": 2143.6034571656037, "time_over_lower_bound": 3.842166595910525, "penalized_time_over_lower_bound": 3.842166595910525, "errors": []}
{"seed": 621225, "strategy": "compact_clear_before_probe", "successful": true, "virtual_time_s": 7713.048412, "common_lower_bound_s": 2143.6034571656037, "time_over_lower_bound": 3.5981694217822535, "penalized_time_over_lower_bound": 3.5981694217822535, "errors": []}
{"seed": 621226, "strategy": "compact_baseline", "successful": true, "virtual_time_s": 7557.799546, "common_lower_bound_s": 1883.3944912873233, "time_over_lower_bound": 4.012860598755469, "penalized_time_over_lower_bound": 4.012860598755469, "errors": []}
{"seed": 621226, "strategy": "compact_clear_before_probe", "successful": true, "virtual_time_s": 6877.328188, "common_lower_bound_s": 1883.3944912873233, "time_over_lower_bound": 3.6515601058699403, "penalized_time_over_lower_bound": 3.6515601058699403, "errors": []}
{"seed": 621225, "strategy": "compact_joint_probe", "successful": true, "virtual_time_s": 7713.048412, "common_lower_bound_s": 2143.6034571656037, "time_over_lower_bound": 3.5981694217822535, "penalized_time_over_lower_bound": 3.5981694217822535, "errors": []}
{"seed": 621225, "strategy": "compact_joint_continuation", "successful": true, "virtual_time_s": 7645.872183, "common_lower_bound_s": 2143.6034571656037, "time_over_lower_bound": 3.566831429311937, "penalized_time_over_lower_bound": 3.566831429311937, "errors": []}
{"seed": 621226, "strategy": "compact_joint_probe", "successful": true, "virtual_time_s": 6877.328188, "common_lower_bound_s": 1883.3944912873233, "time_over_lower_bound": 3.6515601058699403, "penalized_time_over_lower_bound": 3.6515601058699403, "errors": []}
{"seed": 621226, "strategy": "compact_joint_continuation", "successful": true, "virtual_time_s": 6877.328188, "common_lower_bound_s": 1883.3944912873233, "time_over_lower_bound": 3.6515601058699403, "penalized_time_over_lower_bound": 3.6515601058699403, "errors": []}
{"seed": 621227, "strategy": "compact_baseline", "successful": true, "virtual_time_s": 7119.440998, "common_lower_bound_s": 2268.3450070786353, "time_over_lower_bound": 3.1386058892200936, "penalized_time_over_lower_bound": 3.1386058892200936, "errors": []}
{"seed": 621227, "strategy": "compact_clear_before_probe", "successful": true, "virtual_time_s": 6647.828384, "common_lower_bound_s": 2268.3450070786353, "time_over_lower_bound": 2.930695446792563, "penalized_time_over_lower_bound": 2.930695446792563, "errors": []}
{"seed": 621228, "strategy": "compact_baseline", "successful": true, "virtual_time_s": 7642.287778, "common_lower_bound_s": 2331.163845626228, "time_over_lower_bound": 3.278314303105978, "penalized_time_over_lower_bound": 3.278314303105978, "errors": []}
{"seed": 621227, "strategy": "compact_joint_continuation", "successful": true, "virtual_time_s": 6647.828384, "common_lower_bound_s": 2268.3450070786353, "time_over_lower_bound": 2.930695446792563, "penalized_time_over_lower_bound": 2.930695446792563, "errors": []}
{"seed": 621227, "strategy": "compact_joint_probe", "successful": true, "virtual_time_s": 6647.828384, "common_lower_bound_s": 2268.3450070786353, "time_over_lower_bound": 2.930695446792563, "penalized_time_over_lower_bound": 2.930695446792563, "errors": []}
{"seed": 621228, "strategy": "compact_clear_before_probe", "successful": true, "virtual_time_s": 6847.52539, "common_lower_bound_s": 2331.163845626228, "time_over_lower_bound": 2.937384861577813, "penalized_time_over_lower_bound": 2.937384861577813, "errors": []}
{"seed": 621228, "strategy": "compact_joint_probe", "successful": true, "virtual_time_s": 6847.52539, "common_lower_bound_s": 2331.163845626228, "time_over_lower_bound": 2.937384861577813, "penalized_time_over_lower_bound": 2.937384861577813, "errors": []}
{"seed": 621228, "strategy": "compact_joint_continuation", "successful": true, "virtual_time_s": 6778.855342, "common_lower_bound_s": 2331.163845626228, "time_over_lower_bound": 2.907927452083049, "penalized_time_over_lower_bound": 2.907927452083049, "errors": []}
{"summaries": {"compact_baseline": {"runs": 128, "successful": 128, "mean_time_s": 7156.357312664062, "mean_lower_bound_s": 2084.5069798757963, "mean_time_over_mean_lower_bound": 3.433117462187854, "mean_individual_ratio": 3.4722675518556727, "p95_time_s": 8425.1441335, "max_time_s": 9964.402665, "mean_runtime_s": 0.1374193898454905, "mean_components_s": {"movement_s": 5185.513562664062, "switching_s": 295.2734375, "detection_s": 1598.3984375, "optical_s": 51.703125, "removal_s": 25.46875}}, "compact_clear_before_probe": {"runs": 128, "successful": 128, "mean_time_s": 6687.082773648437, "mean_lower_bound_s": 2084.5069798757963, "mean_time_over_mean_lower_bound": 3.2079925076801046, "mean_individual_ratio": 3.241151300424542, "p95_time_s": 7961.628539299998, "max_time_s": 9334.51921, "mean_runtime_s": 0.13427812109353, "mean_components_s": {"movement_s": 5057.129648648437, "switching_s": 238.625, "detection_s": 1302.2265625, "optical_s": 63.6328125, "removal_s": 25.46875}}, "compact_joint_continuation": {"runs": 128, "successful": 128, "mean_time_s": 6569.8261637578125, "mean_lower_bound_s": 2084.5069798757963, "mean_time_over_mean_lower_bound": 3.151741024224956, "mean_individual_ratio": 3.1820367388524384, "p95_time_s": 7629.856572449999, "max_time_s": 8465.52896, "mean_runtime_s": 0.43414934062479915, "mean_components_s": {"movement_s": 4964.3183512578125, "switching_s": 238.625, "detection_s": 1300.3515625, "optical_s": 41.0625, "removal_s": 25.46875}}, "compact_joint_probe": {"runs": 128, "successful": 128, "mean_time_s": 6606.996655242187, "mean_lower_bound_s": 2084.5069798757963, "mean_time_over_mean_lower_bound": 3.169572814592283, "mean_individual_ratio": 3.2004241585835245, "p95_time_s": 7645.07725905, "max_time_s": 9157.882501, "mean_runtime_s": 0.3287039101562641, "mean_components_s": {"movement_s": 4995.613842742187, "switching_s": 238.625, "detection_s": 1302.265625, "optical_s": 45.0234375, "removal_s": 25.46875}}}, "paired_vs_compact_baseline": {"compact_clear_before_probe": {"pairs": 128, "all_complete": true, "mean_saved_s": 469.274539015625, "saving_ci95_s": [392.47162091406256, 561.88428353125], "mean_reduction_fraction": 0.06557449810187443, "wins": 126, "losses": 2, "ties": 0, "worst_regression_s": 828.6600079999998, "paired_ratio_p95": 0.9788992623722204}, "compact_joint_continuation": {"pairs": 128, "all_complete": true, "mean_saved_s": 586.53114890625, "saving_ci95_s": [498.247763171875, 692.46144034375], "mean_reduction_fraction": 0.08195945552750838, "wins": 128, "losses": 0, "ties": 0, "worst_regression_s": 0.0, "paired_ratio_p95": 0.9767403700495741}, "compact_joint_probe": {"pairs": 128, "all_complete": true, "mean_saved_s": 549.360657421875, "saving_ci95_s": [467.12212103906256, 648.88509815625], "mean_reduction_fraction": 0.07676540360131445, "wins": 127, "losses": 1, "ties": 0, "worst_regression_s": 117.99930999999924, "paired_ratio_p95": 0.9788992623722204}}}
