seed,scenario,targets,v5_seconds_per_source,v6_seconds_per_source,saving_seconds_per_source,relative_improvement_pct,v5_distance_m,v6_distance_m,v5_detections,v6_detections,v5_switches,v6_switches,v5_failed_clears,v6_failed_clears,v5_virtual_seconds,v6_virtual_seconds,v5_wall_seconds,v6_wall_seconds,v5_cpu_seconds,v6_cpu_seconds,v5_tail_after_last_clear,v6_tail_after_last_clear,v5_transit_stops,v6_transit_stops,v5_route_accepts,v6_route_accepts
191100000,mixed25,13,436.3398526887534,434.46072772658476,1.879124962168646,0.4306562764297972,19632.09042476897,19859.947302228033,281,269,270,254,2,4,5672.418084953794,5647.989460445602,0.6725995689998854,0.8730506639999476,0.56920658,0.731027345,151.9490369878249,800.2344255238031,0,12,0,4
191100001,mixed25,11,522.2837535556223,517.635839627393,4.647913928229286,0.8899212155436653,20660.606445559224,20459.97117950663,259,260,245,244,6,1,5745.121289111845,5693.994235901323,1.041007294999872,0.48588723200009554,0.8272282280000001,0.378431475,412.21510062773814,599.2622278600757,0,9,0,3
191100002,mixed25,15,363.3767551953891,374.72292432618207,-11.346169130792987,-3.1224256831431374,20633.2566396542,21594.21932446368,202,206,191,188,16,3,5450.6513279308365,5620.843864892731,0.6397941949999222,0.7514605119999942,0.5032695730000001,0.6175610859999999,124.55191427889076,277.6162481937572,0,15,0,2
191100003,mixed25,16,292.9254354527703,286.738930249683,6.186505203087279,2.1119726914547,18809.03483622163,17994.114419974634,138,151,134,139,7,5,4686.806967244324,4587.822883994928,0.9586564740002359,1.0164000950003356,0.7640731969999999,0.838054488,0.0,0.0,0,13,0,4
191100004,mixed25,15,372.14572435513134,357.8702667566392,14.275457598492153,3.8359859227804494,21375.92932663487,21045.270006747935,204,181,188,167,8,4,5582.18586532697,5368.054001349587,0.8903949609998563,0.6630237929998657,0.7042820300000003,0.5211308809999999,131.1126052151094,337.57140844967216,0,9,0,4
191100005,mixed25,16,308.0269371213036,370.5147340271376,-62.48779690583399,-20.286471530645954,18607.154969704286,22291.17872217101,186,232,179,215,6,5,4928.430993940858,5928.2357444342015,0.6771252869998534,1.4030257960002928,0.5525835559999996,1.1258035869999996,0.0,0.0,0,16,0,3
191100006,mixed25,11,501.5630306313222,484.87718870587486,16.685841925447335,3.3267687023193715,20330.966684722716,19303.24537882313,232,239,212,217,8,2,5517.193336944544,5333.649075764623,0.24554950699985056,0.40966712300041763,0.20290956500000012,0.3287926090000002,0.0,1084.1347764118573,0,5,0,3
191100007,mixed25,15,359.26094611111927,373.2684736762188,-14.007527565099508,-3.89898421098267,20934.570958333956,21135.135525716425,187,217,174,197,6,5,5388.914191666789,5599.027105143282,0.5911388380000062,0.7018371269996351,0.4878593659999999,0.5691563149999999,75.09457804064732,994.2728135251537,0,16,0,8
191100008,mixed25,10,578.2985128422158,565.9793397975321,12.31917304468368,2.130244635099876,20479.9256421108,19838.96698987661,274,275,258,261,3,2,5782.985128422158,5659.793397975322,0.4934231329998511,0.3432450909999716,0.3817656180000002,0.28361894300000046,448.1247712266095,913.7235657485935,0,7,0,3
191100009,mixed25,14,372.5372708233882,383.50601738708144,-10.96874656369323,-2.9443353518561866,20247.608957637178,20595.421217095693,182,197,168,177,6,6,5215.521791527435,5369.08424341914,0.4097348109999075,0.358441600000333,0.33178370999999984,0.30159184199999967,1390.156063840579,1324.013423056983,0,7,0,4
191100010,mixed25,11,517.1554255146216,522.1456579234487,-4.990232408827069,-0.9649386166376006,19948.548403304194,20053.011185789685,273,278,261,258,6,10,5688.709680660837,5743.602237157936,0.7580917939999381,0.7260792239999319,0.594045157,0.5910738000000002,562.7297451251661,562.609577476348,0,10,0,3
191100011,mixed25,11,525.6817261425563,506.0647943404947,19.616931802061572,3.7317127125590432,20147.494937840587,19833.563688727205,281,259,269,244,8,2,5782.498987568119,5566.712737745442,0.5494512119998944,0.6350624589999825,0.4553489240000008,0.5156009450000001,345.9027323451546,343.00537742375036,0,5,0,4
191100012,mixed25,13,425.54712060210966,406.60125727138893,18.945863330720726,4.452118793311088,20540.56283913712,19729.081722640283,226,213,214,198,5,4,5532.112567827426,5285.816344528056,0.585019210000155,0.7376633330000004,0.47771001399999946,0.5959157260000003,379.5794136137001,337.0959228362053,0,11,0,6
191100013,mixed25,12,477.76768018254,476.05124934181345,1.7164308407265594,0.35926055945658675,20371.060810952407,19753.0749605088,266,286,254,269,5,1,5733.21216219048,5712.614992101761,0.5029964049999762,0.6136129769997751,0.4016938999999997,0.4744475779999995,862.6463130503398,444.60686893775073,0,9,0,4
191100014,mixed25,14,392.6099108128511,392.1928044801777,0.417106332673427,0.10623937939056027,20482.69375689958,20463.496313612446,222,221,211,205,3,6,5496.538751379916,5490.699262722488,0.7876691219998975,0.7296414970001024,0.6339098160000001,0.5969602950000006,263.6659880141451,559.5385574374113,0,10,0,4
191100015,mixed25,11,533.6920617761836,541.0473130694853,-7.355251293301762,-1.3781826300400146,21118.063397690086,20932.602218821703,262,288,252,267,10,1,5870.612679538019,5951.520443764339,0.5166709169998285,1.417450660999748,0.4091202770000004,1.1300387020000002,183.56469951452254,481.59345299493725,0,10,0,5
191100016,mixed25,15,373.26692942554877,369.98355419085317,3.2833752346955976,0.8796319673292974,22660.019706916162,21458.76656431399,164,198,151,181,7,4,5599.003941383232,5549.753312862797,0.38126602700003787,0.5522500810002384,0.2995570929999998,0.4502064350000001,1436.5177661815242,1431.0875778603304,0,8,0,5
191100017,mixed25,12,483.21655625132075,479.5844563583103,3.632099893010434,0.7516505479835844,20852.99337507924,21135.06738149862,262,241,249,227,3,12,5798.598675015849,5755.013476299724,0.7622512960001586,0.317984110999987,0.6043012759999993,0.2615292199999999,528.820308836539,161.30158253464197,0,12,0,6
191100018,mixed25,10,601.1160672674305,566.3102397601655,34.80582750726501,5.7902008285165785,20585.803363371528,20310.511988008282,308,261,295,246,3,0,6011.160672674305,5663.102397601655,0.5988579690001643,0.9885893219998252,0.47776828799999915,0.8082963620000001,188.70786170114752,1710.5154383365807,0,8,0,1
191100019,mixed25,15,345.7061567805659,353.93695262102773,-8.230795840461838,-2.3808646965134184,20122.961758542446,20050.271446577077,179,204,167,189,8,5,5185.592351708488,5309.054289315416,0.27693384100030016,0.5553829129999031,0.22485548799999933,0.4263149990000006,348.14359295100894,311.87836346254426,0,10,0,4
191100020,mixed25,15,362.64009368090916,371.4578528227476,-8.81775914183845,-2.431545572453242,19943.007026068193,20424.33896170608,228,237,212,224,8,1,5439.601405213637,5571.867792341214,0.752450385999964,1.026856915999815,0.622503944,0.8251578739999985,163.22127953338259,589.7065320015108,0,13,0,1
191100021,mixed25,14,393.2225544791875,370.70174871207456,22.52080576711296,5.727241611799494,20460.57881354313,19154.122409845222,220,217,207,204,12,0,5505.115762708625,5189.8244819690435,1.3741347649997806,0.726476036999884,1.082270781,0.5688119159999996,585.8654095896973,584.3522708454475,0,12,0,2
191100022,mixed25,16,230.8055881959804,263.1043994565559,-32.29881126057549,-13.993946816032077,14389.447055678436,16398.35195652447,120,142,114,131,7,3,3692.8894111356863,4209.670391304894,0.619105707000017,0.765875677999702,0.5074785360000007,0.6184883750000001,0.0,0.0,0,10,0,3
191100023,mixed25,11,555.6709127190256,498.6213297632963,57.04958295572936,10.266793105396255,21576.90019954641,19529.173136981295,292,256,282,244,0,0,6112.380039909282,5484.834627396259,0.9807937350001339,0.293831064999722,0.7688423889999996,0.23761783299999983,109.77582038993205,156.98312438539415,0,13,0,5
191100024,mixed25,10,552.9860002349562,554.7457467900264,-1.7597465550701372,-0.31822623978228215,19339.30001174782,19367.287339501316,267,272,253,258,8,2,5529.860002349563,5547.4574679002635,0.33826576600040426,0.40556205099983345,0.24901680000000148,0.3241842730000002,476.79174217908076,480.11149003792616,0,6,0,1
191100025,mixed25,10,569.1028359120503,570.6964521006587,-1.5936161886083937,-0.28002253512837694,20180.14179560252,20049.822605032936,269,276,257,258,1,3,5691.0283591205025,5706.964521006586,0.5472075029997541,0.7154558179995547,0.43565927100000046,0.5817671180000001,362.0036045382776,343.45991848716767,0,10,0,4
191100026,mixed25,15,401.3373555853208,401.1710158696156,0.1663397157051918,0.04144635763162485,22275.301668899065,21932.826190221163,245,259,232,240,11,7,6020.060333779812,6017.565238044233,1.1809292889997778,0.9221270329999243,0.9581445019999997,0.7380087179999997,296.66636521224973,0.0,0,12,0,6
191100027,mixed25,13,433.66962356456054,437.6908170913867,-4.021193526826153,-0.9272481419781764,20243.525531696443,20479.903110940137,251,253,239,234,10,10,5637.705106339287,5689.980622188027,0.8914817720001338,0.7762542400000711,0.6816487109999994,0.635528411000001,580.5903571963936,814.6973389473424,0,13,0,1
191100028,mixed25,14,415.3719919927854,394.7559970655148,20.615994927270606,4.963260721639773,21721.039439494994,20502.91979458605,231,226,222,214,8,4,5815.207887898996,5526.583958917207,0.5033991179998338,0.6070593199997347,0.41610521600000006,0.4986997649999996,455.03192171584124,158.08917232867952,0,10,0,1
191100029,mixed25,14,391.18137441982105,374.7677380008576,16.41363641896345,4.195914604397322,20722.696209387475,19493.741660060045,209,211,196,199,7,8,5476.5392418774945,5246.748332012006,0.6177839370002403,0.40583316800029934,0.49766422899999974,0.33066253099999976,0.0,56.38496447640682,0,12,0,4
191100030,mixed25,14,386.89983966512983,382.1065587011999,4.793280963929931,1.2388945335512713,20332.988776559087,20577.459109083997,208,193,195,181,15,6,5416.597755311817,5349.491821816799,0.8401919399998405,0.35201950100008617,0.6570498770000004,0.2666078859999992,296.58718644692453,1276.2687351484506,0,10,0,3
191100031,mixed25,14,418.04779007152985,409.9036167256113,8.144173345918546,1.9481440972394681,22463.345305007097,21903.253170792777,209,215,194,198,17,5,5852.6690610014175,5738.650634158558,1.1429387220000535,1.1429751569999098,0.9161081010000007,0.939044320999999,426.6295339157559,651.9580363949517,0,12,0,5
191100032,mixed25,10,560.6790538539814,560.1856900709479,0.4933637830334874,0.08799397438555845,19673.952692699073,19264.284503547402,271,285,258,268,3,2,5606.7905385398135,5601.856900709479,0.7816503150002063,0.6330969450000339,0.6310767090000002,0.5010330070000002,666.747776897806,178.99780855473,0,9,0,4
191100033,mixed25,14,386.8577085971965,397.62519955268857,-10.767490955492065,-2.783320770455,20180.03960180375,20808.763968688214,218,224,208,212,4,1,5416.007920360751,5566.75279373764,0.4966735519997201,0.6070144780001101,0.39073962599999845,0.47066640400000104,154.7674352558679,0.0,0,14,0,5
191100034,mixed25,10,572.4373020683197,598.5705419365391,-26.133239868219448,-4.565258024554875,19816.865103415992,19993.527096826954,280,323,266,307,15,5,5724.373020683197,5985.705419365391,0.9348139819999233,0.706404198999735,0.7480952959999989,0.557604327,1168.5684751986364,190.67737530059094,0,11,0,1
191100035,mixed25,13,430.1838977630041,408.8638072400959,21.320090522908174,4.956041040535131,20376.95335459526,19426.14747060623,239,225,230,210,9,10,5592.390670919053,5315.229494121247,0.7960935409996637,0.9204431370003476,0.6410421700000004,0.7521713630000004,98.81162938566013,100.44593375700333,0,9,0,3
191100036,mixed25,10,620.1496384414911,557.6426167824739,62.507021659017255,10.079345013584906,21902.481922074578,19197.130839123725,290,279,279,265,14,9,6201.496384414911,5576.4261678247385,1.2858482620003997,0.496597802999986,1.017708808,0.39169456199999964,378.09660622522733,401.6278096128026,0,12,0,3
191100037,mixed25,12,466.89606792588535,475.7910932603636,-8.895025334478248,-1.9051403396890931,19933.76407555313,20402.465595621816,259,263,246,251,5,1,5602.752815110624,5709.493119124363,0.98227292699994,1.099729534999824,0.7701522499999989,0.8848835200000007,378.4429407587313,393.20232022477376,0,10,0,2
191100038,mixed25,12,480.18748570209374,460.57035624338664,19.617129458707097,4.085306269492717,20771.249142125645,19744.221374603196,254,255,242,240,12,1,5762.249828425125,5526.84427492064,0.27857093099964914,0.5142510040000161,0.22621574199999905,0.42263540100000085,826.397077114083,688.7473030959245,0,8,0,2
191100039,mixed25,14,400.75696682821666,401.3871188045876,-0.6301519763709393,-0.15724042961955398,21522.98767797517,21152.09831632114,206,220,194,204,4,5,5610.597535595033,5619.419663264226,1.3287135229998057,0.4017812369997955,1.076164009000001,0.32374715899999984,382.28616837553,0.0,0,9,0,3
191100040,mixed25,13,419.47750259559683,455.33233740275176,-35.85483480715493,-8.547498873073355,20676.037668713798,21821.60193117886,209,247,199,234,3,7,5453.207533742759,5919.320386235773,0.656714754999939,0.9627395839997916,0.5208446430000002,0.751300251,574.3526378697752,129.25346222415465,0,13,0,4
191100041,mixed25,15,373.83061400180856,367.017326631586,6.813287370222554,1.8225600352221538,20847.29605013565,21161.29949736896,227,201,213,184,5,3,5607.459210027128,5505.25989947379,1.2723908550001397,0.524489037999956,1.0014964020000008,0.432673191000001,556.838891025739,395.3905959846361,0,11,0,5
191100042,mixed25,16,306.81120066362774,298.9047178137429,7.906482849884867,2.5769863788490333,18569.89605309022,18427.37742509942,184,170,177,158,6,3,4908.979210618044,4782.475485019886,0.702705717000299,0.6430052770001566,0.5527468199999994,0.5093717530000017,0.0,0.0,0,13,0,2
191100043,mixed25,11,511.6789938360822,525.2318198457689,-13.552826009686669,-2.648696970747322,20322.344660984523,20332.75009151729,249,277,240,259,8,4,5628.4689321969045,5777.550018303457,1.037314755999887,0.7557942100002037,0.8101433959999991,0.6052955099999995,603.4577031138961,0.0,0,8,0,2
191100044,mixed25,15,346.4595627326838,350.62023813843626,-4.160675405752443,-1.200912271820509,19889.467204951292,20161.517860382733,191,192,177,174,4,6,5196.893440990258,5259.303572076544,0.7083052549996864,0.4312839079998412,0.5814206930000001,0.35721756100000057,0.0,1434.4295174476079,0,11,0,4
191100045,mixed25,10,582.333187999678,581.631301274463,0.7018867252149903,0.12053009165182704,20866.659399983917,20366.56506372315,267,284,253,261,4,4,5823.33187999678,5816.31301274463,0.8695026460000008,1.0311699910002972,0.6850914059999997,0.8389120840000004,487.12507141977494,211.03258564381667,0,11,0,2
191100046,mixed25,15,362.79574842873666,361.92875439083707,0.8669940378995875,0.23897579882193876,20784.68113215526,20764.656579312792,196,200,182,183,16,6,5441.93622643105,5428.931315862556,0.8890907459999653,0.8483805770001709,0.6987254659999991,0.6833983559999997,813.0663661479648,937.7098476416531,0,10,0,3
191100047,mixed25,16,288.4950742621311,268.061000357392,20.43407390473908,7.082988836811943,18354.605940970476,15919.880028591358,140,170,132,154,11,7,4615.921188194097,4288.976005718272,0.7068469799996819,1.4244787509996968,0.579844842,1.1400740429999985,0.0,0.0,0,11,0,4
191100048,mixed25,14,399.47589157047884,393.8416607461105,5.634230824368331,1.4104057199092024,20688.312409933525,20063.916252227737,227,238,214,226,12,5,5592.662481986704,5513.783250445547,1.1085014350001074,0.8186801939996258,0.8878450010000023,0.6509826809999986,594.0741356919225,594.1657885685399,0,10,0,1
191100049,mixed25,16,336.0062674830947,277.15135145657746,58.85491602651723,17.51601732532515,21175.50139864759,17222.1081165262,173,152,163,138,11,4,5376.100279729515,4434.421623305239,1.4075531849998697,1.004148813000029,1.1266040589999982,0.7979668279999981,0.0,0.0,0,14,0,5
191100050,mixed25,14,377.4462684971773,364.8765982726968,12.56967022448049,3.3301879694101366,19161.23879480242,19141.36187908878,230,202,220,188,4,4,5284.247758960482,5108.272375817755,0.5016081769999801,0.5186726900001304,0.4111313600000024,0.4281409570000001,98.44065580211009,80.7724957030332,0,8,0,3
191100051,mixed25,15,374.19590828203246,353.37352930898993,20.822378973042532,5.564566183697728,21184.693121152446,20038.014698174247,215,204,199,189,9,3,5612.938624230487,5300.602939634849,1.0014226430002964,0.80565764999983,0.7877010320000011,0.6430344639999994,629.2839688148661,879.4874613476113,0,8,0,3
191100052,mixed25,16,295.5900761095039,291.6137199045993,3.9763562049046186,1.34522655741377,18412.206088760315,18329.097592367943,157,151,146,135,12,10,4729.441217752063,4665.819518473589,0.9241202819998762,0.4702245670000593,0.7530425990000005,0.3675755400000007,0.0,0.0,0,10,0,3
191100053,mixed25,14,376.3443688508583,394.13231166943893,-17.787942818580632,-4.726506968310673,20244.105819560085,20849.261816860733,194,211,180,196,0,9,5268.821163912016,5517.852363372145,0.6944479980002143,0.38424237500021263,0.5574325900000012,0.3029227480000003,2275.3241805335692,1726.9582457706915,0,7,0,3
191100054,mixed25,13,415.5566674416633,430.67460368259475,-15.117936240931442,-3.6379963132353588,19846.18338370812,20793.84923936867,226,229,211,212,9,6,5402.236676741623,5598.769847873732,0.8550614069999938,0.5722059360000458,0.6717749650000009,0.45191068300000126,135.67601901606395,86.47906584947123,0,12,0,2
191100055,mixed25,14,406.9936003655046,393.0234583569487,13.97014200855591,3.4325212966518137,20864.552025585323,20426.6420849864,240,224,231,212,8,5,5697.910405117064,5502.328416997282,1.0260599189996356,0.6898795189999873,0.836256058,0.5444637789999973,150.68333963735677,322.8921688306136,0,13,0,7
191100056,mixed25,10,569.4416088094151,572.3539379975794,-2.9123291881642217,-0.5114359651823275,20237.080440470752,20542.69689987899,265,262,251,249,7,2,5694.416088094151,5723.539379975794,0.46171253700003945,0.228439132999938,0.35971746899999957,0.18931547700000095,1951.010179579614,1322.329411899068,0,4,0,2
191100057,mixed25,14,409.577247824545,436.89255525596576,-27.315307431420763,-6.6691466814880584,20895.407347718156,22777.478867917594,242,247,230,232,15,8,5734.08146954363,6116.4957735835205,1.0993879719999313,0.6532433849997688,0.8812512979999987,0.517939356000003,159.72654504737693,0.0,0,11,0,5
191100058,mixed25,16,275.96630359613977,262.92868549540907,13.037618100730697,4.7243514627823835,17492.304287691175,16774.294839632727,137,119,131,108,7,23,4415.460857538236,4206.858967926545,0.9147387140001229,0.9659956899999997,0.7491997040000022,0.7377698780000017,0.0,0.0,0,11,0,4
191100059,mixed25,12,488.1168079737641,458.0116128764148,30.10519509734928,6.167621070522,21542.008478425832,20180.6967725849,245,233,231,220,11,5,5857.401695685169,5496.139354516978,0.6323206770002798,0.3343333830002848,0.4761823079999985,0.2697832869999992,278.4711792708049,1331.6984427630523,0,11,0,5
191100060,mixed25,12,450.5857286620724,471.4007626755244,-20.815034013451964,-4.619550218613933,19955.14371972435,21239.045760531466,225,227,213,211,6,1,5407.028743944869,5656.8091521062925,0.4256471270000475,0.2820631820000017,0.34154618300000195,0.21945607700000025,824.9520187019953,472.42012028286445,0,7,0,5
191100061,mixed25,16,281.9255927293908,260.7130882078425,21.21250452154834,7.524150012840225,17724.047418351267,16197.047056627398,148,140,140,131,2,7,4510.809483670253,4171.40941132548,0.6952491950000876,0.36091242600014084,0.5487374010000003,0.29607804299999785,0.0,0.0,0,9,0,5
191100062,mixed25,11,518.3193606954778,529.7284397304292,-11.409079034951333,-2.201167832056794,20522.564838251274,20910.06418517361,259,264,244,249,1,7,5701.5129676502565,5827.01283703472,1.4868882490000033,0.28452413100012564,0.5895806450000016,0.22459141399999893,1100.0705189748533,665.0002302423663,0,8,0,3
191100063,mixed25,15,386.6717975698006,393.1309802737316,-6.459182703930992,-1.670456119253183,20805.38481773505,21459.82352052987,257,256,243,244,12,2,5800.07696354701,5896.964704105974,1.1820741269998507,0.9369902739999816,0.9040181970000027,0.6942261250000001,631.7335916454822,367.9139808235941,0,12,0,4
191100064,mixed25,15,360.89603899964044,347.3258446057158,13.570194393924623,3.7601394660743637,20827.20292497305,20354.438345428698,196,179,184,163,3,2,5413.440584994607,5209.887669085737,0.7797452449999582,0.5103985060000014,0.5733128920000006,0.3807258090000012,559.0705959395837,994.4531930667808,0,8,0,3
191100065,mixed25,14,404.7510619764043,406.88955233911963,-2.138490362715345,-0.5283470665334633,20537.574338348313,20497.268663738374,245,254,237,242,9,5,5666.51486766966,5696.453732747675,0.6301048069999524,0.8746966319999956,0.5228646599999998,0.7034616120000017,404.6964081574388,469.72803513963845,0,15,0,4
191100066,mixed25,16,321.82600576529154,290.43710357797636,31.388902187315182,9.753376552859184,19261.08046122331,16639.9682862381,195,206,188,194,18,5,5149.216092244665,4646.993657247622,0.8276144970000132,0.888763630000085,0.6650841700000001,0.7039541689999993,0.0,0.0,0,11,0,4
191100067,mixed25,11,543.1749135498865,512.992220257777,30.182693292109434,5.556717097785735,21904.62024524375,20194.572114177736,258,261,246,244,1,0,5974.924049048751,5642.914422835547,1.7198268539996207,0.5378421580003305,0.6803899580000028,0.42231509600000194,583.605888220578,0.0,0,10,0,3
191100068,mixed25,10,604.4735505569372,608.4060872944004,-3.932536737463238,-0.650572177035702,21628.677527846856,21730.304364720025,274,282,260,266,13,4,6044.7355055693715,6084.060872944005,0.7823853339996276,1.3764622989997406,0.6393547060000024,1.0705743779999999,611.6404759423722,818.820609175611,0,7,0,3
191100069,mixed25,12,466.28112168296303,474.11832076908905,-7.83719908612602,-1.6807884174763421,21021.86730097778,20852.099246145353,224,241,205,230,2,8,5595.373460195557,5689.419849229069,0.9084468589999233,0.3707804559999204,0.7452367449999997,0.29379684200000256,1333.8401696013398,451.2554079862239,0,7,0,3
191100070,mixed25,10,594.1272180082872,587.3427076259106,6.7845103823765385,1.141928896158051,20606.36090041436,20262.135381295542,292,295,280,278,10,6,5941.272180082871,5873.427076259107,0.9502037170000222,0.8781139669999902,0.7748576009999972,0.6938591270000032,165.4752009051599,963.4278932315055,0,14,0,2
191100071,mixed25,12,443.226060030686,464.96499934286516,-21.738939312179127,-4.904706936833558,19458.563601841157,20282.899960571904,229,243,216,227,2,7,5318.712720368232,5579.579992114382,0.5388474770002176,1.7575493900003494,0.44083712300000144,0.7111459549999992,116.71367903588725,603.5124131002112,0,11,0,5
191100072,mixed25,15,342.1498586088885,348.81938189851155,-6.669523289623044,-1.949298858909354,19326.239395666642,19526.45364238837,193,203,182,186,15,17,5132.247879133328,5232.290728477673,0.350644389000081,0.9644640060000711,0.28670132200000253,0.7549090929999984,656.2737054676427,656.663430104335,0,12,0,8
191100073,mixed25,12,476.3432994479901,472.02412550867854,4.319173939311554,0.9067355296729973,20610.5979668794,20696.44753052072,256,242,242,228,4,9,5716.119593375881,5664.289506104143,0.8105068710001433,0.7677386599998499,0.6395736769999978,0.6218570680000006,138.26227612296407,178.18682053656903,0,8,0,4
191100074,mixed25,13,422.6230519466325,422.97660086088587,-0.35354891425339474,-0.08365585185781121,20690.4983765311,20823.479055957585,211,212,197,194,13,5,5494.099675306222,5498.695811191516,0.6032471850003276,0.9854668919997494,0.4875557189999995,0.768439292,753.3509632565765,751.3533539991495,0,10,0,2
191100075,mixed25,14,385.44128073611125,370.70994227519986,14.731338460911388,3.821941031530829,20055.889651527785,19384.695959263994,216,209,202,195,11,1,5396.177930305557,5189.939191852798,0.6518695820000175,0.7147481030001472,0.5443892820000009,0.5572910720000017,860.5708607148363,158.97648721381574,0,10,0,3
191100076,mixed25,12,466.07290582747856,453.0538884590494,13.01901736842916,2.793343531805359,20239.374349648704,19673.233307542963,244,242,232,226,11,2,5592.874869929743,5436.646661508593,0.7402123110000502,1.280704974999935,0.6146555410000012,0.7631489219999992,0.0,415.35255336072623,0,10,0,1
191100077,mixed25,14,404.4148277355209,378.1213300091485,26.29349772637238,6.501615648862358,22279.037941486462,19443.49310064041,190,223,174,205,4,5,5661.807588297293,5293.698620128079,0.6704066679999414,0.5155818859998362,0.529337881,0.41185259499999916,1223.4301281054168,358.210298718629,0,7,0,1
191100078,mixed25,15,384.8319119520809,397.0955202367551,-12.263608284674206,-3.186744109257056,21917.39339640607,22442.16401775661,217,231,205,214,8,8,5772.478679281213,5956.432803551326,1.0722228630002064,1.104063306000171,0.8495322200000004,0.8743803820000018,0.0,367.50154828462655,0,12,0,5
191100079,mixed25,14,385.52940462304116,400.70893459768695,-15.179529974645789,-3.9373209391091457,20737.058323612877,21464.625421838093,196,208,185,195,5,4,5397.4116647225765,5609.925084367617,0.5666845010000543,0.3969258259999151,0.4607940290000023,0.30159889000000106,581.2362627688981,95.99773885988725,0,14,0,6
191100080,mixed25,14,405.9033599167761,398.08683826657455,7.816521650201537,1.9257100142763495,21388.235194174333,20731.078678660226,221,223,206,209,8,11,5682.647038834865,5573.215735732044,1.3835068610001144,0.794580064999991,1.0908317959999998,0.6277468179999985,546.1567295117238,547.3202274783607,0,10,0,4
191100081,mixed25,11,515.1262497300444,553.8224705480806,-38.69622081803618,-7.511987758013738,19531.943735152432,21050.235880144446,283,304,272,289,6,6,5666.388747030488,6092.047176028886,0.4884338890001345,0.6574039460001586,0.39731186899999926,0.5114132950000005,666.2798411986987,228.48464262370817,0,10,0,4
191100082,mixed25,13,425.1967430943184,416.91291066599945,8.28383242831893,1.9482351553387622,20347.7883011307,20019.339193289976,233,226,219,212,3,3,5527.557660226139,5419.867838657993,0.4011429449997195,0.3431939090000924,0.32380960200000075,0.28326554799999926,398.0722166861042,673.1264963560316,0,12,0,3
191100083,mixed25,11,524.9038379767197,530.8803424419247,-5.9765044652049255,-1.1385903536620834,19929.711088719592,20313.418834305856,290,289,280,271,1,2,5773.942217743917,5839.6837668611715,0.3877817510001478,1.4173987679996571,0.31053538500000144,1.125814516000002,87.97428010224394,391.02529020815564,0,12,0,10
191100084,mixed25,11,512.1101575499114,487.25697941167016,24.85317813824122,4.853092205229103,20096.05866524512,19299.133867641867,259,243,246,227,6,1,5633.211733049025,5359.826773528372,0.3044845300000816,0.23831547399959163,0.24822198600000078,0.19555603599999927,351.8068212029211,482.38460871519965,0,7,0,4
191100085,mixed25,14,386.8486699194658,390.046321930678,-3.197652011212199,-0.8265898941510974,20569.406894362604,20333.242535147467,206,219,196,205,2,8,5415.881378872521,5460.648507029492,0.5634081389998755,0.3715381699998943,0.44769504799999993,0.3111586939999995,144.09680665846645,407.60860277912707,0,10,0,5
191100086,mixed25,11,532.0358046215774,520.9417942353907,11.09401038618671,2.085199960193951,20501.969254186763,20586.798682946486,281,261,265,247,9,2,5852.393850837352,5730.359736589298,0.8731909190000806,0.932377482999982,0.6892196370000008,0.7531668489999994,688.3310242745556,441.5053215598509,0,12,0,4
191100087,mixed25,16,319.1877652530832,255.26075854487715,63.92700670820608,20.028025403015835,19975.021220246643,16130.860683590168,169,127,157,119,10,8,5107.004244049332,4084.1721367180344,1.0667393200001243,0.6425532329999442,0.8687250860000013,0.5307192769999993,0.0,0.0,0,12,0,3
191100088,mixed25,14,399.66245225121236,382.5871242944906,17.075327956721765,4.27243736821914,20891.371657584867,20316.098700614344,225,206,216,193,2,0,5595.274331516973,5356.219740122869,0.23611184699984733,0.4409963630000675,0.19298502799999895,0.3425003639999993,76.54217681965292,131.93850694517278,0,11,0,4
191100089,mixed25,10,558.8871169440827,548.8172182317105,10.06989871237215,1.8017768538722057,19569.355847204148,19225.86091158553,267,267,254,252,12,2,5588.871169440827,5488.172182317106,0.5038022050002837,0.5143839160000425,0.3974338320000008,0.4237644149999973,368.63328351358996,460.4041363499018,0,9,0,3
191100090,mixed25,13,428.19006169839827,438.79992098379074,-10.609859285392474,-2.477838753031514,20312.35401039589,20481.994863946416,241,257,228,246,2,4,5566.470802079178,5704.3989727892795,0.31061986600025193,0.6412458140002855,0.24300184999999885,0.4989849909999968,202.0910087166685,395.92692332422394,0,13,0,0
191100091,mixed25,13,431.9289790918332,425.7800228896837,6.1489562021494635,1.4236035320154161,20365.38364096916,20585.701487829443,247,226,236,208,2,5,5615.0767281938315,5535.140297565888,0.6008418940000411,0.7458462320000763,0.4893174149999986,0.5963926019999981,604.3900728882563,351.5148756481958,0,12,0,2
191100092,mixed25,15,352.9402502583603,360.7089084350036,-7.768658176643271,-2.2011255930590057,20760.518769377035,21258.16813262528,178,177,165,163,4,12,5294.103753875404,5410.633626525054,0.3540136840001651,0.9435821430001852,0.27690185299999825,0.7340679449999996,841.2197340811599,385.94185302649475,0,7,0,5
191100093,mixed25,14,396.65239500347565,417.7460311050696,-21.093636101593972,-5.317914720118888,21085.66765024332,21892.22217735488,207,232,198,216,11,8,5553.133530048659,5848.444435470975,0.5548787849998007,1.1468771529998776,0.44995222900000087,0.9160202159999997,266.72583687216684,59.81762752582108,0,14,0,5
191100094,mixed25,15,384.2964914316219,394.49016644421596,-10.193675012594042,-2.6525547955484896,21417.23685737163,22646.762483316208,226,215,216,202,20,12,5764.447371474329,5917.352496663239,1.143643941999926,0.5567634320000252,0.9321264320000004,0.4286366629999989,152.66037607284943,109.6053588558434,0,15,0,6
191100095,mixed25,10,546.7594349154359,542.8088282668143,3.9506066486216014,0.7225493327303267,18942.971745771814,19005.441413340715,271,263,256,247,6,5,5467.594349154359,5428.088282668144,0.8869120750000548,0.3344751460003863,0.7031943659999982,0.2823579719999998,1400.8494607298294,139.42592699860597,0,7,0,5
191100096,mixed25,16,256.79758119984916,334.2714149012455,-77.47383370139636,-30.169222521260195,16108.806495987927,20736.71319209964,133,188,127,178,5,1,4108.761299197587,5348.342638419928,0.7610698870003034,0.43818186399994374,0.6149915779999979,0.36446356900000154,0.0,0.0,0,10,0,5
191100097,mixed25,14,394.66741951751646,385.57600545390375,9.091414063612717,2.303563358416316,20711.719366226163,20320.32038177326,221,210,205,193,1,7,5525.3438732452305,5398.064076354653,1.1312009680000301,0.407946321000054,0.9062510469999978,0.32988036399999743,358.7688864701786,369.68101263753397,0,10,0,5
191100098,mixed25,15,366.1291282471273,346.35311090801576,19.776017339111547,5.401377769037619,20614.68461853455,20171.483318101193,216,183,202,171,4,0,5491.9369237069095,5195.296663620236,0.8742788519998612,0.9098338349999722,0.7032429980000003,0.7383840480000003,813.638130992168,371.7232546478908,0,11,0,2
191100099,mixed25,16,319.02736783165955,341.8486581346366,-22.821290302977047,-7.153395791115669,19177.18942653277,21067.892650770926,197,193,186,175,6,12,5104.437885306553,5469.5785301541855,0.7611962579999272,1.1760640100001183,0.5984108819999996,0.9283005300000013,0.0,0.0,0,14,0,4
191200000,mixed50,11,526.7768639274819,550.4272574952828,-23.650393567800847,-4.489641665632571,20502.727516011502,21148.49916224055,271,296,257,278,9,4,5794.545503202301,6054.69983244811,0.9657574369998656,1.0075884780003435,0.7441762199999999,0.8259487110000023,437.52719620054904,0.0,0,11,0,2
191200001,mixed50,16,341.25814317362597,306.1568255727725,35.10131760085346,10.285854946762264,21245.65145389008,18717.546045821808,186,174,177,163,8,14,5460.1302907780155,4898.50920916436,1.2958220790001178,1.127023795000241,1.0456916320000005,0.9099549180000004,0.0,0.0,0,11,0,6
191200002,mixed50,14,417.63539809466,406.53604847957604,11.099349615083952,2.657664955059247,21414.477866626192,21127.52339357033,247,235,235,221,8,0,5846.89557332524,5691.5046787140645,1.01628003299993,0.45951950799963015,0.8079914199999969,0.38175935099999947,187.99055379167658,0.0,0,15,0,2
191200003,mixed50,11,540.0760499027809,525.7962968524233,14.279753050357613,2.6440263464614144,20684.182744652957,20523.79632688328,289,268,277,251,9,11,5940.83654893059,5783.759265376656,0.6670138849999603,0.5641675279998708,0.5174230289999997,0.45947399599999983,439.1875596934324,235.95800794074694,0,7,0,4
191200004,mixed50,11,534.3947657129304,526.0266205072519,8.368145205678502,1.5659107728187904,20896.712114211186,20471.464127898864,271,273,259,254,10,6,5878.342422842235,5786.292825579771,1.0643359060004514,0.5946461209996414,0.8371514749999989,0.48329406999999946,855.5821264301194,1444.9972648159082,0,14,0,4
191200005,mixed50,13,463.0150681241554,454.6412790486083,8.373789075547108,1.8085348948733815,21205.979428070088,20166.68313815955,286,302,271,290,4,4,6019.19588561402,5910.3366276319075,1.2090631140004007,0.6996478830001251,0.9851611670000011,0.5563511309999996,379.5585882431733,142.20901604655865,0,15,0,1
191200006,mixed50,13,447.5710465639021,466.5137251718516,-18.942678607949517,-4.2323288678694615,21302.118026653632,20998.392136170343,248,299,238,281,5,8,5818.423605330727,6064.678427234071,0.8029667030000383,1.0161057669997717,0.6476240539999978,0.8187966710000012,0.0,397.47621258041363,0,10,0,3
191200007,mixed50,13,434.59627341261245,438.6654217418132,-4.069148329200743,-0.9363053891944917,20873.75777181983,20913.25241321785,235,243,220,222,5,6,5649.751554363962,5702.650482643571,0.7008617910000794,1.150507302999813,0.5446297019999982,0.9075334070000025,478.31232967670894,1074.8910698650034,0,13,0,7
191200008,mixed50,13,434.3239846675519,446.36510412667326,-12.041119459121376,-2.7723818817738444,20366.05900339087,20748.731768233763,248,264,235,247,11,7,5646.211800678175,5802.746353646752,1.2734609009999076,1.5136514720002197,1.0131200200000023,1.2030512920000014,380.8127533102588,181.2359898410532,0,13,0,5
191200009,mixed50,13,431.29706291947883,469.9424950650399,-38.645432145561074,-8.960281779794087,20004.30908976615,22301.26217922759,251,262,241,244,15,10,5606.861817953225,6109.252435845518,0.7648298280000745,1.2505861260001438,0.6190661719999966,0.9881376649999964,67.71816061370737,190.20580497345964,0,14,0,5
191200010,mixed50,15,370.3485715313231,401.8246592567517,-31.476087725428613,-8.499043912949578,20956.142864849244,22926.849444256382,211,227,201,205,11,9,5555.228572969847,6027.369888851275,1.2313675969999167,1.6632005649998973,0.9819823529999994,1.3153008910000032,0.0,219.59158217409367,0,12,0,4
191200011,mixed50,10,570.0006000790937,571.1971980407773,-1.1965979616835511,-0.20992924595473195,19935.030003954675,19949.85990203886,275,280,264,266,8,2,5700.006000790937,5711.971980407772,0.2258502640002007,0.5915787620001538,0.1914136130000017,0.46317252999999425,948.1283406173652,948.1283406173652,0,10,0,2
191200012,mixed50,15,360.9035552571843,365.52695488388525,-4.623399626700973,-1.2810623667606436,20852.766644288833,20849.521616291393,193,208,179,192,8,2,5413.553328857764,5482.904323258279,0.42232885200019155,0.6543042220000643,0.35326633999999757,0.5085384489999996,612.3969195944737,612.3969195944737,0,10,0,2
191200013,mixed50,12,477.147752386626,459.578574301008,17.569178085617978,3.6821252950976713,20718.86514319755,19884.7144580605,253,248,242,235,5,1,5725.773028639512,5514.942891612096,0.6423529700000472,0.3848885610000252,0.5266156039999998,0.2995053720000058,156.1713317685726,394.37619889435155,0,11,0,6
191200014,mixed50,12,455.05539305629173,454.75493380976354,0.30045924652819167,0.06602696091793092,19653.323583377507,19410.296028585817,243,253,231,235,8,5,5460.664716675501,5457.0592057171625,0.6071036979997189,0.8263139410000804,0.48248460599999987,0.6526139520000029,180.36687584323408,184.7471060208827,0,14,0,5
191200015,mixed50,14,398.4782994713513,400.5101634613002,-2.0318639899488744,-0.5099058073286589,20418.4809629946,20935.711442291005,235,222,220,204,10,12,5578.696192598918,5607.1422884582025,0.5579799500001172,0.8351639620000242,0.43437557300000407,0.6842785109999951,151.8224772018657,1361.461021667028,0,13,0,6
191200016,mixed50,14,432.68045031452704,429.9935645710363,2.686885743490734,0.620986166936266,22702.631522016894,21769.54951997254,237,265,223,250,13,7,6057.526304403378,6019.909903994509,1.8017944440002793,0.9563290099999904,1.4464897360000037,0.7682226909999983,160.2565227371424,160.24977870202474,0,14,0,3
191200017,mixed50,15,365.0470505188402,375.3012986506488,-10.254248131808595,-2.80902095147304,21313.528788913,22162.59739879867,188,183,177,168,7,13,5475.705757782603,5629.519479759731,0.4635904829997344,0.6190825999997287,0.3609917500000037,0.48665342999999694,150.5298889018577,605.1069991674722,0,12,0,6
191200018,mixed50,10,572.6486227224771,533.6386572594304,39.00996546304668,6.812199299037191,20362.431136123836,18566.93286297152,262,259,252,242,14,12,5726.48622722477,5336.386572594303,0.7382055180000862,0.664727564000259,0.5937272739999955,0.5267341889999955,1213.8072832458756,837.2539271918704,0,6,0,1
191200019,mixed50,11,545.2520892836293,522.2563795461797,22.9957097374496,4.217445506290884,21813.864910599626,20079.100875039883,253,277,240,259,25,10,5997.772982119923,5744.820175007977,0.6685371139997187,0.37809460200014655,0.5484856610000008,0.2969535199999953,900.6618286041603,582.5129372693336,0,9,0,4
191200020,mixed50,13,432.50519891580154,425.52275944820457,6.982439467596976,1.6144174648305865,20462.837929527104,20023.97936413331,242,244,231,230,8,4,5622.56758590542,5531.795872826659,0.727120924999781,0.6910628509999697,0.5777434869999993,0.5691827109999963,190.95975629491386,191.89117020671074,0,10,0,3
191200021,mixed50,14,433.8173118902767,401.013030913614,32.80428097666271,7.561773142183814,22557.211832319386,20885.91216395299,242,229,228,210,18,4,6073.442366463873,5614.182432790596,1.7439838059999602,0.3861237239998445,1.3615128830000032,0.31707816699999825,369.1764272616829,118.72205265294815,0,11,0,4
191200022,mixed50,13,459.45160980993904,440.9275049474055,18.524104862533534,4.031785821840172,22244.35463764604,21175.287821581354,238,234,227,220,14,14,5972.870927529208,5732.057564316272,0.975530434999655,0.33429428599993116,0.7629396030000066,0.274146015999996,434.86114758770873,938.0831154330008,0,10,0,3
191200023,mixed50,11,548.5883793737871,552.1184385083235,-3.5300591345363728,-0.6434804795839799,22277.360865558276,22131.5141179578,254,265,239,243,5,8,6034.472173111658,6073.302823591558,0.9094547800000328,0.8137075029999323,0.7135665509999995,0.6720292289999961,389.68652587575343,931.4127920198225,0,10,0,4
191200024,mixed50,13,430.46275357384155,424.34320195965785,6.119551614183706,1.4216216300660611,20945.07898229971,20437.308127377775,224,224,213,211,3,11,5596.01579645994,5516.461625475552,0.8779246610001792,0.32346112100003666,0.7104224899999991,0.2596562800000015,434.5388032473593,311.64125141961813,0,4,0,6
191200025,mixed50,14,402.2405392507976,406.19906776671485,-3.958528515917237,-0.9841197317630668,20846.837747555845,20963.934743670052,230,236,221,220,7,8,5631.3675495111665,5686.786948734008,1.1173954060000142,0.4117521680000209,0.8779778349999958,0.33473413499999793,528.2304401574211,527.5065653087486,0,12,0,5
191200026,mixed50,13,448.4678700524077,449.70300795782464,-1.2351379054169342,-0.2754127971916098,20725.411553406495,20340.6955172586,268,286,259,265,7,6,5830.0823106813,5846.13910345172,0.9831899559999329,1.217060986999968,0.7736186119999999,0.9686382840000007,151.20158896061093,402.74552713758567,0,9,0,4
191200027,mixed50,16,252.35482229524078,240.6437469083435,11.711075386897278,4.640717890936907,16138.385783619256,15271.499752667489,111,117,109,110,22,7,4037.6771567238525,3850.299950533496,0.7988574909995805,0.48035395299984884,0.657361145000003,0.3863473139999982,0.0,0.0,0,10,0,3
191200028,mixed50,13,445.2515982493821,442.6847261949125,2.5668720544695702,0.5764992342670694,21456.353886209847,21069.507202669312,231,243,220,228,19,11,5788.270777241967,5754.901440533863,0.7704160479997881,0.7284859960000176,0.6251645589999981,0.5711713769999989,428.22597749969736,429.63450310017924,0,11,0,1
191200029,mixed50,10,562.0990147813221,579.0375839915442,-16.938569210222113,-3.013449368313137,19684.950739066113,19641.8791995772,274,296,261,281,1,17,5620.9901478132215,5790.375839915442,0.5111756329997661,0.4950341399999161,0.4099243240000021,0.4001739909999955,376.3634325506655,94.31017153177527,0,11,0,4
191200030,mixed50,10,617.1135543208119,614.7298906957661,2.383663625045756,0.38626013127668335,20975.677716040605,20771.4945347883,319,322,307,306,8,9,6171.135543208119,6147.2989069576615,0.8848510130001159,0.7487921229999301,0.6925595989999991,0.6079202760000015,198.91339663537929,433.44635104702957,0,12,0,3
191200031,mixed50,14,424.49386590160213,428.21525347739464,-3.7213875757925052,-0.8766646292729163,22624.570613112144,22370.067743417625,214,242,206,223,24,6,5942.91412262243,5995.013548683525,0.995245528000396,1.301243274999706,0.777986906999999,1.0579319029999965,318.5316229358259,148.03576784694724,0,16,0,8
191200032,mixed50,13,425.77924065220265,422.3672461957888,3.4119944564138223,0.8013529384822471,20100.65064239317,19593.87100272627,236,246,225,238,15,13,5535.130128478634,5490.774200545255,0.7022332639999149,0.5878925489996618,0.5611526180000013,0.471534050999999,353.05317938149346,343.39010513740686,0,14,0,6
191200033,mixed50,15,367.5357310465125,356.8031184728794,10.732612573633105,2.9201548766628282,21310.179828488428,20715.233885465965,196,186,181,168,5,12,5513.035965697688,5352.046777093191,0.7737991829999373,0.6907426980001219,0.618570701000003,0.5538778439999987,129.55610084121872,130.79909666420735,0,10,0,4
191200034,mixed50,10,599.6184323141636,567.429565378218,32.18886693594561,5.368225058011655,20125.921615708176,19816.4782689109,318,278,307,265,8,2,5996.184323141636,5674.295653782179,0.4166989229997853,0.46048936399984086,0.31912935399999753,0.38707796599999966,136.17807317905954,690.4566958860432,0,10,0,6
191200035,mixed50,10,613.2632450518354,589.0935184975745,24.169726554260933,3.9411666603658912,21048.162252591803,20369.675924878717,304,295,290,277,21,5,6132.632450518354,5890.935184975745,1.0729338279998046,0.9055024770000273,0.8382831130000028,0.7231617679999971,485.4399576003052,831.8140186510909,0,6,0,2
191200036,mixed50,14,423.4754078230425,422.8977574954324,0.5776503276100584,0.1364070538545703,21028.278547612957,21782.843024680253,271,246,262,228,12,12,5928.655709522594,5920.568604936054,0.4300900569996884,1.2218031279999195,0.34851375200000234,0.9746224549999951,86.23000615714136,185.16228813490034,0,12,0,8
191200037,mixed50,12,505.76584192413634,479.604530700098,26.161311224038343,5.172613303522078,21290.95051544819,20676.27184200588,290,260,277,242,8,6,6069.190103089636,5755.254368401176,1.2797133590001977,0.8624340470000789,1.0096437690000002,0.6984195209999982,398.3577261049786,0.0,0,8,0,3
191200038,mixed50,10,604.8210013412879,586.8119777574519,18.009023583835983,2.9775790761064957,20991.050067064392,21175.59888787261,295,264,280,245,15,6,6048.210013412879,5868.1197775745195,1.3139956509999138,0.9177499530001114,1.0681695970000007,0.7427945860000023,0.0,377.87470715972086,0,6,0,4
191200039,mixed50,15,379.97448252281504,377.34798535316713,2.626497169647905,0.6912298826514451,21663.086189211128,22076.09890148753,208,197,195,176,19,3,5699.617237842225,5660.219780297507,1.5650513330001559,1.2380713640000067,1.2485069019999955,0.982436296000003,131.69752150951626,95.57811273842344,0,15,0,7
191200040,mixed50,12,479.70646070693005,488.6994138880954,-8.992953181165376,-1.8746783539068224,20347.387642415804,20836.96483328572,264,272,253,253,18,8,5756.47752848316,5864.392966657145,1.0099398760003169,0.897074586999679,0.8081473639999999,0.7214222009999958,164.87871683337107,165.18675309737955,0,15,0,2
191200041,mixed50,15,360.0375427079678,367.14151423473345,-7.103971526765633,-1.9731196567263964,19842.815703097578,20055.613567605003,224,237,213,224,8,4,5400.563140619517,5507.122713521002,0.7518204829998467,0.8846797549999792,0.5928609450000053,0.7083994050000015,354.4075670850116,354.66795610558347,0,11,0,2
191200042,mixed50,12,515.8786260391092,500.4854192709526,15.393206768156631,2.983881477382566,22337.717562346537,21089.125156257145,275,287,264,269,8,8,6190.54351246931,6005.825031251431,1.3689648250001483,1.5574917140002071,1.0780516169999999,1.236083218999994,0.0,320.50643533688435,0,15,0,5
191200043,mixed50,16,289.9824363013379,271.3088524424276,18.673583858910263,6.439556856300577,17578.594904107034,15914.708195394202,172,176,160,162,8,12,4639.718980821406,4340.941639078842,1.31416230800005,1.0556799239998327,1.0538225279999978,0.8779473330000016,0.0,0.0,0,12,0,0
191200044,mixed50,16,308.1951641621548,347.0321515373728,-38.83698737521797,-12.601426593048082,18625.613132972394,21077.572122989823,180,208,172,190,18,9,4931.122626594477,5552.5144245979645,1.1188885560000017,1.3225337399999262,0.8962149039999971,1.0687907719999998,0.0,0.0,0,16,0,6
191200045,mixed50,15,382.7085066354354,377.72185483107177,4.986651804363646,1.3029895384880752,21363.137997657665,21574.13911233039,230,214,216,197,9,3,5740.627599531531,5665.827822466076,1.055245474000003,1.1563232639996386,0.8244472790000046,0.9193175999999994,981.6363932917047,1061.60243409562,0,15,0,4
191200046,mixed50,10,594.075143899467,577.7254257307748,16.34971816869222,2.7521296483427715,20118.757194973346,20346.271286538744,313,276,299,260,1,6,5940.75143899467,5777.254257307748,0.5380095100003928,0.30576330800022333,0.4267546330000016,0.23790092899999848,394.9937756594336,873.0740124175436,0,10,0,5
191200047,mixed50,15,363.7139086179541,358.39010505267294,5.323803565281139,1.4637338411144674,21363.543146346554,20189.257878950466,185,212,171,197,4,2,5455.708629269311,5375.851575790094,0.5617540560001544,0.9013779900001282,0.4371306159999975,0.7144439190000043,618.3749647925933,625.5370271702523,0,15,0,3
191200048,mixed50,14,409.3774929801522,404.50512776172826,4.872365218423965,1.190188835970074,21061.42450861065,20525.358943320978,237,249,225,228,13,5,5731.2849017221315,5663.071788664196,1.3400177609996717,1.1759826970001086,1.062813185000003,0.943813415000001,296.29626925386765,345.56993513733687,0,15,0,5
191200049,mixed50,16,336.02228550060056,313.3670415792925,22.655243921308056,6.742184937989048,20721.78284004804,19324.3633263434,191,178,179,161,6,6,5376.356568009609,5013.87266526868,0.9035728409999138,0.7738974839999173,0.7194276570000042,0.6238798119999984,0.0,0.0,0,12,0,6
191200050,mixed50,14,398.7281835986581,423.9885133585899,-25.26032975993178,-6.335225549382706,21160.972851906077,21154.195935101307,210,267,197,249,11,17,5582.194570381213,5935.839187020259,0.6924709150002855,0.9984665309998491,0.5597154439999983,0.7963979350000017,301.9167928524557,0.0,0,14,0,5
191200051,mixed50,16,299.9071915028821,301.7996571827105,-1.8924656798284332,-0.6310171057736236,18337.57532023058,18778.97257461684,170,166,159,151,14,4,4798.515064046113,4828.794514923368,1.2986718070001189,1.490402308999819,1.0543932649999945,1.188976728,0.0,0.0,0,14,0,5
191200052,mixed50,12,462.11950439352836,461.2226478251191,0.8968565684092482,0.1940745975624325,20352.170263611697,20558.358869507145,234,228,224,211,7,4,5545.43405272234,5534.671773901429,0.6309206279997852,0.59106549299986,0.4984798170000033,0.4715696909999991,0.0,262.2799734154278,0,12,0,5
191200053,mixed50,16,301.62605037260903,360.6014087846875,-58.97535841207849,-19.552475105921463,18900.08402980872,21738.112702775023,158,219,146,202,10,15,4826.0168059617445,5769.622540555,1.521247891999792,1.8663885959999789,1.2043968099999987,1.5090454690000001,0.0,0.0,0,14,0,4
191200054,mixed50,14,415.7822984475105,436.7797145825255,-20.997416135014987,-5.050098624548771,21979.76089132572,22169.5800207768,223,267,210,252,10,8,5820.952178265147,6114.916004155357,1.110955820000072,0.9646693319996302,0.9047117310000061,0.7773696160000014,0.0,0.0,0,16,0,4
191200055,mixed50,12,488.2571285940128,476.0902314364667,12.166897157546089,2.491903639498705,21400.427715640773,20530.413886188002,251,260,240,244,8,1,5859.085543128153,5713.082777237601,1.0682101940001303,0.7974619540000276,0.8543037060000032,0.6344169520000023,377.266789484901,224.62244393341825,0,11,0,4
191200056,mixed50,12,474.8642698327183,469.70114871080597,5.163121121912354,1.087283556568952,21086.856189963106,20482.068922648377,234,246,221,226,10,8,5698.37123799262,5636.413784529672,0.9896691649996683,0.4404582979996121,0.7772226859999947,0.35512858799999947,130.60303508847937,641.148143235886,0,12,0,2
191200057,mixed50,12,483.32385159908034,472.7530989628895,10.570752636190832,2.187095174636511,20594.431095944823,20440.185937773374,265,253,251,239,15,7,5799.886219188964,5673.037187554674,0.8397824389999187,0.45414222299996254,0.6887352169999943,0.35634902999999696,588.6044898062464,185.23589395736144,0,11,0,2
191200058,mixed50,11,548.4902376222153,541.1361864084356,7.354051213779712,1.3407806938662392,21571.963069221845,21327.490252463962,277,270,267,252,4,10,6033.3926138443685,5952.498050492792,0.733614640000269,0.5945352740000089,0.5958723930000005,0.4785737759999975,668.767101370584,973.7906193126673,0,6,0,2
191200059,mixed50,12,456.7999138237437,460.4769301759213,-3.6770163521776453,-0.8049511921747854,19667.994829424628,19698.615810555293,245,255,233,242,10,3,5481.598965884924,5525.723162111056,0.5012768400001733,0.7066852000002655,0.3872243590000011,0.562246542000004,841.0003236630373,840.5972231987944,0,9,0,2
191200060,mixed50,10,596.6298152813005,570.0824884577199,26.547326823580534,4.44954746538504,20676.490764065038,19779.124422886005,293,283,277,265,13,5,5966.298152813005,5700.8248845772,0.7758729440001844,0.8572859099999732,0.6218099720000012,0.6813431059999999,232.40341615626858,185.90094952241088,0,12,0,5
191200061,mixed50,12,485.51622596252537,445.70066397062527,39.8155619919001,8.200665572600919,21015.973557751513,19337.039838237513,259,238,247,222,7,3,5826.194711550304,5348.407967647503,0.5975537389999772,0.6157111799998347,0.48955390700000123,0.49222786300000365,228.79699590351265,189.50043975445806,0,9,0,5
191200062,mixed50,15,386.49971101015257,369.0944386143803,17.405272395772272,4.503307997380379,21277.478325761444,20577.082896078522,241,224,232,202,10,8,5797.495665152289,5536.416579215705,1.038228203000017,0.779051322000214,0.8302750110000048,0.6081885159999985,360.57865417258927,485.2106024018367,0,13,0,7
191200063,mixed50,16,298.6128464052906,291.98164688865216,6.631199516638446,2.2206678635782073,17379.027712423267,17568.531751092178,195,171,184,160,21,21,4777.80554248465,4671.706350218435,1.1127591069998743,1.2990849910001998,0.9097850309999984,1.0510957269999963,0.0,0.0,0,14,0,5
191200064,mixed50,13,447.16021863561764,439.5170636142367,7.643155021380949,1.7092654272112706,21380.414211315154,21048.609134925395,243,234,230,218,9,17,5813.082842263029,5713.721826985077,0.5130764139998973,0.6033802100000685,0.41032405700000396,0.47130220599999717,0.0,587.3929449367215,0,11,0,2
191200065,mixed50,12,462.92971494757126,500.67043858962955,-37.7407236420583,-8.152581790160651,19780.782896854267,22005.226315377797,256,252,241,239,6,16,5555.156579370855,6008.045263075554,1.2083221689999846,1.3528599670003132,0.9599723640000022,1.1000289130000027,840.1206454009834,209.29518236082913,0,10,0,3
191200066,mixed50,12,474.2773685393941,459.13656867336294,15.14079986603116,3.192393495953527,20951.642112363632,20238.194120401786,236,233,222,216,13,7,5691.3284224727295,5509.638824080355,0.6174081109998042,0.8026888150002378,0.4974639449999998,0.6438674209999959,699.5991080644035,428.241655307108,0,8,0,2
191200067,mixed50,10,608.1719674169045,610.8177862204915,-2.6458188035869625,-0.43504451788933807,21248.59837084523,21620.88931102459,294,290,279,275,11,3,6081.719674169045,6108.177862204915,0.7091115790003641,0.2987793990000682,0.5484455480000037,0.23862947099999587,461.4964932475059,1489.0193868772976,0,9,0,1
191200068,mixed50,15,355.56276448501865,353.8035150871714,1.7592493978472703,0.4947788614466653,20607.207336376396,20350.26363153786,189,194,177,177,5,5,5333.44146727528,5307.052726307571,0.8619610480000119,0.7014682259996334,0.6736466050000018,0.5548121399999957,355.4712267399591,926.0835920620239,0,7,0,2
191200069,mixed50,14,373.68133288408154,414.3782933067503,-40.69696042266878,-10.890819755048685,19667.6933018857,22451.48053147252,202,207,191,185,9,7,5231.538660377141,5801.296106294504,0.6985723459997644,1.5224878340000032,0.5575618159999962,1.239967870000001,142.03302367033848,374.98684156812124,0,12,0,6
191200070,mixed50,15,379.6228135103813,361.2534981485907,18.369315361790598,4.838833365131324,20481.711013278597,20404.0123611443,250,210,237,198,12,5,5694.34220265572,5418.802472228861,1.2426104349997331,1.0125449780002782,0.9981403100000037,0.8031363110000029,132.84837271970355,130.47922585267406,0,11,0,5
191200071,mixed50,10,580.7730432976352,557.9325073147099,22.840535982925303,3.932781703027488,20463.65216488177,19586.625365735497,274,266,262,252,11,10,5807.730432976353,5579.325073147099,0.592733423000027,0.4686100419999093,0.45675464499999663,0.36961661399999457,119.52752161951139,117.65364107367168,0,12,0,4
191200072,mixed50,13,440.61459179979806,449.8691967103912,-9.254604910593116,-2.1003854803787636,20724.948466986854,21066.497786175445,248,261,233,247,15,6,5727.989693397375,5848.299557235086,1.201331977999871,1.1141738420001275,0.9771017010000023,0.8798336779999971,400.3544961732623,473.8706464977631,0,13,0,1
191200073,mixed50,15,347.7597359892242,346.6414840523343,1.1182519368899193,0.32155877209562034,20206.980199191814,19998.111303925067,185,189,172,171,1,3,5216.396039838363,5199.622260785015,0.6239837519997309,0.5406655240003602,0.5120262829999973,0.42544750500000106,951.0952269939435,0.0,0,9,0,4
191200074,mixed50,11,533.3350730138204,552.362042101056,-19.026969087235557,-3.5675450668781528,21183.429015760124,21604.91231555808,263,284,251,268,3,4,5866.685803152024,6075.982463111616,1.2658800609997343,0.8038273700003629,1.0163505689999965,0.6367780100000004,399.085197280212,355.46204453659266,0,12,0,4
191200075,mixed50,12,458.1202184719114,484.73245776518934,-26.612239293277923,-5.809007815032641,19892.213108314692,21223.947465911355,242,247,228,238,7,13,5497.442621662937,5816.789493182272,0.8449056300000848,0.9155788850002864,0.679474380000002,0.7274108059999946,842.0719414649402,486.9317709442239,0,11,0,4
191200076,mixed50,16,291.2286067103381,307.8240771788864,-16.595470468548285,-5.698434180627898,17613.288536827054,19010.92617431092,174,173,163,157,8,7,4659.65770736541,4925.185234862182,1.331220390999988,1.3859527479999088,1.0543736589999995,1.0982855059999963,0.0,0.0,0,12,0,3
191200077,mixed50,15,374.54610471830694,393.6646341715522,-19.118529453245287,-5.104452886414124,21580.957853873035,22889.84756286642,203,207,191,190,7,9,5618.191570774604,5904.969512573283,1.2073721629999454,0.7233897640003306,0.9606559819999987,0.5821417319999966,1297.8571287717095,100.33919876092841,0,9,0,2
191200078,mixed50,10,572.5635246039573,604.9101417254603,-32.34661712150307,-5.649437264428836,19908.176230197878,21450.507086273028,282,280,272,261,4,16,5725.635246039573,6049.101417254604,0.8903054070001417,1.555044125999757,0.7261941549999946,1.2703776500000004,695.4596639183092,696.7935885041106,0,9,0,2
191200079,mixed50,10,572.3286126595127,586.6281916761501,-14.29957901663738,-2.4984910242718206,19476.43063297564,20131.409583807508,292,300,282,284,12,2,5723.286126595127,5866.281916761501,0.4803529149999122,0.9832645629999206,0.37792699900000315,0.7697723169999975,178.58206590007012,0.0,0,12,0,4
191200080,mixed50,16,361.17361825290885,362.7229805596129,-1.5493623067040403,-0.4289799222320534,20933.889460232724,21307.838444769066,249,237,240,217,9,20,5778.777892046542,5803.567688953806,1.4643792040001244,1.453346019000037,1.1857643259999975,1.166094846,0.0,0.0,0,13,0,7
191200081,mixed50,16,298.19669270306906,307.61901468299175,-9.422321979922685,-3.1597674321978575,18230.73541624552,18504.52117463935,170,189,159,178,12,6,4771.147083249105,4921.904234927868,0.8727082570003404,0.865441233999718,0.681009189000001,0.6870686469999967,0.0,0.0,0,15,0,5
191200082,mixed50,15,407.94604144521617,416.66815613181734,-8.722114686601174,-2.138055968309338,22400.953108391193,24135.111709886303,255,224,241,213,16,5,6119.190621678243,6250.02234197726,2.0115658029999395,1.0370395160002772,1.640538497999998,0.8471038189999973,90.38507255841614,339.31106594246467,0,11,0,5
191200083,mixed50,16,331.86922860397755,310.95090474049596,20.91832386348159,6.303182717926403,20114.538288318214,18826.07237923968,198,189,187,176,10,3,5309.907657663641,4975.214475847935,0.817278258999977,1.3547647719997258,0.6354968260000007,1.0718576980000023,0.0,0.0,0,13,0,4
191200084,mixed50,16,324.1588152605239,345.1323226261605,-20.97350736563658,-6.470133273648693,19842.705220841915,21310.58581009286,189,189,178,172,5,21,5186.5410441683825,5522.117162018568,1.276291202000266,1.108750780000264,1.0155208500000015,0.8775882509999988,0.0,0.0,0,11,0,4
191200085,mixed50,13,480.1543892089179,451.7919461856648,28.362443023253093,5.906942362847467,22100.035298579664,21411.47650206822,285,252,272,233,20,11,6242.007059715933,5873.2953004136425,1.0811708490000456,1.2956647139999404,0.8596465309999957,1.0260386679999982,213.3727565242225,293.3068990467873,0,11,0,9
191200086,mixed50,11,513.1165061604344,506.75778405881846,6.358722101615911,1.2392355391560472,20096.407838823892,19981.678123235015,261,252,247,239,6,8,5644.281567764778,5574.335624647003,0.886948713000038,0.5609183279998433,0.7145693179999952,0.4400580399999967,385.5296691803769,631.6086768268578,0,11,0,5
191200087,mixed50,15,389.1701309441913,396.13487045069735,-6.964739506506021,-1.7896387602019725,22627.759820814346,23060.115283802323,201,206,190,186,14,13,5837.55196416287,5942.02305676046,1.06692508299966,1.384001569999782,0.851991310999999,1.1110833500000012,351.0359429425753,170.2691348070084,0,6,0,5
191200088,mixed50,11,543.6716298453339,524.1074300300619,19.56419981527199,3.598532412080746,20756.93964149336,20605.908651653397,296,263,282,253,4,7,5980.387928298673,5765.181730330681,0.9271962640000311,0.4895597020004061,0.7396051070000027,0.387041975999999,166.76667379911305,401.4154553844801,0,10,0,3
191200089,mixed50,12,464.6098833765709,449.3536765953211,15.25620678124983,3.283659544729167,20261.593002594273,19506.220595719264,241,239,228,227,10,3,5575.318600518851,5392.244119143853,0.6108311769999091,0.6595850389999214,0.4908247289999963,0.526314321000001,326.3009055464536,82.66817853160046,0,9,0,2
191200090,mixed50,12,458.0968319843516,492.02254246794564,-33.92571048359406,-7.405794608235361,20505.8099190611,22001.35254807674,221,240,210,229,7,5,5497.161983812219,5904.270509615348,0.5941596650000065,0.8214930930002993,0.4658511869999984,0.6831176560000003,665.3849751455136,178.26960524540846,0,8,0,4
191200091,mixed50,13,452.99264024901026,453.5065968913565,-0.5139566423462156,-0.11345805575642132,21504.52161618567,20847.928797938173,253,274,240,261,6,10,5888.904323237133,5895.585759587634,1.7341761709999446,1.2140064599998368,1.397180095000003,0.9579293660000019,454.97435966633566,643.4374326372972,0,13,0,2
191200092,mixed50,16,276.0240942359971,376.85334035020804,-100.82924611421095,-36.529146628773354,16611.927538879776,23333.267228016655,164,209,158,199,12,13,4416.385507775954,6029.653445603329,1.6366270079997776,2.2003709519999575,1.3067728809999934,1.7513213550000017,0.0,0.0,0,16,0,6
191200093,mixed50,15,386.0488749053368,386.54388237018304,-0.49500746484625324,-0.128224040276681,21128.66561790025,21770.791177763716,242,227,229,207,17,9,5790.733123580052,5798.158235552745,1.305447711999932,0.9868694739998318,1.0484537709999984,0.7976308759999995,339.8676638766692,316.0455959022329,0,14,0,1
191200094,mixed50,13,456.2902203749176,457.63397641525205,-1.3437560403344264,-0.2944959107890499,21438.864324369657,21681.208466991397,256,257,245,245,18,6,5931.772864873929,5949.241693398277,0.725728841000091,0.500754569000037,0.5852595839999992,0.4016780950000012,717.7804930509446,149.49049990284493,0,15,0,3
191200095,mixed50,13,460.04666747527216,445.5735441301376,14.473123345134582,3.146011995818343,21458.033385892682,20417.28036845894,262,270,251,258,21,12,5980.606677178538,5792.456073691788,1.064812651000011,0.8083958340002937,0.8346971560000043,0.6537539979999991,123.309300136194,0.0,0,12,0,5
191200096,mixed50,10,588.4941103790513,616.6622500006212,-28.16813962156982,-4.786477744599105,20339.705518952567,21308.112500031053,285,308,273,291,23,8,5884.941103790513,6166.622500006211,0.9210556240000187,0.8783771329999581,0.7327654089999953,0.7035707090000045,1418.9902737107686,1142.4473890098016,0,13,0,6
191200097,mixed50,12,454.14228343638,473.5408408264586,-19.398557390078565,-4.271471320242326,20203.53700618281,21162.450449587508,225,231,212,211,4,8,5449.70740123656,5682.490089917503,0.5279583139999886,0.7710866149996036,0.4166464320000003,0.641304415999997,1500.370923088621,0.0,0,11,0,4
191200098,mixed50,16,315.4022179968759,343.36142197229157,-27.959203975415676,-8.864618693230808,19777.17743975008,20918.913757783324,160,206,154,188,19,4,5046.435487950014,5493.782751556665,0.8841493579998314,1.271097895999901,0.6963908680000017,1.005863036000001,0.0,0.0,0,16,0,5
191200099,mixed50,16,246.47995892040083,289.78586918302665,-43.305910262625815,-17.56974905883166,14093.396713632068,16672.86953464213,168,204,160,190,15,4,3943.6793427264133,4636.573906928426,0.6455096340000637,0.8776567630002319,0.49651976399999853,0.6985641580000035,0.0,0.0,0,10,0,1
191300000,mixed75,15,400.20109104410767,376.6747447758974,23.52634626821026,5.878631216829278,22115.081828308066,20430.6058581923,250,249,240,232,5,4,6003.016365661615,5650.121171638461,1.2777385489998778,1.5265842579997297,1.013134779000005,1.233816965999992,300.832957568914,341.8068428807055,0,11,0,2
191300001,mixed75,10,595.6393926742824,601.5916447693147,-5.95225209503235,-0.9993046410695205,20776.96963371413,20899.582238465744,290,296,277,282,8,8,5956.393926742823,6015.916447693147,1.1423020369998085,1.1229299060000812,0.9207006339999992,0.8962414869999975,1234.35994928727,1234.438858327917,0,6,0,1
191300002,mixed75,10,588.4401884055621,571.2793547413279,17.160833664234246,2.916325907435602,20312.009420278097,19843.967737066407,294,283,281,267,7,4,5884.401884055621,5712.793547413279,0.6139928260004126,0.4441544400001476,0.5049304639999974,0.366884443999993,205.22976792034024,385.40019237058095,0,9,0,2
191300003,mixed75,14,397.52921948369567,427.2901538335359,-29.760934349840227,-7.486477192417018,20892.04536385869,22065.310768347514,217,250,205,234,9,5,5565.409072771739,5982.062153669503,1.0046325470002557,1.7240938650002136,0.8111066189999931,1.3608486010000007,147.6571959382045,169.82990755704213,0,13,0,4
191300004,mixed75,15,395.1715672611416,399.5095181177243,-4.337950856582722,-1.0977386067140937,22807.86754458563,23063.213858829327,214,215,203,194,6,12,5927.573508917124,5992.642771765865,0.8941567580000083,1.3729573829996298,0.7181029300000006,1.0660689190000028,393.73596885088864,837.776879550297,0,13,0,2
191300005,mixed75,11,531.6830154040599,527.473846361093,4.2091690429668915,0.7916688931219773,21252.56584722329,21026.061549860126,258,255,244,240,3,9,5848.513169444659,5802.212309972024,0.8764936869997655,0.721025434999774,0.6765744920000003,0.5912807279999868,208.10586292860535,394.09273739654236,0,7,0,4
191300006,mixed75,14,442.1422159876126,414.3613953570851,27.7808206305275,6.283231871101358,22859.955119132894,20955.297674995953,248,256,236,236,24,8,6189.991023826577,5801.059534999191,1.8263507030001165,1.4332430629997361,1.4854077299999915,1.1442301240000035,608.727438073538,214.18486569573815,0,10,0,4
191300007,mixed75,12,492.8029716705756,519.9924504274223,-27.189478756846768,-5.5173122565953525,21593.17830023454,22024.547025645334,252,291,239,269,12,17,5913.635660046907,6239.909405129068,1.1959089130000393,1.2176773529999991,0.9571390819999976,0.961269516999991,1065.1291786256243,132.97147864328326,0,16,0,6
191300008,mixed75,15,370.3615704890273,354.1171459058664,16.244424583160935,4.386098849756936,21797.117786677067,20543.78594293998,183,187,173,172,11,7,5555.42355733541,5311.757188587996,0.6684014550000938,0.39254650000020774,0.5291957790000055,0.31537298300000316,0.0,564.1450321459706,0,7,0,5
191300009,mixed75,14,436.8187654950283,432.1077874217323,4.710978073295962,1.0784742885203702,22117.31358465199,22302.545119521255,267,251,257,234,10,10,6115.462716930396,6049.509023904253,1.4636491900000692,1.749066099999709,0.9799304269999993,1.3461723489999997,0.0,94.43252448618478,0,12,0,5
191300010,mixed75,15,361.5288126107991,345.0809556030162,16.447857007782886,4.5495286776740755,20939.66094580993,19896.071670226218,192,182,179,173,7,13,5422.932189161987,5176.214334045243,1.4666475899998659,0.42225325100025657,1.1368688719999938,0.30000236200000074,578.3351001744049,181.3372432206097,0,12,0,2
191300011,mixed75,10,576.7610779897238,581.2234968597184,-4.462418869994508,-0.7737031918915394,19478.05389948619,20061.174842985925,302,288,291,277,7,11,5767.610779897238,5812.234968597183,0.7726856210001642,1.2137252929996976,0.6252697350000034,0.48772942600000135,0.0,403.1592545491858,0,10,0,4
191300012,mixed75,11,501.23999504640074,518.9174531766294,-17.677458130228615,-3.526745332561143,19613.199727552055,20575.45992471463,254,253,242,237,8,12,5513.639945510408,5708.091984942923,0.4697780880001119,0.49297943500005204,0.3915215399999994,0.38621013099999857,169.7450964506843,120.02566430815114,0,7,0,5
191300013,mixed75,16,322.2217460892643,228.5081634964876,93.71358259277667,29.083568607692744,20322.73968714116,13655.653079719012,159,138,153,125,21,10,5155.547937428229,3656.130615943802,0.981260863999978,0.7330661569999393,0.7852660150000048,0.5989487029999907,0.0,0.0,0,14,0,4
191300014,mixed75,13,448.35427282739926,446.30988967819695,2.0443831492023037,0.4559749450607553,21143.02773378096,20960.1428290828,256,259,240,241,5,3,5828.60554675619,5802.02856581656,1.8761633270000857,1.2474469359999603,1.5201849540000012,1.0045542369999936,0.0,0.0,0,13,0,3
191300015,mixed75,11,507.91006217462456,501.5364570724668,6.37360510215774,1.25486883935102,20305.05341960436,19699.50513898567,246,254,235,240,2,4,5587.01068392087,5516.901027797135,0.8365740489998643,0.296465014000205,0.6604355520000098,0.23281566200000725,1675.3968992589103,0.0,0,11,0,3
191300016,mixed75,13,463.0476008467195,438.15105642904405,24.896544417675443,5.376670642964165,21708.094055036774,20909.818667887856,268,236,255,224,6,15,6019.6188110073535,5695.963733577572,0.7824084010003389,0.3487524060001306,0.6169540559999973,0.285663490999994,612.1181565235656,344.74034538194974,0,14,0,4
191300017,mixed75,16,286.72542424631257,331.2608354663365,-44.535411220023946,-15.53242491037894,17148.033939705005,20100.866837306927,180,199,172,184,2,7,4587.606787941001,5300.173367461384,1.2362221560001672,1.0215521699997225,0.9705900390000011,0.8118913210000045,0.0,0.0,0,9,0,5
191300018,mixed75,16,291.16919872956043,315.28672480448364,-24.117526074923205,-8.282993592781661,17833.535898364837,19652.937984358683,167,171,153,152,8,9,4658.707179672967,5044.587596871738,1.113243687999784,0.6912120830002095,0.910466251999992,0.5435000840000015,0.0,0.0,0,9,0,2
191300019,mixed75,16,310.40757116191304,317.66881760139097,-7.2612464394779295,-2.339262026469835,19507.605692953042,19043.50540811128,163,198,152,189,6,5,4966.521138590609,5082.7010816222555,0.809566655999788,0.4693839560000015,0.6622126019999968,0.3713254529999972,0.0,0.0,0,13,0,4
191300020,mixed75,14,426.9831652256839,397.995370912534,28.98779431314989,6.788978272206181,22263.82156579788,20634.675963877395,234,227,222,210,21,10,5977.764313159574,5571.935192775476,0.9785384329998124,0.7486915389999922,0.7825007539999973,0.5891963039999979,632.1934260898743,632.1934260898743,0,10,0,5
191300021,mixed75,13,436.21849753350375,452.3650824617919,-16.146584928288178,-3.7014901980510384,20989.20233967774,20893.73036001647,236,272,222,250,2,9,5670.840467935549,5880.746072003295,1.2753483760002382,0.9034747440000501,1.0668676780000084,0.6949500939999922,433.1152878594521,204.6799011732337,0,12,0,4
191300022,mixed75,15,394.88859595210283,398.48373838973356,-3.5951424376307273,-0.9104194130910681,22751.644696407715,22636.280379230022,217,221,201,204,4,22,5923.328939281542,5977.256075846003,1.3651531539999269,0.8487329580002552,1.0758923839999994,0.6934865250000115,356.40444428739465,83.31559862056656,0,16,0,5
191300023,mixed75,16,362.1820112658593,353.22423968974437,8.957771576114908,2.4732789861116156,22209.560901268746,22152.93917517956,209,187,198,173,10,11,5794.912180253748,5651.58783503591,1.5083758939999825,0.9110299130002204,1.198067347999995,0.738358133999995,0.0,0.0,0,11,0,3
191300024,mixed75,14,441.57834561395003,404.83051393162043,36.747831682329604,8.321927931324879,21920.484192976495,21173.13597521344,282,227,270,207,16,7,6182.0968385953,5667.627195042686,1.2225373720002608,0.6622557949999646,0.9685816459999899,0.5125972350000012,95.49187580313355,413.7067324357413,0,12,0,4
191300025,mixed75,12,481.2409981394998,489.5751177972077,-8.334119657707902,-1.7317975172373101,20869.45988836999,20979.507067832452,254,268,244,255,9,8,5774.891977673998,5874.901413566493,1.0201200430001336,0.5961743230000138,0.8077460330000008,0.4759586229999968,439.48460971095756,442.46777307449156,0,11,0,2
191300026,mixed75,11,546.0369257730295,532.7429700652273,13.293955707802183,2.434625769856469,21632.030917516633,21000.8633535875,263,263,244,248,22,14,6006.406183503324,5860.1726707175,1.2211298140000508,1.039986110999962,0.9916471680000001,0.8322905840000061,568.7640728219985,568.9097569334463,0,11,0,4
191300027,mixed75,12,490.8608275898346,476.7921368675098,14.068690722324845,2.866126187213436,21816.64965539007,21037.528212050594,241,239,229,226,11,11,5890.329931078016,5721.505642410118,1.2613024140000562,0.642615848999867,1.0328427550000043,0.5223890359999928,399.69326422083486,181.90156202017533,0,10,0,4
191300028,mixed75,15,404.74701445634986,392.27140778080957,12.475606675540291,3.0823220999659062,22391.026084226243,21550.35558356072,253,250,241,231,4,6,6071.205216845248,5884.0711167121435,1.730505901000015,1.3461676669999179,1.3695146830000056,1.0750038360000076,0.0,172.64448638988415,0,15,0,4
191300029,mixed75,14,408.9855559249868,424.5192897726665,-15.533733847679741,-3.798113068454878,21208.988914749076,21271.35028408667,232,267,224,248,10,12,5725.797782949815,5943.270056817331,0.9794801259999986,1.1947519099999226,0.7713749669999999,0.9679617550000046,212.87868435801647,139.81468463823876,0,16,0,5
191300030,mixed75,15,413.0536349064742,391.72681848876215,21.326816417712052,5.163207539026016,22754.02261798554,20519.511386657145,246,276,235,260,35,19,6195.804523597113,5875.902277331432,1.7702402439999787,1.3817036830000688,1.4247618389999985,1.1097940150000056,239.38620169634032,118.78878219885428,0,15,0,5
191300031,mixed75,13,443.476824683663,425.0455650607003,18.43125962296267,4.15608180565239,21600.99360443811,20217.961728945527,225,233,213,219,14,11,5765.198720887619,5525.592345789104,0.8303428080002959,0.8724164120003479,0.6670851370000008,0.6896283240000116,1085.3359606086697,659.581171226383,0,13,0,1
191300032,mixed75,12,523.4591698626446,474.50948679664293,48.949683066001626,9.351194111060469,21857.55019175868,20755.56920779858,304,246,291,229,13,8,6281.510038351735,5694.113841559715,1.0566774449998775,0.569967533000181,0.8194032480000004,0.446091998,0.0,1739.2686725576723,0,9,0,1
191300033,mixed75,12,518.5904372177471,510.0700139090646,8.520423308682496,1.642996611043357,22435.42623306482,22569.200834543884,278,256,268,243,6,8,6223.0852466129645,6120.840166908775,1.2189762209995934,0.6299154069997712,0.992137673000002,0.5135746830000016,157.64491201414967,1215.035487458983,0,7,0,4
191300034,mixed75,13,419.3665661322626,412.3524315388649,7.014134593397728,1.6725545524736818,20018.826798597074,19392.908050026224,228,236,213,216,10,7,5451.765359719414,5360.581610005243,1.445149782000044,1.2019568040000195,1.1560042699999968,0.9510932539999999,1502.3641848837146,1365.7090933685145,0,13,0,1
191300035,mixed75,12,510.529195038884,499.02622603384594,11.50296900503804,2.2531461700563304,22376.751702333044,21711.57356203075,262,262,245,249,12,9,6126.350340466608,5988.314712406152,1.5046752849998484,1.0926655109997228,1.1919608100000119,0.8775840219999935,339.3087389133507,635.759191987564,0,12,0,6
191300036,mixed75,10,589.6954274837307,568.4189276412008,21.276499842529915,3.608048977642264,20599.77137418655,19440.946382060047,286,291,267,276,10,5,5896.954274837307,5684.1892764120075,1.0721571099998073,0.9095449430001281,0.8424732280000029,0.7325347360000052,317.5659724167499,568.652160896414,0,8,0,2
191300037,mixed75,14,428.14225460156376,424.57437133860367,3.5678832629600947,0.8333406069159,22089.95782210947,21475.20599370227,249,259,237,242,8,14,5993.991564421893,5944.041198740451,2.2992842759999803,0.9508630109999103,1.8024624190000083,0.7613947830000001,101.90583140176113,405.6927359658712,0,10,0,4
191300038,mixed75,16,337.8545064063394,347.8284988988201,-9.973992492480704,-2.952156121453342,20633.36051250716,20831.2799119056,189,208,179,195,25,28,5405.67210250143,5565.255982381122,2.1280029089998607,1.5315105239997138,1.7266420319999867,1.2409700279999925,0.0,0.0,0,16,0,6
191300039,mixed75,12,498.553616530744,486.891969426327,11.661647104417,2.339095880111397,22273.216991844653,20603.518165579626,242,275,228,254,10,11,5982.6433983689285,5842.703633115924,0.9314154799999415,1.0940330739999808,0.7557781490000082,0.8630938650000104,425.21972406232544,157.00492138673962,0,13,0,6
191300040,mixed75,13,448.42474198679014,459.4450499751481,-11.020307988357956,-2.4575602005213693,21317.608229141362,22293.928248384644,246,240,232,222,13,9,5829.521645828272,5972.7856496769255,1.3998233830002391,0.9008404840001276,1.1154733589999921,0.7171036639999926,348.80680540797584,399.99915867803884,0,12,0,4
191300041,mixed75,12,473.32355481538224,503.92633555488675,-30.60278073950451,-6.465509782508283,20649.413288922944,21315.580133293213,243,286,230,270,15,8,5679.882657784587,6047.116026658641,0.9049673819999953,1.0542992600003345,0.718383309999993,0.8448716039999908,980.6586391141018,0.0,0,11,0,3
191300042,mixed75,16,326.8764071551746,341.23899783540605,-14.362590680231449,-4.393890279579971,18690.11257241396,20404.11982683249,232,216,225,204,9,5,5230.022514482794,5459.823965366497,0.685698352000145,1.0262455219999538,0.5593347559999984,0.8137722969999999,0.0,0.0,0,12,0,5
191300043,mixed75,16,386.1910309537903,332.5715192821508,53.619511671639486,13.88419392838135,23665.282476303222,19740.721542572068,221,210,204,198,19,15,6179.056495260645,5321.144308514413,2.0406167170003755,1.6994964139998956,1.6213086350000054,1.3400550719999984,0.0,0.0,0,16,0,3
191300044,mixed75,15,358.13528033694183,364.08510104509713,-5.9498207081553005,-1.6613333102948102,20415.14602527064,21216.38257838229,198,190,188,175,12,6,5372.0292050541275,5461.276515676457,0.4808729249998578,1.4038349030001882,0.3902866570000043,1.122710190999996,1079.5546884809028,1083.383222559798,0,12,0,7
191300045,mixed75,14,447.6750520169403,433.257586152658,14.417465864282292,3.220520285713113,23272.253641185835,22453.031030686052,246,246,229,230,28,15,6267.450728237164,6065.606206137212,2.810926119999749,1.531782647,2.265397218000004,1.2143014999999906,337.962688748511,141.94163652004045,0,16,0,0
191300046,mixed75,10,589.4841465284742,580.4995387566988,8.984607771775359,1.5241474812658695,20894.207326423715,20774.976937834937,275,268,261,251,10,3,5894.841465284741,5804.995387566988,1.4731695099999342,0.9726950529998248,1.1828867409999901,0.7836669379999961,0.0,0.0,0,9,0,1
191300047,mixed75,16,296.0453619447302,302.510213902605,-6.464851957874828,-2.1837369501102932,18218.628955578417,18005.817112208406,164,194,157,180,12,3,4736.725791115683,4840.16342244168,1.307395718999942,0.9433809450001718,1.0400724600000046,0.7480029989999935,0.0,0.0,0,11,0,4
191300048,mixed75,13,452.967417444315,464.5292886968406,-11.561871252525577,-2.5524730493329484,20872.882133880466,21474.40376529463,272,278,262,262,9,9,5888.576426776095,6038.880753058927,1.1914795229999982,1.1538470489999781,0.9631058110000055,0.9239874780000008,0.0,332.2176796537233,0,12,0,6
191300049,mixed75,11,530.3880449028992,547.3960614663439,-17.0080165634447,-3.206711902142967,20601.342469659467,21531.78338064891,272,275,257,252,14,11,5834.2684939318915,6021.356676129783,1.1490807919999497,1.6446224090000214,0.9075239830000044,1.3195910910000066,618.5925186574932,121.26210447814083,0,10,0,3
191300050,mixed75,14,422.1288327457229,422.90190595640485,-0.7730732106819573,-0.18313679396253502,21794.018292200606,21708.133416948338,243,249,227,234,13,10,5909.803658440121,5920.626683389668,1.8196280289998867,1.5760232540001198,1.4318930399999914,1.282412917000002,62.453253053062326,0.0,0,11,0,3
191300051,mixed75,13,466.41074658989663,449.10506114295157,17.305685446945063,3.710395948951306,22596.698528343295,21596.82897429185,248,243,230,230,3,3,6063.339705668656,5838.3657948583705,1.7867382970002836,0.6591492309999012,1.4127807659999974,0.5465944039999897,1121.4485701027706,699.7580584451689,0,12,0,6
191300052,mixed75,11,590.7478203984335,565.8525932254389,24.895227172994623,4.214188578165867,23186.13012191384,21976.892627399146,297,295,285,278,12,7,6498.226024382769,6224.378525479828,1.4195885389999603,0.8636490869998852,1.1311032739999973,0.6842533410000016,0.0,0.0,0,15,0,6
191300053,mixed75,16,324.20696215868645,309.81064080828753,14.396321350398921,4.440472608775281,19771.55697269493,19269.851264663,192,163,181,151,4,19,5187.311394538983,4956.9702529326005,1.3902811269999802,1.7735991079998712,1.1330874619999918,1.4374631920000098,0.0,0.0,0,15,0,4
191300054,mixed75,11,505.6646774430721,516.5979757367674,-10.933298293695259,-2.162163738424483,19796.557259368987,20242.888665522216,254,260,242,243,12,12,5562.311451873793,5682.577733104441,0.6215201869999873,0.9209414389997619,0.501509709000004,0.73001699000001,195.98029800372387,195.19904014434724,0,10,0,4
191300055,mixed75,14,423.57200679226105,421.07318219894626,2.4988245933147937,0.5899409199013328,21700.04047545828,21465.122753926225,244,251,228,235,24,14,5930.0080950916545,5895.024550785248,1.531451971000024,1.5193612299999586,1.2315020239999939,1.2308088110000028,271.56363401978797,271.2642100588464,0,13,0,3
191300056,mixed75,12,505.62022520127226,469.4483334619602,36.17189173931206,7.1539645639992155,21712.213512076338,19966.900007717617,271,261,259,248,17,9,6067.442702415267,5633.380001543523,1.5583909219999441,0.8135239570001431,1.2146936460000006,0.647802327000008,647.9246691965536,115.68758515331592,0,11,0,3
191300057,mixed75,10,566.9385360405315,558.4583464602938,8.48018958023772,1.4957864108978924,20231.92680202658,19972.91732301469,264,257,250,240,1,5,5669.385360405315,5584.583464602938,0.5780547319996003,0.30768303400009245,0.4658243069999912,0.23921113899999114,993.6553867460134,939.3951313133057,0,8,0,3
191300058,mixed75,14,401.3421142686847,407.7479300215849,-6.405815752900196,-1.5960985715572695,20918.947998807937,21422.35510151095,221,224,209,210,17,8,5618.789599761586,5708.471020302189,0.5780322139999043,0.7746755709999888,0.48788236400000073,0.6112039969999898,130.49462360822145,306.83417686696885,0,12,0,5
191300059,mixed75,13,433.91263120875817,439.3639081070986,-5.4512768983404385,-1.2563074928597207,21114.32102856928,20958.654026961405,224,238,212,223,7,14,5640.864205713856,5711.730805392282,1.01080111400006,0.8381843819997812,0.8105302040000026,0.6513196220000026,82.93910347884685,1231.2225081934675,0,13,0,4
191300060,mixed75,12,487.23207327175373,519.1078173192137,-31.87574404745999,-6.5422097181359495,21068.924396305225,22676.469039152835,259,271,242,249,12,10,5846.784879261045,6229.293807830564,1.0517691439999908,1.5122348500003682,0.8474646519999993,1.2199475900000039,167.44107207427078,863.8266851925036,0,13,0,4
191300061,mixed75,16,333.53696293103656,306.2907749167508,27.246188014285735,8.168866135511122,20852.95703448293,18953.26199334005,175,166,166,149,15,17,5336.591406896585,4900.652398668013,1.8292228199998135,1.510092151000208,1.475407838999999,1.2125090819999969,0.0,0.0,0,10,0,2
191300062,mixed75,14,448.904475883484,431.9528227088108,16.951653174673197,3.7762272566587485,22033.31331184389,21286.697589616757,296,283,280,269,16,12,6284.662662368776,6047.339517923351,1.2448438610003905,1.3274352759999601,0.9796575320000045,1.0343311190000009,0.0,97.40046754126615,0,16,0,3
191300063,mixed75,11,570.6195838481552,542.0468549789543,28.572728869200887,5.007316551687824,22124.07711164855,21132.57702384248,296,279,284,265,11,7,6276.815422329707,5962.515404768498,1.135972319999837,0.950676618000216,0.9265581749999967,0.7619887119999902,0.0,236.54298663761256,0,11,0,5
191300064,mixed75,14,440.02303772991144,440.937238270834,-0.9142005409225362,-0.20776197210921055,21911.61264109378,21905.60667895838,278,284,267,266,17,12,6160.32252821876,6173.121335791676,1.8956564150003032,1.496362739000233,1.4861047889999952,1.2029484259999919,94.9428545234232,87.47147231124563,0,16,0,3
191300065,mixed75,13,470.024107135168,452.67480448130493,17.34930265386305,3.6911516644557496,22301.566963785903,21683.86229128482,263,242,252,228,6,15,6110.3133927571835,5884.7724582569645,1.1246344220003266,0.8867153019996294,0.9026789180000065,0.7075177110000084,0.0,370.9280020537544,0,10,0,5
191300066,mixed75,15,379.489158254265,391.39153347748754,-11.90237522322252,-3.1364203599323126,21486.686869069883,21679.36501081157,215,238,200,219,15,17,5692.337373813975,5870.873002162313,1.0965971179998633,1.2933254019999367,0.8735224409999915,1.0414045630000004,367.951692500219,165.62530196685293,0,16,0,5
191300067,mixed75,12,528.3614599367914,542.540799982845,-14.17934004605354,-2.6836438917686722,23036.687596207514,22957.44799897069,273,307,260,282,16,14,6340.337519241498,6510.489599794139,1.0120240550004382,2.186074250999809,0.823779868999992,1.7394467969999994,318.0316059099878,0.0,0,11,0,4
191300068,mixed75,11,551.1484570469049,500.0088935742249,51.13956347268004,9.278727504144657,21303.165137579796,19530.48914658238,286,258,272,243,15,2,6062.633027515954,5500.0978293164735,0.9322459019999769,0.4120469109998339,0.7439892630000031,0.3347099579999906,151.49796167201202,81.4370861018524,0,10,0,5
191300069,mixed75,16,323.6212629667267,301.8518330824729,21.769429884253782,6.726823103243385,19954.701037338134,18528.146646597826,181,171,172,159,10,10,5177.940207467627,4829.629329319567,1.4296778769999037,0.5357242990003215,1.1211094739999936,0.4336925500000035,0.0,0.0,0,14,0,6
191300070,mixed75,11,527.8078983243347,541.1917092431672,-13.383810918832523,-2.5357352478663,20379.434407838402,21285.544008374192,278,273,264,261,7,5,5805.8868815676815,5953.108801674839,1.1060971749998316,1.068536636999852,0.8842486989999969,0.8458640120000069,221.8411752799666,140.16335748510483,0,12,0,4
191300071,mixed75,16,297.2777277571155,362.3756290277006,-65.09790127058511,-21.898008223398424,18392.218220569233,22330.050322216055,161,209,151,189,14,6,4756.443644113848,5798.01006444321,1.5186044440001751,1.5537146599999687,1.2320165770000102,1.2262194699999895,0.0,0.0,0,14,0,2
191300072,mixed75,14,435.97693995759,421.34532506190675,14.631614895683242,3.356052477708238,22618.38579703129,21719.172754333482,245,243,234,231,17,13,6103.67715940626,5898.834550866694,1.2606310239998493,1.3149611110002297,1.0099390139999969,1.0411385780000018,140.09546935344406,581.608862282259,0,14,0,3
191300073,mixed75,14,429.5582520934328,386.87952480647715,42.67872728695568,9.935492352658304,22009.077646540307,20286.5667364534,254,212,239,199,11,10,6013.81552930806,5416.31334729068,1.0566755570002897,0.6382633469997927,0.8309337530000107,0.5178299259999903,84.67611196785856,0.0,0,10,0,4
191300074,mixed75,15,408.9516729612329,398.4013698624356,10.550303098797258,2.5798410414614947,23276.37547209246,22865.10273968267,225,219,207,203,24,10,6134.275094418493,5976.020547936534,1.6630388030002905,1.2027169749999302,1.3154011650000115,0.941630834999998,98.10946601946216,663.4397421641488,0,7,0,3
191300075,mixed75,11,549.5275180567497,553.1704274679324,-3.6429094111827,-0.6629166495728533,21734.01349312124,21194.373510736277,271,297,258,279,10,9,6044.802698624248,6084.874702147256,0.986918476000028,1.8070442819998789,0.8089869529999874,1.439095347999995,921.8180281050572,141.96682126400174,0,12,0,7
191300076,mixed75,10,601.8710797049941,591.3418289777899,10.529250727204271,1.749419615304515,21318.55398524972,20817.091448889496,279,280,268,264,14,12,6018.710797049942,5913.418289777898,0.8449374239999088,0.7679255660000308,0.6952500019999945,0.6060746240000014,0.0,115.7157493634113,0,12,0,2
191300077,mixed75,15,366.28406226353275,383.0181594347787,-16.734097171245935,-4.568611876758677,20571.304669764948,21476.36195760842,216,219,207,205,6,25,5494.260933952991,5745.27239152168,0.7155557660003069,1.130246169000202,0.5817482460000036,0.8909656069999983,394.4204502012399,826.5086992564266,0,13,0,1
191300078,mixed75,10,622.2165622988452,614.8640009808372,7.352561318008043,1.1816723892471126,22315.82811494226,21588.200049041858,284,297,271,284,6,4,6222.165622988453,6148.640009808372,1.666305450999971,1.0023330720000558,1.311505098000012,0.812431078000003,475.47111292080535,181.0780114612071,0,12,0,3
191300079,mixed75,16,355.618720620982,339.9341155070039,15.68460511397808,4.410511653208127,20639.497649678564,20584.72924056032,242,206,227,191,15,7,5689.899529935712,5438.945848112063,2.492836507999982,1.4958900740002719,1.9859216499999945,1.205602775999992,0.0,0.0,0,13,0,7
191300080,mixed75,10,605.5718603968866,615.990619113816,-10.41875871692946,-1.720482637700682,21883.59301984433,21854.530955690803,270,286,255,270,8,13,6055.718603968866,6159.9061911381605,1.018104394999682,1.0394335860000865,0.8326791559999975,0.845539298999995,0.0,667.5434507194868,0,10,0,3
191300081,mixed75,14,450.03648468017457,424.88853551289384,25.14794916728073,5.5879800912480455,22717.553927612225,21142.19748590257,272,270,264,252,21,16,6300.510785522444,5948.439497180514,1.5667225310003232,1.5223820569999589,1.2666708719999917,1.2214680600000065,167.35325027824092,284.15152681123254,0,12,0,4
191300082,mixed75,15,395.0819036797382,377.5995038455742,17.482399834164028,4.425006478741588,22101.142775980366,21084.96278841807,231,225,222,211,18,12,5926.228555196073,5663.992557683613,0.9601891209999849,1.1380313149998074,0.7812074929999966,0.9021082870000043,0.0,385.57148964026146,0,16,0,6
191300083,mixed75,14,439.47832683996165,421.06010952164513,18.418217318316522,4.190927332128402,22348.4828787973,22009.20766651516,257,232,247,215,27,16,6152.6965757594635,5894.841533303032,1.3287627720001183,1.1296559259999412,1.0570758049999966,0.8790289650000034,0.0,176.5826255016309,0,9,0,3
191300084,mixed75,14,402.3226434264629,402.9715559325809,-0.6489125061179948,-0.16129156952027213,21557.58503985239,21463.008915280665,206,211,191,191,10,11,5632.51700797048,5641.601783056132,0.4094072339999002,0.7610895799998616,0.3319819499999994,0.6021331250000088,632.1823436561799,1316.6122356870546,0,12,0,3
191300085,mixed75,10,581.0116888905454,591.8875816886904,-10.875892798144946,-1.8718888115508925,20085.584444527278,20239.3790844345,287,301,275,289,11,9,5810.116888905454,5918.8758168869035,0.9323923629999626,0.5747919740001635,0.7479591689999978,0.46266995000000577,675.2765534858681,170.5753003331247,0,10,0,4
191300086,mixed75,10,599.5624948004228,641.6742902816522,-42.11179548122948,-7.0237541284578375,20503.12474002114,22693.714514082618,305,302,290,282,10,12,5995.624948004228,6416.7429028165225,1.222860080999908,1.0071060829995986,0.9841789159999905,0.7937457969999997,151.31617002058374,1464.7025910581033,0,9,0,2
191300087,mixed75,12,504.38946750559427,493.6631983130212,10.726269192573056,2.1265846897277063,21608.368050335663,21594.791898781266,274,259,259,244,14,2,6052.673610067131,5923.9583797562545,1.8292363969999315,1.0008490019999954,1.4980187819999884,0.7755405929999881,0.0,104.34072765495603,0,11,0,5
191300088,mixed75,15,380.7235009777296,359.5316515638254,21.191849413904208,5.566204702226618,22069.262573329717,20359.8738672869,195,207,181,193,22,6,5710.852514665944,5392.974773457381,0.9303636750000805,0.5061261399996511,0.7539664730000055,0.41087052099999255,624.2815768095825,75.1089892024338,0,14,0,4
191300089,mixed75,10,586.4280790146591,565.7194457854769,20.708633229182283,3.531316792329897,20581.403950732958,19725.972289273846,280,279,268,258,10,3,5864.280790146591,5657.194457854768,0.8097989640000378,1.1086822499996742,0.6399733159999954,0.8777466939999954,0.0,1141.4644667946714,0,10,0,2
191300090,mixed75,12,458.6160548549381,475.67642861475133,-17.060373759813217,-3.7199687143986804,20311.96329129629,20370.585716885085,231,262,217,240,3,8,5503.392658259258,5708.117143377016,0.7976041359997907,1.56560785199963,0.6430011130000111,1.2397349140000102,1676.5384893938008,0.0,0,8,0,3
191300091,mixed75,12,519.3371084961277,481.07468076355946,38.262427732568256,7.3675512699962535,22450.226509767657,20839.48084581357,279,259,266,241,7,3,6232.0453019535325,5772.896169162714,1.2862278590000642,0.8864178230001016,1.0023733179999965,0.7232946219999974,188.6149212492628,0.0,0,9,0,4
191300092,mixed75,11,558.8375689848067,580.4736000798739,-21.63603109506721,-3.8716135592622436,21211.06629416437,22061.048004393073,300,314,284,300,22,16,6147.213258832873,6385.209600878613,0.7994008119999307,0.8774885960001484,0.6443400139999937,0.6932491059999961,180.13780416329791,0.0,0,12,0,1
191300093,mixed75,11,535.2594232909928,544.2687402449413,-9.009316953948542,-1.6831683034285616,21069.268281004606,21439.78071347177,267,273,254,258,10,7,5887.85365620092,5986.956142694355,0.9065592050001214,1.1054412030002823,0.7341608849999943,0.8999793969999956,543.423135342302,166.80600673331355,0,12,0,3
191300094,mixed75,12,481.54836124416767,488.20777991520504,-6.659418671037372,-1.3829179386742219,21382.901674650075,20637.46679491231,241,278,225,260,4,7,5778.580334930012,5858.49335898246,0.8356615959996816,1.1787341399999605,0.6724908700000043,0.9371967449999943,1090.419985594911,0.0,0,9,0,5
191300095,mixed75,10,619.9310637685064,582.9978290472538,36.933234721252575,5.957635756585367,21406.553188425314,20394.891452362685,310,285,300,267,6,3,6199.310637685064,5829.978290472538,1.1639617259997976,0.8331135839998751,0.9235457770000011,0.641088866000004,138.50159483021253,982.3702311419438,0,10,0,6
191300096,mixed75,13,457.9388918700098,460.59091343681416,-2.6520215668043647,-0.5791212788183842,21561.027971550637,21873.40937339292,259,259,245,244,12,3,5953.205594310128,5987.681874678584,1.8877508329997,1.3955955420001374,1.5105095870000014,1.118518795,323.51271335463025,169.9093513612779,0,15,0,4
191300097,mixed75,15,391.721243766991,401.99337490974597,-10.272131142754972,-2.622306373780736,22154.093282524336,22139.503118230947,223,248,213,233,14,18,5875.8186565048645,6029.900623646189,1.0084323349997248,1.2348195230001693,0.8121693129999983,0.9584230150000081,69.57130100644372,67.55792162480247,0,15,0,7
191300098,mixed75,11,510.88620564304654,532.2432904412512,-21.35708479820471,-4.180399580631233,20113.741310367564,20393.38097426882,256,289,241,273,7,1,5619.748262073512,5854.676194853763,0.7056723630003034,1.3107582790003107,0.5798281259999953,1.0182585980000027,1129.5068935955678,422.4101271762893,0,9,0,5
191300099,mixed75,10,597.4597180038218,602.3039040996309,-4.844186095809164,-0.8107971047812468,21257.985900191088,21240.19520498155,274,286,258,271,15,8,5974.597180038218,6023.039040996309,0.6943685359997289,0.6578915919999417,0.5617490020000133,0.5545322619999951,428.8054849329619,427.673407964965,0,9,0,4
191400000,boundary,16,408.22934813415685,417.68839795958866,-9.459049825431805,-2.317092063239712,23403.347850732538,23615.071836767085,280,308,257,280,38,20,6531.66957014651,6683.0143673534185,2.5742363049998858,1.3118721060000098,2.054664146999997,1.0494114499999938,0.0,0.0,0,10,0,4
191400001,boundary,12,562.1597251853748,530.9790600928288,31.18066509254595,5.546584661906184,23154.583511122495,21038.743605569714,327,351,309,334,37,5,6745.916702224497,6371.748721113946,1.9634316850001596,0.5246976029998223,1.5852237160000016,0.4346572389999892,397.4792832425146,197.67932993308568,0,6,0,2
191400002,boundary,14,540.4089444586019,482.7719104514138,57.637034007188106,10.665447823949437,27633.626112102138,23119.033731598975,302,341,279,318,60,14,7565.725222420427,6758.806746319793,3.0869735249998485,1.4824208850000105,2.470516459999999,1.1920772090000042,478.38582557834616,0.0,0,12,0,5
191400003,boundary,11,618.7394174435382,572.2688414960845,46.47057594745365,7.5105245661343805,23720.66795939461,20734.786282284647,319,349,298,333,38,5,6806.13359187892,6294.95725645693,1.5064893140001914,1.0314142820002417,1.1800952540000083,0.8427667170000035,0.0,0.0,0,8,0,2
191400004,boundary,12,633.0600010175415,531.5180376751438,101.54196334239771,16.03986402223888,27203.60006105248,21541.082260508614,330,333,302,315,48,10,7596.720012210498,6378.216452101725,3.294716227999743,1.099197242000173,2.654061529999993,0.8936922670000058,0.0,0.0,0,9,0,2
191400005,boundary,16,384.4433635948618,389.16832052039723,-4.724956925535423,-1.2290384938247412,22650.46908758889,20958.465641631792,231,324,212,308,58,9,6151.093817517789,6226.693128326356,2.4817807059998813,0.35557843000015055,2.00651618900001,0.2956906049999901,0.0,0.0,0,11,0,2
191400006,boundary,16,425.8372438413523,419.46588072025907,6.371363121093225,1.4961967778156393,25361.979507308188,23532.270457620718,256,319,240,297,47,11,6813.395901461637,6711.454091524145,2.8038540110001122,1.0080151570000453,2.2043961789999997,0.8277322600000048,0.0,0.0,0,12,0,3
191400007,boundary,13,520.8405847886318,485.7075360578478,35.13304873078397,6.7454514407785044,23409.638011261053,20900.989843760104,329,342,313,326,22,11,6770.927602252213,6314.197968752022,1.432792506000169,0.8223069050000049,1.1674597439999985,0.6685412450000001,0.0,0.0,0,8,0,2
191400008,boundary,10,692.3854459963057,634.169225698212,58.21622029809373,8.408065281372822,23504.272299815293,20483.461284910605,341,366,321,344,49,7,6923.854459963058,6341.69225698212,1.8721530549996714,0.20490984199977902,1.5046146779999958,0.17010382899999854,279.6840786584462,267.109548972594,0,7,0,4
191400009,boundary,11,632.4982897037202,567.9610960359693,64.5371936677509,10.203536470902064,25072.405933704613,20782.860281978315,301,340,281,324,34,4,6957.481186740922,6247.572056395662,1.6867080480001277,0.32824573900006726,1.3197949190000031,0.2640408630000053,494.77015931521146,186.48717389627473,0,9,0,2
191400010,boundary,11,595.6723132666848,553.0125389455566,42.659774321128225,7.161617783976015,21796.977229667657,19965.689642005604,348,338,332,321,22,8,6552.395445933533,6083.137928401122,1.612133690999599,0.9220141110004079,1.2831552439999996,0.7508885069999991,0.0,0.0,0,12,0,1
191400011,boundary,12,573.1648676202298,521.7927831395067,51.37208448072306,8.962880906155156,23649.892057213794,20542.566988370403,333,348,309,332,38,7,6877.9784114427575,6261.51339767408,3.2480379680000624,1.3049636060000012,2.6202456710000064,1.0522761999999943,0.0,263.47929922136063,0,9,0,2
191400012,boundary,11,610.0232036079436,578.2411278458071,31.782075762136515,5.209978173643792,22196.276198436928,20458.262031519396,361,368,342,353,23,7,6710.25523968738,6360.652406303879,1.4404846929996893,0.35667082500003744,1.1651232839999892,0.30100653099999874,346.27792500031137,0.0,0,8,0,2
191400013,boundary,14,475.51321646810254,453.00808277902155,22.505133689080992,4.732809291030637,23240.925152767155,21485.5657945315,313,330,299,316,25,3,6657.185030553435,6342.113158906302,2.1621331960000134,0.8947694510002293,1.7246170880000022,0.6903891030000011,0.0,0.0,0,13,0,3
191400014,boundary,13,527.3672031131659,495.51122873351727,31.85597437964867,6.040567974571753,23943.868202355778,22058.22986767863,322,327,308,309,28,7,6855.773640471158,6441.645973535725,1.6608409279997431,1.075563570000213,1.3438344099999995,0.8736043859999967,0.0,340.11772403212035,0,6,0,2
191400015,boundary,15,492.51741103135583,475.27690392125356,17.24050711010227,3.5004868303030734,26293.805827351625,24430.767794093998,315,351,290,326,63,29,7387.761165470338,7129.1535588188035,3.4361669499999152,1.9052190209999935,2.825872898,1.5058403839999954,0.0,0.0,0,14,0,7
191400016,boundary,14,488.7294189352103,460.3950443522304,28.334374582979876,5.797558625529787,25041.05932546474,22242.65310465613,278,318,257,301,39,12,6842.211865092944,6445.530620931226,3.309614455999963,1.6596505990000878,2.657163651999994,1.2972496409999934,468.6597776591834,161.3139825976623,0,10,0,5
191400017,boundary,13,538.3321038257856,510.90806482556695,27.424039000218613,5.094260365548164,25181.586748676105,22929.02421366185,302,331,282,315,35,7,6998.317349735213,6641.80484273237,2.65300069299974,0.6860569289997329,2.116488192999995,0.5499000890000048,165.34222993650837,0.0,0,12,0,2
191400018,boundary,11,593.461613933929,575.228701745211,18.232912188718046,3.0722984874886894,22565.388766366115,20967.57859598662,313,342,293,327,34,14,6528.077753273219,6327.515719197321,2.071405820000109,0.7407166090001738,1.6545293799999996,0.6144445739999895,0.0,0.0,0,8,0,2
191400019,boundary,13,513.9759137510471,515.0487641230417,-1.0728503719946048,-0.20873553473834683,22248.43439381805,22438.169667997718,357,356,340,336,14,9,6681.686878763611,6695.633933599542,1.9438869119999254,0.9568916510002055,1.5496793769999897,0.7719052840000131,0.0,139.36354413275603,0,8,0,2
191400020,boundary,16,431.22547998448664,400.89741036471264,30.328069619774,7.0329957359813395,23728.038398758923,23071.792829177015,328,284,308,261,42,13,6899.607679751786,6414.358565835402,3.1963707120003164,2.2123530090002532,2.552949608000006,1.780031048000012,0.0,0.0,0,9,0,2
191400021,boundary,10,699.7988472979607,637.6516412061034,62.147206091857356,8.88072427267036,23584.94236489806,21187.582060305154,360,344,335,327,32,14,6997.988472979607,6376.516412061033,2.3416653449999103,0.6116350080001212,1.8958029440000246,0.4913322060000098,444.94761396123704,267.96889226009444,0,6,0,4
191400022,boundary,10,691.7607162923363,636.5017205559585,55.258995736377756,7.988166201826563,23978.03581461683,21635.086027797926,331,328,306,303,37,15,6917.607162923363,6365.017205559585,1.9100835520002875,1.0742923239999982,1.4988203170000105,0.8553935569999851,218.97973798868315,0.0,0,8,0,6
191400023,boundary,13,507.9549632460875,463.9444207070216,44.01054253906591,8.664260756074993,22962.072610995692,20726.38734595642,311,301,289,283,34,11,6603.4145221991375,6031.277469191281,2.099856443000135,0.8309199929999522,1.6757081460000052,0.6838105200000086,295.18968847380984,621.3151243197035,0,11,0,2
191400024,boundary,16,459.7575362522271,357.38177696582045,102.37575928640666,22.26733684910004,27980.60290017818,19020.542157265638,267,306,246,289,33,5,7356.120580035634,5718.108431453127,2.801832116999776,1.291654324999854,2.2525728040000104,1.0099062699999877,0.0,0.0,0,12,0,3
191400025,boundary,15,447.5740656763026,410.41566588702455,37.158399789278064,8.302178932805282,22788.0549257227,20671.174941526842,330,321,311,306,40,12,6713.610985144539,6156.2349883053685,1.9489288680001664,0.40622853500008205,1.5562445900000057,0.3247762959999818,0.0,0.0,0,8,0,1
191400026,boundary,14,462.12115983643264,445.7600554547233,16.361104381709367,3.5404361028394282,21363.48118855025,20408.203881830636,345,349,330,329,24,5,6469.696237710057,6240.6407763661255,1.4326849530002619,0.7695441350001602,1.1280431080000142,0.6075674709999817,0.0,0.0,0,10,0,0
191400027,boundary,16,418.62345567828305,403.7400812793634,14.88337439891967,3.5553130616641115,25219.876454262656,22579.206502349076,249,307,230,293,33,12,6697.975290852529,6459.841300469814,3.2168742899998506,0.8077488799999628,2.623054561999993,0.6371214559999885,0.0,0.0,0,16,0,5
191400028,boundary,10,649.7533948406278,631.0064742811976,18.746920559430237,2.885236261678714,22262.669742031372,20935.323714059905,317,347,296,329,38,3,6497.533948406278,6310.0647428119755,1.4512595209998835,0.8337248100001489,1.157834892000011,0.6746901870000102,1095.1379585614004,535.7976477905231,0,7,0,1
191400029,boundary,10,677.7380361109668,642.6607790250306,35.07725708593625,5.175636487398361,23396.901805548354,21998.03895125153,330,323,311,305,29,19,6777.380361109668,6426.607790250306,1.7608570729998974,0.8220500190000166,1.3775488179999797,0.6671967869999946,707.7047327079536,708.8033064782067,0,9,0,2
191400030,boundary,14,516.7604216331399,459.3543072108593,57.40611442228061,11.10884503129277,26118.22951431974,21594.801504760137,297,332,273,316,61,22,7234.645902863958,6430.960300952031,3.839679504999822,1.243374200999824,3.0198047349999797,0.9816665069999999,429.3053538322438,0.0,0,15,0,3
191400031,boundary,14,498.38275983054416,454.8337887973344,43.54897103320974,8.738057281118007,23841.79318813813,21363.36521581342,344,332,323,314,32,17,6977.358637627618,6367.673043162682,2.8541901969997525,0.9970454059998701,2.2824467449999872,0.7926867809999862,0.0,0.0,0,8,0,1
191400032,boundary,11,585.3146044956488,590.9285349144316,-5.613930418782729,-0.9591304190368133,22342.303247260672,21771.069420293737,314,349,297,331,16,5,6438.460649452138,6500.213884058747,1.1529007420003836,1.6216238620004333,0.9337775189999888,1.2681854140000155,840.4438392854472,223.2021276316118,0,8,0,2
191400033,boundary,13,547.1355380233256,543.7364507820386,3.3990872412870203,0.6212514093979604,25583.809971516188,23817.869300832488,307,370,288,348,36,14,7112.761994303232,7068.573860166501,2.536076095000226,2.1225087789998724,2.060745209000004,1.7393868059999988,0.0,0.0,0,8,0,1
191400034,boundary,13,558.8123266620127,509.10625060991055,49.706076052102105,8.894949821349574,24837.80123303081,21846.906289644186,351,358,336,340,47,18,7264.560246606165,6618.381257928837,2.3967113849998896,0.4276392489996397,1.9005954090000046,0.34261993399999824,202.17161113631937,0.0,0,12,0,2
191400035,boundary,14,508.872805886769,474.13805943667376,34.73474645009526,6.825820921903258,23721.096412073894,22859.664160567165,367,329,343,309,44,14,7124.219282414766,6637.932832113433,2.9615301969997745,2.274296272999891,2.3806171489999883,1.8112780550000025,248.0424849001538,211.43333320263264,0,9,0,3
191400036,boundary,10,709.2760289397683,663.0107538055474,46.265275134220815,6.522887176009395,23448.80144698843,22055.537690277382,373,358,347,334,47,15,7092.760289397683,6630.107538055474,2.6579445069996837,1.0630962990003354,2.093048691000007,0.8532778299999961,0.0,485.97308115339183,0,10,0,2
191400037,boundary,12,515.8109943180817,524.7390604113776,-8.92806609329591,-1.7308793708631809,21698.659659084882,20749.343624682653,282,342,260,326,40,17,6189.731931816981,6296.868724936532,2.0583670209998672,1.3630637979999847,1.636508144000004,1.114405228999999,1574.7067043392444,0.0,0,8,0,2
191400038,boundary,16,423.64245792948964,371.958843054357,51.68361487513266,12.199819425024394,24781.396634359156,20396.707444348565,285,298,269,281,16,7,6778.279326871834,5951.341488869712,4.012975952000033,1.0630833229997734,3.189707056000003,0.862829779000009,0.0,0.0,0,12,0,4
191400039,boundary,10,620.7525042708774,599.8281490133222,20.924355257555135,3.3708048076475206,20267.62521354387,18751.407450666124,346,367,326,345,16,6,6207.525042708774,5998.281490133222,1.5408086410002397,0.7042033510001602,1.2441159109999944,0.5673832230000073,177.16918757048734,192.40728699293868,0,7,0,1
191400040,boundary,10,663.4821821228375,659.5913744677881,3.8908076550493433,0.5864223275145908,22264.109106141877,22119.568723389406,348,352,329,332,21,10,6634.821821228375,6595.913744677881,1.3330056400000103,0.7676524469998185,1.0795708160000004,0.6097261339999989,0.0,91.32056167767314,0,7,0,1
191400041,boundary,12,579.343177865271,526.0419338846564,53.30124398061457,9.200288536583068,23205.590671916267,21417.5160330794,360,325,337,308,38,12,6952.118134383251,6312.5032066158765,1.6824256290001358,1.1016714819998015,1.348634312999991,0.8565916690000108,0.0,211.4206326455369,0,8,0,3
191400042,boundary,14,529.8905158046615,438.51200944465785,91.37850636000366,17.244789939529582,26997.336106326293,20315.840661126036,307,335,285,325,43,2,7418.467221265261,6139.16813222521,2.8458864929998526,0.595980610999959,2.3016535360000034,0.46381759499999475,472.06359274247825,0.0,0,11,0,1
191400043,boundary,14,471.093482425604,420.1752173367476,50.9182650888564,10.808526754962589,23366.54376979227,18857.26521357232,296,338,276,321,32,10,6595.308753958456,5882.453042714466,2.3495434589999604,0.9155002440002136,1.8999481019999962,0.7431482350000067,209.59707375352264,221.01236494236673,0,9,0,1
191400044,boundary,12,595.503853599468,479.23097711287664,116.27287648659137,19.5251257878166,24095.231215968062,18903.858626772595,364,321,336,305,37,0,7146.046243193616,5750.77172535452,3.0576978580002105,0.44045737800024654,2.399578785999978,0.34240446299997984,0.0,874.7573650224285,0,7,0,2
191400045,boundary,16,414.2080422569861,402.1540614557553,12.053980801230807,2.9101271755974656,23556.643380558882,22132.324916460435,295,320,277,304,28,8,6627.328676111778,6434.464983292085,2.4619320420001714,1.6753363300003912,1.9689395919999981,1.320104084999997,0.0,0.0,0,9,0,3
191400046,boundary,12,543.8273328075658,509.17992664574143,34.647406161824335,6.371030669413669,22494.639968453972,20620.795598744495,319,324,300,303,24,1,6525.92799369079,6110.159119748897,1.798104738999882,0.9069408580003255,1.4623964959999967,0.7192425869999965,556.6538365800334,457.53905378056425,0,10,0,2
191400047,boundary,14,503.78160584101744,470.2828826157711,33.49872322524635,6.649453421254492,24614.71240887123,22114.80178310398,334,350,312,329,26,4,7052.942481774244,6583.960356620795,2.7167526080002062,1.1322891309996521,2.17407127300001,0.922572219000017,233.2242184697352,200.22097969048355,0,9,0,2
191400048,boundary,16,355.19571008429483,384.48074933414864,-29.28503924985381,-8.24476152679432,19360.656806743576,20713.459946731902,288,323,273,308,6,2,5683.131361348717,6151.691989346378,1.763337348999812,0.9987608920000639,1.3883381960000065,0.7971145129999968,0.0,0.0,0,10,0,3
191400049,boundary,15,451.70499145269497,438.5223749789401,13.182616473754877,2.918412840947193,24972.874358952122,22974.178123420497,267,311,245,290,42,21,6775.574871790424,6577.835624684101,2.0901185419998,1.8466847659997256,1.6771478860000002,1.520447144000002,0.0,372.8783884537652,0,9,0,3
191400050,boundary,15,472.8731718928639,410.0110139488852,62.86215794397873,13.293661319873106,24940.48789196481,20825.826046166403,317,320,298,304,49,2,7093.097578392959,6150.165209233278,2.462751202999698,0.9819603450000614,1.9568199640000046,0.7729089729999998,464.93461877817117,258.107559706521,0,14,0,4
191400051,boundary,13,518.4699689603679,482.1912119570228,36.27875700334505,6.997272585737402,23760.547982423937,20737.428777206474,295,340,274,326,58,10,6740.109596484782,6268.4857554412965,2.0204589410000153,0.5934239389998766,1.5934997880000026,0.469144416000006,611.1955619594628,0.0,0,8,0,2
191400052,boundary,11,578.3671527411532,582.7808194549078,-4.413666713754651,-0.7631254113993569,21445.193400763445,21062.945070019956,325,354,306,334,29,13,6362.038680152685,6410.589014003986,1.8202980099999877,1.1771321660003196,1.4811348140000007,0.9435033480000072,216.8005919559364,158.35688337449028,0,11,0,3
191400053,boundary,11,692.7975611587622,594.2235152494135,98.57404590934868,14.228405444221725,26933.865863731906,21597.29333871774,341,358,321,336,51,12,7620.773172746383,6536.458667743548,2.8913836540000375,1.7981710779999958,2.334290871999997,1.4334440589999815,212.27522224042877,0.0,0,8,0,2
191400054,boundary,16,423.73947859758005,386.5138989365904,37.22557966098964,8.785015685626563,24069.15828780637,21156.111914927256,295,311,273,291,46,9,6779.831657561281,6184.2223829854465,3.2729217850001078,1.3901447260000168,2.5730279119999864,1.084579797999993,0.0,0.0,0,12,0,3
191400055,boundary,15,495.3750451387401,458.83578105910016,36.53926407963996,7.376080898343673,26783.12838540548,23842.683579432534,305,334,282,315,64,18,7430.6256770811015,6882.536715886502,3.52538782099964,2.2269382100002986,2.8617048989999887,1.7809496050000178,840.4993310769141,0.0,0,9,0,2
191400056,boundary,11,600.2896507117167,549.1597091190241,51.1299415926926,8.517545077125988,21595.93078914441,19568.78400154634,362,347,344,334,25,1,6603.1861578288845,6040.756800309266,1.8536005500000101,0.4936307719999604,1.47185828100001,0.3915293419999841,0.0,0.0,0,6,0,2
191400057,boundary,14,506.06081263059417,426.5088658307468,79.55194679984737,15.719839358104448,23414.25688414158,20225.62060815228,366,308,346,292,52,8,7084.851376828318,5971.124121630455,2.2569850250001764,0.3535830000000715,1.8245958779999967,0.26855426900002044,0.0,0.0,0,8,0,3
191400058,boundary,14,474.8449490954232,442.11278321709153,32.73216587833167,6.893232399478244,23559.14643667964,20632.894825196403,299,332,278,315,31,6,6647.829287335925,6189.578965039282,4.004816087000108,0.8490916139999172,2.0885777700000006,0.6544009689999939,0.0,0.0,0,9,0,3
191400059,boundary,14,498.29214530082567,494.62268068762063,3.6694646132050366,0.7364082793217097,23645.450171057768,23753.587648133427,351,341,329,318,31,27,6976.090034211559,6924.717529626689,2.3445364770000197,1.6524053269999968,1.8791783180000152,1.2603316390000145,233.68108826692423,0.0,0,10,0,1
191400060,boundary,13,505.65610470403414,463.8626162824031,41.793488421631025,8.265200011002182,23472.64680576223,19841.070058356217,292,332,273,316,27,7,6573.529361152444,6030.214011671241,1.7067881440002566,0.7654030290000264,1.3054236340000216,0.5849338669999895,0.0,166.34864826288594,0,7,0,2
191400061,boundary,10,642.3712452301538,632.8073496973676,9.563895532786205,1.4888424106467513,20983.562261507697,20995.36748486837,359,341,340,323,14,17,6423.712452301538,6328.073496973676,1.7935407270001633,0.8247506099996826,1.4426372439999966,0.6739138429999798,164.8231572711793,0.0,0,8,0,1
191400062,boundary,14,525.3525697307092,502.7686981860076,22.583871544701594,4.298802907974331,25319.67988114961,24308.808873020535,351,344,328,321,46,22,7354.935976229929,7038.761774604107,3.278176741999687,2.018811440999798,2.2193384509999987,1.6032118189999949,0.0,207.33021546901637,0,9,0,2
191400063,boundary,15,450.5048524213841,422.6661395480492,27.838712873334885,6.179447951272154,24397.863931603802,21089.960466103686,285,340,264,323,38,8,6757.572786320761,6339.992093220738,2.5216771620002874,1.0498769910000192,1.987385893999999,0.8305682909999916,0.0,0.0,0,10,0,3
191400064,boundary,12,571.566529862246,549.7489928095598,21.817537052686248,3.817147420781364,24448.991791734734,22634.93956857359,303,333,283,315,37,10,6858.798358346953,6596.987913714718,2.0410956599998826,1.636429968000357,1.2369757010000058,1.2513815259999888,0.0,190.01500107527318,0,9,0,2
191400065,boundary,13,536.5199959663289,510.7640715136486,25.75592445268029,4.800552569581528,23608.799737811412,22344.664648387152,343,350,326,335,49,7,6974.759947562276,6639.932929677432,3.81516007800019,1.720958571999745,1.9199871330000065,1.3571110230000158,202.25374276409548,202.80380852078997,0,11,0,3
191400066,boundary,10,715.9719525996152,601.1161682393946,114.85578436022058,16.041939065237386,24628.59762998075,19170.80841196972,345,356,324,344,45,1,7159.719525996152,6011.161682393946,3.0143939200002023,0.2062251360002847,2.134004310999984,0.16736390799999867,234.10714682909384,315.26798797881565,0,9,0,1
191400067,boundary,11,544.6912288243459,599.2234430044189,-54.53221418007297,-10.01158294723683,20758.017585339032,22437.28936524303,287,341,266,329,28,5,5991.603517067805,6591.457873048607,1.5736224009997386,0.5043071320001218,1.199684149999996,0.3593716249999943,1450.1346836358252,0.0,0,8,0,3
191400068,boundary,11,650.4423958490602,597.6375222566347,52.80487359242545,8.118301317597265,25134.331771698347,22010.063724114923,327,350,300,325,46,14,7154.8663543396615,6574.012744822982,3.087430553000104,0.943938985999921,2.472853263000019,0.7471545109999909,0.0,0.0,0,9,0,3
191400069,boundary,14,494.8073650470128,460.9161727685776,33.8911922784352,6.849371022441253,23521.515553290894,21694.13209380044,348,334,326,314,29,20,6927.303110658179,6452.826418760086,2.4998591620001207,0.8906043350002619,1.9858140560000095,0.707334851000013,0.0,0.0,0,9,0,2
191400070,boundary,11,623.9683287854701,581.7709332767289,42.19739550874124,6.762746370617368,22758.25808320085,21462.401330220102,361,340,344,322,36,10,6863.651616640172,6399.480266044018,2.5861534279997613,0.8142705929999465,1.0132553950000158,0.6724690459999749,0.0,503.77877605262256,0,8,0,3
191400071,boundary,12,559.1830982825595,527.8964699321637,31.28662835039586,5.595059730254304,23245.985896953563,21018.788195929825,327,345,309,331,19,5,6710.197179390714,6334.757639185964,1.9091219599999931,0.5654745270003332,1.5323059829999863,0.4459413740000002,307.66276014817504,88.5934445545372,0,6,0,2
191400072,boundary,12,530.9940133973162,538.6587682408949,-7.6647548435787485,-1.443472930050449,21784.64080383898,21329.526094453693,324,351,308,329,9,18,6371.928160767794,6463.905218890739,1.5490269120000448,1.3314343010001721,1.2392999559999964,1.091320197999977,801.0534979038157,141.07256172269535,0,7,0,2
191400073,boundary,11,590.541034974972,568.5153197987707,22.025715176201288,3.729751849866758,22684.756923623467,20583.342588932384,304,345,282,327,34,10,6495.951384724693,6253.668517786478,1.9924452340001153,0.4448373000000174,1.5655328990000044,0.3635932250000167,0.0,228.52658365832576,0,11,0,2
191400074,boundary,16,396.6889280852132,361.8964352970336,34.79249278817963,8.770724445504518,23875.11424681708,19511.71482376269,227,303,210,290,49,1,6347.022849363411,5790.342964752537,5.2969746520002445,0.3079377869999007,2.091631747000008,0.24360664700000711,0.0,0.0,0,11,0,3
191400075,boundary,11,616.6286738516098,606.7631557330127,9.865518118597151,1.5999123195122866,22809.57706183854,22211.973565315704,355,360,337,344,18,11,6782.915412367708,6674.3947130631395,1.16239481599996,0.29199016199982,0.9557156890000158,0.23617079299998522,0.0,0.0,0,8,0,1
191400076,boundary,12,570.1441874538242,517.5540362642856,52.590151189538574,9.224009004528844,23273.651247229434,20783.242175857144,348,332,330,319,19,5,6841.730249445891,6210.648435171427,2.505191583999931,0.2511517120001372,2.0071837080000137,0.19536120899999787,0.0,0.0,0,12,0,4
191400077,boundary,16,388.59527837850806,381.9193525584589,6.6759258200491445,1.7179636993804426,23607.622270280644,21008.548204676717,230,299,215,286,17,16,6217.524454056129,6110.709640935343,3.1620764039998903,1.1882935219996398,2.525741076999992,0.9242076960000247,0.0,0.0,0,10,0,3
191400078,boundary,14,473.85510498503265,440.13044228646623,33.72466269856642,7.117083332811546,22824.857348952293,20809.130960052637,323,321,306,307,26,6,6633.971469790457,6161.826192010527,2.2281002349996015,1.0905387840002732,1.8290775010000004,0.8756658020000145,285.8636755278785,284.7744712331805,0,11,0,0
191400079,boundary,16,384.7687077125454,416.0293524219292,-31.260644709383826,-8.124528861826818,21326.496617003617,23522.34819375433,296,308,280,293,17,13,6156.299323400726,6656.4696387508675,2.0335850319997917,1.6019933980001042,1.6300389170000074,1.2563564280000037,0.0,0.0,0,8,0,3
191400080,boundary,10,643.1969821149722,640.868862724188,2.3281193907841953,0.3619605588211616,21854.849105748614,20698.443136209415,323,371,303,352,31,4,6431.9698211497225,6408.688627241881,1.728716973000246,1.2659102960001292,1.4118407849999812,1.0103905580000117,0.0,0.0,0,7,0,2
191400081,boundary,11,620.7917327469066,581.6145576199567,39.17717512694992,6.310840344731561,22598.545301079877,20743.80066909761,369,359,352,336,19,21,6828.709060215972,6397.760133819524,2.0321600190000026,1.0745079700000133,1.6141211430000055,0.8473571380000067,0.0,0.0,0,5,0,1
191400082,boundary,16,330.9857255359244,422.83059149666354,-91.84486596073913,-27.748890322090492,20183.85804287396,23251.447319733095,190,332,178,312,17,21,5295.771608574791,6765.289463946617,1.3758722110001145,2.9821565439997357,1.0931621519999908,1.20123826599999,0.0,0.0,0,8,0,2
191400083,boundary,13,533.600311060422,520.6414403252522,12.95887073516974,2.428572560127751,24399.020218927406,23841.693621141378,316,319,298,301,38,13,6936.804043785485,6768.338724228279,2.7678706990000137,2.0181610280001223,2.1971544470000026,1.6265010679999818,317.98674472174116,317.98674472174116,0,8,0,3
191400084,boundary,11,625.4586969221148,582.043934770185,43.41476215192972,6.94126764334303,22510.228330716305,21007.416412360173,375,354,352,334,32,14,6880.045666143263,6402.483282472035,1.9231688939999003,1.0922484339998846,1.530019698999979,0.8780136999999968,0.0,464.21871501452097,0,4,0,2
191400085,boundary,15,455.13599319861765,431.3818927568332,23.75410044178443,5.219121492643264,23965.199489896324,23048.641956762483,316,292,295,272,28,18,6827.039897979264,6470.728391352498,2.7013734820002355,1.3765528270000686,2.133063389,1.0954024130000164,0.0,0.0,0,11,0,2
191400086,boundary,11,592.396446197963,533.7343416527118,58.66210454525117,9.902507842804964,21691.804540887955,18750.388790899156,351,348,326,326,14,0,6516.360908177593,5871.077758179829,1.5200882839999394,1.337135594999836,1.203359235999983,0.5541818539999781,0.0,667.9173665718163,0,7,0,1
191400087,boundary,12,557.4488095235898,545.9715781743306,11.477231349259227,2.058885256041354,22626.928571415396,21748.294690459836,341,355,324,337,25,10,6689.385714283078,6551.658938091967,1.9858780660001685,1.1154631090003022,1.591266776000026,0.9179265180000016,453.47095469489796,162.85922315295284,0,7,0,3
191400088,boundary,13,549.2972181698542,515.3348982543935,33.96231991546074,6.1828676337768895,24549.31918104049,22896.768386535587,344,338,326,317,40,16,7140.863836208105,6699.353677307115,3.3030391950001103,0.8456955470001049,1.3101630429999886,0.6774640250000061,0.0,0.0,0,8,0,3
191400089,boundary,10,674.58183307426,637.9012720404659,36.680561033794106,5.437525773060092,22249.091653713018,20930.063602023296,364,354,339,331,29,14,6745.8183307426,6379.0127204046585,2.702165910000076,1.1031360649999442,2.1292868569999825,0.8844223880000186,0.0,0.0,0,7,0,3
191400090,boundary,15,440.3917575254348,437.5942349846062,2.797522540828595,0.6352349908971711,23154.381814407618,22184.56762384547,312,336,292,318,16,18,6605.876362881522,6563.913524769093,1.3899600489999102,0.7026380289998997,1.1031057280000027,0.5779706909999902,0.0,0.0,0,8,0,1
191400091,boundary,12,561.4786782334613,521.9202064733008,39.5584717601605,7.045409432931693,24228.720694007658,21195.21238839804,287,323,265,307,44,14,6737.744138801536,6263.04247767961,2.709052104999955,1.4270831080002608,2.1716387630000042,1.1604312559999812,0.0,236.861249520196,0,11,0,3
191400092,boundary,13,518.7108809864561,471.46474538830535,47.24613559815077,9.108375653948231,24481.207264119614,20655.208450239825,287,316,266,302,27,17,6743.24145282393,6129.0416900479695,1.9460367560000122,1.953816161999839,1.5606955019999873,0.7930283160000045,483.10276253766096,620.7697728089497,0,11,0,2
191400093,boundary,13,547.3479399590962,477.7293450999878,69.61859485910833,12.719257674434836,24127.616097341273,21147.40743149921,352,320,330,307,45,3,7115.52321946825,6210.481486299842,2.6613288660000762,0.28382937500009575,2.128728018000004,0.2113786889999858,0.0,178.60710479065528,0,9,0,3
191400094,boundary,11,634.5990371383058,557.5895993373263,77.00943780097953,12.135133098885543,23757.94704260683,20242.427963552942,341,339,319,320,50,5,6980.589408521364,6133.485592710589,1.904600586000015,1.0355268439998326,1.478086759000007,0.8340234279999947,245.74566203627728,244.31074411866484,0,8,0,1
191400095,boundary,10,672.7520872085695,616.3477477007932,56.404339507776285,8.384119585836313,22027.60436042846,19722.38738503967,366,363,346,342,32,4,6727.5208720856945,6163.477477007932,1.8070966840000438,1.0319325630002822,1.4127587790000007,0.4205341100000055,264.47063593505845,266.9588439405925,0,9,0,2
191400096,boundary,13,520.6936583024316,504.35135142752216,16.34230687490941,3.1385646078711082,23195.087789658057,22312.837842788947,322,338,302,324,51,5,6769.017557931611,6556.567568557788,1.9059153739999601,1.105803829999786,1.5483582789999843,0.8669062840000095,0.0,0.0,0,12,0,3
191400097,boundary,10,652.0295968519658,642.0340497761988,9.995547075767035,1.5329897789956304,21956.479842598306,21426.702488809915,339,347,318,332,22,6,6520.295968519658,6420.3404977619875,1.2585387029998856,0.41455881100000624,1.0278712780000205,0.33745451499999035,0.0,78.730833798827,0,5,0,2
191400098,boundary,10,685.6704052652399,637.7274761229909,47.942929142249,6.992124608864092,22878.520263261966,20821.373806149553,356,359,334,341,39,9,6856.704052652399,6377.274761229909,5.17860438300022,0.9512859430001299,2.0901815539999973,0.7469282939999857,197.95744374546848,240.72744047949163,0,7,0,2
191400099,boundary,15,469.88589418023093,406.30968099218444,63.576213188046495,13.530138694408434,24391.442063517323,20753.226074413837,347,312,330,297,10,4,7048.288412703464,6094.645214882767,2.13875490800001,1.2196755300001314,1.710038843999996,0.9955045540000071,0.0,407.3264879355165,0,10,0,2
191500000,plus,11,527.6921365863983,519.2329258240229,8.459210762375392,1.6030579528998445,20738.067512251924,20307.81092032126,263,264,248,248,13,9,5804.613502450381,5711.562184064252,0.5074406520002412,0.43474370500007353,0.4089005699999859,0.3538423520000151,0.0,0.0,0,16,0,6
191500001,plus,12,467.6493539957998,471.80562886098414,-4.1562748651843435,-0.8887588167654448,19963.961239747983,19983.33773165905,259,266,246,248,6,9,5611.792247949597,5661.66754633181,0.8630229659997894,1.5317130839998754,0.6711998119999976,1.242962556000009,358.603596908335,599.1285002942814,0,10,0,7
191500002,plus,10,560.0480548180789,571.7205566618003,-11.67250184372142,-2.0841964798026247,19412.402740903948,20006.02783309002,274,273,265,262,11,13,5600.480548180789,5717.205566618003,0.4127484299997377,0.453662156000064,0.32791729400000236,0.34309429999998997,1393.005798924216,1473.5957324814535,0,8,0,4
191500003,plus,10,602.3751980215056,601.881862326283,0.4933356952226404,0.08189840764410983,20293.759901075275,20324.09311631415,320,314,309,304,2,10,6023.751980215056,6018.8186232628295,1.0659449849999874,0.5326019060003091,0.8485732050000081,0.400362231999992,143.28882789261388,1347.6982594831898,0,9,0,2
191500004,plus,11,522.8668073422803,530.3972761477072,-7.530468805426949,-1.4402269755282804,19662.67440382542,19661.8501881239,286,304,274,288,20,13,5751.534880765083,5834.37003762478,1.0922984449998694,1.3465094929997576,0.8674001939999982,1.0747356519999869,83.53868380309996,129.85578019031618,0,12,0,4
191500005,plus,13,443.62582449536967,430.34171753022895,13.284106965140722,2.994439509974778,21135.678592199034,20112.21163946488,242,251,229,240,12,4,5767.135718439806,5594.442327892976,1.669236261000151,1.0625124529997265,0.6742293439999969,0.4437045299999909,673.1695924033465,697.8367799426205,0,13,0,2
191500006,plus,11,522.2706951503334,519.2332708762737,3.037424274059731,0.5815804528694457,19829.88823326834,19502.829898195043,285,290,272,276,9,10,5744.977646653667,5711.56597963901,0.9471603209999557,0.5843635979999817,0.761005904000001,0.46870534699999666,194.22207997090572,194.01460514981318,0,11,0,1
191500007,plus,13,461.7230695634759,421.51636636804335,40.20670319543257,8.707969310141895,21296.99952162591,19683.563813922843,271,244,257,231,22,9,6002.399904325187,5479.712762784564,1.7733408379999673,0.6178036920000523,1.4246985240000072,0.5032386610000117,199.75639253034205,675.4593548509256,0,10,0,4
191500008,plus,13,442.2421395629408,448.2438280348075,-6.001688471866714,-1.3571046119209784,21280.73907159114,21395.848822262495,233,246,221,229,14,8,5749.14781431823,5827.1697644524975,0.896728818000156,0.6434861610000553,0.7282762490000039,0.5276543849999769,849.9204491159435,426.83552034682816,0,6,0,6
191500009,plus,14,416.4772910567086,424.5976489060302,-8.120357849321579,-1.9497720580918587,20998.410373969607,21476.83542342211,261,265,247,245,3,3,5830.682074793921,5944.3670846844225,1.0001755660000526,1.2252271900001688,0.7785009149999951,1.0006263329999854,63.59287417735504,402.2293646785147,0,11,0,4
191500010,plus,13,477.7800601594142,436.9981875450128,40.78187261440138,8.535700004055059,23660.703910361924,21574.882190425844,232,216,215,203,13,6,6211.140782072384,5680.976438085167,2.137323899000421,0.610550981000415,1.6924201420000031,0.4992504439999834,1318.8186593795772,851.698850549572,0,12,0,4
191500011,plus,13,467.6786596900626,437.41840786720775,30.260251822854855,6.470308447024021,21714.112879854078,20562.19651136851,278,252,261,231,7,6,6079.822575970814,5686.4393022737,1.540825653000411,0.6011142810002639,1.2303890530000103,0.4851822630000129,120.71138559365227,1061.6085580079189,0,16,0,3
191500012,plus,13,461.4385786254212,457.1864493269517,4.2521292984695265,0.921494104618692,22003.507610652377,21682.119206251853,255,257,243,239,5,6,5998.7015221304755,5943.423841250372,1.0335765589998118,1.756623729000239,0.8527013970000041,1.4417851579999876,98.66970886352374,421.5176548602958,0,13,0,8
191500013,plus,12,466.0400338312376,453.8597459187751,12.180287912462518,2.613571158754413,19637.40202987426,19241.584755126518,268,255,256,239,3,8,5592.480405974851,5446.316951025301,0.6122217229999478,0.4637428009996256,0.4887631619999979,0.38634015600001703,419.4194311325846,1097.548968798952,0,7,0,2
191500014,plus,13,437.2989514569375,438.19127094614225,-0.8923194892047377,-0.20405251058384088,20529.431844700943,20962.432611499255,250,239,234,220,10,8,5684.886368940188,5696.48652229985,1.4746302799999285,0.7344751040000119,1.1869911170000194,0.5799354680000022,450.91962752005566,275.3095899506952,0,14,0,8
191500015,plus,13,434.57805800764095,416.7465089890686,17.831549018572332,4.10318668648908,20402.573770496663,19643.523084289463,252,235,238,225,2,8,5649.514754099332,5417.704616857892,1.6199851760002275,0.8396867820001717,1.2965459599999747,0.6769819379999831,190.76428996047616,372.8884660061858,0,11,0,1
191500016,plus,14,398.95638171509546,409.17781653514095,-10.221434820045488,-2.562043192818231,21091.946720056694,21502.447157459876,215,225,204,212,6,7,5585.389344011336,5728.489431491973,0.9568047379998461,1.179767412000274,0.7794487660000016,0.9471144700000025,819.7205190678396,786.0053243866278,0,10,0,8
191500017,plus,16,325.77027683658895,328.2470746632136,-2.4767978266246473,-0.7602896896167888,20151.62214692712,19989.765973057085,175,187,164,176,21,21,5212.324429385423,5251.9531946114175,1.32796829300014,0.6366027730000496,1.0365100190000192,0.48714664900001026,0.0,0.0,0,9,0,4
191500018,plus,13,466.261236389158,431.7654066995349,34.49582968962312,7.398391072945998,21601.980365295276,20109.751435469763,274,252,264,239,14,9,6061.396073059054,5612.950287093953,1.3111744360003286,0.7902941530001044,1.0791347950000159,0.6154398250000099,110.90916283688239,146.83326795143057,0,12,0,3
191500019,plus,12,485.3964914998128,479.3010557730256,6.095435726787173,1.2557642738523,20518.78948998877,20163.063346381547,274,275,261,260,10,8,5824.757897997753,5751.612669276307,1.228604513999926,0.9629435110000486,0.9766381839999951,0.7660840599999972,164.21217533929303,0.0,0,10,0,2
191500020,plus,11,521.9767272082029,522.1626310855535,-0.1859038773505972,-0.035615357478646636,20573.71999645116,20383.94470970544,263,268,251,251,2,7,5741.743999290232,5743.7889419410885,0.9142377950001901,0.9621303170001738,0.7309351760000027,0.7856303629999957,630.1346999454199,815.5296272187161,0,9,0,7
191500021,plus,15,373.81321210587527,359.7298701168439,14.08334198903134,3.7674810661969094,21490.990907940657,20724.740258763297,202,194,188,176,12,10,5607.198181588129,5395.948051752659,1.9634253240001271,1.1183108069999435,0.7849764170000242,0.8887305730000037,211.21415482089742,522.0824979105473,0,12,0,10
191500022,plus,13,425.2295913722116,453.26471519577393,-28.035123823562344,-6.592938119168346,20869.92343919376,21737.20648772532,215,247,202,230,4,5,5527.984687838751,5892.441297545061,0.462110543000108,1.1456234499996754,0.38855023499999675,0.9267650209999942,1100.0505929421952,405.84812079841686,0,12,0,7
191500023,plus,11,534.6624682491711,529.2723844267914,5.390083822379665,1.0081283318857714,20811.43575370441,20139.981143473527,275,288,262,272,9,9,5881.287150740882,5821.996228694706,0.6109370049998688,1.1129773419997946,0.4831533269999966,0.87730903100001,723.7817499882303,724.7108981338461,0,10,0,2
191500024,plus,13,445.3931602705315,456.3176217652782,-10.924461494746708,-2.45276813144395,21010.555417584535,21795.645414743085,252,246,245,233,6,15,5790.111083516909,5932.129082948617,1.4030003170000782,1.0856983240000773,1.1377265769999951,0.8595766219999916,213.2931517192519,213.46602699432333,0,7,0,2
191500025,plus,11,549.3145345700718,545.0338326701414,4.280701899930477,0.7792806544397735,21767.29940135397,21306.86079685777,271,280,258,264,7,5,6042.45988027079,5995.372159371555,0.9150539520001075,0.9376374309999846,0.7428688850000071,0.7492810109999937,0.0,0.0,0,10,0,2
191500026,plus,12,492.15197788288737,487.4602702468883,4.69170763599908,0.9533046389819666,21759.118672973254,21302.616214813297,244,253,232,243,14,7,5905.823734594648,5849.523242962659,2.5223517589997755,0.8228005579999262,1.018723571999999,0.6686904839999954,634.227139929385,474.8244121659736,0,13,0,4
191500027,plus,16,275.1979642128679,358.35250982566197,-83.1545456127941,-30.216264808003213,16085.837137029423,21188.200786052977,179,231,172,222,13,13,4403.167427405886,5733.6401572105915,0.7351095429999077,0.7719576260001304,0.5946927769999775,0.5932800770000028,0.0,0.0,0,12,0,2
191500028,plus,10,601.8062187833885,595.3238755143053,6.4823432690832306,1.0771479367873482,21195.310939169438,20656.19377571527,282,292,268,279,17,11,6018.062187833885,5953.238755143053,0.8525973670002713,0.9231044610000936,0.6610894050000127,0.7594825360000073,480.8525280382555,479.91984491171115,0,9,0,2
191500029,plus,11,516.5414720763486,517.5300494928714,-0.988577416522844,-0.19138393913447072,20059.78096419917,19859.152722107927,269,280,258,260,4,2,5681.956192839834,5692.830544421585,0.982503498999904,1.4329281729997092,0.7708404010000152,1.142583086000002,662.9988154856383,390.7649543130274,0,9,0,4
191500030,plus,16,363.1710031973938,337.88499935135957,25.286003846034248,6.962561334306361,20963.680255791507,20005.799948108783,252,214,242,201,12,18,5810.736051158301,5406.159989621753,1.4374202069998319,0.735049766999964,1.1618054770000015,0.5801234129999955,0.0,0.0,0,16,0,5
191500031,plus,11,544.3802822673047,559.9158964160523,-15.53561414874764,-2.853816468892467,21015.915524701748,21220.37430288288,284,310,268,295,14,5,5988.183104940351,6159.074860576575,1.0744954819997474,2.1961969190001582,0.8571375710000098,0.9818880400000012,150.26541102101055,0.0,0,9,0,2
191500032,plus,12,483.6533883847453,491.9294998569353,-8.276111472189996,-1.7111658205951397,21209.203303084716,21730.769991416135,249,246,233,228,8,13,5803.840660616944,5903.153998283224,0.7259597789998224,1.0503152979999868,0.58761887,0.8234094389999882,445.99648964461085,144.30391627602603,0,8,0,5
191500033,plus,16,303.1595933153173,322.3879223475783,-19.228329032261,-6.34264244188425,18772.767465225385,19761.03378780628,166,186,156,172,10,8,4850.553493045077,5158.206757561253,0.9115355339999951,0.6323669409998729,0.7231972449999944,0.508654890999992,0.0,0.0,0,9,0,2
191500034,plus,13,446.5738484207072,453.9957865851105,-7.421938164403343,-1.661973308703768,21647.30014734598,22124.726128032198,234,234,223,218,6,8,5805.460029469194,5901.945225606437,1.0189518880001742,0.9232550059996356,0.8294908439999915,0.7436881619999838,883.1839988934653,0.0,0,14,0,7
191500035,plus,15,367.19289358319486,365.0178095371044,2.175084046090433,0.5923546136378688,20954.46701873962,21261.335715282836,202,191,190,175,14,6,5507.893403747923,5475.267143056566,0.734306535000087,0.7204030230000171,0.6004217700000254,0.5642417279999847,573.0180787749223,836.8883586499596,0,12,0,3
191500036,plus,15,367.43349497555045,375.61832380850086,-8.184828832950416,-2.2275674223698694,20907.51212316629,21891.37428563756,209,192,198,179,4,14,5511.502424633257,5634.274857127513,1.2592209009999351,1.0899287170000207,0.9992359889999989,0.8630817300000047,0.0,111.32809006554726,0,10,0,3
191500037,plus,13,415.9945175777544,418.8665206264644,-2.8720030487100416,-0.6903944468867218,20149.643642554038,20161.323840720186,216,221,203,204,10,13,5407.928728510807,5445.264768144038,0.6514974599999732,0.8624638840001353,0.5062782970000228,0.6941174319999845,826.4352525528157,835.5521872683639,0,7,0,4
191500038,plus,14,406.97267281416134,399.79364973244986,7.1790230817114775,1.7640061756651892,21238.087096991305,21055.555481271484,229,219,217,206,6,5,5697.617419398259,5597.111096254298,1.3745509800000946,0.6158288830001766,1.0813534739999966,0.48768325900002196,0.0,136.56542611556415,0,12,0,4
191500039,plus,16,302.31380358540895,335.8346698493431,-33.520866263934124,-11.08810311219015,18545.104286832713,20051.773587947457,175,215,164,199,3,3,4837.020857366543,5373.354717589489,1.2067159820003326,1.1607097999999496,0.9738548599999888,0.9237768490000065,0.0,0.0,0,8,0,8
191500040,plus,12,470.74472749059737,476.2733723710585,-5.5286448804611155,-1.1744464797158072,20219.683649435825,20801.402342263515,256,245,244,228,7,14,5648.936729887168,5715.280468452702,0.5616694750001443,1.0378974639997978,0.471219461000004,0.82804673199999,171.32049318603367,142.09380671431882,0,7,0,2
191500041,plus,11,560.8590711048283,566.9875279205094,-6.128456815681034,-1.09269103976668,21837.24891076556,22084.314035628013,291,293,277,276,5,8,6169.449782153112,6236.862807125603,1.7143214110001281,1.7441730179998558,1.3733011639999972,1.409529252999988,455.5294065555645,0.0,0,10,0,1
191500042,plus,12,463.6391176285069,528.5798727786112,-64.94075515010428,-14.006746342343446,20568.347057710413,22494.792366716672,229,296,215,280,10,8,5563.669411542082,6342.958473343334,0.36107052000033946,0.7696984359999988,0.2719130039999982,0.632415989000009,218.51665213992783,0.0,0,14,0,7
191500043,plus,13,438.0731081235686,458.88911699564017,-20.816008872071563,-4.751720314728813,19344.752028031962,21012.792604716604,293,280,284,262,4,12,5694.9504056063915,5965.558520943322,0.806604612999763,1.6008227830002397,0.6483970109999859,1.262317969999998,127.77884747678581,105.67626882753939,0,16,0,7
191500044,plus,13,432.98570264279596,426.3675500443674,6.618152598428537,1.5284921783868644,20829.070671781734,20973.89075288388,231,212,219,196,8,9,5628.8141343563475,5542.778150576776,0.9662431609999658,0.5175342040001851,0.7604576900000097,0.42672521099999017,153.6988362383463,407.5378841019992,0,10,0,4
191500045,plus,10,587.5441560281955,588.4019693031534,-0.8578132749578344,-0.1459997969780913,19597.207801409768,19985.09846515766,317,305,306,288,5,8,5875.441560281955,5884.019693031533,0.6016915010000048,0.8967232929999227,0.46633948300001293,0.7210469620000026,407.33192995788795,707.0875679118635,0,12,0,4
191500046,plus,10,578.9792555969942,567.8429935583177,11.136262038676477,1.92343023191629,20698.962779849724,20212.149677915884,268,264,251,245,3,7,5789.792555969942,5678.429935583177,1.0726579550000679,0.7956019369999012,0.8748640979999891,0.6379109619999781,692.3090551359519,1109.9060317418443,0,7,0,1
191500047,plus,10,578.0980297470793,583.1812048734087,-5.083175126329365,-0.8792929338564459,19664.901487353964,20269.060243670432,298,289,287,271,7,4,5780.980297470793,5831.812048734087,0.8199687020000965,1.1040579900000012,0.6651057069999808,0.8806140979999952,161.8198451055532,198.27158259982116,0,12,0,4
191500048,plus,15,385.6462236592708,403.97526497776363,-18.32904131849284,-4.752812343026358,20903.466774445315,21353.14487333226,253,284,240,264,8,10,5784.693354889062,6059.628974666454,0.9191177590000734,1.011394995000046,0.7437776069999984,0.7910479749999979,367.2149026713405,329.1861565094532,0,14,0,7
191500049,plus,16,211.6716628763438,236.66367157625967,-24.992008699915885,-11.806969511320897,12973.7330301075,14828.093726100775,117,123,109,117,6,3,3386.7466060215006,3786.618745220155,0.9637606609999239,0.6754071980003573,0.7499052720000066,0.5500813929999993,0.0,0.0,0,10,0,6
191500050,plus,15,385.0126409682441,389.4860856805305,-4.47344471228638,-1.1618955421921706,22190.948072618306,21171.456426039786,202,256,189,238,21,5,5775.1896145236615,5842.291285207957,1.7227929860000586,1.1503668199998174,1.355931097999985,0.924216653000002,73.6382253058191,345.76337651971244,0,11,0,5
191500051,plus,14,414.38392531273126,418.9754576114184,-4.591532298687127,-1.1080382269225142,21941.874771891187,21883.28203279928,223,233,213,215,5,13,5801.374954378238,5865.656406559858,1.1168525500002033,1.4090864989998408,0.9059773289999953,1.1517468460000089,622.1967743158248,393.5846846011109,0,12,0,5
191500052,plus,11,558.567930355437,533.0574089785188,25.51052137691829,4.567129616747778,22256.23616954905,21058.15749381855,273,266,264,252,3,5,6144.247233909808,5863.631498763707,0.5514007990000209,0.7612180410001201,0.45734112499999924,0.6065510620000225,189.48057853948012,593.1731851484674,0,11,0,4
191500053,plus,15,366.46117253650607,388.1475130503693,-21.68634051386323,-5.917773051851194,21354.58794023798,22526.0634787777,190,205,177,187,8,10,5496.917588047591,5822.212695755539,1.0671804270000393,1.3039674269998613,0.8702919209999891,1.0215518079999981,875.6185642367536,1111.5889605609036,0,13,0,1
191500054,plus,14,421.703987639742,404.63098682076577,17.073000818976254,4.048574668343319,21884.27913478194,20749.1690774536,234,241,218,219,23,7,5903.855826956388,5664.833815490721,1.597404975000245,1.5372577999996793,1.2550542810000138,1.2407584049999798,0.0,0.0,0,15,0,1
191500055,plus,10,603.0363569488212,594.7100932465192,8.326263702301958,1.3807233355597859,20496.81784744107,19085.50466232596,309,342,297,325,13,15,6030.363569488212,5947.100932465192,1.0324461620002694,0.860919009999634,0.8441501260000166,0.6771350970000185,83.70088725936239,117.8161699503953,0,15,0,7
191500056,plus,16,354.7403996266752,325.6738159034543,29.0665837232209,8.193761904144626,21069.231970134017,19643.90527227634,229,197,219,178,6,13,5675.846394026803,5210.7810544552685,0.736137685000358,1.3465997339999376,0.5854932750000046,1.0708484169999792,0.0,0.0,0,16,0,6
191500057,plus,15,368.05982089674654,356.34289773576404,11.716923160982503,3.1834290231504303,21539.486567255983,20475.71733018232,188,196,174,183,8,4,5520.897313451198,5345.14346603646,1.0425918680002724,1.0832799889999478,0.857604968000004,0.8399947979999922,0.0,0.0,0,7,0,4
191500058,plus,12,509.9259313973655,505.4391990583537,4.48673233901178,0.8798792261292987,22735.555883841946,22011.351943501228,249,266,231,249,12,8,6119.111176768386,6065.270388700244,1.6663947970000663,1.532742017000146,1.341702741000006,1.2357852279999975,932.1734006950464,82.4707044445804,0,7,0,4
191500059,plus,15,357.35190247904677,355.79707163444453,1.554830844602236,0.4350979619293871,20881.39268592851,19904.780372583347,181,213,168,198,12,6,5360.278537185702,5336.956074516668,0.7524165310001081,0.7407291509998686,0.5922719099999938,0.5988047980000033,575.4063932118734,111.94870359137349,0,8,0,3
191500060,plus,14,404.8106973187308,395.27499465995146,9.535702658779314,2.3555955220400993,21056.748812311147,20344.24962619662,230,229,218,214,6,12,5667.3497624622305,5533.84992523932,0.9222936659998595,0.8756858990000183,0.7378759419999881,0.6897517040000025,614.9297592226467,1673.7554239696997,0,11,0,2
191500061,plus,15,384.9790351601675,374.3990137193812,10.580021440786311,2.748207168316208,21573.427637012566,21634.926028953596,220,198,207,182,26,14,5774.685527402512,5615.985205790717,1.6498239530001229,0.777297508999709,1.3419641410000054,0.6310580610000045,0.0,0.0,0,12,0,4
191500062,plus,16,302.24457970389636,304.2088283902089,-1.9642486863125441,-0.649887150412054,18669.56637631171,18621.70627121672,163,176,156,165,17,6,4835.913275262342,4867.3412542433425,1.4516716100001759,2.093455138000081,1.153862389000011,1.6682434159999957,0.0,0.0,0,10,0,2
191500063,plus,14,398.7093402819886,406.5206048236674,-7.811264541678781,-1.9591375853282633,20259.653819739196,20396.442337656717,238,254,228,236,14,12,5581.93076394784,5691.2884675313435,0.7519170200002918,1.2342255499997918,0.6028525469999977,0.9900487810000129,137.5762900041782,325.34344665241497,0,10,0,3
191500064,plus,13,433.1416178953065,429.71573337622186,3.4258845190846614,0.7909386624475157,20809.20516319492,19666.522669454414,233,262,218,245,7,11,5630.841032638985,5586.304533890884,0.8049206609998691,0.9779878800000006,0.6501361409999902,0.7651693450000039,479.03702115311444,566.6832751986085,0,12,0,7
191500065,plus,10,581.3353426025154,564.5819144930813,16.75342810943414,2.8818870764733773,20641.76713012576,20149.095724654075,273,263,258,245,4,2,5813.3534260251545,5645.819144930813,0.8103835670003718,0.5027677970001605,0.6487203689999888,0.4031053059999863,673.0299093710391,159.30688790032946,0,8,0,3
191500066,plus,11,577.1813783479948,525.2260705189346,51.95530782906019,9.001556491265594,22809.97580913972,20187.43387854141,283,279,269,260,16,10,6348.995161827944,5777.486775708281,1.5157797670003674,0.769753540000238,1.2101346069999863,0.6265492329999915,92.6254365266941,171.53982320820796,0,12,0,6
191500067,plus,10,583.6895544993291,587.0051621375409,-3.315607638211759,-0.5680429969413758,20219.477724966444,20255.258106877045,288,293,279,280,8,8,5836.895544993291,5870.051621375409,0.23617731099966477,0.4419997330001024,0.20153779100002112,0.36075087300000064,147.8072688680877,146.20737096906487,0,10,0,0
191500068,plus,10,561.9346354786451,549.7466182375468,12.188017241098237,2.168938604525905,20026.73177393225,19437.330911877354,257,262,243,244,12,2,5619.346354786451,5497.466182375469,0.7863342919999923,0.489127341999847,0.6037275680000107,0.3870931830000188,1092.4908335503096,751.1080132839297,0,9,0,4
191500069,plus,12,456.60299847645257,454.0850554504945,2.5179430259580613,0.551451268248282,20376.17990858715,20055.103327029687,223,228,211,214,6,8,5479.235981717431,5449.020665405934,0.3452746949997163,0.3569091379999918,0.2642171729999916,0.3008832569999811,598.9274650813959,1156.7191557270216,0,8,0,3
191500070,plus,10,597.4394377667679,586.6182475608816,10.821190205886296,1.8112614470741972,19826.9718883384,19280.912378044093,326,326,311,309,6,7,5974.39437766768,5866.182475608816,0.615146606000053,1.1578570799997578,0.503691109000016,0.9356124749999992,136.58184625054855,892.8203385594579,0,7,0,5
191500071,plus,10,573.9025998679217,590.2830079100578,-16.380408042136082,-2.854213946043438,19905.129993396098,20374.15039550289,279,294,265,284,16,8,5739.025998679217,5902.830079100578,0.7010737519999566,0.7505748759999733,0.5477267770000083,0.5955484090000027,359.40737021992663,362.2600709486487,0,11,0,2
191500072,plus,16,329.4963542518225,356.5060484360724,-27.009694184249895,-8.197266475248256,20044.70834014581,22050.483874885802,193,197,185,175,11,18,5271.94166802916,5704.096774977158,0.8326645209999697,1.383337372999904,0.6613348150000036,1.1304424660000052,0.0,0.0,0,14,0,3
191500073,plus,12,479.4252076641444,479.7620430721609,-0.3368354080164977,-0.07025817638117715,21035.512459848676,20725.72258432966,245,259,231,245,10,4,5753.102491969733,5757.144516865931,1.305528360000153,0.3174695350003276,1.0241437709999843,0.25346870699999613,248.99681827899622,357.2188861728537,0,14,0,6
191500074,plus,10,568.4034216648686,565.6564341981442,2.746987466724363,0.4832813037399353,20010.171083243436,19262.821709907217,269,292,257,276,10,6,5684.034216648685,5656.564341981442,0.8862316260001535,0.5338355690000753,0.702977734000001,0.4347737260000031,512.3507739685128,513.1327504914188,0,9,0,6
191500075,plus,11,517.6675445770016,540.2113858363272,-22.543841259325518,-4.35488789967442,20066.71495173509,20476.62622099799,269,297,257,286,8,7,5694.342990347018,5942.325244199599,0.5465681340001538,0.6158373440002833,0.4349701350000146,0.4877430940000238,82.94154093015459,167.59605035886216,0,10,0,3
191500076,plus,14,400.2614463498011,438.31413173038027,-38.05268538057919,-9.506957446839316,20523.301244486083,22961.989221126616,233,246,219,229,15,5,5603.660248897215,6136.397844225324,1.0191160340000351,0.9028753479997249,0.8332851840000046,0.7277714949999847,297.0393149835227,220.565198541266,0,14,0,14
191500077,plus,13,449.05497596718845,460.44293224846365,-11.387956281275194,-2.53598265039765,21863.57343786726,21623.79059615015,223,260,207,236,26,20,5837.71468757345,5985.758119230028,1.7540293940000993,1.7825332060001529,1.3681174749999911,1.4395445359999997,288.9435695408283,880.6661118814936,0,15,0,4
191500078,plus,11,510.7551637741536,507.73366042458747,3.0215033495661032,0.5915756831980201,20231.534007578444,20340.35132335231,253,245,240,231,4,2,5618.30680151569,5585.070264670462,0.6925939279999511,0.8211128760003703,0.5586908429999937,0.6639340199999992,324.45232750996547,623.1315669440382,0,8,0,3
191500079,plus,10,570.8175546328868,564.3003437884333,6.517210844453416,1.141732729058209,19475.877731644337,19240.017189421666,293,291,280,278,6,4,5708.175546328867,5643.003437884334,1.089682434000224,0.7544065159995625,0.8468659890000083,0.5851494460000026,239.80422521488072,499.84149688240905,0,7,0,1
191500080,plus,11,532.7737144707681,574.2723364412892,-41.49862197052107,-7.789164675990778,21272.55429589227,22954.978504270905,253,277,241,262,15,8,5860.51085917845,6316.995700854181,0.9647272860001976,1.031062565999946,0.7643649219999986,0.8415577449999887,473.4557806221983,98.18308365174653,0,11,0,8
191500081,plus,14,427.4074014320428,402.0766315040375,25.33076992800528,5.926610031350343,22418.51810024301,19955.364205282614,233,260,220,244,15,8,5983.703620048599,5629.072841056525,1.2645833130000028,1.6397897300003024,1.0100872799999934,1.3010194869999907,620.3325650007691,224.1337374609884,0,15,0,3
191500082,plus,10,579.2077780502025,573.1475068113915,6.060271238810969,1.0463034973756336,20005.388902510123,19792.375340569597,290,286,279,272,4,7,5792.077780502024,5731.475068113915,0.5734637189998466,0.41950667599985536,0.45809846099999163,0.32995303900000295,890.8229760477361,177.16154142648975,0,9,0,4
191500083,plus,15,391.02914331511363,372.0698351770144,18.95930813809923,4.848566523038089,22527.18574863353,21340.23763827607,209,204,198,188,14,10,5865.437149726705,5581.047527655216,1.0370675350000056,1.1820173329997488,0.8407532319999973,0.9386808449999933,511.40799099199194,511.39159221045975,0,14,0,5
191500084,plus,15,385.684454228851,364.5829199083384,21.1015343205126,5.471191303964695,22421.33406716383,20718.718993125396,203,208,190,186,7,8,5785.266813432765,5468.743798625076,1.1817083280002407,1.16222212699995,0.9535783620000018,0.9264637410000205,414.48708818498835,796.5560885366203,0,13,0,3
191500085,plus,12,475.3884219703877,470.2645161806027,5.123905789784999,1.077835629346513,20973.305318223258,20205.870970836164,240,255,229,240,7,9,5704.661063644652,5643.174194167233,1.010163380999984,0.954441283000051,0.8124815140000123,0.766160957000011,643.3192801701989,643.1015133708133,0,8,0,2
191500086,plus,11,533.0802703798319,526.6132886057266,6.466981774105307,1.2131347066169695,21139.414870890756,20583.730873314966,261,272,249,255,9,2,5863.882974178151,5792.746174662992,0.7126641170002586,0.3029431830000249,0.5668291140000008,0.25110410600001387,1073.1884826970436,163.25778591521157,0,9,0,5
191500087,plus,14,415.1589058485266,418.3495211891204,-3.1906153405938085,-0.768528699648785,22091.123409396867,22814.466483238455,215,198,201,183,16,17,5812.224681879373,5856.893296647686,1.8419958409999708,1.110820650000278,1.449610199999995,0.8947923720000119,0.0,117.31089738433002,0,10,0,3
191500088,plus,11,523.4935156347855,525.0630593774354,-1.5695437426498984,-0.29982104759151973,19822.143359913203,19733.468265758944,289,294,276,280,6,8,5758.4286719826405,5775.693653151789,0.8591992390001906,0.7210447039997234,0.6787167029999921,0.5732624089999945,343.807661326372,344.6309404432959,0,9,0,0
191500089,plus,12,501.426188594065,478.5458491050172,22.8803394890478,4.563052351374253,22290.5713156439,20917.750946301043,249,250,236,231,6,6,6017.11426312878,5742.550189260207,1.1817300089996934,0.7336901820003732,0.9374995469999874,0.5932504259999973,467.06349294638676,314.1622255274715,0,11,0,6
191500090,plus,16,302.1477809308781,263.88122785292364,38.266553077954484,12.66484663897256,18576.82247447027,14705.498228233877,169,198,158,187,12,8,4834.36449489405,4222.099645646778,1.610526795000169,1.2904949189996842,1.2881222310000169,1.047554711999993,0.0,0.0,0,14,0,2
191500091,plus,14,417.8776540131995,405.9946469525794,11.883007060620116,2.8436569762700814,21911.435780923977,21334.625286680573,230,217,212,202,12,20,5850.287156184793,5683.925057336111,2.369507402000181,1.574517035000099,1.8867651420000016,1.252602335000006,1164.4232401029822,1576.4857215750844,0,9,0,2
191500092,plus,13,433.93843211155513,441.93333385405356,-7.994901742498428,-1.84240462491303,21155.99808725109,20455.66670051348,224,262,213,246,4,11,5641.1996174502165,5745.133340102696,0.36097770200012746,1.291320197999994,0.2931372529999976,1.0390127750000033,674.8409372155984,261.230404278439,0,16,0,5
191500093,plus,16,334.48297900674567,278.84247731494776,55.64050169179791,16.634778205164146,19153.638320539656,16492.398185195816,238,178,227,169,8,8,5351.727664107931,4461.479637039164,0.9133661949999805,0.93517856499966,0.7454026770000155,0.7466242950000037,0.0,0.0,0,9,0,5
191500094,plus,16,354.25776098692273,298.6525466901565,55.605214296766235,15.69625860612236,21965.620878953825,18507.20373521252,198,164,187,153,6,8,5668.124175790764,4778.440747042504,1.2931438890000209,0.8707406789999368,1.040155100000021,0.6946041910000247,0.0,0.0,0,16,0,5
191500095,plus,12,495.07920029616577,477.7442677725833,17.334932523582438,3.5014463369118176,21494.752017769937,20394.656066355008,262,265,251,251,7,6,5940.950403553989,5732.931213271,1.0494576409996625,1.464952290000383,0.843156160999996,1.1725777979999918,890.9224120842191,1147.731761719475,0,13,0,6
191500096,plus,14,407.12964288712664,399.4311145113941,7.698528375732508,1.8909279906859644,21564.07500209887,20790.17801579759,217,226,202,213,10,7,5699.815000419773,5592.035603159517,0.7826230139999097,1.0640398939999614,0.6277641509999796,0.8375581859999954,883.810125713052,883.4904123212282,0,14,0,6
191500097,plus,16,318.11374219806123,271.6353217076741,46.47842049038712,14.610629572063294,19189.0993758449,16130.825736613926,194,171,184,161,6,8,5089.81987516898,4346.165147322786,0.8450878730000113,0.8930701280000903,0.6687066530000152,0.7179440329999807,0.0,0.0,0,11,0,1
191500098,plus,12,474.95484149064606,475.98993876415966,-1.0350972735135997,-0.21793593476486794,20757.29048943877,20999.396325849557,247,242,235,230,6,4,5699.458097887753,5711.879265169916,1.010315489000277,1.491534302999753,0.8207856619999916,1.210385778000017,353.504597220317,424.7713897342228,0,13,0,2
191500099,plus,13,462.1870540539686,465.80804312122234,-3.6209890672537313,-0.7834466663427797,22147.15851350795,22177.52280287947,249,256,239,236,10,13,6008.431702701592,6055.5045605758905,0.828131072999895,1.4947049060001518,0.6467189770000061,1.1664862400000118,0.0,177.51756620366086,0,15,0,3
191600000,minus,12,494.8973117232269,488.5907778333514,6.306533889875482,1.2743116077790329,21363.838703393605,20860.446670001093,267,271,256,255,5,7,5938.7677406787225,5863.089334000217,1.192125758000202,1.2718869660002383,0.9654188490000024,1.0186146570000005,0.0,0.0,0,14,0,7
191600001,minus,16,389.64231926517755,328.4301079504268,61.21221131475073,15.709846771826586,22836.385541214215,18804.408636034143,258,232,246,221,17,11,6234.277108242841,5254.881727206829,1.5144574390001253,0.6524388500001805,1.2326647900000012,0.5243937959999982,0.0,0.0,0,16,0,5
191600002,minus,12,473.27217860029606,499.3293662916515,-26.057187691355466,-5.505750996904091,20236.330716017776,20994.7619774991,261,290,249,271,6,4,5679.266143203553,5991.9523954998185,0.8011271919999672,0.5855108910000126,0.6388040910000257,0.4655372500000112,0.0,467.1281419363768,0,14,0,7
191600003,minus,10,575.2449156033218,583.2864853162442,-8.04156971292241,-1.397938424973022,19982.245780166097,20399.32426581221,285,284,272,268,3,5,5752.449156033218,5832.864853162442,0.6242128820003927,0.8497646669998176,0.49638182199998937,0.6777271480000024,612.6356196998313,858.5606847391882,0,7,0,3
191600004,minus,15,371.66158969462873,395.62717420620515,-23.965584511576424,-6.448227413348651,21149.619227097166,22412.038065465404,212,225,195,207,5,15,5574.923845419431,5934.407613093077,1.3662337599998864,1.1656968150000466,1.0975351369999942,0.9464168010000265,79.46986875388666,1019.4872133428744,0,16,0,7
191600005,minus,13,444.34652697859957,461.62950285450654,-17.28297587590697,-3.889526490377926,21122.524253608986,21650.91768554292,243,263,230,243,14,16,5776.504850721794,6001.183537108585,1.3289622469997084,1.1893158410002798,1.0488306190000003,0.952096790000013,845.1827426329301,175.35758604273542,0,13,0,6
191600006,minus,12,504.64647073623763,506.4179498552285,-1.7714791189908965,-0.3510336882781351,22498.78824417425,22550.076991313716,247,249,234,232,9,10,6055.757648834851,6077.015398262743,1.4598684459997457,1.653846620999957,1.169085310000014,1.3393287649999763,473.22518256337116,472.0862828850668,0,11,0,2
191600007,minus,12,491.4266764212689,505.0649794289406,-13.638303007671709,-2.775246778825746,21295.600585276123,21683.898765736427,259,270,247,254,12,20,5897.120117055227,6060.779753147287,1.0107371620001686,1.4969949699998324,0.805833583000009,1.2275152679999906,1337.2342828649862,1336.760766098805,0,16,0,4
191600008,minus,11,525.3378096967836,502.1441044981503,23.193705198633268,4.415007785565694,20108.57953332309,19892.92574739827,284,248,270,229,4,7,5778.715906664619,5523.585149479653,0.8029940299998088,0.8810839699999633,0.6517513400000041,0.6908777710000038,0.0,1704.5845559362178,0,9,0,2
191600009,minus,13,438.0050783314454,441.0729174370023,-3.067839105556857,-0.7004117662844589,20590.33009154397,20709.73963340515,249,252,236,237,10,10,5694.06601830879,5733.9479266810295,1.2310308179999083,1.214346000000205,0.9801256829999829,0.9661380949999909,637.9816539127878,175.8266238015658,0,12,0,4
191600010,minus,16,307.1822297345605,353.3662456223333,-46.18401588777277,-15.03472903614278,18409.578378764843,20354.299649786673,192,245,175,227,6,17,4914.915675752968,5653.8599299573325,1.4945267500002046,1.2941347229998428,1.1778620030000013,1.0307493010000144,0.0,0.0,0,12,0,2
191600011,minus,13,450.75600999399796,455.78519187743535,-5.0291818834373885,-1.115721537135883,21514.140649609875,21496.037472033306,240,260,226,246,22,5,5859.828129921973,5925.20749440666,0.8901152589996855,0.6696446249998189,0.7186723789999974,0.5370500459999903,0.0,0.0,0,13,0,3
191600012,minus,11,532.921756383096,531.2380518598842,1.683704523211759,0.3159384099157392,21085.696601070278,20298.09285229365,261,286,246,272,13,9,5862.139320214055,5843.618570458726,0.209054167999966,0.4737998390000939,0.17360229700000218,0.39232787800000324,836.4312834590528,653.8239216238035,0,10,0,3
191600013,minus,14,433.84072510959356,401.62984784302205,32.210877266571515,7.424585891155022,22668.85075767155,21114.08934901156,238,217,223,200,19,15,6073.77015153431,5622.817869802308,1.1878047160003007,1.0042985800000679,0.9633929469999885,0.8069255089999956,0.0,1360.6460253670712,0,7,0,2
191600014,minus,15,390.6489254226465,391.0843568277581,-0.435431405111558,-0.11146361266460847,22303.6694066985,21896.326762081862,213,233,196,214,21,11,5859.733881339698,5866.265352416372,1.863774094999826,1.2363257340002747,1.49981127800001,0.9896697990000121,522.5538424138595,395.0068596181636,0,13,0,6
191600015,minus,13,433.8178792937342,432.82415640673906,0.9937228869951582,0.22906453016942052,20333.162154092734,20253.570166438043,247,251,234,235,13,7,5639.632430818545,5626.714033287608,1.2181730990000688,1.1655818890003502,0.9615730989999918,0.9107954549999988,424.9902504282909,113.66758560779726,0,11,0,5
191600016,minus,15,388.7909264661052,383.54716377235206,5.243762693753126,1.348735872366169,21749.3194849579,21251.037282926412,232,235,217,217,10,12,5831.863896991578,5753.207456585281,1.4788433769999756,0.87530522499992,1.1981709019999869,0.7065929230000165,745.5057090934824,745.5061143461335,0,10,0,2
191600017,minus,14,420.0937868822227,413.11402835165916,6.979758530563515,1.6614762580433817,22101.565081755605,20862.98198461614,227,254,214,235,14,12,5881.313016351118,5783.596396923228,1.0994077760001346,1.5488477479998437,0.8816925209999908,1.21927101899999,215.91970921503253,111.39101304768701,0,9,0,8
191600018,minus,16,290.7381332736994,293.2667237951727,-2.5285905214732907,-0.869714093917251,18354.050661895966,17311.337903613825,144,191,136,174,15,7,4651.810132379191,4692.267580722763,1.2435678769998049,1.3004318130001593,0.9764961209999967,1.0543050059999928,0.0,0.0,0,14,0,4
191600019,minus,12,469.1284292537362,470.68826229423075,-1.5598330404945386,-0.33249595275559596,20467.705755224193,20896.295737653854,243,230,234,217,9,14,5629.541151044835,5648.259147530769,0.4276166119998379,0.6037249619998875,0.3424746729999981,0.47929794899999933,664.9362770833759,123.31715326767062,0,14,0,5
191600020,minus,15,407.267338219289,408.7945701351816,-1.5272319158925711,-0.3749949413007547,23405.05036644669,23309.59276013862,226,233,214,215,3,5,6109.010073289335,6131.918552027723,0.8667713370000456,1.2766808890000902,0.6757885410000029,1.0084033560000023,635.9209031505725,0.0,0,11,0,3
191600021,minus,16,328.3439762286791,292.4993917113181,35.844584517361,10.916778473924737,19737.518098294324,17379.951336905433,201,183,194,170,9,13,5253.503619658865,4679.990267381089,1.3486155850000614,1.0832650969996394,1.0658387059999939,0.8847253380000097,0.0,0.0,0,14,0,3
191600022,minus,14,400.8191675380178,375.0224303820579,25.796737155959875,6.436003875366825,21002.341727661238,19841.570126744053,221,197,209,179,9,16,5611.468345532249,5250.314025348811,0.6418568599997343,0.5071020230002432,0.5141216300000053,0.40101280400000405,178.55342931852192,589.581325395372,0,8,0,1
191600023,minus,14,406.9587842286356,427.8715957718463,-20.912811543210694,-5.138803326938768,21052.114896004496,21771.011704029235,232,257,218,242,13,13,5697.422979200898,5990.202340805848,0.3773887779998404,1.5325992699999915,0.3038038469999833,1.2202730529999997,88.65163476694306,178.5215729623369,0,16,0,3
191600024,minus,11,561.5629029455008,563.0641973661054,-1.5012944206046086,-0.26734216464976424,21635.959662002533,21138.5308551358,295,316,281,295,13,12,6177.191932400508,6193.706171027159,1.902994819000014,1.9689805089997208,1.5247950579999952,1.5681323830000053,211.16695769458966,153.75274173161324,0,10,0,1
191600025,minus,14,410.38713093784384,423.51503270611096,-13.127901768267122,-3.1989067830334728,21267.09916564908,22386.052289427764,233,228,224,215,11,9,5745.419833129814,5929.210457885553,0.9205047119999108,1.2575372599999355,0.7277173279999829,1.01175564899998,807.4586775231037,171.74060703597752,0,15,0,6
191600026,minus,16,332.78975137996133,356.91402908522326,-24.12427770526193,-7.249104759154124,19678.180110396905,21668.12232681787,215,215,204,198,10,8,5324.636022079381,5710.624465363572,2.1775511000000733,1.1606596709998485,1.7614385739999818,0.9068202260000078,0.0,0.0,0,16,0,4
191600027,minus,15,378.24309716263923,375.777502517496,2.4655946451432555,0.6518544987704211,20873.23228719795,21893.312688812195,233,197,223,180,12,6,5673.646457439589,5636.66253776244,1.409775374000219,0.9213447590000214,1.1261667770000088,0.7197257870000158,370.9333838988523,156.13317447320787,0,15,0,5
191600028,minus,11,512.7376761288538,536.6501238104048,-23.912447681551043,-4.663680629457345,20600.57218708695,20875.756809572256,240,281,226,265,13,1,5640.114437417391,5903.151361914453,1.2582059930000469,1.120279856000252,1.03430174799999,0.8986304139999959,370.6968596675706,474.8692291544394,0,12,0,3
191600029,minus,10,579.7854434730003,604.8789146413715,-25.09347116837114,-4.3280616046614595,20394.272173650017,20358.945732068554,274,319,260,302,13,10,5797.854434730003,6048.789146413715,0.8236859680000634,0.8278247029998056,0.6590296130000013,0.6673985410000114,1616.9123000927293,429.78625012937846,0,10,0,8
191600030,minus,11,513.6392200363885,515.0309317647166,-1.3917117283281186,-0.27095121907347863,20100.15710200137,20196.7012470594,261,262,246,249,8,4,5650.0314204002725,5665.340249411882,0.9086564019999059,1.0356332370001837,0.7204869050000013,0.8068038979999983,1871.1818981853721,149.44017120041008,0,10,0,7
191600031,minus,11,549.9999708934512,547.7434062905662,2.256564602884964,0.4102844949644746,21454.998399139808,21155.88734598115,282,289,273,270,7,8,6049.9996798279635,6025.177469196228,1.3573601990001407,1.509164542000235,1.0943620870000075,1.1945479729999988,0.0,441.24947043673274,0,11,0,9
191600032,minus,15,384.4033255442449,383.59794772153094,0.8053778227139787,0.20951375006282857,21705.249415818373,21419.846079114825,224,235,212,217,6,1,5766.049883163674,5753.9692158229645,1.161147876999621,1.1193807290001132,0.9082773519999989,0.9087854049999748,434.5461637339631,434.5461637339622,0,14,0,1
191600033,minus,12,488.8513615938809,472.33600279964327,16.515358794237613,3.3784008988723913,21556.081695632856,20480.1601679786,249,253,235,235,5,4,5866.21633912657,5668.032033595719,1.4322709680000116,0.4628049599996302,1.144808267000002,0.3912311509999995,389.77260414487955,1061.9554651630197,0,10,0,5
191600034,minus,10,593.8832746424063,584.4138208667338,9.469453775672491,1.5944974677682744,20964.16373212031,19920.691043336694,282,299,265,282,7,11,5938.832746424063,5844.1382086673375,0.7354525350001495,0.7555368610001096,0.602984307000014,0.6019240439999862,406.7710722708034,167.79559345913276,0,9,0,2
191600035,minus,13,438.7932536044167,433.4741414921457,5.319112112271,1.2122137404296351,21011.561484287082,20620.819196989483,238,241,229,223,6,6,5704.312296857417,5635.163839397894,1.0764158999995743,1.299485986000036,0.8496364209999854,1.025242133000006,399.4263341273563,376.4562337565221,0,6,0,4
191600036,minus,14,403.0252848678061,430.84642750983693,-27.82114264203085,-6.9030762303551985,20671.76994074643,22089.24992568858,239,256,228,240,5,8,5642.353988149285,6031.849985137717,1.6958881380001003,1.806659442000182,1.3543068470000037,1.4475074499999891,134.73272412033475,403.6296123100765,0,11,0,1
191600037,minus,12,475.1331240914653,458.36361160953044,16.76951248193484,3.5294345166948737,20277.987445487925,19961.81669657185,262,235,252,225,8,16,5701.597489097583,5500.3633393143655,1.0948212540001805,0.5228756340002292,0.8852966080000044,0.4160268100000053,651.359094785139,409.0875494154452,0,12,0,6
191600038,minus,11,545.8969610958937,529.2678756484814,16.629085447412308,3.0461949108544717,21399.33286027417,20869.73316066649,277,267,264,252,7,2,6004.8665720548315,5821.946632133296,0.5945554539998739,0.7371267560001797,0.47855934399999,0.6034360060000097,882.1417040515025,140.14968346701608,0,9,0,3
191600039,minus,11,535.1291888921664,534.903851789714,0.2253371024523858,0.04210891633829039,21127.105389069162,20919.711848434246,267,271,253,257,6,11,5886.421077813831,5883.942369686854,1.6073197260002416,0.6949238570000489,1.3035347410000213,0.5731958240000097,0.0,265.6240480777451,0,7,0,4
191600040,minus,16,269.0540637002792,277.7232406618532,-8.66917696157401,-3.222094787325447,16644.32509602233,16957.859252948263,150,161,143,152,1,5,4304.865019204467,4443.571850589651,1.5895001339999908,1.0622325610002008,1.2686777739999968,0.8113930230000221,0.0,0.0,0,15,0,2
191600041,minus,10,569.0359282047186,553.7427315053172,15.293196699401392,2.6875625846070395,19786.796410235947,19567.136575265882,281,264,263,248,5,2,5690.359282047187,5537.427315053173,0.9828403379997326,0.46303646000023946,0.7655659990000174,0.3567365190000089,99.14629333307039,0.0,0,6,0,1
191600042,minus,14,420.16295367837614,411.17119128994216,8.991762388433983,2.140065493569654,21116.406757486337,21111.983390295944,258,241,248,229,17,10,5882.281351497266,5756.39667805919,1.3562941440000031,0.6614020729998629,1.078011368999995,0.5280403429999865,109.93460182750005,99.83726366684732,0,16,0,9
191600043,minus,16,365.36438841767955,319.4563807664125,45.90800765126704,12.564992403908192,21714.151073414356,19406.510461313013,232,192,221,175,14,5,5845.830214682873,5111.3020922626,1.1397597480004151,1.317348621000292,0.9182062400000177,1.063535029999997,0.0,0.0,0,10,0,4
191600044,minus,12,472.16237817940527,487.6033520368951,-15.440973857489837,-3.2702677237919975,20909.742690764317,20911.2011222137,237,265,227,251,4,11,5665.948538152863,5851.240224442741,0.6179398710000896,0.7022219450000193,0.4943505020000032,0.568917042999999,427.0120792631242,425.44201147364674,0,8,0,6
191600045,minus,13,443.6557492711341,441.8237022752976,1.8320469958364924,0.41294336855688396,20452.623702623718,20133.54064789434,266,276,252,260,10,4,5767.524740524743,5743.7081295788685,0.7271934999998848,0.8214057240002148,0.5865060140000082,0.6663936409999849,692.2445960774076,691.461828930429,0,12,0,2
191600046,minus,10,566.3534571321723,589.2887357875873,-22.935278655415004,-4.049640443893776,20007.67285660862,20744.436789379342,271,280,257,264,0,10,5663.534571321722,5892.887357875873,0.18728936800016527,0.455082093999863,0.1409704060000081,0.3695678710000152,268.7774307942018,644.2020240035326,0,14,0,4
191600047,minus,13,421.6326232943678,474.2100270133709,-52.57740371900309,-12.469956263867065,20231.120514133916,21388.65175586912,224,301,211,287,13,10,5481.224102826782,6164.730351173822,0.8178718740000477,1.438620427999922,0.6548222650000071,1.163088130999995,786.4795718622827,407.93927408975014,0,13,0,3
191600048,minus,14,410.4174853820146,408.30104405369394,2.1164413283206613,0.5156801071354633,20904.223976741025,20611.073083758565,244,253,236,241,13,6,5745.844795348205,5716.214616751715,0.600165530999675,1.1814784429998326,0.48847020599998814,0.9410675290000086,206.0806336357,137.56733245498435,0,13,0,3
191600049,minus,13,469.0246288194515,462.9057433269997,6.1188854924517955,1.3045979073323277,22011.600873264353,21513.873316254994,264,273,247,258,21,9,6097.320174652869,6017.774663250996,1.3960440109999581,1.1663446500001555,1.0968213849999984,0.9140708820000043,426.91701533694595,97.03038911066687,0,11,0,2
191600050,minus,13,430.33169178564447,432.7047368126556,-2.3730450270111305,-0.551445564504971,19906.55996606689,20445.807892822613,256,242,241,222,9,13,5594.311993213378,5625.161578564523,1.0045489670001189,0.6385927589999483,0.819466086999995,0.5193306809999854,139.4119651602232,1043.9745119569952,0,8,0,6
191600051,minus,12,467.8240084036283,468.00758363854726,-0.1835752349189761,-0.03924023385319941,20644.440504217706,19985.455018312823,235,254,223,241,9,16,5613.888100843539,5616.091003662567,0.6645496099999946,0.7681629329999851,0.5176176209999994,0.6430752559999746,108.22603715129299,549.130890584468,0,10,0,5
191600052,minus,12,480.1306911033089,480.0813702060721,0.04932089723678246,0.01027239002852065,21262.841466198533,21294.882212364322,236,239,224,223,15,8,5761.568293239707,5760.9764424728655,1.0877827320000506,0.7176303729997926,0.8766728670000248,0.5641067460000215,843.585408406504,903.5362056553622,0,8,0,3
191600053,minus,15,387.96891982900786,391.63227756460486,-3.6633577355970033,-0.9442400018051966,22217.668987175595,21927.420817345366,213,233,200,222,12,9,5819.533797435118,5874.484163469073,0.46995422700001654,0.951499892999891,0.36761638500001936,0.7712516400000027,170.19381631919168,426.96218586102987,0,16,0,4
191600054,minus,16,354.78615521942066,327.95219752119493,26.83395769822573,7.563417372256264,21757.89241755366,20241.175801695586,206,184,194,175,7,8,5676.578483510731,5247.235160339119,1.2585832519998803,0.8859821649998594,1.0197967480000045,0.7092417770000168,0.0,0.0,0,14,0,4
191600055,minus,14,436.69111648338514,404.6687465165156,32.02236996686952,7.332956581471439,22548.378153836977,21311.812256156096,248,218,234,207,20,12,6113.675630767392,5665.362451231219,1.4617788380001002,0.44109169300008944,1.1603222150000079,0.3554620079999893,669.4508818391168,430.4050909505031,0,13,0,6
191600056,minus,15,378.1204034163253,374.2948429899909,3.825560426334391,1.0117307587134583,21284.03025622438,20967.11322424932,220,225,204,197,12,8,5671.806051244879,5614.422644849864,1.389654948000043,2.466714493999916,1.1068249340000023,1.98001262599999,528.8404262963686,417.0878734375765,0,13,0,4
191600057,minus,15,394.6957168658383,408.0854562273648,-13.389739361526495,-3.3924207406785367,22507.17876493789,22896.409217052355,217,243,205,228,18,8,5920.435752987574,6121.281843410472,2.537948114000301,1.69547678500021,2.0209504309999886,1.3584703960000013,560.9278714170205,163.6609747120383,0,13,0,7
191600058,minus,11,533.3353139977904,529.9474374121103,3.3878765856801465,0.6352245007526736,21118.442269878473,21312.109057666057,258,254,241,233,19,3,5866.688453975695,5829.421811533213,1.138056891999895,0.6437985029997435,0.9097584879999943,0.5055938809999816,1428.8717003137808,412.9968934014696,0,10,0,4
191600059,minus,10,606.839275923862,618.7938190554205,-11.954543131558466,-1.9699685906715114,21366.963796193108,21814.690952771027,287,295,271,276,13,8,6068.392759238621,6187.938190554205,0.9591579029997774,1.2612905500000124,0.7704979689999902,1.004554349000017,1200.6893303629313,982.2278192149024,0,10,0,5
191600060,minus,16,323.8392080533449,326.38794426073224,-2.5487362073873214,-0.7870375618530545,19202.136644267597,20206.035540858586,207,182,196,170,10,7,5181.427328853519,5222.207108171716,1.5840152599998873,1.3975377439996919,1.2597200869999767,1.126697919999998,0.0,0.0,0,14,0,3
191600061,minus,14,429.77658818122654,425.28372374117754,4.492864440049004,1.0453953434416685,22204.361172685854,21189.86066188242,245,273,230,260,17,7,6016.872234537172,5953.972132376485,1.7600319489997673,1.0724813679998988,1.4198612769999954,0.8417079289999947,1634.3309438833894,596.5712200151111,0,12,0,5
191600062,minus,15,379.09453959243626,382.42930607449466,-3.3347664820583987,-0.879666187132,21327.090469432722,21502.1979555871,218,226,199,207,19,8,5686.418093886544,5736.43959111742,2.302861460999793,1.4798269520001668,1.8223101629999974,1.189548177000006,619.698529124531,388.0246349882891,0,14,0,3
191600063,minus,10,563.5553715422374,560.7383095502975,2.8170619919399087,0.49987315074837557,20172.76857711187,19841.91547751487,259,266,244,253,4,2,5635.553715422374,5607.383095502974,0.5054601179999736,0.2359537519996593,0.4026682669999957,0.19290339500000186,1199.551025171465,897.60280855574,0,5,0,4
191600064,minus,10,593.8391348013693,575.820556556733,18.018578244636274,3.0342524075418598,20696.956740068465,19981.02782783665,292,285,274,269,5,6,5938.391348013693,5758.205565567329,1.2238817029997335,0.8043885470001442,0.9794567810000103,0.6409777669999812,932.7464431855733,334.2359561765279,0,10,0,4
191600065,minus,13,461.8397643495939,452.00354542390534,9.83621892568857,2.129790391596287,22089.58468272361,21650.230452553842,250,246,241,227,10,8,6003.916936544721,5876.046090510769,1.6405918259997634,0.8937531040000977,1.311611241999998,0.7269344399999795,585.7513561897113,368.2185987119683,0,13,0,5
191600066,minus,13,478.7956982396335,443.2063877536368,35.58931048599669,7.4330890224883595,22981.72038557617,21263.415203986402,258,241,246,224,9,5,6224.344077115235,5761.683040797278,1.065291729999899,0.6292654230001062,0.8545197789999861,0.48805969699998286,860.941815068215,1510.245739783919,0,13,0,4
191600067,minus,12,482.51410984056366,482.83632673572015,-0.32221689515648677,-0.06677875083549445,20770.846590433823,21140.17960414321,259,249,245,237,12,8,5790.169318086764,5794.035920828642,0.6183178669998597,0.757798503000231,0.4870956489999969,0.6079059990000246,1057.1003847708844,96.452265297954,0,9,0,9
191600068,minus,15,372.25789911495025,360.86188344788303,11.396015667067218,3.0613227265724796,21264.342433621285,20094.641258591226,208,218,195,202,7,9,5583.868486724254,5412.9282517182455,1.745772081999803,0.6163044009999794,1.3941269409999961,0.49690100899999834,767.2984129416091,161.60546602183967,0,8,0,2
191600069,minus,11,526.7462632221815,534.3982168455855,-7.651953623403983,-1.452683038811875,20666.04447721999,21566.90192650722,270,252,256,235,0,5,5794.208895443997,5878.380385301441,0.6156478730003982,0.6356962849999945,0.5077604199999826,0.5035805299999936,158.46177211149916,420.62098269058515,0,9,0,3
191600070,minus,16,283.34176461785006,305.3812915877394,-22.039526969889323,-7.778425111319032,17272.34116942801,18200.50332701914,164,194,152,178,9,6,4533.468233885601,4886.10066540383,1.199139238999578,1.0462838710000142,0.9601821930000085,0.8575700639999866,0.0,0.0,0,12,0,4
191600071,minus,16,363.73849271562784,332.68671364545236,31.051779070175485,8.53684162991567,21809.07941725024,20334.937091636188,225,193,214,178,13,11,5819.8158834500455,5322.987418327238,1.2068091209998784,1.6582655680003882,0.969973116999995,1.3071815270000116,0.0,0.0,0,13,0,1
191600072,minus,15,383.9342923163422,383.9096650598848,0.024627256457392832,0.006414445635682942,22680.07192372567,22808.22487949137,190,188,174,170,8,4,5759.014384745133,5758.644975898272,1.0959670860002007,1.1453020690000812,0.87676066100002,0.9146366970000201,0.0,148.70491397344722,0,10,0,5
191600073,minus,16,275.1224435042859,295.9302415422411,-20.807798037955195,-7.563104548259458,17329.795480342866,17994.41932337929,132,171,124,153,24,16,4401.959096068575,4734.883864675858,1.2868014670002594,0.8048811840003509,1.0180120429999988,0.629666541000006,0.0,0.0,0,12,0,5
191600074,minus,15,399.33060086384586,386.8070784395933,12.523522424252576,3.1361289110229063,22189.79506478843,21890.5308829695,243,221,232,208,10,12,5989.959012957688,5802.106176593899,2.0188681720001114,1.5450857790001464,1.6237102730000004,1.2099572380000154,0.0,403.8184756100609,0,12,0,8
191600075,minus,14,421.49371629220195,393.95905672891297,27.534659563288983,6.532638210008446,22119.560140454152,20332.13397102391,234,227,222,211,5,11,5900.912028090827,5515.426794204782,1.303332355999828,0.9184658750000381,1.0775613739999983,0.7232429750000051,551.9740891332631,413.93138176919183,0,9,0,4
191600076,minus,11,504.7562041486801,507.6005135881129,-2.8443094394327773,-0.5635016303028761,19366.59122817741,19318.028247346218,267,275,256,260,11,10,5552.318245635482,5583.605649469242,0.5001301820002482,0.3428620579998096,0.40559606799999415,0.27383150400001455,479.38848051379955,725.4403455391648,0,15,0,2
191600077,minus,13,485.34749351997874,433.0141002002654,52.333393319713366,10.782664795519159,22722.587078798613,19980.916513017248,280,254,270,241,10,19,6309.517415759724,5629.18330260345,1.3946196060001057,0.7254086829998414,1.0973657220000064,0.584002766999987,0.0,186.10169740308083,0,15,0,5
191600078,minus,13,466.9651826857816,448.6479833385555,18.317199347226108,3.922604944949748,22017.736874575792,21572.11891700612,264,241,252,224,10,8,6070.547374915161,5832.423783401221,1.5600119290002112,0.5918571639999755,1.2262277150000216,0.463862789000018,0.0,579.1105972308196,0,16,0,10
191600079,minus,16,180.4540286224612,273.7699681358433,-93.31593951338212,-51.71175186596362,10861.322289796904,16331.597450867463,101,171,97,161,11,6,2887.2644579593793,4380.319490173493,0.5746935859997393,0.8891053739998824,0.4589158870000176,0.6976037069999848,0.0,0.0,0,9,0,3
191600080,minus,15,379.0203203435775,397.21583213193964,-18.195511788362126,-4.800669202080798,21596.52402576831,22106.18740989549,211,240,197,223,13,13,5685.3048051536625,5958.237481979095,1.1266663139999764,1.074426868000046,0.9074989540000047,0.8846892180000054,79.94215789802183,326.9600765948135,0,13,0,3
191600081,minus,12,468.665174902203,469.84134974848354,-1.17617484628056,-0.2509627148050919,20654.910494132197,20655.480984909027,236,234,223,220,10,19,5623.9820988264355,5638.096196981803,1.133192574000077,0.4516020539999772,0.9277318229999878,0.3783836160000078,217.0752367037985,1341.9245771226633,0,11,0,4
191600082,minus,16,280.0054419389226,348.87559891022,-68.87015697129738,-24.596006597014618,17525.43535511381,21360.047912817598,146,205,135,187,10,6,4480.087071022762,5582.00958256352,1.760352991000218,1.8967058680000264,1.4093686680000133,1.5013136430000031,0.0,0.0,0,13,0,4
191600083,minus,10,615.3636088585556,584.2247133894103,31.138895469145268,5.060243248200058,21553.180442927784,20126.235669470523,301,296,285,284,1,1,6153.6360885855565,5842.247133894103,0.8630049100001997,0.8650829889998022,0.6834975869999766,0.6723709899999903,558.9901892487978,477.91687045685103,0,10,0,2
191600084,minus,11,537.88463952263,533.3645869792106,4.5200525434194105,0.840338654665973,20903.65517374464,20405.0522838566,273,287,262,272,18,8,5916.731034748929,5867.010456771316,1.3596087319997423,0.9841099089999261,1.086456013000003,0.7872223680000161,562.6175921121794,563.054158709856,0,14,0,5
191600085,minus,13,467.40118339852273,469.2698958345485,-1.8687124360257599,-0.3998090938576837,21261.076920903975,22032.543229245657,289,270,278,252,12,9,6076.215384180796,6100.5086458491305,0.9376953039995897,1.570160931999908,0.765655804000005,1.2485364190000041,0.0,420.3045538280867,0,13,0,4
191600086,minus,16,303.1275545206287,337.625454073564,-34.49789955293534,-11.38065445996519,17025.204361650285,20725.036325885125,221,193,212,179,16,11,4850.040872330059,5402.007265177024,1.0037513140000556,1.1987579219999134,0.7673225689999867,0.9593863530000135,0.0,0.0,0,11,0,5
191600087,minus,14,434.687352921146,430.8128447342622,3.8745081868837588,0.8913321634150706,22868.11470448022,22526.89913139836,237,236,227,219,10,19,6085.6229408960435,6031.379826279671,1.1088613200004147,0.6390301420001379,0.9131798309999795,0.5057437879999895,175.22897076522713,363.14209473128994,0,16,0,6
191600088,minus,16,336.8512348840964,353.26795539491087,-16.416720510814457,-4.873581810220506,20463.0987907277,21301.436431592854,202,218,189,201,6,7,5389.619758145543,5652.287286318574,1.2000568069997826,1.3374721519999184,0.96400138300001,1.0695098809999877,0.0,0.0,0,16,0,3
191600089,minus,14,391.9492767527393,383.53167358243337,8.417603170305938,2.1476256417781725,21111.44937269175,20617.21715077033,199,197,185,182,5,3,5487.28987453835,5369.443430154067,1.2063765779998903,0.6891996710000967,0.9620813909999981,0.5597708239999974,337.46615783854577,623.104958888729,0,10,0,4
191600090,minus,12,501.5701073493205,461.50352523880423,40.066582110516265,7.98823165962953,21149.206440959228,20120.21151432827,283,241,272,228,14,7,6018.841288191846,5538.0423028656505,1.3534252760000527,0.811503919000188,1.0968357650000087,0.660343131000019,87.15616913102167,567.2502462934663,0,11,0,3
191600091,minus,14,405.1476990701323,395.47668075081447,9.671018319317852,2.387035232216328,20785.338934909265,20678.36765255702,241,221,231,205,3,7,5672.067786981853,5536.6735305114025,0.4568779279998125,0.3863651540000319,0.3674140619999946,0.30161925199999473,572.6393138040885,180.0156307313482,0,8,0,5
191600092,minus,11,528.3174016965177,516.7016403260524,11.615761370465293,2.198633119629434,21057.457093308476,20333.590217932888,257,259,245,243,5,8,5811.491418661694,5683.718043586577,0.6649178259999644,1.041736778000086,0.5270325939999907,0.820113670000012,346.812855635455,346.5721776954515,0,11,0,4
191600093,minus,14,425.57441197468694,398.6898118301082,26.884600144578712,6.317250141951158,22520.208838228107,20848.286828107575,227,221,213,204,12,11,5958.041767645617,5581.657365621515,1.426927163000073,0.8605720739997196,1.1655733839999982,0.6893797829999926,592.6546486862871,592.2351605667873,0,11,0,10
191600094,minus,14,405.78234190789635,403.4875856014126,2.294756306483748,0.565514087107466,20514.76393355274,20804.130992098868,242,233,229,217,23,12,5680.952786710549,5648.826198419776,1.5207981749999817,1.1111307729997861,1.2199840780000102,0.8728000350000116,322.8414153601916,226.98100114383033,0,8,0,2
191600095,minus,16,287.51124420296196,341.02399916529777,-53.512754962335805,-18.61240422463606,17825.899536236957,21211.91993322383,151,184,143,172,19,14,4600.179907247391,5456.383986644764,0.5587058270002672,0.8726330039999084,0.4519144019999999,0.669255905,0.0,0.0,0,9,0,4
191600096,minus,15,370.7770451644227,369.68513463048265,1.0919105339400517,0.29449248495301283,20933.2783873317,20581.3850972862,216,227,202,204,6,5,5561.65567746634,5545.2770194572395,0.9376294680000683,0.6589654479998899,0.7413495270000112,0.5387172929999906,0.0,0.0,0,14,0,3
191600097,minus,16,306.81567828203004,280.8085568011936,26.007121480836418,8.476464314489906,18930.254262562394,16609.684544095486,166,173,159,160,18,22,4909.050852512481,4492.936908819098,1.4505105019998155,1.1828913610002019,1.179056122999981,0.9383590959999992,0.0,0.0,0,12,0,4
191600098,minus,16,308.9524422723803,335.1915410838821,-26.239098811501776,-8.492924871708475,19736.195381790432,21065.32328671056,146,176,135,160,17,10,4943.239076358085,5363.064657342114,1.2263668600003257,0.7773379340001156,0.986874911000001,0.6147865540000055,0.0,0.0,0,8,0,3
191600099,minus,12,482.88440017155455,492.4755568617766,-9.591156690222078,-1.9862221034298466,21118.064010293285,21768.533411706616,250,251,237,238,8,1,5794.612802058655,5909.70668234132,1.0381451299999753,0.2756223289998161,0.8217773309999927,0.21958308699998952,815.0580532163585,638.6347669390361,0,11,0,3
191700000,cluster,12,465.14833269407245,460.3076309610762,4.840701732996251,1.0406791538861593,20543.899961644347,19838.457857664565,238,251,220,232,1,3,5581.779992328869,5523.691571532914,0.43191807799985327,0.5905773839999711,0.3623676980000141,0.46693535899999006,720.6892053786269,199.65316987575534,0,7,0,3
191700001,cluster,12,473.34200675992014,468.4829786270161,4.8590281329040295,1.0265364289479884,20965.520405595216,20688.97871762096,238,230,219,211,6,21,5680.104081119041,5621.795743524193,0.7948709710003641,1.1488098170002559,0.6572091790000059,0.8844971780000037,747.7923179587024,654.3808666318992,0,7,0,3
191700002,cluster,15,339.0473273034012,348.87497376447146,-9.827646461070287,-2.8986060852430384,19953.549547755087,20560.623032335374,172,176,148,160,4,2,5085.7099095510175,5233.124606467072,0.2748892159997922,0.285129753000092,0.21094649599999116,0.22549106100001381,3145.5190080646,2658.950654344243,0,8,0,3
191700003,cluster,16,93.85273179171043,139.27808013239547,-45.42534834068505,-48.40066716597935,4708.218543336834,8022.246410591638,79,89,76,81,3,6,1501.6437086673668,2228.4492821183276,0.9213466629998948,0.6674112149999019,0.7315053080000098,0.5303101900000229,0.0,0.0,0,3,0,2
191700004,cluster,12,445.01923520894394,442.3992092957366,2.6200259132073143,0.5887444195478819,19916.154112536646,19548.952557744207,218,224,201,204,2,5,5340.2308225073275,5308.790511548839,0.19639701100004459,0.6120868799998789,0.1537756150000007,0.4923701310000297,406.9084735328124,1607.523737262814,0,6,0,5
191700005,cluster,15,347.2518829847699,347.02189924869475,0.22998373607515532,0.06622965845378692,20318.891223857758,20291.64244365212,179,180,166,160,3,4,5208.778244771549,5205.328488730422,0.691676792999715,1.5383269730000393,0.5424602809999897,1.203211863000007,2380.783518370055,1493.615540774696,0,4,0,1
191700006,cluster,14,372.7923211681961,355.15431790359065,17.63800326460546,4.731321506122854,19960.462481773728,19260.802253251346,193,176,174,155,6,5,5219.092496354746,4972.160450650269,0.5184936999999081,0.4123752410000634,0.42862448300002143,0.3308269050000092,3228.8620656263274,3076.4234550911056,0,4,0,2
191700007,cluster,15,361.7874907974596,350.96960415259025,10.817886644869361,2.9901218035549904,20689.061809809475,20577.72031144427,199,178,186,160,11,8,5426.812361961895,5264.544062288854,0.7598181389998899,0.535241312999915,0.614074469000002,0.43646217599999204,368.93670412078245,2893.2789635913723,0,6,0,5
191700008,cluster,10,551.6117050897303,541.9991818833541,9.612523206376181,1.742624951153371,19755.585254486516,19374.95909416771,255,250,234,230,2,5,5516.117050897303,5419.991818833541,0.6900880149996738,0.4475901159999012,0.5608300430000099,0.36595046000002185,3601.7396828730834,3623.260477147941,0,3,0,2
191700009,cluster,16,153.02260884180455,104.470077692795,48.55253114900955,31.728991889821568,8956.808707344368,5592.6062154236,96,79,88,75,3,1,2448.361741468873,1671.52124308472,0.7244813490001434,0.3132189540001491,0.5699514160000092,0.2575767600000063,0.0,0.0,0,5,0,2
191700010,cluster,16,202.10797459384023,228.3384021115709,-26.230427517730675,-12.978422830887215,11708.637967507211,13437.072168925673,132,143,119,126,11,15,3233.7275935014436,3653.4144337851344,0.5904596119999042,0.7674904579998838,0.4784166540000001,0.6467711039999813,0.0,0.0,0,4,0,3
191700011,cluster,16,119.45586454443854,299.0193076790471,-179.56344313460852,-150.31781304283265,6291.469163555083,17666.544614323782,95,195,89,172,3,8,1911.2938327110166,4784.308922864753,0.2503992910001216,0.5427915899999789,0.18677184700004545,0.42295255599998427,0.0,0.0,0,8,0,4
191700012,cluster,13,402.9578994035141,415.5566898451297,-12.59879044161562,-3.126577357154492,19627.26346122841,19911.184839933438,210,226,189,204,3,7,5238.4526922456835,5402.236967986686,0.7920136880002246,0.5037284819995875,0.6371698269999797,0.3966146330000129,2990.2770720008652,1356.2298617627093,0,6,0,2
191700013,cluster,14,365.28505379791346,365.4051609648035,-0.12010716689002265,-0.03288039454154568,19259.953765853945,19273.361267536242,199,200,179,182,6,3,5113.990753170789,5115.672253507249,0.36009663699996963,0.31672931899993273,0.2961812839999993,0.25966862600000695,2831.0501935059096,2831.619261582079,0,6,0,3
191700014,cluster,12,434.00242180943025,427.9412374954424,6.061184313987837,1.3965784542670834,19395.145308565818,19016.47424972655,213,215,195,197,3,0,5208.029061713163,5135.294849945309,0.1823292619997119,0.2770473780001339,0.1609047149999583,0.2165803849999861,3591.3590991462397,3175.5581676380507,0,5,0,2
191700015,cluster,11,503.31477789491436,499.08895038764,4.225827507274346,0.8395993308498939,20037.312784220296,19939.89227132021,246,244,229,221,5,2,5536.462556844058,5489.97845426404,0.40523646500014365,0.9671693810000761,0.3236446950000129,0.7548646540000163,0.0,1156.0148528075242,0,6,0,6
191700016,cluster,15,335.11272863127755,345.1832190663619,-10.070490435084366,-3.0051053196982203,19373.45464734582,20018.74142997714,180,178,162,155,5,18,5026.690929469163,5177.748285995429,0.5843382880002537,0.400400788999832,0.4720900539999775,0.3152856070000212,2784.6767950955077,2653.6462830749183,0,5,0,2
191700017,cluster,12,437.13625440270636,436.69798906081525,0.43826534189111044,0.10025829188886615,19438.17526416239,19141.87934364892,218,229,196,207,4,0,5245.6350528324765,5240.375868729783,0.40135431900034746,0.3022380819998034,0.31988622500000474,0.24621060700002317,2809.0878252848424,4014.695022417511,0,3,0,2
191700018,cluster,12,452.362609067274,448.61592804412703,3.746681023146948,0.8282472839371557,20141.756544036445,19611.955682647633,225,234,209,216,2,5,5428.351308807288,5383.391136529524,0.42369972899996355,0.5683622050000849,0.3544016129999932,0.45231967799998074,267.3759599889363,2594.489153544978,0,8,0,2
191700019,cluster,12,465.7715099100994,479.2937823192961,-13.522272409196717,-2.9031986975344815,20146.290594605958,20582.626939157766,251,263,233,245,4,5,5589.258118921192,5751.525387831553,0.5545522550000896,0.4379874699998254,0.459638630000029,0.3475329190000025,510.81689491990255,226.5429672313585,0,8,0,3
191700020,cluster,15,325.6710225866305,330.67014839014445,-4.999125803513948,-1.5350232157004928,19135.326693997293,19665.26112926085,165,161,146,144,4,1,4885.065338799457,4960.052225852167,0.4129723450000711,0.5293461389996992,0.32772222899995995,0.40165206900002204,2809.122709672183,2672.225556982878,0,2,0,7
191700021,cluster,16,199.92780154619516,260.0434703337467,-60.115668787551556,-30.06868895802932,11764.224123695612,15458.477626699736,126,160,115,147,7,14,3198.8448247391225,4160.695525339947,0.6883819930003483,0.8604742600000463,0.5584031840000137,0.7056665709999947,0.0,0.0,0,12,0,6
191700022,cluster,16,124.95599790953062,139.78641186307902,-14.830413953548401,-11.868509076519684,6826.479832762451,7612.91294904632,93,107,86,93,1,2,1999.29596655249,2236.5825898092644,0.6148129070002142,0.5184310899999218,0.506472719000044,0.41637977999999976,0.0,0.0,0,5,0,4
191700023,cluster,11,527.414936737187,529.3047343687153,-1.8897976315283813,-0.35831325582462714,20867.821520545283,21031.760390279356,262,259,242,242,7,8,5801.564304109056,5822.352078055868,1.4719185839999227,0.6055973020002057,1.1720025820000046,0.4650636199999951,1395.5053115228902,1396.127047793353,0,6,0,1
191700024,cluster,12,460.30315662882487,460.47166688603073,-0.16851025720586676,-0.03660853825986354,20713.189397729497,20498.300013161843,221,230,201,207,5,3,5523.637879545899,5525.660002632369,0.7848224859999391,0.38618469599987293,0.6222304789999953,0.3173811780000051,3226.0868037269097,3224.961662402784,0,9,0,4
191700025,cluster,16,219.16441131537192,280.1259285425681,-60.96151722719617,-27.815427176939835,13163.15290522974,17200.074283405454,126,162,113,146,17,2,3506.6305810459507,4482.014856681089,1.4076467190002404,1.0994146929997441,1.1166951609999956,0.9019591199999581,0.0,0.0,0,7,0,2
191700026,cluster,12,435.82270807342405,455.32006494739863,-19.49735687397458,-4.473689992006991,19654.362484405447,20349.20389684393,208,224,190,202,3,4,5229.872496881088,5463.840779368784,0.18508426000016698,0.6610497649999161,0.15065370899998243,0.5277737580000235,3039.3518243467884,3689.2402593857423,0,6,0,3
191700027,cluster,12,450.8468887030908,445.92503872443234,4.921849978658486,1.091689906703519,20185.813322185455,19810.50232346595,216,221,197,200,12,8,5410.16266443709,5351.100464693188,0.6897302180000224,0.9481439309997768,0.5400350879999678,0.7434977910000384,2306.9011405937495,3809.8382925221194,0,3,0,3
191700028,cluster,16,146.19964488263392,293.11024516252746,-146.91060027989354,-100.486290782601,7985.971590610714,17988.8196130022,108,169,101,155,7,4,2339.1943181221427,4689.763922600439,1.1372865469998032,1.118032222000238,0.9050250219999896,0.9067897749999929,0.0,0.0,0,7,0,2
191700029,cluster,14,383.52720519189927,377.8061183632443,5.721086828654961,1.4917030007799315,20601.90436343295,19696.428285427108,199,211,181,192,1,11,5369.38087268659,5289.28565708542,0.7685347430001457,0.3523179200001323,0.6227383830000122,0.2708455509999794,402.40688590647187,1763.9723560055222,0,7,0,2
191700030,cluster,16,165.89092922591846,190.70080549951595,-24.809876273597496,-14.95553517565158,9481.274338073472,10691.064439961276,111,138,108,125,5,6,2654.2548676146953,3051.212887992255,0.6227416909996464,0.49410992699995404,0.4867229719999955,0.39164573599998675,0.0,0.0,0,10,0,5
191700031,cluster,10,569.4790741368286,545.8327881862732,23.646285950555352,4.152265996146831,20478.953706841447,19191.639409313673,258,265,241,245,6,0,5694.790741368286,5458.327881862732,0.9020924689998537,0.5127134839999599,0.7390001879999772,0.405274798000022,2242.497891769981,2962.8524824294395,0,6,0,3
191700032,cluster,12,444.6198386345866,454.68950153553965,-10.069662900953062,-2.264780386740428,20157.190318075205,20256.370092132383,209,227,190,204,3,2,5335.438063615039,5456.274018426476,0.34387637300005736,0.6186111970000638,0.29191434399996297,0.4865854820000095,712.6928709351523,712.1582119866362,0,6,0,1
191700033,cluster,16,148.10987683436306,134.54806190272996,13.561814931633108,9.156590513406348,8438.790146749043,7603.844952218395,98,88,94,85,6,9,2369.758029349809,2152.7689904436793,1.6942894450003223,0.4522157809997225,1.3505399689999535,0.35366073799997366,0.0,0.0,0,6,0,5
191700034,cluster,11,484.0031036583443,477.67447304817796,6.3286306101663286,1.3075599231350599,19530.17070120894,18832.096017649794,227,241,207,219,7,3,5324.034140241787,5254.4192035299575,0.6776277999997546,0.18166664700038382,0.5275239139999996,0.13901810599998043,4215.0219784138935,4181.347664589299,0,5,0,1
191700035,cluster,12,445.539111772358,449.58212891002313,-4.043017137665117,-0.90744382049468,19882.346706341483,19854.92773460139,221,228,202,206,1,6,5346.469341268296,5394.985546920278,1.1921417519997703,0.3238946989999931,0.9614013320000367,0.2600540980000119,3009.259131686052,3008.7556760263697,0,5,0,3
191700036,cluster,16,200.07238975557672,99.47067208783605,100.60171766774067,50.28265908686511,11395.79118044614,4697.653767026881,139,93,126,86,7,7,3201.1582360892276,1591.5307534053768,0.6684939790002318,0.799785695999617,0.531062200000008,0.6373744590000001,0.0,0.0,0,2,0,4
191700037,cluster,14,364.7985119388297,374.23998792904104,-9.441475990211359,-2.588134458123692,19685.89583571809,19981.79915503288,181,199,162,172,11,2,5107.179167143616,5239.3598310065745,0.30033374799995727,0.524861231000159,0.2326984869999933,0.43323129600000243,444.4698536873275,3789.041177860736,0,4,0,2
191700038,cluster,14,379.3993977388683,367.4634016357636,11.935996103104685,3.1460239985198757,20097.957841720803,19102.438114503464,203,209,186,185,7,8,5311.591568344156,5144.48762290069,1.2210752930000126,0.7967229669998233,0.9874455790000525,0.6203032509999957,878.2826288531924,878.2395652696778,0,5,0,2
191700039,cluster,13,428.2701252774737,448.26550597928053,-19.995380701806823,-4.668871238415684,20497.558143035796,21342.25788865324,230,251,211,230,14,3,5567.511628607158,5827.451577730647,1.436780145999819,1.8802973749998273,1.1394728770000029,1.5196938490000207,384.22565606891203,665.715968901738,0,7,0,2
191700040,cluster,11,485.4448065717142,491.32295597268126,-5.878149400967061,-1.2108790374089073,19429.46436144428,19772.762578497473,235,234,215,213,3,4,5339.892872288856,5404.552515699494,0.5035111199999847,0.2978636699999697,0.4053865999999857,0.2415715169999828,3711.2886440416974,3931.910352648236,0,3,0,1
191700041,cluster,15,344.9579413008032,351.5746646795123,-6.616723378709082,-1.9181246715927358,19681.845597560245,20418.09985096344,196,186,180,164,1,7,5174.369119512048,5273.619970192684,0.8220029609997255,0.4200988249999682,0.6508893849999708,0.33475548100000196,785.5821873798204,2737.8367334611107,0,7,0,3
191700042,cluster,14,379.048057182977,384.30061866780903,-5.252561484832029,-1.38572441813003,20463.3640028084,20316.043306746637,191,208,168,183,7,8,5306.672800561678,5380.208661349327,1.1832919169996785,0.40818971499993495,0.9544441930000005,0.3267915609999932,2669.6429086026183,2535.701373160489,0,6,0,2
191700043,cluster,16,83.35240047121923,75.12110811085554,8.231292360363682,9.875291309943579,4173.192037697535,3494.6886488684404,68,68,64,62,5,7,1333.6384075395076,1201.9377297736887,0.4237308110000413,0.2795794130001923,0.3388996470000052,0.22364263599996548,0.0,0.0,0,2,0,1
191700044,cluster,16,163.3547643260472,168.4753888179203,-5.120624491873116,-3.134664919630148,9543.381146083779,9428.03110543362,100,116,95,105,10,15,2613.676229216755,2695.606221086725,0.6061532150001767,0.31584890599970095,0.4781937219999577,0.26385654099999556,0.0,0.0,0,11,0,4
191700045,cluster,16,307.9454647462816,206.15895637783368,101.7865083684479,33.05342017370203,19090.637179702528,12002.716510226683,171,135,156,122,6,7,4927.127435940505,3298.543302045339,0.946923173000414,0.8826856400000906,0.7224732600000152,0.7069471670000098,0.0,0.0,0,9,0,4
191700046,cluster,12,483.0406709198123,462.06100270064576,20.97966821916657,4.343250885938199,20752.440255188743,20178.66016203875,264,241,248,223,6,7,5796.488051037748,5544.732032407749,1.98492226999997,0.45446899599983226,1.5810031620000018,0.35943726499999684,973.5731303891653,3047.865535596327,0,7,0,4
191700047,cluster,14,386.03295476326406,393.1552022851369,-7.1222475218728505,-1.8449843294442436,20742.306833428487,21345.864159959594,198,197,181,174,5,2,5404.461366685697,5504.172831991917,0.6746201310002107,0.8277976840004158,0.5451090850000355,0.6610352010000042,1948.873070173272,595.373243400425,0,8,0,2
191700048,cluster,16,99.64236364935412,93.37071038610728,6.271653263246847,6.294163479819758,5131.38909194833,4854.6568308885835,81,73,77,66,2,4,1594.277818389666,1493.9313661777164,1.0995921569997336,0.31573313500030054,0.8893865369999503,0.2558354150000355,0.0,0.0,0,4,0,2
191700049,cluster,14,362.06143701397224,373.19718426965784,-11.135747255685601,-3.0756512893296284,19679.30059097806,20408.80289887606,176,179,156,160,9,6,5068.860118195611,5224.760579775209,0.47413033100019675,0.7031349869998849,0.375531398000021,0.5546498719999704,3073.0467330270644,2713.70760671762,0,2,0,3
191700050,cluster,14,357.54371479690366,360.922697471179,-3.378982674275335,-0.9450544183652321,19468.060035783266,19379.588822982543,175,183,158,162,3,10,5005.612007156651,5052.917764596506,0.42481555899985324,0.4152848910002831,0.35099399099999573,0.3299148400000149,2680.4386246004183,2681.8684976910877,0,4,0,1
191700051,cluster,10,533.1010963365989,558.2140531269359,-25.11295679033708,-4.7107306593271,19205.05481682994,19640.702656346824,241,269,220,250,5,3,5331.010963365989,5582.14053126936,0.45768997100003617,0.2365315530000771,0.35519562400003224,0.1939291189999608,4420.858147317429,612.693287784743,0,5,0,2
191700052,cluster,16,130.68582913346668,217.47189315376642,-86.78606402029973,-66.40816727854018,7309.866330677335,13207.751452301314,91,128,85,115,3,1,2090.973266135467,3479.5502904602627,0.24053091299992957,0.924165068000093,0.19771183799997516,0.7447474179999745,0.0,0.0,0,5,0,7
191700053,cluster,10,527.0762431649074,534.5703314285296,-7.494088263622189,-1.4218224328652829,18568.81215824538,18763.51657142649,254,258,237,235,0,6,5270.762431649074,5345.703314285296,0.17540288500003953,0.1934621719997267,0.12963722300000313,0.15505762100002585,3001.1920960762427,4187.961319545935,0,4,0,1
191700054,cluster,16,292.16162689361585,295.08379869274705,-2.922171799131206,-1.000190144818447,17977.930151489265,17956.70389541976,162,174,144,153,15,9,4674.5860302978535,4721.340779083953,0.7439410049996695,0.7034769279998727,0.5972263819999739,0.5532083370000009,0.0,0.0,0,7,0,6
191700055,cluster,11,477.6034910165388,483.64752428739706,-6.044033270858279,-1.2654918535025983,18998.19200590963,18990.613835806842,235,244,218,226,2,7,5253.638401181926,5320.122767161368,0.42607851100001426,0.29263213100011853,0.3363685159999932,0.23702656800003297,2871.748415546447,2871.7484155464467,0,6,0,1
191700056,cluster,14,399.62832166239457,397.3515580857406,2.276763576653991,0.5697202758760955,21443.982516367607,21239.609066001856,207,204,189,180,4,15,5594.796503273524,5562.921813200368,1.0165112650001902,1.3594809539999915,0.8364070979999951,1.0684680030000209,834.923158364425,1329.2053421751516,0,9,0,4
191700057,cluster,14,343.2689303081099,346.4189852593717,-3.1500549512618363,-0.9176638702589335,18558.825121567705,18549.328968156024,173,181,156,162,1,1,4805.765024313539,4849.865793631204,0.19713122699977248,0.28695888999982344,0.15046652099999847,0.23115381100001287,3026.4529472709046,3028.2671577192095,0,3,0,1
191700058,cluster,11,486.81075121942814,491.19446955643866,-4.383718337010521,-0.9004974368437058,19339.59131706857,19460.695825604136,238,244,221,224,7,4,5354.91826341371,5403.139165120825,0.7186649340001168,0.7593151989999569,0.5812215069999809,0.6097956169999748,2763.6489705813533,2769.197809722668,0,4,0,2
191700059,cluster,12,441.4715618514478,443.2869436424101,-1.8153817909623058,-0.41121149080338704,19578.29371108687,19622.216618544615,221,225,199,204,6,2,5297.658742217373,5319.4433237089215,0.8879889529998763,0.6698111670002618,0.7043231330000026,0.5211414770000147,1871.7969293046076,2833.916951448963,0,5,0,5
191800000,all_radius_1000,10,599.8934203751248,591.9223116332721,7.971108741852731,1.3287541538409053,20819.67101875623,20471.115581663613,296,295,281,282,8,6,5998.934203751248,5919.2231163327215,1.1149039169999924,0.33357716399996207,0.8949871689999895,0.2643427900000006,126.20606345094984,0.0,0,14,0,4
191800001,all_radius_1000,12,501.13212753644507,516.6096626994836,-15.47753516303851,-3.088513849456387,20912.927652186703,21906.579761969,294,286,283,268,6,20,6013.585530437341,6199.315952393803,0.40650318300004074,1.4459508999998434,0.329614945000003,1.142691516999946,94.2510440480064,727.8982377677976,0,10,0,4
191800002,all_radius_1000,15,408.08162605618594,380.38100091447,27.700625141715932,6.788010871604899,22901.12195421393,21303.57506858525,238,230,228,217,16,1,6121.224390842789,5705.71501371705,1.2213632530001632,0.34482016399988424,1.0019299130000263,0.2557921140000303,182.82965829022305,362.15107429861655,0,12,0,1
191800003,all_radius_1000,16,293.4257939853708,315.8453708607708,-22.419576875400026,-7.640629193123294,17159.063518829666,18392.629668861693,187,214,179,198,23,9,4694.812703765932,5053.525933772333,1.385715958000219,0.7955604789999597,1.11644109599996,0.6369228840000005,0.0,0.0,0,16,0,3
191800004,all_radius_1000,13,462.1236208152613,478.32295457027124,-16.199333755009945,-3.505411328343633,21758.035352992,22395.992047067633,265,274,251,259,5,15,6007.607070598397,6218.198409413526,1.4899836159997903,1.2822588740000356,1.1618900459999963,1.0587803799999733,619.9848156241724,593.8846354956331,0,13,0,3
191800005,all_radius_1000,12,510.8117334432606,479.02228035380335,31.789453089457254,6.223320845661096,21283.70400659563,20011.336821228215,296,281,282,260,17,7,6129.740801319127,5748.26736424564,1.7273120550003114,0.6654210540000349,1.3397060220000299,0.53159113199996,378.6014231932977,377.1082934412234,0,15,0,2
191800006,all_radius_1000,13,459.99914034067365,423.72167059468063,36.27746974599302,7.886421204858351,22469.94412214379,19891.908588654253,234,242,221,219,10,12,5979.988824428758,5508.381717730848,0.6955348639999102,0.6992877439997756,0.5498087890000534,0.5564757840000425,124.55086368759657,415.1854008452565,0,9,0,3
191800007,all_radius_1000,10,588.703424428104,586.5816059117798,2.121818516324197,0.36042231593700347,20555.171221405217,20444.08029558899,285,287,271,271,10,7,5887.03424428104,5865.8160591177975,1.205075115999989,0.5368457399999897,0.9392734059999839,0.42869416600001387,1463.9243540788566,1463.0989332799136,0,8,0,1
191800008,all_radius_1000,12,477.8357236456952,480.99784616106945,-3.1621225153742216,-0.6617593367127306,20795.143418741718,21239.870769664165,253,244,241,232,3,4,5734.028683748343,5771.974153932833,1.4303350569998656,1.3001675290001913,1.1177415779999933,1.0145083849999992,1581.9141875436617,1583.9017498118692,0,8,0,3
191800009,all_radius_1000,16,317.474433594852,359.20838175763583,-41.73394816278386,-13.14560914093732,18957.954687588168,21876.670540610845,193,214,180,201,21,7,5079.590937517632,5747.334108122173,1.255688955000096,1.0239935289996538,0.9997783139999683,0.8180534210000019,0.0,0.0,0,11,0,4
191800010,all_radius_1000,14,396.703865696166,402.6681216711458,-5.964255974979778,-1.5034529508587635,20859.27059873163,21231.768516980203,219,221,208,204,3,4,5553.854119746325,5637.353703396041,0.9765737290003926,0.7463658710003074,0.7950268679999795,0.5896247990000347,156.73423949196876,402.12437021159803,0,16,0,5
191800011,all_radius_1000,13,456.483475202024,456.74799953460035,-0.2645243325763431,-0.05794828223721904,21121.425888131573,22108.61996974903,275,245,264,226,2,0,5934.285177626312,5937.723993949805,1.1543174409998755,0.8272411989996726,0.8820813100000464,0.665576069999986,0.0,443.70196781505365,0,12,0,4
191800012,all_radius_1000,15,400.0518174989236,384.2035108064632,15.848306692460369,3.961563477337038,23128.886312419272,21225.26331048476,212,237,201,219,13,13,6000.7772624838535,5763.052662096949,2.378903263999746,1.8967051029999311,1.8865855749999696,1.4788493199999948,189.09618423859956,103.92399338274663,0,11,0,5
191800013,all_radius_1000,16,350.4965044682365,318.07099685000753,32.42550761822895,9.251306990186404,21389.720357458937,19670.67974800061,199,178,186,161,23,8,5607.944071491784,5089.1359496001205,1.6385945980000542,1.2097908910000115,1.3232446000000095,0.9617755929999703,0.0,0.0,0,11,0,3
191800014,all_radius_1000,10,607.2861784322489,588.7541851839272,18.53199324832167,3.05160794144258,21174.308921612443,20247.709259196377,291,299,279,281,18,4,6072.861784322489,5887.541851839273,1.215760911000416,0.20631212900025275,0.9842917870000178,0.17128981299998713,1423.2131595221063,1169.6463141559043,0,11,0,1
191800015,all_radius_1000,16,341.0815392912401,348.32716427102787,-7.245624979787749,-2.1243087488240997,20536.523143299204,20271.173141682237,211,242,197,220,6,3,5457.304628659842,5573.234628336446,1.4446629180001764,1.2541292440000689,1.1318661120000115,1.0182747669999799,0.0,0.0,0,16,0,5
191800016,all_radius_1000,13,430.713806097256,430.6984819929428,0.015324104313208409,0.003557839125722939,20401.39739632164,20545.40132954128,239,237,229,222,10,6,5599.279479264328,5599.0802659082565,1.0237964010002543,0.7626109450002332,0.822763105999968,0.6131180470000004,809.0495992582064,87.55890071399699,0,11,0,6
191800017,all_radius_1000,14,413.5704390221119,420.81714558680596,-7.24670656469408,-1.7522303049098298,21449.930731547836,21787.200191076427,238,243,222,225,6,8,5789.986146309567,5891.4400382152835,1.3969617030002155,0.9590050960000553,1.10993922199998,0.7954578580000202,1497.6385415040359,316.269641636045,0,11,0,2
191800018,all_radius_1000,11,540.5059364150554,543.8594561683132,-3.3535197532577286,-0.6204408735082989,20612.826502828044,20727.27008925721,291,294,280,282,11,10,5945.5653005656095,5982.454017851444,0.7997393050000028,0.8470753370002058,0.6378329659999622,0.6633544189999725,118.62666938927487,511.60208558078284,0,12,0,8
191800019,all_radius_1000,10,588.3017471085052,557.633024696024,30.668722412481202,5.213093886465159,20830.08735542527,19566.651234801197,277,269,258,256,8,4,5883.0174710850515,5576.3302469602395,1.109120042000086,0.20875324600001477,0.8728356340000119,0.17430055299996638,1370.1271968562696,107.07049027865105,0,5,0,3
191800020,all_radius_1000,13,496.33754730474095,441.98215415383453,54.35539315090642,10.951295836084174,22706.94057480817,20873.840019999232,301,250,290,235,17,7,6452.388114961633,5745.768003999849,1.9007197169999017,0.8937247950002529,1.5613240530000212,0.7292052399999989,141.01747511932535,0.0,0,10,0,4
191800021,all_radius_1000,11,526.7220991844389,541.539746012453,-14.817646828014063,-2.8131811539628293,20429.715455144145,21069.686030684923,274,280,256,261,9,9,5793.943091028828,5956.937206136982,1.6008829940001306,1.0325815969999894,1.2492204649999508,0.8272184979999793,899.8500777883182,394.1495982199667,0,7,0,4
191800022,all_radius_1000,13,439.4114704582101,435.26881443778626,4.1426560204238285,0.9427737551102044,20806.74557978366,20857.47293845612,246,238,235,223,7,3,5712.349115956731,5658.494587691222,1.1239377689998946,0.6395688019997579,0.8860108570000307,0.4982802109999511,0.0,408.2125149098829,0,10,0,4
191800023,all_radius_1000,15,394.423401658931,378.680049060419,15.743352598512047,3.9914854271567157,22186.75512441983,21956.003679531437,229,204,211,188,16,2,5916.351024883966,5680.2007359062845,1.6107759530000294,0.8001257969999642,1.2807004100000086,0.6311214170000312,172.0835244354612,533.8505863824757,0,10,0,6
191800024,all_radius_1000,16,326.65554458517835,326.44819618134267,0.20734840383568098,0.06347616235903297,20457.443566814283,20485.855694507423,173,172,163,156,9,10,5226.488713362854,5223.171138901483,1.0310846929996842,0.81387512099991,0.8359670520000009,0.6481712390000212,0.0,0.0,0,11,0,4
191800025,all_radius_1000,14,417.62254853098085,427.9425672874551,-10.32001875647427,-2.4711354290556597,21618.57839716866,22165.979710121876,241,245,227,236,7,9,5846.715679433732,5991.195942024372,0.8264320799999041,0.7612294800001109,0.6677313400000457,0.5941010280000114,0.0,0.0,0,9,0,2
191800026,all_radius_1000,13,476.8486411077881,432.63116199254546,44.21747911524267,9.272854172871103,22290.161672006223,20366.025529515442,274,245,261,225,15,12,6199.032334401246,5624.205105903091,1.3117298040001515,0.5325868909999372,1.0426709820000042,0.4272409649999531,336.24283796571035,0.0,0,14,0,6
191800027,all_radius_1000,13,461.47961985092076,482.64225985908314,-21.162640008162384,-4.585823316531057,21321.175290309853,22126.746890840423,274,297,261,278,13,7,5999.2350580619695,6274.349378168081,1.4970638029999463,2.229661433000274,1.2049783539999908,1.7916757319999874,124.37063468516953,124.32677017827609,0,13,0,5
191800028,all_radius_1000,15,385.24488995063217,387.2737880773457,-2.028898126713557,-0.526651535072542,21173.366746297434,21750.534105800925,235,231,222,217,24,4,5778.673349259482,5809.106821160186,1.7401726469997811,1.0781235819999893,1.3942409050000037,0.8542914930000052,1128.226598906861,276.405955080274,0,16,0,5
191800029,all_radius_1000,15,389.7794282893609,400.8229856554124,-11.043557366051516,-2.833283791943253,21843.45712170207,22281.72392415594,233,248,220,229,6,4,5846.6914243404135,6012.344784831186,1.3833421780000208,1.5632726810003987,1.0980647920000024,1.2698745010000039,692.1188701830642,796.3480780372047,0,16,0,3
191800030,all_radius_1000,10,585.5524730252107,583.3317661662146,2.2207068589960954,0.37924984716108945,20507.623651260536,20846.58830831073,285,270,270,252,3,4,5855.524730252107,5833.317661662146,0.9197407289998409,0.5973893410000528,0.7452775639999913,0.46108501199995544,462.42199849678946,966.1948641908157,0,7,0,6
191800031,all_radius_1000,11,551.465349699183,530.0192500867607,21.446099612422245,3.888929671487218,21000.59423345507,20586.05875477184,304,272,291,256,0,14,6066.118846691013,5830.211750954368,0.8764216820000001,0.6550224650000018,0.701225240000042,0.5313538160000348,0.0,587.1356338083724,0,10,0,5
191800032,all_radius_1000,11,551.2576515809864,532.6934338044747,18.56421777651167,3.367611809699178,21284.170836954247,20613.138859246108,282,276,267,260,25,14,6063.83416739085,5859.627771849221,0.8640219139997498,0.4933429869997781,0.6756475850000356,0.38664071599998806,582.0907653424956,396.48269879450345,0,7,0,3
191800033,all_radius_1000,12,489.2657735092875,487.9581359497583,1.307637559529212,0.26726528409091177,20885.94641055724,20922.488156985484,267,269,254,257,15,3,5871.18928211145,5855.497631397099,0.742198634000033,0.7781644809997488,0.5947829180000213,0.6163005970000199,188.34074115790645,465.0644253666778,0,13,0,8
191800034,all_radius_1000,12,512.3447665871325,513.5538013508759,-1.2090347637433752,-0.23598069944132938,21525.685995227974,20953.228081052563,294,319,280,302,11,5,6148.13719904559,6162.6456162105105,1.293869228999938,0.9924809569997706,1.039654392999978,0.8118514999999888,163.89777139212038,379.9536153859899,0,9,0,5
191800035,all_radius_1000,10,572.1985656407828,577.8071820484681,-5.608616407685304,-0.9801870791836809,19694.92828203912,19680.359102423397,286,295,273,278,10,13,5721.985656407828,5778.071820484682,0.3342654739999489,0.46850006599970584,0.270312706000027,0.3774475530000245,383.24921886064203,349.65559755255254,0,8,0,3
191800036,all_radius_1000,15,377.6624405181367,365.23733292654777,12.425107591588926,3.290003521277418,21679.68303886027,20772.7999694911,208,205,196,191,6,11,5664.936607772051,5478.559993898217,0.8767868199997793,0.8123477589997492,0.7007327299999702,0.6264539000000013,588.6788080179058,589.1663553811568,0,6,0,4
191800037,all_radius_1000,14,407.1796140714308,390.7981924342475,16.381421637183337,4.023143858648481,21517.572985000166,20310.873470397335,222,222,208,208,3,7,5700.514597000031,5471.174694079465,0.7924179539995748,0.6161044109999239,0.6258980300000303,0.5123784740000019,901.022762921797,1080.2620881679159,0,11,0,4
191800038,all_radius_1000,14,415.94675683616646,421.8870159902822,-5.940259154115722,-1.4281296960455547,21086.27297853167,21612.091119319783,254,248,236,226,10,16,5823.25459570633,5906.4182238639505,1.7634416569999303,1.427672125999834,1.3940333610000266,1.132799130999956,106.43836497454322,906.4609286397481,0,14,0,8
191800039,all_radius_1000,12,494.05615075843065,477.40479549604305,16.651355262387597,3.3703365977381217,21293.36904550583,20544.28772976258,265,257,255,242,10,11,5928.6738091011675,5728.857545952516,0.9682489189999615,0.38747094600012133,0.7759565399999815,0.31067798600003016,828.9955958069995,153.29746930122383,0,10,0,5
191800040,all_radius_1000,14,423.7979221539147,415.1967305299794,8.601191623935335,2.029550211152653,21795.854550774042,21518.77113709856,251,237,240,221,3,11,5933.170910154806,5812.754227419711,1.521422488999633,0.5188271170000007,1.2045630869999968,0.42029540999999426,841.482284841778,861.0845727852184,0,4,0,4
191800041,all_radius_1000,13,451.317276072882,460.2614165720795,-8.944140499197488,-1.9817855361143222,21040.622944737337,21141.99207718517,265,284,251,267,6,1,5867.124588947466,5983.398415437034,1.189935529000195,0.9876461489998292,0.9592141070000366,0.7949187099999904,1316.3700450896367,352.4316414287623,0,10,0,1
191800042,all_radius_1000,15,390.87907382038327,392.152603878187,-1.2735300578037254,-0.325811777375673,22495.93053652875,22651.445290864027,211,214,195,201,13,2,5863.186107305749,5882.289058172805,1.7920497449999857,0.7152437370000371,1.4358017589999577,0.5652996600000506,155.0597327647465,156.5887787941192,0,12,0,5
191800043,all_radius_1000,14,455.02460760392887,462.0942036616299,-7.0695960577010055,-1.5536733485531862,23261.72253227503,23611.594256314092,272,275,258,260,10,14,6370.344506455004,6469.3188512628185,1.3884818520000408,1.1045953180000652,1.0895770280000079,0.8902360480000198,275.5837206250526,270.18408263412675,0,10,0,2
191800044,all_radius_1000,15,405.2882229870719,399.5630016402925,5.725221346779392,1.4126295860716453,22556.616724030388,21752.22512302193,247,258,237,245,7,11,6079.323344806078,5993.445024604387,1.2782173460000195,0.8179967430000943,1.0382924049999929,0.6483730890000174,140.64226739532114,318.4559717157035,0,16,0,2
191800045,all_radius_1000,11,535.4404851838959,525.2608970247111,10.179588159184846,1.901161462545864,20654.226685114278,20329.349336359108,286,277,268,263,2,3,5889.845337022855,5777.869867271822,0.9714100719997987,0.5754472409998925,0.7815656180000019,0.4512160799999947,203.0181268629658,448.62703369461724,0,12,0,7
191800046,all_radius_1000,16,373.15816192712583,350.01053047446555,23.147631452660278,6.203169008314702,22842.652954170077,21470.84243795725,213,206,197,187,20,3,5970.530590834013,5600.168487591449,2.096579789000316,0.8853969629999483,1.627632838000011,0.7178175710000119,0.0,0.0,0,14,0,4
191800047,all_radius_1000,14,391.54824471393647,393.44303816666553,-1.8947934527290613,-0.4839233678887833,20343.37712997556,20366.01267166659,216,223,200,205,21,15,5481.67542599511,5508.202534333317,1.1311041139997542,1.4134185060001982,0.9135140829999955,1.1266403750000222,1005.2811239319735,1006.9656492962995,0,9,0,3
191800048,all_radius_1000,11,532.5625013969839,545.9672939689319,-13.404792571948065,-2.51703650497086,20180.937576834123,20288.201168291256,292,311,277,296,10,14,5858.1875153668225,6005.640233658251,0.8013119440001901,1.0184960700003103,0.650933187000021,0.8177432630000112,1299.6943651494357,0.0,0,8,0,5
191800049,all_radius_1000,14,438.0568561185143,432.17585140718114,5.881004711333162,1.3425208689673118,22913.979928295998,22187.309598502678,242,254,228,237,14,12,6132.795985659201,6050.461919700536,1.5823780830000942,1.4267309800002295,1.286356861999991,1.1405464179999854,146.60201376181885,567.7127937288824,0,12,0,5
191800050,all_radius_1000,13,460.3420425838011,441.29627421336266,19.045768370438452,4.137308046759891,22257.232767947058,20404.25782386858,241,263,224,243,13,11,5984.446553589414,5736.851564773715,1.7930051660000572,0.8699292930000411,1.4205508680000207,0.6819779940000217,65.96311099258583,562.1244667556566,0,11,0,3
191800051,all_radius_1000,11,573.8257755692385,543.6798708365628,30.145904732675717,5.253494355977784,21600.41765630811,21552.392896010973,319,268,303,254,13,7,6312.083531261625,5980.478579202191,1.5149995530000524,0.3905157419999341,1.22983925799997,0.30904683299996805,89.18466469952546,116.66068382750927,0,9,0,6
191800052,all_radius_1000,15,432.00058993429775,408.7645013896347,23.236088544663062,5.37871685503879,23960.044245072335,23017.337604222615,260,242,247,225,22,6,6480.008849014466,6131.467520844521,1.526665634999972,1.2091305589997319,1.2392813540000134,0.9736670440000239,140.7653440475342,139.5375096980315,0,11,0,4
191800053,all_radius_1000,10,628.7065163815497,619.4989980382953,9.207518343254378,1.464517720644476,21855.325819077476,21454.94990191477,301,306,292,285,23,13,6287.065163815497,6194.989980382953,1.089279235000049,1.7774644160003845,0.8584878610000146,1.393013709999991,400.98525600869743,633.7367673774625,0,11,0,5
191800054,all_radius_1000,14,448.2011323031456,441.22111316296787,6.980019140177717,1.5573408090938767,22604.079261220202,23340.477921407743,279,241,268,228,7,2,6274.815852244038,6177.09558428155,1.6046825379999063,1.0443273340001724,1.2862574900000254,0.8508808490000206,329.990688725743,173.22375206660672,0,10,0,5
191800055,all_radius_1000,16,322.0033999418899,308.23712679786223,13.76627314402765,4.27519496580222,19775.271995351195,18438.97014382899,183,193,175,175,9,8,5152.054399070238,4931.794028765796,1.6174592409997786,1.0842667640004038,1.3166176569999948,0.8410688029999847,0.0,0.0,0,11,0,6
191800056,all_radius_1000,16,373.2855838983651,371.97478479272615,1.310799105638921,0.35115181570896103,22877.84671186921,22427.982783418098,218,226,206,214,7,14,5972.569342373841,5951.5965566836185,1.2797260379998079,1.2585651979998147,1.0216951340000264,1.0054849669999726,0.0,0.0,0,13,0,1
191800057,all_radius_1000,12,520.1372061912656,499.5672510833062,20.5699551079594,3.954717113698536,22158.23237147592,20469.035064998367,285,307,271,291,18,5,6241.6464742951875,5994.807012999674,1.1182145039997522,0.7144783429998824,0.891095957999994,0.5697647490000008,228.57984993726677,176.79046834402925,0,10,0,6
191800058,all_radius_1000,16,294.8150196649311,283.7047576846434,11.110261980287703,3.768553580789391,17635.201573194492,16666.38061477148,181,186,175,175,10,7,4717.040314638898,4539.276122954295,1.9688297369998509,0.958551443000033,1.559183763999954,0.7422006480000505,0.0,0.0,0,13,0,5
191800059,all_radius_1000,15,387.74618468415406,361.8426804747125,25.903504209441564,6.680531036183313,22545.963851311553,21323.20103560345,204,182,194,166,6,4,5816.192770262311,5427.640207120688,0.5162300920001144,0.46824040899991815,0.42154546800003345,0.39873695899996164,599.9012452851193,492.29856658284734,0,11,0,5
191900000,smooth_error,12,485.37067166565413,517.0358882536773,-31.665216588023156,-6.523924587234986,20962.240299939243,22432.153295220643,258,273,249,254,11,13,5824.44805998785,6204.430659044127,0.9383259870000984,1.8624988049996318,0.7503866760000051,1.4826028559999713,877.9427675870593,655.7850346481227,0,15,0,5
191900001,smooth_error,14,402.29598332790164,426.63858179935016,-24.342598471448525,-6.050917603024497,20860.718832953113,21964.70072595453,231,248,220,234,5,12,5632.143766590623,5972.9401451909025,0.8045533929998783,1.498452928000006,0.6418436989999918,1.1859558419999985,644.9834406834898,327.7871433602422,0,12,0,5
191900002,smooth_error,10,593.4251349723592,587.5534402787604,5.8716946935987835,0.9894583743697116,20666.25674861797,20362.672013938027,290,293,277,273,8,5,5934.251349723591,5875.5344027876035,0.6023948339998242,0.9405333800000335,0.4865140310000129,0.7392304109999941,662.0338083625384,662.2226835562951,0,5,0,1
191900003,smooth_error,12,480.2343459213041,478.3664391501409,1.8679067711632342,0.3889573469760377,20349.060755278257,20111.98634900845,274,278,260,259,1,3,5762.812151055649,5740.3972698016905,0.7413111480000225,0.9338400840001668,0.5871115290000262,0.7476421490000007,0.0,0.0,0,13,0,5
191900004,smooth_error,10,593.659391935613,581.4014057932453,12.257986142367713,2.0648180267814564,20462.969596780662,20325.070289662264,299,283,284,266,5,6,5936.593919356131,5814.014057932453,1.4915224379997198,0.865092255000036,1.2002173639999683,0.6793784269999605,0.0,425.3280531550272,0,10,0,2
191900005,smooth_error,10,606.670735017635,626.6473030533878,-19.976568035752734,-3.292818803130837,21968.536750881747,22707.365152669387,265,278,250,258,16,9,6066.70735017635,6266.473030533877,0.7280924500000765,1.4866067080001812,0.5864532589999953,1.1842288560000043,1484.052352336782,365.20675268191553,0,8,0,4
191900006,smooth_error,16,342.3452546485838,258.16137858948264,84.18387605910118,24.590344079842918,21382.62037188671,15477.910287158615,183,155,170,144,12,12,5477.524074377341,4130.582057431722,1.3014101329999903,0.8176955030003228,1.039577295000015,0.6643808300000273,0.0,0.0,0,10,0,3
191900007,smooth_error,13,437.73098782282034,435.4961837756565,2.234804047163834,0.5105428012486035,20122.51420848332,20712.251945417673,264,242,251,226,10,6,5690.502841696664,5661.450389083535,1.2624451389997375,1.1673382550002316,1.0121817780000129,0.9276547129999813,175.97678327800895,0.0,0,15,0,3
191900008,smooth_error,12,475.6898219470715,491.8540890102825,-16.164267063211014,-3.3980687240791063,20406.389316824298,21391.245340616937,258,260,250,249,9,5,5708.277863364858,5902.24906812339,0.897774102999847,1.2482029259999763,0.7213581999999974,1.0335311570000272,423.80245988604474,422.7871909057076,0,9,0,6
191900009,smooth_error,10,605.6010568668657,587.6466308856232,17.954425981242593,2.964728310437814,21030.05284334328,20837.33154428115,298,277,286,259,8,5,6056.0105686686575,5876.466308856232,0.6375524249997397,0.8483818200002133,0.5093017390000227,0.7031768389999797,679.8429755472289,226.98501981045138,0,8,0,3
191900010,smooth_error,11,532.1318756712992,492.3128320206677,39.8190436506315,7.482927723583311,19702.253161921468,18737.205761136735,307,270,296,257,9,2,5853.450632384292,5415.441152227345,1.457132821000414,0.8037260579999383,1.1629611640000235,0.6441038510000112,130.33231037691712,679.4371995814754,0,9,0,6
191900011,smooth_error,14,390.7740142033763,413.26908092795827,-22.49506672458199,-5.756541097145362,20449.18099423634,22168.83566495709,219,214,201,194,5,6,5470.836198847268,5785.767132991416,2.317544092999924,0.9162956509999276,1.8465676710000025,0.7247300000000223,417.9381936438858,641.8323218707683,0,11,0,4
191900012,smooth_error,16,325.17422784506175,293.5636736107408,31.610554234320944,9.721113030329898,19313.93822760494,17155.093888859265,203,191,197,177,16,18,5202.787645520988,4697.018777771853,1.8469023160000688,1.3648446430001968,1.4374853080000207,1.0771622089999937,0.0,0.0,0,16,0,3
191900013,smooth_error,13,438.2958095773333,458.2897234547487,-19.993913877415423,-4.561739683684496,21574.22762252667,22073.832024558687,216,242,205,223,11,15,5697.845524505333,5957.766404911733,1.0164434530001927,1.6315072790002887,0.8299233749999644,1.279399436999995,332.06345089068054,547.8816222022115,0,13,0,4
191900014,smooth_error,10,561.7713077690664,592.645557991015,-30.874250221948614,-5.4958752422863855,19928.565388453324,21082.277899550754,263,277,249,260,6,5,5617.713077690664,5926.45557991015,0.6907146059998013,1.1785880749998796,0.5601731879999647,0.9351526820000231,407.3857324021301,1290.6492095059511,0,8,0,3
191900015,smooth_error,11,530.7129342626585,545.1500818036398,-14.4371475409813,-2.7203308246179114,19764.21138444621,21028.254499200193,304,287,289,271,7,10,5837.842276889242,5996.650899840037,1.269765088999975,1.3759672369997134,1.0346726220000164,1.0871413290000191,233.42049238982236,426.8832350579678,0,9,0,8
191900016,smooth_error,13,430.5550105560918,422.9449049036406,7.610105652451239,1.7675106469257518,20996.07568614597,19916.418818736645,222,242,208,228,5,4,5597.215137229194,5498.283763747328,0.961100104000252,0.629794757000127,0.7604747160000329,0.5142347359999917,150.76562904512957,1069.1016258870923,0,11,0,3
191900017,smooth_error,15,404.3037297530576,387.7518695603322,16.551860192725428,4.093917264338631,22862.779731479335,21571.390217024924,231,240,217,221,15,2,6064.5559462958645,5816.278043404983,1.7085651980000875,2.4760858390000067,1.3767520540000078,1.941225075000034,0.0,311.20613775401125,0,14,0,7
191900018,smooth_error,13,435.811075347355,440.49073657409497,-4.679661226739995,-1.073782079312724,20697.71989757808,20681.897877316176,240,254,225,243,12,4,5665.543979515614,5726.379575463235,1.1800673570000981,1.7163803419998658,0.9337454099999718,1.3677030829999808,0.0,187.66213867182614,0,10,0,4
191900019,smooth_error,11,515.538237402088,527.1702361619386,-11.631998759850603,-2.2562824473441268,20064.603057114833,20614.36298890664,266,269,255,255,6,7,5670.920611422968,5798.872597781326,0.8632935099999486,1.4886573530002352,0.6839258310000105,1.2014786670000035,0.0,223.91791391455718,0,12,0,2
191900020,smooth_error,15,377.22581927153925,374.3614000019749,2.864419269564337,0.7593380737023314,21116.936445365453,21227.105000148116,223,213,212,194,11,12,5658.387289073089,5615.421000029623,2.7131640810002864,1.419507208000141,2.124353416999952,1.1338126029999671,610.1626483179762,75.09702726343221,0,12,0,3
191900021,smooth_error,15,369.86970076408005,377.8298475838237,-7.96014681974367,-2.1521489333404586,20295.22755730601,20567.23856878679,229,242,215,221,18,16,5548.0455114612005,5667.447713757356,1.4884048610001628,1.6976234080002541,1.2006409619999658,1.3649319570000102,621.3535808245906,621.3560171172203,0,14,0,3
191900022,smooth_error,16,293.10604150698146,327.55978186551334,-34.45374035853189,-11.754701534431256,18148.483320558524,20099.782549241074,161,185,154,171,7,15,4689.696664111703,5240.9565098482135,1.7712699150001754,1.6393403199999739,1.3924244379999777,1.3092352470000037,0.0,0.0,0,9,0,2
191900023,smooth_error,13,451.3144576661823,455.92252083118177,-4.608063164999464,-1.0210315860095687,20970.439748301844,21399.963854026813,265,260,250,240,11,14,5867.08794966037,5926.992770805363,1.2166041410000616,1.118454314000246,1.0079205690000208,0.8779615379999655,846.6751670098793,610.4092101781898,0,15,0,6
191900024,smooth_error,14,399.4188335709196,402.1147373989299,-2.695903828010273,-0.6749566123129824,20389.31834996438,20653.03161792509,241,238,227,224,4,5,5591.863669992875,5629.606323585019,1.5229771109998183,1.435591451000164,1.1957455189999564,1.1660150520000343,306.5110487490456,526.541233008742,0,10,0,2
191900025,smooth_error,16,327.7258642564165,318.10428667568095,9.621577580735561,2.935861532493367,19143.069140513315,18773.342934054468,219,207,210,196,10,8,5243.613828102664,5089.668586810895,1.1524808220001432,1.1171367189999728,0.9163643370000045,0.8998355379999907,0.0,0.0,0,13,0,3
191900026,smooth_error,14,412.9440615361795,410.81103441428917,2.1330271218903363,0.516541420635841,21661.08430753256,21311.772409000234,229,234,219,219,5,10,5781.216861506513,5751.354481800048,1.260839826999927,0.8917289720002373,0.9836469079999688,0.7075709039999651,0.0,339.9050319217058,0,12,0,5
191900027,smooth_error,13,451.7552215413182,441.63138432861,10.123837212708167,2.241000597218823,21434.089400185687,20776.039981359645,248,251,239,239,14,9,5872.817880037136,5741.20799627193,0.87641463700038,0.7437057570000434,0.6989305199999762,0.5777156209999816,218.66521753062534,578.1289237680303,0,11,0,3
191900028,smooth_error,14,417.69724709719395,398.09921592728506,19.598031169908893,4.691922512323532,21693.807296803596,20841.94511490995,237,222,224,210,10,5,5847.761459360715,5573.389022981991,1.2846089759996175,0.7130840400000125,1.0273650799999814,0.5514434109999797,605.4601043265639,397.1450299926473,0,12,0,2
191900029,smooth_error,14,389.64503409369684,405.1281301492076,-15.48309605551077,-3.973641314722265,20360.15238655879,21093.969110444534,216,230,206,215,9,6,5455.030477311756,5671.793822088906,0.6288816259998384,0.8396809320001921,0.5090371660000415,0.6929909469999984,128.198921577462,682.0292455231984,0,16,0,3
191900030,smooth_error,12,448.8425435161367,443.5393385486238,5.303204967512897,1.1815290337606421,19880.552610968207,19812.36031291743,224,219,209,199,7,2,5386.1105221936405,5322.472062583485,0.4710553390000314,0.33673339099959776,0.38069335800003046,0.28064388300003884,1606.650725890639,918.548072370344,0,7,0,3
191900031,smooth_error,15,379.1303854650479,386.94485898964365,-7.814473524595769,-2.0611572757510244,22019.778909878598,21760.864424223273,200,228,187,216,7,7,5686.955781975718,5804.172884844655,1.5886255729997174,1.385006722000071,1.2397857889999955,1.0993596200000297,313.1223291325032,188.8559262598901,0,16,0,10
191900032,smooth_error,14,395.2819430410817,386.0255787239234,9.25636431715833,2.3417119046584722,20679.736012875714,20501.790510674637,219,201,209,190,8,13,5533.947202575144,5404.358102134927,0.7020951310000783,1.256682954000098,0.5562280940000051,0.9873198299999899,135.52089808370783,121.0617849875216,0,9,0,3
191900033,smooth_error,14,431.84600079985154,431.153379601753,0.6926211980985499,0.1603861554386743,22214.220055989626,22255.736572122707,253,251,244,236,8,8,6045.844011197922,6036.147314424542,1.2501581669998814,0.9305355510000481,1.004957711999964,0.770447221999973,143.38026373443154,192.94472438427783,0,11,0,4
191900034,smooth_error,13,459.66419871849655,482.42227742680905,-22.758078708312496,-4.9510226751963815,21713.172916702275,22922.44803274258,260,271,247,249,7,6,5975.634583340455,6271.489606548517,1.6830353310001556,1.9096695979997094,1.3682538280000358,1.5260730810000496,220.83492310415113,310.6934040295682,0,13,0,9
191900035,smooth_error,12,467.58086202793606,475.9630458664379,-8.382183838501817,-1.7926704275593286,20664.851721676194,20872.78275198628,234,247,224,236,8,2,5610.970344335233,5711.556550397255,0.7512784149998879,0.4293324149998625,0.5963699589999578,0.3438471540000023,849.2536747665745,607.049395957727,0,14,0,3
191900036,smooth_error,16,253.4017802544879,288.2402883238139,-34.838508069326,-13.748328063969462,15922.142420359032,16894.22306590512,131,190,123,173,4,10,4054.4284840718065,4611.844613181022,0.9450478289995772,0.8573741700001847,0.7495360190000042,0.6696103129999642,0.0,0.0,0,13,0,1
191900037,smooth_error,12,478.42808329530186,481.5872486697521,-3.1591653744502537,-0.6603218926219068,20175.684997718097,20525.234920185147,273,268,263,256,6,6,5741.136999543623,5779.046984037025,0.7644677309999679,0.5249877640003433,0.6023604700000078,0.43023612500002173,150.0399238815662,101.26928895917172,0,13,0,1
191900038,smooth_error,11,535.6320623300322,540.2454928128392,-4.613430482806962,-0.8613058864957113,20634.76342815177,21093.50210470614,285,278,273,261,4,6,5891.952685630355,5942.700420941232,0.8243616650001968,0.9594745419999526,0.6536630900000091,0.7918075250000243,0.0,505.6113202437473,0,10,0,0
191900039,smooth_error,12,471.5504550735017,492.92788315338606,-21.37742807988434,-4.53343387751628,20838.027304410105,21745.67298920315,235,247,226,232,10,13,5658.60546088202,5915.1345978406325,1.0157440859998133,1.400179291999848,0.8196067580000204,1.1069260710000322,616.1046794092608,169.52545358305724,0,10,0,5
191900040,smooth_error,13,473.1888866983099,480.41265190767837,-7.22376520936848,-1.5266134544647647,21672.277635390154,22046.822373999086,290,294,281,280,7,7,6151.455527078028,6245.364474799819,1.6891186820002986,0.9818150880000758,1.3379481019999844,0.7805043739999746,557.7387190095296,457.1547847085767,0,11,0,2
191900041,smooth_error,14,405.0406414667408,399.95435594773954,5.086285519001251,1.2557469543260424,21367.84490267185,20841.804916341767,220,228,209,212,6,3,5670.568980534371,5599.360983268353,0.9810159960002238,0.7080012040000838,0.7842883889999825,0.5710883469999999,388.2025427108674,386.16570648775905,0,14,0,2
191900042,smooth_error,10,575.1462529561235,582.2620545291544,-7.115801573030922,-1.23721601878779,20207.31264780618,20628.10272645771,276,273,265,261,5,7,5751.462529561235,5822.620545291544,0.8301011069997912,0.44621195199988506,0.6674024890000396,0.3685328630000413,1215.2611301053075,121.18557251053699,0,8,0,3
191900043,smooth_error,16,316.10723055008657,325.46665921962386,-9.359428669537294,-2.9608397926393915,19333.57844400693,19737.332737569912,183,194,175,177,7,11,5057.715688801385,5207.466547513982,0.659207945000162,1.2833268050003426,0.5262954599999716,1.0466249349999543,0.0,0.0,0,16,0,6
191900044,smooth_error,11,515.7830442283931,528.0666707881122,-12.283626559719096,-2.381549121703941,19738.067432561635,20283.666893346177,279,284,267,271,3,2,5673.613486512325,5808.733378669234,0.9362612999998419,1.063703692999752,0.7360361350000062,0.8571807769999964,154.9641777447623,418.7934387037785,0,14,0,5
191900045,smooth_error,13,444.6015603853391,440.9878704574777,3.613689927861401,0.8127929026450986,21929.101425047036,21639.211579736053,221,224,206,205,6,5,5779.8202850094085,5732.84231594721,1.069642382999973,0.8983606530000543,0.8608506850000026,0.7065142539999556,1116.6820795885924,1349.505637376562,0,9,0,4
191900046,smooth_error,12,475.48524530978625,478.425550167204,-2.9403048574177433,-0.6183798312189737,20499.114718587167,20655.533010032254,257,255,243,242,6,11,5705.822943717435,5741.106602006448,0.6158036619999621,0.4981894950001333,0.48731030499999406,0.39486578700001473,0.0,1126.7029694450666,0,10,0,1
191900047,smooth_error,10,584.566028323826,578.4259109284268,6.140117395399216,1.0503719165831926,20353.301416191298,20696.295546421334,285,267,276,251,8,3,5845.6602832382605,5784.259109284268,0.4609400680001272,0.6030865059997268,0.36253380200002994,0.48653908799997225,184.21401350381257,685.7721445377656,0,12,0,5
191900048,smooth_error,11,543.1178038351471,548.2315112056986,-5.113707370551424,-0.9415466284555141,20641.479210933096,20622.73311631341,297,306,285,288,7,11,5974.295842186619,6030.546623262684,0.9658253929997045,1.5544588410002689,0.7936554409999985,1.2045604159999925,187.42916045861148,188.0258013433231,0,11,0,1
191900049,smooth_error,11,526.5487547502297,511.1265685403338,15.422186209895926,2.928918940699332,20305.181511262635,19406.96126971837,277,280,264,259,9,9,5792.036302252527,5622.392253943672,1.1103238179998698,0.7738200620001408,0.886845199999982,0.6303397679999989,203.7900190377468,417.4664857219732,0,10,0,4
191900050,smooth_error,10,593.7082637698784,586.7698584580131,6.938405311865267,1.168655674052499,20795.41318849395,20288.492922900656,287,292,272,276,7,8,5937.082637698784,5867.698584580131,0.6657960849997835,0.7652195550003853,0.5363101410000013,0.5907414780000408,0.0,145.43846237425169,0,13,0,3
191900051,smooth_error,16,320.517248659591,335.09576575994106,-14.578517100350041,-4.54843449496638,19861.379892767283,20767.661260795277,177,187,170,175,7,6,5128.275978553456,5361.532252159057,1.5846904049999466,1.4515170989998296,1.271780853999985,1.1600727690000099,0.0,0.0,0,13,0,4
191900052,smooth_error,15,382.4039997532379,382.01421669862793,0.3897830546099499,0.10192964897371981,21570.299981492844,21231.066252397097,223,234,208,218,8,7,5736.059996298568,5730.213250479419,1.261285990000033,1.0869988479998938,1.0246961540000257,0.8760493409999981,627.7093719615432,627.4820470719478,0,13,0,3
191900053,smooth_error,11,531.9484800154504,507.88257717558514,24.06590283986526,4.524104070974366,20342.166400849765,19298.541744657185,282,278,270,264,16,6,5851.433280169954,5586.708348931436,1.4398442359997716,0.46276316200010115,1.1341313060000289,0.3851311129999999,774.173265143314,0.0,0,9,0,5
191900054,smooth_error,11,536.6338946817781,521.2170742314916,15.416820450286536,2.872874897219946,20679.86420749779,19756.939082732057,286,287,270,271,4,7,5902.972841499559,5733.3878165464075,1.557868865999808,1.0941985569997996,1.2680616640000153,0.8430776629999741,707.941157002434,706.2498760013004,0,12,0,4
191900055,smooth_error,15,373.6232194117685,372.3010480009346,1.3221714108339029,0.3538782768682136,21281.741455882635,20992.578600070097,213,218,202,197,2,8,5604.348291176528,5584.515720014019,1.1178368599998976,1.9721423589999176,0.8945813550000139,1.5747423970000227,121.91287770978215,172.32720126325967,0,16,0,4
191900056,smooth_error,12,469.4968114417747,487.64337036903663,-18.146558927261935,-3.865108023105801,19684.808686506483,20688.60222214219,272,275,259,258,6,7,5633.961737301296,5851.72044442844,0.7477609659999871,0.6666705279999405,0.5976225210000052,0.5174790650000318,402.8608673472245,173.44126949497604,0,14,0,7
191900057,smooth_error,15,371.42240559188315,387.2051362744794,-15.782730682596252,-4.249267261474321,21166.680419391247,22300.385220585948,208,209,196,192,9,12,5571.336083878247,5808.077044117191,1.6419501059999675,0.9162432040002386,1.373187267999981,0.7214487879999751,356.02224140221824,285.68911041807223,0,11,0,5
191900058,smooth_error,15,389.56523364070387,377.5161812919434,12.049052348760483,3.092948576585075,22672.39252305279,21583.713596895755,205,210,194,191,5,10,5843.478504610558,5662.742719379151,1.1048486939998838,0.9833079489999363,0.883168774000012,0.7895439140000349,119.16225308145567,119.16331702697062,0,14,0,4
191900059,smooth_error,14,417.5488827019004,421.112881834732,-3.5639991328315546,-0.8535525492894269,21348.421789133015,21447.901728431232,246,251,237,233,13,16,5845.684357826606,5895.580345686248,0.9078761649998341,1.2478701200002433,0.8243976680000173,1.174115401999984,132.0115661516411,129.2213696375875,0,11,0,1
