profile,kind,seed,mode,noise,repeat,true_sources,cleared,success,virtual_seconds,seconds_per_source,movement_metres,detects,switches,optical_attempts,failed_clears,local_runtime_seconds,error,scenario_decisions,changed_first_actions,accepted_future_plans
annex,random,5000,joint,hash,0,13,13,True,2930.384693441757,225.41420718782746,10271.923467208786,137,126,13,0,0.028444541996577755,,,,
annex,random,5000,optical,hash,0,13,13,True,2796.1914326819065,215.09164866783897,9915.957163409532,126,118,13,0,0.0806812499940861,,,,
annex,random,5000,phased,hash,0,13,13,True,3808.4262861259026,292.95586816353097,13807.131430629513,164,162,13,0,0.023960458987858146,,,,
annex,random,5000,v2,hash,0,13,13,True,2720.427710997205,209.26367007670808,9487.138554986024,127,123,13,0,0.1710314170049969,,,,
annex,random,5000,v3,hash,0,13,13,True,2818.204557869397,216.7849659899536,9896.022789346986,130,124,13,0,0.056868999992730096,,,,
annex,random,5000,v3_origin20,hash,0,13,13,True,2735.005430866422,210.38503314357092,9495.02715433211,129,126,13,0,0.07560308399843052,,,,
annex,random,5001,joint,hash,0,10,10,True,3036.994584221712,303.69945842217123,10844.97292110856,139,123,10,0,0.014219042001059279,,,,
annex,random,5001,optical,hash,0,10,10,True,2765.5217335613224,276.55217335613224,9917.608667806613,123,117,10,0,0.08273674998781644,,,,
annex,random,5001,phased,hash,0,10,10,True,3691.372352080475,369.1372352080475,13266.861760402375,165,163,10,0,0.01476591601385735,,,,
annex,random,5001,v2,hash,0,10,10,True,2879.865514646447,287.9865514646447,9884.327573232236,143,138,10,0,0.15237920900108293,,,,
annex,random,5001,v3,hash,0,10,10,True,2788.017772489814,278.8017772489814,9900.088862449069,127,123,10,0,0.06250033297692426,,,,
annex,random,5001,v3_origin20,hash,0,10,10,True,2835.518013819881,283.5518013819881,9612.590069099406,145,138,10,0,0.07500320899998769,,,,
annex,random,5002,joint,hash,0,14,14,True,3745.6828988631282,267.54877849022347,14063.41449431564,148,123,14,0,0.027512458997080103,,,,
annex,random,5002,optical,hash,0,14,14,True,3380.659935359201,241.47570966851436,12773.299676796005,126,120,16,2,0.10458966699661687,,,,
annex,random,5002,phased,hash,0,14,14,True,4553.523687794919,325.2516919853514,17362.618438974598,169,166,14,0,0.021078874997328967,,,,
annex,random,5002,v2,hash,0,14,14,True,3536.1603814810614,252.5828843915044,13085.801907405308,143,134,14,0,0.20186254099826328,,,,
annex,random,5002,v3,hash,0,14,14,True,3519.876907137005,251.41977908121467,13434.384535685027,129,118,14,0,0.09121574999880977,,,,
annex,random,5002,v3_origin20,hash,0,14,14,True,3421.3415969010707,244.38154263579077,12476.707984505354,144,136,14,0,0.10598879199824296,,,,
annex,random,5003,joint,hash,0,11,11,True,2807.470174816091,255.22456134691737,9857.350874080455,131,126,11,0,0.0219281250028871,,,,
annex,random,5003,optical,hash,0,11,11,True,2733.4222640292037,248.49293309356398,9777.111320146018,120,117,13,2,0.08026774998870678,,,,
annex,random,5003,phased,hash,0,11,11,True,3688.7767453283077,335.3433404843916,13318.883726641538,162,160,11,0,0.01764374997583218,,,,
annex,random,5003,v2,hash,0,11,11,True,2779.946602265986,252.7224183878169,9044.733011329929,154,146,11,0,0.20441333300550468,,,,
annex,random,5003,v3,hash,0,11,11,True,2742.463040940803,249.31482190370934,9742.315204704013,124,119,11,0,0.06562116698478349,,,,
annex,random,5003,v3_origin20,hash,0,11,11,True,2662.4971849643466,242.04519863312242,8952.485924821733,137,132,11,0,0.08736400000634603,,,,
annex,random,5004,joint,hash,0,10,10,True,3188.420000634324,318.8420000634324,11617.10000317162,139,120,10,0,0.015819374995771796,,,,
annex,random,5004,optical,hash,0,10,10,True,2760.1145415311385,276.01145415311385,10120.572707655692,115,111,10,0,0.0778266670240555,,,,
annex,random,5004,phased,hash,0,10,10,True,3608.195780627198,360.8195780627198,12820.97890313599,166,164,10,0,0.015693082998041064,,,,
annex,random,5004,v2,hash,0,10,10,True,2874.2835100463217,287.4283510046322,10316.417550231608,128,121,10,0,0.14338816699455492,,,,
annex,random,5004,v3,hash,0,10,10,True,2774.493934388297,277.4493934388297,10142.469671941486,117,111,10,0,0.06014387498726137,,,,
annex,random,5004,v3_origin20,hash,0,10,10,True,2898.0768081092783,289.8076808109278,10340.38404054639,131,125,10,0,0.06981287497910671,,,,
annex,random,5005,joint,hash,0,15,15,True,3494.1717177395653,232.94478118263768,13045.858588697827,138,120,15,0,0.028757332998793572,,,,
annex,random,5005,optical,hash,0,15,15,True,3402.009227097427,226.80061513982847,13365.046135487135,109,106,16,1,0.10346054099500179,,,,
annex,random,5005,phased,hash,0,15,15,True,4637.994372649862,309.19962484332416,17689.971863249313,172,165,15,0,0.023721500008832663,,,,
annex,random,5005,v2,hash,0,15,15,True,3472.2645672990443,231.48430448660295,12821.322836495221,140,133,15,0,0.30645187498885207,,,,
annex,random,5005,v3,hash,0,15,15,True,3418.665858218491,227.91105721456606,13353.329291092454,113,108,15,0,0.08880133301136084,,,,
annex,random,5005,v3_origin20,hash,0,15,15,True,3425.467958825431,228.36453058836207,12407.339794127156,146,139,15,0,0.12496608300716616,,,,
annex,random,5006,joint,hash,0,11,11,True,2911.5540591318295,264.68673264834814,10262.770295659147,136,124,11,0,0.019604707980761304,,,,
annex,random,5006,optical,hash,0,11,11,True,2953.801722624723,268.52742932952026,10879.008613123615,119,116,15,4,0.07381591698504053,,,,
annex,random,5006,phased,hash,0,11,11,True,3804.5604232378782,345.86912938526166,13822.80211618939,165,160,11,0,0.018234999995911494,,,,
annex,random,5006,v2,hash,0,11,11,True,2887.0892883869174,262.46266258062883,9845.446441934588,144,143,11,0,0.1877768330159597,,,,
annex,random,5006,v3,hash,0,11,11,True,2942.205573540895,267.47323395826317,10796.027867704473,122,118,11,0,0.07397895900066942,,,,
annex,random,5006,v3_origin20,hash,0,11,11,True,2956.9159554948737,268.8105414086249,10159.579777474368,146,140,11,0,0.08886954199988395,,,,
annex,random,5007,joint,hash,0,13,13,True,3543.60239540387,272.58479964645153,13438.01197701935,135,116,13,0,0.023791082989191636,,,,
annex,random,5007,optical,hash,0,13,13,True,3362.8800503197153,258.6830807938243,12984.400251598578,117,110,15,2,0.08700787500129081,,,,
annex,random,5007,phased,hash,0,13,13,True,4556.461781910523,350.49706014696335,17457.308909552616,167,165,13,0,0.0165345840214286,,,,
annex,random,5007,v2,hash,0,13,13,True,3543.856445120143,272.6043419323187,12929.282225600713,150,143,13,0,0.19430241599911824,,,,
annex,random,5007,v3,hash,0,13,13,True,3370.4704556780607,259.2669581290816,12987.352278390304,119,113,13,0,0.07769933398230933,,,,
annex,random,5007,v3_origin20,hash,0,13,13,True,3310.8689277483527,254.68222521141175,12354.344638741764,130,125,13,0,0.07675758298137225,,,,
annex,random,5008,joint,hash,0,15,15,True,3957.441190042991,263.8294126695327,15462.205950214955,136,110,15,0,0.030802207998931408,,,,
annex,random,5008,optical,hash,0,15,15,True,3537.750674753802,235.8500449835868,13738.753373769008,119,114,17,2,0.11324620799859986,,,,
annex,random,5008,phased,hash,0,15,15,True,4629.171719144643,308.6114479429762,17715.858595723217,169,166,15,0,0.0251529999950435,,,,
annex,random,5008,v2,hash,0,15,15,True,3621.702671804374,241.44684478695825,13443.51335902187,144,138,15,0,0.2554005839920137,,,,
annex,random,5008,v3,hash,0,15,15,True,3527.9228766898677,235.19485844599117,13599.614383449338,123,118,15,0,0.0881072909978684,,,,
annex,random,5008,v3_origin20,hash,0,15,15,True,3578.423298602598,238.5615532401732,13107.11649301299,148,142,15,0,0.09987029200419784,,,,
annex,random,5009,joint,hash,0,12,12,True,3301.7087160742476,275.1423930061873,12138.543580371239,138,124,12,0,0.01936074998229742,,,,
annex,random,5009,optical,hash,0,12,12,True,3060.782322036801,255.06519350306675,11353.911610184005,122,117,13,1,0.07326433301204816,,,,
annex,random,5009,phased,hash,0,12,12,True,3998.915732771686,333.24297773097385,14649.57866385843,169,164,12,0,0.016528249980183318,,,,
annex,random,5009,v2,hash,0,12,12,True,3062.074596041365,255.17288300344708,10965.372980206826,135,134,12,0,0.17108370800269768,,,,
annex,random,5009,v3,hash,0,12,12,True,3090.9262692934294,257.5771891077858,11309.631346467148,129,124,12,0,0.06769820800400339,,,,
annex,random,5009,v3_origin20,hash,0,12,12,True,3026.8354019515327,252.23628349596106,10689.177009757665,139,134,12,0,0.07135962499887682,,,,
annex,random,5010,joint,hash,0,11,11,True,2717.497595922884,247.04523599298946,9277.487979614421,136,127,11,0,0.018930166988866404,,,,
annex,random,5010,optical,hash,0,11,11,True,2717.3884972915666,247.03531793559696,9576.942486457834,125,122,11,0,0.06600733299273998,,,,
annex,random,5010,phased,hash,0,11,11,True,3461.465791328642,314.6787083026038,12207.32895664321,161,160,11,0,0.013526624999940395,,,,
annex,random,5010,v2,hash,0,11,11,True,2632.4796840115823,239.31633491014384,8907.39842005791,134,126,11,0,0.15777995900134556,,,,
annex,random,5010,v3,hash,0,11,11,True,2738.0897152934535,248.91724684485942,9530.448576467268,130,127,11,0,0.0604256670048926,,,,
annex,random,5010,v3_origin20,hash,0,11,11,True,2647.6720106656962,240.6974555150633,8923.36005332848,136,128,11,0,0.0906042080023326,,,,
annex,random,5011,joint,hash,0,10,10,True,3055.6788000432475,305.56788000432476,11003.394000216238,137,120,10,0,0.014684541994938627,,,,
annex,random,5011,optical,hash,0,10,10,True,2772.7460868437165,277.27460868437163,10203.730434218583,114,109,11,1,0.05708883298211731,,,,
annex,random,5011,phased,hash,0,10,10,True,3513.459460179786,351.34594601797863,12377.29730089893,165,163,10,0,0.01189912497648038,,,,
annex,random,5011,v2,hash,0,10,10,True,2825.585029591932,282.5585029591932,9632.92514795966,142,139,10,0,0.11272087501129135,,,,
annex,random,5011,v3,hash,0,10,10,True,2802.38124909866,280.23812490986603,10206.906245493301,119,116,10,0,0.047754583007190377,,,,
annex,random,5011,v3_origin20,hash,0,10,10,True,2801.038236465449,280.10382364654487,9505.191182327244,142,140,10,0,0.05901849997462705,,,,
annex,random,5012,joint,hash,0,11,11,True,3449.2279312076603,313.56617556433275,12946.139656038302,138,115,11,0,0.021523707982851192,,,,
annex,random,5012,optical,hash,0,11,11,True,2964.084303660196,269.4622094236542,10975.42151830098,120,114,11,0,0.09252883298904635,,,,
annex,random,5012,phased,hash,0,11,11,True,3862.7995642531037,351.1635967502821,13973.997821265519,170,163,11,0,0.014935916988179088,,,,
annex,random,5012,v2,hash,0,11,11,True,3273.7405020525835,297.6127729138712,12293.702510262918,128,120,11,0,0.2012697919853963,,,,
annex,random,5012,v3,hash,0,11,11,True,2977.6140605052124,270.69218731865567,10978.070302526061,122,117,11,0,0.07870362501125783,,,,
annex,random,5012,v3_origin20,hash,0,11,11,True,3299.646582381989,299.9678711256354,12308.232911909945,132,123,11,0,0.09493279198068194,,,,
annex,random,5013,joint,hash,0,11,11,True,3622.4163431773404,329.3105766524855,13412.081715886703,151,130,11,0,0.024045416008448228,,,,
annex,random,5013,optical,hash,0,11,11,True,3255.100496644094,295.9182269676449,12455.50248322047,118,116,12,1,0.06077783298678696,,,,
annex,random,5013,phased,hash,0,11,11,True,4378.663562108393,398.06032382803573,16558.317810541965,169,167,11,0,0.013291375013068318,,,,
annex,random,5013,v2,hash,0,11,11,True,3312.329513116195,301.12086482874497,12131.647565580975,139,136,11,0,0.1527764170023147,,,,
annex,random,5013,v3,hash,0,11,11,True,3266.7344099158645,296.9758554468968,12388.672049579323,123,119,11,0,0.0523743329977151,,,,
annex,random,5013,v3_origin20,hash,0,11,11,True,3323.437902059399,302.1307183690363,12107.189510296996,142,137,11,0,0.058084749995032325,,,,
annex,random,5014,joint,hash,0,13,13,True,3140.5966696451055,241.58435920346966,11642.983348225527,126,117,13,0,0.0230303339776583,,,,
annex,random,5014,optical,hash,0,13,13,True,2888.582365662681,222.1986435125139,10732.911828313403,113,109,14,1,0.07584629199118353,,,,
annex,random,5014,phased,hash,0,13,13,True,3817.690214491425,293.66847803780195,13878.451072457126,163,162,13,0,0.02002637498662807,,,,
annex,random,5014,v2,hash,0,13,13,True,3019.0687746589265,232.2360595891482,10920.343873294632,129,125,13,0,0.18434666699613445,,,,
annex,random,5014,v3,hash,0,13,13,True,2904.1249153106373,223.3942242546644,10685.624576553188,118,112,13,0,0.06334937497740611,,,,
annex,random,5014,v3_origin20,hash,0,13,13,True,2891.1942861647594,222.39956047421225,10645.971430823796,117,112,13,0,0.07900862497626804,,,,
annex,random,5015,joint,hash,0,16,16,True,3272.262776506467,204.5164235316542,12631.313882532335,114,96,16,0,0.027655917016090825,,,,
annex,random,5015,optical,hash,0,16,16,True,3069.032997234876,191.81456232717974,11755.164986174379,107,100,17,1,0.1151360000076238,,,,
annex,random,5015,phased,hash,0,16,16,True,3792.5879071950662,237.03674419969164,14502.93953597533,137,127,16,0,0.024577041011070833,,,,
annex,random,5015,v2,hash,0,16,16,True,2946.2166130997257,184.13853831873286,10531.08306549863,128,120,16,0,0.23628241600818,,,,
annex,random,5015,v3,hash,0,16,16,True,3108.4216421627493,194.27635263517183,11722.108210813747,115,109,16,0,0.09344966700882651,,,,
annex,random,5015,v3_origin20,hash,0,16,16,True,2921.65193272041,182.60324579502563,10328.25966360205,131,121,16,0,0.11414733302081004,,,,
annex,random,5016,joint,hash,0,14,14,True,3479.4516641074397,248.53226172195997,13217.2583205372,130,116,14,0,0.024638290982693434,,,,
annex,random,5016,optical,hash,0,14,14,True,3120.267841458567,222.87627438989765,12021.339207292836,108,103,15,1,0.09174891698057763,,,,
annex,random,5016,phased,hash,0,14,14,True,4153.7569800245865,296.6969271446133,15423.784900122932,167,164,14,0,0.02243408400681801,,,,
annex,random,5016,v2,hash,0,14,14,True,3227.1637810229595,230.5116986444971,12680.818905114798,104,101,14,0,0.2273850830097217,,,,
annex,random,5016,v3,hash,0,14,14,True,3142.112291368812,224.4365922406294,11960.56145684406,114,110,14,0,0.07933574999333359,,,,
annex,random,5016,v3_origin20,hash,0,14,14,True,3095.22006096775,221.08714721198217,12026.100304838752,104,100,14,0,0.08049466699594632,,,,
annex,random,5017,joint,hash,0,10,10,True,2911.8122779920104,291.18122779920105,10004.061389960052,146,131,10,0,0.01663629201357253,,,,
annex,random,5017,optical,hash,0,10,10,True,2732.38624861572,273.238624861572,9876.9312430786,119,112,10,0,0.05610025001806207,,,,
annex,random,5017,phased,hash,0,10,10,True,3945.633583939916,394.5633583939916,14443.167919699581,169,162,10,0,0.014421540981857106,,,,
annex,random,5017,v2,hash,0,10,10,True,2739.589395267915,273.9589395267915,9182.946976339574,143,138,10,0,0.1282110409811139,,,,
annex,random,5017,v3,hash,0,10,10,True,2747.191410430624,274.7191410430624,9865.957052153119,122,114,10,0,0.049433333973865956,,,,
annex,random,5017,v3_origin20,hash,0,10,10,True,2831.0159934382964,283.10159934382966,9765.079967191481,139,133,10,0,0.06891320899012499,,,,
annex,random,5018,joint,hash,0,13,13,True,3535.575518486546,271.96734757588814,13457.877592432731,133,114,13,0,0.01986037500319071,,,,
annex,random,5018,optical,hash,0,13,13,True,3603.79956871752,277.21535143980924,13923.997843587598,125,123,15,2,0.09000133301015012,,,,
annex,random,5018,phased,hash,0,13,13,True,4386.718024813783,337.4398480625987,16593.590124068916,168,163,13,0,0.018050541984848678,,,,
annex,random,5018,v2,hash,0,13,13,True,3583.118839838495,275.62452614142273,13710.594199192476,130,126,13,0,0.22950116702122614,,,,
annex,random,5018,v3,hash,0,13,13,True,3603.181452974355,277.16780407495037,13830.907264871776,129,127,13,0,0.0761607919994276,,,,
annex,random,5018,v3_origin20,hash,0,13,13,True,3560.3232535564357,273.87101950434123,13661.616267782178,128,123,13,0,0.08364741699188016,,,,
annex,random,5019,joint,hash,0,12,12,True,3053.433347892519,254.45277899104326,11192.166739462595,128,115,12,0,0.018663540977286175,,,,
annex,random,5019,optical,hash,0,12,12,True,2946.0238178138707,245.50198481782255,10750.119089069352,123,118,13,1,0.10526920799748041,,,,
annex,random,5019,phased,hash,0,12,12,True,3969.590151780927,330.79917931507725,14542.950758904635,168,161,12,0,0.022102624992839992,,,,
annex,random,5019,v2,hash,0,12,12,True,3237.910262565671,269.82585521380594,11774.551312828355,138,133,12,0,0.17393745799199678,,,,
annex,random,5019,v3,hash,0,12,12,True,2904.629975901391,242.0524979917826,10468.149879506955,126,121,12,0,0.07713395799510181,,,,
annex,random,5019,v3_origin20,hash,0,12,12,True,2837.020751500256,236.4183959583547,10150.103757501282,125,122,12,0,0.06718866698793136,,,,
annex,random,5020,joint,hash,0,13,13,True,3701.004074053389,284.6926210810299,14050.020370266946,142,116,13,0,0.06922179201501422,,,,
annex,random,5020,optical,hash,0,13,13,True,3168.406260775147,243.72355852116516,11997.031303875736,117,110,16,3,0.19613312499132007,,,,
annex,random,5020,phased,hash,0,13,13,True,4521.795027914479,347.8303867626522,17213.975139572394,170,164,13,0,0.04548720899038017,,,,
annex,random,5020,v2,hash,0,13,13,True,3434.0341938973647,264.15647645364345,12960.170969486824,130,127,13,0,0.3750428330095019,,,,
annex,random,5020,v3,hash,0,13,13,True,3175.9000225005243,244.30000173080956,11884.500112502621,124,114,13,0,0.1197245419898536,,,,
annex,random,5020,v3_origin20,hash,0,13,13,True,3388.5412257153116,260.65701736271626,12797.706128576558,128,124,13,0,0.24076799998874776,,,,
annex,random,5021,joint,hash,0,12,12,True,3277.210852819984,273.10090440166533,11981.054264099921,139,126,12,0,0.05034279098617844,,,,
annex,random,5021,optical,hash,0,12,12,True,2943.112344386164,245.25936203218032,11080.561721930819,111,109,13,1,0.19705479199183173,,,,
annex,random,5021,phased,hash,0,12,12,True,4080.834494402323,340.06954120019356,15024.172472011614,170,166,12,0,0.04237645899411291,,,,
annex,random,5021,v2,hash,0,12,12,True,2896.6072800847955,241.3839400070663,10068.036400423978,138,133,12,0,0.329943832999561,,,,
annex,random,5021,v3,hash,0,12,12,True,2955.5497881047877,246.29581567539898,11057.74894052394,115,109,12,0,0.13702408398967236,,,,
annex,random,5021,v3_origin20,hash,0,12,12,True,2920.454772825219,243.37123106876825,10097.273864126095,141,136,12,0,0.18258358299499378,,,,
annex,random,5022,joint,hash,0,11,11,True,3422.14512124445,311.1041019313136,12750.72560622225,139,122,11,0,0.05588583298958838,,,,
annex,random,5022,optical,hash,0,11,11,True,2935.0237129371444,266.8203375397404,10825.118564685723,119,117,12,1,0.2541927080019377,,,,
annex,random,5022,phased,hash,0,11,11,True,3917.1440669384106,356.10400608531006,14340.720334692052,166,164,11,0,0.040186458005337045,,,,
annex,random,5022,v2,hash,0,11,11,True,2949.4097871308527,268.12816246644115,10647.048935654264,128,125,11,0,0.5901370409992523,,,,
annex,random,5022,v3,hash,0,11,11,True,2947.9719794889306,267.9974526808119,10764.859897444652,124,120,11,0,0.34212337498320267,,,,
annex,random,5022,v3_origin20,hash,0,11,11,True,2963.387043393267,269.39882212666066,10536.935216966334,134,131,11,0,0.21980058299959637,,,,
annex,random,5023,joint,hash,0,11,11,True,3479.5916806765745,316.32651642514315,12807.958403382872,148,123,11,0,0.030835249985102564,,,,
annex,random,5023,optical,hash,0,11,11,True,2878.7531974098974,261.7048361281725,10403.765987049488,123,119,14,3,0.1503275830182247,,,,
annex,random,5023,phased,hash,0,11,11,True,3862.0193301967674,351.09266638152434,13980.096650983838,169,166,11,0,0.031131042022025213,,,,
annex,random,5023,v2,hash,0,11,11,True,2958.1751620054133,268.92501472776485,10550.875810027066,133,128,11,0,0.2253642919822596,,,,
annex,random,5023,v3,hash,0,11,11,True,2867.7919282470675,260.7083571133698,10338.959641235337,125,120,11,0,0.09440716600511223,,,,
annex,random,5023,v3_origin20,hash,0,11,11,True,2926.0764042927103,266.00694584479186,10360.38202146355,134,129,11,0,0.10248099997988902,,,,
annex,random,5024,joint,hash,0,10,10,True,3186.963872485005,318.6963872485005,11364.819362425025,147,129,10,0,0.029059624997898936,,,,
annex,random,5024,optical,hash,0,10,10,True,2878.195669274347,287.8195669274347,10580.978346371734,119,117,10,0,0.11737512500258163,,,,
annex,random,5024,phased,hash,0,10,10,True,3908.9723796658836,390.89723796658836,14384.861898329418,164,162,10,0,0.024292874993989244,,,,
annex,random,5024,v2,hash,0,10,10,True,2835.672885449341,283.56728854493406,9628.364427246705,144,140,10,0,0.2843510420061648,,,,
annex,random,5024,v3,hash,0,10,10,True,2879.7293222952276,287.97293222952277,10538.646611476139,121,117,10,0,0.08728212499408983,,,,
annex,random,5024,v3_origin20,hash,0,10,10,True,2855.692116139372,285.5692116139372,9638.46058069686,147,143,10,0,0.14502258397988044,,,,
annex,random,5025,joint,hash,0,16,16,True,3447.3419501754306,215.4588718859644,13741.709750877153,105,94,16,0,0.04679579200455919,,,,
annex,random,5025,optical,hash,0,16,16,True,3318.242038010715,207.3901273756697,13026.210190053574,105,99,19,3,0.10981787499622442,,,,
annex,random,5025,phased,hash,0,16,16,True,4029.2873733099304,251.83046083187065,15321.436866549653,148,145,16,0,0.02840637500048615,,,,
annex,random,5025,v2,hash,0,16,16,True,3159.0873869354355,197.44296168346472,11970.436934677178,115,110,16,0,0.38494033299502917,,,,
annex,random,5025,v3,hash,0,16,16,True,3328.52386129788,208.0327413311175,12972.6193064894,110,104,16,0,0.12655995797831565,,,,
annex,random,5025,v3_origin20,hash,0,16,16,True,3346.701784040858,209.16886150255363,12128.50892020429,141,136,16,0,0.1491822910029441,,,,
annex,random,5026,joint,hash,0,10,10,True,3333.018558735176,333.30185587351764,12265.09279367588,141,125,10,0,0.0204476669896394,,,,
annex,random,5026,optical,hash,0,10,10,True,2941.607461215207,294.1607461215207,10798.037306076034,122,116,12,2,0.08024566702079028,,,,
annex,random,5026,phased,hash,0,10,10,True,4015.8821814173043,401.5882181417304,14814.410907086522,168,163,10,0,0.016040791990235448,,,,
annex,random,5026,v2,hash,0,10,10,True,3153.7247459798227,315.37247459798226,11528.623729899113,134,128,10,0,0.17508216699934565,,,,
annex,random,5026,v3,hash,0,10,10,True,2950.4510622377675,295.04510622377677,10742.255311188837,126,122,10,0,0.07229262500186451,,,,
annex,random,5026,v3_origin20,hash,0,10,10,True,3096.200156865329,309.6200156865329,11201.000784326645,135,131,10,0,0.07199216698063537,,,,
annex,random,5027,joint,hash,0,14,14,True,3187.014846935991,227.64391763828507,11640.074234679954,134,119,14,0,0.028339667012915015,,,,
annex,random,5027,optical,hash,0,14,14,True,2914.9872052827864,208.2133718059133,10854.936026413932,112,105,17,3,0.08215604201541282,,,,
annex,random,5027,phased,hash,0,14,14,True,4020.6170815720393,287.1869343980028,14848.085407860197,164,161,14,0,0.0195703330100514,,,,
annex,random,5027,v2,hash,0,14,14,True,3139.7767652430575,224.26976894593267,10688.883826215288,157,147,14,0,0.2488765419984702,,,,
annex,random,5027,v3,hash,0,14,14,True,2910.132358041959,207.86659700299705,10770.661790209795,115,111,14,0,0.07616620801854879,,,,
annex,random,5027,v3_origin20,hash,0,14,14,True,3038.7939767633516,217.05671262595368,10523.969883816757,145,139,14,0,0.09751095800311305,,,,
annex,random,5028,joint,hash,0,14,14,True,3640.788088844013,260.05629206028664,14103.940444220067,128,110,14,0,0.020846500003244728,,,,
annex,random,5028,optical,hash,0,14,14,True,3440.9618899389066,245.7829921384933,12919.809449694532,131,126,16,2,0.09565504197962582,,,,
annex,random,5028,phased,hash,0,14,14,True,4360.193390758947,311.44238505421055,16355.966953794737,171,164,14,0,0.019509625009959564,,,,
annex,random,5028,v2,hash,0,14,14,True,3440.865026644276,245.776073331734,13224.32513322138,122,116,14,0,0.17960779200075194,,,,
annex,random,5028,v3,hash,0,14,14,True,3475.220055262013,248.23000394728663,12941.100276310064,137,132,14,0,0.0862450829881709,,,,
annex,random,5028,v3_origin20,hash,0,14,14,True,3666.8351671238497,261.9167976517036,13949.175835619248,136,127,14,0,0.098746084026061,,,,
annex,random,5029,joint,hash,0,13,13,True,3638.949404510916,279.91918496237815,13319.747022554579,155,135,13,0,0.018472708004992455,,,,
annex,random,5029,optical,hash,0,13,13,True,3068.9257646444094,236.07121266495457,11174.628823222047,129,121,14,1,0.06827337498543784,,,,
annex,random,5029,phased,hash,0,13,13,True,4074.794941435245,313.4457647257881,14938.974707176225,171,167,13,0,0.017003458982799202,,,,
annex,random,5029,v2,hash,0,13,13,True,3021.698393160771,232.43833793544394,11113.491965803856,123,119,13,0,0.17780020801001228,,,,
annex,random,5029,v3,hash,0,13,13,True,3091.7419184104447,237.82630141618804,11073.709592052224,136,132,13,0,0.05770954201580025,,,,
annex,random,5029,v3_origin20,hash,0,13,13,True,2963.583231079611,227.96794085227776,10797.916155398054,124,119,13,0,0.07682137499796227,,,,
annex,random,5030,joint,hash,0,14,14,True,3460.2739227804095,247.16242305574355,12721.369613902047,144,126,14,0,0.018548874999396503,,,,
annex,random,5030,optical,hash,0,14,14,True,3166.2346892517576,226.15962066083983,11691.173446258788,126,122,16,2,0.07947004202287644,,,,
annex,random,5030,phased,hash,0,14,14,True,4348.5590191650645,310.61135851179034,16187.79509582532,175,166,14,0,0.018379334011115134,,,,
annex,random,5030,v2,hash,0,14,14,True,3121.2834054088025,222.94881467205732,11281.417027044012,133,130,14,0,0.17811312500271015,,,,
annex,random,5030,v3,hash,0,14,14,True,3181.873123922879,227.27665170877708,11614.365619614395,132,129,14,0,0.07116824999684468,,,,
annex,random,5030,v3_origin20,hash,0,14,14,True,3151.2866290281186,225.09190207343704,11316.433145140592,137,133,14,0,0.08040862498455681,,,,
annex,random,5031,joint,hash,0,16,16,True,3413.8578672593458,213.3661167037091,13319.28933629673,114,100,16,0,0.027121791994431987,,,,
annex,random,5031,optical,hash,0,16,16,True,3068.5155266733987,191.78222041708742,11987.577633366993,98,95,18,2,0.09043916600057855,,,,
annex,random,5031,phased,hash,0,16,16,True,4211.996292752325,263.2497682970203,15729.981463761625,165,161,16,0,0.023781166004482657,,,,
annex,random,5031,v2,hash,0,16,16,True,3203.1985644653805,200.19991027908628,12435.992822326903,107,101,16,0,0.20716341701336205,,,,
annex,random,5031,v3,hash,0,16,16,True,3066.131904933848,191.6332440583655,11920.65952466924,101,97,16,0,0.07620195799972862,,,,
annex,random,5031,v3_origin20,hash,0,16,16,True,3171.7469125031894,198.23418203144934,12223.734562515947,109,102,16,0,0.07893579200026579,,,,
annex,random,5032,joint,hash,0,16,16,True,2897.8242452573672,181.11401532858545,11574.121226286836,87,68,16,0,0.023742874996969476,,,,
annex,random,5032,optical,hash,0,16,16,True,2839.742930598566,177.48393316241038,10743.71465299283,101,97,19,3,0.1173899999994319,,,,
annex,random,5032,phased,hash,0,16,16,True,4041.0908461388326,252.56817788367704,14870.454230694162,165,162,16,0,0.025817666988587007,,,,
annex,random,5032,v2,hash,0,16,16,True,2649.6361006763645,165.60225629227278,9868.180503381824,100,96,16,0,0.23893549997592345,,,,
annex,random,5032,v3,hash,0,16,16,True,2836.4562083711944,177.27851302319965,10717.281041855973,103,98,16,0,0.08948162500746548,,,,
annex,random,5032,v3_origin20,hash,0,16,16,True,2462.1472533477963,153.88420333423727,9135.736266738983,93,90,16,0,0.09785041600116529,,,,
annex,random,5033,joint,hash,0,16,16,True,3519.904787857769,219.99404924111056,13569.523939288845,124,106,16,0,0.025561958987964317,,,,
annex,random,5033,optical,hash,0,16,16,True,2977.5757242753452,186.09848276720908,11227.878621376727,109,101,18,2,0.09475270798429847,,,,
annex,random,5033,phased,hash,0,16,16,True,3864.663707961091,241.54148174756818,14718.318539805454,142,131,16,0,0.024054709007032216,,,,
annex,random,5033,v2,hash,0,16,16,True,3124.4971955249443,195.28107472030902,11407.485977624721,128,123,16,0,0.2068321249971632,,,,
annex,random,5033,v3,hash,0,16,16,True,2984.6948978957107,186.54343111848192,11203.474489478554,112,104,16,0,0.07838025002274662,,,,
annex,random,5033,v3_origin20,hash,0,16,16,True,3263.9853278147616,203.9990829884226,11914.926639073808,134,131,16,0,0.11182849999750033,,,,
annex,random,5034,joint,hash,0,10,10,True,2707.3165822038864,270.7316582203886,9366.582911019432,132,124,10,0,0.01578608399722725,,,,
annex,random,5034,optical,hash,0,10,10,True,2727.829680832182,272.7829680832182,9619.14840416091,125,123,12,2,0.05299245801870711,,,,
annex,random,5034,phased,hash,0,10,10,True,3773.3271628880548,377.3327162888055,13731.635814440273,163,162,10,0,0.013263917004223913,,,,
annex,random,5034,v2,hash,0,10,10,True,2574.6507225903906,257.46507225903906,8418.253612951954,141,136,10,0,0.1294097499921918,,,,
annex,random,5034,v3,hash,0,10,10,True,2747.304715772252,274.7304715772252,9631.52357886126,129,126,10,0,0.047642666002502665,,,,
annex,random,5034,v3_origin20,hash,0,10,10,True,2544.8995891540126,254.48995891540125,8299.497945770063,140,135,10,0,0.0658582090109121,,,,
annex,random,5035,joint,hash,0,14,14,True,3893.907989799367,278.1362849856691,15074.539948996835,140,109,14,0,0.022600374999456108,,,,
annex,random,5035,optical,hash,0,14,14,True,3448.446038146071,246.31757415329076,13312.230190730354,120,116,14,0,0.07873987502534874,,,,
annex,random,5035,phased,hash,0,14,14,True,4881.504501002378,348.6788929287413,18667.52250501189,182,168,14,0,0.019312458025524393,,,,
annex,random,5035,v2,hash,0,14,14,True,3616.4168876808076,258.31549197720057,13777.084438404037,133,126,14,0,0.1479289169947151,,,,
annex,random,5035,v3,hash,0,14,14,True,3478.8247088898297,248.4874792064164,13314.123544449149,126,116,14,0,0.06716925001819618,,,,
annex,random,5035,v3_origin20,hash,0,14,14,True,3637.2498856877155,259.80356326340825,13736.249428438578,138,130,14,0,0.0768175830016844,,,,
annex,random,5036,joint,hash,0,11,11,True,3206.7568118371237,291.5233465306476,11778.784059185618,135,121,11,0,0.017575250007212162,,,,
annex,random,5036,optical,hash,0,11,11,True,3097.6148853417203,281.6013532128837,11773.074426708601,115,110,12,1,0.05539175000740215,,,,
annex,random,5036,phased,hash,0,11,11,True,4118.5838652505345,374.41671502277586,15312.919326252673,168,161,11,0,0.014492959016934037,,,,
annex,random,5036,v2,hash,0,11,11,True,3134.146476215004,284.92240692863675,11405.73238107502,134,128,11,0,0.12424020899925381,,,,
annex,random,5036,v3,hash,0,11,11,True,3107.6215946360066,282.5110540578188,11753.107973180033,118,112,11,0,0.04981425000005402,,,,
annex,random,5036,v3_origin20,hash,0,11,11,True,3096.8497437452365,281.5317948859306,10849.248718726183,146,142,11,0,0.06975433399202302,,,,
annex,random,5037,joint,hash,0,13,13,True,3525.715488185132,271.2088837065486,13023.57744092566,146,126,13,0,0.01923091700882651,,,,
annex,random,5037,optical,hash,0,13,13,True,3243.939847581594,249.5338344293534,12284.699237907971,120,116,15,2,0.06363433401565999,,,,
annex,random,5037,phased,hash,0,13,13,True,4203.132679988401,323.31789846064623,15565.663399942005,172,165,13,0,0.016091583005618304,,,,
annex,random,5037,v2,hash,0,13,13,True,3193.2418444242003,245.63398803263078,11681.209222121002,133,127,13,0,0.130193875025725,,,,
annex,random,5037,v3,hash,0,13,13,True,3267.238021020155,251.326001616935,12291.190105100775,125,119,13,0,0.051629916997626424,,,,
annex,random,5037,v3_origin20,hash,0,13,13,True,3214.0190784571105,247.23223680439312,11635.095392285551,138,132,13,0,0.07569979198160581,,,,
annex,random,5038,joint,hash,0,11,11,True,3469.669185692825,315.42447142662047,12598.345928464125,152,135,11,0,0.014512416993966326,,,,
annex,random,5038,optical,hash,0,11,11,True,3026.562751824304,275.142068347664,11222.81375912152,122,117,11,0,0.04993979199207388,,,,
annex,random,5038,phased,hash,0,11,11,True,4142.975955569841,376.6341777790765,15289.879777849204,173,165,11,0,0.014198124990798533,,,,
annex,random,5038,v2,hash,0,11,11,True,3260.075833308357,296.3705303007597,11960.379166541785,136,133,11,0,0.13490437500877306,,,,
annex,random,5038,v3,hash,0,11,11,True,3043.085449817164,276.6441318015604,11205.427249085818,126,117,11,0,0.041168499999912456,,,,
annex,random,5038,v3_origin20,hash,0,11,11,True,3203.624487609985,291.2385897827259,11703.122438049924,135,133,11,0,0.05920487499679439,,,,
annex,random,5039,joint,hash,0,16,16,True,3790.804967808777,236.92531048804855,14559.024839043885,138,109,16,0,0.02678449999075383,,,,
annex,random,5039,optical,hash,0,16,16,True,2999.7083524793075,187.48177202995672,11628.541762396537,98,92,20,4,0.08123770798556507,,,,
annex,random,5039,phased,hash,0,16,16,True,4066.284272652759,254.14276704079742,15696.421363263793,143,132,16,0,0.018167166999774054,,,,
annex,random,5039,v2,hash,0,16,16,True,3104.4247665757316,194.02654791098323,11687.123832878659,115,112,16,0,0.20880791699164547,,,,
annex,random,5039,v3,hash,0,16,16,True,2971.155213708999,185.69720085681243,11425.776068544994,102,96,16,0,0.0675729580107145,,,,
annex,random,5039,v3_origin20,hash,0,16,16,True,3030.605261789353,189.41282886183456,11263.026308946764,117,113,16,0,0.08921500001451932,,,,
annex,random,5040,joint,hash,0,12,12,True,3523.102211866545,293.5918509888788,13035.511059332724,146,126,12,0,0.018578207993414253,,,,
annex,random,5040,optical,hash,0,12,12,True,3048.0198800557737,254.00165667131446,11270.099400278868,122,118,14,2,0.06311625000671484,,,,
annex,random,5040,phased,hash,0,12,12,True,4177.845173904834,348.1537644920695,15514.225869524173,170,165,12,0,0.014453125011641532,,,,
annex,random,5040,v2,hash,0,12,12,True,3128.083097789431,260.6735914824526,11395.415488947156,132,129,12,0,0.11511679200339131,,,,
annex,random,5040,v3,hash,0,12,12,True,3045.333184900911,253.77776540840924,11201.665924504556,125,120,12,0,0.050537167000584304,,,,
annex,random,5040,v3_origin20,hash,0,12,12,True,3138.094324334396,261.5078603611997,11310.471621671979,137,131,12,0,0.054916332999709994,,,,
annex,random,5041,joint,hash,0,15,15,True,3598.1474436970725,239.8764962464715,14080.737218485363,121,102,15,0,0.02798541699303314,,,,
annex,random,5041,optical,hash,0,15,15,True,3294.1659063637585,219.61106042425055,12565.829531818792,117,112,18,3,0.122945333016105,,,,
annex,random,5041,phased,hash,0,15,15,True,4376.521055373925,291.7680703582617,16567.605276869625,165,163,15,0,0.03923829199629836,,,,
annex,random,5041,v2,hash,0,15,15,True,3181.8195023521084,212.12130015680722,11869.097511760541,123,118,15,0,0.22199454202200286,,,,
annex,random,5041,v3,hash,0,15,15,True,3279.2548790425385,218.61699193616923,12476.274395212693,119,114,15,0,0.0838943749840837,,,,
annex,random,5041,v3_origin20,hash,0,15,15,True,3229.8105338250216,215.32070225500144,11994.052669125107,127,121,15,0,0.10374462499748915,,,,
annex,random,5042,joint,hash,0,12,12,True,3719.18273811402,309.931894842835,13625.9136905701,159,139,12,0,0.02007479200256057,,,,
annex,random,5042,optical,hash,0,12,12,True,3116.5841809026206,259.71534840855173,11617.920904513103,122,120,13,1,0.06290637500933371,,,,
annex,random,5042,phased,hash,0,12,12,True,4246.998632601149,353.91655271676245,15704.993163005747,176,166,12,0,0.01868441599071957,,,,
annex,random,5042,v2,hash,0,12,12,True,3215.1372254147964,267.9281021178997,11650.686127073981,138,135,12,0,0.13550679199397564,,,,
annex,random,5042,v3,hash,0,12,12,True,3172.0620048167675,264.3385004013973,11700.310024083838,129,127,12,0,0.059914166980888695,,,,
annex,random,5042,v3_origin20,hash,0,12,12,True,3175.288771467653,264.6073976223044,11711.443857338265,130,123,12,0,0.06857804098399356,,,,
annex,random,5043,joint,hash,0,14,14,True,3888.4077370819464,277.7434097915676,14852.038685409732,146,118,14,0,0.021508833015104756,,,,
annex,random,5043,optical,hash,0,14,14,True,3114.004531523926,222.42889510885183,11745.02265761963,116,112,15,1,0.11151691697887145,,,,
annex,random,5043,phased,hash,0,14,14,True,4407.227286456833,314.80194903263094,16526.136432284165,173,167,14,0,0.022984333016211167,,,,
annex,random,5043,v2,hash,0,14,14,True,3121.276211067195,222.94830079051394,11356.381055335976,131,125,14,0,0.17145020799944177,,,,
annex,random,5043,v3,hash,0,14,14,True,3142.146768363805,224.43905488312893,11715.733841819027,122,119,14,0,0.07542091599316336,,,,
annex,random,5043,v3_origin20,hash,0,14,14,True,3177.0999718222192,226.93571227301567,11490.499859111096,136,129,14,0,0.10503737500403076,,,,
annex,random,5044,joint,hash,0,10,10,True,3590.212071859275,359.0212071859275,13421.060359296376,146,126,10,0,0.017596333986148238,,,,
annex,random,5044,optical,hash,0,10,10,True,3208.6916115636973,320.8691611563697,11698.458057818487,136,133,12,2,0.09467870800290257,,,,
annex,random,5044,phased,hash,0,10,10,True,4232.146122351235,423.2146122351235,15720.730611756177,175,163,10,0,0.01872679201187566,,,,
annex,random,5044,v2,hash,0,10,10,True,3256.8073569258477,325.6807356925848,12004.036784629237,135,131,10,0,0.13160245801554993,,,,
annex,random,5044,v3,hash,0,10,10,True,3194.7726283847055,319.47726283847055,11588.863141923528,138,137,10,0,0.06745516599039547,,,,
annex,random,5044,v3_origin20,hash,0,10,10,True,3427.2935380377176,342.72935380377174,12796.467690188589,137,133,10,0,0.06622312500257976,,,,
annex,random,5045,joint,hash,0,10,10,True,3207.8550176019685,320.78550176019684,11554.275088009843,144,127,10,0,0.01805379200959578,,,,
annex,random,5045,optical,hash,0,10,10,True,2817.3889307853547,281.73889307853545,10156.944653926774,123,118,11,1,0.07067858401569538,,,,
annex,random,5045,phased,hash,0,10,10,True,3854.996602615266,385.4996602615266,14064.98301307633,166,162,10,0,0.01343820898910053,,,,
annex,random,5045,v2,hash,0,10,10,True,2826.041399551349,282.6041399551349,9610.206997756746,143,139,10,0,0.1215876669739373,,,,
annex,random,5045,v3,hash,0,10,10,True,2839.715743150055,283.9715743150055,10058.578715750275,130,128,10,0,0.05983762501273304,,,,
annex,random,5045,v3_origin20,hash,0,10,10,True,2818.1097974592453,281.81097974592456,9670.548987296226,140,134,10,0,0.06199166597798467,,,,
annex,random,5046,joint,hash,0,12,12,True,2819.537932675442,234.96149438962016,10352.68966337721,116,109,12,0,0.01771245800773613,,,,
annex,random,5046,optical,hash,0,12,12,True,2787.3601030028253,232.2800085835688,10351.800515014127,109,106,14,2,0.08868504202109762,,,,
annex,random,5046,phased,hash,0,12,12,True,3716.10493935063,309.6754116125525,13430.52469675315,162,160,12,0,0.016873624990694225,,,,
annex,random,5046,v2,hash,0,12,12,True,2785.634938321823,232.13624486015192,9938.174691609114,124,118,12,0,0.183187957998598,,,,
annex,random,5046,v3,hash,0,12,12,True,2785.8130218786982,232.1510851565582,10289.06510939349,112,108,12,0,0.07643433299381286,,,,
annex,random,5046,v3_origin20,hash,0,12,12,True,2929.293554021346,244.1077961684455,10221.46777010673,138,135,12,0,0.08709762498619966,,,,
annex,random,5047,joint,hash,0,11,11,True,3173.9868010587184,288.5442546417017,11624.934005293591,134,124,11,0,0.030596624972531572,,,,
annex,random,5047,optical,hash,0,11,11,True,3259.147739391691,296.28615812651736,12095.738696958457,132,125,11,0,0.09665904199937358,,,,
annex,random,5047,phased,hash,0,11,11,True,3876.8431214664934,352.44028376968123,14129.215607332468,167,161,11,0,0.028873333998490125,,,,
annex,random,5047,v2,hash,0,11,11,True,3066.3151315298887,278.75592104817173,11341.575657649444,125,118,11,0,0.21154041698900983,,,,
annex,random,5047,v3,hash,0,11,11,True,3331.778987505125,302.88899886410223,12293.894937525623,137,133,11,0,0.10212887500529177,,,,
annex,random,5047,v3_origin20,hash,0,11,11,True,3146.3649708899966,286.0331791718179,11221.824854449982,142,137,11,0,0.16036449998500757,,,,
annex,random,5048,joint,hash,0,12,12,True,3259.672851708561,271.63940430904677,12023.364258542806,135,120,12,0,0.07973887500702403,,,,
annex,random,5048,optical,hash,0,12,12,True,2813.9710231058007,234.4975852588167,10174.855115529004,120,116,13,1,0.07568149999133311,,,,
annex,random,5048,phased,hash,0,12,12,True,4008.999797096997,334.08331642474974,14759.998985484986,167,162,12,0,0.025407583016203716,,,,
annex,random,5048,v2,hash,0,12,12,True,2868.932183922673,239.0776819935561,10534.660919613365,118,112,12,0,0.4173336669919081,,,,
annex,random,5048,v3,hash,0,12,12,True,2835.322198087819,236.27684984065158,10146.610990439094,125,121,12,0,0.24142124998616055,,,,
annex,random,5048,v3_origin20,hash,0,12,12,True,2894.792565288667,241.23271377405558,9963.962826443336,141,137,12,0,0.12942799998563714,,,,
annex,random,5049,joint,hash,0,16,16,True,3587.74194372309,224.23387148269313,14333.709718615451,110,91,16,0,0.030003124993527308,,,,
annex,random,5049,optical,hash,0,16,16,True,2975.622958296025,185.97643489350156,11593.114791480124,97,92,16,0,0.10900179200689308,,,,
annex,random,5049,phased,hash,0,16,16,True,3542.040418988924,221.37752618680776,13975.20209494462,113,102,16,0,0.026319500000681728,,,,
annex,random,5049,v2,hash,0,16,16,True,3310.971446722888,206.9357154201805,12309.857233614439,129,124,16,0,0.23180400001001544,,,,
annex,random,5049,v3,hash,0,16,16,True,2942.394482451236,183.89965515320225,11181.97241225618,105,101,16,0,0.08987750002415851,,,,
annex,random,5049,v3_origin20,hash,0,16,16,True,3039.5797122631625,189.97373201644766,10952.898561315813,129,124,16,0,0.11787762501626275,,,,
annex,random,5050,joint,hash,0,14,14,True,3322.356821143632,237.31120151025942,12311.78410571816,134,120,14,0,0.03333137498702854,,,,
annex,random,5050,optical,hash,0,14,14,True,3031.830863102235,216.55934736444536,11144.154315511176,122,114,17,3,0.09354200001689605,,,,
annex,random,5050,phased,hash,0,14,14,True,4210.454630443723,300.74675931740876,15707.273152218615,167,164,14,0,0.02124191599432379,,,,
annex,random,5050,v2,hash,0,14,14,True,3188.7003848435556,227.76431320311113,10963.501924217779,155,151,14,0,0.2285941249865573,,,,
annex,random,5050,v3,hash,0,14,14,True,3032.940375524714,216.63859825176527,11119.70187762357,124,119,14,0,0.07272595798713155,,,,
annex,random,5050,v3_origin20,hash,0,14,14,True,3071.8094907843747,219.41496362745534,10479.047453921874,152,146,14,0,0.09925362499780022,,,,
annex,random,5051,joint,hash,0,10,10,True,3118.100619269147,311.8100619269147,11240.503096345736,139,125,10,0,0.01887920798617415,,,,
annex,random,5051,optical,hash,0,10,10,True,2898.649945942178,289.8649945942178,10728.24972971089,117,112,12,2,0.08634658300434239,,,,
annex,random,5051,phased,hash,0,10,10,True,3926.828474561973,392.6828474561973,14424.142372809865,166,162,10,0,0.016613249987130985,,,,
annex,random,5051,v2,hash,0,10,10,True,3017.8702648592284,301.78702648592287,10869.351324296142,133,129,10,0,0.17037887501646765,,,,
annex,random,5051,v3,hash,0,10,10,True,2924.7795794594867,292.4779579459487,10758.897897297433,121,118,10,0,0.06425266701262444,,,,
annex,random,5051,v3_origin20,hash,0,10,10,True,2968.275893081816,296.8275893081816,10361.37946540908,142,136,10,0,0.08313054198515601,,,,
annex,random,5052,joint,hash,0,15,15,True,3903.1163713084447,260.20775808722965,14940.581856542223,144,120,15,0,0.03030662500532344,,,,
annex,random,5052,optical,hash,0,15,15,True,3389.5658211379546,225.9710547425303,12852.829105689772,124,121,16,1,0.10318712500156835,,,,
annex,random,5052,phased,hash,0,15,15,True,4191.830490725197,279.45536604834643,15524.152453625982,169,167,15,0,0.022696750005707145,,,,
annex,random,5052,v2,hash,0,15,15,True,3388.1429538040784,225.8761969202719,12100.714769020393,150,143,15,0,0.2195725830097217,,,,
annex,random,5052,v3,hash,0,15,15,True,3468.0497674637386,231.2033178309159,13125.248837318693,129,123,15,0,0.07877908300724812,,,,
annex,random,5052,v3_origin20,hash,0,15,15,True,3375.17594269016,225.01172951267733,11995.879713450799,151,146,15,0,0.11148237501038238,,,,
annex,random,5053,joint,hash,0,11,11,True,3546.550149983223,322.4136499984748,13392.750749916115,138,123,11,0,0.021931541996309534,,,,
annex,random,5053,optical,hash,0,11,11,True,3280.7403848704403,298.24912589731275,12543.7019243522,120,117,11,0,0.08193575000041164,,,,
annex,random,5053,phased,hash,0,11,11,True,4332.052907752673,393.8229916138793,16340.264538763364,169,164,11,0,0.016586916986852884,,,,
annex,random,5053,v2,hash,0,11,11,True,3391.3209418374076,308.3019038034007,12531.604709187039,139,135,11,0,0.22509220900246873,,,,
annex,random,5053,v3,hash,0,11,11,True,3301.3049013813825,300.1186273983075,12526.524506906913,124,121,11,0,0.07176391599932685,,,,
annex,random,5053,v3_origin20,hash,0,11,11,True,3431.1688996828775,311.92444542571616,12465.844498414388,148,143,11,0,0.10495733300922439,,,,
annex,random,5054,joint,hash,0,13,13,True,3274.04497047957,251.8496131138131,12315.22485239785,128,106,13,0,0.024367707985220477,,,,
annex,random,5054,optical,hash,0,13,13,True,2849.543968458322,219.19568988140938,10852.71984229161,102,98,15,2,0.1025132090144325,,,,
annex,random,5054,phased,hash,0,13,13,True,3881.308425757281,298.5621865967139,14121.542128786405,166,162,13,0,0.022623750002821907,,,,
annex,random,5054,v2,hash,0,13,13,True,2787.778905524259,214.44453119417375,9803.894527621294,128,122,13,0,0.18402562499977648,,,,
annex,random,5054,v3,hash,0,13,13,True,2854.2782183418653,219.55986294937426,10781.391091709327,106,103,13,0,0.07900562501163222,,,,
annex,random,5054,v3_origin20,hash,0,13,13,True,2655.8708412198134,204.29775701690872,9459.354206099068,117,114,13,0,0.09314608300337568,,,,
annex,random,5055,joint,hash,0,13,13,True,3389.7123970290086,260.7471074637699,12813.561985145043,131,107,13,0,0.03270650000195019,,,,
annex,random,5055,optical,hash,0,13,13,True,2836.2950913741324,218.1765454903179,10291.475456870663,119,115,14,1,0.0930018340004608,,,,
annex,random,5055,phased,hash,0,13,13,True,3689.508734035423,283.808364156571,13102.543670177116,168,164,13,0,0.020921000017551705,,,,
annex,random,5055,v2,hash,0,13,13,True,2801.4957668800885,215.4996743753914,9722.478834400443,133,127,13,0,0.16398933398886584,,,,
annex,random,5055,v3,hash,0,13,13,True,2841.7381606563263,218.5952431274097,10238.690803281632,122,119,13,0,0.07981733299675398,,,,
annex,random,5055,v3_origin20,hash,0,13,13,True,2989.457438281225,229.95826448317118,10532.287191406127,137,133,13,0,0.09776145900832489,,,,
annex,random,5056,joint,hash,0,14,14,True,3521.208415545843,251.51488682470307,13146.042077729215,141,117,14,0,0.027159999997820705,,,,
annex,random,5056,optical,hash,0,14,14,True,3244.878266203409,231.77701901452923,12059.391331017046,127,125,15,1,0.09850337501848117,,,,
annex,random,5056,phased,hash,0,14,14,True,4252.146432977412,303.72474521267225,15780.732164887057,172,166,14,0,0.022598583018407226,,,,
annex,random,5056,v2,hash,0,14,14,True,3208.976609870603,229.21261499075737,11609.883049353015,137,132,14,0,0.21226112500880845,,,,
annex,random,5056,v3,hash,0,14,14,True,3256.753566674227,232.62525476244477,11983.767833371134,132,130,14,0,0.08696062499075197,,,,
annex,random,5056,v3_origin20,hash,0,14,14,True,3314.3723576618695,236.74088269013353,12246.861788309347,133,130,14,0,0.1077427499985788,,,,
annex,random,5057,joint,hash,0,10,10,True,3264.9175356002966,326.4917535600297,11914.587678001482,141,127,10,0,0.02030937501695007,,,,
annex,random,5057,optical,hash,0,10,10,True,2872.180657109961,287.2180657109961,10610.903285549804,117,115,10,0,0.08613637500093319,,,,
annex,random,5057,phased,hash,0,10,10,True,3755.710712536556,375.5710712536556,13583.55356268278,165,164,10,0,0.020992124977055937,,,,
annex,random,5057,v2,hash,0,10,10,True,2981.533591862016,298.15335918620156,10407.667959310078,142,140,10,0,0.1677935420011636,,,,
annex,random,5057,v3,hash,0,10,10,True,2906.4703185807475,290.64703185807474,10607.351592903737,123,120,10,0,0.06714708299841732,,,,
annex,random,5057,v3_origin20,hash,0,10,10,True,2903.4070256888713,290.34070256888714,9977.035128444357,144,138,10,0,0.07830058399122208,,,,
annex,random,5058,joint,hash,0,15,15,True,3353.531610500798,223.56877403338652,12357.658052503988,138,117,15,0,0.026192999997874722,,,,
annex,random,5058,optical,hash,0,15,15,True,3066.7843387920575,204.45228925280384,11338.921693960287,120,115,18,3,0.10150429198984057,,,,
annex,random,5058,phased,hash,0,15,15,True,4046.89393627955,269.79292908530334,14854.46968139775,167,166,15,0,0.024544374988181517,,,,
annex,random,5058,v2,hash,0,15,15,True,3100.2385813891174,206.6825720926078,11156.192906945587,133,129,15,0,0.24783829200896434,,,,
annex,random,5058,v3,hash,0,15,15,True,3146.929770103209,209.79531800688062,11694.648850516045,123,118,15,0,0.07953366698347963,,,,
annex,random,5058,v3_origin20,hash,0,15,15,True,2958.3571577981647,197.22381051987765,9896.785788990823,151,149,15,0,0.1193314999982249,,,,
annex,random,5059,joint,hash,0,16,16,True,4047.613849441835,252.9758655901147,16158.069247209176,127,101,16,0,0.028411291976226494,,,,
annex,random,5059,optical,hash,0,16,16,True,3516.6820241400465,219.7926265087529,14043.410120700233,106,98,16,0,0.12019033302203752,,,,
annex,random,5059,phased,hash,0,16,16,True,4363.847702781191,272.74048142382446,16894.23851390596,152,145,16,0,0.027344125002855435,,,,
annex,random,5059,v2,hash,0,16,16,True,3578.93800768258,223.68362548016125,13689.6900384129,128,121,16,0,0.22981166598037817,,,,
annex,random,5059,v3,hash,0,16,16,True,3530.0889674598484,220.63056046624052,13965.444837299241,111,102,16,0,0.09685695898951963,,,,
annex,random,5059,v3_origin20,hash,0,16,16,True,3638.8074772388763,227.42546732742977,13674.03738619438,138,134,16,0,0.1069129170209635,,,,
annex,random,5060,joint,hash,0,11,11,True,3206.092010464556,291.46291004223235,11840.46005232278,133,118,11,0,0.024966832977952436,,,,
annex,random,5060,optical,hash,0,11,11,True,3185.9675239378,289.6334112670727,11824.837619688999,128,123,12,1,0.08466704198508523,,,,
annex,random,5060,phased,hash,0,11,11,True,4113.101227138146,373.9182933761951,15335.506135690728,166,161,11,0,0.018941667018225417,,,,
annex,random,5060,v2,hash,0,11,11,True,3267.6992883371227,297.06357166701116,11793.496441685613,143,139,11,0,0.2252734999929089,,,,
annex,random,5060,v3,hash,0,11,11,True,3200.926304433519,290.99330040304716,11814.631522167594,131,128,11,0,0.07987445901380852,,,,
annex,random,5060,v3_origin20,hash,0,11,11,True,3057.3174103101737,277.937946391834,10731.587051550869,144,136,11,0,0.08134512501419522,,,,
annex,random,5061,joint,hash,0,11,11,True,3106.903158465182,282.4457416786529,11219.51579232591,137,123,11,0,0.020476042001973838,,,,
annex,random,5061,optical,hash,0,11,11,True,3144.4332845617296,285.8575713237936,11707.166422808648,125,120,12,1,0.07633437498589046,,,,
annex,random,5061,phased,hash,0,11,11,True,4085.094292750026,371.3722084318205,15210.47146375013,165,163,11,0,0.018416459002764896,,,,
annex,random,5061,v2,hash,0,11,11,True,2895.483128979616,263.22573899814694,10052.415644898081,139,135,11,0,0.16660520900040865,,,,
annex,random,5061,v3,hash,0,11,11,True,3164.1531562912705,287.65028693557,11615.765781456354,132,126,11,0,0.06162849999964237,,,,
annex,random,5061,v3_origin20,hash,0,11,11,True,2888.992823764752,262.6357112513411,9989.964118823758,140,136,11,0,0.08456912499968894,,,,
annex,random,5062,joint,hash,0,15,15,True,3616.1212933787583,241.07475289191723,13875.606466893792,131,111,15,0,0.027442334016086534,,,,
annex,random,5062,optical,hash,0,15,15,True,3159.2619987119606,210.61746658079738,11561.309993559804,129,124,16,1,0.11511441698530689,,,,
annex,random,5062,phased,hash,0,15,15,True,4219.729645471873,281.31530969812485,15723.648227359365,167,165,15,0,0.02373708301456645,,,,
annex,random,5062,v2,hash,0,15,15,True,3262.6369796619083,217.50913197746056,11998.184898309542,132,128,15,0,0.2463464579777792,,,,
annex,random,5062,v3,hash,0,15,15,True,3171.542444283949,211.43616295226326,11512.712221419744,133,129,15,0,0.09062495801481418,,,,
annex,random,5062,v3_origin20,hash,0,15,15,True,3329.12848614375,221.94189907625,11980.64243071875,144,138,15,0,0.11060341700795107,,,,
annex,random,5063,joint,hash,0,16,16,True,3671.34168894423,229.45885555901438,14116.708444721151,131,113,16,0,0.03262079099658877,,,,
annex,random,5063,optical,hash,0,16,16,True,3190.412169595851,199.4007605997407,12367.060847979255,107,102,16,0,0.1073289169871714,,,,
annex,random,5063,phased,hash,0,16,16,True,3603.289254345583,225.20557839659892,14096.446271727915,119,109,16,0,0.02086474999669008,,,,
annex,random,5063,v2,hash,0,16,16,True,3213.2189604821574,200.82618503013484,12091.094802410787,120,115,16,0,0.2912113750062417,,,,
annex,random,5063,v3,hash,0,16,16,True,3243.963252507987,202.74770328174918,12359.816262539935,116,112,16,0,0.08893579200957902,,,,
annex,random,5063,v3_origin20,hash,0,16,16,True,3195.495128126978,199.71844550793614,11942.475640634892,122,117,16,0,0.10365050000837073,,,,
annex,random,5064,joint,hash,0,13,13,True,3634.9488585033464,279.6114506541036,13614.744292516732,144,127,13,0,0.02764654200291261,,,,
annex,random,5064,optical,hash,0,13,13,True,3407.987672294541,262.15289786881084,13054.938361472705,122,116,15,2,0.09564779099309817,,,,
annex,random,5064,phased,hash,0,13,13,True,4305.355347205021,331.18118055423236,16101.776736025105,171,165,13,0,0.02675287498277612,,,,
annex,random,5064,v2,hash,0,13,13,True,3552.8033593729133,273.2925661056087,13294.016796864566,139,134,13,0,0.29715224998653866,,,,
annex,random,5064,v3,hash,0,13,13,True,3402.0339112080155,261.69491624677045,12965.169556040077,125,119,13,0,0.10285320799448527,,,,
annex,random,5064,v3_origin20,hash,0,13,13,True,3394.503962463354,261.11568942025804,12807.51981231677,129,123,13,0,0.08800333298859186,,,,
annex,random,5065,joint,hash,0,13,13,True,3202.5063401073194,246.34664154671688,12022.531700536598,125,108,13,0,0.022022749995812774,,,,
annex,random,5065,optical,hash,0,13,13,True,3240.184093794199,249.24493029186144,12370.920468970995,117,116,13,0,0.16043779099709354,,,,
annex,random,5065,phased,hash,0,13,13,True,4389.161923466435,337.62784026664883,16680.809617332176,165,163,13,0,0.02462399998330511,,,,
annex,random,5065,v2,hash,0,13,13,True,3185.3074215479787,245.02364781138297,11796.537107739894,128,121,13,0,0.21420170899364166,,,,
annex,random,5065,v3,hash,0,13,13,True,3249.5311994705526,249.96393842081173,12337.655997352762,120,117,13,0,0.08487266700831242,,,,
annex,random,5065,v3_origin20,hash,0,13,13,True,3171.423040458375,243.95561849679808,11742.115202291876,127,123,13,0,0.10345550000783987,,,,
annex,random,5066,joint,hash,0,14,14,True,3520.4051897336735,251.45751355240526,13122.025948668368,142,116,14,0,0.030324082996230572,,,,
annex,random,5066,optical,hash,0,14,14,True,2818.142344553388,201.2958817538134,10270.711722766939,115,110,17,3,0.10278954199748114,,,,
annex,random,5066,phased,hash,0,14,14,True,4049.07549539079,289.2196782421993,14675.377476953949,176,164,14,0,0.02249258299707435,,,,
annex,random,5066,v2,hash,0,14,14,True,2961.782598055969,211.55589986114066,10238.912990279847,142,134,14,0,0.2585807499999646,,,,
annex,random,5066,v3,hash,0,14,14,True,2816.771389650994,201.19795640364242,10203.85694825497,118,116,14,0,0.08764362501096912,,,,
annex,random,5066,v3_origin20,hash,0,14,14,True,2969.990127026792,212.14215193048514,9984.950635133959,152,143,14,0,0.11963591701351106,,,,
annex,random,5067,joint,hash,0,12,12,True,3650.512181604766,304.2093484670638,13672.56090802383,147,121,12,0,0.022039624978788197,,,,
annex,random,5067,optical,hash,0,12,12,True,2894.21228873615,241.18435739467918,10581.061443680752,120,112,14,2,0.08060866699088365,,,,
annex,random,5067,phased,hash,0,12,12,True,3973.0454050376147,331.0871170864679,14495.227025188073,170,164,12,0,0.014422208012547344,,,,
annex,random,5067,v2,hash,0,12,12,True,3014.368670700674,251.19738922505618,10606.843353503371,140,133,12,0,0.15676233399426565,,,,
annex,random,5067,v3,hash,0,12,12,True,2923.6187785083685,243.6348982090307,10548.093892541841,127,119,12,0,0.07080204098019749,,,,
annex,random,5067,v3_origin20,hash,0,12,12,True,3028.0016252584114,252.33346877153429,10545.008126292058,144,139,12,0,0.07773554199957289,,,,
annex,random,5068,joint,hash,0,11,11,True,3221.6271695238984,292.8751972294453,11773.135847619491,138,122,11,0,0.01942420902196318,,,,
annex,random,5068,optical,hash,0,11,11,True,2841.3140430920184,258.30127664472894,10541.570215460091,114,108,11,0,0.07603100000414997,,,,
annex,random,5068,phased,hash,0,11,11,True,3852.4599857783237,350.2236350707567,14047.299928891618,165,163,11,0,0.015064750012243167,,,,
annex,random,5068,v2,hash,0,11,11,True,2873.3603081745905,261.2145734704173,10231.801540872953,130,122,11,0,0.1431487499794457,,,,
annex,random,5068,v3,hash,0,11,11,True,2860.1619916225036,260.0147265111367,10545.809958112517,117,111,11,0,0.06370558301568963,,,,
annex,random,5068,v3_origin20,hash,0,11,11,True,2765.726623818949,251.42969307444992,9733.633119094746,128,124,11,0,0.06073024999932386,,,,
annex,random,5069,joint,hash,0,16,16,True,3343.262241804076,208.95389011275475,12976.31120902038,117,83,16,0,0.02538833301514387,,,,
annex,random,5069,optical,hash,0,16,16,True,3550.6929542645953,221.9183096415372,14303.464771322977,103,95,16,0,0.10608762499759905,,,,
annex,random,5069,phased,hash,0,16,16,True,4416.496854544093,276.03105340900584,16512.484272720467,174,164,16,0,0.023085332999471575,,,,
annex,random,5069,v2,hash,0,16,16,True,3308.3968157499394,206.7748009843712,12736.984078749696,115,106,16,0,0.21131045898073353,,,,
annex,random,5069,v3,hash,0,16,16,True,3559.0982099867642,222.44363812417276,14190.491049933822,108,101,16,0,0.08893479200196452,,,,
annex,random,5069,v3_origin20,hash,0,16,16,True,3384.4631277661892,211.52894548538683,12657.315638830947,131,118,16,0,0.10662716600927524,,,,
annex,random,5070,joint,hash,0,15,15,True,3757.409120403492,250.4939413602328,14007.04560201746,150,131,15,0,0.025478750001639128,,,,
annex,random,5070,optical,hash,0,15,15,True,3158.903547320916,210.5935698213944,11774.517736604581,121,118,17,2,0.09646483301185071,,,,
annex,random,5070,phased,hash,0,15,15,True,4413.972309520795,294.2648206347196,16484.861547603974,175,167,15,0,0.023631624993868172,,,,
annex,random,5070,v2,hash,0,15,15,True,3283.399378767498,218.8932919178332,11931.99689383749,138,132,15,0,0.19075549999251962,,,,
annex,random,5070,v3,hash,0,15,15,True,3193.2205860710487,212.8813724047366,11651.102930355244,132,128,15,0,0.08256666699890047,,,,
annex,random,5070,v3_origin20,hash,0,15,15,True,3333.654683996553,222.24364559977022,11823.273419982766,150,144,15,0,0.10068299999693409,,,,
annex,random,5071,joint,hash,0,11,11,True,3556.1289401447334,323.28444910406665,12865.644700723667,159,133,11,0,0.02006624999921769,,,,
annex,random,5071,optical,hash,0,11,11,True,2941.4451244737243,267.404102224884,10912.225622368622,117,113,13,2,0.07042258299770765,,,,
annex,random,5071,phased,hash,0,11,11,True,4121.106819605148,374.64607450955896,15290.534098025742,169,163,11,0,0.014459416997851804,,,,
annex,random,5071,v2,hash,0,11,11,True,3064.228948983958,278.5662680894507,10216.144744919791,162,156,11,0,0.14105500001460314,,,,
annex,random,5071,v3,hash,0,11,11,True,2946.5984394610095,267.8725854055463,10827.992197305048,122,116,11,0,0.05454162499518134,,,,
annex,random,5071,v3_origin20,hash,0,11,11,True,3121.0202417867995,283.72911288970903,10775.101208933998,153,146,11,0,0.08978195901727304,,,,
annex,random,5072,joint,hash,0,13,13,True,2858.024228892543,219.8480176071187,10395.121144462713,121,109,13,0,0.026187750016106293,,,,
annex,random,5072,optical,hash,0,13,13,True,2837.2294827752366,218.2484217519413,10211.147413876182,122,117,14,1,0.0818474999978207,,,,
annex,random,5072,phased,hash,0,13,13,True,3714.657763271532,285.7429048670409,13263.28881635766,167,162,13,0,0.02418912498978898,,,,
annex,random,5072,v2,hash,0,13,13,True,2817.571903610927,216.73630027776363,9842.859518054636,132,124,13,0,0.1832063749898225,,,,
annex,random,5072,v3,hash,0,13,13,True,2831.9656115810403,217.84350858315696,10134.828057905203,124,120,13,0,0.07291945899487473,,,,
annex,random,5072,v3_origin20,hash,0,13,13,True,2863.410575418256,220.26235195525047,9977.05287709128,135,128,13,0,0.08594920797622763,,,,
annex,random,5073,joint,hash,0,13,13,True,3611.6002319355825,277.8154024565833,13633.001159677913,141,115,13,0,0.021129917004145682,,,,
annex,random,5073,optical,hash,0,13,13,True,3236.13031256973,248.93310096690232,11535.65156284865,143,140,16,3,0.09913424999103881,,,,
annex,random,5073,phased,hash,0,13,13,True,4250.5438839709595,326.9649141516123,15897.719419854797,168,166,13,0,0.017225832998519763,,,,
annex,random,5073,v2,hash,0,13,13,True,3242.5138881776234,249.42414524443257,11857.569440888117,135,131,13,0,0.20152754100854509,,,,
annex,random,5073,v3,hash,0,13,13,True,3253.1980313491954,250.24600241147658,11515.990156745976,148,145,13,0,0.08654645798378624,,,,
annex,random,5073,v3_origin20,hash,0,13,13,True,3096.9827990279564,238.22944607907357,11154.913995139783,135,126,13,0,0.09234820798155852,,,,
annex,random,5074,joint,hash,0,10,10,True,3005.2416827507122,300.52416827507125,10301.20841375356,152,135,10,0,0.014835082984063774,,,,
annex,random,5074,optical,hash,0,10,10,True,2521.7529139561493,252.17529139561492,8633.764569780747,124,119,12,2,0.07607445798930712,,,,
annex,random,5074,phased,hash,0,10,10,True,3742.7336761791967,374.2733676179197,13548.668380895982,164,163,10,0,0.012170667003374547,,,,
annex,random,5074,v2,hash,0,10,10,True,2729.3495889769642,272.93495889769645,9191.74794488482,141,136,10,0,0.12030562499421649,,,,
annex,random,5074,v3,hash,0,10,10,True,2539.9165459612623,253.99165459612624,8594.582729806312,129,126,10,0,0.05659383299644105,,,,
annex,random,5074,v3_origin20,hash,0,10,10,True,2678.206737964535,267.8206737964535,8791.033689822674,146,140,10,0,0.056504417007090524,,,,
annex,random,5075,joint,hash,0,13,13,True,2866.068901595808,220.4668385842929,10395.344507979038,123,107,13,0,0.021627708978485316,,,,
annex,random,5075,optical,hash,0,13,13,True,2946.7144723404704,226.67034402619004,10833.572361702352,119,114,15,2,0.07538112500333227,,,,
annex,random,5075,phased,hash,0,13,13,True,3939.3377874178354,303.0259836475258,14426.688937089177,165,164,13,0,0.01852804099326022,,,,
annex,random,5075,v2,hash,0,13,13,True,2869.535840033819,220.73352615644762,10432.679200169096,121,113,13,0,0.22836549999192357,,,,
annex,random,5075,v3,hash,0,13,13,True,2911.9091102563657,223.9930084812589,10559.545551281828,124,115,13,0,0.06973495800048113,,,,
annex,random,5075,v3_origin20,hash,0,13,13,True,2866.8164350255734,220.52434115581335,9934.082175127867,137,130,13,0,0.08577320800395682,,,,
annex,random,5076,joint,hash,0,13,13,True,3105.7925320241948,238.907117848015,11378.962660120975,130,115,13,0,0.02368929100339301,,,,
annex,random,5076,optical,hash,0,13,13,True,2903.9289833461717,223.37915256509012,11064.644916730858,105,101,13,0,0.07496391702443361,,,,
annex,random,5076,phased,hash,0,13,13,True,4016.1241062994773,308.93262356149825,14795.620531497387,166,162,13,0,0.01815633400110528,,,,
annex,random,5076,v2,hash,0,13,13,True,2888.328838337161,222.17914141055084,10186.644191685804,132,126,13,0,0.16789604199584574,,,,
annex,random,5076,v3,hash,0,13,13,True,2920.1025591260363,224.62327377892586,11060.512795630182,108,103,13,0,0.06277899999986403,,,,
annex,random,5076,v3_origin20,hash,0,13,13,True,2855.158280407162,219.62756003132014,10225.79140203581,125,120,13,0,0.08169733299291693,,,,
annex,random,5077,joint,hash,0,10,10,True,2660.5105953461075,266.0510595346108,9472.552976730538,121,111,10,0,0.01785295899026096,,,,
annex,random,5077,optical,hash,0,10,10,True,2689.789732863498,268.9789732863498,9688.948664317491,117,114,11,1,0.06026341699180193,,,,
annex,random,5077,phased,hash,0,10,10,True,3563.9479145617515,356.39479145617514,12724.739572808758,162,159,10,0,0.014464624982792884,,,,
annex,random,5077,v2,hash,0,10,10,True,2695.2351941087263,269.5235194108726,8516.175970543633,158,152,10,0,0.12290149999898858,,,,
annex,random,5077,v3,hash,0,10,10,True,2699.725733573031,269.9725733573031,9668.628667865154,120,116,10,0,0.05065200000535697,,,,
annex,random,5077,v3_origin20,hash,0,10,10,True,2676.0421311782193,267.6042131178219,8290.210655891096,162,158,10,0,0.07168324998929165,,,,
annex,random,5078,joint,hash,0,10,10,True,2642.6862848884984,264.26862848884986,9258.431424442491,125,116,10,0,0.018960165994940326,,,,
annex,random,5078,optical,hash,0,10,10,True,2603.577698017637,260.3577698017637,9252.888490088184,117,112,12,2,0.05698620801558718,,,,
annex,random,5078,phased,hash,0,10,10,True,3615.7445101331655,361.57445101331655,13008.722550665827,161,159,10,0,0.014952208002796397,,,,
annex,random,5078,v2,hash,0,10,10,True,2606.2954886397033,260.62954886397034,8701.477443198517,137,131,10,0,0.14266162499552593,,,,
annex,random,5078,v3,hash,0,10,10,True,2584.0593668275956,258.40593668275955,9005.296834137978,123,118,10,0,0.0471061670104973,,,,
annex,random,5078,v3_origin20,hash,0,10,10,True,2504.5654474208895,250.45654474208897,8272.827237104448,134,130,10,0,0.06120445899432525,,,,
annex,random,5079,joint,hash,0,12,12,True,3320.56780238179,276.7139835318158,12367.83901190895,134,117,12,0,0.020450042007723823,,,,
annex,random,5079,optical,hash,0,12,12,True,3162.198739649552,263.51656163746264,12165.99369824776,111,108,14,2,0.07139095797901973,,,,
annex,random,5079,phased,hash,0,12,12,True,4483.798622409436,373.6498852007863,16988.993112047177,173,161,12,0,0.023175459005869925,,,,
annex,random,5079,v2,hash,0,12,12,True,3135.5416288241177,261.29513573534314,11407.708144120588,133,129,12,0,0.1765845000045374,,,,
annex,random,5079,v3,hash,0,12,12,True,3174.2543906434344,264.5211992202862,12106.271953217172,116,113,12,0,0.06576516598579474,,,,
annex,random,5079,v3_origin20,hash,0,12,12,True,3137.6784802643256,261.4732066886938,11483.392401321627,131,126,12,0,0.08181541599333286,,,,
annex,random,5080,joint,hash,0,14,14,True,3682.6716933985867,263.04797809989907,14378.358466992933,126,107,14,0,0.021826290991157293,,,,
annex,random,5080,optical,hash,0,14,14,True,3209.701782090936,229.26441300649543,12443.508910454679,109,100,16,2,0.08621662500081584,,,,
annex,random,5080,phased,hash,0,14,14,True,4217.012774642859,301.2151981887756,15560.063873214292,174,165,14,0,0.01966787499259226,,,,
annex,random,5080,v2,hash,0,14,14,True,3186.918528983667,227.63703778454763,11694.592644918335,131,123,14,0,0.21956112500629388,,,,
annex,random,5080,v3,hash,0,14,14,True,3220.2870656354926,230.02050468824947,12281.435328177464,117,109,14,0,0.07336262500029989,,,,
annex,random,5080,v3_origin20,hash,0,14,14,True,3330.1416622313022,237.86726158795017,11855.708311156512,149,144,14,0,0.07681591602158733,,,,
annex,random,5081,joint,hash,0,16,16,True,3400.392622637136,212.524538914821,13086.96311318568,120,103,16,0,0.025389207992702723,,,,
annex,random,5081,optical,hash,0,16,16,True,3032.93492044351,189.55843252771936,11309.674602217548,115,110,18,2,0.09656979198916815,,,,
annex,random,5081,phased,hash,0,16,16,True,4015.4739056222124,250.96711910138828,16067.369528111061,123,107,16,0,0.026314624992664903,,,,
annex,random,5081,v2,hash,0,16,16,True,3088.8029082175917,193.05018176359948,11429.014541087958,122,113,16,0,0.26566891599213704,,,,
annex,random,5081,v3,hash,0,16,16,True,3031.645155829714,189.47782223935712,11183.22577914857,120,115,16,0,0.07582454200019129,,,,
annex,random,5081,v3_origin20,hash,0,16,16,True,3109.891810099258,194.3682381312036,11219.459050496289,132,126,16,0,0.09403845900669694,,,,
annex,random,5082,joint,hash,0,16,16,True,3448.4498688119743,215.5281168007484,13607.249344059872,111,92,16,0,0.025870999990729615,,,,
annex,random,5082,optical,hash,0,16,16,True,3324.3365109061,207.77103193163126,12746.6825545305,116,112,17,1,0.08766354201361537,,,,
annex,random,5082,phased,hash,0,16,16,True,4117.028636936237,257.3142898085148,16135.143184681183,137,125,16,0,0.02374220799538307,,,,
annex,random,5082,v2,hash,0,16,16,True,3232.29550057759,202.01846878609936,12141.477502887949,121,119,16,0,0.2474673340038862,,,,
annex,random,5082,v3,hash,0,16,16,True,3329.1678303713898,208.07298939821186,12670.839151856948,120,115,16,0,0.07271675000083633,,,,
annex,random,5082,v3_origin20,hash,0,16,16,True,3275.831969542055,204.73949809637844,12129.159847710274,129,125,16,0,0.10868666600435972,,,,
annex,random,5083,joint,hash,0,11,11,True,3072.438081363278,279.3125528512071,11222.19040681639,130,123,11,0,0.02257279198965989,,,,
annex,random,5083,optical,hash,0,11,11,True,2792.921761496512,253.90197831786472,10214.608807482558,116,112,12,1,0.07553124998230487,,,,
annex,random,5083,phased,hash,0,11,11,True,3828.2323174519365,348.0211197683579,13941.161587259683,165,160,11,0,0.01790354200056754,,,,
annex,random,5083,v2,hash,0,11,11,True,2978.312603123258,270.7556911930235,10431.563015616292,140,137,11,0,0.1899242499785032,,,,
annex,random,5083,v3,hash,0,11,11,True,2803.9180926586896,254.9016447871536,10149.590463293449,121,114,11,0,0.06715245798113756,,,,
annex,random,5083,v3_origin20,hash,0,11,11,True,2974.035603253184,270.36687302301675,10505.17801626592,137,133,11,0,0.07888162499875762,,,,
annex,random,5084,joint,hash,0,13,13,True,3724.0650919399095,286.46654553383917,14095.325459699547,144,120,13,0,0.021803999989060685,,,,
annex,random,5084,optical,hash,0,13,13,True,3224.2879794210953,248.0221522631612,12101.439897105476,123,118,15,2,0.08478837501024827,,,,
annex,random,5084,phased,hash,0,13,13,True,4120.36047664897,316.9508058960746,15046.802383244847,176,166,13,0,0.016606417018920183,,,,
annex,random,5084,v2,hash,0,13,13,True,3272.0971203259423,251.69977848661094,12005.48560162971,135,131,13,0,0.16373891700641252,,,,
annex,random,5084,v3,hash,0,13,13,True,3255.4022902490774,250.41556078839056,12077.011451245387,130,125,13,0,0.07550262499717064,,,,
annex,random,5084,v3_origin20,hash,0,13,13,True,3326.5887573130876,255.8914428702375,12132.943786565438,140,135,13,0,0.08404495901777409,,,,
annex,random,5085,joint,hash,0,14,14,True,3528.535701907776,252.038264421984,13402.67850953888,133,113,14,0,0.024657916015712544,,,,
annex,random,5085,optical,hash,0,14,14,True,3072.617088821644,219.47264920154598,11453.08544410822,118,113,17,3,0.09792679201927967,,,,
annex,random,5085,phased,hash,0,14,14,True,4220.714781216414,301.47962722974387,15618.573906082069,172,167,14,0,0.02200070899561979,,,,
annex,random,5085,v2,hash,0,14,14,True,3292.7848442056047,235.19891744325747,12258.924221028024,129,126,14,0,0.23415645799832419,,,,
annex,random,5085,v3,hash,0,14,14,True,3094.7571884657955,221.05408489041398,11443.785942328977,123,121,14,0,0.08862762499484234,,,,
annex,random,5085,v3_origin20,hash,0,14,14,True,3075.6774046641813,219.69124319029865,11193.387023320907,129,122,14,0,0.08943637498305179,,,,
annex,random,5086,joint,hash,0,11,11,True,3102.3658288990796,282.0332571726436,11156.829144495397,137,131,11,0,0.017922541999723762,,,,
annex,random,5086,optical,hash,0,11,11,True,2865.8925750153894,260.5356886377627,10224.462875076948,128,123,12,1,0.070422624994535,,,,
annex,random,5086,phased,hash,0,11,11,True,3727.138446961958,338.8307679056325,13485.692234809789,163,160,11,0,0.01670875001582317,,,,
annex,random,5086,v2,hash,0,11,11,True,2945.5004136447606,267.77276487679643,10777.502068223803,124,115,11,0,0.15348145802272484,,,,
annex,random,5086,v3,hash,0,11,11,True,2882.024552732169,262.0022320665608,10135.122763660846,134,130,11,0,0.06077529100002721,,,,
annex,random,5086,v3_origin20,hash,0,11,11,True,2723.015404617637,247.54685496523973,9595.077023088186,126,119,11,0,0.06350550000206567,,,,
annex,random,5087,joint,hash,0,11,11,True,3033.2989911917866,275.75445374470786,10686.494955958933,142,131,11,0,0.021010166994528845,,,,
annex,random,5087,optical,hash,0,11,11,True,2961.6879671649695,269.24436065136086,11118.439835824847,115,108,11,0,0.07693929199012928,,,,
annex,random,5087,phased,hash,0,11,11,True,4125.838750343892,375.0762500312629,15444.19375171946,164,162,11,0,0.016380415996536613,,,,
annex,random,5087,v2,hash,0,11,11,True,3011.5380073085953,273.77618248259955,10537.690036542976,142,139,11,0,0.20211595800356008,,,,
annex,random,5087,v3,hash,0,11,11,True,3005.966591910902,273.26969017371835,11069.83295955451,124,117,11,0,0.06849904201226309,,,,
annex,random,5087,v3_origin20,hash,0,11,11,True,2953.3109477478056,268.4828134316187,10311.554738739029,140,136,11,0,0.08132624998688698,,,,
annex,random,5088,joint,hash,0,15,15,True,3223.6654654908375,214.9110310327225,11733.327327454188,137,117,15,0,0.027019582979846746,,,,
annex,random,5088,optical,hash,0,15,15,True,2975.3582680551094,198.35721787034063,10986.791340275548,118,110,16,1,0.10882495800615288,,,,
annex,random,5088,phased,hash,0,15,15,True,3967.5121591936795,264.50081061291195,14487.560795968397,166,165,15,0,0.021480916999280453,,,,
annex,random,5088,v2,hash,0,15,15,True,3126.2065175729563,208.4137678381971,10516.032587864782,159,153,15,0,0.1698528749984689,,,,
annex,random,5088,v3,hash,0,15,15,True,2975.9139908711454,198.39426605807637,10924.569954355728,121,111,15,0,0.08935766600188799,,,,
annex,random,5088,v3_origin20,hash,0,15,15,True,3005.532551355946,200.36883675706306,10517.66275677973,139,132,15,0,0.10195512499194592,,,,
annex,random,5089,joint,hash,0,10,10,True,3434.1794499652133,343.4179449965213,12620.897249826066,147,125,10,0,0.014040167006896809,,,,
annex,random,5089,optical,hash,0,10,10,True,2970.8734670795325,297.08734670795326,10939.367335397663,122,117,12,2,0.0763271669857204,,,,
annex,random,5089,phased,hash,0,10,10,True,4086.678586830168,408.6678586830168,15213.392934150841,166,164,10,0,0.012792833003913984,,,,
annex,random,5089,v2,hash,0,10,10,True,3104.338823957152,310.43388239571516,11101.69411978576,140,134,10,0,0.12676029099384323,,,,
annex,random,5089,v3,hash,0,10,10,True,2976.400546119566,297.6400546119566,10852.002730597831,127,121,10,0,0.06058904199744575,,,,
annex,random,5089,v3_origin20,hash,0,10,10,True,2997.4428333847113,299.7442833384711,10537.214166923557,141,135,10,0,0.06854283297434449,,,,
annex,random,5090,joint,hash,0,13,13,True,3136.459290438368,241.26609926448984,11402.29645219184,134,121,13,0,0.02369091598666273,,,,
annex,random,5090,optical,hash,0,13,13,True,3051.003389714396,234.6925684395689,11480.01694857198,115,112,14,1,0.08124362499802373,,,,
annex,random,5090,phased,hash,0,13,13,True,3948.060712515664,303.6969778858203,14530.30356257832,163,162,13,0,0.020560290984576568,,,,
annex,random,5090,v2,hash,0,13,13,True,2997.179634514254,230.55227957801952,10585.89817257127,137,130,13,0,0.1983602910186164,,,,
annex,random,5090,v3,hash,0,13,13,True,3064.706435473637,235.74664888258746,11433.532177368186,119,118,13,0,0.06852504098787904,,,,
annex,random,5090,v3_origin20,hash,0,13,13,True,3020.571793226261,232.35167640202008,10592.858966131305,141,132,13,0,0.09507624999969266,,,,
annex,random,5091,joint,hash,0,11,11,True,2983.760651772479,271.2509683429526,10888.803258862396,128,111,11,0,0.018217707984149456,,,,
annex,random,5091,optical,hash,0,11,11,True,2860.589094257639,260.0535540234217,10412.945471288194,120,117,13,2,0.08448729099472985,,,,
annex,random,5091,phased,hash,0,11,11,True,3830.583338387233,348.2348489442939,13937.916691936167,165,163,11,0,0.015882917010458186,,,,
annex,random,5091,v2,hash,0,11,11,True,2825.831543654217,256.8937766958379,9984.157718271084,130,124,11,0,0.15763741699629463,,,,
annex,random,5091,v3,hash,0,11,11,True,2871.48694052219,261.0442673201991,10377.434702610948,124,121,11,0,0.06347783299861476,,,,
annex,random,5091,v3_origin20,hash,0,11,11,True,2833.2983453816532,257.57257685287755,10021.491726908265,130,124,11,0,0.07416308301617391,,,,
annex,random,5092,joint,hash,0,12,12,True,3443.079053483426,286.9232544569522,12840.395267417129,139,120,12,0,0.020219917001668364,,,,
annex,random,5092,optical,hash,0,12,12,True,3332.542076032367,277.7118396693639,12412.710380161834,132,127,13,1,0.09561562500311993,,,,
annex,random,5092,phased,hash,0,12,12,True,4309.99562401981,359.1663020016508,16184.978120099047,170,163,12,0,0.01915404200553894,,,,
annex,random,5092,v2,hash,0,12,12,True,3202.915231021208,266.9096025851007,11999.57615510604,125,118,12,0,0.18213154200930148,,,,
annex,random,5092,v3,hash,0,12,12,True,3375.50669061292,281.29222421774335,12517.5334530646,136,132,12,0,0.08206416602479294,,,,
annex,random,5092,v3_origin20,hash,0,12,12,True,3179.028190251172,264.91901585426433,11810.14095125586,127,122,12,0,0.08394350000889972,,,,
annex,random,5093,joint,hash,0,12,12,True,2909.7738118209422,242.48115098507853,10543.86905910471,125,116,12,0,0.02432779100490734,,,,
annex,random,5093,optical,hash,0,12,12,True,2957.9982835453166,246.4998569621097,10829.991417726584,122,116,14,2,0.08057854199432768,,,,
annex,random,5093,phased,hash,0,12,12,True,4027.7550905563453,335.6462575463621,14988.775452781727,162,160,12,0,0.017683292011497542,,,,
annex,random,5093,v2,hash,0,12,12,True,2916.6128661731404,243.05107218109504,10538.064330865702,126,119,12,0,0.2081125419936143,,,,
annex,random,5093,v3,hash,0,12,12,True,2969.6167069481507,247.4680589123459,10793.083534740754,126,121,12,0,0.07536349998554215,,,,
annex,random,5093,v3_origin20,hash,0,12,12,True,2803.489114747616,233.62409289563467,9817.44557373808,131,125,12,0,0.08174916700227186,,,,
annex,random,5094,joint,hash,0,16,16,True,3525.5949183396033,220.3496823962252,14242.974591698016,103,82,16,0,0.027789667015895247,,,,
annex,random,5094,optical,hash,0,16,16,True,3030.158030887192,189.3848769304495,11435.790154435961,111,99,19,3,0.13182679199962877,,,,
annex,random,5094,phased,hash,0,16,16,True,3537.1738730786205,221.07336706741378,13755.869365393102,120,106,16,0,0.022856916999444366,,,,
annex,random,5094,v2,hash,0,16,16,True,3359.1316515914937,209.94572822446835,12800.658257957468,120,119,16,0,0.2181300829979591,,,,
annex,random,5094,v3,hash,0,16,16,True,2986.85887993296,186.67867999581,11199.2943996648,113,102,16,0,0.09661337500438094,,,,
annex,random,5094,v3_origin20,hash,0,16,16,True,3287.299809810098,205.45623811313112,12261.49904905049,126,125,16,0,0.08720579199143685,,,,
annex,random,5095,joint,hash,0,10,10,True,3681.1148211904265,368.11148211904265,14140.574105952133,138,113,10,0,0.01847008301410824,,,,
annex,random,5095,optical,hash,0,10,10,True,3048.3222089862443,304.8322208986244,11596.611044931222,114,109,10,0,0.07946891701431014,,,,
annex,random,5095,phased,hash,0,10,10,True,3720.870490918448,372.0870490918448,13364.35245459224,167,163,10,0,0.01645679198554717,,,,
annex,random,5095,v2,hash,0,10,10,True,3102.184661264199,310.2184661264199,11230.923306320994,135,131,10,0,0.14206354197813198,,,,
annex,random,5095,v3,hash,0,10,10,True,3068.6066405486063,306.86066405486065,11628.033202743032,116,113,10,0,0.0616277499939315,,,,
annex,random,5095,v3_origin20,hash,0,10,10,True,3100.5235018969934,310.0523501896993,11222.617509484968,135,131,10,0,0.06510854201042093,,,,
annex,random,5096,joint,hash,0,16,16,True,4019.8791602714323,251.24244751696452,15884.395801357161,132,103,16,0,0.02723570802481845,,,,
annex,random,5096,optical,hash,0,16,16,True,3168.323819413693,198.0202387133558,12421.619097068464,101,96,17,1,0.09089066699380055,,,,
annex,random,5096,phased,hash,0,16,16,True,4203.438327207451,262.7148954504657,15912.191636037256,159,146,16,0,0.022631416009971872,,,,
annex,random,5096,v2,hash,0,16,16,True,3197.7598916698653,199.85999322936658,12193.799458349326,114,109,16,0,0.19593558300402947,,,,
annex,random,5096,v3,hash,0,16,16,True,3214.1762587311628,200.88601617069767,12420.881293655813,109,105,16,0,0.07682095799827948,,,,
annex,random,5096,v3_origin20,hash,0,16,16,True,3154.013889511959,197.12586809449743,11865.069447559794,118,111,16,0,0.09040512499632314,,,,
annex,random,5097,joint,hash,0,13,13,True,3368.721439766363,259.1324184435664,12698.607198831814,130,114,13,0,0.023860458022681996,,,,
annex,random,5097,optical,hash,0,13,13,True,3267.6244975565446,251.35573058127267,12343.122487782723,122,115,16,3,0.10522450000280514,,,,
annex,random,5097,phased,hash,0,13,13,True,4362.162962470099,335.5509971130845,16475.814812350494,168,162,13,0,0.02135033399099484,,,,
annex,random,5097,v2,hash,0,13,13,True,3209.5297754384583,246.88690580295832,11727.648877192292,134,129,13,0,0.20222891701268964,,,,
annex,random,5097,v3,hash,0,13,13,True,3282.0451131248856,252.4650087019143,12275.225565624427,128,122,13,0,0.08242512500146404,,,,
annex,random,5097,v3_origin20,hash,0,13,13,True,3154.2463378389643,242.63433367992033,11426.231689194821,135,129,13,0,0.09537441699649207,,,,
annex,random,5098,joint,hash,0,16,16,True,3345.261199548408,209.0788249717755,12906.30599774204,117,99,16,0,0.03515987499849871,,,,
annex,random,5098,optical,hash,0,16,16,True,3072.3043341608327,192.01902088505204,11826.521670804163,105,99,17,1,0.10647883301135153,,,,
annex,random,5098,phased,hash,0,16,16,True,3568.3804901538474,223.02378063461546,13991.902450769237,117,105,16,0,0.027508625003974885,,,,
annex,random,5098,v2,hash,0,16,16,True,3161.506649952651,197.5941656220407,11402.533249763255,134,131,16,0,0.23263629199936986,,,,
annex,random,5098,v3,hash,0,16,16,True,3118.7994250980864,194.9249640686304,11788.997125490432,114,111,16,0,0.09289125000941567,,,,
annex,random,5098,v3_origin20,hash,0,16,16,True,2900.575490802098,181.28596817513113,10837.877454010491,110,103,16,0,0.10924175000400282,,,,
annex,random,5099,joint,hash,0,14,14,True,3813.501704911768,272.39297892226915,14627.508524558838,140,118,14,0,0.025401791994227096,,,,
annex,random,5099,optical,hash,0,14,14,True,3406.6402332653906,243.3314452332422,12803.201166326953,129,125,16,2,0.10776991699822247,,,,
annex,random,5099,phased,hash,0,14,14,True,4350.944852510036,310.7817751792883,16309.724262550182,171,164,14,0,0.019284624984720722,,,,
annex,random,5099,v2,hash,0,14,14,True,3579.0587200313557,255.64705143081113,13645.29360015678,131,125,14,0,0.21734804200241342,,,,
annex,random,5099,v3,hash,0,14,14,True,3393.047277550791,242.3605198250565,12680.236387753956,132,127,14,0,0.08651620900491253,,,,
annex,random,5099,v3_origin20,hash,0,14,14,True,3619.1139840612022,258.5081417186573,13825.56992030601,132,124,14,0,0.1012289589853026,,,,
annex,random,5100,joint,hash,0,10,10,True,3228.127070846149,322.8127070846149,11665.635354230744,144,125,10,0,0.017942041013156995,,,,
annex,random,5100,optical,hash,0,10,10,True,2818.9270550998235,281.89270550998236,10339.635275499117,117,113,11,1,0.06980491598369554,,,,
annex,random,5100,phased,hash,0,10,10,True,3664.5588571519575,366.45588571519573,13162.794285759786,164,162,10,0,0.016048958990722895,,,,
annex,random,5100,v2,hash,0,10,10,True,2849.174203404744,284.9174203404744,9520.87101702372,150,145,10,0,0.1617145000200253,,,,
annex,random,5100,v3,hash,0,10,10,True,2825.8362442270595,282.58362442270595,10329.181221135297,119,115,10,0,0.08089716601534747,,,,
annex,random,5100,v3_origin20,hash,0,10,10,True,2952.6660577947905,295.26660577947905,9898.330288973953,155,148,10,0,0.08664720901288092,,,,
annex,random,5101,joint,hash,0,11,11,True,3603.6595961539,327.60541783217275,13233.297980769501,155,127,11,0,0.016182541992748156,,,,
annex,random,5101,optical,hash,0,11,11,True,2907.3661711338727,264.3060155576248,10776.830855669363,117,109,12,1,0.06863820800208487,,,,
annex,random,5101,phased,hash,0,11,11,True,4042.755382628866,367.5232166026242,14858.77691314433,170,166,11,0,0.015261541004292667,,,,
annex,random,5101,v2,hash,0,11,11,True,3007.4506791016233,273.40460719105664,10657.253395508116,138,131,11,0,0.13813291699625552,,,,
annex,random,5101,v3,hash,0,11,11,True,2922.03590546107,265.63962776918817,10730.179527305349,121,116,11,0,0.058465916983550414,,,,
annex,random,5101,v3_origin20,hash,0,11,11,True,3030.920844596335,275.5382585996668,10544.604222981676,146,137,11,0,0.06538737498340197,,,,
annex,random,5102,joint,hash,0,14,14,True,3395.730945187951,242.55221037056793,12863.654725939754,128,113,14,0,0.02805758299655281,,,,
annex,random,5102,optical,hash,0,14,14,True,2874.702140493789,205.33586717812778,10658.510702468946,112,107,16,2,0.10244483401766047,,,,
annex,random,5102,phased,hash,0,14,14,True,4141.464582819815,295.81889877284397,15387.322914099079,166,164,14,0,0.021493207983439788,,,,
annex,random,5102,v2,hash,0,14,14,True,3080.5800928704293,220.04143520503067,11157.900464352146,131,124,14,0,0.24083974998211488,,,,
annex,random,5102,v3,hash,0,14,14,True,2859.3986483153894,204.24276059395638,10556.993241576947,114,108,14,0,0.08421808300772682,,,,
annex,random,5102,v3_origin20,hash,0,14,14,True,3023.038720715379,215.93133719395564,10920.193603576894,129,124,14,0,0.10812316698138602,,,,
annex,random,5103,joint,hash,0,15,15,True,3471.5945477316554,231.4396365154437,13637.972738658278,113,104,15,0,0.028988709003897384,,,,
annex,random,5103,optical,hash,0,15,15,True,3320.8970120968906,221.39313413979272,12864.485060484454,113,105,16,1,0.14506549999350682,,,,
annex,random,5103,phased,hash,0,15,15,True,4650.205684748746,310.01371231658305,17966.02842374373,164,162,15,0,0.032248708012048155,,,,
annex,random,5103,v2,hash,0,15,15,True,3623.7791476059565,241.58527650706375,13453.895738029783,144,138,15,0,0.3531684170011431,,,,
annex,random,5103,v3,hash,0,15,15,True,3320.7604163026135,221.38402775350758,12813.802081513068,115,108,15,0,0.09452616699854843,,,,
annex,random,5103,v3_origin20,hash,0,15,15,True,3516.833134669622,234.4555423113081,13179.165673348109,135,131,15,0,0.12442066700896248,,,,
annex,random,5104,joint,hash,0,11,11,True,3270.7721105595156,297.34291914177413,12083.860552797578,136,119,11,0,0.02057262498419732,,,,
annex,random,5104,optical,hash,0,11,11,True,2860.4219888831967,260.03836262574515,10417.109944415983,120,113,14,3,0.08046412499970756,,,,
annex,random,5104,phased,hash,0,11,11,True,4085.9665632868305,371.4515057533482,15194.832816434153,166,162,11,0,0.017103749996749684,,,,
annex,random,5104,v2,hash,0,11,11,True,2991.2097065291123,271.9281551390102,10586.048532645562,137,134,11,0,0.2358919169928413,,,,
annex,random,5104,v3,hash,0,11,11,True,2858.448547082263,259.85895882566024,10382.242735411313,122,117,11,0,0.07927695900434628,,,,
annex,random,5104,v3_origin20,hash,0,11,11,True,3019.0928248534656,274.4629840775878,10480.464124267328,145,143,11,0,0.13455662500928156,,,,
annex,random,5105,joint,hash,0,11,11,True,2393.920615467082,217.6291468606438,8024.60307733541,123,119,11,0,0.01638337498297915,,,,
annex,random,5105,optical,hash,0,11,11,True,2360.4439511134497,214.58581373758634,8002.219755567248,117,114,13,2,0.08136300000478514,,,,
annex,random,5105,phased,hash,0,11,11,True,3116.0438977449676,283.27671797681523,10510.219488724839,160,159,11,0,0.019368332985322922,,,,
annex,random,5105,v2,hash,0,11,11,True,2390.9213668098696,217.35648789180632,8159.606834049348,118,114,11,0,0.15335191698977724,,,,
annex,random,5105,v3,hash,0,11,11,True,2344.5285297445994,213.13895724950905,7922.642648722997,118,115,11,0,0.0664777499914635,,,,
annex,random,5105,v3_origin20,hash,0,11,11,True,2341.780085652066,212.8890986956424,7908.900428260331,118,115,11,0,0.08660166698973626,,,,
annex,random,5106,joint,hash,0,10,10,True,3316.1505869624225,331.6150586962423,12130.752934812113,142,130,10,0,0.018015459005255252,,,,
annex,random,5106,optical,hash,0,10,10,True,3029.8026589107653,302.98026589107656,11234.013294553826,123,118,10,0,0.07486183301080018,,,,
annex,random,5106,phased,hash,0,10,10,True,4117.451801134141,411.74518011341405,15322.259005670703,168,163,10,0,0.015460583992535248,,,,
annex,random,5106,v2,hash,0,10,10,True,3106.420573915879,310.64205739158785,11277.102869579394,134,131,10,0,0.1695261659915559,,,,
annex,random,5106,v3,hash,0,10,10,True,3057.8031696472217,305.78031696472215,11219.01584823611,128,124,10,0,0.06386508300784044,,,,
annex,random,5106,v3_origin20,hash,0,10,10,True,3138.9330773731367,313.89330773731365,11254.665386865683,140,138,10,0,0.08118679199833423,,,,
annex,random,5107,joint,hash,0,15,15,True,3175.535002785126,211.7023335190084,11632.67501392563,131,119,15,0,0.028131708997534588,,,,
annex,random,5107,optical,hash,0,15,15,True,2980.034368418875,198.66895789459167,11170.171842094376,112,108,16,1,0.10014733398566023,,,,
annex,random,5107,phased,hash,0,15,15,True,3850.8188499893226,256.72125666595485,13994.094249946613,163,162,15,0,0.024876917013898492,,,,
annex,random,5107,v2,hash,0,15,15,True,2950.839076199446,196.72260507996307,10474.19538099723,131,126,15,0,0.439079416973982,,,,
annex,random,5107,v3,hash,0,15,15,True,3025.139010292528,201.67593401950185,11145.695051462639,121,116,15,0,0.08675583300646394,,,,
annex,random,5107,v3_origin20,hash,0,15,15,True,3011.2752633100954,200.751684220673,10406.376316550477,143,140,15,0,0.13466616699588485,,,,
annex,random,5108,joint,hash,0,14,14,True,3470.527578755751,247.89482705398223,13132.637893778756,133,109,14,0,0.028448875003959984,,,,
annex,random,5108,optical,hash,0,14,14,True,3005.1007040169584,214.6500502869256,11250.503520084792,114,109,16,2,0.0781881250150036,,,,
annex,random,5108,phased,hash,0,14,14,True,3922.890657179411,280.2064755128151,14334.453285897054,165,161,14,0,0.024776500009465963,,,,
annex,random,5108,v2,hash,0,14,14,True,3110.2859330676224,222.1632809334016,11206.429665338112,134,129,14,0,0.20599704200867563,,,,
annex,random,5108,v3,hash,0,14,14,True,3057.3535867492765,218.38239905351975,11406.767933746381,119,111,14,0,0.07467054200242274,,,,
annex,random,5108,v3_origin20,hash,0,14,14,True,3180.9668880562826,227.21192057544877,11679.834440281413,130,125,14,0,0.09023579099448398,,,,
annex,random,5109,joint,hash,0,10,10,True,3146.118127254064,314.61181272540637,11180.590636270319,146,130,10,0,0.016517459007445723,,,,
annex,random,5109,optical,hash,0,10,10,True,2919.82146765918,291.982146765918,10439.1073382959,130,126,12,2,0.06779391699819826,,,,
annex,random,5109,phased,hash,0,10,10,True,3826.441703847185,382.6441703847185,13907.208519235926,166,165,10,0,0.01578112499555573,,,,
annex,random,5109,v2,hash,0,10,10,True,2932.8129268753337,293.2812926875334,10289.06463437667,138,135,10,0,0.1591453329892829,,,,
annex,random,5109,v3,hash,0,10,10,True,2919.0400705852217,291.90400705852215,10320.200352926107,135,130,10,0,0.059548874996835366,,,,
annex,random,5109,v3_origin20,hash,0,10,10,True,2912.1451253114365,291.21451253114367,10220.725626557183,137,133,10,0,0.07034504201146774,,,,
annex,random,5110,joint,hash,0,11,11,True,2957.0147592919247,268.81952357199316,10420.073796459623,138,128,11,0,0.019807916978606954,,,,
annex,random,5110,optical,hash,0,11,11,True,2875.111690974136,261.3737900885578,10480.55845487068,121,119,11,0,0.0639982919965405,,,,
annex,random,5110,phased,hash,0,11,11,True,3865.5696317780225,351.41542107072934,14167.848158890112,163,162,11,0,0.01705720799509436,,,,
annex,random,5110,v2,hash,0,11,11,True,2852.7544094745244,259.3413099522295,9968.772047372622,135,129,11,0,0.14659445799770765,,,,
annex,random,5110,v3,hash,0,11,11,True,2893.398981982945,263.03627108935865,10461.994909914725,125,121,11,0,0.05246633299975656,,,,
annex,random,5110,v3_origin20,hash,0,11,11,True,2866.345124064067,260.5768294603697,9881.725620320334,140,135,11,0,0.08526462499867193,,,,
annex,random,5111,joint,hash,0,11,11,True,3254.879082366694,295.8980983969722,12004.395411833471,136,119,11,0,0.02191616699565202,,,,
annex,random,5111,optical,hash,0,11,11,True,3064.9257671616,278.6296151965091,11594.628835808,116,111,11,0,0.06500658299773932,,,,
annex,random,5111,phased,hash,0,11,11,True,4017.0506913165705,365.18642648332457,14790.253456582852,168,164,11,0,0.01677283301251009,,,,
annex,random,5111,v2,hash,0,11,11,True,3037.5125290908895,276.1375026446263,10707.562645454447,141,136,11,0,0.1923799169890117,,,,
annex,random,5111,v3,hash,0,11,11,True,3089.686821239751,280.88062011270466,11573.434106198756,121,115,11,0,0.05277612499776296,,,,
annex,random,5111,v3_origin20,hash,0,11,11,True,3057.2415516916844,277.9310501537895,10601.207758458422,148,142,11,0,0.09618062499794178,,,,
annex,random,5112,joint,hash,0,13,13,True,3045.813856720304,234.29337359386955,11219.06928360152,125,112,13,0,0.023138917022151873,,,,
annex,random,5112,optical,hash,0,13,13,True,2870.4134987266234,220.80103836358643,10437.067493633116,120,115,14,1,0.09213658299995586,,,,
annex,random,5112,phased,hash,0,13,13,True,4084.137508814877,314.16442375499054,15105.687544074386,167,163,13,0,0.019749583007069305,,,,
annex,random,5112,v2,hash,0,13,13,True,2966.6560438104834,228.20431106234489,10628.280219052416,130,126,13,0,0.20049812499200925,,,,
annex,random,5112,v3,hash,0,13,13,True,2905.975442643991,223.53657251107623,10364.877213219954,129,123,13,0,0.08363895799266174,,,,
annex,random,5112,v3_origin20,hash,0,13,13,True,2956.8822878860765,227.45248368354436,10214.411439430383,142,139,13,0,0.09395650000078604,,,,
annex,random,5113,joint,hash,0,13,13,True,3336.185894434787,256.6296841872913,12760.929472173935,123,104,13,0,0.030607916007284075,,,,
annex,random,5113,optical,hash,0,13,13,True,3421.1030031354817,263.16176947196016,12985.515015677409,127,121,14,1,0.1102004999993369,,,,
annex,random,5113,phased,hash,0,13,13,True,4163.705195845742,320.2850150650571,15408.525979228712,171,162,13,0,0.022489833005238324,,,,
annex,random,5113,v2,hash,0,13,13,True,3076.592561703629,236.66096628489456,11717.962808518145,112,108,13,0,0.23990245899767615,,,,
annex,random,5113,v3,hash,0,13,13,True,3456.392762579744,265.876366352288,12966.96381289872,134,128,13,0,0.0969297919946257,,,,
annex,random,5113,v3_origin20,hash,0,13,13,True,3064.478466858719,235.7291128352861,11677.392334293594,111,109,13,0,0.09727391699561849,,,,
annex,random,5114,joint,hash,0,15,15,True,3416.9185970046738,227.79457313364492,13194.592985023368,120,103,15,0,0.03172020899364725,,,,
annex,random,5114,optical,hash,0,15,15,True,3056.773027029246,203.7848684686164,11683.86513514623,108,102,16,1,0.12235995798255317,,,,
annex,random,5114,phased,hash,0,15,15,True,4344.294833255972,289.61965555039814,16251.474166279859,171,164,15,0,0.025723958999151364,,,,
annex,random,5114,v2,hash,0,15,15,True,3157.8329320763837,210.52219547175892,11864.164660381919,119,115,15,0,0.2726312080048956,,,,
annex,random,5114,v3,hash,0,15,15,True,3085.7560011493842,205.7170667432923,11638.780005746921,115,108,15,0,0.09821358401677571,,,,
annex,random,5114,v3_origin20,hash,0,15,15,True,3131.2308532551533,208.74872355034356,11701.154266275767,120,116,15,0,0.12193637498421595,,,,
annex,random,5115,joint,hash,0,16,16,True,3591.731772096629,224.4832357560393,14308.658860483145,112,90,16,0,0.027630874974420294,,,,
annex,random,5115,optical,hash,0,16,16,True,3210.2169472399455,200.6385592024966,12316.084736199728,112,107,16,0,0.10908529200241901,,,,
annex,random,5115,phased,hash,0,16,16,True,4199.114064159368,262.4446290099605,16140.570320796844,149,146,16,0,0.024737291008932516,,,,
annex,random,5115,v2,hash,0,16,16,True,3264.2098707044784,204.0131169190299,12421.049353522392,118,110,16,0,0.23639045900199562,,,,
annex,random,5115,v3,hash,0,16,16,True,3347.8541485399505,209.2408842837469,12534.270742699753,128,121,16,0,0.09819225000683218,,,,
annex,random,5115,v3_origin20,hash,0,16,16,True,3211.531969921946,200.7207481201216,12092.659849609729,120,113,16,0,0.0995561669988092,,,,
annex,random,5116,joint,hash,0,16,16,True,3952.132362106394,247.00827263164962,15235.661810531969,142,115,16,0,0.027886083000339568,,,,
annex,random,5116,optical,hash,0,16,16,True,3381.043313245213,211.31520707782582,12880.216566226065,121,117,17,1,0.10772800000268035,,,,
annex,random,5116,phased,hash,0,16,16,True,4195.27779843957,262.2048624024731,16486.388992197848,138,128,16,0,0.02303912499337457,,,,
annex,random,5116,v2,hash,0,16,16,True,3615.6337115206347,225.97710697003967,13203.168557603174,150,145,16,0,0.29688499998883344,,,,
annex,random,5116,v3,hash,0,16,16,True,3419.9028246894077,213.74392654308798,12944.51412344704,126,121,16,0,0.08577375000459142,,,,
annex,random,5116,v3_origin20,hash,0,16,16,True,3476.971997624384,217.310749851524,12714.85998812192,143,139,16,0,0.10484024998731911,,,,
annex,random,5117,joint,hash,0,11,11,True,3205.3425337397975,291.39477579452705,11631.712668698987,140,124,11,0,0.017637790995649993,,,,
annex,random,5117,optical,hash,0,11,11,True,3121.6261911430934,283.78419919482667,11673.130955715467,122,119,12,1,0.07229300000471994,,,,
annex,random,5117,phased,hash,0,11,11,True,3999.995430196873,363.6359481997157,14589.977150984363,173,162,11,0,0.01776312501169741,,,,
annex,random,5117,v2,hash,0,11,11,True,3195.9133589833154,290.5375780893923,11319.566794916578,147,142,11,0,0.1670965839875862,,,,
annex,random,5117,v3,hash,0,11,11,True,3132.9926320846726,284.81751200769753,11639.963160423364,126,120,11,0,0.05597620899789035,,,,
annex,random,5117,v3_origin20,hash,0,11,11,True,3174.4078042468163,288.5825276588015,11062.039021234083,152,147,11,0,0.08719183300854638,,,,
annex,random,5118,joint,hash,0,14,14,True,3779.640123785955,269.9742945561396,14443.200618929775,140,121,14,0,0.024662749987328425,,,,
annex,random,5118,optical,hash,0,14,14,True,3176.2083656260647,226.87202611614748,12046.041828130323,116,111,16,2,0.1004343329987023,,,,
annex,random,5118,phased,hash,0,14,14,True,3963.555148681516,283.11108204867975,14467.775743407581,167,165,14,0,0.021759499999461696,,,,
annex,random,5118,v2,hash,0,14,14,True,2977.9327255793655,212.7094803985261,10744.663627896827,127,124,14,0,0.28300979200867005,,,,
annex,random,5118,v3,hash,0,14,14,True,3209.4850719901356,229.24893371358112,11957.425359950677,126,118,14,0,0.08424308299436234,,,,
annex,random,5118,v3_origin20,hash,0,14,14,True,3306.680746557954,236.19148189699672,12028.403732789771,139,136,14,0,0.11058766700443812,,,,
annex,random,5119,joint,hash,0,12,12,True,3605.7650118057554,300.48041765047964,13818.825059028777,134,112,12,0,0.021295292011927813,,,,
annex,random,5119,optical,hash,0,12,12,True,3176.891678074212,264.740973172851,11799.45839037106,125,120,16,4,0.11368687500362284,,,,
annex,random,5119,phased,hash,0,12,12,True,4321.139701172307,360.0949750976922,16190.698505861532,172,163,12,0,0.017979875003220513,,,,
annex,random,5119,v2,hash,0,12,12,True,3371.1749332699524,280.9312444391627,12485.874666349762,136,134,12,0,0.1587662090023514,,,,
annex,random,5119,v3,hash,0,12,12,True,3146.618130994552,262.2181775828793,11648.090654972759,127,122,12,0,0.08343845899798907,,,,
annex,random,5119,v3_origin20,hash,0,12,12,True,3305.8038797630807,275.4836566469234,11929.019398815404,144,140,12,0,0.09496966699953191,,,,
annex,random,5120,joint,hash,0,16,16,True,3567.57759911987,222.97359994499186,13657.887995599349,129,111,16,0,0.025205249985447153,,,,
annex,random,5120,optical,hash,0,16,16,True,3084.161220572564,192.76007628578526,11790.806102862822,107,99,20,4,0.10027158301090822,,,,
annex,random,5120,phased,hash,0,16,16,True,4097.658165402169,256.1036353376356,15523.290827010847,154,143,16,0,0.028456375002861023,,,,
annex,random,5120,v2,hash,0,16,16,True,3125.0149911835574,195.31343694897234,11555.074955917788,123,119,16,0,0.2474280419992283,,,,
annex,random,5120,v3,hash,0,16,16,True,3053.810267778825,190.86314173617657,11669.051338894125,108,100,16,0,0.07991483301157132,,,,
annex,random,5120,v3_origin20,hash,0,16,16,True,3139.108169361062,196.1942605850664,11550.54084680531,126,119,16,0,0.1044818330265116,,,,
annex,random,5121,joint,hash,0,15,15,True,3635.0940536038534,242.3396035735902,13535.470268019268,145,128,15,0,0.02956262498628348,,,,
annex,random,5121,optical,hash,0,15,15,True,3207.4349053286796,213.82899368857863,12052.174526643397,120,116,17,2,0.10267383299651556,,,,
annex,random,5121,phased,hash,0,15,15,True,4300.899623984202,286.7266415989468,16099.498119921009,168,166,15,0,0.020502750005107373,,,,
annex,random,5121,v2,hash,0,15,15,True,3127.654738918488,208.5103159278992,11108.273694592439,139,136,15,0,0.19662937498651445,,,,
annex,random,5121,v3,hash,0,15,15,True,3186.516770642379,212.4344513761586,11947.583853211896,121,117,15,0,0.08305720798671246,,,,
annex,random,5121,v3_origin20,hash,0,15,15,True,3036.292689093697,202.41951260624646,10861.463445468486,132,129,15,0,0.08524095799657516,,,,
annex,random,5122,joint,hash,0,10,10,True,3490.332202630965,349.0332202630965,12856.661013154826,149,124,10,0,0.02041795800323598,,,,
annex,random,5122,optical,hash,0,10,10,True,2977.1186773416216,297.7118677341622,10885.593386708108,126,120,10,0,0.058631000021705404,,,,
annex,random,5122,phased,hash,0,10,10,True,3753.599800640306,375.3599800640306,13397.99900320153,172,164,10,0,0.017352124996250495,,,,
annex,random,5122,v2,hash,0,10,10,True,2932.5224105177253,293.25224105177256,10087.612052588627,145,140,10,0,0.12601304199779406,,,,
annex,random,5122,v3,hash,0,10,10,True,3004.1357710269176,300.41357710269176,10895.678855134589,130,125,10,0,0.047953541012248024,,,,
annex,random,5122,v3_origin20,hash,0,10,10,True,2893.8875710743228,289.3887571074323,9959.437855371614,143,137,10,0,0.0703197920229286,,,,
annex,random,5123,joint,hash,0,11,11,True,3349.365366168388,304.4877605607625,12456.82683084194,137,118,11,0,0.020121707988437265,,,,
annex,random,5123,optical,hash,0,11,11,True,2786.4960981050835,253.31782710046215,10162.480490525417,116,110,14,3,0.06857900001341477,,,,
annex,random,5123,phased,hash,0,11,11,True,3889.577868896961,353.59798808154187,14262.889344484804,164,162,11,0,0.018253583024488762,,,,
annex,random,5123,v2,hash,0,11,11,True,2974.7554471207454,270.4323133746132,10508.777235603728,137,133,11,0,0.17807216697838157,,,,
annex,random,5123,v3,hash,0,11,11,True,2790.7173978596165,253.7015816236015,10113.586989298083,120,113,11,0,0.061358666978776455,,,,
annex,random,5123,v3_origin20,hash,0,11,11,True,3020.8547110375753,274.6231555488705,10734.273555187876,137,134,11,0,0.07899966699187644,,,,
annex,random,5124,joint,hash,0,14,14,True,3187.4884447587624,227.6777460541973,12122.442223793812,117,108,14,0,0.025257333007175475,,,,
annex,random,5124,optical,hash,0,14,14,True,3012.6613094575005,215.19009353267862,11253.306547287502,116,109,15,1,0.11054825002793223,,,,
annex,random,5124,phased,hash,0,14,14,True,3982.7779877866565,284.48414198476115,14683.889938933282,163,161,14,0,0.022593374975258484,,,,
annex,random,5124,v2,hash,0,14,14,True,2995.043143815889,213.93165312970635,10755.215719079444,130,124,14,0,0.2203447089996189,,,,
annex,random,5124,v3,hash,0,14,14,True,3008.999948434788,214.928567745342,11174.99974217394,118,114,14,0,0.09334991601645015,,,,
annex,random,5124,v3_origin20,hash,0,14,14,True,2954.946965912646,211.06764042233186,10774.734829563231,122,120,14,0,0.10390645798179321,,,,
annex,random,5125,joint,hash,0,14,14,True,3559.940190891225,254.28144220651606,13544.700954456124,134,111,14,0,0.024551834008889273,,,,
annex,random,5125,optical,hash,0,14,14,True,3408.626172895257,243.4732980639469,13223.130864476285,115,110,17,3,0.12132041598670185,,,,
annex,random,5125,phased,hash,0,14,14,True,4094.2531069641796,292.4466504974414,15096.265534820897,168,165,14,0,0.021391374990344048,,,,
annex,random,5125,v2,hash,0,14,14,True,3560.4302054314185,254.3164432451013,13622.151027157091,128,126,14,0,0.22547354199923575,,,,
annex,random,5125,v3,hash,0,14,14,True,3319.523550516142,237.1088250368673,12662.61775258071,120,117,14,0,0.09032854202087037,,,,
annex,random,5125,v3_origin20,hash,0,14,14,True,3380.0573625076236,241.43266875054454,12310.286812538117,142,138,14,0,0.11628920797375031,,,,
annex,random,5126,joint,hash,0,14,14,True,4077.564229290597,291.2545878064712,15617.821146452983,152,124,14,0,0.02553012501448393,,,,
annex,random,5126,optical,hash,0,14,14,True,3353.744206768534,239.55315762632384,13008.721033842668,113,108,17,3,0.08910949999699369,,,,
annex,random,5126,phased,hash,0,14,14,True,4411.4827631249655,315.10591165178323,16557.413815624826,173,165,14,0,0.02261787501629442,,,,
annex,random,5126,v2,hash,0,14,14,True,3361.9240074091285,240.13742910065204,12489.620037045643,133,129,14,0,0.24565758401877247,,,,
annex,random,5126,v3,hash,0,14,14,True,3361.5499612726157,240.11071151947255,12972.74980636308,117,112,14,0,0.07701420798548497,,,,
annex,random,5126,v3_origin20,hash,0,14,14,True,3316.1445777309154,236.86746983792253,12290.722888654576,132,128,14,0,0.09412854100810364,,,,
annex,random,5127,joint,hash,0,12,12,True,3667.0934763915093,305.5911230326258,13805.467381957546,145,121,12,0,0.020350500009953976,,,,
annex,random,5127,optical,hash,0,12,12,True,3009.401627181593,250.78346893179943,11432.008135907965,110,104,15,3,0.07369408299564384,,,,
annex,random,5127,phased,hash,0,12,12,True,4120.468996503209,343.37241637526745,15332.344982516046,166,164,12,0,0.01677374998689629,,,,
annex,random,5127,v2,hash,0,12,12,True,3247.086748565715,270.59056238047623,11605.433742828574,145,141,12,0,0.14463970801443793,,,,
annex,random,5127,v3,hash,0,12,12,True,3019.9680173892293,251.66400144910244,11444.840086946146,113,106,12,0,0.05707962499582209,,,,
annex,random,5127,v3_origin20,hash,0,12,12,True,3221.633580519655,268.4694650433046,11423.167902598274,147,142,12,0,0.07461887499084696,,,,
annex,random,5128,joint,hash,0,13,13,True,3242.914319613099,249.4549476625461,11944.571598065495,134,119,13,0,0.029029458994045854,,,,
annex,random,5128,optical,hash,0,13,13,True,3123.5944097029246,240.27649305407112,11582.972048514623,124,119,14,1,0.1418984170013573,,,,
annex,random,5128,phased,hash,0,13,13,True,4526.359021421278,348.1814631862522,17166.79510710639,173,163,13,0,0.027118666999740526,,,,
annex,random,5128,v2,hash,0,13,13,True,3395.4730087226967,261.1902314402074,12437.365043613483,142,133,13,0,0.24080366600537673,,,,
annex,random,5128,v3,hash,0,13,13,True,3150.132603220236,242.31789255540278,11575.66301610118,129,125,13,0,0.0945670000219252,,,,
annex,random,5128,v3_origin20,hash,0,13,13,True,3332.271143291179,256.32854948393685,12061.355716455895,144,135,13,0,0.12353233300382271,,,,
annex,random,5129,joint,hash,0,11,11,True,2862.290648764325,260.2082407967568,10016.453243821625,136,124,11,0,0.01627412499510683,,,,
annex,random,5129,optical,hash,0,11,11,True,2841.7303935595437,258.33912668723127,10138.65196779772,126,123,13,2,0.07047241600230336,,,,
annex,random,5129,phased,hash,0,11,11,True,4057.179936114176,368.8345396467433,15070.899680570881,165,163,11,0,0.016196083975955844,,,,
annex,random,5129,v2,hash,0,11,11,True,2843.09489708644,258.46317246240363,10035.474485432202,131,126,11,0,0.13461804200778715,,,,
annex,random,5129,v3,hash,0,11,11,True,2820.5818952499276,256.4165359318116,9972.909476249637,129,126,11,0,0.06134508299874142,,,,
annex,random,5129,v3_origin20,hash,0,11,11,True,2825.2082306741245,256.83711187946585,9371.041153370623,150,146,11,0,0.07676050000009127,,,,
annex,random,5130,joint,hash,0,13,13,True,3342.5088128149077,257.11606252422365,12337.544064074538,138,120,13,0,0.022813709016190842,,,,
annex,random,5130,optical,hash,0,13,13,True,2862.9735751955714,220.22873655350548,10249.867875977856,125,120,14,1,0.0714472499967087,,,,
annex,random,5130,phased,hash,0,13,13,True,3842.521506019441,295.57857738611085,13947.607530097204,165,163,13,0,0.018916500004706904,,,,
annex,random,5130,v2,hash,0,13,13,True,3129.1154569230084,240.70118899407757,10830.577284615041,150,148,13,0,0.21164595798472874,,,,
annex,random,5130,v3,hash,0,13,13,True,2883.564928067805,221.81268677444652,10137.824640339024,133,126,13,0,0.0649455829989165,,,,
annex,random,5130,v3_origin20,hash,0,13,13,True,3029.0734980556635,233.0056536965895,10425.367490278317,148,139,13,0,0.10209620799287222,,,,
annex,random,5131,joint,hash,0,10,10,True,3172.7533572421307,317.27533572421305,11428.766786210654,142,127,10,0,0.01846199997817166,,,,
annex,random,5131,optical,hash,0,10,10,True,3136.839127173755,313.6839127173755,11669.195635868775,126,120,11,1,0.0796050000062678,,,,
annex,random,5131,phased,hash,0,10,10,True,4154.747733629747,415.4747733629747,15478.738668148733,169,164,10,0,0.015608999994583428,,,,
annex,random,5131,v2,hash,0,10,10,True,2980.9429399510095,298.09429399510094,10559.714699755048,137,134,10,0,0.13660504098515958,,,,
annex,random,5131,v3,hash,0,10,10,True,3124.5432604882817,312.4543260488282,11592.716302441408,127,121,10,0,0.062225667003076524,,,,
annex,random,5131,v3_origin20,hash,0,10,10,True,2948.5077112721874,294.85077112721876,10312.538556360936,140,136,10,0,0.06938875000923872,,,,
annex,random,5132,joint,hash,0,15,15,True,3082.744111834871,205.51627412232475,11293.720559174355,127,114,15,0,0.03033612499712035,,,,
annex,random,5132,optical,hash,0,15,15,True,2855.218610952868,190.34790739685786,10971.09305476434,98,93,16,1,0.11582066700793803,,,,
annex,random,5132,phased,hash,0,15,15,True,4201.929193237018,280.12861288246785,15754.645966185088,163,161,15,0,0.0247220000019297,,,,
annex,random,5132,v2,hash,0,15,15,True,3074.3675177756477,204.9578345183765,10531.837588878238,150,143,15,0,0.23918324999976903,,,,
annex,random,5132,v3,hash,0,15,15,True,2884.0825370795346,192.27216913863563,10965.412685397672,103,101,15,0,0.08721312499255873,,,,
annex,random,5132,v3_origin20,hash,0,15,15,True,2958.8028356829886,197.2535223788659,9954.014178414944,150,143,15,0,0.10224391700467095,,,,
annex,random,5133,joint,hash,0,10,10,True,3146.5222315168585,314.65222315168586,11192.611157584293,145,133,10,0,0.01657495799008757,,,,
annex,random,5133,optical,hash,0,10,10,True,2739.0042614900835,273.90042614900835,9620.021307450417,127,124,12,2,0.06295345901162364,,,,
annex,random,5133,phased,hash,0,10,10,True,3811.465705220532,381.1465705220532,13782.32852610266,168,165,10,0,0.01625270801014267,,,,
annex,random,5133,v2,hash,0,10,10,True,3011.1555021857807,301.11555021857805,10420.777510928903,147,142,10,0,0.15374079198227264,,,,
annex,random,5133,v3,hash,0,10,10,True,2723.335191096744,272.3335191096744,9546.67595548372,128,124,10,0,0.05728308399557136,,,,
annex,random,5133,v3_origin20,hash,0,10,10,True,2872.042051750149,287.20420517501486,9730.210258750743,147,141,10,0,0.07189824999659322,,,,
annex,random,5134,joint,hash,0,13,13,True,3282.311170116827,252.4854746243713,12271.555850584135,130,113,13,0,0.024659457994857803,,,,
annex,random,5134,optical,hash,0,13,13,True,3126.2364612654624,240.47972778965095,11961.182306327311,112,109,13,0,0.08981099998345599,,,,
annex,random,5134,phased,hash,0,13,13,True,3794.6941635453345,291.8995510419488,13603.470817726673,169,164,13,0,0.018792208982631564,,,,
annex,random,5134,v2,hash,0,13,13,True,3051.1809615320044,234.7062278101542,10900.904807660023,135,131,13,0,0.22523029099102132,,,,
annex,random,5134,v3,hash,0,13,13,True,3160.6210166086144,243.12469358527804,11963.105083043072,118,113,13,0,0.072433583001839,,,,
annex,random,5134,v3_origin20,hash,0,13,13,True,2864.682311508014,220.36017780830878,9838.41155754007,139,137,13,0,0.09665333299199119,,,,
annex,random,5135,joint,hash,0,15,15,True,3899.5199251658355,259.9679950110557,15392.599625829178,128,106,15,0,0.028901167010189965,,,,
annex,random,5135,optical,hash,0,15,15,True,3494.5141706259524,232.96761137506348,13242.570853129762,128,125,17,2,0.10459483301383443,,,,
annex,random,5135,phased,hash,0,15,15,True,4405.346864377309,293.6897909584873,16606.734321886546,169,164,15,0,0.027697875018930063,,,,
annex,random,5135,v2,hash,0,15,15,True,3445.011236462137,229.66741576414245,12470.056182310684,147,141,15,0,0.35049366697785445,,,,
annex,random,5135,v3,hash,0,15,15,True,3504.5349148580235,233.6356609905349,13152.674574290118,134,129,15,0,0.11038062500301749,,,,
annex,random,5135,v3_origin20,hash,0,15,15,True,3388.437287475149,225.89581916500993,12167.186437375745,148,140,15,0,0.14131066598929465,,,,
annex,random,5136,joint,hash,0,13,13,True,3496.3678016867575,268.95136936051983,13446.839008433788,126,112,13,0,0.026074666995555162,,,,
annex,random,5136,optical,hash,0,13,13,True,3180.541530703232,244.65704082332556,11992.707653516161,120,114,14,1,0.1750874170102179,,,,
annex,random,5136,phased,hash,0,13,13,True,4120.494678390064,316.961129106928,15292.47339195032,167,162,13,0,0.02247237498522736,,,,
annex,random,5136,v2,hash,0,13,13,True,3072.7045582575984,236.36188909673834,11168.522791287991,130,124,13,0,0.24258987497887574,,,,
annex,random,5136,v3,hash,0,13,13,True,3201.7145498582636,246.2857346044818,11928.572749291317,126,121,13,0,0.07877674998599105,,,,
annex,random,5136,v3_origin20,hash,0,13,13,True,3249.996267138167,249.99971285678205,11879.981335690834,136,129,13,0,0.09401025000261143,,,,
annex,random,5137,joint,hash,0,12,12,True,3503.4998164406475,291.95831803672064,13432.499082203238,129,112,12,0,0.023247290984727442,,,,
annex,random,5137,optical,hash,0,12,12,True,3392.3922799182455,282.6993566598538,12886.961399591228,126,119,14,2,0.0934678339981474,,,,
annex,random,5137,phased,hash,0,12,12,True,4462.821102208163,371.90175851734693,16924.105511040816,171,163,12,0,0.023895708000054583,,,,
annex,random,5137,v2,hash,0,12,12,True,3455.156541970676,287.92971183088963,12630.78270985338,146,139,12,0,0.2075067090045195,,,,
annex,random,5137,v3,hash,0,12,12,True,3421.023169170432,285.085264097536,12945.11584585216,130,122,12,0,0.07543979099136777,,,,
annex,random,5137,v3_origin20,hash,0,12,12,True,3388.015590624039,282.33463255200326,12910.077953120195,125,121,12,0,0.09805245901225135,,,,
annex,random,5138,joint,hash,0,14,14,True,3212.5847367369192,229.47033833835138,12122.923683684596,122,108,14,0,0.03041687500081025,,,,
annex,random,5138,optical,hash,0,14,14,True,3048.62852754317,217.75918053879786,11558.142637715851,111,106,16,2,0.1025237090070732,,,,
annex,random,5138,phased,hash,0,14,14,True,4111.412966299438,293.67235473567416,15222.064831497193,167,162,14,0,0.024415833002422005,,,,
annex,random,5138,v2,hash,0,14,14,True,3091.6512210254905,220.83223007324932,11463.256105127453,122,119,14,0,0.2389682919892948,,,,
annex,random,5138,v3,hash,0,14,14,True,3071.383076236664,219.38450544547598,11486.915381183318,118,114,14,0,0.09100608300650492,,,,
annex,random,5138,v3_origin20,hash,0,14,14,True,3048.3355625891454,217.73825447065323,11341.677812945727,119,115,14,0,0.08511295900098048,,,,
annex,random,5139,joint,hash,0,11,11,True,3408.731538149691,309.8846852863355,12543.657690748456,144,125,11,0,0.019578999985242262,,,,
annex,random,5139,optical,hash,0,11,11,True,3010.270953161633,273.66099574196664,11221.354765808164,119,113,12,1,0.0607904999924358,,,,
annex,random,5139,phased,hash,0,11,11,True,4197.675794505567,381.606890409597,15773.378972527835,165,163,11,0,0.015514166007051244,,,,
annex,random,5139,v2,hash,0,11,11,True,3144.5077402536,285.8643400230545,11352.538701267998,137,134,11,0,0.16772774999844842,,,,
annex,random,5139,v3,hash,0,11,11,True,3028.3783454550103,275.3071223140918,11176.891727275051,124,118,11,0,0.05395075000706129,,,,
annex,random,5139,v3_origin20,hash,0,11,11,True,3039.643200662736,276.3312000602487,10893.21600331368,135,131,11,0,0.06880191701930016,,,,
annex,random,5140,joint,hash,0,15,15,True,3476.900993634232,231.79339957561544,13049.504968171159,135,117,15,0,0.02782808299525641,,,,
annex,random,5140,optical,hash,0,15,15,True,3189.37162017019,212.62477467801267,11911.85810085095,122,116,17,2,0.1290726659935899,,,,
annex,random,5140,phased,hash,0,15,15,True,4058.4712639286918,270.56475092857943,14942.356319643459,166,165,15,0,0.026226625021081418,,,,
annex,random,5140,v2,hash,0,15,15,True,3121.3425931732977,208.08950621155319,10981.712965866489,143,135,15,0,0.22659404200385325,,,,
annex,random,5140,v3,hash,0,15,15,True,3199.748398612842,213.3165599075228,11798.741993064208,128,125,15,0,0.09267470898339525,,,,
annex,random,5140,v3_origin20,hash,0,15,15,True,3042.1649886189225,202.8109992412615,10660.824943094613,140,135,15,0,0.11508033398422413,,,,
annex,random,5141,joint,hash,0,11,11,True,3157.706618994744,287.0642380904313,11383.53309497372,140,126,11,0,0.02245708298869431,,,,
annex,random,5141,optical,hash,0,11,11,True,2908.5447534899204,264.4131594081746,10352.723767449603,131,125,12,1,0.08275995799340308,,,,
annex,random,5141,phased,hash,0,11,11,True,3886.040022273863,353.2763656612603,14220.200111369315,165,162,11,0,0.01684379202197306,,,,
annex,random,5141,v2,hash,0,11,11,True,3106.4065061731717,282.40059147028836,10607.03253086586,156,150,11,0,0.1763095409842208,,,,
annex,random,5141,v3,hash,0,11,11,True,2920.8483569284317,265.5316688116756,10349.241784642158,134,126,11,0,0.07695220899768174,,,,
annex,random,5141,v3_origin20,hash,0,11,11,True,3009.3084122137966,273.57349201943606,10411.542061068983,146,142,11,0,0.08198741698288359,,,,
annex,random,5142,joint,hash,0,16,16,True,3593.0598886788853,224.56624304243033,14520.299443394426,105,84,16,0,0.027297874999931082,,,,
annex,random,5142,optical,hash,0,16,16,True,3029.5015539146198,189.34384711966374,11532.5077695731,107,99,19,3,0.12282858401886187,,,,
annex,random,5142,phased,hash,0,16,16,True,3783.948214467755,236.49676340423468,14594.741072338775,132,125,16,0,0.025534999993396923,,,,
annex,random,5142,v2,hash,0,16,16,True,3267.6588156288044,204.22867597680028,12363.294078144021,120,115,16,0,0.3179352910083253,,,,
annex,random,5142,v3,hash,0,16,16,True,3163.3211105605646,197.7075694100353,11776.605552802823,122,118,16,0,0.1109028750215657,,,,
annex,random,5142,v3_origin20,hash,0,16,16,True,2934.070695601854,183.37941847511587,11530.35347800927,92,88,16,0,0.09204191601020284,,,,
annex,random,5143,joint,hash,0,11,11,True,3530.884895472883,320.98953595208025,13204.424477364415,143,120,11,0,0.022041667019948363,,,,
annex,random,5143,optical,hash,0,11,11,True,3053.1795228385104,277.56177480350095,11225.897614192552,126,123,11,0,0.07770974998129532,,,,
annex,random,5143,phased,hash,0,11,11,True,4021.8370101168703,365.62154637426096,14889.18505058435,165,164,11,0,0.015478832996450365,,,,
annex,random,5143,v2,hash,0,11,11,True,3176.36752293918,288.7606839035618,11196.8376146959,148,142,11,0,0.23447095800656825,,,,
annex,random,5143,v3,hash,0,11,11,True,3095.735496841461,281.4304997128601,11263.677484207305,132,128,11,0,0.07837804200244136,,,,
annex,random,5143,v3_origin20,hash,0,11,11,True,2997.1728733478567,272.4702612134415,10540.864366739284,140,134,11,0,0.09470924999914132,,,,
annex,random,5144,joint,hash,0,12,12,True,2912.0570339575047,242.67141949645873,10430.285169787523,130,116,12,0,0.0235934580268804,,,,
annex,random,5144,optical,hash,0,12,12,True,2855.696929976097,237.97474416467477,10168.484649880485,127,124,13,1,0.1114617089915555,,,,
annex,random,5144,phased,hash,0,12,12,True,3820.545319471528,318.3787766226273,13727.72659735764,170,165,12,0,0.02004904201021418,,,,
annex,random,5144,v2,hash,0,12,12,True,2968.4616859429593,247.37180716191327,10452.308429714796,137,133,12,0,0.19530266700894572,,,,
annex,random,5144,v3,hash,0,12,12,True,2850.6473648301026,237.55394706917522,10158.236824150512,127,124,12,0,0.08206629101186991,,,,
annex,random,5144,v3_origin20,hash,0,12,12,True,2920.6065698365396,243.38388081971164,10398.032849182699,131,126,12,0,0.08739129200694151,,,,
annex,random,5145,joint,hash,0,13,13,True,3264.2099436139483,251.09307258568833,11796.049718069742,142,130,13,0,0.025147999986074865,,,,
annex,random,5145,optical,hash,0,13,13,True,3028.0493044445884,232.92686957266065,11095.246522222942,125,119,13,0,0.0876516250136774,,,,
annex,random,5145,phased,hash,0,13,13,True,4043.208832684032,311.0160640526179,14816.044163420162,170,165,13,0,0.022449000010965392,,,,
annex,random,5145,v2,hash,0,13,13,True,2986.0931813456345,229.69947548812573,10070.465906728172,152,147,13,0,0.23663108400069177,,,,
annex,random,5145,v3,hash,0,13,13,True,3022.3185599622434,232.4860430740187,10731.592799811217,136,131,13,0,0.08628899999894202,,,,
annex,random,5145,v3_origin20,hash,0,13,13,True,3011.852086394357,231.68092972264282,10369.260431971785,146,143,13,0,0.10893295801361091,,,,
annex,random,5146,joint,hash,0,15,15,True,3346.029875961848,223.06865839745655,12530.14937980924,131,110,15,0,0.030229500000132248,,,,
annex,random,5146,optical,hash,0,15,15,True,3074.9406013859225,204.99604009239482,11709.703006929612,109,104,18,3,0.10504016699269414,,,,
annex,random,5146,phased,hash,0,15,15,True,4157.07084926075,277.1380566173833,15400.354246303752,168,162,15,0,0.022988459008047357,,,,
annex,random,5146,v2,hash,0,15,15,True,3228.986496308799,215.2657664205866,11259.932481543994,151,147,15,0,0.23290933400858194,,,,
annex,random,5146,v3,hash,0,15,15,True,3071.684656499835,204.778977099989,11613.423282499174,113,109,15,0,0.12179029098479077,,,,
annex,random,5146,v3_origin20,hash,0,15,15,True,3198.161884002683,213.21079226684554,11115.809420013416,151,145,15,0,0.10565212499932386,,,,
annex,random,5147,joint,hash,0,12,12,True,3283.511692684492,273.6259743903743,11942.55846342246,142,125,12,0,0.030368125007953495,,,,
annex,random,5147,optical,hash,0,12,12,True,3187.999678483563,265.66663987363023,12109.998392417816,118,110,14,2,0.14725229199393652,,,,
annex,random,5147,phased,hash,0,12,12,True,4114.84708528698,342.903923773915,15364.235426434896,164,162,12,0,0.023691500013228506,,,,
annex,random,5147,v2,hash,0,12,12,True,3130.641985093275,260.8868320911062,11578.209925466374,127,120,12,0,0.23548858298454434,,,,
annex,random,5147,v3,hash,0,12,12,True,3190.573237983421,265.8811031652851,12012.866189917106,122,118,12,0,0.20140570800867863,,,,
annex,random,5147,v3_origin20,hash,0,12,12,True,3126.9073537901554,260.5756128158463,11494.536768950777,129,123,12,0,0.2720974579860922,,,,
annex,random,5148,joint,hash,0,13,13,True,3414.181796724579,262.6293689788138,13180.908983622894,121,108,13,0,0.029384791007032618,,,,
annex,random,5148,optical,hash,0,13,13,True,3049.4526184890774,234.57327834531364,11617.263092445386,110,105,15,2,0.10700229200301692,,,,
annex,random,5148,phased,hash,0,13,13,True,4131.968020025522,317.843693848117,15344.840100127609,167,163,13,0,0.028734666004311293,,,,
annex,random,5148,v2,hash,0,13,13,True,3234.4978551609797,248.80752732007537,11782.489275804899,136,133,13,0,0.37017624999862164,,,,
annex,random,5148,v3,hash,0,13,13,True,3052.8295145037036,234.83303957720798,11554.147572518517,114,107,13,0,0.096038417017553,,,,
annex,random,5148,v3_origin20,hash,0,13,13,True,3094.051240263388,238.00394155872215,10980.25620131694,140,133,13,0,0.12002704199403524,,,,
annex,random,5149,joint,hash,0,12,12,True,3829.9585674107357,319.16321395089466,14629.792837053677,145,119,12,0,0.02204379200702533,,,,
annex,random,5149,optical,hash,0,12,12,True,3540.2175246699753,295.01812705583126,13721.087623349877,122,114,16,4,0.18235062499297783,,,,
annex,random,5149,phased,hash,0,12,12,True,4449.059832779416,370.7549860649513,16900.299163897078,169,164,12,0,0.02043841700651683,,,,
annex,random,5149,v2,hash,0,12,12,True,3616.556642305287,301.37972019210724,13702.783211526435,137,131,12,0,0.18644070799928159,,,,
annex,random,5149,v3,hash,0,12,12,True,3520.9707081200017,293.41422567666683,13649.853540600008,123,116,12,0,0.07132341698161326,,,,
annex,random,5149,v3_origin20,hash,0,12,12,True,3358.878858996168,279.906571583014,12584.39429498084,131,127,12,0,0.0851310420257505,,,,
annex,random,5150,joint,hash,0,11,11,True,3305.3484258589297,300.48622053262994,11666.74212929465,155,142,11,0,0.020838416006881744,,,,
annex,random,5150,optical,hash,0,11,11,True,3142.397380775111,285.67248916137373,11876.986903875555,118,113,14,3,0.0851969170034863,,,,
annex,random,5150,phased,hash,0,11,11,True,4252.488231234936,386.58983920317604,16002.441156174684,167,162,11,0,0.015551292017335072,,,,
annex,random,5150,v2,hash,0,11,11,True,3157.712688456809,287.0647898597099,11523.563442284045,134,128,11,0,0.1623097499832511,,,,
annex,random,5150,v3,hash,0,11,11,True,3142.1806285695625,285.65278441541477,11830.903142847812,121,116,11,0,0.0679898330126889,,,,
annex,random,5150,v3_origin20,hash,0,11,11,True,3311.0735581946346,301.00668710860316,11710.367790973174,154,144,11,0,0.07776995800668374,,,,
annex,random,5151,joint,hash,0,12,12,True,3337.833811372646,278.1528176143872,12219.16905686323,142,124,12,0,0.021708209009375423,,,,
annex,random,5151,optical,hash,0,12,12,True,2896.370337430976,241.3641947859147,10701.851687154882,116,110,14,2,0.0927165420143865,,,,
annex,random,5151,phased,hash,0,12,12,True,3735.007838006567,311.2506531672139,13350.039190032834,168,165,12,0,0.01818187499884516,,,,
annex,random,5151,v2,hash,0,12,12,True,2969.419944086485,247.4516620072071,10342.099720432425,141,136,12,0,0.1779370000003837,,,,
annex,random,5151,v3,hash,0,12,12,True,2895.3279332791353,241.27732777326128,10601.639666395677,120,115,12,0,0.07154649999574758,,,,
annex,random,5151,v3_origin20,hash,0,12,12,True,2971.8235141467053,247.65195951222543,10294.117570733526,143,138,12,0,0.09181854198686779,,,,
annex,random,5152,joint,hash,0,12,12,True,2966.2603542336933,247.18836285280778,10876.301771168466,124,111,12,0,0.018872583023039624,,,,
annex,random,5152,optical,hash,0,12,12,True,2897.0575117075864,241.42145930896552,10580.287558537932,121,116,12,0,0.0660628329787869,,,,
annex,random,5152,phased,hash,0,12,12,True,3917.7023697214872,326.4751974767906,14343.511848607435,165,164,12,0,0.017388165986631066,,,,
annex,random,5152,v2,hash,0,12,12,True,3021.0536377823446,251.7544698151954,10445.268188911723,146,142,12,0,0.194930875004502,,,,
annex,random,5152,v3,hash,0,12,12,True,2906.528797599193,242.21073313326607,10597.643987995963,122,117,12,0,0.06405312501010485,,,,
annex,random,5152,v3_origin20,hash,0,12,12,True,3051.545923259383,254.29549360494858,10382.729616296914,153,150,12,0,0.09661533398320898,,,,
annex,random,5153,joint,hash,0,10,10,True,3499.5557528501295,349.95557528501297,13097.778764250648,142,120,10,0,0.016547625011298805,,,,
annex,random,5153,optical,hash,0,10,10,True,3347.1910807459667,334.71910807459665,12740.955403729833,125,121,11,1,0.0601629999873694,,,,
annex,random,5153,phased,hash,0,10,10,True,3738.9464939652335,373.89464939652333,13399.732469826167,169,164,10,0,0.01647924998542294,,,,
annex,random,5153,v2,hash,0,10,10,True,3257.160440904739,325.71604409047393,12015.802204523696,135,129,10,0,0.13161470898194239,,,,
annex,random,5153,v3,hash,0,10,10,True,3369.836736955943,336.9836736955943,12699.183684779713,131,125,10,0,0.0533782500133384,,,,
annex,random,5153,v3_origin20,hash,0,10,10,True,3381.795368725886,338.1795368725886,12258.976843629429,148,140,10,0,0.06135933400946669,,,,
annex,random,5154,joint,hash,0,13,13,True,3550.3418632268767,273.1032202482213,13491.709316134384,134,117,13,0,0.027135209005791694,,,,
annex,random,5154,optical,hash,0,13,13,True,3129.836739069234,240.75667223609494,11689.183695346172,121,116,15,2,0.09990979099529795,,,,
annex,random,5154,phased,hash,0,13,13,True,4174.460740408606,321.1123646468159,15577.303702043033,166,164,13,0,0.018147583992686123,,,,
annex,random,5154,v2,hash,0,13,13,True,3171.1034364448483,243.93103357268063,11265.517182224241,143,138,13,0,0.1875751249899622,,,,
annex,random,5154,v3,hash,0,13,13,True,3141.994562388756,241.6918894145197,11669.97281194378,125,118,13,0,0.07458766602212563,,,,
annex,random,5154,v3_origin20,hash,0,13,13,True,3162.813312008049,243.29333169292684,11079.066560040244,148,142,13,0,0.09566358299343847,,,,
annex,random,5155,joint,hash,0,12,12,True,3425.8247286879678,285.48539405733067,12779.12364343984,137,125,12,0,0.019372499984456226,,,,
annex,random,5155,optical,hash,0,12,12,True,3062.859188275631,255.2382656896359,11379.295941378154,121,116,14,2,0.0731732499843929,,,,
annex,random,5155,phased,hash,0,12,12,True,4208.441008925794,350.70341741048287,15832.205044628972,164,162,12,0,0.0163352919917088,,,,
annex,random,5155,v2,hash,0,12,12,True,3093.5150838308023,257.79292365256686,11287.57541915401,130,126,12,0,0.16094025000347756,,,,
annex,random,5155,v3,hash,0,12,12,True,3061.380597068511,255.11504975570926,11381.902985342556,122,115,12,0,0.05824754200875759,,,,
annex,random,5155,v3_origin20,hash,0,12,12,True,2969.901245692888,247.49177047440733,10569.506228464441,134,126,12,0,0.0777081249980256,,,,
annex,random,5156,joint,hash,0,12,12,True,2924.1996292170065,243.68330243475054,10250.998146085032,138,124,12,0,0.021405542007414624,,,,
annex,random,5156,optical,hash,0,12,12,True,2664.8235598481347,222.06862998734456,9539.117799240674,117,112,12,0,0.06857070900150575,,,,
annex,random,5156,phased,hash,0,12,12,True,3750.1384940668095,312.5115411722341,13475.692470334046,166,165,12,0,0.016641750000417233,,,,
annex,random,5156,v2,hash,0,12,12,True,2880.64898018225,240.05408168185417,9563.24490091125,152,148,12,0,0.1685904590121936,,,,
annex,random,5156,v3,hash,0,12,12,True,2684.5333290101876,223.71111075084897,9517.666645050938,121,116,12,0,0.06254333298420534,,,,
annex,random,5156,v3_origin20,hash,0,12,12,True,2853.06541303353,237.75545108612752,9515.32706516765,149,145,12,0,0.09336724999593571,,,,
annex,random,5157,joint,hash,0,14,14,True,4000.2072428188067,285.7290887727719,15526.036214094034,143,110,14,0,0.02331604200298898,,,,
annex,random,5157,optical,hash,0,14,14,True,3585.3066067214245,256.0933290515303,14241.533033607122,112,107,14,0,0.10741887500626035,,,,
annex,random,5157,phased,hash,0,14,14,True,4642.988797974208,331.6420569981577,17559.94398987104,179,166,14,0,0.022286749997874722,,,,
annex,random,5157,v2,hash,0,14,14,True,3799.47994265698,271.3914244754986,14287.399713284898,146,142,14,0,0.2191738749970682,,,,
annex,random,5157,v3,hash,0,14,14,True,3629.7985152984975,259.2713225213212,14198.992576492488,121,115,14,0,0.08952079201117158,,,,
annex,random,5157,v3_origin20,hash,0,14,14,True,3764.454313985063,268.8895938560759,14097.271569925315,147,140,14,0,0.10835041699465364,,,,
annex,random,5158,joint,hash,0,12,12,True,3409.5334488917492,284.12778740764577,12452.667244458746,145,134,12,0,0.024583916005212814,,,,
annex,random,5158,optical,hash,0,12,12,True,2866.976791202581,238.91473260021507,10784.883956012904,109,105,12,0,0.07815933300298639,,,,
annex,random,5158,phased,hash,0,12,12,True,4055.7160454085624,337.9763371173802,14963.580227042812,168,163,12,0,0.020227458007866517,,,,
annex,random,5158,v2,hash,0,12,12,True,2898.15340293989,241.51278357832416,10430.76701469945,126,122,12,0,0.21664079200127162,,,,
annex,random,5158,v3,hash,0,12,12,True,2873.898855381388,239.4915712817823,10664.49427690694,114,111,12,0,0.06402533300570212,,,,
annex,random,5158,v3_origin20,hash,0,12,12,True,3005.5138311996307,250.45948593330255,10702.569155998153,135,130,12,0,0.0894737089984119,,,,
annex,random,5159,joint,hash,0,16,16,True,3804.936858267878,237.80855364174238,15194.68429133939,118,96,16,0,0.0320967499865219,,,,
annex,random,5159,optical,hash,0,16,16,True,3722.877818233155,232.67986363957218,14509.389091165775,124,115,18,2,0.15824304200941697,,,,
annex,random,5159,phased,hash,0,16,16,True,4747.205142548764,296.70032140929777,18206.025712743824,173,161,16,0,0.030946249986300245,,,,
annex,random,5159,v2,hash,0,16,16,True,3666.7204562373886,229.1700285148368,14408.602281186942,119,110,16,0,0.25768295899615623,,,,
annex,random,5159,v3,hash,0,16,16,True,3735.004169343839,233.43776058398993,14445.020846719195,129,121,16,0,0.11956066699349321,,,,
annex,random,5159,v3_origin20,hash,0,16,16,True,3609.603885930371,225.60024287064817,14128.019429651853,119,109,16,0,0.10829375000321306,,,,
annex,random,5160,joint,hash,0,15,15,True,3551.4459830350747,236.76306553567164,13342.229915175374,138,118,15,0,0.03214041699538939,,,,
annex,random,5160,optical,hash,0,15,15,True,2981.5956245739503,198.77304163826335,11112.978122869752,114,108,17,2,0.1010821660165675,,,,
annex,random,5160,phased,hash,0,15,15,True,4172.166919034505,278.14446126896695,15540.834595172522,165,164,15,0,0.023052165983244777,,,,
annex,random,5160,v2,hash,0,15,15,True,3069.5661378161635,204.63774252107757,11027.830689080818,133,124,15,0,0.2408665000111796,,,,
annex,random,5160,v3,hash,0,15,15,True,2982.458411938076,198.83056079587175,10997.29205969038,119,113,15,0,0.08005887499894015,,,,
annex,random,5160,v3_origin20,hash,0,15,15,True,3230.1721982492386,215.3448132166159,11260.860991246192,152,143,15,0,0.13105491700116545,,,,
annex,random,5161,joint,hash,0,12,12,True,3396.861640458539,283.07180337154495,12764.308202292696,133,119,12,0,0.02155683300225064,,,,
annex,random,5161,optical,hash,0,12,12,True,3070.595878713342,255.88298989277848,11092.97939356671,132,129,13,1,0.07801512500736862,,,,
annex,random,5161,phased,hash,0,12,12,True,3946.3708419144195,328.86423682620165,14461.854209572099,166,164,12,0,0.01879762500175275,,,,
annex,random,5161,v2,hash,0,12,12,True,3223.6612848079167,268.6384404006597,11603.306424039583,141,138,12,0,0.23523700001533143,,,,
annex,random,5161,v3,hash,0,12,12,True,3091.6830187930614,257.64025156608847,11088.415093965306,137,129,12,0,0.08813733400893398,,,,
annex,random,5161,v3_origin20,hash,0,12,12,True,3130.753006909203,260.89608390910024,11148.765034546015,141,136,12,0,0.10911108300206251,,,,
annex,random,5162,joint,hash,0,15,15,True,3792.242040803219,252.81613605354792,14521.210204016095,139,118,15,0,0.0361738339997828,,,,
annex,random,5162,optical,hash,0,15,15,True,3148.2525507606147,209.88350338404098,12076.262753803074,109,104,18,3,0.10428379199584015,,,,
annex,random,5162,phased,hash,0,15,15,True,4309.616092660046,287.3077395106697,16113.080463300232,169,167,15,0,0.026855707983486354,,,,
annex,random,5162,v2,hash,0,15,15,True,3364.4378413969416,224.29585609312943,12387.189206984709,136,132,15,0,0.39296054097940214,,,,
annex,random,5162,v3,hash,0,15,15,True,3136.588476670249,209.10589844468325,11862.942383351245,116,109,15,0,0.23916316701797768,,,,
annex,random,5162,v3_origin20,hash,0,15,15,True,3413.6267748547643,227.57511832365097,12633.13387427382,136,132,15,0,0.11965837501338683,,,,
annex,random,5163,joint,hash,0,15,15,True,4178.503924295402,278.5669282863601,16427.519621477008,140,118,15,0,0.029729832982411608,,,,
annex,random,5163,optical,hash,0,15,15,True,3686.7265241330365,245.78176827553577,14358.632620665183,123,119,17,2,0.14180820900946856,,,,
annex,random,5163,phased,hash,0,15,15,True,4855.8117678440085,323.7207845229339,18634.05883922004,177,169,15,0,0.026729665987659246,,,,
annex,random,5163,v2,hash,0,15,15,True,3741.805078706432,249.45367191376215,14324.025393532162,135,127,15,0,0.2671029999910388,,,,
annex,random,5163,v3,hash,0,15,15,True,3699.018917932534,246.60126119550225,14315.094589662669,128,121,15,0,0.11067829202511348,,,,
annex,random,5163,v3_origin20,hash,0,15,15,True,3714.79659748127,247.65310649875133,14168.98298740635,136,126,15,0,0.13920595799572766,,,,
annex,random,5164,joint,hash,0,11,11,True,2973.1449041887145,270.2859003807922,10795.724520943573,129,114,11,0,0.031372792000183836,,,,
annex,random,5164,optical,hash,0,11,11,True,2986.025698890988,271.4568817173626,11200.12849445494,116,111,11,0,0.10637412499636412,,,,
annex,random,5164,phased,hash,0,11,11,True,4005.7037092820765,364.15488266200697,14813.518546410382,165,163,11,0,0.023013332975097,,,,
annex,random,5164,v2,hash,0,11,11,True,2933.2125301168667,266.65568455607877,10481.062650584334,131,127,11,0,0.2234805409971159,,,,
annex,random,5164,v3,hash,0,11,11,True,3001.344747235401,272.84952247594555,11121.723736177006,121,117,11,0,0.07862608399591409,,,,
annex,random,5164,v3_origin20,hash,0,11,11,True,2947.8010705165248,267.9819155015023,10464.005352582624,134,130,11,0,0.10661366701242514,,,,
annex,random,5165,joint,hash,0,15,15,True,3578.839374110928,238.5892916073952,13599.19687055464,134,114,15,0,0.02985104199615307,,,,
annex,random,5165,optical,hash,0,15,15,True,3384.0657815453364,225.60438543635576,13050.328907726682,116,113,17,2,0.1217058329784777,,,,
annex,random,5165,phased,hash,0,15,15,True,4552.918457863631,303.52789719090873,17219.592289318156,174,164,15,0,0.029206416016677395,,,,
annex,random,5165,v2,hash,0,15,15,True,3279.542584311831,218.6361722874554,12492.712921559156,118,116,15,0,0.3068997079972178,,,,
annex,random,5165,v3,hash,0,15,15,True,3399.1106897657637,226.60737931771757,13020.55344882882,121,115,15,0,0.10198370800935663,,,,
annex,random,5165,v3_origin20,hash,0,15,15,True,3323.132893316856,221.5421928877904,12595.664466584281,122,119,15,0,0.1267223750182893,,,,
annex,random,5166,joint,hash,0,16,16,True,3900.035547971804,243.75222174823776,15750.17773985902,116,90,16,0,0.040800707996822894,,,,
annex,random,5166,optical,hash,0,16,16,True,3183.023689814311,198.93898061339445,12575.118449071557,98,92,18,2,0.11840350000420585,,,,
annex,random,5166,phased,hash,0,16,16,True,4193.72583750848,262.10786484428,16388.6291875424,142,126,16,0,0.03728195797884837,,,,
annex,random,5166,v2,hash,0,16,16,True,3414.0414539122407,213.37759086951505,13160.207269561204,118,112,16,0,0.4130717499938328,,,,
annex,random,5166,v3,hash,0,16,16,True,3244.3492556695805,202.77182847934878,12581.746278347902,109,103,16,0,0.09712258301442489,,,,
annex,random,5166,v3_origin20,hash,0,16,16,True,3373.2534678803154,210.8283417425197,13021.267339401576,116,109,16,0,0.1434204580145888,,,,
annex,random,5167,joint,hash,0,12,12,True,3780.8271506466494,315.06892922055414,14374.135753233248,145,121,12,0,0.030702791002113372,,,,
annex,random,5167,optical,hash,0,12,12,True,3299.6115540096694,274.9676295008058,12698.057770048346,117,112,13,1,0.1161259580112528,,,,
annex,random,5167,phased,hash,0,12,12,True,4128.097068304122,344.0080890253435,15315.485341520613,168,165,12,0,0.02251524999155663,,,,
annex,random,5167,v2,hash,0,12,12,True,3167.79080991124,263.9825674926033,11403.9540495562,139,132,12,0,0.2689460830006283,,,,
annex,random,5167,v3,hash,0,12,12,True,3267.619296851598,272.3016080709665,12288.096484257989,126,120,12,0,0.11122133300523274,,,,
annex,random,5167,v3_origin20,hash,0,12,12,True,3084.827835331157,257.0689862775964,11134.139176655786,134,128,12,0,0.11309870801051147,,,,
annex,random,5168,joint,hash,0,12,12,True,3771.582512232661,314.2985426860551,14362.912561163304,143,124,12,0,0.027079541992861778,,,,
annex,random,5168,optical,hash,0,12,12,True,3156.316019680809,263.02633497340076,11956.580098404045,118,115,12,0,0.11775070897419937,,,,
annex,random,5168,phased,hash,0,12,12,True,4162.591342062664,346.8826118385553,15412.95671031332,171,165,12,0,0.0281114169920329,,,,
annex,random,5168,v2,hash,0,12,12,True,3380.1614804069927,281.6801233672494,12405.807402034963,141,134,12,0,0.22944587498204783,,,,
annex,random,5168,v3,hash,0,12,12,True,3169.6050298357745,264.13375248631456,11878.025149178873,123,119,12,0,0.10658883300493471,,,,
annex,random,5168,v3_origin20,hash,0,12,12,True,3384.37020072435,282.0308500603625,12486.85100362175,139,132,12,0,0.11929879200761206,,,,
annex,random,5169,joint,hash,0,12,12,True,3831.280225689426,319.2733521407855,14686.40112844713,143,119,12,0,0.03200024997931905,,,,
annex,random,5169,optical,hash,0,12,12,True,3322.9807829477686,276.9150652456474,12429.903914738843,130,124,13,1,0.10709458301425911,,,,
annex,random,5169,phased,hash,0,12,12,True,4422.585903185939,368.54882526549494,16667.929515929696,173,164,12,0,0.023523540992755443,,,,
annex,random,5169,v2,hash,0,12,12,True,3349.849535392229,279.1541279493524,12234.247676961146,141,138,12,0,0.2251584590121638,,,,
annex,random,5169,v3,hash,0,12,12,True,3343.89139124552,278.65761593712665,12369.456956227601,136,130,12,0,0.09208454200415872,,,,
annex,random,5169,v3_origin20,hash,0,12,12,True,3350.2303474728733,279.1858622894061,12126.151737364367,145,140,12,0,0.11589208300574683,,,,
annex,random,5170,joint,hash,0,12,12,True,3180.4685843951556,265.0390486995963,11607.342921975778,136,119,12,0,0.02709341701120138,,,,
annex,random,5170,optical,hash,0,12,12,True,3042.998378348787,253.58319819573225,11374.991891743934,118,115,13,1,0.09769962498103268,,,,
annex,random,5170,phased,hash,0,12,12,True,3932.5108680031453,327.70923900026213,14452.554340015728,164,162,12,0,0.020901957992464304,,,,
annex,random,5170,v2,hash,0,12,12,True,2998.985768307601,249.9154806923001,10599.928841538005,137,134,12,0,0.2483521250251215,,,,
annex,random,5170,v3,hash,0,12,12,True,3035.137604717239,252.92813372643658,11255.688023586195,121,119,12,0,0.08512624999275431,,,,
annex,random,5170,v3_origin20,hash,0,12,12,True,3091.8893508684696,257.6574459057058,10449.446754342347,158,152,12,0,0.13189650001004338,,,,
annex,random,5171,joint,hash,0,14,14,True,3472.5613864195534,248.0400990299681,13272.806932097767,128,108,14,0,0.030149500002153218,,,,
annex,random,5171,optical,hash,0,14,14,True,3131.2341110027346,223.65957935733817,12261.170555013672,102,99,14,0,0.1215166249894537,,,,
annex,random,5171,phased,hash,0,14,14,True,4235.195068204582,302.5139334431844,15805.975341022908,168,164,14,0,0.02581241598818451,,,,
annex,random,5171,v2,hash,0,14,14,True,3287.9005033539834,234.85003595385595,12089.502516769917,134,130,14,0,0.2985734170069918,,,,
annex,random,5171,v3,hash,0,14,14,True,3131.2750754596555,223.6625053899754,12176.375377298278,105,101,14,0,0.11123858398059383,,,,
annex,random,5171,v3_origin20,hash,0,14,14,True,3175.3339937984356,226.80957098560253,11471.669968992179,136,131,14,0,0.12196233400027268,,,,
annex,random,5172,joint,hash,0,15,15,True,3226.24207440412,215.08280496027467,11966.210372020601,129,113,15,0,0.03200429098797031,,,,
annex,random,5172,optical,hash,0,15,15,True,3055.041263604053,203.6694175736035,11230.206318020264,122,118,17,2,0.12268699999549426,,,,
annex,random,5172,phased,hash,0,15,15,True,4195.8614179642045,279.72409453094696,15584.307089821023,168,164,15,0,0.0272116249834653,,,,
annex,random,5172,v2,hash,0,15,15,True,2856.727308175892,190.44848721172613,9833.63654087946,137,130,15,0,0.26778599998215213,,,,
annex,random,5172,v3,hash,0,15,15,True,3062.294819992395,204.15298799949298,11111.474099961973,129,120,15,0,0.09742183398338966,,,,
annex,random,5172,v3_origin20,hash,0,15,15,True,2917.6155131868463,194.5077008791231,10043.07756593423,140,134,15,0,0.1336437500140164,,,,
annex,random,5173,joint,hash,0,12,12,True,3434.4481132372844,286.20400943644034,12722.240566186421,142,120,12,0,0.029363000008743256,,,,
annex,random,5173,optical,hash,0,12,12,True,2900.6246702825447,241.71872252354538,10673.123351412723,117,115,14,2,0.08198620899929665,,,,
annex,random,5173,phased,hash,0,12,12,True,3902.4400436545484,325.20333697121237,14297.200218272741,164,163,12,0,0.02283520801574923,,,,
annex,random,5173,v2,hash,0,12,12,True,3168.894082697022,264.0745068914185,11444.470413485109,138,130,12,0,0.22087558399653062,,,,
annex,random,5173,v3,hash,0,12,12,True,2925.4054985847515,243.78379154872928,10747.027492923757,120,116,12,0,0.06712266700924374,,,,
annex,random,5173,v3_origin20,hash,0,12,12,True,3092.3483625145445,257.695696876212,11231.741812572722,132,126,12,0,0.10333283399813809,,,,
annex,random,5174,joint,hash,0,12,12,True,3051.853558810034,254.32112990083616,11174.267794050169,128,117,12,0,0.027051332988776267,,,,
annex,random,5174,optical,hash,0,12,12,True,2761.8089617368214,230.15074681140177,9869.044808684108,122,115,13,1,0.12249470798997208,,,,
annex,random,5174,phased,hash,0,12,12,True,3865.6513959880313,322.13761633233594,14178.256979940155,162,160,12,0,0.02048058301443234,,,,
annex,random,5174,v2,hash,0,12,12,True,2901.150885601288,241.76257380010733,10290.75442800644,131,128,12,0,0.2393488329835236,,,,
annex,random,5174,v3,hash,0,12,12,True,2761.577529853458,230.13146082112152,9817.88764926729,124,118,12,0,0.08818070800043643,,,,
annex,random,5174,v3_origin20,hash,0,12,12,True,2824.4370845234207,235.3697570436184,9417.185422617104,148,141,12,0,0.10851199997705407,,,,
annex,random,5175,joint,hash,0,16,16,True,4000.402175400715,250.02513596254468,15907.010877003575,128,99,16,0,0.03627845898154192,,,,
annex,random,5175,optical,hash,0,16,16,True,3430.262369486946,214.39139809293414,13246.311847434732,116,115,18,2,0.1458690419967752,,,,
annex,random,5175,phased,hash,0,16,16,True,4325.314593047971,270.3321620654982,16661.57296523986,153,148,16,0,0.0282886250060983,,,,
annex,random,5175,v2,hash,0,16,16,True,3511.7421213933862,219.48388258708664,13468.710606966932,124,118,16,0,0.39942241698736325,,,,
annex,random,5175,v3,hash,0,16,16,True,3445.3693264127296,215.3355829007956,13131.846632063647,124,119,16,0,0.13682941702427343,,,,
annex,random,5175,v3_origin20,hash,0,16,16,True,3486.0574101575403,217.87858813484627,13330.287050787701,124,120,16,0,0.19476708301226608,,,,
annex,random,5176,joint,hash,0,16,16,True,3786.1585297619254,236.63490811012034,14660.792648809627,132,114,16,0,0.044050583004718646,,,,
annex,random,5176,optical,hash,0,16,16,True,3257.90793069347,203.61924566834188,12724.53965346735,105,99,19,3,0.11012366699287668,,,,
annex,random,5176,phased,hash,0,16,16,True,4395.962749868288,274.747671866768,16424.81374934144,173,166,16,0,0.03167420899262652,,,,
annex,random,5176,v2,hash,0,16,16,True,3367.296179733411,210.4560112333382,12611.480898667056,128,125,16,0,0.3430270419921726,,,,
annex,random,5176,v3,hash,0,16,16,True,3194.1605773773663,199.6350360860854,12210.802886886831,113,107,16,0,0.09289100000751205,,,,
annex,random,5176,v3_origin20,hash,0,16,16,True,3198.21141253361,199.88821328335064,11776.057062668051,128,123,16,0,0.11651700001675636,,,,
annex,random,5177,joint,hash,0,15,15,True,3988.631402400993,265.9087601600662,15638.157012004966,136,106,15,0,0.028535457997350022,,,,
annex,random,5177,optical,hash,0,15,15,True,3451.1588252552474,230.07725501701648,13615.794126276238,110,100,16,1,0.11389587499434128,,,,
annex,random,5177,phased,hash,0,15,15,True,4668.366284217592,311.22441894783947,17756.831421087958,175,167,15,0,0.02599966700654477,,,,
annex,random,5177,v2,hash,0,15,15,True,3765.219918698486,251.0146612465657,13996.099593492429,149,146,15,0,0.25175520800985396,,,,
annex,random,5177,v3,hash,0,15,15,True,3552.3979886008506,236.82653257339004,13926.989943004253,117,107,15,0,0.09989716700511053,,,,
annex,random,5177,v3_origin20,hash,0,15,15,True,3657.511196266067,243.83407975107113,13437.555981330335,150,145,15,0,0.10417637499631383,,,,
annex,random,5178,joint,hash,0,13,13,True,3407.9830182361443,262.1525398643188,12969.915091180721,127,114,13,0,0.022483166976599023,,,,
annex,random,5178,optical,hash,0,13,13,True,3013.652940878257,231.81945699063516,11583.264704391286,106,102,13,0,0.1094152080186177,,,,
annex,random,5178,phased,hash,0,13,13,True,3971.8704221132257,305.5284940087097,14619.35211056613,164,163,13,0,0.021851958008483052,,,,
annex,random,5178,v2,hash,0,13,13,True,2985.278984819183,229.63684498609098,11061.394924095914,119,113,13,0,0.2172692080202978,,,,
annex,random,5178,v3,hash,0,13,13,True,3060.3286572974903,235.40989671519156,11691.643286487451,110,107,13,0,0.08563854199019261,,,,
annex,random,5178,v3_origin20,hash,0,13,13,True,2989.7514937768287,229.98088413667912,11108.757468884143,118,113,13,0,0.08949233399471268,,,,
annex,random,5179,joint,hash,0,14,14,True,3548.752092510723,253.4822923221945,13468.760462553613,134,115,14,0,0.03193479200126603,,,,
annex,random,5179,optical,hash,0,14,14,True,2947.8012192817273,210.5572299486948,11284.006096408637,104,98,15,1,0.10310766700422391,,,,
annex,random,5179,phased,hash,0,14,14,True,4073.2864675614574,290.949033397247,15046.432337807286,166,164,14,0,0.02766391698969528,,,,
annex,random,5179,v2,hash,0,14,14,True,3140.0074085905517,224.2862434707537,10970.03704295276,147,141,14,0,0.2808907500002533,,,,
annex,random,5179,v3,hash,0,14,14,True,2984.950701544246,213.21076439601757,11239.75350772123,112,107,14,0,0.08661258398205973,,,,
annex,random,5179,v3_origin20,hash,0,14,14,True,3095.3090636169504,221.09350454406788,10671.545318084753,150,141,14,0,0.13734600000316277,,,,
annex,random,5180,joint,hash,0,13,13,True,3338.8387865796353,256.8337528138181,12509.193932898177,131,117,13,0,0.03388937498675659,,,,
annex,random,5180,optical,hash,0,13,13,True,3164.5145698730644,243.42419768254342,11512.572849365322,132,128,16,3,0.1397484170156531,,,,
annex,random,5180,phased,hash,0,13,13,True,4119.899342300102,316.91533402308477,15294.496711500511,167,161,13,0,0.025136834010481834,,,,
annex,random,5180,v2,hash,0,13,13,True,3188.9602453925345,245.30463426096418,11204.801226962672,148,143,13,0,0.318359083001269,,,,
annex,random,5180,v3,hash,0,13,13,True,3171.0976768781966,243.93059052909206,11490.488384390983,135,133,13,0,0.139489000022877,,,,
annex,random,5180,v3_origin20,hash,0,13,13,True,3099.5869373389505,238.4297644106885,10812.934686694753,146,142,13,0,0.14207745902240276,,,,
annex,random,5181,joint,hash,0,10,10,True,3692.9081952575425,369.2908195257543,13959.540976287712,146,121,10,0,0.034019165992503986,,,,
annex,random,5181,optical,hash,0,10,10,True,3186.1469165121957,318.6146916512196,12035.73458256098,121,118,12,2,0.092158291983651,,,,
annex,random,5181,phased,hash,0,10,10,True,4111.36240650073,411.136240650073,15361.812032503649,165,164,10,0,0.017889416980324313,,,,
annex,random,5181,v2,hash,0,10,10,True,3277.1125697230864,327.71125697230866,12005.562848615433,139,131,10,0,0.18364370800554752,,,,
annex,random,5181,v3,hash,0,10,10,True,3182.8922583911035,318.2892258391104,11999.461291955518,123,118,10,0,0.07022591601707973,,,,
annex,random,5181,v3_origin20,hash,0,10,10,True,3271.5502627531077,327.1550262753108,12022.751313765539,137,132,10,0,0.08797266698093154,,,,
annex,random,5182,joint,hash,0,10,10,True,2950.3110043068255,295.03110043068256,10471.555021534126,137,121,10,0,0.020858624979155138,,,,
annex,random,5182,optical,hash,0,10,10,True,2652.3810810910813,265.2381081091081,9446.905405455407,119,115,11,1,0.08754212499479763,,,,
annex,random,5182,phased,hash,0,10,10,True,3815.0455625616514,381.50455625616513,13975.227812808258,162,160,10,0,0.01747474999865517,,,,
annex,random,5182,v2,hash,0,10,10,True,2810.0522024758134,281.00522024758135,9160.261012379067,155,153,10,0,0.16134804100147448,,,,
annex,random,5182,v3,hash,0,10,10,True,2678.6456350066064,267.86456350066067,9463.228175033033,123,121,10,0,0.07217812500311993,,,,
annex,random,5182,v3_origin20,hash,0,10,10,True,2766.3319137584685,276.6331913758469,9066.659568792342,151,148,10,0,0.09712616601609625,,,,
annex,random,5183,joint,hash,0,14,14,True,3293.550173737772,235.2535838384123,12437.750868688861,125,111,14,0,0.034964874997967854,,,,
annex,random,5183,optical,hash,0,14,14,True,3109.913251806267,222.13666084330478,11744.566259031335,116,108,15,1,0.12114150001434609,,,,
annex,random,5183,phased,hash,0,14,14,True,4322.412069346735,308.7437192390525,16377.060346733675,163,162,14,0,0.02999037498375401,,,,
annex,random,5183,v2,hash,0,14,14,True,3124.7083855219184,223.19345610870846,11193.541927609593,137,131,14,0,0.29454733300372027,,,,
annex,random,5183,v3,hash,0,14,14,True,3143.8585727038217,224.56132662170154,11794.29286351911,120,115,14,0,0.09804108398384415,,,,
annex,random,5183,v3_origin20,hash,0,14,14,True,3107.2188260917014,221.94420186369297,11106.094130458507,137,131,14,0,0.12389054198865779,,,,
annex,random,5184,joint,hash,0,16,16,True,3540.6698041959426,221.2918627622464,13593.349020979713,128,102,16,0,0.036430333013413474,,,,
annex,random,5184,optical,hash,0,16,16,True,3338.5628370894096,208.6601773180881,13107.814185447049,107,99,17,1,0.13470933301141486,,,,
annex,random,5184,phased,hash,0,16,16,True,4246.049504073215,265.3780940045759,16310.247520366074,152,144,16,0,0.029217665985925123,,,,
annex,random,5184,v2,hash,0,16,16,True,3180.9283482834326,198.80802176771454,11809.641741417163,124,119,16,0,0.3310890829889104,,,,
annex,random,5184,v3,hash,0,16,16,True,3361.357891966978,210.08486824793613,13101.78945983489,111,106,16,0,0.11001395800849423,,,,
annex,random,5184,v3_origin20,hash,0,16,16,True,3408.263775487467,213.01648596796667,12981.318877437334,123,117,16,0,0.1203899999964051,,,,
annex,random,5185,joint,hash,0,11,11,True,3542.8001382553275,322.0727398413934,13444.000691276637,136,119,11,0,0.0283752910036128,,,,
annex,random,5185,optical,hash,0,11,11,True,2972.002803349618,270.18207303178343,11060.01401674809,118,112,12,1,0.10126024999772198,,,,
annex,random,5185,phased,hash,0,11,11,True,4110.726242109301,373.7023856463001,15368.631210546504,164,162,11,0,0.02036595798563212,,,,
annex,random,5185,v2,hash,0,11,11,True,2997.63678626783,272.51243511525723,10958.18393133915,126,121,11,0,0.27901758399093524,,,,
annex,random,5185,v3,hash,0,11,11,True,2993.460060157756,272.1327327416142,10997.300300788778,124,119,11,0,0.10658495800453238,,,,
annex,random,5185,v3_origin20,hash,0,11,11,True,3008.276079700569,273.4796436091426,10921.380398502844,129,124,11,0,0.17791399999987334,,,,
annex,random,5186,joint,hash,0,16,16,True,3763.991350254845,235.24945939092783,14549.956751274227,133,109,16,0,0.06025966600282118,,,,
annex,random,5186,optical,hash,0,16,16,True,3408.6086271375166,213.0380391960948,13013.043135687583,121,112,19,3,0.28220374998636544,,,,
annex,random,5186,phased,hash,0,16,16,True,4576.811633088946,286.05072706805913,17534.05816544473,168,150,16,0,0.06187658401904628,,,,
annex,random,5186,v2,hash,0,16,16,True,3687.5171269784382,230.4698204361524,13852.585634892192,141,132,16,0,0.7253858750045765,,,,
annex,random,5186,v3,hash,0,16,16,True,3430.6769869216787,214.41731168260492,12973.384934608393,127,121,16,0,0.33705116601777263,,,,
annex,random,5186,v3_origin20,hash,0,16,16,True,3543.4576791792942,221.4661049487059,13072.28839589647,143,134,16,0,0.26768150000134483,,,,
annex,random,5187,joint,hash,0,14,14,True,3243.1295223531756,231.65210873951256,11595.647611765879,145,129,14,0,0.05889570800354704,,,,
annex,random,5187,optical,hash,0,14,14,True,2807.463275957985,200.53309113985605,10237.316379789925,114,111,17,3,0.18986033299006522,,,,
annex,random,5187,phased,hash,0,14,14,True,4111.471156892024,293.67651120657314,15117.35578446012,171,163,14,0,0.04932833299972117,,,,
annex,random,5187,v2,hash,0,14,14,True,3021.9951196339466,215.8567942595676,10259.975598169733,151,145,14,0,0.8969892500026617,,,,
annex,random,5187,v3,hash,0,14,14,True,2751.7069209610886,196.55049435436348,9923.534604805443,117,112,14,0,0.3195683330122847,,,,
annex,random,5187,v3_origin20,hash,0,14,14,True,2896.8781345990433,206.91986675707452,10139.390672995216,134,129,14,0,0.4390509169897996,,,,
annex,random,5188,joint,hash,0,14,14,True,3365.0331428084974,240.35951020060696,12745.165714042487,127,111,14,0,0.05237983400002122,,,,
annex,random,5188,optical,hash,0,14,14,True,2841.050937294936,202.93220980678115,10320.25468647468,118,114,15,1,0.1977752499806229,,,,
annex,random,5188,phased,hash,0,14,14,True,3980.2591704213623,284.3042264586687,14601.295852106812,166,160,14,0,0.04803458400419913,,,,
annex,random,5188,v2,hash,0,14,14,True,2965.9729244896484,211.85520889211776,10219.864622448242,143,137,14,0,0.3731807080039289,,,,
annex,random,5188,v3,hash,0,14,14,True,3167.4072650653684,226.24337607609775,11627.036325326842,130,122,14,0,0.15360316701116972,,,,
annex,random,5188,v3_origin20,hash,0,14,14,True,2756.24989159884,196.87499225706,9346.2494579942,137,132,14,0,0.24861179199069738,,,,
annex,random,5189,joint,hash,0,10,10,True,3195.3333673875068,319.5333367387507,11556.666836937535,142,124,10,0,0.02818812499754131,,,,
annex,random,5189,optical,hash,0,10,10,True,2713.5752081911596,271.35752081911596,9657.876040955798,123,117,10,0,0.09454824999556877,,,,
annex,random,5189,phased,hash,0,10,10,True,3761.659018379237,376.1659018379237,13573.295091896183,167,162,10,0,0.025613958976464346,,,,
annex,random,5189,v2,hash,0,10,10,True,2739.593566166539,273.9593566166539,9117.967830832695,145,141,10,0,0.23984016600297764,,,,
annex,random,5189,v3,hash,0,10,10,True,2747.34660650087,274.734660650087,9666.733032504351,128,124,10,0,0.09819925000192598,,,,
annex,random,5189,v3_origin20,hash,0,10,10,True,2703.4322535537094,270.3432253553709,8892.161267768546,147,140,10,0,0.12494533398421481,,,,
annex,random,5190,joint,hash,0,13,13,True,3575.4904551654727,275.03772732042097,13372.452275827363,143,121,13,0,0.038018374994862825,,,,
annex,random,5190,optical,hash,0,13,13,True,3184.469812564231,244.95921635109468,11992.349062821155,120,115,15,2,0.14764300000388175,,,,
annex,random,5190,phased,hash,0,13,13,True,4262.389803663571,327.8761387433516,15916.949018317855,170,164,13,0,0.03631312499055639,,,,
annex,random,5190,v2,hash,0,13,13,True,3262.9546207379844,250.99650928753726,11614.773103689922,147,140,13,0,0.4247680830012541,,,,
annex,random,5190,v3,hash,0,13,13,True,3265.354795114753,251.18113808575023,12206.773975573766,128,119,13,0,0.1437097919988446,,,,
annex,random,5190,v3_origin20,hash,0,13,13,True,3272.045099765532,251.69577690504093,11665.22549882766,147,139,13,0,0.17579812501207925,,,,
annex,random,5191,joint,hash,0,15,15,True,3591.633938956302,239.4422625970868,13753.169694781509,131,111,15,0,0.039306582999415696,,,,
annex,random,5191,optical,hash,0,15,15,True,3072.6171263211845,204.84114175474562,11668.085631605922,111,106,16,1,0.2619931669905782,,,,
annex,random,5191,phased,hash,0,15,15,True,4393.33387289941,292.8889248599607,16551.66936449705,169,163,15,0,0.033675083017442375,,,,
annex,random,5191,v2,hash,0,15,15,True,3296.183637289779,219.74557581931862,12530.918186448896,120,115,15,0,0.34922262499458157,,,,
annex,random,5191,v3,hash,0,15,15,True,3091.8868023092095,206.12578682061397,11624.434011546047,116,112,15,0,0.1464783750125207,,,,
annex,random,5191,v3_origin20,hash,0,15,15,True,3154.0819146985464,210.27212764656977,11850.409573492732,119,114,15,0,0.13556612498359755,,,,
annex,random,5192,joint,hash,0,16,16,True,4034.5180328332103,252.15737705207565,15877.590164166051,135,104,16,0,0.038545833027455956,,,,
annex,random,5192,optical,hash,0,16,16,True,3560.9100390708836,222.55687744193023,14024.550195354417,114,106,16,0,0.18867199998931028,,,,
annex,random,5192,phased,hash,0,16,16,True,4512.025337847811,282.0015836154882,17160.126689239056,168,160,16,0,0.03698183401138522,,,,
annex,random,5192,v2,hash,0,16,16,True,3441.394637584236,215.08716484901475,12931.973187921181,130,125,16,0,0.34857691699289717,,,,
annex,random,5192,v3,hash,0,16,16,True,3584.964729454148,224.06029559088424,14074.82364727074,117,105,16,0,0.11139779101358727,,,,
annex,random,5192,v3_origin20,hash,0,16,16,True,3435.7936162445617,214.7371010152851,12738.968081222809,136,128,16,0,0.2021271660050843,,,,
annex,random,5193,joint,hash,0,13,13,True,3987.037424508252,306.6951865006348,15740.18712254126,132,114,13,0,0.05344195899670012,,,,
annex,random,5193,optical,hash,0,13,13,True,3442.6536741178325,264.8195133936794,13343.268370589163,119,114,13,0,0.12476687500020489,,,,
annex,random,5193,phased,hash,0,13,13,True,4435.92277889437,341.2248291457208,16679.61389447185,174,165,13,0,0.026795374986249954,,,,
annex,random,5193,v2,hash,0,13,13,True,3644.2486558270793,280.3268196790061,13911.243279135397,134,127,13,0,0.27078833398991264,,,,
annex,random,5193,v3,hash,0,13,13,True,3472.733966569499,267.1333820438076,13253.669832847494,127,122,13,0,0.10016616698703729,,,,
annex,random,5193,v3_origin20,hash,0,13,13,True,3622.4231144194678,278.6479318784206,13742.115572097338,136,129,13,0,0.12775212500127964,,,,
annex,random,5194,joint,hash,0,16,16,True,3979.783545444735,248.73647159029593,16118.917727223674,117,91,16,0,0.03041483400738798,,,,
annex,random,5194,optical,hash,0,16,16,True,3196.1173552286837,199.75733470179273,12655.586776143418,98,95,16,0,0.1352382919867523,,,,
annex,random,5194,phased,hash,0,16,16,True,3895.73162695701,243.48322668481313,15188.65813478505,131,123,16,0,0.023418791010044515,,,,
annex,random,5194,v2,hash,0,16,16,True,3404.2016310575627,212.76260194109767,12941.008155287813,123,121,16,0,0.3834439589991234,,,,
annex,random,5194,v3,hash,0,16,16,True,3221.3409319039756,201.33380824399848,12576.704659519879,105,101,16,0,0.10864145797677338,,,,
annex,random,5194,v3_origin20,hash,0,16,16,True,3418.3893967819054,213.64933729886909,12296.946983909527,147,144,16,0,0.1254465420206543,,,,
annex,random,5195,joint,hash,0,14,14,True,3693.312164077808,263.8080117198434,14036.56082038904,140,116,14,0,0.03601416700985283,,,,
annex,random,5195,optical,hash,0,14,14,True,3447.21040681248,246.22931477232,13321.0520340624,118,114,17,3,0.13374187500448897,,,,
annex,random,5195,phased,hash,0,14,14,True,4404.993423868618,314.642387419187,16584.96711934309,170,168,14,0,0.031174041010672227,,,,
annex,random,5195,v2,hash,0,14,14,True,3431.9276415032923,245.1376886788066,12229.638207516462,153,151,14,0,0.290093124989653,,,,
annex,random,5195,v3,hash,0,14,14,True,3458.9777936721016,247.06984240515013,13274.888968360508,123,119,14,0,0.08065745802014135,,,,
annex,random,5195,v3_origin20,hash,0,14,14,True,3398.3396688136804,242.73854777240575,12091.698344068402,152,150,14,0,0.112406334024854,,,,
annex,random,5196,joint,hash,0,10,10,True,3264.7655044078892,326.4765504407889,11923.827522039446,141,125,10,0,0.02274004099308513,,,,
annex,random,5196,optical,hash,0,10,10,True,2994.4445232475136,299.44445232475135,10982.222616237568,125,117,12,2,0.09092829198925756,,,,
annex,random,5196,phased,hash,0,10,10,True,4112.306326601889,411.2306326601889,15371.531633009443,165,163,10,0,0.02009649999672547,,,,
annex,random,5196,v2,hash,0,10,10,True,3089.9699574532387,308.9969957453239,11124.849787266194,137,130,10,0,0.21328904200345278,,,,
annex,random,5196,v3,hash,0,10,10,True,3001.4270020827908,300.14270020827905,10927.135010413955,129,121,10,0,0.06837216697749682,,,,
annex,random,5196,v3_origin20,hash,0,10,10,True,3099.7708236254903,309.977082362549,11113.85411812745,139,132,10,0,0.09072704199934378,,,,
annex,random,5197,joint,hash,0,11,11,True,3374.2296337254147,306.74814852049224,12186.148168627074,151,127,11,0,0.02163150001433678,,,,
annex,random,5197,optical,hash,0,11,11,True,3071.609482408493,279.2372256734994,11108.047412042466,131,128,15,4,0.07841033299337141,,,,
annex,random,5197,phased,hash,0,11,11,True,4201.654780689367,381.9686164263061,15563.273903446834,174,164,11,0,0.016838708019349724,,,,
annex,random,5197,v2,hash,0,11,11,True,3083.193394733334,280.2903086121213,10685.966973666671,149,146,11,0,0.17475695800385438,,,,
annex,random,5197,v3,hash,0,11,11,True,3036.8733591983,276.0793962907546,10939.3667959915,133,129,11,0,0.0590542089776136,,,,
annex,random,5197,v3_origin20,hash,0,11,11,True,3057.8657643868905,277.9877967624446,10594.328821934452,148,144,11,0,0.07695400001830421,,,,
annex,random,5198,joint,hash,0,15,15,True,3660.9122634558794,244.0608175637253,13919.561317279396,137,117,15,0,0.02080004202434793,,,,
annex,random,5198,optical,hash,0,15,15,True,3159.247550440811,210.61650336272075,11976.237752204057,115,111,16,1,0.07252420799341053,,,,
annex,random,5198,phased,hash,0,15,15,True,4347.959559405308,289.86397062702054,16284.797797026542,170,166,15,0,0.02051516601932235,,,,
annex,random,5198,v2,hash,0,15,15,True,3311.136700347316,220.74244668982107,12435.683501736581,126,119,15,0,0.20137216700823046,,,,
annex,random,5198,v3,hash,0,15,15,True,3117.1648124114645,207.81098749409765,11630.824062057321,120,116,15,0,0.0678917079931125,,,,
annex,random,5198,v3_origin20,hash,0,15,15,True,3165.590402419878,211.0393601613252,11712.95201209939,126,118,15,0,0.08880470800795592,,,,
annex,random,5199,joint,hash,0,16,16,True,3526.1264796319347,220.38290497699592,13530.632398159672,127,105,16,0,0.03036645898828283,,,,
annex,random,5199,optical,hash,0,16,16,True,3262.9432657941225,203.93395411213265,12449.716328970611,116,113,16,0,0.083907124993857,,,,
annex,random,5199,phased,hash,0,16,16,True,4179.138091394252,261.19613071214076,15510.69045697126,167,162,16,0,0.02067312499275431,,,,
annex,random,5199,v2,hash,0,16,16,True,3141.061272679145,196.31632954244657,11550.306363395724,126,121,16,0,0.24726775000453927,,,,
annex,random,5199,v3,hash,0,16,16,True,3301.386465888528,206.336654118033,12491.932329442641,121,118,16,0,0.07103908300632611,,,,
annex,random,5199,v3_origin20,hash,0,16,16,True,3107.740398534114,194.23377490838212,11728.701992670569,115,107,16,0,0.0736590409942437,,,,
annex,random,5200,joint,hash,0,11,11,True,3470.679554191085,315.51632310828046,12783.397770955426,146,129,11,0,0.030323708982905373,,,,
annex,random,5200,optical,hash,0,11,11,True,3053.9079360871174,277.62799418973793,11504.539680435586,117,113,11,0,0.13906466600019485,,,,
annex,random,5200,phased,hash,0,11,11,True,4225.700781365571,384.15461648777915,15808.503906827855,169,164,11,0,0.026485915994271636,,,,
annex,random,5200,v2,hash,0,11,11,True,3237.58190598701,294.3256278170009,11757.90952993505,139,136,11,0,0.31225616598385386,,,,
annex,random,5200,v3,hash,0,11,11,True,3043.7919408846838,276.70835826224396,11153.959704423418,127,123,11,0,0.054946791991824284,,,,
annex,random,5200,v3_origin20,hash,0,11,11,True,3254.126974573858,295.82972496125984,11755.634872869292,142,138,11,0,0.15205625002272427,,,,
annex,random,5201,joint,hash,0,11,11,True,3120.0871052271527,283.6442822933775,11515.435526135763,129,117,11,0,0.04427166699315421,,,,
annex,random,5201,optical,hash,0,11,11,True,3069.1063094148094,279.0096644922554,11735.531547074048,112,107,11,0,0.10089220898225904,,,,
annex,random,5201,phased,hash,0,11,11,True,4041.1425560890425,367.3765960080948,14920.712780445212,168,162,11,0,0.03279045797535218,,,,
annex,random,5201,v2,hash,0,11,11,True,2928.781708778344,266.2528826162131,10708.908543891721,123,117,11,0,0.27873570899828337,,,,
annex,random,5201,v3,hash,0,11,11,True,3093.119456578388,281.19267787076257,11690.59728289194,118,110,11,0,0.17771862499648705,,,,
annex,random,5201,v3_origin20,hash,0,11,11,True,2975.0105507412563,270.4555046128415,10680.05275370628,132,124,11,0,0.21541195799363777,,,,
annex,random,5202,joint,hash,0,10,10,True,3257.8398397702126,325.78398397702125,11979.199198851064,138,122,10,0,0.03896341600921005,,,,
annex,random,5202,optical,hash,0,10,10,True,2775.2427569127894,277.52427569127894,10221.213784563946,113,110,12,2,0.12964825000381097,,,,
annex,random,5202,phased,hash,0,10,10,True,3756.3083787821224,375.6308378782122,13591.541893910613,165,163,10,0,0.029387582995695993,,,,
annex,random,5202,v2,hash,0,10,10,True,2912.1041312792536,291.21041312792534,10400.520656396267,131,127,10,0,0.2972821669827681,,,,
annex,random,5202,v3,hash,0,10,10,True,2759.9080356243194,275.99080356243195,10154.540178121597,114,109,10,0,0.12167287501506507,,,,
annex,random,5202,v3_origin20,hash,0,10,10,True,2894.7423112134497,289.474231121345,10238.711556067248,133,132,10,0,0.12711058399872854,,,,
annex,random,5203,joint,hash,0,16,16,True,3639.932874608531,227.4958046630332,14504.664373042657,113,94,16,0,0.043882833007955924,,,,
annex,random,5203,optical,hash,0,16,16,True,3384.842766098591,211.55267288116193,12684.213830492954,128,116,20,4,0.23931800000718795,,,,
annex,random,5203,phased,hash,0,16,16,True,3882.554977219069,242.6596860761918,15112.774886095345,131,125,16,0,0.04859558297903277,,,,
annex,random,5203,v2,hash,0,16,16,True,3331.269023327124,208.20431395794526,12831.34511663562,115,110,16,0,0.37011775001883507,,,,
annex,random,5203,v3,hash,0,16,16,True,3355.8157103406716,209.73848189629197,12499.078551703358,131,121,16,0,0.14654799998970702,,,,
annex,random,5203,v3_origin20,hash,0,16,16,True,3374.046150815452,210.87788442596576,12930.230754077262,119,113,16,0,0.14421808399492875,,,,
annex,random,5204,joint,hash,0,14,14,True,3351.876195462983,239.41972824735595,12779.380977314915,124,106,14,0,0.034191708982689306,,,,
annex,random,5204,optical,hash,0,14,14,True,3348.684715465458,239.19176539038986,12643.423577327289,125,119,16,2,0.10159704100806266,,,,
annex,random,5204,phased,hash,0,14,14,True,4012.387792663182,286.59912804737013,14666.938963315912,169,164,14,0,0.030488999997032806,,,,
annex,random,5204,v2,hash,0,14,14,True,3019.5190079936956,215.67992914240682,10992.595039968477,126,121,14,0,0.22354462498333305,,,,
annex,random,5204,v3,hash,0,14,14,True,3372.1326149252213,240.86661535180153,12620.663074626107,131,123,14,0,0.10074637498473749,,,,
annex,random,5204,v3_origin20,hash,0,14,14,True,3462.4142247029204,247.3153017644943,12542.071123514603,148,144,14,0,0.11360350000904873,,,,
annex,random,5205,joint,hash,0,16,16,True,3154.6604237037927,197.16627648148705,11768.302118518965,122,111,16,0,0.03131141699850559,,,,
annex,random,5205,optical,hash,0,16,16,True,3119.775532050485,194.9859707531553,11878.877660252425,111,106,17,1,0.115194749989314,,,,
annex,random,5205,phased,hash,0,16,16,True,4084.1156815465843,255.25723009666152,15500.57840773292,152,144,16,0,0.02728025001124479,,,,
annex,random,5205,v2,hash,0,16,16,True,3232.5171960755115,202.03232475471947,11352.585980377558,148,142,16,0,0.3257304590079002,,,,
annex,random,5205,v3,hash,0,16,16,True,3183.4132678497035,198.96332924060647,11917.066339248518,121,115,16,0,0.113202167005511,,,,
annex,random,5205,v3_origin20,hash,0,16,16,True,3022.3235237871822,188.8952202366989,11201.617618935912,118,112,16,0,0.10143537502153777,,,,
annex,random,5206,joint,hash,0,15,15,True,3628.8468512720674,241.92312341813783,13714.234256360336,138,121,15,0,0.022978958004387096,,,,
annex,random,5206,optical,hash,0,15,15,True,3424.5160337121333,228.30106891414223,13202.580168560666,119,114,15,0,0.09729062500991859,,,,
annex,random,5206,phased,hash,0,15,15,True,4306.711847070806,287.1141231380537,16133.559235354027,168,165,15,0,0.02185395799460821,,,,
annex,random,5206,v2,hash,0,15,15,True,3500.633379597938,233.37555863986253,13298.16689798969,129,121,15,0,0.19261537498096004,,,,
annex,random,5206,v3,hash,0,15,15,True,3436.744989494292,229.1163326329528,13178.724947471459,122,116,15,0,0.07570858401595615,,,,
annex,random,5206,v3_origin20,hash,0,15,15,True,3367.182453959881,224.47883026399208,13015.912269799404,116,109,15,0,0.08280591599759646,,,,
annex,random,5207,joint,hash,0,16,16,True,3256.0650104503675,203.50406315314797,12770.325052251837,106,92,16,0,0.024524917011149228,,,,
annex,random,5207,optical,hash,0,16,16,True,3169.173610309871,198.07335064436694,12110.868051549356,111,106,18,2,0.10785800000303425,,,,
annex,random,5207,phased,hash,0,16,16,True,4013.990694296335,250.87441839352093,15674.953471481675,135,124,16,0,0.020216917007928714,,,,
annex,random,5207,v2,hash,0,16,16,True,3573.1303520879983,223.3206470054999,13125.651760439992,146,138,16,0,0.35018295800546184,,,,
annex,random,5207,v3,hash,0,16,16,True,3176.8207276490143,198.5512954780634,12049.103638245071,115,112,16,0,0.08928608399583027,,,,
annex,random,5207,v3_origin20,hash,0,16,16,True,3263.376495428224,203.961030964264,11806.882477141122,138,132,16,0,0.11772508401190862,,,,
annex,random,5208,joint,hash,0,15,15,True,3265.481074193328,217.6987382795552,12587.40537096664,114,103,15,0,0.026269958005286753,,,,
annex,random,5208,optical,hash,0,15,15,True,2959.6367576891907,197.30911717927938,11213.183788445955,106,100,19,4,0.1577969999925699,,,,
annex,random,5208,phased,hash,0,15,15,True,4038.1680589721855,269.211203931479,14845.840294860927,166,164,15,0,0.024331958004040644,,,,
annex,random,5208,v2,hash,0,15,15,True,3083.439210409778,205.56261402731852,11602.19605204889,115,113,15,0,0.23838566700578667,,,,
annex,random,5208,v3,hash,0,15,15,True,2944.3758794565483,196.29172529710323,10996.87939728274,113,105,15,0,0.09116079201339744,,,,
annex,random,5208,v3_origin20,hash,0,15,15,True,3160.1481586627756,210.6765439108517,11785.740793313878,122,118,15,0,0.09684541600290686,,,,
annex,random,5209,joint,hash,0,11,11,True,3459.8064521791375,314.5278592890125,12959.032260895689,139,118,11,0,0.02375991697772406,,,,
annex,random,5209,optical,hash,0,11,11,True,3193.9859034336437,290.362354857604,12279.929517168219,114,113,11,0,0.07636400000774302,,,,
annex,random,5209,phased,hash,0,11,11,True,4071.782129959211,370.1620118144737,14883.910649796055,175,165,11,0,0.02109183301217854,,,,
annex,random,5209,v2,hash,0,11,11,True,3213.7066634513735,292.1551512228521,11318.533317256868,150,145,11,0,0.18064083298668265,,,,
annex,random,5209,v3,hash,0,11,11,True,3215.2666948647766,292.29697226043425,12191.333474323883,121,117,11,0,0.08624837500974536,,,,
annex,random,5209,v3_origin20,hash,0,11,11,True,3222.2395925812825,292.9308720528439,11211.197962906414,155,150,11,0,0.1024002920021303,,,,
annex,random,5210,joint,hash,0,15,15,True,3380.7516474071754,225.38344316047835,12903.758237035876,123,110,15,0,0.04497300001094118,,,,
annex,random,5210,optical,hash,0,15,15,True,3253.4840590133467,216.89893726755645,12592.420295066733,111,102,16,1,0.2441851659968961,,,,
annex,random,5210,phased,hash,0,15,15,True,4404.713961826577,293.64759745510514,16633.569809132885,168,163,15,0,0.033423916989704594,,,,
annex,random,5210,v2,hash,0,15,15,True,3306.252690191144,220.41684601274295,12606.263450955721,119,115,15,0,0.4586486670013983,,,,
annex,random,5210,v3,hash,0,15,15,True,3286.634162528089,219.10894416853927,12578.170812640445,117,111,15,0,0.11794966700836085,,,,
annex,random,5210,v3_origin20,hash,0,15,15,True,3218.6844219746963,214.57896146497976,12198.422109873482,118,114,15,0,0.14913212502142414,,,,
annex,random,5211,joint,hash,0,16,16,True,3229.24244533843,201.82765283365188,12426.21222669215,113,99,16,0,0.05480045799049549,,,,
annex,random,5211,optical,hash,0,16,16,True,3085.4613699857264,192.8413356241079,12012.306849928631,101,95,17,1,0.12231229100143537,,,,
annex,random,5211,phased,hash,0,16,16,True,3912.005225524371,244.50032659527318,14800.026127621855,146,142,16,0,0.029135541000869125,,,,
annex,random,5211,v2,hash,0,16,16,True,3004.590497311655,187.78690608197843,11102.952486558275,118,114,16,0,0.3923142919957172,,,,
annex,random,5211,v3,hash,0,16,16,True,3099.602726375393,193.72517039846207,11973.013631876966,105,100,16,0,0.12389204101054929,,,,
annex,random,5211,v3_origin20,hash,0,16,16,True,2996.9424448727054,187.3089028045441,11089.712224363528,117,114,16,0,0.15372362500056624,,,,
annex,random,5212,joint,hash,0,15,15,True,3790.4548765935833,252.69699177290556,14437.274382967917,142,118,15,0,0.02506612500292249,,,,
annex,random,5212,optical,hash,0,15,15,True,3622.543856103889,241.50292374025926,14237.719280519446,117,112,16,1,0.09082358298473991,,,,
annex,random,5212,phased,hash,0,15,15,True,4589.971004111605,305.99806694077364,17394.855020558025,174,166,15,0,0.023988000000827014,,,,
annex,random,5212,v2,hash,0,15,15,True,3631.090068995943,242.0726712663962,13850.450344979716,132,126,15,0,0.23885424999753013,,,,
annex,random,5212,v3,hash,0,15,15,True,3643.9184104388446,242.9278940292563,14244.592052194223,121,115,15,0,0.0772714999911841,,,,
annex,random,5212,v3_origin20,hash,0,15,15,True,3376.334759814854,225.08898398765692,12456.67379907427,136,130,15,0,0.0944380419969093,,,,
annex,random,5213,joint,hash,0,13,13,True,3460.656222054987,266.20432477346054,12803.281110274937,142,125,13,0,0.02811341598862782,,,,
annex,random,5213,optical,hash,0,13,13,True,2895.635083791397,222.7411602916459,10683.175418956986,116,111,14,1,0.09713729200302623,,,,
annex,random,5213,phased,hash,0,13,13,True,4157.144607471573,319.78035442089026,15435.723037357864,168,165,13,0,0.016486957989400253,,,,
annex,random,5213,v2,hash,0,13,13,True,2980.041363500627,229.2339510385098,10600.206817503135,133,130,13,0,0.19038008301868103,,,,
annex,random,5213,v3,hash,0,13,13,True,2863.7029147672747,220.28483959748266,10308.514573836374,124,117,13,0,0.07698745897505432,,,,
annex,random,5213,v3_origin20,hash,0,13,13,True,3006.3943102812427,231.26110079086482,10581.971551406214,138,135,13,0,0.09950924999429844,,,,
annex,random,5214,joint,hash,0,13,13,True,3089.920878045243,237.68622138809562,11489.604390226215,123,112,13,0,0.02231074997689575,,,,
annex,random,5214,optical,hash,0,13,13,True,3050.6700952682077,234.66693040524675,11328.350476341038,120,117,14,1,0.07487737500923686,,,,
annex,random,5214,phased,hash,0,13,13,True,4070.890376977797,313.1454136136767,15144.451884888986,163,162,13,0,0.016711166012100875,,,,
annex,random,5214,v2,hash,0,13,13,True,3047.83975332234,234.44921179402616,10649.1987666117,143,138,13,0,0.21672408399172127,,,,
annex,random,5214,v3,hash,0,13,13,True,3062.3574426745117,235.5659571288086,11311.787213372558,123,120,13,0,0.06733291599084623,,,,
annex,random,5214,v3_origin20,hash,0,13,13,True,3052.0231886598935,234.7710145122995,10665.115943299468,143,139,13,0,0.09543924999888986,,,,
annex,random,5215,joint,hash,0,15,15,True,3544.854835068377,236.3236556712251,13559.274175341883,129,113,15,0,0.029515125002944842,,,,
annex,random,5215,optical,hash,0,15,15,True,3488.9473726177093,232.59649150784728,13289.736863088547,126,120,17,2,0.12934845901327208,,,,
annex,random,5215,phased,hash,0,15,15,True,4445.677262297126,296.3784841531417,16808.38631148563,169,164,15,0,0.02399458401487209,,,,
annex,random,5215,v2,hash,0,15,15,True,3278.4833119090813,218.5655541272721,12072.416559545407,132,129,15,0,0.24729116601520218,,,,
annex,random,5215,v3,hash,0,15,15,True,3487.6018070342243,232.50678713561496,13248.009035171122,128,123,15,0,0.10344383399933577,,,,
annex,random,5215,v3_origin20,hash,0,15,15,True,3294.6335080988206,219.6422338732547,12123.167540494103,133,130,15,0,0.11083879199577495,,,,
annex,random,5216,joint,hash,0,11,11,True,3030.99021168211,275.5445646983736,10754.95105841055,140,125,11,0,0.02101708299596794,,,,
annex,random,5216,optical,hash,0,11,11,True,2848.155821532783,258.9232565029803,10420.779107663915,119,114,11,0,0.07505424998817034,,,,
annex,random,5216,phased,hash,0,11,11,True,3626.473277824386,329.67938889312603,12887.366389121931,166,164,11,0,0.01564404199598357,,,,
annex,random,5216,v2,hash,0,11,11,True,2884.6484053586473,262.2407641235134,10118.242026793236,135,131,11,0,0.15960954100592062,,,,
annex,random,5216,v3,hash,0,11,11,True,2864.34621333793,260.3951103034482,10361.731066689648,124,117,11,0,0.06466270898818038,,,,
annex,random,5216,v3_origin20,hash,0,11,11,True,2879.2366501339834,261.7487863758167,10036.183250669917,137,132,11,0,0.07627687498461455,,,,
annex,random,5217,joint,hash,0,14,14,True,3828.3910281006592,273.45650200718995,14946.955140503296,132,109,14,0,0.025616583006922156,,,,
annex,random,5217,optical,hash,0,14,14,True,3345.5879244132043,238.9705660295146,12877.939622066022,116,114,16,2,0.08640183301758952,,,,
annex,random,5217,phased,hash,0,14,14,True,4493.895053078804,320.99250379134315,17149.475265394023,166,164,14,0,0.018782665982143953,,,,
annex,random,5217,v2,hash,0,14,14,True,3407.0049676259796,243.35749768756997,12665.024838129897,135,129,14,0,0.23325333400862291,,,,
annex,random,5217,v3,hash,0,14,14,True,3332.88224750687,238.06301767906214,12734.41123753435,120,116,14,0,0.08450166700640693,,,,
annex,random,5217,v3_origin20,hash,0,14,14,True,3389.0819443407336,242.07728173862384,12575.409721703667,135,129,14,0,0.09817995800403878,,,,
annex,random,5218,joint,hash,0,15,15,True,3719.1645877415235,247.9443058494349,14235.822938707617,137,112,15,0,0.02150866700685583,,,,
annex,random,5218,optical,hash,0,15,15,True,3353.408309004541,223.56055393363607,13122.041545022705,109,106,16,1,0.08266262500546873,,,,
annex,random,5218,phased,hash,0,15,15,True,4450.650851388649,296.7100567592433,16873.254256943244,167,166,15,0,0.016995208017760888,,,,
annex,random,5218,v2,hash,0,15,15,True,3225.0878503877643,215.00585669251763,12050.439251938822,124,120,15,0,0.21228066700859927,,,,
annex,random,5218,v3,hash,0,15,15,True,3371.986572268306,224.79910481788707,13029.932861341531,116,111,15,0,0.06261470797471702,,,,
annex,random,5218,v3_origin20,hash,0,15,15,True,3259.667282415943,217.3111521610629,11938.336412079716,134,127,15,0,0.08870037499582395,,,,
annex,random,5219,joint,hash,0,12,12,True,3159.346086554216,263.27884054618465,11496.73043277108,136,120,12,0,0.01852454201434739,,,,
annex,random,5219,optical,hash,0,12,12,True,2978.0946819915166,248.1745568326264,10820.473409957583,127,119,12,0,0.08592629199847579,,,,
annex,random,5219,phased,hash,0,12,12,True,3931.8717602928828,327.6559800244069,14354.358801464414,168,161,12,0,0.020111333986278623,,,,
annex,random,5219,v2,hash,0,12,12,True,3152.2510432831273,262.6875869402606,10876.255216415637,154,147,12,0,0.16808454200509004,,,,
annex,random,5219,v3,hash,0,12,12,True,2990.534660241808,249.21122168681734,10752.67330120904,131,125,12,0,0.0695895419921726,,,,
annex,random,5219,v3_origin20,hash,0,12,12,True,3061.006058170767,255.08383818089726,10460.030290853836,153,144,12,0,0.07503662499948405,,,,
annex,random,5220,joint,hash,0,14,14,True,3389.711956494838,242.12228260677415,12513.55978247419,139,122,14,0,0.021472708001965657,,,,
annex,random,5220,optical,hash,0,14,14,True,3190.330335176978,227.880738226927,12151.65167588489,115,112,15,1,0.09063150000292808,,,,
annex,random,5220,phased,hash,0,14,14,True,4200.161841169995,300.01156008357106,15585.809205849971,170,163,14,0,0.01819312499719672,,,,
annex,random,5220,v2,hash,0,14,14,True,3176.1985108271183,226.87132220193703,11270.992554135591,143,137,14,0,0.1838613330037333,,,,
annex,random,5220,v3,hash,0,14,14,True,3205.507394985092,228.96481392750658,12107.53697492546,120,114,14,0,0.07384379100403748,,,,
annex,random,5220,v3_origin20,hash,0,14,14,True,3273.9455046799867,233.85325033428475,12009.727523399933,134,132,14,0,0.07934937500976957,,,,
annex,random,5221,joint,hash,0,15,15,True,3906.1401889852223,260.4093459323482,15235.700944926111,134,114,15,0,0.025218249997124076,,,,
annex,random,5221,optical,hash,0,15,15,True,3368.7858442704883,224.58572295136588,12983.929221352442,116,111,17,2,0.06939637500909157,,,,
annex,random,5221,phased,hash,0,15,15,True,4530.613019530679,302.0408679687119,17128.065097653394,173,165,15,0,0.019362749997526407,,,,
annex,random,5221,v2,hash,0,15,15,True,3319.3066383681453,221.28710922454303,12206.533191840726,135,128,15,0,0.22965225001098588,,,,
annex,random,5221,v3,hash,0,15,15,True,3379.4589622744734,225.29726415163157,12982.294811372367,119,113,15,0,0.07318958299583755,,,,
annex,random,5221,v3_origin20,hash,0,15,15,True,3287.641733299416,219.1761155532944,11928.208666497081,139,132,15,0,0.08140045800246298,,,,
annex,random,5222,joint,hash,0,13,13,True,3048.613341659764,234.5087185892126,11178.06670829882,127,113,13,0,0.019372542010387406,,,,
annex,random,5222,optical,hash,0,13,13,True,2946.4759713356925,226.65199779505326,11032.379856678463,113,107,14,1,0.07575708298827522,,,,
annex,random,5222,phased,hash,0,13,13,True,4251.455961289724,327.03507394536337,15997.27980644862,165,162,13,0,0.018856250011594966,,,,
annex,random,5222,v2,hash,0,13,13,True,2997.5721704262114,230.58247464817012,10842.860852131058,128,124,13,0,0.15093558299122378,,,,
annex,random,5222,v3,hash,0,13,13,True,2966.3165517827174,228.17819629097826,11001.582758913586,118,111,13,0,0.061666666995733976,,,,
annex,random,5222,v3_origin20,hash,0,13,13,True,3031.280016479655,233.17538588305038,11011.400082398275,128,124,13,0,0.05930779199115932,,,,
annex,random,5223,joint,hash,0,10,10,True,2934.956763588726,293.49567635887263,10444.78381794363,135,121,10,0,0.01585225001326762,,,,
annex,random,5223,optical,hash,0,10,10,True,2857.0704717895,285.70704717895,9970.3523589475,136,130,11,1,0.07419966600718908,,,,
annex,random,5223,phased,hash,0,10,10,True,3598.4395001397324,359.84395001397326,12787.197500698663,166,161,10,0,0.012133207987062633,,,,
annex,random,5223,v2,hash,0,10,10,True,2951.044829001145,295.1044829001145,10120.224145005724,147,142,10,0,0.14325241700862534,,,,
annex,random,5223,v3,hash,0,10,10,True,2915.7101688072207,291.5710168807221,9998.550844036105,145,141,10,0,0.062335875001735985,,,,
annex,random,5223,v3_origin20,hash,0,10,10,True,2960.512351798786,296.0512351798786,10227.56175899393,145,140,10,0,0.06077579202246852,,,,
annex,random,5224,joint,hash,0,14,14,True,3280.233122706581,234.30236590761294,11941.165613532905,139,127,14,0,0.023510125000029802,,,,
annex,random,5224,optical,hash,0,14,14,True,3284.5143611312315,234.60816865223083,12292.571805656158,126,123,15,1,0.08067704198765568,,,,
annex,random,5224,phased,hash,0,14,14,True,4157.167717805967,296.9405512718548,15355.838589029834,171,161,14,0,0.017986082995776087,,,,
annex,random,5224,v2,hash,0,14,14,True,3176.38016663166,226.88429761654714,11626.900833158299,131,126,14,0,0.23015404198667966,,,,
annex,random,5224,v3,hash,0,14,14,True,3221.8820380556213,230.13443128968723,11934.410190278106,128,125,14,0,0.063223500008462,,,,
annex,random,5224,v3_origin20,hash,0,14,14,True,3099.235897424152,221.3739926731537,11256.17948712076,131,123,14,0,0.09202383301453665,,,,
annex,random,5225,joint,hash,0,11,11,True,3269.3522912714443,297.2138446610404,11986.76145635722,139,122,11,0,0.019055375014431775,,,,
annex,random,5225,optical,hash,0,11,11,True,2960.546566885882,269.14059698962564,10622.73283442941,129,124,15,4,0.06129216597764753,,,,
annex,random,5225,phased,hash,0,11,11,True,4125.767246760091,375.06974970546287,15348.836233800457,168,161,11,0,0.013026542001171038,,,,
annex,random,5225,v2,hash,0,11,11,True,3146.6500853039897,286.05909866399907,11248.250426519948,141,137,11,0,0.13393341700430028,,,,
annex,random,5225,v3,hash,0,11,11,True,2944.6091659845847,267.69174236223495,10538.045829922923,131,127,11,0,0.049498667009174824,,,,
annex,random,5225,v3_origin20,hash,0,11,11,True,3117.8922283226516,283.44474802933195,10924.461141613257,147,143,11,0,0.06615783300367184,,,,
annex,random,5226,joint,hash,0,12,12,True,2887.221933357431,240.60182777978594,10106.109666787157,136,126,12,0,0.016294874978484586,,,,
annex,random,5226,optical,hash,0,12,12,True,3078.536422950151,256.5447019125126,11062.682114750754,133,129,16,4,0.06923645798815414,,,,
annex,random,5226,phased,hash,0,12,12,True,3835.964247647552,319.66368730396266,13899.821238237759,167,161,12,0,0.013514541991753504,,,,
annex,random,5226,v2,hash,0,12,12,True,2706.4355040791547,225.53629200659623,9132.177520395773,138,130,12,0,0.10661604200140573,,,,
annex,random,5226,v3,hash,0,12,12,True,3067.582983959914,255.63191532999284,11037.91491979957,134,130,12,0,0.05419749999418855,,,,
annex,random,5226,v3_origin20,hash,0,12,12,True,2823.990094239373,235.33250785328107,9184.950471196864,155,152,12,0,0.08265308299451135,,,,
annex,random,5227,joint,hash,0,10,10,True,3396.6187007389153,339.6618700738915,12293.093503694578,152,128,10,0,0.013073749985778704,,,,
annex,random,5227,optical,hash,0,10,10,True,2995.5352984100527,299.5535298410053,11417.676492050263,110,106,12,2,0.04625374998431653,,,,
annex,random,5227,phased,hash,0,10,10,True,3915.6802485206335,391.56802485206333,14153.401242603168,174,165,10,0,0.010441958991577849,,,,
annex,random,5227,v2,hash,0,10,10,True,3064.644667006183,306.46446670061835,10383.223335030916,157,153,10,0,0.10244087499449961,,,,
annex,random,5227,v3,hash,0,10,10,True,2977.627454189923,297.76274541899227,11333.137270949614,111,106,10,0,0.03970670799026266,,,,
annex,random,5227,v3_origin20,hash,0,10,10,True,2884.904400428647,288.4904400428647,9884.522002143236,144,138,10,0,0.06117054200149141,,,,
annex,random,5228,joint,hash,0,11,11,True,3285.8643007347137,298.7149364304285,12069.321503673567,139,122,11,0,0.01747550000436604,,,,
annex,random,5228,optical,hash,0,11,11,True,3102.499326874056,282.0453933521869,11827.49663437028,113,108,14,3,0.08953399999882095,,,,
annex,random,5228,phased,hash,0,11,11,True,3865.6079748782463,351.4189068071133,14118.039874391232,165,162,11,0,0.013869125017663464,,,,
annex,random,5228,v2,hash,0,11,11,True,3140.508088407703,285.5007353097912,11157.540442038515,143,139,11,0,0.18182954099029303,,,,
annex,random,5228,v3,hash,0,11,11,True,3088.2206534938055,280.7473321358005,11771.103267469027,114,109,11,0,0.04667787501239218,,,,
annex,random,5228,v3_origin20,hash,0,11,11,True,3100.6167925813047,281.8742538710277,11073.083962906523,139,136,11,0,0.10039262499776669,,,,
annex,random,5229,joint,hash,0,11,11,True,3023.0199749114518,274.8199977192229,10895.09987455726,133,124,11,0,0.02733620800427161,,,,
annex,random,5229,optical,hash,0,11,11,True,2765.042088907325,251.3674626279386,9885.210444536624,123,118,11,0,0.10175420800806023,,,,
annex,random,5229,phased,hash,0,11,11,True,3844.984203204557,349.54401847314153,14014.921016022785,165,162,11,0,0.01983779200236313,,,,
annex,random,5229,v2,hash,0,11,11,True,2817.9305753609906,256.17550685099917,9964.652876804952,129,125,11,0,0.24877475001267157,,,,
annex,random,5229,v3,hash,0,11,11,True,2814.4302802689404,255.8572982062673,9862.151401344701,132,127,11,0,0.10241537500405684,,,,
annex,random,5229,v3_origin20,hash,0,11,11,True,2788.2930509740613,253.4811864521874,9666.465254870307,134,130,11,0,0.12653745801071636,,,,
annex,random,5230,joint,hash,0,12,12,True,2907.257121515514,242.2714267929595,10601.285607577569,122,117,12,0,0.023005249997368082,,,,
annex,random,5230,optical,hash,0,12,12,True,2747.999495971482,228.99995799762348,9829.99747985741,120,116,14,2,0.11245845799567178,,,,
annex,random,5230,phased,hash,0,12,12,True,3698.471820137929,308.2059850114941,13312.359100689646,163,161,12,0,0.020304165984271094,,,,
annex,random,5230,v2,hash,0,12,12,True,2820.7779356529295,235.06482797107745,9658.889678264648,139,134,12,0,0.3010389590053819,,,,
annex,random,5230,v3,hash,0,12,12,True,2732.2881994491117,227.69068328742597,9781.44099724556,120,116,12,0,0.11833712499355897,,,,
annex,random,5230,v3_origin20,hash,0,12,12,True,2883.087022805905,240.25725190049207,9820.435114029524,144,139,12,0,0.11309499997878447,,,,
annex,random,5231,joint,hash,0,11,11,True,3532.0413119218297,321.09466472016635,13115.206559609149,146,124,11,0,0.030692042026203126,,,,
annex,random,5231,optical,hash,0,11,11,True,3170.2439223115284,288.20399293741167,11951.219611557643,121,117,12,1,0.1269170830200892,,,,
annex,random,5231,phased,hash,0,11,11,True,4473.626705719114,406.69333688355584,16913.133528595572,174,166,11,0,0.021865625021746382,,,,
annex,random,5231,v2,hash,0,11,11,True,3191.2465132033226,290.1133193821202,11661.232566016613,135,129,11,0,0.3158650000113994,,,,
annex,random,5231,v3,hash,0,11,11,True,3181.6401405674906,289.24001277886276,11913.200702837454,125,119,11,0,0.10869241700856946,,,,
annex,random,5231,v3_origin20,hash,0,11,11,True,3193.5662722450274,290.3242065677298,11612.831361225137,137,131,11,0,0.13154966698493809,,,,
annex,random,5232,joint,hash,0,13,13,True,3025.075302095216,232.69810016117046,10680.37651047608,139,129,13,0,0.027577375003602356,,,,
annex,random,5232,optical,hash,0,13,13,True,2951.5408826138473,227.04160635491132,10927.704413069236,117,113,14,1,0.15061183299985714,,,,
annex,random,5232,phased,hash,0,13,13,True,3948.3278159225783,303.7175243017368,14501.63907961289,164,163,13,0,0.026873416994931176,,,,
annex,random,5232,v2,hash,0,13,13,True,3019.6001991204294,232.2769383938792,10538.000995602146,142,137,13,0,0.22225595801137388,,,,
annex,random,5232,v3,hash,0,13,13,True,2958.9980339077806,227.61523337752158,10859.990169538904,121,117,13,0,0.1066470830119215,,,,
annex,random,5232,v3_origin20,hash,0,13,13,True,3042.476369376154,234.03664379816567,10592.38184688077,144,139,13,0,0.2056303329882212,,,,
annex,random,5233,joint,hash,0,12,12,True,3133.8905787491653,261.15754822909713,11454.452893745827,133,118,12,0,0.029750083020189777,,,,
annex,random,5233,optical,hash,0,12,12,True,3079.874292412009,256.6561910343341,11524.371462060044,119,111,15,3,0.11045604100218043,,,,
annex,random,5233,phased,hash,0,12,12,True,4179.627829600018,348.30231913333483,15618.13914800009,167,161,12,0,0.025371625000843778,,,,
annex,random,5233,v2,hash,0,12,12,True,3005.0746775007165,250.42288979172636,10645.373387503583,137,131,12,0,0.25985441700322554,,,,
annex,random,5233,v3,hash,0,12,12,True,3074.219299750512,256.184941645876,11421.09649875256,123,115,12,0,0.07923195799230598,,,,
annex,random,5233,v3_origin20,hash,0,12,12,True,2985.6558792014926,248.8046566001244,10748.279396007463,130,126,12,0,0.09136595801101066,,,,
annex,random,5234,joint,hash,0,10,10,True,3020.380477311561,302.0380477311561,10706.902386557806,140,129,10,0,0.015162499999860302,,,,
annex,random,5234,optical,hash,0,10,10,True,2814.737873331992,281.4737873331992,10443.68936665996,114,106,10,0,0.055740000010700896,,,,
annex,random,5234,phased,hash,0,10,10,True,3577.42374706228,357.742374706228,12707.1187353114,165,161,10,0,0.016972957993857563,,,,
annex,random,5234,v2,hash,0,10,10,True,2861.0221968445285,286.10221968445285,10095.110984222641,133,127,10,0,0.1487084580003284,,,,
annex,random,5234,v3,hash,0,10,10,True,2830.3505391657623,283.0350539165762,10371.75269582881,119,111,10,0,0.052353042003232986,,,,
annex,random,5234,v3_origin20,hash,0,10,10,True,2878.9789478311473,287.89789478311474,9694.894739155736,149,145,10,0,0.062012124981265515,,,,
annex,random,5235,joint,hash,0,12,12,True,3643.8998888507476,303.6583240708956,13969.499444253737,135,115,12,0,0.020524833002127707,,,,
annex,random,5235,optical,hash,0,12,12,True,3254.296730407194,271.1913942005995,12311.48365203597,122,119,13,1,0.11049162500421517,,,,
annex,random,5235,phased,hash,0,12,12,True,4367.087056666939,363.9239213889116,16355.435283334697,174,166,12,0,0.02707350000855513,,,,
annex,random,5235,v2,hash,0,12,12,True,3390.1071609092655,282.5089300757721,12835.535804546327,128,123,12,0,0.18738724998547696,,,,
annex,random,5235,v3,hash,0,12,12,True,3272.2828876139324,272.6902406344944,12306.414438069662,126,121,12,0,0.06947487499564886,,,,
annex,random,5235,v3_origin20,hash,0,12,12,True,3411.0678526839906,284.25565439033255,12850.339263419954,131,126,12,0,0.09644162500626408,,,,
annex,random,5236,joint,hash,0,12,12,True,3169.0648306501043,264.0887358875087,11620.324153250522,133,120,12,0,0.017728917009662837,,,,
annex,random,5236,optical,hash,0,12,12,True,2884.5439358295766,240.3786613191314,10682.719679147884,115,110,13,1,0.07518383298884146,,,,
annex,random,5236,phased,hash,0,12,12,True,3979.4868787361697,331.6239065613475,14642.43439368085,166,161,12,0,0.015511542005697265,,,,
annex,random,5236,v2,hash,0,12,12,True,3095.4692486595536,257.95577072162945,10847.346243297769,145,141,12,0,0.23152104098699056,,,,
annex,random,5236,v3,hash,0,12,12,True,2902.42547081804,241.86878923483667,10642.1273540902,120,114,12,0,0.07837154198205099,,,,
annex,random,5236,v3_origin20,hash,0,12,12,True,3060.8223957151936,255.06853297626614,10679.111978575967,145,140,12,0,0.08335379202617332,,,,
annex,random,5237,joint,hash,0,12,12,True,3705.7175540264316,308.8097961688693,13843.587770132159,150,127,12,0,0.02809683300438337,,,,
annex,random,5237,optical,hash,0,12,12,True,3487.1163411352923,290.593028427941,13395.58170567646,124,119,15,3,0.06510512498789467,,,,
annex,random,5237,phased,hash,0,12,12,True,4231.3195473801825,352.6099622816819,15681.597736900912,174,165,12,0,0.022793166019255295,,,,
annex,random,5237,v2,hash,0,12,12,True,3173.239265620825,264.4366054684021,11351.196328104124,141,138,12,0,0.2176433750137221,,,,
annex,random,5237,v3,hash,0,12,12,True,3463.1937460064014,288.5994788338668,13265.968730032007,126,120,12,0,0.0548489160137251,,,,
annex,random,5237,v3_origin20,hash,0,12,12,True,3217.456499693769,268.1213749744807,11367.282498468845,148,144,12,0,0.09636562500963919,,,,
annex,random,5238,joint,hash,0,16,16,True,3059.246169525552,191.202885595347,11601.23084762776,111,104,16,0,0.047548291011480615,,,,
annex,random,5238,optical,hash,0,16,16,True,2819.7199886063545,176.23249928789716,10353.599943031773,111,105,19,3,0.16404145798878744,,,,
annex,random,5238,phased,hash,0,16,16,True,4087.54598309602,255.47162394350124,15677.7299154801,146,142,16,0,0.03571787499822676,,,,
annex,random,5238,v2,hash,0,16,16,True,2782.8263594347745,173.9266474646734,10079.131797173874,116,107,16,0,0.5097261249902658,,,,
annex,random,5238,v3,hash,0,16,16,True,2855.483730676808,178.4677331673005,10402.41865338404,117,110,16,0,0.15155037498334423,,,,
annex,random,5238,v3_origin20,hash,0,16,16,True,2762.5574944185782,172.65984340116114,9972.78747209289,116,108,16,0,0.1523593330057338,,,,
annex,random,5239,joint,hash,0,16,16,True,3937.604415537543,246.10027597109644,15778.022077687714,121,97,16,0,0.06571125000482425,,,,
annex,random,5239,optical,hash,0,16,16,True,3632.698630731837,227.04366442073982,14708.493153659185,102,98,17,1,0.21274912499939092,,,,
annex,random,5239,phased,hash,0,16,16,True,4422.416130592339,276.4010081620212,17077.080652961697,156,147,16,0,0.04554691701196134,,,,
annex,random,5239,v2,hash,0,16,16,True,3878.0072319539386,242.37545199712116,15230.036159769694,126,122,16,0,0.34465887502301484,,,,
annex,random,5239,v3,hash,0,16,16,True,3679.524537463883,229.9702835914927,14677.622687319415,112,104,16,0,0.16578745801234618,,,,
annex,random,5239,v3_origin20,hash,0,16,16,True,3514.551274099633,219.65945463122705,13327.756370498164,129,124,16,0,0.10506724999868311,,,,
annex,random,5240,joint,hash,0,11,11,True,3330.254736072053,302.75043055200484,12441.273680360266,134,117,11,0,0.01841812502243556,,,,
annex,random,5240,optical,hash,0,11,11,True,2976.5702368456664,270.59729425869693,11062.851184228331,119,114,11,0,0.05604799999855459,,,,
annex,random,5240,phased,hash,0,11,11,True,4028.1784241295536,366.19803855723217,14820.892120647768,169,164,11,0,0.017315167002379894,,,,
annex,random,5240,v2,hash,0,11,11,True,2907.284227990215,264.2985661809287,10336.421139951075,131,130,11,0,0.1909174169995822,,,,
annex,random,5240,v3,hash,0,11,11,True,2994.984394902392,272.2713086274902,11009.92197451196,124,118,11,0,0.051113624998833984,,,,
annex,random,5240,v3_origin20,hash,0,11,11,True,2908.4576675737444,264.40524250670404,10412.288337868722,129,126,11,0,0.08073720801621675,,,,
annex,random,5241,joint,hash,0,14,14,True,3570.937131580734,255.0669379700524,13609.68565790367,132,119,14,0,0.025532250001560897,,,,
annex,random,5241,optical,hash,0,14,14,True,3410.9301760946596,243.6378697210471,12454.650880473298,142,134,16,2,0.1135882499802392,,,,
annex,random,5241,phased,hash,0,14,14,True,4340.030122616294,310.0021516154496,16340.15061308147,168,162,14,0,0.02029183300328441,,,,
annex,random,5241,v2,hash,0,14,14,True,3429.6866028825784,244.97761449161274,12968.433014412893,129,121,14,0,0.267851625016192,,,,
annex,random,5241,v3,hash,0,14,14,True,3414.0764230082095,243.86260164344353,12370.382115041048,146,140,14,0,0.09080375000485219,,,,
annex,random,5241,v3_origin20,hash,0,14,14,True,3432.4425591902227,245.17446851358733,12867.212795951114,133,124,14,0,0.11759745900053531,,,,
annex,random,5242,joint,hash,0,14,14,True,3347.150674455555,239.08219103253964,12945.753372277775,118,98,14,0,0.01912958300090395,,,,
annex,random,5242,optical,hash,0,14,14,True,3289.586136476594,234.97043831975674,12192.93068238297,130,122,17,3,0.10081279199221171,,,,
annex,random,5242,phased,hash,0,14,14,True,4245.59290058803,303.25663575628784,15837.96450294015,169,163,14,0,0.019998042000224814,,,,
annex,random,5242,v2,hash,0,14,14,True,3338.120589918727,238.43718499419478,12190.602949593635,139,135,14,0,0.2531312499777414,,,,
annex,random,5242,v3,hash,0,14,14,True,3335.7983057288293,238.27130755205923,12133.991528644146,141,134,14,0,0.10347074997844175,,,,
annex,random,5242,v3_origin20,hash,0,14,14,True,3183.071856539324,227.36227546709458,11655.35928269662,131,127,14,0,0.0895778340054676,,,,
annex,random,5243,joint,hash,0,13,13,True,3344.221485047317,257.24780654210133,12191.107425236585,143,126,13,0,0.03327466599876061,,,,
annex,random,5243,optical,hash,0,13,13,True,2883.265903038689,221.7896848491299,10651.329515193445,115,110,14,1,0.09647258298355155,,,,
annex,random,5243,phased,hash,0,13,13,True,4263.284309158435,327.9449468583411,15916.421545792175,170,165,13,0,0.02738225000211969,,,,
annex,random,5243,v2,hash,0,13,13,True,3177.57182693095,244.42860207161155,11927.85913465475,122,117,13,0,0.1727219170134049,,,,
annex,random,5243,v3,hash,0,13,13,True,2909.0976488783313,223.7767422214101,10590.488244391656,122,116,13,0,0.06213537501753308,,,,
annex,random,5243,v3_origin20,hash,0,13,13,True,2993.570192101791,230.2746301616762,11092.850960508953,119,115,13,0,0.05778787500457838,,,,
annex,random,5244,joint,hash,0,16,16,True,3363.873101600731,210.24206885004568,12814.365508003655,123,106,16,0,0.021764125005574897,,,,
annex,random,5244,optical,hash,0,16,16,True,2825.13472859067,176.57092053691687,10725.67364295335,101,95,16,0,0.09743587500997819,,,,
annex,random,5244,phased,hash,0,16,16,True,3873.597772019675,242.0998607512297,14602.988860098376,146,143,16,0,0.020506708999164402,,,,
annex,random,5244,v2,hash,0,16,16,True,3171.5176288755774,198.2198518047236,11687.588144377887,127,119,16,0,0.19976000001770444,,,,
annex,random,5244,v3,hash,0,16,16,True,2836.159829343723,177.25998933398267,10730.799146718615,103,95,16,0,0.07538366600056179,,,,
annex,random,5244,v3_origin20,hash,0,16,16,True,2916.588890350511,182.28680564690694,10407.944451752555,127,120,16,0,0.0960981670068577,,,,
annex,random,5245,joint,hash,0,10,10,True,3174.074802563926,317.4074802563926,11430.37401281963,142,128,10,0,0.013683500001206994,,,,
annex,random,5245,optical,hash,0,10,10,True,2775.5118264737202,277.551182647372,9822.5591323686,127,123,11,1,0.05561349997879006,,,,
annex,random,5245,phased,hash,0,10,10,True,3656.89212987677,365.689212987677,13049.46064938385,167,162,10,0,0.01182212500134483,,,,
annex,random,5245,v2,hash,0,10,10,True,2915.492669656308,291.5492669656308,10017.463348281539,144,142,10,0,0.11456725001335144,,,,
annex,random,5245,v3,hash,0,10,10,True,2787.6135107883492,278.76135107883493,9803.067553941746,130,127,10,0,0.04430741700343788,,,,
annex,random,5245,v3_origin20,hash,0,10,10,True,2937.864195284236,293.7864195284236,10009.320976421179,148,146,10,0,0.05862899997737259,,,,
annex,random,5246,joint,hash,0,16,16,True,3864.1649314007027,241.51030821254392,14525.824657003513,151,124,16,0,0.024276584008475766,,,,
annex,random,5246,optical,hash,0,16,16,True,3540.8058221397005,221.30036388373128,14089.029110698502,106,101,20,4,0.08591091600828804,,,,
annex,random,5246,phased,hash,0,16,16,True,4576.692820434217,286.04330127713854,17798.46410217108,158,147,16,0,0.019354499992914498,,,,
annex,random,5246,v2,hash,0,16,16,True,3450.6979343988774,215.66862089992983,13323.489671994386,119,111,16,0,0.21490541700040922,,,,
annex,random,5246,v3,hash,0,16,16,True,3587.457000369942,224.21606252312137,14027.285001849708,118,112,16,0,0.08319066700641997,,,,
annex,random,5246,v3_origin20,hash,0,16,16,True,3409.2959243261,213.08099527038124,13061.479621630499,120,117,16,0,0.08516233297996223,,,,
annex,random,5247,joint,hash,0,16,16,True,3756.1255341965807,234.7578458872863,14205.627670982904,143,120,16,0,0.025133500021183863,,,,
annex,random,5247,optical,hash,0,16,16,True,3325.2473578760555,207.82795986725347,12531.236789380278,122,114,21,5,0.10339608299545944,,,,
annex,random,5247,phased,hash,0,16,16,True,4019.3272262524274,251.2079516407767,15031.636131262137,157,148,16,0,0.01943629197194241,,,,
annex,random,5247,v2,hash,0,16,16,True,3284.5790724824633,205.28619203015396,12227.895362412317,127,124,16,0,0.1896925420151092,,,,
annex,random,5247,v3,hash,0,16,16,True,3303.7706285985532,206.48566428740958,12368.853142992766,126,120,16,0,0.08025612498749979,,,,
annex,random,5247,v3_origin20,hash,0,16,16,True,3321.7929222872835,207.61205764295522,12178.964611436419,135,131,16,0,0.08738045798963867,,,,
annex,random,5248,joint,hash,0,10,10,True,3241.497763798333,324.14977637983327,11657.488818991666,147,125,10,0,0.01422666700091213,,,,
annex,random,5248,optical,hash,0,10,10,True,3061.7859027856352,306.17859027856355,11473.929513928177,119,113,13,3,0.05622633299208246,,,,
annex,random,5248,phased,hash,0,10,10,True,4219.740829027127,421.97408290271267,15728.704145135633,172,164,10,0,0.012087791983503848,,,,
annex,random,5248,v2,hash,0,10,10,True,3063.2332093008613,306.32332093008614,10851.166046504306,141,138,10,0,0.12180504100979306,,,,
annex,random,5248,v3,hash,0,10,10,True,3038.0048613103363,303.8004861310336,11345.02430655168,121,114,10,0,0.043569125002250075,,,,
annex,random,5248,v3_origin20,hash,0,10,10,True,3044.9898154755506,304.49898154755505,10779.949077377752,141,134,10,0,0.054531667003175244,,,,
annex,random,5249,joint,hash,0,14,14,True,3132.5388380507475,223.75277414648195,11907.694190253738,116,101,14,0,0.031866832985542715,,,,
annex,random,5249,optical,hash,0,14,14,True,3027.669944462689,216.26213889019206,11243.349722313444,118,113,16,2,0.08636187500087544,,,,
annex,random,5249,phased,hash,0,14,14,True,4085.462093387023,291.81872095621594,15072.310466935114,168,161,14,0,0.01963229099055752,,,,
annex,random,5249,v2,hash,0,14,14,True,3087.4728027081505,220.53377162201076,11072.364013540753,135,128,14,0,0.3391627089877147,,,,
annex,random,5249,v3,hash,0,14,14,True,3046.1009659036263,217.5786404216876,11215.504829518131,123,118,14,0,0.07034025000757538,,,,
annex,random,5249,v3_origin20,hash,0,14,14,True,3119.2709473324685,222.80506766660488,10981.354736662342,143,138,14,0,0.09102175000589341,,,,
annex,random,5250,joint,hash,0,13,13,True,3763.658808398287,289.51221603063743,14398.294041991436,140,119,13,0,0.028416290995664895,,,,
annex,random,5250,optical,hash,0,13,13,True,3498.4975552804626,269.1151965600356,13777.487776402313,113,107,15,2,0.10887329201796092,,,,
annex,random,5250,phased,hash,0,13,13,True,4604.160301321403,354.16617702472325,17540.80150660701,173,166,13,0,0.020585958991432562,,,,
annex,random,5250,v2,hash,0,13,13,True,3379.53601412846,259.9643087791123,12657.6800706423,131,128,13,0,0.24875574998441152,,,,
annex,random,5250,v3,hash,0,13,13,True,3420.5112598595815,263.1162507584294,13352.556299297907,115,110,13,0,0.09366612500161864,,,,
annex,random,5250,v3_origin20,hash,0,13,13,True,3389.1269503965786,260.7020731074291,12705.634751982894,131,128,13,0,0.15382174999103881,,,,
annex,random,5251,joint,hash,0,15,15,True,4004.113863002832,266.9409242001888,15765.569315014161,133,111,15,0,0.02698058300302364,,,,
annex,random,5251,optical,hash,0,15,15,True,3238.6982445957815,215.91321630638544,12598.491222978908,107,103,17,2,0.13556824999977835,,,,
annex,random,5251,phased,hash,0,15,15,True,4437.76489880072,295.8509932533814,16753.824494003602,169,167,15,0,0.023917832993902266,,,,
annex,random,5251,v2,hash,0,15,15,True,3374.8322333057104,224.98881555371403,12654.161166528553,129,124,15,0,0.18908754098811187,,,,
annex,random,5251,v3,hash,0,15,15,True,3260.8587943965445,217.39058629310296,12539.293971982723,114,108,15,0,0.0842386249860283,,,,
annex,random,5251,v3_origin20,hash,0,15,15,True,3417.8089832275627,227.85393221517086,12694.044916137813,135,129,15,0,0.09410516699426807,,,,
annex,random,5252,joint,hash,0,14,14,True,3540.2117816528466,252.87227011806047,13126.058908264233,144,125,14,0,0.023419708013534546,,,,
annex,random,5252,optical,hash,0,14,14,True,2791.700033219681,199.4071452299772,10473.500166098403,105,99,15,1,0.09849804200348444,,,,
annex,random,5252,phased,hash,0,14,14,True,4053.0642489399424,289.5045892099959,14825.321244699711,171,163,14,0,0.025161500001559034,,,,
annex,random,5252,v2,hash,0,14,14,True,3055.810549143261,218.2721820816615,10574.052745716306,146,141,14,0,0.19626262498786673,,,,
annex,random,5252,v3,hash,0,14,14,True,2810.8268201238475,200.77334429456053,10364.134100619238,112,108,14,0,0.09506687501561828,,,,
annex,random,5252,v3_origin20,hash,0,14,14,True,2922.3495280009715,208.7392520000694,10141.747640004858,138,134,14,0,0.08183316700160503,,,,
annex,random,5253,joint,hash,0,14,14,True,3777.379740239191,269.81283858851367,14591.898701195956,135,114,14,0,0.020932665996951982,,,,
annex,random,5253,optical,hash,0,14,14,True,3543.7318750181976,253.1237053584427,13593.659375090989,126,122,15,1,0.09220120799727738,,,,
annex,random,5253,phased,hash,0,14,14,True,4267.481460191668,304.8201042994048,15957.407300958337,168,166,14,0,0.017791083024349064,,,,
annex,random,5253,v2,hash,0,14,14,True,3735.8271693873176,266.84479781337984,14364.135846936588,133,128,14,0,0.22543212500750087,,,,
annex,random,5253,v3,hash,0,14,14,True,3535.947275544862,252.5676625389187,13504.73637772431,128,125,14,0,0.0704318750067614,,,,
annex,random,5253,v3_origin20,hash,0,14,14,True,3419.902780014023,244.27877000100165,12949.513900070115,128,120,14,0,0.07656520800082944,,,,
annex,random,5254,joint,hash,0,16,16,True,2659.1848835233586,166.1990552202099,10180.924417616792,93,78,16,0,0.03139095799997449,,,,
annex,random,5254,optical,hash,0,16,16,True,3008.3606329173845,188.02253955733653,11241.803164586921,114,107,17,1,0.1048533330031205,,,,
annex,random,5254,phased,hash,0,16,16,True,3636.3369837851847,227.27106148657404,13426.684918925923,146,141,16,0,0.026594499999191612,,,,
annex,random,5254,v2,hash,0,16,16,True,2933.258816187,183.3286760116875,10776.294080935,117,113,16,0,0.2243687919981312,,,,
annex,random,5254,v3,hash,0,16,16,True,3029.0959212839452,189.31849508024658,11175.479606419727,120,114,16,0,0.07055304202367552,,,,
annex,random,5254,v3_origin20,hash,0,16,16,True,2919.302153284095,182.45638458025593,10616.510766420475,120,116,16,0,0.08205966599052772,,,,
annex,random,5255,joint,hash,0,15,15,True,3720.8157621124715,248.05438414083144,14274.078810562358,135,116,15,0,0.0251203749794513,,,,
annex,random,5255,optical,hash,0,15,15,True,3424.7226707634027,228.3148447175602,12818.613353817014,131,128,16,1,0.08535845900769345,,,,
annex,random,5255,phased,hash,0,15,15,True,4374.054652365883,291.6036434910589,16445.273261829418,169,165,15,0,0.0188702919986099,,,,
annex,random,5255,v2,hash,0,15,15,True,3396.0727869530647,226.40485246353765,12665.363934765324,132,128,15,0,0.16460816701874137,,,,
annex,random,5255,v3,hash,0,15,15,True,3340.1022337977547,222.67348225318364,12200.511168988774,138,135,15,0,0.09312487501301803,,,,
annex,random,5255,v3_origin20,hash,0,15,15,True,3407.2173073211375,227.14782048807584,12581.086536605688,137,131,15,0,0.09055362499202602,,,,
annex,random,5256,joint,hash,0,15,15,True,3307.2868226404084,220.48578817602723,12331.434113202042,130,116,15,0,0.02767362497979775,,,,
annex,random,5256,optical,hash,0,15,15,True,3224.8412211867753,214.989414745785,12219.206105933878,117,112,18,3,0.07888745798845775,,,,
annex,random,5256,phased,hash,0,15,15,True,4185.054038004986,279.00360253366574,15615.270190024932,165,162,15,0,0.01937962500960566,,,,
annex,random,5256,v2,hash,0,15,15,True,3391.5668338847217,226.1044555923148,11982.834169423608,154,150,15,0,0.2924507500138134,,,,
annex,random,5256,v3,hash,0,15,15,True,3229.9604160622816,215.3306944041521,12194.802080311409,120,116,15,0,0.06935529201291502,,,,
annex,random,5256,v3_origin20,hash,0,15,15,True,3164.850500147275,210.99003334315165,11604.252500736375,129,124,15,0,0.07252416599658318,,,,
annex,random,5257,joint,hash,0,10,10,True,3265.770871049591,326.5770871049591,12043.854355247955,137,122,10,0,0.03631395797128789,,,,
annex,random,5257,optical,hash,0,10,10,True,2966.43026318559,296.643026318559,10907.15131592795,123,120,10,0,0.07237225002609193,,,,
annex,random,5257,phased,hash,0,10,10,True,4175.075729476914,417.50757294769136,15720.378647384568,164,161,10,0,0.021776250010589138,,,,
annex,random,5257,v2,hash,0,10,10,True,3090.728486344592,309.0728486344592,11333.642431722961,130,124,10,0,0.12590891600120813,,,,
annex,random,5257,v3,hash,0,10,10,True,2981.0236339884464,298.10236339884466,10810.118169942232,129,124,10,0,0.05475304200081155,,,,
annex,random,5257,v3_origin20,hash,0,10,10,True,3042.566448487701,304.2566448487701,10702.832242438506,143,137,10,0,0.060630374995525926,,,,
annex,random,5258,joint,hash,0,16,16,True,4044.248802282295,252.76555014264343,16221.244011411474,123,105,16,0,0.023415750009007752,,,,
annex,random,5258,optical,hash,0,16,16,True,3395.2778290804213,212.20486431752633,13036.389145402107,117,114,19,3,0.085067459003767,,,,
annex,random,5258,phased,hash,0,16,16,True,4075.831694023586,254.73948087647412,15924.158470117929,137,126,16,0,0.021459957992192358,,,,
annex,random,5258,v2,hash,0,16,16,True,3134.150480762963,195.8844050476852,11630.752403814815,122,118,16,0,0.2685634170193225,,,,
annex,random,5258,v3,hash,0,16,16,True,3460.5849940761614,216.28656212976009,13272.924970380807,122,116,16,0,0.08461420799721964,,,,
annex,random,5258,v3_origin20,hash,0,16,16,True,3093.5481118847647,193.3467569927978,11462.740559423824,121,116,16,0,0.09239629199146293,,,,
annex,random,5259,joint,hash,0,16,16,True,4006.9785881629086,250.4361617601818,16109.892940814543,122,95,16,0,0.024055125017184764,,,,
annex,random,5259,optical,hash,0,16,16,True,3306.5847165374566,206.66154478359104,12607.923582687283,117,111,19,3,0.09365475000231527,,,,
annex,random,5259,phased,hash,0,16,16,True,4335.104809853376,270.944050615836,16690.524049266878,154,147,16,0,0.020191874995362014,,,,
annex,random,5259,v2,hash,0,16,16,True,3238.2559401016183,202.39099625635114,12726.279700508092,103,98,16,0,0.23274529201444238,,,,
annex,random,5259,v3,hash,0,16,16,True,3299.546002201615,206.22162513760094,12457.730011008074,123,113,16,0,0.07336825001402758,,,,
annex,random,5259,v3_origin20,hash,0,16,16,True,3219.752117847098,201.23450736544362,12333.76058923549,113,108,16,0,0.08756354099023156,,,,
annex,random,5260,joint,hash,0,16,16,True,3504.525824147134,219.03286400919586,13882.62912073567,112,88,16,0,0.020210957998642698,,,,
annex,random,5260,optical,hash,0,16,16,True,3056.2273867857616,191.0142116741101,11211.136933928809,122,115,19,3,0.0991859580099117,,,,
annex,random,5260,phased,hash,0,16,16,True,4288.872682817786,268.0545426761116,16444.36341408893,155,145,16,0,0.021274292026646435,,,,
annex,random,5260,v2,hash,0,16,16,True,3227.28408229735,201.70525514358437,12151.42041148675,120,117,16,0,0.17118924998794682,,,,
annex,random,5260,v3,hash,0,16,16,True,3045.127794979721,190.32048718623255,11105.638974898604,125,119,16,0,0.0774432500184048,,,,
annex,random,5260,v3_origin20,hash,0,16,16,True,2961.564086527349,185.0977554079593,11192.820432636745,108,103,16,0,0.0786554999940563,,,,
annex,random,5261,joint,hash,0,11,11,True,3144.1328450988567,285.8302586453506,11275.664225494284,142,124,11,0,0.02664799999911338,,,,
annex,random,5261,optical,hash,0,11,11,True,2897.0702812479003,263.3700255679909,10530.351406239502,122,117,14,3,0.15881891699973494,,,,
annex,random,5261,phased,hash,0,11,11,True,4084.745683836553,371.3405167124139,15238.728419182764,164,162,11,0,0.025959165999665856,,,,
annex,random,5261,v2,hash,0,11,11,True,2928.4582754026756,266.22347958206143,10377.291377013378,134,128,11,0,0.194942500005709,,,,
annex,random,5261,v3,hash,0,11,11,True,2869.752990874621,260.88663553405644,10423.764954373106,122,120,11,0,0.06234587499056943,,,,
annex,random,5261,v3_origin20,hash,0,11,11,True,2931.4997243847274,266.49997494406614,10272.498621923636,138,132,11,0,0.1614430000190623,,,,
annex,random,5262,joint,hash,0,14,14,True,3410.2762317035035,243.59115940739312,12741.381158517517,136,112,14,0,0.02427662498666905,,,,
annex,random,5262,optical,hash,0,14,14,True,3042.1807439774825,217.2986245698202,10995.903719887412,129,122,16,2,0.08885612498852424,,,,
annex,random,5262,phased,hash,0,14,14,True,3805.996988837703,271.85692777412163,13704.984944188516,166,165,14,0,0.0185714170220308,,,,
annex,random,5262,v2,hash,0,14,14,True,3015.834717725562,215.41676555182585,10679.17358862781,136,130,14,0,0.19903591700131074,,,,
annex,random,5262,v3,hash,0,14,14,True,3049.2882520633834,217.8063037188131,10936.441260316917,133,127,14,0,0.07534245797432959,,,,
annex,random,5262,v3_origin20,hash,0,14,14,True,3002.8277337677205,214.4876952691229,10579.138668838603,137,132,14,0,0.12301658300566487,,,,
annex,random,5263,joint,hash,0,12,12,True,3300.686078293129,275.0571731910941,12048.430391465645,142,121,12,0,0.016140209016157314,,,,
annex,random,5263,optical,hash,0,12,12,True,2968.452940649993,247.3710783874994,11182.264703249964,113,107,12,0,0.06341137501294725,,,,
annex,random,5263,phased,hash,0,12,12,True,4189.39697660877,349.1164147173975,15631.984883043851,168,163,12,0,0.01530629102489911,,,,
annex,random,5263,v2,hash,0,12,12,True,3173.6330836637158,264.469423638643,11168.165418318578,148,140,12,0,0.1459459159814287,,,,
annex,random,5263,v3,hash,0,12,12,True,2993.507620654111,249.4589683878426,11152.538103270555,118,113,12,0,0.048166624997975305,,,,
annex,random,5263,v3_origin20,hash,0,12,12,True,3156.6235224981815,263.0519602081818,11088.117612490907,148,139,12,0,0.07200208300491795,,,,
annex,random,5264,joint,hash,0,14,14,True,3305.49794707956,236.10699621996858,12507.489735397801,124,114,14,0,0.02181658399058506,,,,
annex,random,5264,optical,hash,0,14,14,True,3051.352191402296,217.95372795730685,11471.76095701148,114,111,16,2,0.09643350000260398,,,,
annex,random,5264,phased,hash,0,14,14,True,3938.5613018599424,281.3258072757102,14582.806509299711,159,157,14,0,0.01818337498116307,,,,
annex,random,5264,v2,hash,0,14,14,True,3022.8141086486903,215.91529347490646,11189.070543243452,120,115,14,0,0.1963718329789117,,,,
annex,random,5264,v3,hash,0,14,14,True,3063.6588308832006,218.83277363451433,11433.294154416004,118,117,14,0,0.06289295901660807,,,,
annex,random,5264,v3_origin20,hash,0,14,14,True,2973.4478441927126,212.3891317280509,10947.239220963564,120,114,14,0,0.06870775000425056,,,,
annex,random,5265,joint,hash,0,11,11,True,3257.399392367024,296.1272174879113,11821.99696183512,143,123,11,0,0.013385541999014094,,,,
annex,random,5265,optical,hash,0,11,11,True,2729.441910464861,248.1310827695328,9817.209552324304,118,112,14,3,0.05344545899424702,,,,
annex,random,5265,phased,hash,0,11,11,True,3784.1398809017746,344.01271644561587,13735.699404508872,164,162,11,0,0.011239833984291181,,,,
annex,random,5265,v2,hash,0,11,11,True,2866.4246300839213,260.5840572803565,9992.123150419606,137,128,11,0,0.10457233298802748,,,,
annex,random,5265,v3,hash,0,11,11,True,2697.522059168924,245.2292781062658,9642.61029584462,120,114,11,0,0.04098916699877009,,,,
annex,random,5265,v3_origin20,hash,0,11,11,True,2705.6322703136234,245.96657002851123,9238.161351568117,135,128,11,0,0.042707125016022474,,,,
annex,random,5266,joint,hash,0,10,10,True,3325.2562709027907,332.52562709027904,11786.281354513952,156,138,10,0,0.01219333300832659,,,,
annex,random,5266,optical,hash,0,10,10,True,2817.7034834007063,281.77034834007065,10248.517417003532,120,115,11,1,0.053161124989856035,,,,
annex,random,5266,phased,hash,0,10,10,True,3951.992554789723,395.1992554789723,14474.962773948615,169,162,10,0,0.01316179198329337,,,,
annex,random,5266,v2,hash,0,10,10,True,3041.6112791863843,304.16112791863844,10648.05639593192,145,137,10,0,0.10543662501731887,,,,
annex,random,5266,v3,hash,0,10,10,True,2796.0718437609075,279.60718437609074,10130.359218804537,121,115,10,0,0.04423558298731223,,,,
annex,random,5266,v3_origin20,hash,0,10,10,True,2980.118720556423,298.0118720556423,10280.593602782114,147,139,10,0,0.05126420801389031,,,,
annex,random,5267,joint,hash,0,10,10,True,3312.538118720652,331.2538118720652,11807.690593603262,153,136,10,0,0.013127958023687825,,,,
annex,random,5267,optical,hash,0,10,10,True,2969.293430640448,296.9293430640448,10891.46715320224,123,120,12,2,0.04824595901300199,,,,
annex,random,5267,phased,hash,0,10,10,True,4162.496658912031,416.2496658912031,15587.483294560156,166,165,10,0,0.01027724999585189,,,,
annex,random,5267,v2,hash,0,10,10,True,3218.1453668555514,321.81453668555514,11555.726834277757,144,137,10,0,0.10212791699450463,,,,
annex,random,5267,v3,hash,0,10,10,True,2996.755495379636,299.6755495379636,10983.77747689818,126,120,10,0,0.041742792003788054,,,,
annex,random,5267,v3_origin20,hash,0,10,10,True,3120.9794273111124,312.09794273111123,11009.897136555563,146,139,10,0,0.050163499981863424,,,,
annex,random,5268,joint,hash,0,13,13,True,3308.737041438255,254.51823395678883,12118.685207191274,139,125,13,0,0.01783629201236181,,,,
annex,random,5268,optical,hash,0,13,13,True,3202.1745422844097,246.3211186372623,11690.87271142205,132,127,17,4,0.07418216700898483,,,,
annex,random,5268,phased,hash,0,13,13,True,4105.470706507977,315.8054389621521,15217.353532539886,167,162,13,0,0.014949750009691343,,,,
annex,random,5268,v2,hash,0,13,13,True,3073.928113321296,236.4560087170228,11069.640566606482,133,130,13,0,0.13621112497639842,,,,
annex,random,5268,v3,hash,0,13,13,True,3167.7692312365402,243.67455624896462,11488.8461561827,135,130,13,0,0.057101416983641684,,,,
annex,random,5268,v3_origin20,hash,0,13,13,True,2954.2066377311994,227.24666444086148,10381.033188655998,136,133,13,0,0.06064004098880105,,,,
annex,random,5269,joint,hash,0,13,13,True,3229.8032796421894,248.44640612632227,12019.016398210948,129,116,13,0,0.018095208011800423,,,,
annex,random,5269,optical,hash,0,13,13,True,3134.2030386737283,241.09254143644063,11951.015193368641,113,108,15,2,0.07229949999600649,,,,
annex,random,5269,phased,hash,0,13,13,True,4277.863505913426,329.066423531802,16124.31752956713,165,163,13,0,0.01564150000922382,,,,
annex,random,5269,v2,hash,0,13,13,True,3087.7699947678952,237.52076882829962,11388.849973839477,125,120,13,0,0.1673663329856936,,,,
annex,random,5269,v3,hash,0,13,13,True,3130.4236074100963,240.80181595462278,11872.11803705048,116,111,13,0,0.055252958001801744,,,,
annex,random,5269,v3_origin20,hash,0,13,13,True,3074.3094078737204,236.48533906720925,11236.547039368603,128,122,13,0,0.07195462501840666,,,,
annex,random,5270,joint,hash,0,11,11,True,3072.578459138237,279.3253144671125,11142.892295691185,134,119,11,0,0.016662292007822543,,,,
annex,random,5270,optical,hash,0,11,11,True,2704.7965444039537,245.89059494581397,9793.982722019768,116,111,11,0,0.06304958401597105,,,,
annex,random,5270,phased,hash,0,11,11,True,3508.286726766819,318.93515697880173,12391.433633834095,163,160,11,0,0.014119291998213157,,,,
annex,random,5270,v2,hash,0,11,11,True,2834.3655763370216,257.66959784882016,9871.827881685109,135,130,11,0,0.148840374982683,,,,
annex,random,5270,v3,hash,0,11,11,True,2649.267481550944,240.8424983228131,9491.33740775472,117,111,11,0,0.045356832997640595,,,,
annex,random,5270,v3_origin20,hash,0,11,11,True,2818.665845715156,256.24234961046875,9908.329228575782,131,127,11,0,0.06696220798767172,,,,
annex,random,5271,joint,hash,0,16,16,True,3674.132065707955,229.6332541067472,14830.660328539774,108,88,16,0,0.024260667007183656,,,,
annex,random,5271,optical,hash,0,16,16,True,3282.3413897995206,205.14633686247004,12511.706948997604,118,110,16,0,0.10234729200601578,,,,
annex,random,5271,phased,hash,0,16,16,True,4114.198035767679,257.13737723547996,15625.990178838398,153,144,16,0,0.020594791014445946,,,,
annex,random,5271,v2,hash,0,16,16,True,3122.0157569768257,195.1259848110516,11725.078784884128,117,112,16,0,0.2075732910016086,,,,
annex,random,5271,v3,hash,0,16,16,True,3320.922407466595,207.55765046666218,12524.612037332974,124,116,16,0,0.08640845800982788,,,,
annex,random,5271,v3_origin20,hash,0,16,16,True,3397.712177092014,212.35701106825087,12533.56088546007,137,126,16,0,0.09664545801933855,,,,
annex,random,5272,joint,hash,0,14,14,True,3545.365833398375,253.2404166713125,13646.829166991874,127,111,14,0,0.019761667004786432,,,,
annex,random,5272,optical,hash,0,14,14,True,3201.8547642459835,228.70391173185595,12574.273821229917,103,99,15,1,0.07914891600375995,,,,
annex,random,5272,phased,hash,0,14,14,True,4324.052784445464,308.860913174676,16265.263922227317,167,166,14,0,0.01784304197644815,,,,
annex,random,5272,v2,hash,0,14,14,True,3323.0549109947306,237.3610650710522,12275.274554973654,134,128,14,0,0.1827800000028219,,,,
annex,random,5272,v3,hash,0,14,14,True,3234.4095371304934,231.0292526521781,12552.047685652467,110,104,14,0,0.07245279199560173,,,,
annex,random,5272,v3_origin20,hash,0,14,14,True,3323.0122271873197,237.3580162276657,12265.061135936598,134,130,14,0,0.07790004200069234,,,,
annex,random,5273,joint,hash,0,12,12,True,3389.723374221069,282.47694785175577,12693.616871105347,135,116,12,0,0.017466124991187826,,,,
annex,random,5273,optical,hash,0,12,12,True,3021.699810819071,251.80831756825592,11268.499054095355,118,115,13,1,0.06106399997952394,,,,
annex,random,5273,phased,hash,0,12,12,True,4119.835720174309,343.3196433478591,15334.178600871548,166,163,12,0,0.015167750010732561,,,,
annex,random,5273,v2,hash,0,12,12,True,2920.841622119827,243.4034685099856,10334.208110599136,133,129,12,0,0.14718049997463822,,,,
annex,random,5273,v3,hash,0,12,12,True,3093.4197175851104,257.78497646542587,11537.098587925551,122,116,12,0,0.055083459010347724,,,,
annex,random,5273,v3_origin20,hash,0,12,12,True,2886.017821546803,240.50148512890027,10115.089107734017,135,128,12,0,0.07097574998624623,,,,
annex,random,5274,joint,hash,0,14,14,True,3509.2429765213305,250.66021260866646,13421.214882606653,129,110,14,0,0.022006665996741503,,,,
annex,random,5274,optical,hash,0,14,14,True,2980.277241011537,212.87694578653836,11141.386205057686,114,109,15,1,0.07108925000648014,,,,
annex,random,5274,phased,hash,0,14,14,True,4055.7807350452467,289.69862393180335,14953.903675226235,166,165,14,0,0.016703959001461044,,,,
annex,random,5274,v2,hash,0,14,14,True,2858.4226328339,204.17304520242143,10122.113164169501,128,124,14,0,0.15846404200419784,,,,
annex,random,5274,v3,hash,0,14,14,True,3010.377161091846,215.026940077989,11171.885805459231,118,116,14,0,0.055604042019695044,,,,
annex,random,5274,v3_origin20,hash,0,14,14,True,2858.989633100348,204.21354522145342,10094.948165501739,129,125,14,0,0.07023800001479685,,,,
annex,random,5275,joint,hash,0,14,14,True,3297.780108717262,235.555722051233,12433.90054358631,127,106,14,0,0.018440124986227602,,,,
annex,random,5275,optical,hash,0,14,14,True,3182.653685489524,227.33240610639456,12268.26842744762,110,106,15,1,0.0744431669882033,,,,
annex,random,5275,phased,hash,0,14,14,True,4186.589879687923,299.04213426342307,15462.949398439612,172,164,14,0,0.017857208993518725,,,,
annex,random,5275,v2,hash,0,14,14,True,3015.2517652098895,215.3751260864207,10521.258826049447,141,136,14,0,0.20491979099460877,,,,
annex,random,5275,v3,hash,0,14,14,True,3209.2838665926974,229.2345618994784,12211.419332963487,117,112,14,0,0.05967904199496843,,,,
annex,random,5275,v3_origin20,hash,0,14,14,True,2944.241638963952,210.30297421171085,10141.208194819761,142,136,14,0,0.07849774998612702,,,,
annex,random,5276,joint,hash,0,15,15,True,3187.9653630452185,212.53102420301457,11714.826815226093,131,115,15,0,0.022742957982700318,,,,
annex,random,5276,optical,hash,0,15,15,True,3030.440508859126,202.02936725727508,11482.202544295631,111,104,15,0,0.08634170799632557,,,,
annex,random,5276,phased,hash,0,15,15,True,4325.718751315525,288.3812500877017,16243.593756577626,168,162,15,0,0.02064137501292862,,,,
annex,random,5276,v2,hash,0,15,15,True,3200.6689997991175,213.37793331994118,11633.344998995588,134,129,15,0,0.182239333022153,,,,
annex,random,5276,v3,hash,0,15,15,True,3062.2961560209305,204.15307706806203,11486.480780104652,116,110,15,0,0.06949729201733135,,,,
annex,random,5276,v3_origin20,hash,0,15,15,True,3417.110831481963,227.8073887654642,12805.554157409815,131,126,15,0,0.08338129197363742,,,,
annex,random,5277,joint,hash,0,16,16,True,3618.7960745064615,226.17475465665385,13873.980372532307,131,109,16,0,0.022332916996674612,,,,
annex,random,5277,optical,hash,0,16,16,True,3596.9853578365796,224.81158486478623,14264.926789182899,110,105,19,3,0.10876583398203366,,,,
annex,random,5277,phased,hash,0,16,16,True,4492.604485755333,280.78778035970834,17003.02242877667,170,162,16,0,0.024114708008710295,,,,
annex,random,5277,v2,hash,0,16,16,True,3242.7069239369694,202.66918274606059,12123.534619684848,124,118,16,0,0.1917621660104487,,,,
annex,random,5277,v3,hash,0,16,16,True,3592.46514478675,224.52907154917187,14227.325723933749,112,107,16,0,0.07761754101375118,,,,
annex,random,5277,v3_origin20,hash,0,16,16,True,3214.637875130182,200.91486719563636,11988.189375650909,124,117,16,0,0.10279987499234267,,,,
annex,random,5278,joint,hash,0,10,10,True,3280.156514099102,328.0156514099102,11945.78257049551,142,131,10,0,0.01617654098663479,,,,
annex,random,5278,optical,hash,0,10,10,True,2983.0879776203456,298.30879776203454,11330.439888101728,112,107,10,0,0.05484612501459196,,,,
annex,random,5278,phased,hash,0,10,10,True,4126.407488770678,412.64074887706784,15472.03744385339,164,162,10,0,0.014574250002624467,,,,
annex,random,5278,v2,hash,0,10,10,True,3124.6435326779556,312.46435326779556,11423.217663389778,132,130,10,0,0.1541028330102563,,,,
annex,random,5278,v3,hash,0,10,10,True,3017.9194154916904,301.79194154916905,11349.597077458453,117,113,10,0,0.06106983299832791,,,,
annex,random,5278,v3_origin20,hash,0,10,10,True,3083.1227372795465,308.3122737279547,11120.613686397732,136,129,10,0,0.0643703330133576,,,,
annex,random,5279,joint,hash,0,10,10,True,3389.0295055227566,338.9029505522757,12375.147527613783,147,129,10,0,0.013804416987113655,,,,
annex,random,5279,optical,hash,0,10,10,True,2953.390610041047,295.3390610041047,10906.953050205235,120,116,12,2,0.04769924998981878,,,,
annex,random,5279,phased,hash,0,10,10,True,4076.4022264869222,407.6402226486922,15122.01113243461,168,162,10,0,0.012350875011179596,,,,
annex,random,5279,v2,hash,0,10,10,True,3110.66496025008,311.066496025008,11343.324801250401,133,127,10,0,0.11996570898918435,,,,
annex,random,5279,v3,hash,0,10,10,True,2956.536452661775,295.6536452661775,10902.682263308874,122,116,10,0,0.04325074999360368,,,,
annex,random,5279,v3_origin20,hash,0,10,10,True,3103.153356096901,310.3153356096901,11095.766780484504,140,134,10,0,0.059513250016607344,,,,
annex,random,5280,joint,hash,0,11,11,True,2981.726472615059,271.06604296500535,10928.632363075294,125,116,11,0,0.02225583398831077,,,,
annex,random,5280,optical,hash,0,11,11,True,2929.9310812568992,266.35737102335446,10459.655406284495,131,125,12,1,0.08005366599536501,,,,
annex,random,5280,phased,hash,0,11,11,True,3736.7565733451347,339.7051430313759,13498.782866725673,164,162,11,0,0.01893279200885445,,,,
annex,random,5280,v2,hash,0,11,11,True,2876.359932520322,261.48726659275655,10321.799662601612,127,122,11,0,0.17677354102488607,,,,
annex,random,5280,v3,hash,0,11,11,True,2953.169771502885,268.469979227535,10425.848857514426,137,128,11,0,0.06162004198995419,,,,
annex,random,5280,v3_origin20,hash,0,11,11,True,2887.0264430005823,262.4569493636893,10285.132215002912,130,125,11,0,0.06720900000073016,,,,
annex,random,5281,joint,hash,0,13,13,True,3530.620926474295,271.5862251134073,12998.104632371476,148,126,13,0,0.022691624995786697,,,,
annex,random,5281,optical,hash,0,13,13,True,3145.8764294519347,241.99049457322573,11619.382147259674,125,123,16,3,0.11087808301090263,,,,
annex,random,5281,phased,hash,0,13,13,True,4128.935300017631,317.6104076936639,15319.676500088155,167,165,13,0,0.017978500021854416,,,,
annex,random,5281,v2,hash,0,13,13,True,3213.5526786496284,247.19635989612527,11827.763393248142,131,128,13,0,0.15808354198816232,,,,
annex,random,5281,v3,hash,0,13,13,True,3118.1415162355997,239.85703971043074,11415.707581177998,129,125,13,0,0.06687670800602064,,,,
annex,random,5281,v3_origin20,hash,0,13,13,True,3208.1234613783695,246.77872779833612,11745.617306891847,133,129,13,0,0.07271958299679682,,,,
annex,random,5282,joint,hash,0,10,10,True,3482.0841303272728,348.20841303272726,12870.420651636363,146,128,10,0,0.01312458299798891,,,,
annex,random,5282,optical,hash,0,10,10,True,2867.273434596972,286.7273434596972,10636.367172984861,115,106,13,3,0.05954791701515205,,,,
annex,random,5282,phased,hash,0,10,10,True,3761.278339074148,376.1278339074148,13576.39169537074,167,161,10,0,0.010728791006840765,,,,
annex,random,5282,v2,hash,0,10,10,True,3056.2930150264847,305.62930150264845,10991.465075132422,136,128,10,0,0.11742654201225378,,,,
annex,random,5282,v3,hash,0,10,10,True,2840.045828874519,284.0045828874519,10455.229144372595,118,109,10,0,0.04443483302020468,,,,
annex,random,5282,v3_origin20,hash,0,10,10,True,2916.6807614258405,291.668076142584,10308.403807129202,135,130,10,0,0.053116458002477884,,,,
annex,random,5283,joint,hash,0,14,14,True,3893.69693645671,278.1212097469078,15298.48468228355,131,109,14,0,0.020891708991257474,,,,
annex,random,5283,optical,hash,0,14,14,True,3371.2812054704063,240.80580039074331,13081.406027352032,114,112,15,1,0.08659641700796783,,,,
annex,random,5283,phased,hash,0,14,14,True,4433.830374277519,316.70216959125133,16619.151871387596,175,165,14,0,0.0182097920041997,,,,
annex,random,5283,v2,hash,0,14,14,True,3498.9262951126193,249.9233067937585,13269.631475563096,130,125,14,0,0.2030486660078168,,,,
annex,random,5283,v3,hash,0,14,14,True,3397.859539083888,242.7042527917063,13089.29769541944,119,115,14,0,0.06703712500166148,,,,
annex,random,5283,v3_origin20,hash,0,14,14,True,3443.948605450105,245.99632896072177,13284.743027250524,121,112,14,0,0.07143887499114498,,,,
annex,random,5284,joint,hash,0,14,14,True,3594.7842726513845,256.7703051893846,13883.921363256923,128,108,14,0,0.022886124992510304,,,,
annex,random,5284,optical,hash,0,14,14,True,3338.9590244929104,238.49707317806502,12899.795122464551,115,111,15,1,0.07147349999286234,,,,
annex,random,5284,phased,hash,0,14,14,True,4680.133448132419,334.29524629517283,18110.667240662096,165,163,14,0,0.01646658399840817,,,,
annex,random,5284,v2,hash,0,14,14,True,3506.4419411286735,250.4601386520481,12952.209705643369,142,136,14,0,0.1980567080026958,,,,
annex,random,5284,v3,hash,0,14,14,True,3343.403380872123,238.81452720515162,12847.016904360615,118,114,14,0,0.058256749995052814,,,,
annex,random,5284,v3_origin20,hash,0,14,14,True,3529.7506529352345,252.12504663823103,12823.753264676172,150,145,14,0,0.08328495800378732,,,,
annex,random,5285,joint,hash,0,14,14,True,3343.609863278125,238.8292759484375,12643.049316390625,126,115,14,0,0.023026457987725735,,,,
annex,random,5285,optical,hash,0,14,14,True,3254.3411238717044,232.45293741940745,12201.705619358521,124,118,16,2,0.08920866702101193,,,,
annex,random,5285,phased,hash,0,14,14,True,4149.242117988639,296.3744369991885,15426.210589943195,166,164,14,0,0.01865891698980704,,,,
annex,random,5285,v2,hash,0,14,14,True,3201.879171153743,228.7056550824102,11219.395855768715,149,143,14,0,0.2026049999985844,,,,
annex,random,5285,v3,hash,0,14,14,True,3264.0080134062227,233.14342952901592,12105.040067031114,130,123,14,0,0.06866362498840317,,,,
annex,random,5285,v3_origin20,hash,0,14,14,True,3076.1282242543634,219.7234445895974,10735.641121271818,144,139,14,0,0.08640095798182301,,,,
annex,random,5286,joint,hash,0,11,11,True,2930.370144773694,266.3972858885176,10636.85072386847,126,118,11,0,0.017297999991569668,,,,
annex,random,5286,optical,hash,0,11,11,True,2884.2673856538104,262.2061259685282,10706.336928269053,115,110,12,1,0.0697695420240052,,,,
annex,random,5286,phased,hash,0,11,11,True,3818.687324760918,347.15339316008345,13938.43662380459,163,161,11,0,0.013795416976790875,,,,
annex,random,5286,v2,hash,0,11,11,True,2981.5300611657394,271.0481873787036,10037.650305828696,154,149,11,0,0.1638302079809364,,,,
annex,random,5286,v3,hash,0,11,11,True,2910.1497926946668,264.5590720631515,10680.748963473334,121,114,11,0,0.05048283300129697,,,,
annex,random,5286,v3_origin20,hash,0,11,11,True,2834.2360337239397,257.65782124763086,9691.180168619698,141,136,11,0,0.06472775002475828,,,,
annex,random,5287,joint,hash,0,14,14,True,3408.9962554189583,243.49973252992558,12779.981277094792,134,113,14,0,0.020909582992317155,,,,
annex,random,5287,optical,hash,0,14,14,True,3170.7721767429953,226.48372691021396,11503.860883714977,132,128,18,4,0.07772283401573077,,,,
annex,random,5287,phased,hash,0,14,14,True,3762.544986561493,268.7532133258209,13517.724932807465,165,164,14,0,0.016148833004990593,,,,
annex,random,5287,v2,hash,0,14,14,True,3047.4829160698455,217.6773511478461,10807.414580349227,137,131,14,0,0.1552621670125518,,,,
annex,random,5287,v3,hash,0,14,14,True,3171.365425814137,226.5261018438669,11471.827129070685,135,132,14,0,0.06397879199357703,,,,
annex,random,5287,v3_origin20,hash,0,14,14,True,2911.401138765645,207.95722419754608,10212.005693828225,134,129,14,0,0.07390116702299565,,,,
annex,random,5288,joint,hash,0,16,16,True,4212.381514699491,263.2738446687182,16751.907573497454,134,112,16,0,0.021337749989470467,,,,
annex,random,5288,optical,hash,0,16,16,True,3394.7346091664162,212.17091307290102,13223.673045832082,113,105,16,0,0.06974012500722893,,,,
annex,random,5288,phased,hash,0,16,16,True,4575.034629857892,285.9396643661182,17350.173149289458,172,165,16,0,0.0208978749869857,,,,
annex,random,5288,v2,hash,0,16,16,True,3458.05506209342,216.12844138083875,13200.275310467101,124,118,16,0,0.1593026249902323,,,,
annex,random,5288,v3,hash,0,16,16,True,3432.9330978278476,214.55831861424048,13199.665489139239,120,113,16,0,0.06104995799250901,,,,
annex,random,5288,v3_origin20,hash,0,16,16,True,3404.960718094305,212.81004488089405,12844.803590471525,127,121,16,0,0.07650820800336078,,,,
annex,random,5289,joint,hash,0,15,15,True,3829.9594679255088,255.33063119503393,14484.797339627545,147,123,15,0,0.01991624999209307,,,,
annex,random,5289,optical,hash,0,15,15,True,3630.7938479795635,242.05292319863756,14403.969239897817,112,106,18,3,0.07426408398896456,,,,
annex,random,5289,phased,hash,0,15,15,True,4573.025383467333,304.8683588978222,17145.126917336664,180,169,15,0,0.018544374994235113,,,,
annex,random,5289,v2,hash,0,15,15,True,3911.7489324230705,260.78326216153806,15068.744662115352,138,133,15,0,0.2077952079998795,,,,
annex,random,5289,v3,hash,0,15,15,True,3630.62148824826,242.041432549884,14363.1074412413,115,108,15,0,0.05556791598792188,,,,
annex,random,5289,v3_origin20,hash,0,15,15,True,3683.253355468591,245.55022369790606,13856.266777342955,140,137,15,0,0.102307249995647,,,,
annex,random,5290,joint,hash,0,14,14,True,3230.940487502416,230.78146339302972,12104.70243751208,126,110,14,0,0.021150417014723644,,,,
annex,random,5290,optical,hash,0,14,14,True,3020.538425233145,215.75274465951037,11337.692126165724,112,111,18,4,0.0867015830008313,,,,
annex,random,5290,phased,hash,0,14,14,True,4019.798562731793,287.12846876655664,14783.992813658966,166,163,14,0,0.016344291012501344,,,,
annex,random,5290,v2,hash,0,14,14,True,3101.490414420915,221.53502960149393,11127.452072104576,135,131,14,0,0.18882741700508632,,,,
annex,random,5290,v3,hash,0,14,14,True,2991.624451963125,213.68746085450894,11203.122259815626,114,111,14,0,0.058800917002372444,,,,
annex,random,5290,v3_origin20,hash,0,14,14,True,3028.147386124624,216.29624186604457,10655.73693062312,139,132,14,0,0.0811312080186326,,,,
annex,random,5291,joint,hash,0,11,11,True,3198.4075589323684,290.7643235393062,11807.037794661841,132,122,11,0,0.01712820798275061,,,,
annex,random,5291,optical,hash,0,11,11,True,3022.539266519999,274.7762969563635,11092.696332599993,125,121,12,1,0.07988879201002419,,,,
annex,random,5291,phased,hash,0,11,11,True,3981.8695176913016,361.9881379719365,14614.347588456507,168,164,11,0,0.01840137501130812,,,,
annex,random,5291,v2,hash,0,11,11,True,3154.6639257979523,286.78762961799566,11463.319628989762,135,132,11,0,0.21585666699684225,,,,
annex,random,5291,v3,hash,0,11,11,True,3019.6518971423957,274.5138088311269,11028.259485711978,127,124,11,0,0.06642275000922382,,,,
annex,random,5291,v3_origin20,hash,0,11,11,True,3085.51473709565,280.5013397359682,11122.57368547825,135,131,11,0,0.07378708399483003,,,,
annex,random,5292,joint,hash,0,11,11,True,3172.745161427206,288.4313783115642,11708.72580713603,132,116,11,0,0.02633366599911824,,,,
annex,random,5292,optical,hash,0,11,11,True,2776.430779291042,252.40279811736747,10122.153896455211,117,112,11,0,0.12033075001090765,,,,
annex,random,5292,phased,hash,0,11,11,True,4007.305002699595,364.30045479087227,14881.525013497976,163,161,11,0,0.024413582985289395,,,,
annex,random,5292,v2,hash,0,11,11,True,2854.5089494528947,259.5008135866268,9727.544747264474,143,139,11,0,0.2339815000013914,,,,
annex,random,5292,v3,hash,0,11,11,True,2788.279256035058,253.47993236682348,10081.396280175291,120,117,11,0,0.0926909169938881,,,,
annex,random,5292,v3_origin20,hash,0,11,11,True,2953.804298641032,268.5276635128211,10109.02149320516,147,142,11,0,0.07428595799137838,,,,
annex,random,5293,joint,hash,0,14,14,True,3601.456798769344,257.24691419781027,13847.28399384672,131,107,14,0,0.03085462501621805,,,,
annex,random,5293,optical,hash,0,14,14,True,3367.8523171985157,240.56087979989397,12904.261585992579,120,114,15,1,0.12392129198997281,,,,
annex,random,5293,phased,hash,0,14,14,True,4276.911212636845,305.493658045489,15989.556063184225,169,164,14,0,0.028089208994060755,,,,
annex,random,5293,v2,hash,0,14,14,True,3735.8699444919175,266.8478531779941,12954.349722459589,180,175,14,0,0.29563633300131187,,,,
annex,random,5293,v3,hash,0,14,14,True,3392.062443300828,242.2901745214877,12865.312216504139,126,119,14,0,0.09212895800010301,,,,
annex,random,5293,v3_origin20,hash,0,14,14,True,3278.6395572371025,234.18853980265018,12198.197786185512,129,124,14,0,0.10006516700377688,,,,
annex,random,5294,joint,hash,0,11,11,True,3063.475533397658,278.4977757634235,11007.37766698829,137,122,11,0,0.020283082994865254,,,,
annex,random,5294,optical,hash,0,11,11,True,2871.75118485262,261.0682895320564,10578.755924263101,116,112,14,3,0.060187208000570536,,,,
annex,random,5294,phased,hash,0,11,11,True,3961.1719239544286,360.1065385413117,14440.859619772144,171,163,11,0,0.01797650000662543,,,,
annex,random,5294,v2,hash,0,11,11,True,3216.7796871430555,292.43451701300506,11568.898435715277,142,138,11,0,0.17021383397514,,,,
annex,random,5294,v3,hash,0,11,11,True,2878.9927958024327,261.72661780022116,10529.963979012164,121,113,11,0,0.059906084003159776,,,,
annex,random,5294,v3_origin20,hash,0,11,11,True,3103.0062720272426,282.0914792752039,10845.031360136214,147,144,11,0,0.08232179100741632,,,,
annex,random,5295,joint,hash,0,14,14,True,3717.24050398462,265.51717885604427,13851.2025199231,151,122,14,0,0.021098124998388812,,,,
annex,random,5295,optical,hash,0,14,14,True,3570.5779044783035,255.0412788913074,14052.889522391517,115,106,17,3,0.08126741700107232,,,,
annex,random,5295,phased,hash,0,14,14,True,4394.801067557405,313.91436196838606,16459.005337787024,173,168,14,0,0.01681679202010855,,,,
annex,random,5295,v2,hash,0,14,14,True,3320.228435371144,237.1591739550817,12426.14217685572,128,125,14,0,0.13741958301397972,,,,
annex,random,5295,v3,hash,0,14,14,True,3593.6559693434406,256.68971209596003,13998.279846717203,122,114,14,0,0.06453462498029694,,,,
annex,random,5295,v3_origin20,hash,0,14,14,True,3067.075600214402,219.076828586743,10870.378001072011,138,133,14,0,0.06644708299427293,,,,
annex,random,5296,joint,hash,0,10,10,True,2899.7766173890805,289.97766173890807,10368.883086945403,131,121,10,0,0.01692820800235495,,,,
annex,random,5296,optical,hash,0,10,10,True,2713.6784676957986,271.36784676957984,9618.392338478994,124,120,10,0,0.06104008300462738,,,,
annex,random,5296,phased,hash,0,10,10,True,3745.003998321304,374.5003998321304,13625.019991606521,162,160,10,0,0.012980958999833092,,,,
annex,random,5296,v2,hash,0,10,10,True,2708.2162755133245,270.8216275513324,9346.081377566623,132,129,10,0,0.10470766600337811,,,,
annex,random,5296,v3,hash,0,10,10,True,2733.550509421503,273.35505094215034,9572.752547107517,129,124,10,0,0.05392816598759964,,,,
annex,random,5296,v3_origin20,hash,0,10,10,True,2628.830312324285,262.8830312324285,8619.151561621424,143,140,10,0,0.057604625006206334,,,,
annex,random,5297,joint,hash,0,14,14,True,3252.9256746394694,232.35183390281924,12339.628373197347,121,110,14,0,0.028078083007130772,,,,
annex,random,5297,optical,hash,0,14,14,True,3059.6374841997795,218.54553458569853,11463.187420998896,117,112,14,0,0.11480320899863727,,,,
annex,random,5297,phased,hash,0,14,14,True,3914.9446706583676,279.63890504702624,14264.723353291838,166,162,14,0,0.0351639169966802,,,,
annex,random,5297,v2,hash,0,14,14,True,2947.132835806133,210.50948827186662,10255.664179030664,139,131,14,0,0.23186729100416414,,,,
annex,random,5297,v3,hash,0,14,14,True,3119.8655071806143,222.84753622718674,11474.32753590307,127,120,14,0,0.08143166700028814,,,,
annex,random,5297,v3_origin20,hash,0,14,14,True,3149.6506782905612,224.9750484493258,11163.253391452807,142,137,14,0,0.10377499999594875,,,,
annex,random,5298,joint,hash,0,14,14,True,3450.7068281673114,246.47905915480797,13263.534140836557,125,103,14,0,0.02958608401240781,,,,
annex,random,5298,optical,hash,0,14,14,True,3254.2824840826206,232.44874886304433,12201.412420413102,124,118,16,2,0.09228933398844674,,,,
annex,random,5298,phased,hash,0,14,14,True,4164.261044407702,297.447217457693,15296.305222038507,174,165,14,0,0.02382612499059178,,,,
annex,random,5298,v2,hash,0,14,14,True,3194.43781855262,228.1741298966157,11367.1890927631,143,136,14,0,0.19613920897245407,,,,
annex,random,5298,v3,hash,0,14,14,True,3300.922817797694,235.78020127126385,12194.61408898847,133,127,14,0,0.07796779100317508,,,,
annex,random,5298,v3_origin20,hash,0,14,14,True,3085.9777723277807,220.42698373769863,10789.888861638903,144,138,14,0,0.09055891699972562,,,,
annex,random,5299,joint,hash,0,15,15,True,3533.1016610853617,235.5401107390241,13770.508305426809,119,109,15,0,0.030697583017172292,,,,
annex,random,5299,optical,hash,0,15,15,True,3023.9530409536706,201.59686939691136,11424.765204768353,111,106,16,1,0.10205562500050291,,,,
annex,random,5299,phased,hash,0,15,15,True,4187.922372804892,279.19482485365944,15504.61186402446,169,167,15,0,0.022705249983118847,,,,
annex,random,5299,v2,hash,0,15,15,True,3111.388011320779,207.42586742138525,11906.940056603893,110,105,15,0,0.23664249997818843,,,,
annex,random,5299,v3,hash,0,15,15,True,3045.7755619465197,203.05170412976798,11363.877809732598,117,113,15,0,0.07702854200033471,,,,
annex,random,5299,v3_origin20,hash,0,15,15,True,3233.681660518677,215.57877736791178,11253.408302593383,152,148,15,0,0.12140062497928739,,,,
annex,random,5300,joint,hash,0,15,15,True,3430.881603414485,228.72544022763233,12999.408017072426,129,111,15,0,0.02836716698948294,,,,
annex,random,5300,optical,hash,0,15,15,True,3527.785836275621,235.18572241837472,13648.929181378106,120,117,17,2,0.08900870798970573,,,,
annex,random,5300,phased,hash,0,15,15,True,4329.77234550221,288.6514897001473,16363.86172751105,164,162,15,0,0.022474957979284227,,,,
annex,random,5300,v2,hash,0,15,15,True,3240.1428779953612,216.00952519969076,11935.714389976805,131,123,15,0,0.22780054100439884,,,,
annex,random,5300,v3,hash,0,15,15,True,3511.3866752174017,234.09244501449345,13496.933376087009,124,117,15,0,0.06993283299379982,,,,
annex,random,5300,v3_origin20,hash,0,15,15,True,3205.1307080505535,213.67538053670356,11515.653540252768,139,132,15,0,0.11161391600035131,,,,
annex,random,5301,joint,hash,0,11,11,True,3434.209204907299,312.20083680975443,12671.046024536496,144,125,11,0,0.016201541991904378,,,,
annex,random,5301,optical,hash,0,11,11,True,3022.8015266033885,274.8001387821262,11159.007633016943,122,120,13,2,0.0630012909823563,,,,
annex,random,5301,phased,hash,0,11,11,True,4141.088874377148,376.46262494337714,15410.444371885742,168,164,11,0,0.012749333021929488,,,,
annex,random,5301,v2,hash,0,11,11,True,3082.195395789263,280.19958143538753,11060.976978946313,137,130,11,0,0.1344013750203885,,,,
annex,random,5301,v3,hash,0,11,11,True,3021.7872344718508,274.7079304065319,11043.936172359254,127,123,11,0,0.050866665987996385,,,,
annex,random,5301,v3_origin20,hash,0,11,11,True,3083.2229030112253,280.29299118283865,11006.114515056126,139,132,11,0,0.0613055000139866,,,,
annex,random,5302,joint,hash,0,15,15,True,3703.288089836615,246.88587265577434,14376.440449183076,128,113,15,0,0.024330749991349876,,,,
annex,random,5302,optical,hash,0,15,15,True,3357.456430079284,223.83042867195226,12832.28215039642,119,115,17,2,0.09262216600473039,,,,
annex,random,5302,phased,hash,0,15,15,True,4494.79887897732,299.653258598488,16948.9943948866,173,165,15,0,0.025590584002202377,,,,
annex,random,5302,v2,hash,0,15,15,True,3605.403542414414,240.36023616096094,13757.017712072071,130,129,15,0,0.2094959999958519,,,,
annex,random,5302,v3,hash,0,15,15,True,3371.6239493924445,224.7749299594963,12813.119746962222,123,119,15,0,0.0740498750237748,,,,
annex,random,5302,v3_origin20,hash,0,15,15,True,3560.726333315456,237.38175555436374,13558.631666577281,130,124,15,0,0.0949021250125952,,,,
annex,random,5303,joint,hash,0,16,16,True,4005.6593261016815,250.3537078813551,15713.296630508406,135,108,16,0,0.029753791983239353,,,,
annex,random,5303,optical,hash,0,16,16,True,3513.4909829935114,219.59318643709446,14257.454914967557,97,91,18,2,0.10858941701008007,,,,
annex,random,5303,phased,hash,0,16,16,True,4656.577542116443,291.03609638227766,17902.887710582214,167,161,16,0,0.023477959010051563,,,,
annex,random,5303,v2,hash,0,16,16,True,3700.6049493311198,231.28780933319499,14548.0247466556,120,111,16,0,0.21121595799922943,,,,
annex,random,5303,v3,hash,0,16,16,True,3570.715869749972,223.16974185937326,14173.579348749861,110,106,16,0,0.0985185420140624,,,,
annex,random,5303,v3_origin20,hash,0,16,16,True,3666.5699749357254,229.16062343348284,14312.849874678628,122,114,16,0,0.09688987498520873,,,,
annex,random,5304,joint,hash,0,11,11,True,2634.2811785180315,239.48010713800286,9251.405892590157,122,119,11,0,0.017506000003777444,,,,
annex,random,5304,optical,hash,0,11,11,True,2754.797777333288,250.43616157575346,9788.98888666644,124,119,12,1,0.0861362079740502,,,,
annex,random,5304,phased,hash,0,11,11,True,3401.061142956089,309.18737663237175,11905.305714780445,161,160,11,0,0.01553995901485905,,,,
annex,random,5304,v2,hash,0,11,11,True,2531.074462659006,230.09767842354597,8740.372313295029,122,118,11,0,0.11602891600341536,,,,
annex,random,5304,v3,hash,0,11,11,True,2751.308308759163,250.11893715992392,9726.541543795815,126,121,11,0,0.06208354202681221,,,,
annex,random,5304,v3_origin20,hash,0,11,11,True,2535.6792432383754,230.51629483985232,8763.396216191877,122,118,11,0,0.06945754200569354,,,,
annex,random,5305,joint,hash,0,13,13,True,3459.0937881831965,266.08413755255356,13410.468940915982,121,107,13,0,0.023849959019571543,,,,
annex,random,5305,optical,hash,0,13,13,True,3249.7453127964513,249.98040867665011,12658.726563982256,109,105,14,1,0.06941158400150016,,,,
annex,random,5305,phased,hash,0,13,13,True,4115.457155924343,316.5736273787956,15187.285779621716,170,163,13,0,0.01789658301277086,,,,
annex,random,5305,v2,hash,0,13,13,True,3293.8662017550023,253.37432321192324,11909.33100877501,142,137,13,0,0.15381829199031927,,,,
annex,random,5305,v3,hash,0,13,13,True,3258.554997626362,250.65807674048938,12602.77498813181,113,108,13,0,0.06985691699082963,,,,
annex,random,5305,v3_origin20,hash,0,13,13,True,3210.7383950207927,246.97987654006099,11458.691975103964,143,139,13,0,0.07639450000715442,,,,
annex,random,5306,joint,hash,0,11,11,True,3095.6470418901863,281.4224583536533,10963.235209450932,143,133,11,0,0.01704387500649318,,,,
annex,random,5306,optical,hash,0,11,11,True,2792.973448795293,253.90667716320843,9994.867243976463,124,119,11,0,0.056074082996929064,,,,
annex,random,5306,phased,hash,0,11,11,True,3841.9520930975996,349.2683720997818,13934.760465487998,167,165,11,0,0.015471999999135733,,,,
annex,random,5306,v2,hash,0,11,11,True,2833.9226788455603,257.6293344405055,9979.613394227801,131,128,11,0,0.1419037499872502,,,,
annex,random,5306,v3,hash,0,11,11,True,2857.74130814845,259.7946643771318,10113.70654074225,131,125,11,0,0.049245166999753565,,,,
annex,random,5306,v3_origin20,hash,0,11,11,True,2817.747518557549,256.1588653234135,9903.737592787746,131,127,11,0,0.06762308301404119,,,,
annex,random,5307,joint,hash,0,12,12,True,3039.266811166894,253.27223426390785,11026.33405583447,131,119,12,0,0.017839750013081357,,,,
annex,random,5307,optical,hash,0,12,12,True,2950.118795858218,245.84323298818484,10300.59397929109,139,135,12,0,0.06403241702355444,,,,
annex,random,5307,phased,hash,0,12,12,True,3820.4677021915795,318.37230851596496,13782.338510957898,168,164,12,0,0.015202665992546827,,,,
annex,random,5307,v2,hash,0,12,12,True,2873.406570705259,239.4505475587716,9542.032853526296,152,145,12,0,0.1553994579880964,,,,
annex,random,5307,v3,hash,0,12,12,True,2929.3677915947796,244.1139826328983,10221.838957973898,138,135,12,0,0.05944345801253803,,,,
annex,random,5307,v3_origin20,hash,0,12,12,True,2931.0248301909737,244.25206918258115,10150.124150954869,141,136,12,0,0.06916258402634412,,,,
annex,random,5308,joint,hash,0,10,10,True,3280.0070543764377,328.0007054376438,12220.035271882189,135,111,10,0,0.014747500012163073,,,,
annex,random,5308,optical,hash,0,10,10,True,2996.1050802782493,299.61050802782495,10845.525401391245,129,126,12,2,0.03983974998118356,,,,
annex,random,5308,phased,hash,0,10,10,True,3746.149698537595,374.61496985375953,13540.748492687975,165,163,10,0,0.012428624992026016,,,,
annex,random,5308,v2,hash,0,10,10,True,2910.8751373690015,291.0875137369002,10364.375686845007,132,128,10,0,0.11128654101048596,,,,
annex,random,5308,v3,hash,0,10,10,True,3143.8923459552207,314.38923459552205,11479.461729776103,134,128,10,0,0.0364317920175381,,,,
annex,random,5308,v3_origin20,hash,0,10,10,True,2913.4112995151118,291.34112995151116,10347.056497575559,134,124,10,0,0.06287070800317451,,,,
annex,random,5309,joint,hash,0,11,11,True,3350.3864673548514,304.58058794135013,12516.932336774258,136,112,11,0,0.03280845799599774,,,,
annex,random,5309,optical,hash,0,11,11,True,3266.046150018824,296.91328636534763,12165.23075009412,129,124,14,3,0.18058387501514517,,,,
annex,random,5309,phased,hash,0,11,11,True,3835.8286441315286,348.71169492104804,13989.143220657643,164,163,11,0,0.039595916983671486,,,,
annex,random,5309,v2,hash,0,11,11,True,3119.5564555964565,283.5960414178597,11207.782277982284,138,133,11,0,0.21911166701465845,,,,
annex,random,5309,v3,hash,0,11,11,True,3229.6702298966416,293.60638453605833,11958.351149483207,131,128,11,0,0.06685012500383891,,,,
annex,random,5309,v3_origin20,hash,0,11,11,True,3262.1064332831515,296.5551302984683,12045.532166415758,134,128,11,0,0.13147170800948516,,,,
annex,random,5310,joint,hash,0,14,14,True,3566.496629549868,254.749759253562,14012.483147749339,120,94,14,0,0.023454709007637575,,,,
annex,random,5310,optical,hash,0,14,14,True,3224.618811283922,230.3299150917087,12398.094056419608,113,107,15,1,0.0994594999938272,,,,
annex,random,5310,phased,hash,0,14,14,True,3914.0039658248947,279.57171184463533,14120.019829124474,171,165,14,0,0.021670332993380725,,,,
annex,random,5310,v2,hash,0,14,14,True,3303.558090304771,235.96843502176938,12447.790451523855,125,119,14,0,0.1918887909851037,,,,
annex,random,5310,v3,hash,0,14,14,True,3300.97652848504,235.78403774893144,12394.8826424252,127,117,14,0,0.08150733300135471,,,,
annex,random,5310,v3_origin20,hash,0,14,14,True,3264.255657079022,233.16111836278728,11771.27828539511,141,135,14,0,0.08738095799344592,,,,
annex,random,5311,joint,hash,0,10,10,True,2816.251490639567,281.62514906395666,9936.257453197833,132,119,10,0,0.015204249997623265,,,,
annex,random,5311,optical,hash,0,10,10,True,2658.957563361029,265.89575633610286,9364.787816805145,123,118,11,1,0.04763587500201538,,,,
annex,random,5311,phased,hash,0,10,10,True,3372.7676853184907,337.2767685318491,11758.838426592454,162,161,10,0,0.012650374992517754,,,,
annex,random,5311,v2,hash,0,10,10,True,2730.6447169780226,273.0644716978023,9088.223584890113,145,138,10,0,0.13397500000428408,,,,
annex,random,5311,v3,hash,0,10,10,True,2635.141022347882,263.5141022347882,9140.70511173941,127,122,10,0,0.03930874998332001,,,,
annex,random,5311,v3_origin20,hash,0,10,10,True,2594.0913115612825,259.40913115612824,8460.456557806412,143,137,10,0,0.06034954098868184,,,,
annex,random,5312,joint,hash,0,14,14,True,3132.2790307580553,223.73421648271824,11571.395153790278,127,113,14,0,0.022799708996899426,,,,
annex,random,5312,optical,hash,0,14,14,True,3095.244337747558,221.0888812676827,11711.221688737789,114,107,16,2,0.07248483298462816,,,,
annex,random,5312,phased,hash,0,14,14,True,4182.581275580972,298.75580539864086,15547.90637790486,168,163,14,0,0.017946084000868723,,,,
annex,random,5312,v2,hash,0,14,14,True,3027.7628919451113,216.26877799607936,10978.814459725556,128,122,14,0,0.21979845798341557,,,,
annex,random,5312,v3,hash,0,14,14,True,3106.4043193821103,221.88602281300788,11617.021596910552,120,113,14,0,0.06922641699202359,,,,
annex,random,5312,v3_origin20,hash,0,14,14,True,3037.96718714089,216.9976562243493,10989.83593570445,129,125,14,0,0.09493412499432452,,,,
annex,random,5313,joint,hash,0,16,16,True,3682.448675588136,230.1530422242585,14567.24337794068,118,99,16,0,0.02543454201077111,,,,
annex,random,5313,optical,hash,0,16,16,True,3224.165573931443,201.51034837071518,12045.827869657214,123,117,17,1,0.08528029100853018,,,,
annex,random,5313,phased,hash,0,16,16,True,4324.652136592853,270.2907585370533,16538.260682964265,158,147,16,0,0.02364420800586231,,,,
annex,random,5313,v2,hash,0,16,16,True,3218.2346324983837,201.13966453114898,11511.17316249192,140,136,16,0,0.17418833400006406,,,,
annex,random,5313,v3,hash,0,16,16,True,3258.3448099328425,203.64655062080266,11961.724049664213,132,126,16,0,0.07727487501688302,,,,
annex,random,5313,v3_origin20,hash,0,16,16,True,3272.581902260538,204.53636889128362,11612.909511302689,146,140,16,0,0.09186874999431893,,,,
annex,random,5314,joint,hash,0,13,13,True,3539.818554473162,272.29373495947397,13444.09277236581,133,121,13,0,0.017316375015070662,,,,
annex,random,5314,optical,hash,0,13,13,True,3305.8238354526507,254.29414118866544,12864.119177263254,111,104,16,3,0.06873258299310692,,,,
annex,random,5314,phased,hash,0,13,13,True,4399.855545244519,338.4504265572707,16734.277726222594,165,163,13,0,0.014790499990340322,,,,
annex,random,5314,v2,hash,0,13,13,True,3408.509922930551,262.1930709946578,12497.549614652755,142,134,13,0,0.18102758401073515,,,,
annex,random,5314,v3,hash,0,13,13,True,3309.775436637982,254.598110510614,12798.877183189908,115,110,13,0,0.05833812497439794,,,,
annex,random,5314,v3_origin20,hash,0,13,13,True,3286.76789648479,252.82829972959922,11913.83948242395,141,134,13,0,0.07279933398240246,,,,
annex,random,5315,joint,hash,0,16,16,True,3202.8971851537963,200.18107407211227,11909.48592576898,126,111,16,0,0.0212519170017913,,,,
annex,random,5315,optical,hash,0,16,16,True,2990.8333872622898,186.9270867038931,11499.166936311449,102,98,17,1,0.07396004200563766,,,,
annex,random,5315,phased,hash,0,16,16,True,3505.234841152751,219.07717757204693,13896.174205763755,110,96,16,0,0.01886574999662116,,,,
annex,random,5315,v2,hash,0,16,16,True,3217.9854592418733,201.12409120261708,11404.927296209366,144,137,16,0,0.19722866598749533,,,,
annex,random,5315,v3,hash,0,16,16,True,3045.3004999193618,190.3312812449601,12151.502499596809,90,85,16,0,0.05993995800963603,,,,
annex,random,5315,v3_origin20,hash,0,16,16,True,3099.623759919475,193.7264849949672,10863.118799597376,142,137,16,0,0.0990792499796953,,,,
annex,random,5316,joint,hash,0,11,11,True,3423.3848778661836,311.21680707874395,12796.924389330918,137,124,11,0,0.015935374976834282,,,,
annex,random,5316,optical,hash,0,11,11,True,3350.51791944047,304.5925381309518,13147.58959720235,111,102,14,3,0.06635729200206697,,,,
annex,random,5316,phased,hash,0,11,11,True,4345.518819052743,395.0471653684312,16547.594095263717,164,161,11,0,0.01395691599464044,,,,
annex,random,5316,v2,hash,0,11,11,True,3300.9727316546987,300.08843015042714,12344.863658273493,131,122,11,0,0.13769754199893214,,,,
annex,random,5316,v3,hash,0,11,11,True,3354.1205326663026,304.9200484242093,13060.602663331512,116,107,11,0,0.05430404201615602,,,,
annex,random,5316,v3_origin20,hash,0,11,11,True,3238.9001763940814,294.4454705812801,12149.500881970407,127,119,11,0,0.05878025002311915,,,,
annex,random,5317,joint,hash,0,15,15,True,3740.1104448243254,249.3406963216217,13985.552224121628,148,128,15,0,0.02601116697769612,,,,
annex,random,5317,optical,hash,0,15,15,True,3135.5213718844343,209.03475812562894,11977.606859422172,111,107,16,1,0.09143233401118778,,,,
annex,random,5317,phased,hash,0,15,15,True,4290.923627277495,286.061575151833,15989.618136387477,170,168,15,0,0.017928791989106685,,,,
annex,random,5317,v2,hash,0,15,15,True,3327.758102823656,221.85054018824374,11648.79051411828,155,148,15,0,0.2108060419850517,,,,
annex,random,5317,v3,hash,0,15,15,True,3129.4687875406644,208.63125250271096,11822.343937703323,116,110,15,0,0.0713330419966951,,,,
annex,random,5317,v3_origin20,hash,0,15,15,True,3297.5445701574904,219.83630467716603,11927.722850787452,141,132,15,0,0.11114662498584948,,,,
annex,random,5318,joint,hash,0,14,14,True,3542.4492937275963,253.03209240911403,13607.24646863798,128,111,14,0,0.021365042019169778,,,,
annex,random,5318,optical,hash,0,14,14,True,3298.1690803356823,235.58350573826303,12505.845401678413,121,116,16,2,0.08124987498740666,,,,
annex,random,5318,phased,hash,0,14,14,True,4414.097835216938,315.29270251549553,16740.489176084688,167,161,14,0,0.018062166986055672,,,,
annex,random,5318,v2,hash,0,14,14,True,3169.910725467563,226.42219467625452,11259.553627337817,142,138,14,0,0.2183367089892272,,,,
annex,random,5318,v3,hash,0,14,14,True,3301.630661205075,235.8307615146482,12428.153306025375,125,121,14,0,0.06943387500359677,,,,
annex,random,5318,v3_origin20,hash,0,14,14,True,3178.4823958133484,227.0344568438106,11192.411979066743,146,140,14,0,0.0949836669897195,,,,
annex,random,5319,joint,hash,0,10,10,True,3769.2676847260873,376.9267684726087,14096.338423630437,155,125,10,0,0.014394083002116531,,,,
annex,random,5319,optical,hash,0,10,10,True,2991.1996862874607,299.11996862874605,10810.998431437303,130,123,12,2,0.04961495799943805,,,,
annex,random,5319,phased,hash,0,10,10,True,3997.0171939758193,399.70171939758194,14560.085969879097,174,165,10,0,0.012124500004574656,,,,
annex,random,5319,v2,hash,0,10,10,True,3514.4712674627763,351.4471267462776,13112.35633731388,141,137,10,0,0.12411133298883215,,,,
annex,random,5319,v3,hash,0,10,10,True,2954.538959936923,295.4538959936923,10542.694799684616,134,126,10,0,0.03885845799231902,,,,
annex,random,5319,v3_origin20,hash,0,10,10,True,3223.7973225274727,322.37973225274726,11643.986612637364,142,135,10,0,0.048653165984433144,,,,
annex,random,5320,joint,hash,0,13,13,True,3732.6526487476417,287.1271268267417,14278.263243738209,139,117,13,0,0.01854191700113006,,,,
annex,random,5320,optical,hash,0,13,13,True,3514.0854973609953,270.3142690277689,13315.427486804976,131,128,14,1,0.07603741699131206,,,,
annex,random,5320,phased,hash,0,13,13,True,4473.038246495394,344.07986511503026,16965.19123247697,170,165,13,0,0.015605000022333115,,,,
annex,random,5320,v2,hash,0,13,13,True,3347.4931879175,257.49947599365385,12132.4659395875,144,136,13,0,0.18310199998086318,,,,
annex,random,5320,v3,hash,0,13,13,True,3529.5950762396387,271.50731355689527,13252.975381198194,136,134,13,0,0.06610862500383519,,,,
annex,random,5320,v3_origin20,hash,0,13,13,True,3287.9239028912157,252.9172232993243,11809.619514456079,144,141,13,0,0.08069462500861846,,,,
annex,random,5321,joint,hash,0,10,10,True,2968.9825822555813,296.89825822555815,10279.912911277906,146,133,10,0,0.013873999996576458,,,,
annex,random,5321,optical,hash,0,10,10,True,2811.9674009005244,281.19674009005246,9734.837004502622,137,127,11,1,0.06309937499463558,,,,
annex,random,5321,phased,hash,0,10,10,True,3552.867355910416,355.2867355910416,12549.336779552079,166,163,10,0,0.011740457994164899,,,,
annex,random,5321,v2,hash,0,10,10,True,2694.2288782261794,269.42288782261795,8951.144391130896,143,139,10,0,0.10283225000603124,,,,
annex,random,5321,v3,hash,0,10,10,True,2820.736003454027,282.0736003454027,9553.680017270135,144,140,10,0,0.050428374990588054,,,,
annex,random,5321,v3_origin20,hash,0,10,10,True,2735.3734358647444,273.53734358647444,8981.867179323723,149,144,10,0,0.05889445901266299,,,,
annex,random,5322,joint,hash,0,12,12,True,3351.3468906795206,279.27890755662673,12446.734453397603,137,117,12,0,0.017277542006922886,,,,
annex,random,5322,optical,hash,0,12,12,True,3229.835851343088,269.152987611924,12424.17925671544,115,110,12,0,0.07744041699334048,,,,
annex,random,5322,phased,hash,0,12,12,True,4259.793941866298,354.98282848885816,15948.969709331492,169,165,12,0,0.014270499988924712,,,,
annex,random,5322,v2,hash,0,12,12,True,3129.731343038221,260.8109452531851,11633.656715191106,125,118,12,0,0.15516445800312795,,,,
annex,random,5322,v3,hash,0,12,12,True,3249.612985441604,270.8010821201337,12403.06492720802,119,114,12,0,0.07047591599985026,,,,
annex,random,5322,v3_origin20,hash,0,12,12,True,3135.162298130993,261.2635248442494,11540.811490654965,129,122,12,0,0.06461233299341984,,,,
annex,random,5323,joint,hash,0,16,16,True,3487.5506617391775,217.9719163586986,13217.753308695888,131,109,16,0,0.02401391600142233,,,,
annex,random,5323,optical,hash,0,16,16,True,3095.93429329684,193.4958933310525,11184.671466484202,130,126,17,1,0.10848633298883215,,,,
annex,random,5323,phased,hash,0,16,16,True,4250.746574564467,265.6716609102792,16168.732872822333,158,147,16,0,0.022493124997708946,,,,
annex,random,5323,v2,hash,0,16,16,True,3231.633909334297,201.97711933339357,11823.169546671486,132,127,16,0,0.21019083299324848,,,,
annex,random,5323,v3,hash,0,16,16,True,3127.442837137309,195.46517732108182,11162.214185686546,136,135,16,0,0.08774679197813384,,,,
annex,random,5323,v3_origin20,hash,0,16,16,True,3248.447626548418,203.02797665927613,11647.238132742092,141,134,16,0,0.09392041602404788,,,,
annex,random,5324,joint,hash,0,14,14,True,3176.8741438000425,226.91958170000302,12074.370719000213,118,102,14,0,0.02337979100411758,,,,
annex,random,5324,optical,hash,0,14,14,True,2849.325419871061,203.52324427650436,10446.627099355306,115,109,16,2,0.08345362500404008,,,,
annex,random,5324,phased,hash,0,14,14,True,3874.0204521924625,276.7157465851759,14135.102260962312,163,162,14,0,0.01909725001314655,,,,
annex,random,5324,v2,hash,0,14,14,True,2892.767283235499,206.62623451682134,10323.836416177493,127,123,14,0,0.20096470799762756,,,,
annex,random,5324,v3,hash,0,14,14,True,2856.9950098301547,204.07107213072533,10384.975049150773,119,115,14,0,0.06390062501304783,,,,
annex,random,5324,v3_origin20,hash,0,14,14,True,3019.70679821666,215.69334272976144,10968.533991083299,127,121,14,0,0.07903604197781533,,,,
annex,random,5325,joint,hash,0,10,10,True,3361.6302859132497,336.163028591325,12348.15142956625,143,127,10,0,0.018118207983206958,,,,
annex,random,5325,optical,hash,0,10,10,True,3089.996708978957,308.9996708978957,11549.983544894785,122,117,11,1,0.05633337501785718,,,,
annex,random,5325,phased,hash,0,10,10,True,4115.124328237067,411.5124328237067,15360.621641185335,166,163,10,0,0.013051708025159314,,,,
annex,random,5325,v2,hash,0,10,10,True,3122.5360775811323,312.2536077581132,11632.68038790566,125,121,10,0,0.1327156670158729,,,,
annex,random,5325,v3,hash,0,10,10,True,3098.6787509961896,309.86787509961897,11518.393754980949,125,120,10,0,0.04754420800600201,,,,
annex,random,5325,v3_origin20,hash,0,10,10,True,3152.9096117149847,315.29096117149845,11674.548058574925,129,123,10,0,0.06010620799497701,,,,
annex,random,5326,joint,hash,0,10,10,True,3355.189214572762,335.5189214572762,12350.94607286381,142,125,10,0,0.012894084007712081,,,,
annex,random,5326,optical,hash,0,10,10,True,3259.7603474450834,325.97603474450835,12413.801737225416,122,117,10,0,0.05091037499369122,,,,
annex,random,5326,phased,hash,0,10,10,True,4075.7248466958254,407.57248466958254,15188.624233479128,165,163,10,0,0.011847874993691221,,,,
annex,random,5326,v2,hash,0,10,10,True,3013.260695308755,301.32606953087554,10876.303476543775,132,128,10,0,0.09717058300157078,,,,
annex,random,5326,v3,hash,0,10,10,True,3276.563162758427,327.6563162758427,12407.815813792136,125,120,10,0,0.042980541998986155,,,,
annex,random,5326,v3_origin20,hash,0,10,10,True,3188.1488879192266,318.81488879192267,11545.744439596132,139,134,10,0,0.05270620802184567,,,,
annex,random,5327,joint,hash,0,12,12,True,3457.8528448375,288.15440373645833,12699.2642241875,146,128,12,0,0.015899292018730193,,,,
annex,random,5327,optical,hash,0,12,12,True,2983.441647515376,248.62013729294802,11047.20823757688,119,116,13,1,0.054573833011090755,,,,
annex,random,5327,phased,hash,0,12,12,True,4031.278645081461,335.9398870901218,14836.393225407304,168,164,12,0,0.014001708012074232,,,,
annex,random,5327,v2,hash,0,12,12,True,3167.790833526273,263.98256946052277,11293.954167631366,142,139,12,0,0.14927629099111073,,,,
annex,random,5327,v3,hash,0,12,12,True,2991.584407249042,249.29870060408686,10987.92203624521,123,119,12,0,0.044345959002384916,,,,
annex,random,5327,v3_origin20,hash,0,12,12,True,3072.806063289578,256.0671719407982,10719.03031644789,146,139,12,0,0.06880929198814556,,,,
annex,random,5328,joint,hash,0,13,13,True,3439.4826809322685,264.57559084094373,12962.413404661342,134,112,13,0,0.0188286250049714,,,,
annex,random,5328,optical,hash,0,13,13,True,3379.49498637932,259.9611527984092,12947.474931896599,121,117,14,1,0.07515170899569057,,,,
annex,random,5328,phased,hash,0,13,13,True,4155.607642720266,319.6621263630974,15308.038213601332,173,164,13,0,0.016434624994872138,,,,
annex,random,5328,v2,hash,0,13,13,True,3561.887163528208,273.99132027140064,13339.43581764104,139,134,13,0,0.14087412500521168,,,,
annex,random,5328,v3,hash,0,13,13,True,3393.6008813010267,261.0462216385405,12913.004406505133,125,121,13,0,0.062253666983451694,,,,
annex,random,5328,v3_origin20,hash,0,13,13,True,3540.815192277899,272.3703994059922,13179.075961389493,141,135,13,0,0.06926670900429599,,,,
annex,random,5329,joint,hash,0,16,16,True,3984.4172218915073,249.0260763682192,15797.086109457536,128,105,16,0,0.021785083023132756,,,,
annex,random,5329,optical,hash,0,16,16,True,3647.8026587654376,227.98766617283985,14589.013293827187,109,105,16,0,0.08307083399267867,,,,
annex,random,5329,phased,hash,0,16,16,True,4425.7316225729355,276.60822641080847,17463.65811286468,144,133,16,0,0.019006374990567565,,,,
annex,random,5329,v2,hash,0,16,16,True,3636.3706337929457,227.2731646120591,13891.853168964728,131,123,16,0,0.19513479102170095,,,,
annex,random,5329,v3,hash,0,16,16,True,3689.600214424493,230.60001340153082,14643.001072122464,114,111,16,0,0.07085833401652053,,,,
annex,random,5329,v3_origin20,hash,0,16,16,True,3565.1205279060923,222.82003299413077,13495.602639530462,132,126,16,0,0.08115116698900238,,,,
annex,random,5330,joint,hash,0,14,14,True,3284.2316623452234,234.58797588180167,11806.158311726118,145,128,14,0,0.02018862499971874,,,,
annex,random,5330,optical,hash,0,14,14,True,3004.4917256562667,214.60655183259047,11452.458628281332,106,105,17,3,0.09219370799837634,,,,
annex,random,5330,phased,hash,0,14,14,True,4200.586962532011,300.04192589514366,15637.934812660054,168,163,14,0,0.016208624991122633,,,,
annex,random,5330,v2,hash,0,14,14,True,3043.7045542268543,217.407468159061,10678.522771134272,140,138,14,0,0.1342588330153376,,,,
annex,random,5330,v3,hash,0,14,14,True,2959.360493548587,211.38289239632763,11256.802467742935,107,103,14,0,0.05635820797760971,,,,
annex,random,5330,v3_origin20,hash,0,14,14,True,2929.244006923889,209.2317147802778,10086.220034619446,141,137,14,0,0.06494216699502431,,,,
annex,random,5331,joint,hash,0,11,11,True,3230.0264258443644,293.6387659858513,12105.132129221822,128,114,11,0,0.0187508329981938,,,,
annex,random,5331,optical,hash,0,11,11,True,3017.4130944846297,274.31028131678454,10977.065472423148,127,126,13,2,0.07621724999626167,,,,
annex,random,5331,phased,hash,0,11,11,True,3781.491410321284,343.77194639284403,13722.45705160642,164,162,11,0,0.01574208401143551,,,,
annex,random,5331,v2,hash,0,11,11,True,2837.146955597374,257.9224505088522,9770.73477798687,139,133,11,0,0.20567491700057872,,,,
annex,random,5331,v3,hash,0,11,11,True,3040.27013337258,276.38819394296183,10971.3506668629,132,131,11,0,0.07789816599688493,,,,
annex,random,5331,v3_origin20,hash,0,11,11,True,2836.659311254673,257.8781192049703,9803.296556273364,137,136,11,0,0.07421654200879857,,,,
annex,random,5332,joint,hash,0,13,13,True,3731.214372276084,287.0164901750834,14451.07186138042,132,116,13,0,0.034463749994756654,,,,
annex,random,5332,optical,hash,0,13,13,True,2807.9442950189355,215.99571500145657,9939.721475094677,127,120,13,0,0.11056683299830183,,,,
annex,random,5332,phased,hash,0,13,13,True,3984.9288996721743,306.53299228247494,14609.644498360873,167,163,13,0,0.032648916996549815,,,,
annex,random,5332,v2,hash,0,13,13,True,3059.9025973634807,235.3771228741139,11089.512986817403,130,127,13,0,0.27379758399911225,,,,
annex,random,5332,v3,hash,0,13,13,True,2822.679306259838,217.12917740460293,9923.396531299191,130,123,13,0,0.08093383300001733,,,,
annex,random,5332,v3_origin20,hash,0,13,13,True,3150.004602555503,242.3080463504233,11460.023012777516,133,128,13,0,0.15914962498936802,,,,
annex,random,5333,joint,hash,0,14,14,True,4167.959742727811,297.71141019484367,16414.79871363906,140,115,14,0,0.028300666977884248,,,,
annex,random,5333,optical,hash,0,14,14,True,3405.2916747590148,243.2351196256439,13091.458373795074,119,113,17,3,0.11238158299238421,,,,
annex,random,5333,phased,hash,0,14,14,True,4268.6265376509145,304.9018955464939,15963.132688254573,168,166,14,0,0.023030292009934783,,,,
annex,random,5333,v2,hash,0,14,14,True,3481.831467521168,248.70224768008345,12914.15733760584,139,134,14,0,0.18052341698785312,,,,
annex,random,5333,v3,hash,0,14,14,True,3349.691885042338,239.26370607445273,12848.45942521169,119,115,14,0,0.08862745799706317,,,,
annex,random,5333,v3_origin20,hash,0,14,14,True,3425.9029120367786,244.7073508597699,12724.514560183892,136,131,14,0,0.08838129101786762,,,,
annex,random,5334,joint,hash,0,16,16,True,4001.364013787302,250.08525086170638,15616.820068936511,138,108,16,0,0.03167254198342562,,,,
annex,random,5334,optical,hash,0,16,16,True,3232.207192315029,202.0129495196893,12276.035961575144,116,111,18,2,0.11729854097939096,,,,
annex,random,5334,phased,hash,0,16,16,True,4267.105251604888,266.6940782253055,16270.52625802444,157,148,16,0,0.030829499999526888,,,,
annex,random,5334,v2,hash,0,16,16,True,3372.445266493687,210.77782915585544,12702.226332468435,126,122,16,0,0.2589022910105996,,,,
annex,random,5334,v3,hash,0,16,16,True,3244.1693887444267,202.76058679652667,12240.846943722134,120,116,16,0,0.0964005829882808,,,,
annex,random,5334,v3_origin20,hash,0,16,16,True,3419.2769516053436,213.70480947533397,12961.384758026717,126,117,16,0,0.13144279198604636,,,,
annex,random,5335,joint,hash,0,14,14,True,3262.8520752175173,233.06086251553694,12209.260376087586,128,111,14,0,0.026997833017958328,,,,
annex,random,5335,optical,hash,0,14,14,True,3044.7871720084645,217.4847980006046,11488.935860042322,113,106,16,2,0.09462229200289585,,,,
annex,random,5335,phased,hash,0,14,14,True,4070.490052871895,290.74928949084966,15012.450264359475,167,163,14,0,0.02248270800919272,,,,
annex,random,5335,v2,hash,0,14,14,True,3117.244770800088,222.66034077143487,11271.22385400044,133,128,14,0,0.2502623330219649,,,,
annex,random,5335,v3,hash,0,14,14,True,3054.1958873627987,218.15684909734276,11400.979436813994,118,114,14,0,0.07726929199998267,,,,
annex,random,5335,v3_origin20,hash,0,14,14,True,3108.5360104370257,222.03828645978754,11282.680052185127,131,127,14,0,0.1057550830009859,,,,
annex,random,5336,joint,hash,0,13,13,True,3077.685980417383,236.74507541672176,10698.429902086913,148,133,13,0,0.02330391699797474,,,,
annex,random,5336,optical,hash,0,13,13,True,2862.6902892405333,220.20694532619487,10293.451446202665,124,119,13,0,0.0747112079989165,,,,
annex,random,5336,phased,hash,0,13,13,True,4033.7341188140535,310.28723990877336,14773.670594070269,170,164,13,0,0.024375541979679838,,,,
annex,random,5336,v2,hash,0,13,13,True,3027.266260380561,232.86663541388933,10306.331301902806,151,146,13,0,0.19498983400990255,,,,
annex,random,5336,v3,hash,0,13,13,True,2881.1586560571404,221.62758892747235,10275.793280285703,128,121,13,0,0.06429229202331044,,,,
annex,random,5336,v3_origin20,hash,0,13,13,True,2974.019603284139,228.77073871416454,9810.098016420696,159,152,13,0,0.09773825001320802,,,,
annex,random,5337,joint,hash,0,10,10,True,3199.9727243037128,319.99727243037125,11394.863621518563,148,131,10,0,0.017328916990663856,,,,
annex,random,5337,optical,hash,0,10,10,True,2707.1045819429455,270.7104581942946,9710.522909714728,119,114,12,2,0.058760666026500985,,,,
annex,random,5337,phased,hash,0,10,10,True,3855.883412327266,385.5883412327266,14059.41706163633,166,164,10,0,0.01381970799411647,,,,
annex,random,5337,v2,hash,0,10,10,True,2849.747516976434,284.9747516976434,9738.737584882168,143,137,10,0,0.13270462499349378,,,,
annex,random,5337,v3,hash,0,10,10,True,2722.6160162455226,272.26160162455227,9718.080081227612,122,119,10,0,0.054681000008713454,,,,
annex,random,5337,v3_origin20,hash,0,10,10,True,2729.36158921512,272.936158921512,9136.8079460756,143,137,10,0,0.06274816702352837,,,,
annex,random,5338,joint,hash,0,10,10,True,3229.1530614650046,322.9153061465005,11530.765307325024,148,133,10,0,0.01828150000073947,,,,
annex,random,5338,optical,hash,0,10,10,True,2783.5686364485277,278.35686364485275,10182.84318224264,117,112,10,0,0.06470787498983555,,,,
annex,random,5338,phased,hash,0,10,10,True,3961.2245903798985,396.12245903798987,14571.122951899491,167,162,10,0,0.01559379100217484,,,,
annex,random,5338,v2,hash,0,10,10,True,2884.053945237255,288.4053945237255,10045.269726186276,138,135,10,0,0.1430077090044506,,,,
annex,random,5338,v3,hash,0,10,10,True,2809.635189824404,280.9635189824404,10188.175949122018,121,117,10,0,0.05982024999684654,,,,
annex,random,5338,v3_origin20,hash,0,10,10,True,2877.5736305710902,287.75736305710905,9922.868152855452,141,138,10,0,0.07050754100782797,,,,
annex,random,5339,joint,hash,0,14,14,True,3668.4133350328643,262.02952393091886,13992.066675164322,136,120,14,0,0.02128208300564438,,,,
annex,random,5339,optical,hash,0,14,14,True,3339.6867784227966,238.54905560162834,12733.433892113982,120,117,16,2,0.10550108397728764,,,,
annex,random,5339,phased,hash,0,14,14,True,4461.165035662411,318.65464540445794,16885.825178312058,170,164,14,0,0.01998399998410605,,,,
annex,random,5339,v2,hash,0,14,14,True,3430.0436887564815,245.00312062546297,12900.218443782407,131,125,14,0,0.18370045800111257,,,,
annex,random,5339,v3,hash,0,14,14,True,3339.8183843755146,238.55845602682248,12714.091921877573,122,117,14,0,0.07682270900113508,,,,
annex,random,5339,v3_origin20,hash,0,14,14,True,3392.5528442936316,242.32520316383082,12557.764221468158,136,131,14,0,0.09616124999593012,,,,
annex,random,5340,joint,hash,0,13,13,True,3508.3310312779663,269.8716177906128,13371.655156389832,131,114,13,0,0.045856708980863914,,,,
annex,random,5340,optical,hash,0,13,13,True,3087.3928578630093,237.49175829715458,11816.964289315047,111,104,13,0,0.10237899998901412,,,,
annex,random,5340,phased,hash,0,13,13,True,4281.366874581921,329.3359134293786,16151.834372909609,165,161,13,0,0.027423125022323802,,,,
annex,random,5340,v2,hash,0,13,13,True,3375.630990575635,259.66392235197196,12238.154952878176,145,138,13,0,0.22220833401661366,,,,
annex,random,5340,v3,hash,0,13,13,True,3122.217508531566,240.17057757935123,11801.087542657831,117,112,13,0,0.0747562909964472,,,,
annex,random,5340,v3_origin20,hash,0,13,13,True,3264.2638793601686,251.09722148924374,11936.319396800844,137,127,13,0,0.09224887500749901,,,,
annex,random,5341,joint,hash,0,11,11,True,3359.0461906389064,305.36783551262783,12325.230953194532,142,129,11,0,0.01692141601233743,,,,
annex,random,5341,optical,hash,0,11,11,True,3187.704260283004,289.791296389364,12003.52130141502,122,119,12,1,0.08607004198711365,,,,
annex,random,5341,phased,hash,0,11,11,True,4027.42665143266,366.12969558478727,14902.1332571633,166,162,11,0,0.0144922919862438,,,,
annex,random,5341,v2,hash,0,11,11,True,3253.782236765909,295.7983851605372,11973.911183829547,135,129,11,0,0.15874879201874137,,,,
annex,random,5341,v3,hash,0,11,11,True,3208.8529167641063,291.71390152400966,11944.264583820532,128,125,11,0,0.07433033300912939,,,,
annex,random,5341,v3_origin20,hash,0,11,11,True,3177.606289416525,288.87329903786593,11713.031447082625,131,125,11,0,0.06953387497924268,,,,
annex,random,5342,joint,hash,0,13,13,True,3377.4175385581752,259.80134911985965,12647.087692790876,134,113,13,0,0.01912899999297224,,,,
annex,random,5342,optical,hash,0,13,13,True,3206.762517313159,246.67403979331993,12213.812586565795,117,111,14,1,0.07809049999923445,,,,
annex,random,5342,phased,hash,0,13,13,True,4105.900866031546,315.83852815627273,15209.504330157728,167,164,13,0,0.015070124994963408,,,,
annex,random,5342,v2,hash,0,13,13,True,3160.764335532299,243.13571811786915,11668.821677661494,128,122,13,0,0.13500716697308235,,,,
annex,random,5342,v3,hash,0,13,13,True,3216.6782059949346,247.43678507653343,12113.391029974673,122,119,13,0,0.06705158299882896,,,,
annex,random,5342,v3_origin20,hash,0,13,13,True,3122.410339939305,240.1854107645619,11332.051699696523,133,126,13,0,0.07218629200360738,,,,
annex,random,5343,joint,hash,0,15,15,True,3603.077478669437,240.20516524462911,13680.387393347184,136,112,15,0,0.023157749994425103,,,,
annex,random,5343,optical,hash,0,15,15,True,3323.8101546734497,221.58734364489663,12564.050773367248,123,115,17,2,0.08827112498693168,,,,
annex,random,5343,phased,hash,0,15,15,True,4356.457009993969,290.4304673329313,16387.285049969847,168,164,15,0,0.018620916991494596,,,,
annex,random,5343,v2,hash,0,15,15,True,3356.9948340225997,223.79965560150666,12134.974170112999,143,140,15,0,0.20571270800428465,,,,
annex,random,5343,v3,hash,0,15,15,True,3367.427324283117,224.4951549522078,12532.136621415584,132,126,15,0,0.0793291249719914,,,,
annex,random,5343,v3_origin20,hash,0,15,15,True,3351.2690217125173,223.41793478083449,12396.345108562586,134,127,15,0,0.09965166699839756,,,,
annex,random,5344,joint,hash,0,16,16,True,3647.3326081381565,227.95828800863478,14416.663040690783,118,94,16,0,0.02441024998552166,,,,
annex,random,5344,optical,hash,0,16,16,True,3607.674668327908,225.47966677049425,13918.37334163954,124,118,18,2,0.0812951670086477,,,,
annex,random,5344,phased,hash,0,16,16,True,4387.775230363236,274.23595189770225,16403.87615181618,172,167,16,0,0.01912995902239345,,,,
annex,random,5344,v2,hash,0,16,16,True,3356.700440421764,209.79377752636026,13223.50220210882,106,102,16,0,0.2103201250138227,,,,
annex,random,5344,v3,hash,0,16,16,True,3619.9516714247407,226.2469794640463,13864.758357123703,129,122,16,0,0.07173795800190419,,,,
annex,random,5344,v3_origin20,hash,0,16,16,True,3342.441830797802,208.90261442486263,12857.209153989012,116,111,16,0,0.08828616701066494,,,,
annex,random,5345,joint,hash,0,15,15,True,3416.953653118494,227.7969102078996,12669.76826559247,137,123,15,0,0.02461175000644289,,,,
annex,random,5345,optical,hash,0,15,15,True,3339.0668114004648,222.60445409336432,12445.334057002323,128,126,18,3,0.09300912500475533,,,,
annex,random,5345,phased,hash,0,15,15,True,4415.357101648686,294.3571401099124,16581.78550824343,172,164,15,0,0.01909104100195691,,,,
annex,random,5345,v2,hash,0,15,15,True,3284.101808868213,218.9401205912142,11960.509044341065,137,132,15,0,0.1989213750057388,,,,
annex,random,5345,v3,hash,0,15,15,True,3341.494329262186,222.76628861747906,12332.47164631093,134,130,15,0,0.0731539579865057,,,,
annex,random,5345,v3_origin20,hash,0,15,15,True,3299.312515491644,219.95416769944293,11981.562577458219,139,133,15,0,0.07749183298437856,,,,
annex,random,5346,joint,hash,0,11,11,True,3159.7109513625064,287.24645012386424,11528.554756812531,136,119,11,0,0.01442216700525023,,,,
annex,random,5346,optical,hash,0,11,11,True,2774.005700699793,252.18233642725392,9935.028503498967,122,116,13,2,0.05863075001980178,,,,
annex,random,5346,phased,hash,0,11,11,True,3818.1692897909675,347.1062990719061,13855.846448954837,166,162,11,0,0.012146124994615093,,,,
annex,random,5346,v2,hash,0,11,11,True,2947.409292514033,267.9462993194575,10912.046462570164,119,115,11,0,0.11761762498645112,,,,
annex,random,5346,v3,hash,0,11,11,True,2764.492277144147,251.317479740377,9892.461385720735,123,116,11,0,0.04678762500407174,,,,
annex,random,5346,v3_origin20,hash,0,11,11,True,2983.015375510891,271.18321595553556,10465.076877554455,140,135,11,0,0.0580934579775203,,,,
annex,random,5347,joint,hash,0,12,12,True,3626.8183897877675,302.2348658156473,13539.091948938838,146,129,12,0,0.01536816600128077,,,,
annex,random,5347,optical,hash,0,12,12,True,3157.045722588425,263.08714354903543,12090.228612942126,114,109,12,0,0.06655841702013277,,,,
annex,random,5347,phased,hash,0,12,12,True,4171.2278911289995,347.60232426075,15501.139455645,169,166,12,0,0.01465304201701656,,,,
annex,random,5347,v2,hash,0,12,12,True,3515.27066141444,292.93922178453664,13161.3533070722,138,133,12,0,0.13334845801000483,,,,
annex,random,5347,v3,hash,0,12,12,True,3188.205267790367,265.6837723158639,12036.026338951835,121,116,12,0,0.05333654099376872,,,,
annex,random,5347,v3_origin20,hash,0,12,12,True,3476.6901042944437,289.7241753578703,12883.450521472218,141,135,12,0,0.06243275001179427,,,,
annex,random,5348,joint,hash,0,13,13,True,3066.77671413682,235.9059010874477,11373.8835706841,124,107,13,0,0.022717790998285636,,,,
annex,random,5348,optical,hash,0,13,13,True,3036.4068219529604,233.5697555348431,10917.034109764802,130,126,17,4,0.07674250000854954,,,,
annex,random,5348,phased,hash,0,13,13,True,3899.7842311310424,299.9834023946956,14268.92115565521,164,161,13,0,0.017292834003455937,,,,
annex,random,5348,v2,hash,0,13,13,True,3013.4816561669813,231.80628124361394,10312.408280834907,149,141,13,0,0.178801583009772,,,,
annex,random,5348,v3,hash,0,13,13,True,3040.5584228597017,233.88910945074628,10942.792114298509,132,127,13,0,0.06144662501174025,,,,
annex,random,5348,v3_origin20,hash,0,13,13,True,2818.2460048757707,216.78815422121312,9496.230024378854,144,134,13,0,0.07492666700272821,,,,
annex,random,5349,joint,hash,0,14,14,True,3563.7959174741018,254.55685124815014,13273.97958737051,143,124,14,0,0.022296250012004748,,,,
annex,random,5349,optical,hash,0,14,14,True,3346.767023693685,239.0547874066918,12248.835118468425,137,133,17,3,0.08051858399994671,,,,
annex,random,5349,phased,hash,0,14,14,True,4285.673092299551,306.1195065928251,16063.365461497755,168,163,14,0,0.016877417016075924,,,,
annex,random,5349,v2,hash,0,14,14,True,3434.3058768818764,245.30756263441975,12486.529384409383,145,142,14,0,0.15985029199509881,,,,
annex,random,5349,v3,hash,0,14,14,True,3424.5169679681994,244.60835485487138,12522.584839840998,142,140,14,0,0.06496804099879228,,,,
annex,random,5349,v3_origin20,hash,0,14,14,True,3462.504335571469,247.32173825510492,12567.521677857343,148,139,14,0,0.08861612499458715,,,,
annex,random,5350,joint,hash,0,10,10,True,3375.85112020335,337.58511202033503,12429.25560101675,142,130,10,0,0.015019207989098504,,,,
annex,random,5350,optical,hash,0,10,10,True,2809.379106251275,280.93791062512753,10256.895531256376,118,115,11,1,0.05771458300296217,,,,
annex,random,5350,phased,hash,0,10,10,True,3943.7197379422055,394.37197379422054,14533.598689711027,165,162,10,0,0.012560417002532631,,,,
annex,random,5350,v2,hash,0,10,10,True,3104.9125048406163,310.49125048406165,10794.562524203082,150,146,10,0,0.11590312499902211,,,,
annex,random,5350,v3,hash,0,10,10,True,2843.143892707738,284.3143892707738,10235.71946353869,125,121,10,0,0.05178400001022965,,,,
annex,random,5350,v3_origin20,hash,0,10,10,True,2906.5927764767994,290.6592776476799,10117.963882383998,140,133,10,0,0.06112916601705365,,,,
annex,random,5351,joint,hash,0,12,12,True,3845.9786243182157,320.49821869318464,14814.893121591078,142,113,12,0,0.015196624997770414,,,,
annex,random,5351,optical,hash,0,12,12,True,3213.033426634458,267.7527855528715,12295.16713317229,117,109,12,0,0.05485275000683032,,,,
annex,random,5351,phased,hash,0,12,12,True,4272.155404887386,356.0129504072822,15700.77702443693,181,167,12,0,0.015424624987645075,,,,
annex,random,5351,v2,hash,0,12,12,True,3266.0319654727127,272.1693304560594,12205.159827363565,128,125,12,0,0.11527829198166728,,,,
annex,random,5351,v3,hash,0,12,12,True,3296.988898500249,274.74907487502077,12469.944492501245,125,118,12,0,0.05445958400378004,,,,
annex,random,5351,v3_origin20,hash,0,12,12,True,3302.6164431672814,275.2180369306068,12338.082215836406,130,125,12,0,0.05211312501342036,,,,
annex,random,5352,joint,hash,0,12,12,True,3473.175478074118,289.4312898395098,12775.87739037059,146,128,12,0,0.017678417003480718,,,,
annex,random,5352,optical,hash,0,12,12,True,3204.649729949192,267.0541441624327,12058.248649745961,123,115,13,1,0.07203650000155903,,,,
annex,random,5352,phased,hash,0,12,12,True,4259.448300499136,354.95402504159466,16022.241502495679,167,160,12,0,0.015409250016091391,,,,
annex,random,5352,v2,hash,0,12,12,True,3220.1914170628816,268.34928475524015,11590.957085314409,141,137,12,0,0.1332690000126604,,,,
annex,random,5352,v3,hash,0,12,12,True,3230.6512036483623,269.22093363736354,11968.256018241811,130,127,12,0,0.06073620801907964,,,,
annex,random,5352,v3_origin20,hash,0,12,12,True,3324.4550153131095,277.0379179427591,12417.275076565547,131,126,12,0,0.08476937501109205,,,,
annex,random,5353,joint,hash,0,13,13,True,3060.936808330855,235.4566775639119,11119.684041654275,131,117,13,0,0.016923417017096654,,,,
annex,random,5353,optical,hash,0,13,13,True,2920.1588487339695,224.6276037487669,10765.794243669849,117,114,14,1,0.07245395900099538,,,,
annex,random,5353,phased,hash,0,13,13,True,3766.6888947908315,289.74529959929475,13658.444473954158,162,160,13,0,0.017152458982309327,,,,
annex,random,5353,v2,hash,0,13,13,True,2864.4212059917745,220.34009276859803,10327.106029958873,123,119,13,0,0.1492324999999255,,,,
annex,random,5353,v3,hash,0,13,13,True,2916.2831619249623,224.32947399422787,10686.415809624812,120,114,13,0,0.05574941699160263,,,,
annex,random,5353,v3_origin20,hash,0,13,13,True,2737.735800230287,210.59506155617595,9243.679001151435,138,134,13,0,0.06982825000886805,,,,
annex,random,5354,joint,hash,0,11,11,True,3338.9852284657245,303.5441116787022,12029.926142328623,149,133,11,0,0.015218083979561925,,,,
annex,random,5354,optical,hash,0,11,11,True,2922.0374588318928,265.63976898471753,10730.187294159465,120,115,13,2,0.07075895799789578,,,,
annex,random,5354,phased,hash,0,11,11,True,4082.628182031383,371.14801654830757,15233.140910156915,164,161,11,0,0.011977707996265963,,,,
annex,random,5354,v2,hash,0,11,11,True,2983.368931132929,271.2153573757208,10451.844655664645,140,138,11,0,0.12187949998769909,,,,
annex,random,5354,v3,hash,0,11,11,True,2902.0993715038426,263.82721559125844,10500.496857519212,125,122,11,0,0.05653729199548252,,,,
annex,random,5354,v3_origin20,hash,0,11,11,True,2997.8501034331593,272.5318275848327,10409.250517165796,144,141,11,0,0.06021566697745584,,,,
annex,random,5355,joint,hash,0,12,12,True,3566.2662473050946,297.1888539420912,13086.331236525473,152,129,12,0,0.01503845799015835,,,,
annex,random,5355,optical,hash,0,12,12,True,2774.5706016157296,231.2142168013108,10127.853008078648,115,111,13,1,0.05907429102808237,,,,
annex,random,5355,phased,hash,0,12,12,True,4006.240046126918,333.8533371772432,14701.20023063459,168,166,12,0,0.013542999979108572,,,,
annex,random,5355,v2,hash,0,12,12,True,3346.9959449194434,278.91632874328695,12054.979724597217,147,141,12,0,0.12694079100037925,,,,
annex,random,5355,v3,hash,0,12,12,True,2799.0248815323507,233.25207346102923,10085.124407661753,121,117,12,0,0.05285645800177008,,,,
annex,random,5355,v3_origin20,hash,0,12,12,True,3185.7348289308875,265.4779024109073,11158.674144654437,150,144,12,0,0.058022167009767145,,,,
annex,random,5356,joint,hash,0,15,15,True,2835.8307528478463,189.05538352318976,10619.153764239232,107,102,15,0,0.024412666010903195,,,,
annex,random,5356,optical,hash,0,15,15,True,2936.704632778738,195.78030885191586,11058.52316389369,108,107,16,1,0.09437366700149141,,,,
annex,random,5356,phased,hash,0,15,15,True,3689.6610741264135,245.9774049417609,13168.305370632068,164,161,15,0,0.02045495799393393,,,,
annex,random,5356,v2,hash,0,15,15,True,2916.944036166719,194.46293574444792,10414.720180833594,128,119,15,0,0.18277791599393822,,,,
annex,random,5356,v3,hash,0,15,15,True,2948.2054185259567,196.54702790173044,10971.027092629784,114,109,15,0,0.07260400001541711,,,,
annex,random,5356,v3_origin20,hash,0,15,15,True,2881.870644737313,192.1247096491542,10179.353223686565,130,121,15,0,0.08842691697645932,,,,
annex,random,5357,joint,hash,0,11,11,True,2783.763779023643,253.06943445669484,9828.818895118215,129,118,11,0,0.016676792001817375,,,,
annex,random,5357,optical,hash,0,11,11,True,2682.4993757804887,243.86357961640806,9597.496878902442,118,115,12,1,0.05903183398186229,,,,
annex,random,5357,phased,hash,0,11,11,True,3562.650214858516,323.8772922598651,12658.251074292579,163,161,11,0,0.013425749988527969,,,,
annex,random,5357,v2,hash,0,11,11,True,2599.9314295152953,236.35740268320868,8784.657147576476,132,128,11,0,0.1365647919883486,,,,
annex,random,5357,v3,hash,0,11,11,True,2682.4718740627154,243.86107946024686,9592.359370313578,119,114,11,0,0.04727483299211599,,,,
annex,random,5357,v3_origin20,hash,0,11,11,True,2612.9971534649712,237.54519576954283,8759.985767324855,135,131,11,0,0.06886591599322855,,,,
annex,random,5358,joint,hash,0,11,11,True,3159.9228150704826,287.26571046095296,11684.614075352412,130,118,11,0,0.016445209010271356,,,,
annex,random,5358,optical,hash,0,11,11,True,3099.3079258414537,281.7552659855867,11606.539629207267,121,118,11,0,0.06358412498957478,,,,
annex,random,5358,phased,hash,0,11,11,True,4099.302556671362,372.66386878830565,15316.512783356811,164,161,11,0,0.014792791975196451,,,,
annex,random,5358,v2,hash,0,11,11,True,3243.1293554748117,294.8299414068011,11610.646777374059,145,141,11,0,0.15343245799886063,,,,
annex,random,5358,v3,hash,0,11,11,True,3118.915736688619,283.5377942444199,11584.578683443095,125,122,11,0,0.05362720799166709,,,,
annex,random,5358,v3_origin20,hash,0,11,11,True,3264.741702120425,296.7947001927659,11598.708510602126,149,145,11,0,0.07127995797782205,,,,
annex,random,5359,joint,hash,0,10,10,True,3174.4686089095608,317.4468608909561,11522.343044547804,139,125,10,0,0.012924917013151571,,,,
annex,random,5359,optical,hash,0,10,10,True,2977.0005806522026,297.7000580652203,10990.002903261013,121,115,13,3,0.057655040989629924,,,,
annex,random,5359,phased,hash,0,10,10,True,4133.356688644932,413.3356688644932,15506.783443224656,164,162,10,0,0.012229916988871992,,,,
annex,random,5359,v2,hash,0,10,10,True,3176.6376850657116,317.66376850657116,11308.188425328557,145,140,10,0,0.13616066699614748,,,,
annex,random,5359,v3,hash,0,10,10,True,2981.299739595906,298.1299739595906,10866.49869797953,127,123,10,0,0.04723574998206459,,,,
annex,random,5359,v3_origin20,hash,0,10,10,True,3191.939656251138,319.1939656251138,11239.698281255689,150,144,10,0,0.06305220900685526,,,,
annex,random,5360,joint,hash,0,16,16,True,3393.288518565575,212.08053241034844,13096.442592827876,118,104,16,0,0.024526833003619686,,,,
annex,random,5360,optical,hash,0,16,16,True,3053.5311624947954,190.8456976559247,11092.655812473977,125,121,19,3,0.10233824999886565,,,,
annex,random,5360,phased,hash,0,16,16,True,4019.524475294821,251.22027970592632,15237.622376474104,150,142,16,0,0.019971792004071176,,,,
annex,random,5360,v2,hash,0,16,16,True,2996.3350266471434,187.27093916544646,11001.675133235716,120,116,16,0,0.2288426670129411,,,,
annex,random,5360,v3,hash,0,16,16,True,3057.5080129920734,191.0942508120046,11007.540064960367,130,126,16,0,0.08509274999960326,,,,
annex,random,5360,v3_origin20,hash,0,16,16,True,3283.104302142838,205.19401888392738,12415.52151071419,121,115,16,0,0.07426304198452272,,,,
annex,random,5361,joint,hash,0,14,14,True,3616.2513362982822,258.3036668784487,13781.256681491412,135,115,14,0,0.019133167021209374,,,,
annex,random,5361,optical,hash,0,14,14,True,3268.6895193521323,233.4778228108666,12448.447596760661,119,114,14,0,0.07728404097724706,,,,
annex,random,5361,phased,hash,0,14,14,True,4375.314160797572,312.52244005696946,16476.57080398786,169,165,14,0,0.016932458005612716,,,,
annex,random,5361,v2,hash,0,14,14,True,3320.022951056869,237.14449650406206,12250.114755284345,134,130,14,0,0.1438189169857651,,,,
annex,random,5361,v3,hash,0,14,14,True,3300.286474685755,235.73474819183963,12371.432373428774,127,121,14,0,0.06677383297937922,,,,
annex,random,5361,v3_origin20,hash,0,14,14,True,3269.935848402735,233.56684631448107,11694.679242013674,144,141,14,0,0.0809377089899499,,,,
annex,random,5362,joint,hash,0,14,14,True,3331.0119984626817,237.92942846162012,12870.059992313409,117,102,14,0,0.02206612500594929,,,,
annex,random,5362,optical,hash,0,14,14,True,2965.017407010513,211.78695764360808,11280.087035052566,107,101,15,1,0.06713349997880869,,,,
annex,random,5362,phased,hash,0,14,14,True,4069.3655674379906,290.6689691027136,15121.827837189952,163,160,14,0,0.01792358301463537,,,,
annex,random,5362,v2,hash,0,14,14,True,3146.9021720093015,224.77872657209295,10999.510860046506,147,142,14,0,0.21436104099848308,,,,
annex,random,5362,v3,hash,0,14,14,True,2991.5315268739537,213.68082334813954,11247.657634369769,113,107,14,0,0.05660233399248682,,,,
annex,random,5362,v3_origin20,hash,0,14,14,True,3108.7611210911973,222.05436579222837,10868.805605455987,145,140,14,0,0.08694841698161326,,,,
annex,random,5363,joint,hash,0,15,15,True,3259.4133884028474,217.29422589352316,12407.066942014237,119,108,15,0,0.022066916979383677,,,,
annex,random,5363,optical,hash,0,15,15,True,2939.5787469176494,195.97191646117662,11417.893734588248,97,93,16,1,0.07775179200689308,,,,
annex,random,5363,phased,hash,0,15,15,True,4164.593127222394,277.63954181482626,15422.965636111972,168,165,15,0,0.01935066599980928,,,,
annex,random,5363,v2,hash,0,15,15,True,3149.151648762664,209.94344325084427,11290.75824381332,137,131,15,0,0.203475582995452,,,,
annex,random,5363,v3,hash,0,15,15,True,2958.907612826084,197.26050752173893,11344.53806413042,103,100,15,0,0.06695124998805113,,,,
annex,random,5363,v3_origin20,hash,0,15,15,True,3011.062190990241,200.7374793993494,10695.310954951206,134,127,15,0,0.08581695900647901,,,,
annex,random,5364,joint,hash,0,14,14,True,3606.6237557542418,257.6159825538744,13893.118778771208,130,108,14,0,0.018054124986520037,,,,
annex,random,5364,optical,hash,0,14,14,True,3149.2744806055757,224.94817718611256,11621.372403027879,126,119,16,2,0.06885883398354053,,,,
annex,random,5364,phased,hash,0,14,14,True,4247.305251235986,303.37894651685616,15731.526256179932,173,166,14,0,0.015557792008621618,,,,
annex,random,5364,v2,hash,0,14,14,True,3040.149541588607,217.1535386849005,11145.747707943035,125,116,14,0,0.15202254100586288,,,,
annex,random,5364,v3,hash,0,14,14,True,3151.7777679664423,225.12698342617446,11453.88883983221,133,126,14,0,0.056299124989891425,,,,
annex,random,5364,v3_origin20,hash,0,14,14,True,3091.116238148345,220.79401701059606,11250.581190741725,129,126,14,0,0.0711991670250427,,,,
annex,random,5365,joint,hash,0,14,14,True,3118.0291584455726,222.71636846039806,11270.145792227862,135,119,14,0,0.021209833008470014,,,,
annex,random,5365,optical,hash,0,14,14,True,2914.4755164228477,208.17682260163198,10847.377582114239,113,107,15,1,0.06847062497399747,,,,
annex,random,5365,phased,hash,0,14,14,True,3964.874691467795,283.2053351048425,14564.373457338974,164,162,14,0,0.017299416998866946,,,,
annex,random,5365,v2,hash,0,14,14,True,3030.7577035834192,216.48269311310136,10718.788517917097,137,132,14,0,0.1512698750011623,,,,
annex,random,5365,v3,hash,0,14,14,True,2902.9691297148083,207.35493783677202,10594.845648574043,120,114,14,0,0.059210749983321875,,,,
annex,random,5365,v3_origin20,hash,0,14,14,True,3078.122196663066,219.865871190219,10750.61098331533,144,138,14,0,0.0743628749914933,,,,
annex,random,5366,joint,hash,0,16,16,True,3676.255538561173,229.76597116007332,14046.277692805865,135,112,16,0,0.02414466699701734,,,,
annex,random,5366,optical,hash,0,16,16,True,3302.648198823754,206.4155124264846,12598.240994118769,116,111,20,4,0.09008087500114925,,,,
annex,random,5366,phased,hash,0,16,16,True,4445.762716056479,277.86016975352993,16753.813580282396,170,165,16,0,0.01867704201140441,,,,
annex,random,5366,v2,hash,0,16,16,True,3222.7899814093516,201.42437383808448,12023.949907046757,124,118,16,0,0.2296837079920806,,,,
annex,random,5366,v3,hash,0,16,16,True,3295.8505725296664,205.99066078310415,12504.25286264833,120,115,16,0,0.07848395800101571,,,,
annex,random,5366,v3_origin20,hash,0,16,16,True,3220.3111108032745,201.26944442520465,11801.555554016371,131,125,16,0,0.0869807499984745,,,,
annex,random,5367,joint,hash,0,11,11,True,3357.7860886410367,305.2532807855488,12338.930443205183,142,125,11,0,0.01835704201948829,,,,
annex,random,5367,optical,hash,0,11,11,True,2893.3777511838734,263.03434101671576,10551.888755919366,120,116,15,4,0.06487887501134537,,,,
annex,random,5367,phased,hash,0,11,11,True,4101.190808410293,372.8355280372994,15185.954042051466,169,164,11,0,0.013768959004664794,,,,
annex,random,5367,v2,hash,0,11,11,True,3030.135259833682,275.466841803062,10715.67629916841,140,132,11,0,0.1362086670123972,,,,
annex,random,5367,v3,hash,0,11,11,True,2889.860707005302,262.71460972775475,10404.30353502651,126,124,11,0,0.05782895899028517,,,,
annex,random,5367,v3_origin20,hash,0,11,11,True,3016.3754847563014,274.21595315966374,10756.877423781507,136,130,11,0,0.05720691700116731,,,,
annex,random,5368,joint,hash,0,15,15,True,3594.4574431506107,239.63049621004072,13942.287215753053,126,101,15,0,0.022396915999706835,,,,
annex,random,5368,optical,hash,0,15,15,True,3264.1270051434653,217.60846700956435,12495.635025717327,115,112,16,1,0.07069895800668746,,,,
annex,random,5368,phased,hash,0,15,15,True,4529.932173677416,301.9954782451611,17149.660868387084,172,165,15,0,0.0199643750092946,,,,
annex,random,5368,v2,hash,0,15,15,True,3562.5602660625036,237.50401773750025,13642.801330312519,128,119,15,0,0.20286895899334922,,,,
annex,random,5368,v3,hash,0,15,15,True,3279.822978617263,218.65486524115084,12444.114893086315,120,116,15,0,0.05858133299625479,,,,
annex,random,5368,v3_origin20,hash,0,15,15,True,3382.1104149504563,225.47402766336376,12425.55207475228,138,132,15,0,0.07419087499147281,,,,
annex,random,5369,joint,hash,0,10,10,True,3105.7709256022863,310.5770925602286,11183.854628011431,138,129,10,0,0.012636084022233263,,,,
annex,random,5369,optical,hash,0,10,10,True,2910.5438761835508,291.05438761835507,10457.719380917753,128,123,12,2,0.059202915988862514,,,,
annex,random,5369,phased,hash,0,10,10,True,3884.8436883182203,388.48436883182205,14159.218441591102,168,163,10,0,0.013853125012246892,,,,
annex,random,5369,v2,hash,0,10,10,True,2910.919438974887,291.0919438974887,9979.597194874434,145,140,10,0,0.13685433400678448,,,,
annex,random,5369,v3,hash,0,10,10,True,2938.410318506484,293.8410318506484,10442.051592532422,134,130,10,0,0.05233366700122133,,,,
annex,random,5369,v3_origin20,hash,0,10,10,True,2907.260320667248,290.72603206672477,9866.30160333624,148,144,10,0,0.061189500003820285,,,,
annex,random,5370,joint,hash,0,14,14,True,3872.4510718761803,276.60364799115575,14877.2553593809,142,117,14,0,0.02119674999266863,,,,
annex,random,5370,optical,hash,0,14,14,True,3233.864942686515,230.99035304903677,12229.324713432574,120,115,15,1,0.07746704202145338,,,,
annex,random,5370,phased,hash,0,14,14,True,4356.589810421427,311.18498645867334,16372.949052107133,169,167,14,0,0.016663958987919614,,,,
annex,random,5370,v2,hash,0,14,14,True,3513.98445867562,250.99888990540143,12719.9222933781,151,145,14,0,0.17398062499705702,,,,
annex,random,5370,v3,hash,0,14,14,True,3261.1333600702937,232.93809714787812,12220.666800351468,125,122,14,0,0.05826558300759643,,,,
annex,random,5370,v3_origin20,hash,0,14,14,True,3586.654206329616,256.18958616640117,12683.27103164808,164,160,14,0,0.10504100000252947,,,,
annex,random,5371,joint,hash,0,15,15,True,3569.3941708457314,237.95961138971543,13671.970854228657,131,105,15,0,0.02085579201229848,,,,
annex,random,5371,optical,hash,0,15,15,True,3377.5192737739667,225.1679515849311,12917.596368869834,120,110,18,3,0.08357591700041667,,,,
annex,random,5371,phased,hash,0,15,15,True,4311.677623863379,287.4451749242253,16058.388119316895,172,165,15,0,0.019767999998293817,,,,
annex,random,5371,v2,hash,0,15,15,True,3223.5187318302847,214.90124878868565,12047.593659151424,125,114,15,0,0.1699080830148887,,,,
annex,random,5371,v3,hash,0,15,15,True,3385.403160679819,225.69354404532126,12882.015803399094,124,114,15,0,0.06554541699006222,,,,
annex,random,5371,v3_origin20,hash,0,15,15,True,3219.1380008881547,214.6092000592103,11930.690004440774,128,118,15,0,0.08691520799766295,,,,
annex,random,5372,joint,hash,0,15,15,True,3531.0830653477506,235.40553768985004,13190.415326738752,140,118,15,0,0.025854541978333145,,,,
annex,random,5372,optical,hash,0,15,15,True,2985.7691713660183,199.0512780910679,10633.845856830092,131,126,16,1,0.07869900000514463,,,,
annex,random,5372,phased,hash,0,15,15,True,3901.235965826007,260.0823977217338,14026.179829130035,171,166,15,0,0.02271895800367929,,,,
annex,random,5372,v2,hash,0,15,15,True,3007.902010016853,200.5268006677902,10859.510050084265,128,121,15,0,0.19552891701459885,,,,
annex,random,5372,v3,hash,0,15,15,True,2986.549114378538,199.10327429190252,10617.74557189269,132,128,15,0,0.0784996250004042,,,,
annex,random,5372,v3_origin20,hash,0,15,15,True,2906.146354631497,193.74309030876648,10325.731773157486,129,121,15,0,0.074499874986941,,,,
annex,random,5373,joint,hash,0,16,16,True,3170.9183149889263,198.1823946868079,12239.591574944632,109,98,16,0,0.02376708298106678,,,,
annex,random,5373,optical,hash,0,16,16,True,2795.0945238309023,174.6934077394314,10560.472619154512,100,97,18,2,0.09682529099518433,,,,
annex,random,5373,phased,hash,0,16,16,True,3861.5764927720616,241.34853079825385,14447.882463860307,149,147,16,0,0.021314249985152856,,,,
annex,random,5373,v2,hash,0,16,16,True,3129.0371479414634,195.56482174634147,11510.185739707316,126,117,16,0,0.2715880420000758,,,,
annex,random,5373,v3,hash,0,16,16,True,3095.488766333269,193.4680478958293,11592.443831666344,117,112,16,0,0.07337416699738242,,,,
annex,random,5373,v3_origin20,hash,0,16,16,True,3002.0885080345797,187.63053175216123,10975.442540172899,122,117,16,0,0.08663550001801923,,,,
annex,random,5374,joint,hash,0,12,12,True,3140.4168516040477,261.7014043003373,11562.084258020239,130,118,12,0,0.02064154198160395,,,,
annex,random,5374,optical,hash,0,12,12,True,3056.5955964195814,254.71629970163178,11252.977982097907,125,121,12,0,0.06811362502048723,,,,
annex,random,5374,phased,hash,0,12,12,True,4069.2763962124905,339.1063663510409,15131.381981062452,164,163,12,0,0.015054334013257176,,,,
annex,random,5374,v2,hash,0,12,12,True,3140.4287915963373,261.7023992996948,11107.143957981687,144,139,12,0,0.15434866599389352,,,,
annex,random,5374,v3,hash,0,12,12,True,3083.8768683133103,256.9897390261092,11239.384341566552,130,126,12,0,0.060166874987771735,,,,
annex,random,5374,v3_origin20,hash,0,12,12,True,3041.373303553755,253.44777529614623,11196.866517768774,124,122,12,0,0.07859220798127353,,,,
annex,random,5375,joint,hash,0,16,16,True,3657.7538216865823,228.6096138554114,14658.769108432913,112,86,16,0,0.021315624995622784,,,,
annex,random,5375,optical,hash,0,16,16,True,3280.1543850186254,205.00964906366409,12420.771925093126,119,112,19,3,0.08625491699785925,,,,
annex,random,5375,phased,hash,0,16,16,True,4454.263969907837,278.3914981192398,17161.319849539184,159,147,16,0,0.020503875013673678,,,,
annex,random,5375,v2,hash,0,16,16,True,3446.4264639183993,215.40165399489996,12862.132319591996,133,129,16,0,0.24162958399392664,,,,
annex,random,5375,v3,hash,0,16,16,True,3283.6995221152165,205.23122013220103,12438.497610576082,120,116,16,0,0.06946016699657775,,,,
annex,random,5375,v3_origin20,hash,0,16,16,True,3342.259672266056,208.8912295166285,12106.29836133028,141,136,16,0,0.08967449999181554,,,,
annex,random,5376,joint,hash,0,15,15,True,4000.4048966397454,266.693659775983,15297.024483198727,149,121,15,0,0.020604666002327576,,,,
annex,random,5376,optical,hash,0,15,15,True,3529.3088052158446,235.2872536810563,13611.544026079224,122,113,18,3,0.08551245799753815,,,,
annex,random,5376,phased,hash,0,15,15,True,4426.120003425285,295.074666895019,16755.600017126424,167,165,15,0,0.016709084011381492,,,,
annex,random,5376,v2,hash,0,15,15,True,3592.844029992541,239.52293533283606,13679.220149962704,131,127,15,0,0.22952908297884278,,,,
annex,random,5376,v3,hash,0,15,15,True,3550.2890645130415,236.68593763420276,13566.445322565207,128,122,15,0,0.06956379101029597,,,,
annex,random,5376,v3_origin20,hash,0,15,15,True,3651.316050776557,243.42107005177047,13421.580253882785,149,147,15,0,0.10184879202279262,,,,
annex,random,5377,joint,hash,0,13,13,True,3312.6429013515817,254.81868471935243,12538.21450675791,126,110,13,0,0.020463374996325,,,,
annex,random,5377,optical,hash,0,13,13,True,2957.139581446908,227.472275495916,10810.69790723454,121,119,15,2,0.08118687500245869,,,,
annex,random,5377,phased,hash,0,13,13,True,4207.581819724401,323.66013997880003,15717.909098622004,167,164,13,0,0.01862791698658839,,,,
annex,random,5377,v2,hash,0,13,13,True,3063.159325906386,235.62764045433738,10995.796629531931,134,129,13,0,0.1601562089927029,,,,
annex,random,5377,v3,hash,0,13,13,True,2971.8396512327627,228.6030500948279,10804.198256163812,125,121,13,0,0.06861033299355768,,,,
annex,random,5377,v3_origin20,hash,0,13,13,True,2984.8695711086884,229.60535162374526,10634.347855543441,133,128,13,0,0.06989137499476783,,,,
annex,random,5378,joint,hash,0,13,13,True,3049.508656189972,234.57758893769017,10937.54328094986,134,127,13,0,0.021432500012451783,,,,
annex,random,5378,optical,hash,0,13,13,True,2867.5277376833374,220.5790567448721,9902.638688416688,137,128,16,3,0.0830897499981802,,,,
annex,random,5378,phased,hash,0,13,13,True,3877.3347577289596,298.25651982530457,14206.673788644799,162,161,13,0,0.015380416996777058,,,,
annex,random,5378,v2,hash,0,13,13,True,3012.865237355776,231.75886441198278,10339.32618677888,147,145,13,0,0.19906612500199117,,,,
annex,random,5378,v3,hash,0,13,13,True,2871.104243145828,220.85417254967908,9855.52121572914,140,135,13,0,0.0707754580071196,,,,
annex,random,5378,v3_origin20,hash,0,13,13,True,2993.870427897269,230.29772522286686,9854.352139486346,160,158,13,0,0.08967845799634233,,,,
annex,random,5379,joint,hash,0,15,15,True,3744.855821010872,249.65705473405814,14584.279105054362,129,108,15,0,0.025469666987191886,,,,
annex,random,5379,optical,hash,0,15,15,True,3396.281430100477,226.41876200669847,13126.407150502384,116,110,17,2,0.10689470800571144,,,,
annex,random,5379,phased,hash,0,15,15,True,4383.146817877239,292.2097878584826,16525.734089386195,168,163,15,0,0.022161874978337437,,,,
annex,random,5379,v2,hash,0,15,15,True,3424.7052454784093,228.31368303189396,12863.526227392047,130,127,15,0,0.20979220801382326,,,,
annex,random,5379,v3,hash,0,15,15,True,3411.106540533757,227.40710270225048,13010.532702668786,123,119,15,0,0.09714091700152494,,,,
annex,random,5379,v3_origin20,hash,0,15,15,True,3221.3227042938784,214.75484695292522,11531.613521469391,141,135,15,0,0.09370158400270157,,,,
annex,random,5380,joint,hash,0,14,14,True,3412.4591156824263,243.74707969160187,12917.295578412131,130,109,14,0,0.021043207991169766,,,,
annex,random,5380,optical,hash,0,14,14,True,3173.3166031167993,226.66547165119997,11731.583015583996,125,120,18,4,0.08047545800218359,,,,
annex,random,5380,phased,hash,0,14,14,True,4310.9877466934695,307.92769619239067,16214.938733467347,167,163,14,0,0.017238125001313165,,,,
annex,random,5380,v2,hash,0,14,14,True,3114.8808087556513,222.49148633968937,11364.404043778257,130,122,14,0,0.21600349998334423,,,,
annex,random,5380,v3,hash,0,14,14,True,3144.1502708180305,224.5821622012879,11560.751354090153,128,122,14,0,0.07137216700357385,,,,
annex,random,5380,v3_origin20,hash,0,14,14,True,3116.429612284568,222.60211516318344,11307.14806142284,132,125,14,0,0.08609229201101698,,,,
annex,random,5381,joint,hash,0,10,10,True,2918.4013433925866,291.84013433925867,10512.006716962933,130,116,10,0,0.014624083007220179,,,,
annex,random,5381,optical,hash,0,10,10,True,2794.845494180413,279.4845494180413,10174.227470902064,118,114,12,2,0.06101550001767464,,,,
annex,random,5381,phased,hash,0,10,10,True,3832.995309164403,383.2995309164403,13999.976545822014,164,163,10,0,0.011210083001060411,,,,
annex,random,5381,v2,hash,0,10,10,True,2833.347669152575,283.3347669152575,9921.738345762873,134,129,10,0,0.1238168329873588,,,,
annex,random,5381,v3,hash,0,10,10,True,2773.0614040147366,277.30614040147367,10065.307020073684,119,115,10,0,0.046104000008199364,,,,
annex,random,5381,v3_origin20,hash,0,10,10,True,2856.707574760376,285.6707574760376,9793.537873801879,142,138,10,0,0.0639508749882225,,,,
annex,random,5382,joint,hash,0,13,13,True,3444.267840041318,264.9436800031783,12746.339200206588,141,125,13,0,0.021353457996156067,,,,
annex,random,5382,optical,hash,0,13,13,True,2821.264183489603,217.02032180689255,10746.320917448014,101,99,14,1,0.06401591701433063,,,,
annex,random,5382,phased,hash,0,13,13,True,3994.2195046772686,307.2476542059437,14736.097523386343,164,162,13,0,0.01681899998220615,,,,
annex,random,5382,v2,hash,0,13,13,True,2919.229207734944,224.556092902688,10421.146038674719,129,125,13,0,0.12837579200277105,,,,
annex,random,5382,v3,hash,0,13,13,True,2826.865975051729,217.451228850133,10649.329875258645,106,102,13,0,0.04930429099476896,,,,
annex,random,5382,v3_origin20,hash,0,13,13,True,2886.3447315897997,222.02651781459997,10271.723657948998,129,122,13,0,0.06197991597582586,,,,
annex,random,5383,joint,hash,0,13,13,True,2731.3303600150693,210.10233538577455,9856.651800075348,117,110,13,0,0.024145249975845218,,,,
annex,random,5383,optical,hash,0,13,13,True,2635.5229077390895,202.73253136454534,9132.614538695449,125,113,15,2,0.07282562501495704,,,,
annex,random,5383,phased,hash,0,13,13,True,3595.184171669747,276.55262858998054,12800.920858348734,162,160,13,0,0.01795170799596235,,,,
annex,random,5383,v2,hash,0,13,13,True,2709.861448810827,208.45088067775592,9439.307244054135,127,122,13,0,0.2046085839974694,,,,
annex,random,5383,v3,hash,0,13,13,True,2615.9134459243182,201.22411122494756,8954.56722962159,128,120,13,0,0.058731333003379405,,,,
annex,random,5383,v3_origin20,hash,0,13,13,True,2653.0218828079737,204.07860636984412,9095.109414039869,129,124,13,0,0.07399224999244325,,,,
annex,random,5384,joint,hash,0,13,13,True,3855.0792723381433,296.5445594106264,14790.396361690717,143,117,13,0,0.019032540993066505,,,,
annex,random,5384,optical,hash,0,13,13,True,3357.440465032519,258.2646511563476,12752.202325162596,124,119,14,1,0.08944358301232569,,,,
annex,random,5384,phased,hash,0,13,13,True,4499.473703626096,346.113361817392,16892.36851813048,178,166,13,0,0.016348916018614545,,,,
annex,random,5384,v2,hash,0,13,13,True,3424.2408323523887,263.40314095018374,12931.204161761943,130,123,13,0,0.15451550000580028,,,,
annex,random,5384,v3,hash,0,13,13,True,3378.1277428648746,259.855980220375,12690.638714324374,130,125,13,0,0.06290545899537392,,,,
annex,random,5384,v3_origin20,hash,0,13,13,True,3341.3147632709456,257.0242125593035,12406.573816354728,134,125,13,0,0.08282650000182912,,,,
annex,random,5385,joint,hash,0,14,14,True,3064.818057198252,218.91557551416085,11274.09028599126,125,115,14,0,0.02696275000926107,,,,
annex,random,5385,optical,hash,0,14,14,True,2802.930676760849,200.20933405434636,10539.653383804245,105,100,14,0,0.07180466601857916,,,,
annex,random,5385,phased,hash,0,14,14,True,3896.0873436716524,278.29195311940373,14150.436718358262,167,161,14,0,0.020408749987836927,,,,
annex,random,5385,v2,hash,0,14,14,True,2992.8971441637123,213.77836744026516,10479.48572081856,139,132,14,0,0.22759991700877436,,,,
annex,random,5385,v3,hash,0,14,14,True,2820.2296774054585,201.44497695753276,10546.148387027291,108,101,14,0,0.06472416699398309,,,,
annex,random,5385,v3_origin20,hash,0,14,14,True,2970.4973706722276,212.17838361944482,10212.486853361139,144,138,14,0,0.09115083297365345,,,,
annex,random,5386,joint,hash,0,12,12,True,3461.528393806509,288.46069948387577,13257.641969032546,128,110,12,0,0.016345249983714893,,,,
annex,random,5386,optical,hash,0,12,12,True,3062.927448091001,255.24395400758343,11499.637240455006,118,113,12,0,0.0787991669785697,,,,
annex,random,5386,phased,hash,0,12,12,True,4132.046485509957,344.33720712582976,15340.232427549785,168,164,12,0,0.016164209024282172,,,,
annex,random,5386,v2,hash,0,12,12,True,3354.3273405190293,279.5272783765858,12771.636702595146,124,120,12,0,0.18286795797757804,,,,
annex,random,5386,v3,hash,0,12,12,True,3094.360664244291,257.86338868702427,11436.803321221456,125,122,12,0,0.07868674999917857,,,,
annex,random,5386,v3_origin20,hash,0,12,12,True,3353.5977436549465,279.4664786379122,12282.988718274733,141,132,12,0,0.06760654100799002,,,,
annex,random,5387,joint,hash,0,14,14,True,3263.9727972109476,233.14091408649625,11774.863986054737,143,124,14,0,0.02384141698712483,,,,
annex,random,5387,optical,hash,0,14,14,True,3453.674894827588,246.6910639162563,13198.374474137941,125,116,15,1,0.08129329199437052,,,,
annex,random,5387,phased,hash,0,14,14,True,4210.645098088316,300.76036414916547,15588.225490441582,172,163,14,0,0.020475917001022026,,,,
annex,random,5387,v2,hash,0,14,14,True,3067.30907115904,219.09350508278857,11081.545355795199,131,126,14,0,0.16854258297826163,,,,
annex,random,5387,v3,hash,0,14,14,True,3490.023506249112,249.287393303508,13200.11753124556,131,125,14,0,0.06617145799100399,,,,
annex,random,5387,v3_origin20,hash,0,14,14,True,3213.1285091324407,229.50917922374578,11540.642545662204,140,135,14,0,0.08625091699650511,,,,
annex,random,5388,joint,hash,0,15,15,True,3626.0917722631307,241.7394514842087,14115.458861315654,124,108,15,0,0.024761166016105562,,,,
annex,random,5388,optical,hash,0,15,15,True,3282.013471931455,218.80089812876366,12470.067359657276,119,112,17,2,0.09767379201366566,,,,
annex,random,5388,phased,hash,0,15,15,True,4707.1000574935115,313.8066704995674,18115.500287467556,169,164,15,0,0.01894333297968842,,,,
annex,random,5388,v2,hash,0,15,15,True,3280.8313633767975,218.7220908917865,12134.156816883988,131,124,15,0,0.20995312501327135,,,,
annex,random,5388,v3,hash,0,15,15,True,3278.771837311723,218.58478915411487,12398.859186558615,121,119,15,0,0.07632854097755626,,,,
annex,random,5388,v3_origin20,hash,0,15,15,True,3611.3190486579424,240.75460324386282,12991.595243289712,157,153,15,0,0.10583666700404137,,,,
annex,random,5389,joint,hash,0,14,14,True,3814.2168764050994,272.44406260036425,14826.084382025498,134,109,14,0,0.0215992089943029,,,,
annex,random,5389,optical,hash,0,14,14,True,3245.4015530402407,231.81439664573148,12362.007765201204,117,112,16,2,0.09509312501177192,,,,
annex,random,5389,phased,hash,0,14,14,True,4089.5747291107627,292.11248065076876,15127.873645553815,166,164,14,0,0.01583095800015144,,,,
annex,random,5389,v2,hash,0,14,14,True,3197.2740570882047,228.3767183634432,11821.370285441024,128,123,14,0,0.19038087499211542,,,,
annex,random,5389,v3,hash,0,14,14,True,3253.7381093119793,232.40986495085568,12248.690546559896,123,119,14,0,0.07635583300725557,,,,
annex,random,5389,v3_origin20,hash,0,14,14,True,3181.448627736476,227.24633055260543,11652.24313868238,131,126,14,0,0.08123941600206308,,,,
annex,random,5390,joint,hash,0,10,10,True,3109.7867601345683,310.97867601345683,10933.933800672841,148,133,10,0,0.013692583015654236,,,,
annex,random,5390,optical,hash,0,10,10,True,2620.1786461366837,262.0178646136684,9290.89323068342,119,114,11,1,0.052518167009111494,,,,
annex,random,5390,phased,hash,0,10,10,True,3833.6426942433486,383.36426942433485,13938.213471216743,167,161,10,0,0.012112958007492125,,,,
annex,random,5390,v2,hash,0,10,10,True,3015.676772125088,301.5676772125088,10148.38386062544,157,151,10,0,0.16350824999972247,,,,
annex,random,5390,v3,hash,0,10,10,True,2654.3322152788323,265.43322152788323,9321.66107639416,124,120,10,0,0.05691675000707619,,,,
annex,random,5390,v3_origin20,hash,0,10,10,True,2821.720217696082,282.1720217696082,9043.601088480409,161,158,10,0,0.08375562500441447,,,,
annex,random,5391,joint,hash,0,15,15,True,3494.979097703018,232.99860651353453,13484.895488515089,124,103,15,0,0.022857083997223526,,,,
annex,random,5391,optical,hash,0,15,15,True,3237.756192518425,215.85041283456167,12138.780962592125,122,116,18,3,0.07097520798561163,,,,
annex,random,5391,phased,hash,0,15,15,True,4411.646494421124,294.1097662947416,16713.23247210562,166,164,15,0,0.019400083023356274,,,,
annex,random,5391,v2,hash,0,15,15,True,3401.397504488603,226.75983363257353,12316.987522443014,145,138,15,0,0.19666012498782948,,,,
annex,random,5391,v3,hash,0,15,15,True,3246.8135697916105,216.45423798610736,12084.067848958053,127,120,15,0,0.06115779100218788,,,,
annex,random,5391,v3_origin20,hash,0,15,15,True,3533.1612328227684,235.54408218818455,13490.806164113841,128,120,15,0,0.08596225001383573,,,,
annex,random,5392,joint,hash,0,13,13,True,3141.2864037366553,241.6374156720504,12051.432018683276,113,101,13,0,0.017582291009603068,,,,
annex,random,5392,optical,hash,0,13,13,True,2966.143009221121,228.16484686316315,11280.715046105604,108,105,13,0,0.07362683399696834,,,,
annex,random,5392,phased,hash,0,13,13,True,4149.537238043207,319.1951721571698,15407.686190216034,168,163,13,0,0.01566566599649377,,,,
annex,random,5392,v2,hash,0,13,13,True,3226.537776473272,248.19521357486707,11827.68888236636,133,131,13,0,0.15357595900422893,,,,
annex,random,5392,v3,hash,0,13,13,True,2990.327027480246,230.02515596001894,11266.63513740123,113,107,13,0,0.06522412502090447,,,,
annex,random,5392,v3_origin20,hash,0,13,13,True,3216.680114889384,247.43693191456802,11598.400574446921,139,137,13,0,0.06797337500029244,,,,
annex,random,5393,joint,hash,0,11,11,True,3615.1113089727796,328.64648263388904,13415.556544863899,150,127,11,0,0.015556124999420717,,,,
annex,random,5393,optical,hash,0,11,11,True,2985.860459837804,271.4418599852549,11024.30229918902,121,115,13,2,0.0511583749903366,,,,
annex,random,5393,phased,hash,0,11,11,True,4236.763494057512,385.160317641592,15853.817470287559,169,166,11,0,0.012820374977309257,,,,
annex,random,5393,v2,hash,0,11,11,True,3316.1035173809996,301.4639561255454,12135.517586904998,140,134,11,0,0.1415974170085974,,,,
annex,random,5393,v3,hash,0,11,11,True,2965.1274336336496,269.55703942124086,10900.637168168249,123,115,11,0,0.04197420898708515,,,,
annex,random,5393,v3_origin20,hash,0,11,11,True,3301.159723945355,300.10542944957774,12020.798619726775,142,132,11,0,0.059653707983670756,,,,
annex,random,5394,joint,hash,0,12,12,True,2902.6198912992704,241.88499094160588,10398.099456496353,129,118,12,0,0.019411124987527728,,,,
annex,random,5394,optical,hash,0,12,12,True,2846.869800820707,237.23915006839226,10234.349004103535,123,119,14,2,0.08131983398925513,,,,
annex,random,5394,phased,hash,0,12,12,True,3873.62933885445,322.8024449045375,14128.146694272249,165,163,12,0,0.016730250004911795,,,,
annex,random,5394,v2,hash,0,12,12,True,2820.6083253672086,235.0506937806007,9993.041626836042,128,122,12,0,0.15193212497979403,,,,
annex,random,5394,v3,hash,0,12,12,True,2855.153725501496,237.92947712512466,10150.76862750748,128,125,12,0,0.06634587497683242,,,,
annex,random,5394,v3_origin20,hash,0,12,12,True,2750.3553889279865,229.19628241066553,9686.776944639932,126,123,12,0,0.07811416700133123,,,,
annex,random,5395,joint,hash,0,11,11,True,3534.0040498968137,321.27309544516487,12950.020249484069,152,129,11,0,0.014359875000081956,,,,
annex,random,5395,optical,hash,0,11,11,True,3069.0960225116664,279.0087293192424,11325.480112558333,125,118,13,2,0.05736645800061524,,,,
annex,random,5395,phased,hash,0,11,11,True,4178.210220611916,379.83729278290144,15511.05110305958,171,166,11,0,0.012783917016349733,,,,
annex,random,5395,v2,hash,0,11,11,True,3258.2745572672347,296.20677793338496,11666.372786336173,146,140,11,0,0.13072004201239906,,,,
annex,random,5395,v3,hash,0,11,11,True,3074.237974646415,279.47617951331046,11311.189873232073,127,122,11,0,0.04679258301621303,,,,
annex,random,5395,v3_origin20,hash,0,11,11,True,3163.981257304266,287.63465975493324,11344.90628652133,141,135,11,0,0.04973379199509509,,,,
annex,random,5396,joint,hash,0,16,16,True,3227.5643941141016,201.72277463213135,12637.821970570507,106,90,16,0,0.02830158401047811,,,,
annex,random,5396,optical,hash,0,16,16,True,3156.363511231305,197.27271945195656,12371.817556156524,101,91,18,2,0.11184454101021402,,,,
annex,random,5396,phased,hash,0,16,16,True,4019.8582667055225,251.24114166909516,15649.291333527612,137,125,16,0,0.019584458001190796,,,,
annex,random,5396,v2,hash,0,16,16,True,3010.8580406427404,188.17862754017128,11854.290203213703,95,85,16,0,0.23924908300978132,,,,
annex,random,5396,v3,hash,0,16,16,True,3167.04517004144,197.94032312759,12305.2258502072,106,96,16,0,0.08392583398381248,,,,
annex,random,5396,v3_origin20,hash,0,16,16,True,2983.3186422772637,186.45741514232898,10591.593211386318,132,125,16,0,0.09710083299432881,,,,
annex,random,5397,joint,hash,0,16,16,True,3180.5781388765927,198.78613367978704,11877.890694382964,124,105,16,0,0.021921290986938402,,,,
annex,random,5397,optical,hash,0,16,16,True,2933.476151916101,183.34225949475632,11177.380759580506,103,94,19,3,0.08021720798569731,,,,
annex,random,5397,phased,hash,0,16,16,True,3915.717718396773,244.7323573997983,14973.588591983864,142,131,16,0,0.017905374988913536,,,,
annex,random,5397,v2,hash,0,16,16,True,3069.3802565776186,191.83626603610116,10846.901282888093,138,130,16,0,0.19219604201498441,,,,
annex,random,5397,v3,hash,0,16,16,True,2933.292820910426,183.33080130690163,11121.464104552131,106,99,16,0,0.07303999998839572,,,,
annex,random,5397,v3_origin20,hash,0,16,16,True,3393.4304743889725,212.08940464931078,11587.152371944863,167,161,16,0,0.10741266701370478,,,,
annex,random,5398,joint,hash,0,16,16,True,3689.762747236228,230.61017170226424,14233.813736181139,132,103,16,0,0.022902458993485197,,,,
annex,random,5398,optical,hash,0,16,16,True,3204.1371335728113,200.2585708483007,12360.685667864056,109,104,17,1,0.06949387499480508,,,,
annex,random,5398,phased,hash,0,16,16,True,3661.1996605728937,228.82497878580585,14215.99830286447,126,108,16,0,0.019090582994977012,,,,
annex,random,5398,v2,hash,0,16,16,True,3239.7850200143866,202.48656375089917,11773.925100071934,135,130,16,0,0.17215541598852724,,,,
annex,random,5398,v3,hash,0,16,16,True,3238.699401080361,202.41871256752256,12393.497005401805,114,110,16,0,0.06083674999536015,,,,
annex,random,5398,v3_origin20,hash,0,16,16,True,3293.1025953055073,205.8189122065942,11745.512976527536,145,139,16,0,0.08712804201059043,,,,
annex,random,5399,joint,hash,0,15,15,True,4043.6384328572503,269.5758955238167,15868.19216428625,138,105,15,0,0.021302582987118512,,,,
annex,random,5399,optical,hash,0,15,15,True,3701.9365428840892,246.79576952560595,14374.682714420447,125,121,17,2,0.0844012500019744,,,,
annex,random,5399,phased,hash,0,15,15,True,4815.849715620663,321.0566477080442,18264.248578103314,184,168,15,0,0.01917883299756795,,,,
annex,random,5399,v2,hash,0,15,15,True,3522.4070803376176,234.82713868917452,12997.035401688088,143,133,15,0,0.1787356249988079,,,,
annex,random,5399,v3,hash,0,15,15,True,3750.6310845403545,250.04207230269031,14353.155422701773,135,130,15,0,0.07064954098314047,,,,
annex,random,5399,v3_origin20,hash,0,15,15,True,3626.01250708783,241.73416713918866,13480.062535439149,144,135,15,0,0.08475441701011732,,,,
annex,random,5000,future_cover,hash,0,13,13,True,2818.204557869397,216.7849659899536,9896.022789346986,130,124,13,0,0.08504016700317152,,0,0,0
annex,random,5000,scenario,hash,0,13,13,True,2871.976753018082,220.9212886936986,10219.88376509041,128,123,13,0,0.2594105000025593,,24,5,0
annex,random,5000,scenario_future,hash,0,13,13,True,2871.976753018082,220.9212886936986,10219.88376509041,128,123,13,0,0.2998213749960996,,24,5,0
annex,random,5001,future_cover,hash,0,10,10,True,2788.017772489814,278.8017772489814,9900.088862449069,127,123,10,0,0.07919795898487791,,0,0,0
annex,random,5001,scenario,hash,0,10,10,True,2861.762950121498,286.1762950121498,10043.81475060749,135,128,10,0,0.2136150829901453,,18,3,0
annex,random,5001,scenario_future,hash,0,10,10,True,2861.762950121498,286.1762950121498,10043.81475060749,135,128,10,0,0.2415390839742031,,18,3,0
annex,random,5002,future_cover,hash,0,14,14,True,3519.876907137005,251.41977908121467,13434.384535685027,129,118,14,0,0.09272204199805856,,0,0,0
annex,random,5002,scenario,hash,0,14,14,True,3396.399727964807,242.5999805689148,12801.998639824034,129,121,14,0,0.2505866249848623,,25,4,0
annex,random,5002,scenario_future,hash,0,14,14,True,3396.399727964807,242.5999805689148,12801.998639824034,129,121,14,0,0.2758206670114305,,25,4,0
annex,random,5003,future_cover,hash,0,11,11,True,2742.463040940803,249.31482190370934,9742.315204704013,124,119,11,0,0.07705408299807459,,0,0,0
annex,random,5003,scenario,hash,0,11,11,True,2814.026969586631,255.82063359878464,10075.134847933155,125,119,11,0,0.20565695798723027,,17,5,0
annex,random,5003,scenario_future,hash,0,11,11,True,2814.026969586631,255.82063359878464,10075.134847933155,125,119,11,0,0.2315770419954788,,17,5,0
annex,random,5004,future_cover,hash,0,10,10,True,2774.493934388297,277.4493934388297,10142.469671941486,117,111,10,0,0.08389529099804349,,0,0,0
annex,random,5004,scenario,hash,0,10,10,True,2944.4065273826636,294.44065273826635,10992.032636913318,117,111,10,0,0.2341712090128567,,17,3,0
annex,random,5004,scenario_future,hash,0,10,10,True,2944.4065273826636,294.44065273826635,10992.032636913318,117,111,10,0,0.261261583014857,,17,3,0
annex,random,5005,future_cover,hash,0,15,15,True,3418.665858218491,227.91105721456606,13353.329291092454,113,108,15,0,0.13855875001172535,,0,0,0
annex,random,5005,scenario,hash,0,15,15,True,3530.1319241098618,235.3421282739908,14115.659620549308,107,97,15,0,0.3171473339898512,,23,6,0
annex,random,5005,scenario_future,hash,0,15,15,True,3530.1319241098618,235.3421282739908,14115.659620549308,107,97,15,0,0.3533262909913901,,23,6,0
annex,random,5006,future_cover,hash,0,11,11,True,2942.205573540895,267.47323395826317,10796.027867704473,122,118,11,0,0.06901795900193974,,0,0,0
annex,random,5006,scenario,hash,0,11,11,True,2926.3536985291107,266.03215441173734,10751.768492645553,121,116,11,0,0.16814708299352787,,14,6,0
annex,random,5006,scenario_future,hash,0,11,11,True,2926.3536985291107,266.03215441173734,10751.768492645553,121,116,11,0,0.1820702500117477,,14,6,0
annex,random,5007,future_cover,hash,0,13,13,True,3370.4704556780607,259.2669581290816,12987.352278390304,119,113,13,0,0.10056329201324843,,0,0,0
annex,random,5007,scenario,hash,0,13,13,True,3493.3437316823624,268.71874859095095,13436.718658411812,125,116,13,0,0.2645391669939272,,26,6,0
annex,random,5007,scenario_future,hash,0,13,13,True,3493.3437316823624,268.71874859095095,13436.718658411812,125,116,13,0,0.2941659579810221,,26,6,0
annex,random,5008,future_cover,hash,0,15,15,True,3527.9228766898677,235.19485844599117,13599.614383449338,123,118,15,0,0.12780225000460632,,0,0,0
annex,random,5008,scenario,hash,0,15,15,True,3613.3923973113233,240.89282648742156,14386.961986556616,111,106,15,0,0.32343433299683966,,25,8,0
annex,random,5008,scenario_future,hash,0,15,15,True,3613.3923973113233,240.89282648742156,14386.961986556616,111,106,15,0,0.35813787500956096,,25,8,0
annex,random,5009,future_cover,hash,0,12,12,True,3090.9262692934294,257.5771891077858,11309.631346467148,129,124,12,0,0.08716283401008695,,0,0,0
annex,random,5009,scenario,hash,0,12,12,True,3111.81738725295,259.3181156044125,11504.08693626475,127,116,12,0,0.20599333400605246,,20,3,0
annex,random,5009,scenario_future,hash,0,12,12,True,3111.81738725295,259.3181156044125,11504.08693626475,127,116,12,0,0.22057529099402018,,20,3,0
annex,random,5010,future_cover,hash,0,11,11,True,2738.0897152934535,248.91724684485942,9530.448576467268,130,127,11,0,0.08843245901516639,,0,0,0
annex,random,5010,scenario,hash,0,11,11,True,2888.717471193965,262.6106791994514,10128.587355969825,136,128,11,0,0.19427450001239777,,17,6,0
annex,random,5010,scenario_future,hash,0,11,11,True,2888.717471193965,262.6106791994514,10128.587355969825,136,128,11,0,0.22713879201910459,,17,6,1
annex,random,5011,future_cover,hash,0,10,10,True,2768.1528667808298,276.815286678083,10050.764333904148,119,113,10,0,0.06464112500543706,,0,0,1
annex,random,5011,scenario,hash,0,10,10,True,2826.3675438954742,282.63675438954743,10131.837719477371,126,120,10,0,0.1560154169856105,,15,4,0
annex,random,5011,scenario_future,hash,0,10,10,True,2826.337162241633,282.6337162241633,10131.685811208165,126,120,10,0,0.17875916699995287,,15,3,8
annex,random,5012,future_cover,hash,0,11,11,True,2977.6140605052124,270.69218731865567,10978.070302526061,122,117,11,0,0.07459729199763387,,0,0,0
annex,random,5012,scenario,hash,0,11,11,True,2935.894952455794,266.8995411323449,10964.47476227897,116,108,11,0,0.2050114999874495,,16,4,0
annex,random,5012,scenario_future,hash,0,11,11,True,2935.894952455794,266.8995411323449,10964.47476227897,116,108,11,0,0.21874129099887796,,16,4,0
annex,random,5013,future_cover,hash,0,11,11,True,3266.7344099158645,296.9758554468968,12388.672049579323,123,119,11,0,0.059210000006714836,,0,0,0
annex,random,5013,scenario,hash,0,11,11,True,3282.926314897181,298.44784680883464,12574.631574485904,120,113,11,0,0.23216387501452118,,23,5,0
annex,random,5013,scenario_future,hash,0,11,11,True,3282.926314897181,298.44784680883464,12574.631574485904,120,113,11,0,0.24886658397736028,,23,5,0
annex,random,5014,future_cover,hash,0,13,13,True,2904.1249153106373,223.3942242546644,10685.624576553188,118,112,13,0,0.08366375000332482,,0,0,0
annex,random,5014,scenario,hash,0,13,13,True,3090.6885008690147,237.74526929761652,11913.442504345074,108,103,13,0,0.19631670901435427,,22,6,0
annex,random,5014,scenario_future,hash,0,13,13,True,3090.6885008690147,237.74526929761652,11913.442504345074,108,103,13,0,0.21604208298958838,,22,6,0
annex,random,5015,future_cover,hash,0,16,16,True,3108.4216421627493,194.27635263517183,11722.108210813747,115,109,16,0,0.12036287499358878,,0,0,0
annex,random,5015,scenario,hash,0,16,16,True,3459.2335113933514,216.20209446208446,13691.167556966757,108,101,16,0,0.25597349999588914,,18,8,0
annex,random,5015,scenario_future,hash,0,16,16,True,3459.2335113933514,216.20209446208446,13691.167556966757,108,101,16,0,0.32479187499848194,,18,8,0
annex,random,5016,future_cover,hash,0,14,14,True,3142.112291368812,224.4365922406294,11960.56145684406,114,110,14,0,0.11971295898547396,,0,0,0
annex,random,5016,scenario,hash,0,14,14,True,3589.726089076075,256.4090063625768,14318.630445380375,110,106,14,0,0.20992191700497642,,15,8,0
annex,random,5016,scenario_future,hash,0,14,14,True,3589.726089076075,256.4090063625768,14318.630445380375,110,106,14,0,0.27188737501273863,,15,8,0
annex,random,5017,future_cover,hash,0,10,10,True,2747.191410430624,274.7191410430624,9865.957052153119,122,114,10,0,0.05727566601126455,,0,0,0
annex,random,5017,scenario,hash,0,10,10,True,2827.2072993687284,282.72072993687283,10206.036496843642,124,116,10,0,0.16224316699663177,,16,4,0
annex,random,5017,scenario_future,hash,0,10,10,True,2827.2072993687284,282.72072993687283,10206.036496843642,124,116,10,0,0.1690214999835007,,16,4,0
annex,random,5018,future_cover,hash,0,13,13,True,3603.181452974355,277.16780407495037,13830.907264871776,129,127,13,0,0.09383887500735,,0,0,0
annex,random,5018,scenario,hash,0,13,13,True,3492.753195424097,268.67332272493053,13483.765977120485,123,116,13,0,0.25858837499981746,,24,5,0
annex,random,5018,scenario_future,hash,0,13,13,True,3492.753195424097,268.67332272493053,13483.765977120485,123,116,13,0,0.2892568749957718,,24,5,0
annex,random,5019,future_cover,hash,0,12,12,True,2904.629975901391,242.0524979917826,10468.149879506955,126,121,12,0,0.09872875001747161,,0,0,0
annex,random,5019,scenario,hash,0,12,12,True,2956.305850239116,246.35882085325966,10721.52925119558,126,122,12,0,0.2645502910017967,,20,4,0
annex,random,5019,scenario_future,hash,0,12,12,True,2956.305850239116,246.35882085325966,10721.52925119558,126,122,12,0,0.2929112499987241,,20,4,0
annex,random,5020,future_cover,hash,0,13,13,True,3175.9000225005243,244.30000173080956,11884.500112502621,124,114,13,0,0.09010100000887178,,0,0,0
annex,random,5020,scenario,hash,0,13,13,True,3206.75872745419,246.67374826570693,11933.79363727095,127,120,13,0,0.21465108398115262,,11,8,0
annex,random,5020,scenario_future,hash,0,13,13,True,3206.75872745419,246.67374826570693,11933.79363727095,127,120,13,0,0.24110741700860672,,11,8,0
annex,random,5021,future_cover,hash,0,12,12,True,2955.5497881047877,246.29581567539898,11057.74894052394,115,109,12,0,0.0764454579912126,,0,0,0
annex,random,5021,scenario,hash,0,12,12,True,2972.761856401176,247.73015470009798,11043.80928200588,119,109,12,0,0.2350314169889316,,22,3,0
annex,random,5021,scenario_future,hash,0,12,12,True,2972.761856401176,247.73015470009798,11043.80928200588,119,109,12,0,0.25587479199748486,,22,3,0
annex,random,5022,future_cover,hash,0,11,11,True,2947.9719794889306,267.9974526808119,10764.859897444652,124,120,11,0,0.0717682089889422,,0,0,0
annex,random,5022,scenario,hash,0,11,11,True,3069.3026501376753,279.02751364887956,11336.513250688377,126,117,11,0,0.24688216700451449,,21,6,0
annex,random,5022,scenario_future,hash,0,11,11,True,3069.3026501376753,279.02751364887956,11336.513250688377,126,117,11,0,0.2682100410165731,,21,6,0
annex,random,5023,future_cover,hash,0,11,11,True,2867.7919282470675,260.7083571133698,10338.959641235337,125,120,11,0,0.06745850000879727,,0,0,0
annex,random,5023,scenario,hash,0,11,11,True,2905.5770014767977,264.14336377061795,10357.88500738399,131,124,11,0,0.18100325000705197,,16,6,0
annex,random,5023,scenario_future,hash,0,11,11,True,2905.5770014767977,264.14336377061795,10357.88500738399,131,124,11,0,0.19028449998586439,,16,6,0
annex,random,5024,future_cover,hash,0,10,10,True,2879.7293222952276,287.97293222952277,10538.646611476139,121,117,10,0,0.061499624978750944,,0,0,0
annex,random,5024,scenario,hash,0,10,10,True,2893.647834632126,289.3647834632126,10613.23917316063,121,116,10,0,0.2212224579998292,,21,4,0
annex,random,5024,scenario_future,hash,0,10,10,True,2893.647834632126,289.3647834632126,10613.23917316063,121,116,10,0,0.2542937500111293,,21,4,0
annex,random,5025,future_cover,hash,0,16,16,True,3328.52386129788,208.0327413311175,12972.6193064894,110,104,16,0,0.1268667089752853,,0,0,0
annex,random,5025,scenario,hash,0,16,16,True,3465.123697704494,216.57023110653088,13110.61848852247,129,118,16,0,0.283133666991489,,16,8,0
annex,random,5025,scenario_future,hash,0,16,16,True,3465.123697704494,216.57023110653088,13110.61848852247,129,118,16,0,0.3139203750179149,,16,8,0
annex,random,5026,future_cover,hash,0,10,10,True,2950.4510622377675,295.04510622377677,10742.255311188837,126,122,10,0,0.07477558401296847,,0,0,0
annex,random,5026,scenario,hash,0,10,10,True,3278.7878859216407,327.8787885921641,12338.939429608205,128,121,10,0,0.19760687497910112,,16,4,0
annex,random,5026,scenario_future,hash,0,10,10,True,3278.7878859216407,327.8787885921641,12338.939429608205,128,121,10,0,0.2089768330042716,,16,4,0
annex,random,5027,future_cover,hash,0,14,14,True,2910.132358041959,207.86659700299705,10770.661790209795,115,111,14,0,0.10127524999552406,,0,0,0
annex,random,5027,scenario,hash,0,14,14,True,2933.0981585544723,209.50701132531944,10890.490792772362,115,110,14,0,0.254822916991543,,22,4,0
annex,random,5027,scenario_future,hash,0,14,14,True,2933.0981585544723,209.50701132531944,10890.490792772362,115,110,14,0,0.288398042001063,,22,4,0
annex,random,5028,future_cover,hash,0,14,14,True,3456.021172707654,246.85865519340385,12665.105863538269,143,138,14,0,0.15909574998659082,,0,0,3
annex,random,5028,scenario,hash,0,14,14,True,3568.8736025583103,254.9195430398793,12909.36801279155,154,147,14,0,0.3192720419901889,,20,8,0
annex,random,5028,scenario_future,hash,0,14,14,True,3545.90371212538,253.27883658038428,12614.5185606269,160,153,14,0,0.39117720801732503,,20,8,3
annex,random,5029,future_cover,hash,0,13,13,True,3091.7419184104447,237.82630141618804,11073.709592052224,136,132,13,0,0.0734375000174623,,0,0,0
annex,random,5029,scenario,hash,0,13,13,True,3277.391950330065,252.10707310231268,11991.959751650325,137,129,13,0,0.24583512500976212,,24,7,0
annex,random,5029,scenario_future,hash,0,13,13,True,3277.391950330065,252.10707310231268,11991.959751650325,137,129,13,0,0.26613499998347834,,24,7,0
annex,random,5030,future_cover,hash,0,14,14,True,3181.873123922879,227.27665170877708,11614.365619614395,132,129,14,0,0.0848866669985,,0,0,0
annex,random,5030,scenario,hash,0,14,14,True,3214.4405621801857,229.60289729858468,12192.202810900928,118,116,14,0,0.24644245899980888,,25,5,0
annex,random,5030,scenario_future,hash,0,14,14,True,3214.4405621801857,229.60289729858468,12192.202810900928,118,116,14,0,0.28099787497194484,,25,5,0
annex,random,5031,future_cover,hash,0,16,16,True,3066.131904933848,191.6332440583655,11920.65952466924,101,97,16,0,0.12111625002580695,,0,0,0
annex,random,5031,scenario,hash,0,16,16,True,3105.3124336046258,194.0820271002891,12236.562168023129,97,93,16,0,0.41588725001201965,,25,6,0
annex,random,5031,scenario_future,hash,0,16,16,True,3105.3124336046258,194.0820271002891,12236.562168023129,97,93,16,0,0.47126016701804474,,25,6,0
annex,random,5032,future_cover,hash,0,16,16,True,2836.4562083711944,177.27851302319965,10717.281041855973,103,98,16,0,0.21058400001493283,,0,0,0
annex,random,5032,scenario,hash,0,16,16,True,3441.2792502509656,215.07995314068535,13321.396251254828,118,107,16,0,0.22425466700224206,,10,8,0
annex,random,5032,scenario_future,hash,0,16,16,True,3441.2792502509656,215.07995314068535,13321.396251254828,118,107,16,0,0.3028719159774482,,10,8,0
annex,random,5033,future_cover,hash,0,16,16,True,2984.6948978957107,186.54343111848192,11203.474489478554,112,104,16,0,0.23400424999999814,,0,0,0
annex,random,5033,scenario,hash,0,16,16,True,3245.4619273261237,202.84137045788273,12887.309636630618,99,93,16,0,0.41637437499593943,,23,7,0
annex,random,5033,scenario_future,hash,0,16,16,True,3245.4619273261237,202.84137045788273,12887.309636630618,99,93,16,0,0.29810333301429637,,23,7,0
annex,random,5034,future_cover,hash,0,10,10,True,2747.304715772252,274.7304715772252,9631.52357886126,129,126,10,0,0.09434879099717364,,0,0,0
annex,random,5034,scenario,hash,0,10,10,True,2943.5392851120364,294.35392851120366,10327.696425560182,139,133,10,0,0.21783524999045767,,18,7,0
annex,random,5034,scenario_future,hash,0,10,10,True,2943.5392851120364,294.35392851120366,10327.696425560182,139,133,10,0,0.2606939999968745,,18,7,0
annex,random,5035,future_cover,hash,0,14,14,True,3478.8247088898297,248.4874792064164,13314.123544449149,126,116,14,0,0.10585008299676701,,0,0,0
annex,random,5035,scenario,hash,0,14,14,True,3524.7085713389233,251.76489795278025,13448.542856694616,129,120,14,0,0.29340287498780526,,23,3,0
annex,random,5035,scenario_future,hash,0,14,14,True,3524.7085713389233,251.76489795278025,13448.542856694616,129,120,14,0,0.3166317919967696,,23,3,0
annex,random,5036,future_cover,hash,0,11,11,True,3107.6215946360066,282.5110540578188,11753.107973180033,118,112,11,0,0.06814662500983104,,0,0,0
annex,random,5036,scenario,hash,0,11,11,True,3194.675761384203,290.4250692167457,12213.378806921015,117,112,11,0,0.26879491700674407,,18,5,0
annex,random,5036,scenario_future,hash,0,11,11,True,3194.675761384203,290.4250692167457,12213.378806921015,117,112,11,0,0.2832170409965329,,18,5,0
annex,random,5037,future_cover,hash,0,13,13,True,3267.238021020155,251.326001616935,12291.190105100775,125,119,13,0,0.06830154100316577,,0,0,0
annex,random,5037,scenario,hash,0,13,13,True,3388.7798517037872,260.6753732079836,12658.899258518937,133,127,13,0,0.2788154589943588,,26,7,0
annex,random,5037,scenario_future,hash,0,13,13,True,3388.7798517037872,260.6753732079836,12658.899258518937,133,127,13,0,0.29961829201783985,,26,7,0
annex,random,5038,future_cover,hash,0,11,11,True,3043.085449817164,276.6441318015604,11205.427249085818,126,117,11,0,0.05813083300017752,,0,0,0
annex,random,5038,scenario,hash,0,11,11,True,3226.9676647498663,293.3606967954424,12084.838323749333,127,120,11,0,0.2336275410198141,,25,7,0
annex,random,5038,scenario_future,hash,0,11,11,True,3226.9676647498663,293.3606967954424,12084.838323749333,127,120,11,0,0.2539183330081869,,25,7,0
annex,random,5039,future_cover,hash,0,16,16,True,2971.155213708999,185.69720085681243,11425.776068544994,102,96,16,0,0.10331949999090284,,0,0,0
annex,random,5039,scenario,hash,0,16,16,True,3283.5996455304075,205.22497784565047,13022.998227652039,101,94,16,0,0.31569554199813865,,26,6,0
annex,random,5039,scenario_future,hash,0,16,16,True,3283.5996455304075,205.22497784565047,13022.998227652039,101,94,16,0,0.3466586249996908,,26,6,0
annex,random,5040,future_cover,hash,0,12,12,True,3045.333184900911,253.77776540840924,11201.665924504556,125,120,12,0,0.07258541701594368,,0,0,0
annex,random,5040,scenario,hash,0,12,12,True,3160.1952146668723,263.34960122223936,11680.976073334361,129,119,12,0,0.2681596660113428,,24,5,0
annex,random,5040,scenario_future,hash,0,12,12,True,3160.1952146668723,263.34960122223936,11680.976073334361,129,119,12,0,0.29320562499924563,,24,5,0
annex,random,5041,future_cover,hash,0,15,15,True,3279.2548790425385,218.61699193616923,12476.274395212693,119,114,15,0,0.1478315420099534,,0,0,0
annex,random,5041,scenario,hash,0,15,15,True,3562.6466104838414,237.5097740322561,13738.233052419208,125,115,15,0,0.30011945799924433,,23,7,0
annex,random,5041,scenario_future,hash,0,15,15,True,3562.6466104838414,237.5097740322561,13738.233052419208,125,115,15,0,0.3580188339983579,,23,7,0
annex,random,5042,future_cover,hash,0,12,12,True,3172.0620048167675,264.3385004013973,11700.310024083838,129,127,12,0,0.07701174999237992,,0,0,0
annex,random,5042,scenario,hash,0,12,12,True,3290.3023744616703,274.19186453847254,12616.511872308352,119,112,12,0,0.3100633749854751,,20,8,0
annex,random,5042,scenario_future,hash,0,12,12,True,3290.3023744616703,274.19186453847254,12616.511872308352,119,112,12,0,0.3560782079875935,,20,8,0
annex,random,5043,future_cover,hash,0,14,14,True,3139.3986013877993,224.24275724198566,11796.993006938996,119,115,14,0,0.10116950000519864,,0,0,1
annex,random,5043,scenario,hash,0,14,14,True,3244.232720979189,231.73090864137063,12361.163604895944,118,112,14,0,0.26147920900257304,,22,4,0
annex,random,5043,scenario_future,hash,0,14,14,True,3220.5616766352387,230.04011975965992,12312.808383176192,116,108,14,0,0.26994183397619054,,21,4,1
annex,random,5044,future_cover,hash,0,10,10,True,3194.7726283847055,319.47726283847055,11588.863141923528,138,137,10,0,0.08278041699668393,,0,0,0
annex,random,5044,scenario,hash,0,10,10,True,3257.4833187043196,325.74833187043197,11807.416593521597,142,136,10,0,0.23170775000471622,,21,6,0
annex,random,5044,scenario_future,hash,0,10,10,True,3257.4833187043196,325.74833187043197,11807.416593521597,142,136,10,0,0.24909254198428243,,21,6,0
annex,random,5045,future_cover,hash,0,10,10,True,2839.715743150055,283.9715743150055,10058.578715750275,130,128,10,0,0.08700683299684897,,0,0,12
annex,random,5045,scenario,hash,0,10,10,True,2973.2251263341673,297.32251263341675,10396.125631670837,142,134,10,0,0.19894258299609646,,18,7,0
annex,random,5045,scenario_future,hash,0,10,10,True,2973.2251263341673,297.32251263341675,10396.125631670837,142,134,10,0,0.2159404580015689,,18,7,0
annex,random,5046,future_cover,hash,0,12,12,True,2785.8130218786982,232.1510851565582,10289.06510939349,112,108,12,0,0.09856458401191048,,0,0,0
annex,random,5046,scenario,hash,0,12,12,True,2861.2069556414813,238.43391297012343,10786.034778207406,108,104,12,0,0.24438395799370483,,20,4,0
annex,random,5046,scenario_future,hash,0,12,12,True,2861.2069556414813,238.43391297012343,10786.034778207406,108,104,12,0,0.27603087498573586,,20,4,0
annex,random,5047,future_cover,hash,0,11,11,True,3331.778987505125,302.88899886410223,12293.894937525623,137,133,11,0,0.0916395419917535,,0,0,0
annex,random,5047,scenario,hash,0,11,11,True,3188.873518983536,289.8975926348669,11904.36759491768,127,118,11,0,0.22076987498439848,,19,7,0
annex,random,5047,scenario_future,hash,0,11,11,True,3188.873518983536,289.8975926348669,11904.36759491768,127,118,11,0,0.23615616699680686,,19,7,0
annex,random,5048,future_cover,hash,0,12,12,True,2835.322198087819,236.27684984065158,10146.610990439094,125,121,12,0,0.07191008300287649,,0,0,0
annex,random,5048,scenario,hash,0,12,12,True,3018.067554469559,251.50562953912993,11190.337772347795,121,115,12,0,0.1885276669927407,,16,6,0
annex,random,5048,scenario_future,hash,0,12,12,True,3018.067554469559,251.50562953912993,11190.337772347795,121,115,12,0,0.1908309169812128,,16,6,0
annex,random,5049,future_cover,hash,0,16,16,True,2942.394482451236,183.89965515320225,11181.97241225618,105,101,16,0,0.11467199999606237,,0,0,0
annex,random,5049,scenario,hash,0,16,16,True,3227.0654369329195,201.69158980830747,12510.327184664597,109,100,16,0,0.30683808401227,,23,5,0
annex,random,5049,scenario_future,hash,0,16,16,True,3343.217252876846,208.95107830480288,13811.08626438423,85,76,16,0,0.32420220799394883,,15,8,1
annex,random,5050,future_cover,hash,0,14,14,True,3032.940375524714,216.63859825176527,11119.70187762357,124,119,14,0,0.09149387499201111,,0,0,0
annex,random,5050,scenario,hash,0,14,14,True,3057.3544256525265,218.38245897518047,11716.772128262632,108,104,14,0,0.27073325001401827,,19,8,0
annex,random,5050,scenario_future,hash,0,14,14,True,3057.3544256525265,218.38245897518047,11716.772128262632,108,104,14,0,0.30547749999095686,,19,8,0
annex,random,5051,future_cover,hash,0,10,10,True,2896.5035057660643,289.65035057660646,10262.517528830322,133,129,10,0,0.08364712502225302,,0,0,4
annex,random,5051,scenario,hash,0,10,10,True,3141.3110984867626,314.13110984867626,11541.555492433814,132,123,10,0,0.2977708749822341,,22,4,0
annex,random,5051,scenario_future,hash,0,10,10,True,3141.3110984867626,314.13110984867626,11541.555492433814,132,123,10,0,0.35661812499165535,,22,4,0
annex,random,5052,future_cover,hash,0,15,15,True,3468.0497674637386,231.2033178309159,13125.248837318693,129,123,15,0,0.12017941699014045,,0,0,0
annex,random,5052,scenario,hash,0,15,15,True,3587.4233803084285,239.16155868722856,13422.116901542142,139,133,15,0,0.5236404590250459,,13,8,0
annex,random,5052,scenario_future,hash,0,15,15,True,3587.4233803084285,239.16155868722856,13422.116901542142,139,133,15,0,0.49407279200386256,,13,8,0
annex,random,5053,future_cover,hash,0,11,11,True,3301.3049013813825,300.1186273983075,12526.524506906913,124,121,11,0,0.1351178750046529,,0,0,0
annex,random,5053,scenario,hash,0,11,11,True,3410.0724879140726,310.00658981037026,12980.362439570363,128,119,11,0,0.5012410409981385,,20,8,0
annex,random,5053,scenario_future,hash,0,11,11,True,3410.0724879140726,310.00658981037026,12980.362439570363,128,119,11,0,0.6019045419816393,,20,8,0
annex,random,5054,future_cover,hash,0,13,13,True,2854.2782183418653,219.55986294937426,10781.391091709327,106,103,13,0,0.15034845902118832,,0,0,0
annex,random,5054,scenario,hash,0,13,13,True,2908.670312212947,223.7438701702267,10998.351561064736,108,104,13,0,0.4119139999966137,,18,1,0
annex,random,5054,scenario_future,hash,0,13,13,True,2908.670312212947,223.7438701702267,10998.351561064736,108,104,13,0,0.4629191670101136,,18,1,0
annex,random,5055,future_cover,hash,0,13,13,True,2841.7381606563263,218.5952431274097,10238.690803281632,122,119,13,0,0.17825404097675346,,0,0,0
annex,random,5055,scenario,hash,0,13,13,True,2926.6612906205964,225.12779158619972,10733.306453102983,120,115,13,0,0.6068318329926115,,20,8,0
annex,random,5055,scenario_future,hash,0,13,13,True,2926.6612906205964,225.12779158619972,10733.306453102983,120,115,13,0,0.6568820830143522,,20,8,0
annex,random,5056,future_cover,hash,0,14,14,True,3256.753566674227,232.62525476244477,11983.767833371134,132,130,14,0,0.15177175001008436,,0,0,0
annex,random,5056,scenario,hash,0,14,14,True,3296.0835507501993,235.43453933929996,12020.417753750997,139,127,14,0,0.5005462919943966,,28,3,0
annex,random,5056,scenario_future,hash,0,14,14,True,3296.0835507501993,235.43453933929996,12020.417753750997,139,127,14,0,0.5681022090138867,,28,3,0
annex,random,5057,future_cover,hash,0,10,10,True,2906.4703185807475,290.64703185807474,10607.351592903737,123,120,10,0,0.09636320799472742,,0,0,0
annex,random,5057,scenario,hash,0,10,10,True,3074.3176934685516,307.43176934685516,11571.588467342759,119,115,10,0,0.28476675000274554,,18,3,0
annex,random,5057,scenario_future,hash,0,10,10,True,3074.3176934685516,307.43176934685516,11571.588467342759,119,115,10,0,0.27555150000262074,,18,3,0
annex,random,5058,future_cover,hash,0,15,15,True,3086.1609016364373,205.7440601090958,11370.804508182186,124,117,15,0,0.11134804200264625,,0,0,4
annex,random,5058,scenario,hash,0,15,15,True,3221.951171997426,214.79674479982842,12144.755859987132,121,113,15,0,0.2980488329776563,,23,7,0
annex,random,5058,scenario_future,hash,0,15,15,True,3098.2603771235454,206.55069180823637,11481.301885617726,122,117,15,0,0.3056451250158716,,21,7,2
annex,random,5059,future_cover,hash,0,16,16,True,3530.0889674598484,220.63056046624052,13965.444837299241,111,102,16,0,0.14800995800760575,,0,0,0
annex,random,5059,scenario,hash,0,16,16,True,3601.807459812261,225.11296623826632,14014.037299061307,122,109,16,0,0.4260223340243101,,29,7,0
annex,random,5059,scenario_future,hash,0,16,16,True,3601.807459812261,225.11296623826632,14014.037299061307,122,109,16,0,0.49655379200703464,,29,7,0
annex,random,5060,future_cover,hash,0,11,11,True,3200.926304433519,290.99330040304716,11814.631522167594,131,128,11,0,0.0985386669926811,,0,0,0
annex,random,5060,scenario,hash,0,11,11,True,3271.3540999131237,297.39582726482945,12066.770499565619,135,128,11,0,0.2647031669912394,,19,3,0
annex,random,5060,scenario_future,hash,0,11,11,True,3271.3540999131237,297.39582726482945,12066.770499565619,135,128,11,0,0.26349574999767356,,19,3,0
annex,random,5061,future_cover,hash,0,11,11,True,3164.1531562912705,287.65028693557,11615.765781456354,132,126,11,0,0.08088658298947848,,0,0,0
annex,random,5061,scenario,hash,0,11,11,True,3030.7648387751797,275.52407625228903,11028.824193875898,129,125,11,0,0.2599785409984179,,21,7,0
annex,random,5061,scenario_future,hash,0,11,11,True,3030.7648387751797,275.52407625228903,11028.824193875898,129,125,11,0,0.2626269579923246,,21,7,0
annex,random,5062,future_cover,hash,0,15,15,True,3171.542444283949,211.43616295226326,11512.712221419744,133,129,15,0,0.12238708400400355,,0,0,0
annex,random,5062,scenario,hash,0,15,15,True,3293.766458385347,219.58443055902313,12218.832291926736,131,120,15,0,0.27493391701136716,,22,8,0
annex,random,5062,scenario_future,hash,0,15,15,True,3293.766458385347,219.58443055902313,12218.832291926736,131,120,15,0,0.3316867919929791,,22,8,0
annex,random,5063,future_cover,hash,0,16,16,True,3245.822632888866,202.86391455555412,12369.11316444433,116,112,16,0,0.12895262500387616,,0,0,2
annex,random,5063,scenario,hash,0,16,16,True,3281.7269182243754,205.10793238902346,12353.634591121876,123,116,16,0,0.3230175420176238,,23,7,0
annex,random,5063,scenario_future,hash,0,16,16,True,3282.5614126498103,205.16008829061315,12357.80706324905,123,116,16,0,0.37278370797866955,,23,7,2
annex,random,5064,future_cover,hash,0,13,13,True,3402.0339112080155,261.69491624677045,12965.169556040077,125,119,13,0,0.09252783298143186,,0,0,0
annex,random,5064,scenario,hash,0,13,13,True,3539.8449225429067,272.2957632725313,13519.224612714534,130,121,13,0,0.2992207499919459,,18,8,0
annex,random,5064,scenario_future,hash,0,13,13,True,3539.8449225429067,272.2957632725313,13519.224612714534,130,121,13,0,0.3114396670134738,,18,8,0
annex,random,5065,future_cover,hash,0,13,13,True,3249.5311994705526,249.96393842081173,12337.655997352762,120,117,13,0,0.11503899999661371,,0,0,0
annex,random,5065,scenario,hash,0,13,13,True,3337.9556254070158,256.7658173390012,12909.778127035079,116,111,13,0,0.2828504169883672,,25,7,0
annex,random,5065,scenario_future,hash,0,13,13,True,3337.9556254070158,256.7658173390012,12909.778127035079,116,111,13,0,0.33209183299914,,25,7,2
annex,random,5066,future_cover,hash,0,14,14,True,2816.771389650994,201.19795640364242,10203.85694825497,118,116,14,0,0.12101037500542589,,0,0,0
annex,random,5066,scenario,hash,0,14,14,True,2869.3229606757523,204.95164004826802,10346.614803378761,123,115,14,0,0.36393987500923686,,21,8,0
annex,random,5066,scenario_future,hash,0,14,14,True,2869.3229606757523,204.95164004826802,10346.614803378761,123,115,14,0,0.41329991599195637,,21,8,0
annex,random,5067,future_cover,hash,0,12,12,True,2923.6187785083685,243.6348982090307,10548.093892541841,127,119,12,0,0.10571483400417492,,0,0,0
annex,random,5067,scenario,hash,0,12,12,True,2950.81889636991,245.9015746974925,10519.09448184955,133,122,12,0,0.29816149998805486,,21,5,0
annex,random,5067,scenario_future,hash,0,12,12,True,2950.81889636991,245.9015746974925,10519.09448184955,133,122,12,0,0.32890079097705893,,21,5,0
annex,random,5068,future_cover,hash,0,11,11,True,2860.1619916225036,260.0147265111367,10545.809958112517,117,111,11,0,0.092473999975482,,0,0,0
annex,random,5068,scenario,hash,0,11,11,True,3033.1950317351016,275.7450028850092,10760.975158675508,139,131,11,0,0.2550675419915933,,19,4,0
annex,random,5068,scenario_future,hash,0,11,11,True,3033.1950317351016,275.7450028850092,10760.975158675508,139,131,11,0,0.2844451669952832,,19,4,1
annex,random,5069,future_cover,hash,0,16,16,True,3559.0982099867642,222.44363812417276,14190.491049933822,108,101,16,0,0.13782350000110455,,0,0,0
annex,random,5069,scenario,hash,0,16,16,True,3666.827323124796,229.17670769529974,14809.136615623978,106,95,16,0,0.34300670798984356,,26,7,0
annex,random,5069,scenario_future,hash,0,16,16,True,3666.827323124796,229.17670769529974,14809.136615623978,106,95,16,0,0.39332699999795295,,26,7,0
annex,random,5070,future_cover,hash,0,15,15,True,3193.2205860710487,212.8813724047366,11651.102930355244,132,128,15,0,0.12276508298236877,,0,0,0
annex,random,5070,scenario,hash,0,15,15,True,3241.2601529948997,216.08401019965999,12181.300764974498,122,120,15,0,0.2483958340017125,,14,8,0
annex,random,5070,scenario_future,hash,0,15,15,True,3241.3818470036495,216.09212313357662,12181.909235018247,122,120,15,0,0.27841858300962485,,14,8,1
annex,random,5071,future_cover,hash,0,11,11,True,2946.5984394610095,267.8725854055463,10827.992197305048,122,116,11,0,0.20081275000120513,,0,0,0
annex,random,5071,scenario,hash,0,11,11,True,2894.44916040514,263.1317418550127,10632.2458020257,120,113,11,0,0.36099441698752344,,22,3,0
annex,random,5071,scenario_future,hash,0,11,11,True,2894.44916040514,263.1317418550127,10632.2458020257,120,113,11,0,0.2775779160147067,,22,3,0
annex,random,5072,future_cover,hash,0,13,13,True,2831.9656115810403,217.84350858315696,10134.828057905203,124,120,13,0,0.14984587498474866,,0,0,0
annex,random,5072,scenario,hash,0,13,13,True,2855.232324328146,219.6332557175497,10351.161621640731,121,115,13,0,0.37925166700733826,,19,6,0
annex,random,5072,scenario_future,hash,0,13,13,True,2855.232324328146,219.6332557175497,10351.161621640731,121,115,13,0,0.3799584579828661,,19,6,0
annex,random,5073,future_cover,hash,0,13,13,True,3253.1980313491954,250.24600241147658,11515.990156745976,148,145,13,0,0.16722099998150952,,0,0,0
annex,random,5073,scenario,hash,0,13,13,True,3264.897496755708,251.1459612889006,11699.48748377854,145,135,13,0,0.395526250009425,,24,4,0
annex,random,5073,scenario_future,hash,0,13,13,True,3264.897496755708,251.1459612889006,11699.48748377854,145,135,13,0,0.44948829198256135,,24,4,0
annex,random,5074,future_cover,hash,0,10,10,True,2539.9165459612623,253.99165459612624,8594.582729806312,129,126,10,0,0.1402931670018006,,0,0,0
annex,random,5074,scenario,hash,0,10,10,True,2592.0784091316755,259.20784091316756,8730.392045658376,134,126,10,0,0.44326795800589025,,21,5,0
annex,random,5074,scenario_future,hash,0,10,10,True,2592.0784091316755,259.20784091316756,8730.392045658376,134,126,10,0,0.4798146670218557,,21,5,0
annex,random,5075,future_cover,hash,0,13,13,True,2911.9091102563657,223.9930084812589,10559.545551281828,124,115,13,0,0.15804350000689737,,0,0,0
annex,random,5075,scenario,hash,0,13,13,True,3041.6478819599342,233.972913996918,11383.239409799671,118,110,13,0,0.3937460420129355,,20,5,0
annex,random,5075,scenario_future,hash,0,13,13,True,3041.6478819599342,233.972913996918,11383.239409799671,118,110,13,0,0.46605725001427345,,20,5,0
annex,random,5076,future_cover,hash,0,13,13,True,2920.1025591260363,224.62327377892586,11060.512795630182,108,103,13,0,0.16300125000998378,,0,0,0
annex,random,5076,scenario,hash,0,13,13,True,3114.303459830745,239.561804602365,12106.517299153726,106,98,13,0,0.40734141701250337,,22,5,0
annex,random,5076,scenario_future,hash,0,13,13,True,3114.303459830745,239.561804602365,12106.517299153726,106,98,13,0,0.4684221660136245,,22,5,0
annex,random,5077,future_cover,hash,0,10,10,True,2699.725733573031,269.9725733573031,9668.628667865154,120,116,10,0,0.10424941699602641,,0,0,0
annex,random,5077,scenario,hash,0,10,10,True,2898.067256418682,289.8067256418682,10260.33628209341,134,126,10,0,0.319071542005986,,18,3,0
annex,random,5077,scenario_future,hash,0,10,10,True,2898.067256418682,289.8067256418682,10260.33628209341,134,126,10,0,0.33900808400358073,,18,3,0
annex,random,5078,future_cover,hash,0,10,10,True,2584.0593668275956,258.40593668275955,9005.296834137978,123,118,10,0,0.10019525000825524,,0,0,0
annex,random,5078,scenario,hash,0,10,10,True,2711.466863090363,271.1466863090363,9767.334315451815,119,113,10,0,0.3211130419804249,,18,3,0
annex,random,5078,scenario_future,hash,0,10,10,True,2711.466863090363,271.1466863090363,9767.334315451815,119,113,10,0,0.3774448339827359,,18,3,0
annex,random,5079,future_cover,hash,0,12,12,True,3174.2543906434344,264.5211992202862,12106.271953217172,116,113,12,0,0.162099750014022,,0,0,0
annex,random,5079,scenario,hash,0,12,12,True,3185.8131109634105,265.48442591361754,12194.065554817053,115,112,12,0,0.435744042013539,,22,4,0
annex,random,5079,scenario_future,hash,0,12,12,True,3185.8131109634105,265.48442591361754,12194.065554817053,115,112,12,0,0.47072250000201166,,22,4,0
annex,random,5080,future_cover,hash,0,14,14,True,3220.2870656354926,230.02050468824947,12281.435328177464,117,109,14,0,0.13058587498380803,,0,0,0
annex,random,5080,scenario,hash,0,14,14,True,3340.0607916581084,238.57577083272204,13150.303958290542,108,100,14,0,0.5595750409993343,,23,4,0
annex,random,5080,scenario_future,hash,0,14,14,True,3340.0607916581084,238.57577083272204,13150.303958290542,108,100,14,0,0.627141583012417,,23,4,0
annex,random,5081,future_cover,hash,0,16,16,True,3030.5408971938464,189.4088060746154,11177.704485969232,120,115,16,0,0.1430111250083428,,0,0,1
annex,random,5081,scenario,hash,0,16,16,True,3156.412597272535,197.27578732953344,11642.062986362675,126,118,16,0,0.3990032500005327,,24,5,0
annex,random,5081,scenario_future,hash,0,16,16,True,3204.3051449628415,200.2690715601776,11916.525724814208,125,116,16,0,0.5021152500121389,,24,6,1
annex,random,5082,future_cover,hash,0,16,16,True,3329.1678303713898,208.07298939821186,12670.839151856948,120,115,16,0,0.17593441699864343,,0,0,0
annex,random,5082,scenario,hash,0,16,16,True,3485.7147492281383,217.85717182675864,13668.573746140692,113,107,16,0,0.3030394579982385,,22,8,0
annex,random,5082,scenario_future,hash,0,16,16,True,3485.7147492281383,217.85717182675864,13668.573746140692,113,107,16,0,0.346324292011559,,22,8,0
annex,random,5083,future_cover,hash,0,11,11,True,2803.9180926586896,254.9016447871536,10149.590463293449,121,114,11,0,0.11408225001650862,,0,0,0
annex,random,5083,scenario,hash,0,11,11,True,2806.3766598742172,255.1251508976561,10466.883299371086,111,103,11,0,0.22231991699663922,,18,2,0
annex,random,5083,scenario_future,hash,0,11,11,True,2806.3766598742172,255.1251508976561,10466.883299371086,111,103,11,0,0.26665645799948834,,18,2,0
annex,random,5084,future_cover,hash,0,13,13,True,3214.4594996073783,247.26611535441373,11717.297498036893,135,131,13,0,0.10743924998678267,,0,0,1
annex,random,5084,scenario,hash,0,13,13,True,3291.445768899309,253.1881360691776,12657.228844496543,117,110,13,0,0.2454676249762997,,19,7,0
annex,random,5084,scenario_future,hash,0,13,13,True,3291.445768899309,253.1881360691776,12657.228844496543,117,110,13,0,0.25407466699834913,,19,7,0
annex,random,5085,future_cover,hash,0,14,14,True,3094.7571884657955,221.05408489041398,11443.785942328977,123,121,14,0,0.1391973750141915,,0,0,0
annex,random,5085,scenario,hash,0,14,14,True,3229.4630974360234,230.67593553114452,12247.315487180118,119,115,14,0,0.34249191600247286,,21,5,0
annex,random,5085,scenario_future,hash,0,14,14,True,3229.4630974360234,230.67593553114452,12247.315487180118,119,115,14,0,0.3852245839952957,,21,5,0
annex,random,5086,future_cover,hash,0,11,11,True,2882.024552732169,262.0022320665608,10135.122763660846,134,130,11,0,0.09544466598890722,,0,0,0
annex,random,5086,scenario,hash,0,11,11,True,2914.659823490044,264.96907486273125,10428.29911745022,130,124,11,0,0.3132718339911662,,21,7,0
annex,random,5086,scenario_future,hash,0,11,11,True,2914.659823490044,264.96907486273125,10428.29911745022,130,124,11,0,0.3533150840085,,21,7,0
annex,random,5087,future_cover,hash,0,11,11,True,3005.966591910902,273.26969017371835,11069.83295955451,124,117,11,0,0.09568216701154597,,0,0,0
annex,random,5087,scenario,hash,0,11,11,True,3147.415121024046,286.12864736582236,11932.07560512023,119,111,11,0,0.30386233402532525,,23,4,0
annex,random,5087,scenario_future,hash,0,11,11,True,3147.415121024046,286.12864736582236,11932.07560512023,119,111,11,0,0.3378688749799039,,23,4,0
annex,random,5088,future_cover,hash,0,15,15,True,2975.9139908711454,198.39426605807637,10924.569954355728,121,111,15,0,0.1399907080049161,,0,0,0
annex,random,5088,scenario,hash,0,15,15,True,2963.898151057041,197.5932100704694,10984.490755285206,117,107,15,0,0.4066434589913115,,24,6,0
annex,random,5088,scenario_future,hash,0,15,15,True,2963.898151057041,197.5932100704694,10984.490755285206,117,107,15,0,0.4402932079974562,,24,6,0
annex,random,5089,future_cover,hash,0,10,10,True,2976.400546119566,297.6400546119566,10852.002730597831,127,121,10,0,0.13969491701573133,,0,0,0
annex,random,5089,scenario,hash,0,10,10,True,3024.20244000469,302.420244000469,11051.01220002345,129,119,10,0,0.47407783300150186,,19,4,0
annex,random,5089,scenario_future,hash,0,10,10,True,3024.20244000469,302.420244000469,11051.01220002345,129,119,10,0,0.49429758300539106,,19,4,0
annex,random,5090,future_cover,hash,0,13,13,True,3064.706435473637,235.74664888258746,11433.532177368186,119,118,13,0,0.15689070799271576,,0,0,0
annex,random,5090,scenario,hash,0,13,13,True,3158.05448459654,242.9272680458877,11765.2724229827,124,120,13,0,0.46944737501326017,,22,4,0
annex,random,5090,scenario_future,hash,0,13,13,True,3158.05448459654,242.9272680458877,11765.2724229827,124,120,13,0,0.5244237089937087,,22,4,0
annex,random,5091,future_cover,hash,0,11,11,True,2871.48694052219,261.0442673201991,10377.434702610948,124,121,11,0,0.1674585420114454,,0,0,0
annex,random,5091,scenario,hash,0,11,11,True,2857.657839064065,259.78707627855135,10218.289195320323,127,124,11,0,0.4768432500131894,,16,3,0
annex,random,5091,scenario_future,hash,0,11,11,True,2857.657839064065,259.78707627855135,10218.289195320323,127,124,11,0,0.5308955409855116,,16,3,0
annex,random,5092,future_cover,hash,0,12,12,True,3375.50669061292,281.29222421774335,12517.5334530646,136,132,12,0,0.18778766700415872,,0,0,0
annex,random,5092,scenario,hash,0,12,12,True,3512.1114324085065,292.6759527007089,13575.557162042533,124,117,12,0,0.4687807919981424,,24,6,0
annex,random,5092,scenario_future,hash,0,12,12,True,3512.1114324085065,292.6759527007089,13575.557162042533,124,117,12,0,0.5324564159964211,,24,6,0
annex,random,5093,future_cover,hash,0,12,12,True,2969.6167069481507,247.4680589123459,10793.083534740754,126,121,12,0,0.16590162500506267,,0,0,0
annex,random,5093,scenario,hash,0,12,12,True,3170.2229196128173,264.1852433010681,11901.114598064087,123,115,12,0,0.3585357499832753,,20,7,0
annex,random,5093,scenario_future,hash,0,12,12,True,3170.2229196128173,264.1852433010681,11901.114598064087,123,115,12,0,0.3910467499808874,,20,7,0
annex,random,5094,future_cover,hash,0,16,16,True,2986.85887993296,186.67867999581,11199.2943996648,113,102,16,0,0.2294389579910785,,0,0,0
annex,random,5094,scenario,hash,0,16,16,True,3311.303103332,206.95644395825,13311.51551666,96,89,16,0,0.6319100420223549,,23,6,0
annex,random,5094,scenario_future,hash,0,16,16,True,3311.303103332,206.95644395825,13311.51551666,96,89,16,0,0.7226303750067018,,23,6,1
annex,random,5095,future_cover,hash,0,10,10,True,3068.6066405486063,306.86066405486065,11628.033202743032,116,113,10,0,0.13622687497991137,,0,0,0
annex,random,5095,scenario,hash,0,10,10,True,3185.3180121415758,318.53180121415755,11606.590060707878,137,129,10,0,0.34089166700141504,,17,5,0
annex,random,5095,scenario_future,hash,0,10,10,True,3185.3180121415758,318.53180121415755,11606.590060707878,137,129,10,0,0.3833145419775974,,17,5,1
annex,random,5096,future_cover,hash,0,16,16,True,3305.7965559036484,206.61228474397802,12393.982779518243,126,117,16,0,0.23289174999808893,,0,0,4
annex,random,5096,scenario,hash,0,16,16,True,3623.4112680169246,226.4632042510578,14057.056340084622,123,117,16,0,0.5169694579963107,,27,4,0
annex,random,5096,scenario_future,hash,0,16,16,True,3623.4112680169246,226.4632042510578,14057.056340084622,123,117,16,0,0.6246286670211703,,27,4,0
annex,random,5097,future_cover,hash,0,13,13,True,3282.0451131248856,252.4650087019143,12275.225565624427,128,122,13,0,0.1693444999982603,,0,0,0
annex,random,5097,scenario,hash,0,13,13,True,3449.467459744251,265.34365074955775,12977.337298721253,133,124,13,0,0.4317485830106307,,19,8,0
annex,random,5097,scenario_future,hash,0,13,13,True,3449.467459744251,265.34365074955775,12977.337298721253,133,124,13,0,0.4954154169827234,,19,8,0
annex,random,5098,future_cover,hash,0,16,16,True,3118.7994250980864,194.9249640686304,11788.997125490432,114,111,16,0,0.19590887500089593,,0,0,0
annex,random,5098,scenario,hash,0,16,16,True,3178.581018559321,198.66131365995756,11752.905092796605,126,118,16,0,0.5166059160255827,,23,8,0
annex,random,5098,scenario_future,hash,0,16,16,True,3178.581018559321,198.66131365995756,11752.905092796605,126,118,16,0,0.5797959160117898,,23,8,0
annex,random,5099,future_cover,hash,0,14,14,True,3393.047277550791,242.3605198250565,12680.236387753956,132,127,14,0,0.18258579200482927,,0,0,0
annex,random,5099,scenario,hash,0,14,14,True,3626.7462901835725,259.05330644168373,14188.731450917861,121,114,14,0,0.45709358298336156,,25,7,0
annex,random,5099,scenario_future,hash,0,14,14,True,3626.7462901835725,259.05330644168373,14188.731450917861,121,114,14,0,0.5142260410066228,,25,7,0
annex,random,5100,future_cover,hash,0,10,10,True,2825.8362442270595,282.58362442270595,10329.181221135297,119,115,10,0,0.11709299997892231,,0,0,0
annex,random,5100,scenario,hash,0,10,10,True,2879.691463716511,287.9691463716511,10603.457318582556,119,114,10,0,0.4594475420017261,,21,3,0
annex,random,5100,scenario_future,hash,0,10,10,True,2879.691463716511,287.9691463716511,10603.457318582556,119,114,10,0,0.48779450001893565,,21,3,0
annex,random,5101,future_cover,hash,0,11,11,True,2922.03590546107,265.63962776918817,10730.179527305349,121,116,11,0,0.11181554201175459,,0,0,0
annex,random,5101,scenario,hash,0,11,11,True,3242.963250425679,294.814840947789,12299.816252128394,123,113,11,0,0.4086789999855682,,22,6,0
annex,random,5101,scenario_future,hash,0,11,11,True,3242.963250425679,294.814840947789,12299.816252128394,123,113,11,0,0.4581445829826407,,22,6,0
annex,random,5102,future_cover,hash,0,14,14,True,2859.3986483153894,204.24276059395638,10556.993241576947,114,108,14,0,0.1584724159911275,,0,0,0
annex,random,5102,scenario,hash,0,14,14,True,3100.7550227595643,221.48250162568317,11913.775113797821,109,103,14,0,0.45609399999375455,,23,4,0
annex,random,5102,scenario_future,hash,0,14,14,True,3100.7550227595643,221.48250162568317,11913.775113797821,109,103,14,0,0.5335329579829704,,23,4,0
annex,random,5103,future_cover,hash,0,15,15,True,3320.7604163026135,221.38402775350758,12813.802081513068,115,108,15,0,0.2810313330264762,,0,0,0
annex,random,5103,scenario,hash,0,15,15,True,3663.1112733688806,244.20741822459203,14505.556366844403,116,107,15,0,0.4261637080053333,,23,4,0
annex,random,5103,scenario_future,hash,0,15,15,True,3663.1112733688806,244.20741822459203,14505.556366844403,116,107,15,0,0.522365417011315,,23,4,0
annex,random,5104,future_cover,hash,0,11,11,True,2858.448547082263,259.85895882566024,10382.242735411313,122,117,11,0,0.131799291993957,,0,0,0
annex,random,5104,scenario,hash,0,11,11,True,2984.6420723492006,271.33109748629096,11123.210361746003,119,110,11,0,0.46041608302039094,,22,7,0
annex,random,5104,scenario_future,hash,0,11,11,True,2984.6420723492006,271.33109748629096,11123.210361746003,119,110,11,0,0.508967500005383,,22,7,0
annex,random,5105,future_cover,hash,0,11,11,True,2340.155089530266,212.74137177547874,7900.775447651332,118,115,11,0,0.1452396250097081,,0,0,2
annex,random,5105,scenario,hash,0,11,11,True,2484.4149014724003,225.85590013385456,8622.074507362002,118,115,11,0,0.38120483301463537,,16,6,0
annex,random,5105,scenario_future,hash,0,11,11,True,2505.486898192987,227.77153619936246,8877.434490964935,113,110,11,0,0.3826284160022624,,16,5,1
annex,random,5106,future_cover,hash,0,10,10,True,3057.8031696472217,305.78031696472215,11219.01584823611,128,124,10,0,0.12620479098404758,,0,0,1
annex,random,5106,scenario,hash,0,10,10,True,3148.4552769182665,314.84552769182665,12042.276384591332,116,110,10,0,0.30134712500148453,,19,6,0
annex,random,5106,scenario_future,hash,0,10,10,True,3148.4552769182665,314.84552769182665,12042.276384591332,116,110,10,0,0.3406125830078963,,19,6,0
annex,random,5107,future_cover,hash,0,15,15,True,2955.430599575585,197.0287066383723,10792.152997877924,121,117,15,0,0.1685667079873383,,0,0,3
annex,random,5107,scenario,hash,0,15,15,True,3249.5056275280103,216.63370850186735,12512.528137640053,113,107,15,0,0.4013567920192145,,21,6,0
annex,random,5107,scenario_future,hash,0,15,15,True,3294.138454647986,219.60923030986572,12760.692273239929,112,107,15,0,0.4506164169870317,,20,8,3
annex,random,5108,future_cover,hash,0,14,14,True,3057.3535867492765,218.38239905351975,11406.767933746381,119,111,14,0,0.16288429099950008,,0,0,0
annex,random,5108,scenario,hash,0,14,14,True,3035.2519575387173,216.8037112527655,11221.259787693587,122,111,14,0,0.3997970000200439,,22,6,0
annex,random,5108,scenario_future,hash,0,14,14,True,3035.2519575387173,216.8037112527655,11221.259787693587,122,111,14,0,0.4253160000080243,,22,6,0
annex,random,5109,future_cover,hash,0,10,10,True,2919.0400705852217,291.90400705852215,10320.200352926107,135,130,10,0,0.12194124999223277,,0,0,0
annex,random,5109,scenario,hash,0,10,10,True,2987.0444293794503,298.70444293794503,10520.222146897251,140,133,10,0,0.3751359999878332,,19,5,0
annex,random,5109,scenario_future,hash,0,10,10,True,2987.0444293794503,298.70444293794503,10520.222146897251,140,133,10,0,0.41094699999666773,,19,5,0
annex,random,5110,future_cover,hash,0,11,11,True,2893.398981982945,263.03627108935865,10461.994909914725,125,121,11,0,0.10345533301006071,,0,0,0
annex,random,5110,scenario,hash,0,11,11,True,3187.344270746938,289.75857006790346,11961.72135373469,124,120,11,0,0.3796890420198906,,18,5,0
annex,random,5110,scenario_future,hash,0,11,11,True,3187.344270746938,289.75857006790346,11961.72135373469,124,120,11,0,0.4067214169772342,,18,5,0
annex,random,5111,future_cover,hash,0,11,11,True,3089.686821239751,280.88062011270466,11573.434106198756,121,115,11,0,0.10184487499645911,,0,0,0
annex,random,5111,scenario,hash,0,11,11,True,3165.2476654420407,287.74978776745826,12006.238327210203,119,114,11,0,0.3596550000074785,,21,2,0
annex,random,5111,scenario_future,hash,0,11,11,True,3165.2476654420407,287.74978776745826,12006.238327210203,119,114,11,0,0.3951967089960817,,21,2,0
annex,random,5112,future_cover,hash,0,13,13,True,2905.975442643991,223.53657251107623,10364.877213219954,129,123,13,0,0.17417541600298136,,0,0,0
annex,random,5112,scenario,hash,0,13,13,True,3072.868029008218,236.37446376986293,11204.34014504109,129,122,13,0,0.44864095901721157,,21,5,0
annex,random,5112,scenario_future,hash,0,13,13,True,3072.868029008218,236.37446376986293,11204.34014504109,129,122,13,0,0.4865020829893183,,21,5,0
annex,random,5113,future_cover,hash,0,13,13,True,3456.392762579744,265.876366352288,12966.96381289872,134,128,13,0,0.2248555830155965,,0,0,0
annex,random,5113,scenario,hash,0,13,13,True,3622.7802459911045,278.67540353777724,13713.901229955523,137,130,13,0,0.5239320000109728,,21,8,0
annex,random,5113,scenario_future,hash,0,13,13,True,3622.7802459911045,278.67540353777724,13713.901229955523,137,130,13,0,0.5741023329901509,,21,8,0
annex,random,5114,future_cover,hash,0,15,15,True,3085.7560011493842,205.7170667432923,11638.780005746921,115,108,15,0,0.21776654198765755,,0,0,0
annex,random,5114,scenario,hash,0,15,15,True,3331.51974517641,222.101316345094,13007.598725882051,111,100,15,0,0.40289716600091197,,17,8,0
annex,random,5114,scenario_future,hash,0,15,15,True,3331.51974517641,222.101316345094,13007.598725882051,111,100,15,0,0.7124592080072034,,17,8,0
annex,random,5115,future_cover,hash,0,16,16,True,3347.8541485399505,209.2408842837469,12534.270742699753,128,121,16,0,0.2501804589992389,,0,0,0
annex,random,5115,scenario,hash,0,16,16,True,3666.363137849075,229.1476961155672,14411.815689245375,119,109,16,0,0.5185352079861332,,22,4,0
annex,random,5115,scenario_future,hash,0,16,16,True,3666.363137849075,229.1476961155672,14411.815689245375,119,109,16,0,0.7172038750140928,,22,4,0
annex,random,5116,future_cover,hash,0,16,16,True,3386.221776727124,211.63886104544525,12861.10888363562,123,119,16,0,0.2761024999781512,,0,0,4
annex,random,5116,scenario,hash,0,16,16,True,3505.8940901148217,219.11838063217635,13154.470450574108,134,125,16,0,0.6502599580271635,,17,8,0
annex,random,5116,scenario_future,hash,0,16,16,True,3479.017459779322,217.43859123620763,13160.08729889661,129,122,16,0,0.5741784169804305,,17,8,5
annex,random,5117,future_cover,hash,0,11,11,True,3132.6119730509176,284.7829066409925,11638.059865254589,126,120,11,0,0.13022195899975486,,0,0,1
annex,random,5117,scenario,hash,0,11,11,True,3013.914737581218,273.99224887101985,11074.573687906091,125,119,11,0,0.47036150001804344,,20,4,0
annex,random,5117,scenario_future,hash,0,11,11,True,3186.5041097500625,289.68219179546026,11512.520548750314,139,134,11,0,0.4513154579908587,,21,4,1
annex,random,5118,future_cover,hash,0,14,14,True,3209.4850719901356,229.24893371358112,11957.425359950677,126,118,14,0,0.16835091699613258,,0,0,0
annex,random,5118,scenario,hash,0,14,14,True,3111.4318749816225,222.24513392725876,11947.159374908113,110,102,14,0,0.46634779201122,,12,8,0
annex,random,5118,scenario_future,hash,0,14,14,True,3134.6943929846175,223.9067423560441,11763.471964923086,120,112,14,0,0.5770301669836044,,17,8,1
annex,random,5119,future_cover,hash,0,12,12,True,3146.618130994552,262.2181775828793,11648.090654972759,127,122,12,0,0.2062483330082614,,0,0,0
annex,random,5119,scenario,hash,0,12,12,True,3600.153113079573,300.0127594232977,13960.765565397864,126,118,12,0,0.4137696660181973,,17,8,0
annex,random,5119,scenario_future,hash,0,12,12,True,3600.153113079573,300.0127594232977,13960.765565397864,126,118,12,0,0.45734095899388194,,17,8,0
annex,random,5120,future_cover,hash,0,16,16,True,3053.810267778825,190.86314173617657,11669.051338894125,108,100,16,0,0.19919874999322928,,0,0,0
annex,random,5120,scenario,hash,0,16,16,True,3453.8203421581993,215.86377138488746,13609.101710790996,110,102,16,0,0.49355924999690615,,15,8,0
annex,random,5120,scenario_future,hash,0,16,16,True,3223.8094679588958,201.48809174743099,12319.047339794479,115,105,16,0,0.5459860409901012,,15,8,2
annex,random,5121,future_cover,hash,0,15,15,True,3186.516770642379,212.4344513761586,11947.583853211896,121,117,15,0,0.20819100001244806,,0,0,0
annex,random,5121,scenario,hash,0,15,15,True,3215.7746749960324,214.38497833306883,12008.873374980161,124,119,15,0,0.6029041660076473,,25,6,0
annex,random,5121,scenario_future,hash,0,15,15,True,3215.7746749960324,214.38497833306883,12008.873374980161,124,119,15,0,0.6767952499794774,,25,6,0
annex,random,5122,future_cover,hash,0,10,10,True,3004.1357710269176,300.41357710269176,10895.678855134589,130,125,10,0,0.0917043749941513,,0,0,0
annex,random,5122,scenario,hash,0,10,10,True,3012.9695491835746,301.29695491835747,11074.847745917874,126,118,10,0,0.24154612500569783,,13,8,0
annex,random,5122,scenario_future,hash,0,10,10,True,3012.9695491835746,301.29695491835747,11074.847745917874,126,118,10,0,0.2752215840155259,,13,8,0
annex,random,5123,future_cover,hash,0,11,11,True,2790.7173978596165,253.7015816236015,10113.586989298083,120,113,11,0,0.1257387500081677,,0,0,0
annex,random,5123,scenario,hash,0,11,11,True,3009.012581043196,273.54659827665415,11555.06290521598,108,103,11,0,0.35302820801734924,,19,4,0
annex,random,5123,scenario_future,hash,0,11,11,True,3009.012581043196,273.54659827665415,11555.06290521598,108,103,11,0,0.3887548749917187,,19,4,1
annex,random,5124,future_cover,hash,0,14,14,True,3008.999948434788,214.928567745342,11174.99974217394,118,114,14,0,0.18846745899645612,,0,0,0
annex,random,5124,scenario,hash,0,14,14,True,3264.089819838441,233.14927284560295,12750.449099192207,108,104,14,0,0.4899481669999659,,23,6,0
annex,random,5124,scenario_future,hash,0,14,14,True,3264.089819838441,233.14927284560295,12750.449099192207,108,104,14,0,0.5415137920062989,,23,6,0
annex,random,5125,future_cover,hash,0,14,14,True,3319.523550516142,237.1088250368673,12662.61775258071,120,117,14,0,0.18708179198438302,,0,0,0
annex,random,5125,scenario,hash,0,14,14,True,3626.3747823527297,259.0267701680521,14611.873911763649,107,99,14,0,0.5071302089781966,,25,6,0
annex,random,5125,scenario_future,hash,0,14,14,True,3626.3747823527297,259.0267701680521,14611.873911763649,107,99,14,0,0.5583587920118589,,25,6,0
annex,random,5126,future_cover,hash,0,14,14,True,3405.6016285689293,243.25725918349494,12498.008142844646,140,136,14,0,0.20396129199070856,,0,0,2
annex,random,5126,scenario,hash,0,14,14,True,3390.9579677913302,242.21128341366645,13124.78983895665,117,111,14,0,0.4611068750091363,,24,5,0
annex,random,5126,scenario_future,hash,0,14,14,True,3390.9579677913302,242.21128341366645,13124.78983895665,117,111,14,0,0.5159413749934174,,24,7,2
annex,random,5127,future_cover,hash,0,12,12,True,3019.9680173892293,251.66400144910244,11444.840086946146,113,106,12,0,0.12615687501966022,,0,0,0
annex,random,5127,scenario,hash,0,12,12,True,3133.359766734896,261.1133138945747,11851.798833674478,118,113,12,0,0.4321278750139754,,21,5,0
annex,random,5127,scenario_future,hash,0,12,12,True,3133.359766734896,261.1133138945747,11851.798833674478,118,113,12,0,0.47467587498249486,,21,5,0
annex,random,5128,future_cover,hash,0,13,13,True,3150.132603220236,242.31789255540278,11575.66301610118,129,125,13,0,0.21776383399264887,,0,0,0
annex,random,5128,scenario,hash,0,13,13,True,3252.729986803799,250.2099989849076,12008.649934018995,132,126,13,0,0.49683074999484234,,24,5,0
annex,random,5128,scenario_future,hash,0,13,13,True,3252.729986803799,250.2099989849076,12008.649934018995,132,126,13,0,0.5480847920116503,,24,5,0
annex,random,5129,future_cover,hash,0,11,11,True,2820.5818952499276,256.4165359318116,9972.909476249637,129,126,11,0,0.13346325000748038,,0,0,0
annex,random,5129,scenario,hash,0,11,11,True,2909.006585814185,264.4551441649259,10510.032929070925,126,122,11,0,0.44462954200571403,,21,7,0
annex,random,5129,scenario_future,hash,0,11,11,True,2956.42877721744,268.7662524743127,10742.143886087199,126,123,11,0,0.49389037501532584,,18,8,2
annex,random,5130,future_cover,hash,0,13,13,True,2895.4710482698815,222.72854217460628,10257.355241349407,131,124,13,0,0.10878174999379553,,0,0,2
annex,random,5130,scenario,hash,0,13,13,True,3117.074722220967,239.77497863238207,11450.373611104835,128,122,13,0,0.36699612499796785,,20,7,0
annex,random,5130,scenario_future,hash,0,13,13,True,3117.074722220967,239.77497863238207,11450.373611104835,128,122,13,0,0.42723579198354855,,20,7,0
annex,random,5131,future_cover,hash,0,10,10,True,3124.3727094791984,312.43727094791984,11591.863547395991,127,121,10,0,0.11359920800896361,,0,0,1
annex,random,5131,scenario,hash,0,10,10,True,3171.9835845663265,317.19835845663266,11829.917922831632,127,121,10,0,0.40170837499317713,,21,5,0
annex,random,5131,scenario_future,hash,0,10,10,True,3241.1549275326024,324.11549275326024,11815.774637663013,139,133,10,0,0.4534912910021376,,22,6,2
annex,random,5132,future_cover,hash,0,15,15,True,2884.0825370795346,192.27216913863563,10965.412685397672,103,101,15,0,0.23948820799705572,,0,0,0
annex,random,5132,scenario,hash,0,15,15,True,3122.6656601434647,208.177710676231,12063.328300717323,107,100,15,0,0.46486345800803974,,24,5,0
annex,random,5132,scenario_future,hash,0,15,15,True,3122.6656601434647,208.177710676231,12063.328300717323,107,100,15,0,0.5134467919997405,,24,5,0
annex,random,5133,future_cover,hash,0,10,10,True,2723.335191096744,272.3335191096744,9546.67595548372,128,124,10,0,0.10736066597746685,,0,0,0
annex,random,5133,scenario,hash,0,10,10,True,2808.092274664041,280.8092274664041,9960.461373320204,129,121,10,0,0.34963629199774005,,21,5,0
annex,random,5133,scenario_future,hash,0,10,10,True,2808.092274664041,280.8092274664041,9960.461373320204,129,121,10,0,0.3817935419792775,,21,5,0
annex,random,5134,future_cover,hash,0,13,13,True,3160.6210166086144,243.12469358527804,11963.105083043072,118,113,13,0,0.17474895899067633,,0,0,0
annex,random,5134,scenario,hash,0,13,13,True,3041.5298081550072,233.963831396539,11322.649040775037,120,112,13,0,0.3233476250024978,,18,5,0
annex,random,5134,scenario_future,hash,0,13,13,True,3041.5298081550072,233.963831396539,11322.649040775037,120,112,13,0,0.35169045798829757,,18,5,0
annex,random,5135,future_cover,hash,0,15,15,True,3504.5349148580235,233.6356609905349,13152.674574290118,134,129,15,0,0.1979025840118993,,0,0,0
annex,random,5135,scenario,hash,0,15,15,True,3294.575275757871,219.6383517171914,12992.876378789357,105,96,15,0,0.4731872080010362,,25,5,0
annex,random,5135,scenario_future,hash,0,15,15,True,3294.575275757871,219.6383517171914,12992.876378789357,105,96,15,0,0.5476255829853471,,25,5,0
annex,random,5136,future_cover,hash,0,13,13,True,3201.7145498582636,246.2857346044818,11928.572749291317,126,121,13,0,0.16483262498513795,,0,0,0
annex,random,5136,scenario,hash,0,13,13,True,3269.702730813914,251.5155946779934,12628.513654069571,114,109,13,0,0.5354191660007928,,24,3,0
annex,random,5136,scenario_future,hash,0,13,13,True,3269.702730813914,251.5155946779934,12628.513654069571,114,109,13,0,0.5700629159982782,,24,3,0
annex,random,5137,future_cover,hash,0,12,12,True,3421.023169170432,285.085264097536,12945.11584585216,130,122,12,0,0.37762045898125507,,0,0,0
annex,random,5137,scenario,hash,0,12,12,True,3461.753552069418,288.4794626724515,13378.767760347091,123,111,12,0,0.6060050829837564,,23,8,0
annex,random,5137,scenario_future,hash,0,12,12,True,3461.753552069418,288.4794626724515,13378.767760347091,123,111,12,0,0.4920153339917306,,23,8,0
annex,random,5138,future_cover,hash,0,14,14,True,3051.9789783278184,217.99849845198702,11389.894891639091,118,114,14,0,0.2608944169769529,,0,0,7
annex,random,5138,scenario,hash,0,14,14,True,3272.1228947968025,233.72306391405732,12360.614473984013,123,115,14,0,0.5665895419951994,,15,8,0
annex,random,5138,scenario_future,hash,0,14,14,True,3190.020194365413,227.8585853118152,12095.100971827065,118,111,14,0,0.6976072499819566,,21,7,15
annex,random,5139,future_cover,hash,0,11,11,True,3028.3783454550103,275.3071223140918,11176.891727275051,124,118,11,0,0.1610996669915039,,0,0,0
annex,random,5139,scenario,hash,0,11,11,True,3240.779851854171,294.616350168561,12408.899259270855,118,114,11,0,0.37548862502444535,,17,7,0
annex,random,5139,scenario_future,hash,0,11,11,True,3240.779851854171,294.616350168561,12408.899259270855,118,114,11,0,0.44640225000330247,,17,7,0
annex,random,5140,future_cover,hash,0,15,15,True,3199.748398612842,213.3165599075228,11798.741993064208,128,125,15,0,0.2279589170066174,,0,0,1
annex,random,5140,scenario,hash,0,15,15,True,3201.9210734643084,213.46140489762055,12209.605367321543,116,105,15,0,0.632679916016059,,20,8,0
annex,random,5140,scenario_future,hash,0,15,15,True,3201.9210734643084,213.46140489762055,12209.605367321543,116,105,15,0,0.7357014169974718,,20,8,0
annex,random,5141,future_cover,hash,0,11,11,True,2920.8483569284317,265.5316688116756,10349.241784642158,134,126,11,0,0.15179983398411423,,0,0,0
annex,random,5141,scenario,hash,0,11,11,True,2991.7599690002385,271.97817900002167,10343.799845001193,147,133,11,0,0.4917242079973221,,24,6,0
annex,random,5141,scenario_future,hash,0,11,11,True,2991.7599690002385,271.97817900002167,10343.799845001193,147,133,11,0,0.5396682920109015,,24,6,16
annex,random,5142,future_cover,hash,0,16,16,True,3163.3211105605646,197.7075694100353,11776.605552802823,122,118,16,0,0.2210442920040805,,0,0,0
annex,random,5142,scenario,hash,0,16,16,True,3335.3755478879675,208.46097174299797,13091.877739439838,107,102,16,0,0.5028725829906762,,18,8,0
annex,random,5142,scenario_future,hash,0,16,16,True,3335.3755478879675,208.46097174299797,13091.877739439838,107,102,16,0,0.5477532910008449,,18,8,0
annex,random,5143,future_cover,hash,0,11,11,True,3095.735496841461,281.4304997128601,11263.677484207305,132,128,11,0,0.19498299999395385,,0,0,0
annex,random,5143,scenario,hash,0,11,11,True,3325.8678915249957,302.3516265022723,12354.339457624978,135,125,11,0,0.38107804098399356,,20,7,0
annex,random,5143,scenario_future,hash,0,11,11,True,3325.8678915249957,302.3516265022723,12354.339457624978,135,125,11,0,0.4234556669835001,,20,7,1
annex,random,5144,future_cover,hash,0,12,12,True,2850.6473648301026,237.55394706917522,10158.236824150512,127,124,12,0,0.1760492500034161,,0,0,0
annex,random,5144,scenario,hash,0,12,12,True,3055.86366530418,254.655305442015,10854.318326520899,139,130,12,0,0.4912465829984285,,21,7,0
annex,random,5144,scenario_future,hash,0,12,12,True,3055.86366530418,254.655305442015,10854.318326520899,139,130,12,0,0.48964925002655946,,21,7,0
annex,random,5145,future_cover,hash,0,13,13,True,3022.3185599622434,232.4860430740187,10731.592799811217,136,131,13,0,0.1409928339999169,,0,0,0
annex,random,5145,scenario,hash,0,13,13,True,3139.795653450853,241.52274257314255,11368.978267254266,135,126,13,0,0.4735687499924097,,21,4,0
annex,random,5145,scenario_future,hash,0,13,13,True,3139.795653450853,241.52274257314255,11368.978267254266,135,126,13,0,0.4832308750192169,,21,4,0
annex,random,5146,future_cover,hash,0,15,15,True,3071.684656499835,204.778977099989,11613.423282499174,113,109,15,0,0.19848004198865965,,0,0,0
annex,random,5146,scenario,hash,0,15,15,True,3264.059333740615,217.60395558270767,12605.296668703075,112,108,15,0,0.5113298749784008,,24,7,0
annex,random,5146,scenario_future,hash,0,15,15,True,3264.059333740615,217.60395558270767,12605.296668703075,112,108,15,0,0.5781632080033887,,24,7,0
annex,random,5147,future_cover,hash,0,12,12,True,3190.573237983421,265.8811031652851,12012.866189917106,122,118,12,0,0.17229612500523217,,0,0,0
annex,random,5147,scenario,hash,0,12,12,True,3349.321752845338,279.11014607044484,12436.608764226688,135,127,12,0,0.4170362919976469,,21,3,0
annex,random,5147,scenario_future,hash,0,12,12,True,3349.321752845338,279.11014607044484,12436.608764226688,135,127,12,0,0.46837279200553894,,21,3,0
annex,random,5148,future_cover,hash,0,13,13,True,3052.8295145037036,234.83303957720798,11554.147572518517,114,107,13,0,0.15767866699025035,,0,0,0
annex,random,5148,scenario,hash,0,13,13,True,3100.2160817810977,238.4781601370075,11886.08040890549,111,103,13,0,0.47835841597407125,,25,4,0
annex,random,5148,scenario_future,hash,0,13,13,True,3100.2160817810977,238.4781601370075,11886.08040890549,111,103,13,0,0.5449359580234159,,25,4,0
annex,random,5149,future_cover,hash,0,12,12,True,3520.9707081200017,293.41422567666683,13649.853540600008,123,116,12,0,0.12695583299500868,,0,0,0
annex,random,5149,scenario,hash,0,12,12,True,3529.9329221675944,294.1610768472995,13849.664610837972,118,110,12,0,0.30798058400978334,,18,5,0
annex,random,5149,scenario_future,hash,0,12,12,True,3529.9329221675944,294.1610768472995,13849.664610837972,118,110,12,0,0.3548110830015503,,18,5,0
annex,random,5150,future_cover,hash,0,11,11,True,3142.1806285695625,285.65278441541477,11830.903142847812,121,116,11,0,0.14811820900649764,,0,0,0
annex,random,5150,scenario,hash,0,11,11,True,3136.1445524058972,285.10405021871793,11815.722762029485,121,113,11,0,0.41148445798899047,,22,4,0
annex,random,5150,scenario_future,hash,0,11,11,True,3136.1445524058972,285.10405021871793,11815.722762029485,121,113,11,0,0.4881460419856012,,22,4,0
annex,random,5151,future_cover,hash,0,12,12,True,2895.3279332791353,241.27732777326128,10601.639666395677,120,115,12,0,0.14728941698558629,,0,0,0
annex,random,5151,scenario,hash,0,12,12,True,3076.8169522014277,256.4014126834523,11664.084761007138,115,109,12,0,0.42921870900318027,,20,7,0
annex,random,5151,scenario_future,hash,0,12,12,True,3076.8169522014277,256.4014126834523,11664.084761007138,115,109,12,0,0.488254458992742,,20,7,0
annex,random,5152,future_cover,hash,0,12,12,True,2906.528797599193,242.21073313326607,10597.643987995963,122,117,12,0,0.12496620800811797,,0,0,0
annex,random,5152,scenario,hash,0,12,12,True,3070.576644546817,255.8813870455681,11352.883222734084,125,115,12,0,0.37947883299784735,,21,7,0
annex,random,5152,scenario_future,hash,0,12,12,True,3070.576644546817,255.8813870455681,11352.883222734084,125,115,12,0,0.4008006249787286,,21,7,0
annex,random,5153,future_cover,hash,0,10,10,True,3369.836736955943,336.9836736955943,12699.183684779713,131,125,10,0,0.11901491601020098,,0,0,0
annex,random,5153,scenario,hash,0,10,10,True,3170.9243675295097,317.09243675295096,11649.621837647548,133,126,10,0,0.40634687498095445,,19,6,0
annex,random,5153,scenario_future,hash,0,10,10,True,3170.9243675295097,317.09243675295096,11649.621837647548,133,126,10,0,0.42057170800399035,,19,6,0
annex,random,5154,future_cover,hash,0,13,13,True,3141.994562388756,241.6918894145197,11669.97281194378,125,118,13,0,0.14620020901202224,,0,0,0
annex,random,5154,scenario,hash,0,13,13,True,3308.8029914623144,254.52330703556265,12104.014957311572,139,128,13,0,0.4476518750016112,,17,8,0
annex,random,5154,scenario_future,hash,0,13,13,True,3308.8029914623144,254.52330703556265,12104.014957311572,139,128,13,0,0.5180092499940656,,17,8,0
annex,random,5155,future_cover,hash,0,12,12,True,3061.380597068511,255.11504975570926,11381.902985342556,122,115,12,0,0.13859412499004975,,0,0,0
annex,random,5155,scenario,hash,0,12,12,True,3181.242357292923,265.1035297744102,11846.211786464613,127,117,12,0,0.4326756249938626,,20,8,0
annex,random,5155,scenario_future,hash,0,12,12,True,3181.242357292923,265.1035297744102,11846.211786464613,127,117,12,0,0.47146137501113117,,20,8,0
annex,random,5156,future_cover,hash,0,12,12,True,2684.5333290101876,223.71111075084897,9517.666645050938,121,116,12,0,0.13408937500207685,,0,0,0
annex,random,5156,scenario,hash,0,12,12,True,2783.5261841964107,231.9605153497009,9792.630920982054,129,120,12,0,0.43345149999368005,,19,8,0
annex,random,5156,scenario_future,hash,0,12,12,True,2783.5261841964107,231.9605153497009,9792.630920982054,129,120,12,0,0.44906041701324284,,19,8,0
annex,random,5157,future_cover,hash,0,14,14,True,3629.7985152984975,259.2713225213212,14198.992576492488,121,115,14,0,0.2162217500153929,,0,0,0
annex,random,5157,scenario,hash,0,14,14,True,3682.823884288805,263.05884887777177,14299.119421444024,127,118,14,0,0.5529254589928314,,20,8,0
annex,random,5157,scenario_future,hash,0,14,14,True,3682.823884288805,263.05884887777177,14299.119421444024,127,118,14,0,0.6022183750174008,,20,8,0
annex,random,5158,future_cover,hash,0,12,12,True,2879.66471971259,239.97205997604917,10693.323598562949,114,111,12,0,0.1413018750026822,,0,0,1
annex,random,5158,scenario,hash,0,12,12,True,2948.2790259441877,245.6899188286823,11051.395129720939,114,108,12,0,0.48791749999509193,,21,6,0
annex,random,5158,scenario_future,hash,0,12,12,True,2942.786444651408,245.23220372095068,11023.932223257041,114,108,12,0,0.5261046660016291,,21,5,1
annex,random,5159,future_cover,hash,0,16,16,True,3735.004169343839,233.43776058398993,14445.020846719195,129,121,16,0,0.28882162499940023,,0,0,0
annex,random,5159,scenario,hash,0,16,16,True,4023.351807198158,251.45948794988487,15166.75903599079,153,145,16,0,0.5074043750064448,,14,8,0
annex,random,5159,scenario_future,hash,0,16,16,True,4069.6525458107044,254.35328411316902,15098.262729053522,163,155,16,0,0.5676216669962741,,14,8,1
annex,random,5160,future_cover,hash,0,15,15,True,2982.458411938076,198.83056079587175,10997.29205969038,119,113,15,0,0.1801709590072278,,0,0,1
annex,random,5160,scenario,hash,0,15,15,True,3204.411294219853,213.62741961465687,11787.056471099266,130,122,15,0,0.5234913750027772,,26,5,0
annex,random,5160,scenario_future,hash,0,15,15,True,3204.411294219853,213.62741961465687,11787.056471099266,130,122,15,0,0.5763644170074258,,26,5,0
annex,random,5161,future_cover,hash,0,12,12,True,3091.6830187930614,257.64025156608847,11088.415093965306,137,129,12,0,0.1166645830089692,,0,0,0
annex,random,5161,scenario,hash,0,12,12,True,3079.8752605039745,256.6562717086645,11144.376302519871,133,126,12,0,0.2999044159951154,,16,3,0
annex,random,5161,scenario_future,hash,0,12,12,True,3079.8752605039745,256.6562717086645,11144.376302519871,133,126,12,0,0.33199483298812993,,16,3,0
annex,random,5162,future_cover,hash,0,15,15,True,3136.588476670249,209.10589844468325,11862.942383351245,116,109,15,0,0.2042121670092456,,0,0,0
annex,random,5162,scenario,hash,0,15,15,True,3160.4431553113814,210.6962103540921,11857.215776556906,120,114,15,0,0.4413040840008762,,11,8,0
annex,random,5162,scenario_future,hash,0,15,15,True,3160.4431553113814,210.6962103540921,11857.215776556906,120,114,15,0,0.5060571669891942,,11,8,0
annex,random,5163,future_cover,hash,0,15,15,True,3699.018917932534,246.60126119550225,14315.094589662669,128,121,15,0,0.1712941250007134,,0,0,0
annex,random,5163,scenario,hash,0,15,15,True,3784.3151220047034,252.28767480031357,15136.575610023518,115,107,15,0,0.5059496659960132,,25,4,0
annex,random,5163,scenario_future,hash,0,15,15,True,3784.3151220047034,252.28767480031357,15136.575610023518,115,107,15,0,0.5291967909724917,,25,4,0
annex,random,5164,future_cover,hash,0,11,11,True,3001.344747235401,272.84952247594555,11121.723736177006,121,117,11,0,0.11795637500472367,,0,0,0
annex,random,5164,scenario,hash,0,11,11,True,3013.2870393182666,273.9351853925697,11171.435196591334,121,119,11,0,0.3785532080219127,,20,3,0
annex,random,5164,scenario_future,hash,0,11,11,True,3013.2870393182666,273.9351853925697,11171.435196591334,121,119,11,0,0.42324525001458824,,20,3,0
annex,random,5165,future_cover,hash,0,15,15,True,3399.1106897657637,226.60737931771757,13020.55344882882,121,115,15,0,0.16298225001082756,,0,0,0
annex,random,5165,scenario,hash,0,15,15,True,3349.5583647592002,223.30389098394667,12952.791823796002,115,109,15,0,0.5988749579992145,,28,7,0
annex,random,5165,scenario_future,hash,0,15,15,True,3349.5583647592002,223.30389098394667,12952.791823796002,115,109,15,0,0.9289973330160137,,28,7,0
annex,random,5166,future_cover,hash,0,16,16,True,3244.3492556695805,202.77182847934878,12581.746278347902,109,103,16,0,0.3846125839918386,,0,0,0
annex,random,5166,scenario,hash,0,16,16,True,3607.017910659031,225.43861941618943,14010.089553295154,122,115,16,0,0.455074291996425,,21,8,0
annex,random,5166,scenario_future,hash,0,16,16,True,3601.753412555691,225.10958828473068,13993.767062778454,122,113,16,0,0.5333734579908196,,21,8,2
annex,random,5167,future_cover,hash,0,12,12,True,3267.619296851598,272.3016080709665,12288.096484257989,126,120,12,0,0.18457454099552706,,0,0,0
annex,random,5167,scenario,hash,0,12,12,True,3331.2528765766233,277.6044063813853,12646.264382883117,125,117,12,0,0.49922900000819936,,22,6,0
annex,random,5167,scenario_future,hash,0,12,12,True,3204.42244730734,267.0352039422783,11987.112236536701,126,117,12,0,0.504277166997781,,17,8,1
annex,random,5168,future_cover,hash,0,12,12,True,3169.6050298357745,264.13375248631456,11878.025149178873,123,119,12,0,0.167610207980033,,0,0,0
annex,random,5168,scenario,hash,0,12,12,True,3237.4853927270315,269.7904493939193,12202.426963635158,124,117,12,0,0.4416695419931784,,21,4,0
annex,random,5168,scenario_future,hash,0,12,12,True,3237.4853927270315,269.7904493939193,12202.426963635158,124,117,12,0,0.471919124975102,,21,4,0
annex,random,5169,future_cover,hash,0,12,12,True,3343.89139124552,278.65761593712665,12369.456956227601,136,130,12,0,0.14175479201367125,,0,0,0
annex,random,5169,scenario,hash,0,12,12,True,3415.7363221444366,284.6446935120364,12738.681610722182,137,123,12,0,0.41358345802291296,,23,3,0
annex,random,5169,scenario_future,hash,0,12,12,True,3415.7363221444366,284.6446935120364,12738.681610722182,137,123,12,0,0.44410583400167525,,23,3,0
annex,random,5170,future_cover,hash,0,12,12,True,3035.137604717239,252.92813372643658,11255.688023586195,121,119,12,0,0.15809329197509214,,0,0,0
annex,random,5170,scenario,hash,0,12,12,True,3141.451542840269,261.78762857002243,11632.257714201347,127,120,12,0,0.46054608398117125,,23,6,0
annex,random,5170,scenario_future,hash,0,12,12,True,3141.451542840269,261.78762857002243,11632.257714201347,127,120,12,0,0.4972544999909587,,23,6,0
annex,random,5171,future_cover,hash,0,14,14,True,3131.2750754596555,223.6625053899754,12176.375377298278,105,101,14,0,0.2528709579783026,,0,0,0
annex,random,5171,scenario,hash,0,14,14,True,3572.845184982615,255.20322749875822,14204.225924913077,112,102,14,0,0.510604416980641,,24,7,0
annex,random,5171,scenario_future,hash,0,14,14,True,3572.845184982615,255.20322749875822,14204.225924913077,112,102,14,0,0.6279107500158716,,24,7,0
annex,random,5172,future_cover,hash,0,15,15,True,3062.294819992395,204.15298799949298,11111.474099961973,129,120,15,0,0.21327091701095924,,0,0,0
annex,random,5172,scenario,hash,0,15,15,True,3124.300474162956,208.2866982775304,11556.50237081478,124,118,15,0,0.39915812501567416,,17,8,0
annex,random,5172,scenario_future,hash,0,15,15,True,3124.300474162956,208.2866982775304,11556.50237081478,124,118,15,0,0.44879358302569017,,17,8,0
annex,random,5173,future_cover,hash,0,12,12,True,2925.4054985847515,243.78379154872928,10747.027492923757,120,116,12,0,0.10693720800918527,,0,0,0
annex,random,5173,scenario,hash,0,12,12,True,3052.3675687398895,254.36396406165747,11246.837843699448,125,118,12,0,0.3399110829923302,,21,6,0
annex,random,5173,scenario_future,hash,0,12,12,True,3052.3675687398895,254.36396406165747,11246.837843699448,125,118,12,0,0.38961666700197384,,21,6,0
annex,random,5174,future_cover,hash,0,12,12,True,2761.577529853458,230.13146082112152,9817.88764926729,124,118,12,0,0.16867704200558364,,0,0,0
annex,random,5174,scenario,hash,0,12,12,True,2996.377209774198,249.6981008145165,10791.88604887099,131,123,12,0,0.4581652089837007,,22,7,0
annex,random,5174,scenario_future,hash,0,12,12,True,2996.377209774198,249.6981008145165,10791.88604887099,131,123,12,0,0.5406639169959817,,22,7,0
annex,random,5175,future_cover,hash,0,16,16,True,3445.3693264127296,215.3355829007956,13131.846632063647,124,119,16,0,0.1986460000043735,,0,0,0
annex,random,5175,scenario,hash,0,16,16,True,3502.2011950876695,218.88757469297934,13741.005975438347,114,104,16,0,0.39633058302570134,,21,6,0
annex,random,5175,scenario_future,hash,0,16,16,True,3496.4762321132266,218.52976450707666,13742.381160566134,113,103,16,0,0.43761133300722577,,21,5,1
annex,random,5176,future_cover,hash,0,16,16,True,3194.1605773773663,199.6350360860854,12210.802886886831,113,107,16,0,0.17915429099230096,,0,0,0
annex,random,5176,scenario,hash,0,16,16,True,3673.2196969048273,229.5762310565517,14481.098484524136,117,112,16,0,0.4003317079914268,,16,8,0
annex,random,5176,scenario_future,hash,0,16,16,True,3673.2196969048273,229.5762310565517,14481.098484524136,117,112,16,0,0.460659249976743,,16,8,0
annex,random,5177,future_cover,hash,0,15,15,True,3552.3979886008506,236.82653257339004,13926.989943004253,117,107,15,0,0.1941385829995852,,0,0,0
annex,random,5177,scenario,hash,0,15,15,True,3634.762263285295,242.31748421901966,14063.811316426474,126,117,15,0,0.5003961249894928,,19,8,0
annex,random,5177,scenario_future,hash,0,15,15,True,3634.762263285295,242.31748421901966,14063.811316426474,126,117,15,0,0.5462407909799367,,19,8,0
annex,random,5178,future_cover,hash,0,13,13,True,3060.3286572974903,235.40989671519156,11691.643286487451,110,107,13,0,0.21327304100850597,,0,0,0
annex,random,5178,scenario,hash,0,13,13,True,3330.693972021146,256.2072286170112,12593.46986010573,126,117,13,0,0.42460945798666216,,21,5,0
annex,random,5178,scenario_future,hash,0,13,13,True,3330.693972021146,256.2072286170112,12593.46986010573,126,117,13,0,0.4563063329842407,,21,5,0
annex,random,5179,future_cover,hash,0,14,14,True,2984.950701544246,213.21076439601757,11239.75350772123,112,107,14,0,0.12518720800289884,,0,0,0
annex,random,5179,scenario,hash,0,14,14,True,3160.172353700655,225.72659669290394,11805.861768503275,122,119,14,0,0.4068753750179894,,22,5,0
annex,random,5179,scenario_future,hash,0,14,14,True,3160.172353700655,225.72659669290394,11805.861768503275,122,119,14,0,0.4386865829874296,,22,5,0
annex,random,5180,future_cover,hash,0,13,13,True,3171.0976768781966,243.93059052909206,11490.488384390983,135,133,13,0,0.20178400000440888,,0,0,0
annex,random,5180,scenario,hash,0,13,13,True,3014.1768982492017,231.85976140378474,11330.884491246008,116,103,13,0,0.4199060420214664,,23,5,0
annex,random,5180,scenario_future,hash,0,13,13,True,3014.1768982492017,231.85976140378474,11330.884491246008,116,103,13,0,0.4562785830057692,,23,5,0
annex,random,5181,future_cover,hash,0,10,10,True,3182.8922583911035,318.2892258391104,11999.461291955518,123,118,10,0,0.11248845900991,,0,0,0
annex,random,5181,scenario,hash,0,10,10,True,3320.3280336190596,332.03280336190596,12626.640168095299,125,120,10,0,0.41103458299767226,,23,6,0
annex,random,5181,scenario_future,hash,0,10,10,True,3320.3280336190596,332.03280336190596,12626.640168095299,125,120,10,0,0.4376532079768367,,23,6,0
annex,random,5182,future_cover,hash,0,10,10,True,2678.6456350066064,267.86456350066067,9463.228175033033,123,121,10,0,0.11465091700665653,,0,0,0
annex,random,5182,scenario,hash,0,10,10,True,2724.653814923323,272.4653814923323,9498.269074616615,130,125,10,0,0.34531766700092703,,17,7,0
annex,random,5182,scenario_future,hash,0,10,10,True,2724.653814923323,272.4653814923323,9498.269074616615,130,125,10,0,0.3579157500062138,,17,7,0
annex,random,5183,future_cover,hash,0,14,14,True,3143.8585727038217,224.56132662170154,11794.29286351911,120,115,14,0,0.17667066599824466,,0,0,0
annex,random,5183,scenario,hash,0,14,14,True,3383.5806585763457,241.68433275545326,13127.903292881729,116,108,14,0,0.46616762498160824,,16,8,0
annex,random,5183,scenario_future,hash,0,14,14,True,3383.5806585763457,241.68433275545326,13127.903292881729,116,108,14,0,0.5492800840002019,,16,8,0
annex,random,5184,future_cover,hash,0,16,16,True,3361.357891966978,210.08486824793613,13101.78945983489,111,106,16,0,0.2182799169968348,,0,0,0
annex,random,5184,scenario,hash,0,16,16,True,3589.003685741292,224.31273035883075,14570.01842870646,100,95,16,0,0.4801215420011431,,22,5,0
annex,random,5184,scenario_future,hash,0,16,16,True,3589.003685741292,224.31273035883075,14570.01842870646,100,95,16,0,0.5303307919821236,,22,5,0
annex,random,5185,future_cover,hash,0,11,11,True,2993.460060157756,272.1327327416142,10997.300300788778,124,119,11,0,0.15438729102606885,,0,0,0
annex,random,5185,scenario,hash,0,11,11,True,3145.2867614141765,285.9351601285615,11981.433807070882,117,109,11,0,0.45605220799916424,,15,8,0
annex,random,5185,scenario_future,hash,0,11,11,True,3145.2867614141765,285.9351601285615,11981.433807070882,117,109,11,0,0.4913531669881195,,15,8,0
annex,random,5186,future_cover,hash,0,16,16,True,3430.6769869216787,214.41731168260492,12973.384934608393,127,121,16,0,0.1937701660208404,,0,0,0
annex,random,5186,scenario,hash,0,16,16,True,3478.894730529625,217.43092065810157,13029.473652648125,134,123,16,0,0.5262251250096597,,17,8,0
annex,random,5186,scenario_future,hash,0,16,16,True,3478.894730529625,217.43092065810157,13029.473652648125,134,123,16,0,0.5910025000048336,,17,8,0
annex,random,5187,future_cover,hash,0,14,14,True,2751.7069209610886,196.55049435436348,9923.534604805443,117,112,14,0,0.14970354200340807,,0,0,0
annex,random,5187,scenario,hash,0,14,14,True,2819.0807703748433,201.36291216963167,10185.403851874216,120,112,14,0,0.41800904198316857,,20,4,0
annex,random,5187,scenario_future,hash,0,14,14,True,2819.0807703748433,201.36291216963167,10185.403851874216,120,112,14,0,0.4685368750069756,,20,4,0
annex,random,5188,future_cover,hash,0,14,14,True,3167.4072650653684,226.24337607609775,11627.036325326842,130,122,14,0,0.1646754170069471,,0,0,4
annex,random,5188,scenario,hash,0,14,14,True,3276.6442852405357,234.04602037432397,12378.22142620268,123,116,14,0,0.5011835839832202,,22,8,0
annex,random,5188,scenario_future,hash,0,14,14,True,3276.6442852405357,234.04602037432397,12378.22142620268,123,116,14,0,0.5463019590242766,,22,8,2
annex,random,5189,future_cover,hash,0,10,10,True,2747.34660650087,274.734660650087,9666.733032504351,128,124,10,0,0.11511387501377612,,0,0,0
annex,random,5189,scenario,hash,0,10,10,True,2755.846287831071,275.5846287831071,9829.231439155355,124,120,10,0,0.314996125001926,,16,2,0
annex,random,5189,scenario_future,hash,0,10,10,True,2755.846287831071,275.5846287831071,9829.231439155355,124,120,10,0,0.4362109170178883,,16,2,0
annex,random,5190,future_cover,hash,0,13,13,True,3265.354795114753,251.18113808575023,12206.773975573766,128,119,13,0,0.16663879100815393,,0,0,0
annex,random,5190,scenario,hash,0,13,13,True,3347.2113963101074,257.4777997161621,12561.056981550537,130,120,13,0,0.8111000830249395,,21,8,0
annex,random,5190,scenario_future,hash,0,13,13,True,3347.2113963101074,257.4777997161621,12561.056981550537,130,120,13,0,0.8760770829976536,,21,8,0
annex,random,5191,future_cover,hash,0,15,15,True,3091.8868023092095,206.12578682061397,11624.434011546047,116,112,15,0,0.36892099998658523,,0,0,0
annex,random,5191,scenario,hash,0,15,15,True,3171.943590905969,211.46290606039793,11739.717954529844,126,119,15,0,1.051622541010147,,25,3,0
annex,random,5191,scenario_future,hash,0,15,15,True,3268.3514551785893,217.89009701190597,11841.757275892945,139,130,15,0,1.1410097500192933,,21,6,1
annex,random,5192,future_cover,hash,0,16,16,True,3584.964729454148,224.06029559088424,14074.82364727074,117,105,16,0,0.2598500000021886,,0,0,0
annex,random,5192,scenario,hash,0,16,16,True,3742.7198500844984,233.91999063028115,14608.599250422492,126,111,16,0,0.6909051249967888,,20,8,0
annex,random,5192,scenario_future,hash,0,16,16,True,3742.7198500844984,233.91999063028115,14608.599250422492,126,111,16,0,0.7422308340028394,,20,8,0
annex,random,5193,future_cover,hash,0,13,13,True,3472.733966569499,267.1333820438076,13253.669832847494,127,122,13,0,0.2053545840026345,,0,0,0
annex,random,5193,scenario,hash,0,13,13,True,3652.683790381204,280.9756761831695,14098.418951906018,129,123,13,0,0.5079793329932727,,26,7,0
annex,random,5193,scenario_future,hash,0,13,13,True,3652.683790381204,280.9756761831695,14098.418951906018,129,123,13,0,0.6559122090111487,,26,7,0
annex,random,5194,future_cover,hash,0,16,16,True,3221.3409319039756,201.33380824399848,12576.704659519879,105,101,16,0,0.18958375000511296,,0,0,0
annex,random,5194,scenario,hash,0,16,16,True,3496.6671219512295,218.54169512195185,13363.335609756148,125,119,16,0,0.49530008298461325,,26,6,0
annex,random,5194,scenario_future,hash,0,16,16,True,3496.6671219512295,218.54169512195185,13363.335609756148,125,119,16,0,0.536433000001125,,26,6,0
annex,random,5195,future_cover,hash,0,14,14,True,3458.9777936721016,247.06984240515013,13274.888968360508,123,119,14,0,0.18068941700039431,,0,0,0
annex,random,5195,scenario,hash,0,14,14,True,3709.0560044168606,264.9325717440615,14415.280022084302,128,116,14,0,0.5640728330181446,,24,8,0
annex,random,5195,scenario_future,hash,0,14,14,True,3709.0560044168606,264.9325717440615,14415.280022084302,128,116,14,0,0.6405933329951949,,24,8,0
annex,random,5196,future_cover,hash,0,10,10,True,3001.4270020827908,300.14270020827905,10927.135010413955,129,121,10,0,0.12760066601913422,,0,0,0
annex,random,5196,scenario,hash,0,10,10,True,3052.05657267659,305.205657267659,11240.28286338295,127,119,10,0,0.42043404100695625,,22,4,0
annex,random,5196,scenario_future,hash,0,10,10,True,3052.05657267659,305.205657267659,11240.28286338295,127,119,10,0,0.43771712499437854,,22,4,0
annex,random,5197,future_cover,hash,0,11,11,True,3036.8733591983,276.0793962907546,10939.3667959915,133,129,11,0,0.10910241698729806,,0,0,0
annex,random,5197,scenario,hash,0,11,11,True,3124.6626976906227,284.0602452446021,11313.313488453114,136,127,11,0,0.44982029098900966,,23,5,0
annex,random,5197,scenario_future,hash,0,11,11,True,3124.6626976906227,284.0602452446021,11313.313488453114,136,127,11,0,0.46489437500713393,,23,5,0
annex,random,5198,future_cover,hash,0,15,15,True,3117.1648124114645,207.81098749409765,11630.824062057321,120,116,15,0,0.14852245899965055,,0,0,0
annex,random,5198,scenario,hash,0,15,15,True,3305.3357259655645,220.35571506437097,12651.678629827822,118,110,15,0,0.4223958329821471,,22,5,0
annex,random,5198,scenario_future,hash,0,15,15,True,3305.3357259655645,220.35571506437097,12651.678629827822,118,110,15,0,0.45462574998964556,,22,5,0
annex,random,5199,future_cover,hash,0,16,16,True,3301.386465888528,206.336654118033,12491.932329442641,121,118,16,0,0.2199923339940142,,0,0,0
annex,random,5199,scenario,hash,0,16,16,True,3466.1147327022436,216.63217079389023,13085.573663511219,130,119,16,0,0.5778623340011109,,21,8,0
annex,random,5199,scenario_future,hash,0,16,16,True,3466.1147327022436,216.63217079389023,13085.573663511219,130,119,16,0,0.8188850419828668,,21,8,0
annex,random,5200,future_cover,hash,0,11,11,True,3043.7919408846838,276.70835826224396,11153.959704423418,127,123,11,0,0.17007366701727733,,0,0,0
annex,random,5200,scenario,hash,0,11,11,True,3201.2478194975533,291.02252904523215,12026.239097487767,124,121,11,0,0.47777220798889175,,20,5,0
annex,random,5200,scenario_future,hash,0,11,11,True,3201.2478194975533,291.02252904523215,12026.239097487767,124,121,11,0,0.6481880840146914,,20,5,0
annex,random,5201,future_cover,hash,0,11,11,True,3093.119456578388,281.19267787076257,11690.59728289194,118,110,11,0,0.1095674580137711,,0,0,0
annex,random,5201,scenario,hash,0,11,11,True,3133.692984838365,284.8811804398514,11793.464924191827,121,115,11,0,0.398327207978582,,16,3,0
annex,random,5201,scenario_future,hash,0,11,11,True,3133.692984838365,284.8811804398514,11793.464924191827,121,115,11,0,0.4457244169898331,,16,3,0
annex,random,5202,future_cover,hash,0,10,10,True,2759.9080356243194,275.99080356243195,10154.540178121597,114,109,10,0,0.15580395801225677,,0,0,0
annex,random,5202,scenario,hash,0,10,10,True,2886.0575055203417,288.6057505520342,10730.287527601708,116,110,10,0,0.3412556250113994,,19,2,0
annex,random,5202,scenario_future,hash,0,10,10,True,2886.0575055203417,288.6057505520342,10730.287527601708,116,110,10,0,0.3831589159963187,,19,2,0
annex,random,5203,future_cover,hash,0,16,16,True,3355.8157103406716,209.73848189629197,12499.078551703358,131,121,16,0,0.37705291601014324,,0,0,0
annex,random,5203,scenario,hash,0,16,16,True,3423.9891968107813,213.99932480067383,14064.945984053908,90,81,16,0,0.5816219999978784,,17,8,0
annex,random,5203,scenario_future,hash,0,16,16,True,3423.9891968107813,213.99932480067383,14064.945984053908,90,81,16,0,0.662376749998657,,17,8,0
annex,random,5204,future_cover,hash,0,14,14,True,3372.1326149252213,240.86661535180153,12620.663074626107,131,123,14,0,0.24305645798449405,,0,0,0
annex,random,5204,scenario,hash,0,14,14,True,3448.198206580101,246.29987189857866,12985.991032900507,132,121,14,0,0.5681824590137694,,24,5,0
annex,random,5204,scenario_future,hash,0,14,14,True,3448.198206580101,246.29987189857866,12985.991032900507,132,121,14,0,0.4798403329914436,,24,5,0
annex,random,5205,future_cover,hash,0,16,16,True,3183.4132678497035,198.96332924060647,11917.066339248518,121,115,16,0,0.23313649999909103,,0,0,0
annex,random,5205,scenario,hash,0,16,16,True,3202.9760856778807,200.18600535486755,12174.880428389404,116,108,16,0,0.49949712498346344,,19,8,0
annex,random,5205,scenario_future,hash,0,16,16,True,3202.9760856778807,200.18600535486755,12174.880428389404,116,108,16,0,0.5411991660075728,,19,8,0
annex,random,5206,future_cover,hash,0,15,15,True,3436.744989494292,229.1163326329528,13178.724947471459,122,116,15,0,0.2946971250057686,,0,0,0
annex,random,5206,scenario,hash,0,15,15,True,3751.3048050228854,250.0869870015257,15336.524025114426,103,94,15,0,0.49790283298352733,,26,5,0
annex,random,5206,scenario_future,hash,0,15,15,True,3751.3048050228854,250.0869870015257,15336.524025114426,103,94,15,0,0.6090523329912685,,26,5,0
annex,random,5207,future_cover,hash,0,16,16,True,3176.8207276490143,198.5512954780634,12049.103638245071,115,112,16,0,0.24361045798286796,,0,0,0
annex,random,5207,scenario,hash,0,16,16,True,3327.607663085282,207.97547894283014,13628.038315426411,88,82,16,0,0.445236166997347,,23,5,0
annex,random,5207,scenario_future,hash,0,16,16,True,3327.607663085282,207.97547894283014,13628.038315426411,88,82,16,0,0.6434806250035763,,23,5,0
annex,random,5208,future_cover,hash,0,15,15,True,2944.3758794565483,196.29172529710323,10996.87939728274,113,105,15,0,0.1766490839945618,,0,0,0
annex,random,5208,scenario,hash,0,15,15,True,3176.578254802402,211.7718836534935,12397.89127401201,105,97,15,0,0.5590794169984292,,23,7,0
annex,random,5208,scenario_future,hash,0,15,15,True,3176.578254802402,211.7718836534935,12397.89127401201,105,97,15,0,0.7344459999876563,,23,7,0
annex,random,5209,future_cover,hash,0,11,11,True,3215.2666948647766,292.29697226043425,12191.333474323883,121,117,11,0,0.14377462500124238,,0,0,0
annex,random,5209,scenario,hash,0,11,11,True,3226.4034246948627,293.3094022449875,12257.017123474314,121,115,11,0,0.43625429199892096,,16,8,0
annex,random,5209,scenario_future,hash,0,11,11,True,3226.4034246948627,293.3094022449875,12257.017123474314,121,115,11,0,0.4629469580249861,,16,8,0
annex,random,5210,future_cover,hash,0,15,15,True,3286.634162528089,219.10894416853927,12578.170812640445,117,111,15,0,0.1996060829842463,,0,0,0
annex,random,5210,scenario,hash,0,15,15,True,3338.8247298955966,222.5883153263731,13034.123649477984,110,107,15,0,0.5256977909884881,,25,7,0
annex,random,5210,scenario_future,hash,0,15,15,True,3338.8247298955966,222.5883153263731,13034.123649477984,110,107,15,0,0.5854218330059666,,25,7,0
annex,random,5211,future_cover,hash,0,16,16,True,3099.602726375393,193.72517039846207,11973.013631876966,105,100,16,0,0.17994179201195948,,0,0,0
annex,random,5211,scenario,hash,0,16,16,True,3301.920443655894,206.37002772849337,12879.60221827947,109,101,16,0,0.4538508339901455,,18,8,0
annex,random,5211,scenario_future,hash,0,16,16,True,3301.920443655894,206.37002772849337,12879.60221827947,109,101,16,0,0.5294637079932727,,18,8,0
annex,random,5212,future_cover,hash,0,15,15,True,3643.9184104388446,242.9278940292563,14244.592052194223,121,115,15,0,0.2480106659932062,,0,0,0
annex,random,5212,scenario,hash,0,15,15,True,3647.7133649145753,243.18089099430503,14508.566824572876,113,106,15,0,0.6473030839988496,,27,5,0
annex,random,5212,scenario_future,hash,0,15,15,True,3647.7133649145753,243.18089099430503,14508.566824572876,113,106,15,0,0.7049841249827296,,27,5,0
annex,random,5213,future_cover,hash,0,13,13,True,2863.7029147672747,220.28483959748266,10308.514573836374,124,117,13,0,0.17724766599712893,,0,0,0
annex,random,5213,scenario,hash,0,13,13,True,2966.827896675836,228.21753051352587,11114.139483379182,114,109,13,0,0.4407771669793874,,19,2,0
annex,random,5213,scenario_future,hash,0,13,13,True,2966.827896675836,228.21753051352587,11114.139483379182,114,109,13,0,0.48404895898420364,,19,2,0
annex,random,5214,future_cover,hash,0,13,13,True,3062.3574426745117,235.5659571288086,11311.787213372558,123,120,13,0,0.1493315830011852,,0,0,0
annex,random,5214,scenario,hash,0,13,13,True,3396.5906649924714,261.2762049994209,12357.953324962356,145,135,13,0,0.512583125004312,,23,7,0
annex,random,5214,scenario_future,hash,0,13,13,True,3399.6975421827397,261.51519555251843,12373.487710913698,145,135,13,0,0.5215271250053775,,23,6,1
annex,random,5215,future_cover,hash,0,15,15,True,3517.643012350602,234.5095341567068,13183.21506175301,135,131,15,0,0.4252101659949403,,0,0,3
annex,random,5215,scenario,hash,0,15,15,True,3716.274754515414,247.75165030102758,14401.37377257707,128,121,15,0,0.8343025829817634,,24,6,0
annex,random,5215,scenario_future,hash,0,15,15,True,3615.9671818385923,241.06447878923947,13739.835909192961,133,128,15,0,0.7577164999966044,,24,5,3
annex,random,5216,future_cover,hash,0,11,11,True,2860.747712287367,260.0679738443061,10368.738561436834,123,117,11,0,0.24832254101056606,,0,0,1
annex,random,5216,scenario,hash,0,11,11,True,2872.9998503867864,261.1818045806169,10459.999251933932,122,116,11,0,0.570673167007044,,20,4,0
annex,random,5216,scenario_future,hash,0,11,11,True,2872.9998503867864,261.1818045806169,10459.999251933932,122,116,11,0,0.5500439580064267,,20,4,0
annex,random,5217,future_cover,hash,0,14,14,True,3332.88224750687,238.06301767906214,12734.41123753435,120,116,14,0,0.20622295801877044,,0,0,0
annex,random,5217,scenario,hash,0,14,14,True,3360.595684450128,240.04254888929486,12737.978422250639,125,118,14,0,0.6161188330152072,,26,7,0
annex,random,5217,scenario_future,hash,0,14,14,True,3360.595684450128,240.04254888929486,12737.978422250639,125,118,14,0,0.6862178750161547,,26,7,0
annex,random,5218,future_cover,hash,0,15,15,True,3371.986572268306,224.79910481788707,13029.932861341531,116,111,15,0,0.19512824999401346,,0,0,0
annex,random,5218,scenario,hash,0,15,15,True,3615.088947396755,241.00592982645034,14335.444736983774,113,108,15,0,0.5214998339943122,,24,6,0
annex,random,5218,scenario_future,hash,0,15,15,True,3615.088947396755,241.00592982645034,14335.444736983774,113,108,15,0,0.634418875008123,,24,6,0
annex,random,5219,future_cover,hash,0,12,12,True,2990.534660241808,249.21122168681734,10752.67330120904,131,125,12,0,0.1641750409908127,,0,0,0
annex,random,5219,scenario,hash,0,12,12,True,3140.131827287695,261.6776522739746,11590.659136438477,128,122,12,0,0.41663074999814853,,23,7,0
annex,random,5219,scenario_future,hash,0,12,12,True,3140.131827287695,261.6776522739746,11590.659136438477,128,122,12,0,0.42900816700421274,,23,7,0
annex,random,5220,future_cover,hash,0,14,14,True,3243.0634765676614,231.64739118340438,12085.317382838306,127,121,14,0,0.2101065830211155,,0,0,4
annex,random,5220,scenario,hash,0,14,14,True,3443.2942730822297,245.94959093444498,13251.471365411147,123,108,14,0,0.3985231670085341,,23,4,0
annex,random,5220,scenario_future,hash,0,14,14,True,3443.2942730822297,245.94959093444498,13251.471365411147,123,108,14,0,0.4412468340015039,,23,4,0
annex,random,5221,future_cover,hash,0,15,15,True,3379.4589622744734,225.29726415163157,12982.294811372367,119,113,15,0,0.1354498330038041,,0,0,0
annex,random,5221,scenario,hash,0,15,15,True,3605.819952253436,240.38799681689574,13999.09976126718,123,116,15,0,0.36178862501401454,,18,8,0
annex,random,5221,scenario_future,hash,0,15,15,True,3605.819952253436,240.38799681689574,13999.09976126718,123,116,15,0,0.4133906250062864,,18,8,0
annex,random,5222,future_cover,hash,0,13,13,True,2966.3165517827174,228.17819629097826,11001.582758913586,118,111,13,0,0.19409683300182223,,0,0,0
annex,random,5222,scenario,hash,0,13,13,True,3227.6513068360564,248.28086975661972,12278.256534180282,119,112,13,0,0.4772257920121774,,24,5,0
annex,random,5222,scenario_future,hash,0,13,13,True,3227.6513068360564,248.28086975661972,12278.256534180282,119,112,13,0,0.5743906660063658,,24,5,0
annex,random,5223,future_cover,hash,0,10,10,True,2915.7101688072207,291.5710168807221,9998.550844036105,145,141,10,0,0.14418291600304656,,0,0,0
annex,random,5223,scenario,hash,0,10,10,True,2890.904395884811,289.0904395884811,10189.521979424055,135,128,10,0,0.33872766699641943,,20,7,0
annex,random,5223,scenario_future,hash,0,10,10,True,2885.2421043946165,288.5242104394616,10196.210521973082,134,126,10,0,0.41106091599795036,,20,7,1
annex,random,5224,future_cover,hash,0,14,14,True,3198.7898607185225,228.48499005132302,11853.949303592612,127,123,14,0,0.18249666597694159,,0,0,1
annex,random,5224,scenario,hash,0,14,14,True,3443.3119019322953,245.95085013802108,13301.559509661476,120,113,14,0,0.4067673750105314,,18,8,0
annex,random,5224,scenario_future,hash,0,14,14,True,3443.3119019322953,245.95085013802108,13301.559509661476,120,113,14,0,0.45427662500878796,,18,8,0
annex,random,5225,future_cover,hash,0,11,11,True,2944.6091659845847,267.69174236223495,10538.045829922923,131,127,11,0,0.11918241699459031,,0,0,0
annex,random,5225,scenario,hash,0,11,11,True,2958.1849341929947,268.92590310845407,10520.924670964974,134,129,11,0,0.3987384999927599,,23,3,0
annex,random,5225,scenario_future,hash,0,11,11,True,2958.1849341929947,268.92590310845407,10520.924670964974,134,129,11,0,0.42672629200387746,,23,3,0
annex,random,5226,future_cover,hash,0,12,12,True,3067.582983959914,255.63191532999284,11037.91491979957,134,130,12,0,0.15033579201553948,,0,0,1
annex,random,5226,scenario,hash,0,12,12,True,3065.943529403415,255.49529411695127,11429.717647017076,121,115,12,0,0.6347890409815591,,21,6,0
annex,random,5226,scenario_future,hash,0,12,12,True,3065.943529403415,255.49529411695127,11429.717647017076,121,115,12,0,0.6979617499746382,,21,6,0
annex,random,5227,future_cover,hash,0,10,10,True,2977.627454189923,297.76274541899227,11333.137270949614,111,106,10,0,0.14962433301843703,,0,0,0
annex,random,5227,scenario,hash,0,10,10,True,3045.284301488081,304.52843014880807,11681.421507440406,111,104,10,0,0.523887666000519,,19,4,0
annex,random,5227,scenario_future,hash,0,10,10,True,3045.284301488081,304.52843014880807,11681.421507440406,111,104,10,0,0.5709504999977071,,19,4,0
annex,random,5228,future_cover,hash,0,11,11,True,3088.2206534938055,280.7473321358005,11771.103267469027,114,109,11,0,0.4301529169897549,,0,0,0
annex,random,5228,scenario,hash,0,11,11,True,3152.168288221442,286.5607534746765,12150.84144110721,112,107,11,0,0.6954162920010276,,19,2,0
annex,random,5228,scenario_future,hash,0,11,11,True,3152.168288221442,286.5607534746765,12150.84144110721,112,107,11,0,0.35839899998973124,,19,2,0
annex,random,5229,future_cover,hash,0,11,11,True,2814.4302802689404,255.8572982062673,9862.151401344701,132,127,11,0,0.11743279101210646,,0,0,0
annex,random,5229,scenario,hash,0,11,11,True,3025.3796967416024,275.0345178856002,11146.898483708012,125,116,11,0,0.31862866700976156,,21,6,0
annex,random,5229,scenario_future,hash,0,11,11,True,3025.3796967416024,275.0345178856002,11146.898483708012,125,116,11,0,0.3628929159895051,,21,6,0
annex,random,5230,future_cover,hash,0,12,12,True,2732.2881994491117,227.69068328742597,9781.44099724556,120,116,12,0,0.11431170802097768,,0,0,0
annex,random,5230,scenario,hash,0,12,12,True,2933.9570159312434,244.49641799427027,10669.785079656218,124,120,12,0,0.3259077919938136,,19,6,0
annex,random,5230,scenario_future,hash,0,12,12,True,2933.9570159312434,244.49641799427027,10669.785079656218,124,120,12,0,0.36664691698388197,,19,6,0
annex,random,5231,future_cover,hash,0,11,11,True,3181.6401405674906,289.24001277886276,11913.200702837454,125,119,11,0,0.10479508299613371,,0,0,0
annex,random,5231,scenario,hash,0,11,11,True,3203.364289030932,291.21493536644834,12061.821445154661,124,116,11,0,0.35062874999130145,,22,6,0
annex,random,5231,scenario_future,hash,0,11,11,True,3203.364289030932,291.21493536644834,12061.821445154661,124,116,11,0,0.3605151250085328,,22,6,0
annex,random,5232,future_cover,hash,0,13,13,True,2958.9980339077806,227.61523337752158,10859.990169538904,121,117,13,0,0.11935337499016896,,0,0,0
annex,random,5232,scenario,hash,0,13,13,True,3043.8457360309944,234.14197969469188,11244.228680154973,123,115,13,0,0.3435496249876451,,16,8,0
annex,random,5232,scenario_future,hash,0,13,13,True,3047.794567865718,234.4457359896706,11263.97283932859,123,115,13,0,0.3853865420096554,,16,8,1
annex,random,5233,future_cover,hash,0,12,12,True,3074.219299750512,256.184941645876,11421.09649875256,123,115,12,0,0.11822699999902397,,0,0,0
annex,random,5233,scenario,hash,0,12,12,True,3129.0380719878,260.75317266564997,11605.190359938999,126,118,12,0,0.34610733299632557,,21,7,0
annex,random,5233,scenario_future,hash,0,12,12,True,3129.0380719878,260.75317266564997,11605.190359938999,126,118,12,0,0.37536041700514033,,21,7,0
annex,random,5234,future_cover,hash,0,10,10,True,2830.3505391657623,283.0350539165762,10371.75269582881,119,111,10,0,0.08687945798737928,,0,0,0
annex,random,5234,scenario,hash,0,10,10,True,3040.2023248832224,304.0202324883222,11421.011624416113,119,111,10,0,0.2614949169801548,,19,2,0
annex,random,5234,scenario_future,hash,0,10,10,True,3040.2023248832224,304.0202324883222,11421.011624416113,119,111,10,0,0.2876713339937851,,19,2,0
annex,random,5235,future_cover,hash,0,12,12,True,3272.2828876139324,272.6902406344944,12306.414438069662,126,121,12,0,0.12417491700034589,,0,0,0
annex,random,5235,scenario,hash,0,12,12,True,3366.8681039834537,280.57234199862114,12569.340519917268,133,128,12,0,0.3866297909989953,,21,7,0
annex,random,5235,scenario_future,hash,0,12,12,True,3366.8681039834537,280.57234199862114,12569.340519917268,133,128,12,0,0.3961791659821756,,21,7,0
annex,random,5236,future_cover,hash,0,12,12,True,2888.911686115317,240.74264050960974,10604.558430576586,119,113,12,0,0.13612170799751766,,0,0,1
annex,random,5236,scenario,hash,0,12,12,True,3050.86009270275,254.2383410585625,11729.300463513751,109,100,12,0,0.4303188750054687,,22,3,0
annex,random,5236,scenario_future,hash,0,12,12,True,3050.86009270275,254.2383410585625,11729.300463513751,109,100,12,0,0.466293624980608,,22,3,0
annex,random,5237,future_cover,hash,0,12,12,True,3408.177085976222,284.01475716468514,12985.88542988111,126,121,12,0,0.10477058298420161,,0,0,3
annex,random,5237,scenario,hash,0,12,12,True,3444.7498925327964,287.0624910443997,13173.749462663982,126,120,12,0,0.3508472499961499,,19,4,0
annex,random,5237,scenario_future,hash,0,12,12,True,3365.081774188025,280.4234811823354,12745.408870940126,127,121,12,0,0.35774129201308824,,19,5,2
annex,random,5238,future_cover,hash,0,16,16,True,2783.3511540130453,173.95944712581533,10041.755770065227,117,110,16,0,0.21034741698531434,,0,0,2
annex,random,5238,scenario,hash,0,16,16,True,3419.2919215763395,213.70574509852122,13541.459607881698,107,96,16,0,0.4190399579820223,,15,8,0
annex,random,5238,scenario_future,hash,0,16,16,True,3419.2919215763395,213.70574509852122,13541.459607881698,107,96,16,0,0.5137253749999218,,15,8,0
annex,random,5239,future_cover,hash,0,16,16,True,3679.524537463883,229.9702835914927,14677.622687319415,112,104,16,0,0.15629029198316857,,0,0,0
annex,random,5239,scenario,hash,0,16,16,True,4039.8186059859245,252.48866287412028,16469.093029929623,113,101,16,0,0.4388688750041183,,29,6,0
annex,random,5239,scenario_future,hash,0,16,16,True,4039.8186059859245,252.48866287412028,16469.093029929623,113,101,16,0,0.518446457979735,,29,6,0
annex,random,5240,future_cover,hash,0,11,11,True,2994.984394902392,272.2713086274902,11009.92197451196,124,118,11,0,0.08425658300984651,,0,0,0
annex,random,5240,scenario,hash,0,11,11,True,2902.144760025277,263.83134182047974,10530.723800126383,125,116,11,0,0.2687951670086477,,21,4,0
annex,random,5240,scenario_future,hash,0,11,11,True,2902.144760025277,263.83134182047974,10530.723800126383,125,116,11,0,0.3285540830111131,,21,4,0
annex,random,5241,future_cover,hash,0,14,14,True,3414.0764230082095,243.86260164344353,12370.382115041048,146,140,14,0,0.15930041699903086,,0,0,0
annex,random,5241,scenario,hash,0,14,14,True,3529.692916498908,252.12092260706484,12983.464582494538,145,138,14,0,0.4485002080036793,,17,8,0
annex,random,5241,scenario_future,hash,0,14,14,True,3529.692916498908,252.12092260706484,12983.464582494538,145,138,14,0,0.5305552080099005,,17,8,0
annex,random,5242,future_cover,hash,0,14,14,True,3335.7983057288293,238.27130755205923,12133.991528644146,141,134,14,0,0.1942419169936329,,0,0,0
annex,random,5242,scenario,hash,0,14,14,True,3196.538613042697,228.3241866459069,11962.693065213485,123,119,14,0,0.39917329099262133,,19,4,0
annex,random,5242,scenario_future,hash,0,14,14,True,3196.538613042697,228.3241866459069,11962.693065213485,123,119,14,0,0.4407730420061853,,19,4,0
annex,random,5243,future_cover,hash,0,13,13,True,2909.0976488783313,223.7767422214101,10590.488244391656,122,116,13,0,0.1402409999864176,,0,0,0
annex,random,5243,scenario,hash,0,13,13,True,3043.738496585266,234.13373050655895,11118.69248292633,127,120,13,0,0.33129858298343606,,21,2,0
annex,random,5243,scenario_future,hash,0,13,13,True,3043.738496585266,234.13373050655895,11118.69248292633,127,120,13,0,0.5838036250206642,,21,2,0
annex,random,5244,future_cover,hash,0,16,16,True,2836.159829343723,177.25998933398267,10730.799146718615,103,95,16,0,0.18851204199017957,,0,0,0
annex,random,5244,scenario,hash,0,16,16,True,3150.5461803924345,196.90913627452716,12567.730901962173,94,87,16,0,0.8009031249966938,,23,5,0
annex,random,5244,scenario_future,hash,0,16,16,True,3150.5461803924345,196.90913627452716,12567.730901962173,94,87,16,0,0.9739607080118731,,23,5,0
annex,random,5245,future_cover,hash,0,10,10,True,2787.6135107883492,278.76135107883493,9803.067553941746,130,127,10,0,0.2872770409740042,,0,0,0
annex,random,5245,scenario,hash,0,10,10,True,2843.3611007132213,284.33611007132214,9801.805503566107,140,133,10,0,0.6771225419943221,,19,6,0
annex,random,5245,scenario_future,hash,0,10,10,True,2843.3611007132213,284.33611007132214,9801.805503566107,140,133,10,0,0.6677471250004601,,19,6,0
annex,random,5246,future_cover,hash,0,16,16,True,3587.457000369942,224.21606252312137,14027.285001849708,118,112,16,0,0.2727367919869721,,0,0,0
annex,random,5246,scenario,hash,0,16,16,True,3694.690617775628,230.91816361097676,14528.453088878141,119,114,16,0,0.7358810839941725,,27,4,0
annex,random,5246,scenario_future,hash,0,16,16,True,3694.690617775628,230.91816361097676,14528.453088878141,119,114,16,0,0.7568230420001782,,27,4,0
annex,random,5247,future_cover,hash,0,16,16,True,3303.7706285985532,206.48566428740958,12368.853142992766,126,120,16,0,0.2549852080119308,,0,0,0
annex,random,5247,scenario,hash,0,16,16,True,3297.71406127446,206.10712882965376,12323.570306372301,127,118,16,0,0.5371649160224479,,27,7,0
annex,random,5247,scenario_future,hash,0,16,16,True,3297.71406127446,206.10712882965376,12323.570306372301,127,118,16,0,0.5756990000081714,,27,7,0
annex,random,5248,future_cover,hash,0,10,10,True,3038.0048613103363,303.8004861310336,11345.02430655168,121,114,10,0,0.08720279100816697,,0,0,0
annex,random,5248,scenario,hash,0,10,10,True,3068.8575572558593,306.8857557255859,11344.287786279296,127,115,10,0,0.26618783301091753,,20,2,0
annex,random,5248,scenario_future,hash,0,10,10,True,3068.8575572558593,306.8857557255859,11344.287786279296,127,115,10,0,0.31312170799355954,,20,2,0
annex,random,5249,future_cover,hash,0,14,14,True,3046.1009659036263,217.5786404216876,11215.504829518131,123,118,14,0,0.18047958298120648,,0,0,0
annex,random,5249,scenario,hash,0,14,14,True,3175.9752327826045,226.85537377018605,11724.876163913023,128,121,14,0,0.3928723339922726,,21,7,0
annex,random,5249,scenario_future,hash,0,14,14,True,3175.9752327826045,226.85537377018605,11724.876163913023,128,121,14,0,0.441260332998354,,21,7,0
annex,random,5250,future_cover,hash,0,13,13,True,3420.5112598595815,263.1162507584294,13352.556299297907,115,110,13,0,0.09176716700312681,,0,0,1
annex,random,5250,scenario,hash,0,13,13,True,3593.6057213834256,276.4312093371866,14058.028606917129,121,112,13,0,0.37272099999245256,,23,8,0
annex,random,5250,scenario_future,hash,0,13,13,True,3691.6875805169757,283.97596773207505,14653.437902584878,117,111,13,0,0.41770020898547955,,23,8,1
annex,random,5251,future_cover,hash,0,15,15,True,3260.8587943965445,217.39058629310296,12539.293971982723,114,108,15,0,0.13491608400363475,,0,0,0
annex,random,5251,scenario,hash,0,15,15,True,3679.2132930729235,245.28088620486156,14406.066465364618,122,113,15,0,0.3310548749868758,,18,8,0
annex,random,5251,scenario_future,hash,0,15,15,True,3645.153935222212,243.01026234814748,14000.76967611106,130,120,15,0,0.4029586249962449,,18,8,3
annex,random,5252,future_cover,hash,0,14,14,True,2810.8268201238475,200.77334429456053,10364.134100619238,112,108,14,0,0.1613284999912139,,0,0,0
annex,random,5252,scenario,hash,0,14,14,True,3000.559852038906,214.3257037170647,11287.79926019453,113,108,14,0,0.3263774170191027,,23,5,0
annex,random,5252,scenario_future,hash,0,14,14,True,3000.559852038906,214.3257037170647,11287.79926019453,113,108,14,0,0.3883027500123717,,23,5,0
annex,random,5253,future_cover,hash,0,14,14,True,3535.947275544862,252.5676625389187,13504.73637772431,128,125,14,0,0.14862454199464992,,0,0,0
annex,random,5253,scenario,hash,0,14,14,True,3674.1354878547013,262.4382491324787,14185.677439273506,130,117,14,0,0.3892632499919273,,23,7,0
annex,random,5253,scenario_future,hash,0,14,14,True,3674.1354878547013,262.4382491324787,14185.677439273506,130,117,14,0,0.44316416699439287,,23,7,0
annex,random,5254,future_cover,hash,0,16,16,True,3029.0959212839452,189.31849508024658,11175.479606419727,120,114,16,0,0.23970350000308827,,0,0,0
annex,random,5254,scenario,hash,0,16,16,True,3177.809494485005,198.6130934053128,11794.047472425025,124,119,16,0,0.5185177920211572,,24,5,0
annex,random,5254,scenario_future,hash,0,16,16,True,3177.809494485005,198.6130934053128,11794.047472425025,124,119,16,0,0.5728682499902789,,24,5,0
annex,random,5255,future_cover,hash,0,15,15,True,3535.42022787374,235.6946818582493,13182.101139368699,138,134,15,0,0.1879729590145871,,0,0,3
annex,random,5255,scenario,hash,0,15,15,True,3447.965055786919,229.86433705246128,13289.825278934595,121,110,15,0,0.49212470900965855,,25,7,0
annex,random,5255,scenario_future,hash,0,15,15,True,3447.965055786919,229.86433705246128,13289.825278934595,121,110,15,0,0.41489954199641943,,25,7,1
annex,random,5256,future_cover,hash,0,15,15,True,3229.9604160622816,215.3306944041521,12194.802080311409,120,116,15,0,0.15869945799931884,,0,0,7
annex,random,5256,scenario,hash,0,15,15,True,3408.4279889172103,227.2285325944807,13077.139944586052,121,113,15,0,0.4559282090049237,,27,7,0
annex,random,5256,scenario_future,hash,0,15,15,True,3408.4279889172103,227.2285325944807,13077.139944586052,121,113,15,0,0.5255410420068074,,27,7,0
annex,random,5257,future_cover,hash,0,10,10,True,2981.0236339884464,298.10236339884466,10810.118169942232,129,124,10,0,0.09407125000143424,,0,0,0
annex,random,5257,scenario,hash,0,10,10,True,3054.972891759193,305.49728917591926,11149.864458795964,130,125,10,0,0.272131416015327,,19,4,0
annex,random,5257,scenario_future,hash,0,10,10,True,3054.972891759193,305.49728917591926,11149.864458795964,130,125,10,0,0.2781468750035856,,19,4,0
annex,random,5258,future_cover,hash,0,16,16,True,3459.434820097787,216.2146762561117,13267.174100488935,122,116,16,0,0.15344058300252073,,0,0,2
annex,random,5258,scenario,hash,0,16,16,True,3593.7693663565433,224.61058539728396,14128.846831782716,116,108,16,0,0.38885149999987334,,27,7,0
annex,random,5258,scenario_future,hash,0,16,16,True,3593.7693663565433,224.61058539728396,14128.846831782716,116,108,16,0,0.43083650001790375,,27,7,0
annex,random,5259,future_cover,hash,0,16,16,True,3299.546002201615,206.22162513760094,12457.730011008074,123,113,16,0,0.14666458402643912,,0,0,0
annex,random,5259,scenario,hash,0,16,16,True,3689.6907042576277,230.60566901610173,14433.453521288138,122,113,16,0,0.3626865409896709,,25,6,0
annex,random,5259,scenario_future,hash,0,16,16,True,3689.6907042576277,230.60566901610173,14433.453521288138,122,113,16,0,0.4176249169977382,,25,6,0
annex,random,5260,future_cover,hash,0,16,16,True,3045.127794979721,190.32048718623255,11105.638974898604,125,119,16,0,0.20359874999849126,,0,0,0
annex,random,5260,scenario,hash,0,16,16,True,3300.300111774202,206.26875698588762,12431.50055887101,124,114,16,0,0.6403148749959655,,23,6,0
annex,random,5260,scenario_future,hash,0,16,16,True,3300.300111774202,206.26875698588762,12431.50055887101,124,114,16,0,0.7182818750152364,,23,6,0
annex,random,5261,future_cover,hash,0,11,11,True,2869.752990874621,260.88663553405644,10423.764954373106,122,120,11,0,0.1442022499977611,,0,0,0
annex,random,5261,scenario,hash,0,11,11,True,2935.789970201292,266.88999729102653,10823.94985100646,120,116,11,0,0.4369523329951335,,22,6,0
annex,random,5261,scenario_future,hash,0,11,11,True,2935.789970201292,266.88999729102653,10823.94985100646,120,116,11,0,0.42991537498892285,,22,6,0
annex,random,5262,future_cover,hash,0,14,14,True,3049.2882520633834,217.8063037188131,10936.441260316917,133,127,14,0,0.16349670800263993,,0,0,0
annex,random,5262,scenario,hash,0,14,14,True,2979.8420422939116,212.84586016385083,11174.210211469557,114,105,14,0,0.3543777089798823,,21,6,0
annex,random,5262,scenario_future,hash,0,14,14,True,2979.8420422939116,212.84586016385083,11174.210211469557,114,105,14,0,0.3936737079930026,,21,6,0
annex,random,5263,future_cover,hash,0,12,12,True,2993.507620654111,249.4589683878426,11152.538103270555,118,113,12,0,0.1115436659893021,,0,0,0
annex,random,5263,scenario,hash,0,12,12,True,3057.942303241727,254.82852527014393,11464.711516208636,118,115,12,0,0.3268452500051353,,20,4,0
annex,random,5263,scenario_future,hash,0,12,12,True,3057.942303241727,254.82852527014393,11464.711516208636,118,115,12,0,0.34324112499598414,,20,4,0
annex,random,5264,future_cover,hash,0,14,14,True,3073.072363590435,219.5051688278882,11450.361817952176,119,118,14,0,0.16451412500464357,,0,0,1
annex,random,5264,scenario,hash,0,14,14,True,3584.822109134303,256.05872208102164,14189.110545671514,114,107,14,0,0.39428100001532584,,18,8,0
annex,random,5264,scenario_future,hash,0,14,14,True,3480.3501049942083,248.5964360710149,13461.750524971041,121,113,14,0,0.4961827500083018,,22,5,1
annex,random,5265,future_cover,hash,0,11,11,True,2697.522059168924,245.2292781062658,9642.61029584462,120,114,11,0,0.07888045802246779,,0,0,0
annex,random,5265,scenario,hash,0,11,11,True,2685.7243541227303,244.15675946570275,9613.621770613652,119,113,11,0,0.26655774997198023,,16,5,0
annex,random,5265,scenario_future,hash,0,11,11,True,2685.7243541227303,244.15675946570275,9613.621770613652,119,113,11,0,0.31525391701143235,,16,5,0
annex,random,5266,future_cover,hash,0,10,10,True,2796.0718437609075,279.60718437609074,10130.359218804537,121,115,10,0,0.09270916599780321,,0,0,0
annex,random,5266,scenario,hash,0,10,10,True,2943.9791380800175,294.39791380800176,10924.895690400088,119,114,10,0,0.27111779199913144,,16,6,0
annex,random,5266,scenario_future,hash,0,10,10,True,2943.9791380800175,294.39791380800176,10924.895690400088,119,114,10,0,0.31316449999576434,,16,6,0
annex,random,5267,future_cover,hash,0,10,10,True,2996.755495379636,299.6755495379636,10983.77747689818,126,120,10,0,0.09301633297582157,,0,0,0
annex,random,5267,scenario,hash,0,10,10,True,3077.1737376103474,307.71737376103476,11410.868688051736,125,120,10,0,0.32795841598999687,,19,4,0
annex,random,5267,scenario_future,hash,0,10,10,True,3077.1737376103474,307.71737376103476,11410.868688051736,125,120,10,0,0.3212380409822799,,19,4,0
annex,random,5268,future_cover,hash,0,13,13,True,3167.7692312365402,243.67455624896462,11488.8461561827,135,130,13,0,0.12338579201605171,,0,0,0
annex,random,5268,scenario,hash,0,13,13,True,3189.160496509339,245.32003819302605,11815.802482546695,128,121,13,0,0.41166833401075564,,19,7,0
annex,random,5268,scenario_future,hash,0,13,13,True,3189.160496509339,245.32003819302605,11815.802482546695,128,121,13,0,0.4479970420070458,,19,7,0
annex,random,5269,future_cover,hash,0,13,13,True,3130.4236074100963,240.80181595462278,11872.11803705048,116,111,13,0,0.13245712500065565,,0,0,0
annex,random,5269,scenario,hash,0,13,13,True,3231.5081965639333,248.57755358184102,12487.540982819666,112,109,13,0,0.37518795899813995,,22,3,0
annex,random,5269,scenario_future,hash,0,13,13,True,3231.5081965639333,248.57755358184102,12487.540982819666,112,109,13,0,0.4223334580019582,,22,3,0
annex,random,5270,future_cover,hash,0,11,11,True,2658.890102324932,241.71728202953926,9519.450511624658,118,110,11,0,0.08866158299497329,,0,0,2
annex,random,5270,scenario,hash,0,11,11,True,2805.165937124391,255.01508519312645,10290.829685621955,116,112,11,0,0.25360791699495167,,14,5,0
annex,random,5270,scenario_future,hash,0,11,11,True,2805.165937124391,255.01508519312645,10290.829685621955,116,112,11,0,0.27072704100282863,,14,5,1
annex,random,5271,future_cover,hash,0,16,16,True,3320.922407466595,207.55765046666218,12524.612037332974,124,116,16,0,0.21182724999380298,,0,0,0
annex,random,5271,scenario,hash,0,16,16,True,3487.075525046739,217.9422203154212,13525.377625233696,119,107,16,0,0.37274133297614753,,22,8,0
annex,random,5271,scenario_future,hash,0,16,16,True,3487.075525046739,217.9422203154212,13525.377625233696,119,107,16,0,0.4138645000057295,,22,8,0
annex,random,5272,future_cover,hash,0,14,14,True,3234.4095371304934,231.0292526521781,12552.047685652467,110,104,14,0,0.14686229100334458,,0,0,0
annex,random,5272,scenario,hash,0,14,14,True,3554.199855148714,253.87141822490815,13880.99927574357,119,113,14,0,0.36714445901452564,,24,7,0
annex,random,5272,scenario_future,hash,0,14,14,True,3554.199855148714,253.87141822490815,13880.99927574357,119,113,14,0,0.4119043749815319,,24,7,0
annex,random,5273,future_cover,hash,0,12,12,True,3093.4197175851104,257.78497646542587,11537.098587925551,122,116,12,0,0.134719416993903,,0,0,0
annex,random,5273,scenario,hash,0,12,12,True,3284.8107088086385,273.7342257340532,12404.053544043192,125,119,12,0,0.32610970799578354,,21,7,0
annex,random,5273,scenario_future,hash,0,12,12,True,3284.8107088086385,273.7342257340532,12404.053544043192,125,119,12,0,0.37249641699600033,,21,7,0
annex,random,5274,future_cover,hash,0,14,14,True,3010.377161091846,215.026940077989,11171.885805459231,118,116,14,0,0.14495320798596367,,0,0,0
annex,random,5274,scenario,hash,0,14,14,True,3270.8056015712673,233.6289715408048,12254.028007856336,126,120,14,0,0.5480058749963064,,23,5,0
annex,random,5274,scenario_future,hash,0,14,14,True,3270.8056015712673,233.6289715408048,12254.028007856336,126,120,14,0,0.6022705410141498,,23,5,0
annex,random,5275,future_cover,hash,0,14,14,True,3209.2838665926974,229.2345618994784,12211.419332963487,117,112,14,0,0.13801554101519287,,0,0,0
annex,random,5275,scenario,hash,0,14,14,True,3270.8946611994293,233.63533294281638,12424.473305997146,121,111,14,0,0.38924716698238626,,24,3,0
annex,random,5275,scenario_future,hash,0,14,14,True,3270.8946611994293,233.63533294281638,12424.473305997146,121,111,14,0,0.465351874998305,,24,3,0
annex,random,5276,future_cover,hash,0,15,15,True,3062.2961560209305,204.15307706806203,11486.480780104652,116,110,15,0,0.1881347909802571,,0,0,0
annex,random,5276,scenario,hash,0,15,15,True,3218.7351588437946,214.58234392291965,12553.675794218972,107,98,15,0,0.35337779100518674,,23,3,0
annex,random,5276,scenario_future,hash,0,15,15,True,3218.7351588437946,214.58234392291965,12553.675794218972,107,98,15,0,0.3964669590059202,,23,3,0
annex,random,5277,future_cover,hash,0,16,16,True,3592.46514478675,224.52907154917187,14227.325723933749,112,107,16,0,0.1894083329825662,,0,0,0
annex,random,5277,scenario,hash,0,16,16,True,3619.016939639492,226.18855872746826,14190.084698197461,119,106,16,0,0.3676740420050919,,28,7,0
annex,random,5277,scenario_future,hash,0,16,16,True,3847.441197008148,240.46507481300924,15367.205985040739,117,109,16,0,0.46312595799099654,,29,7,13
annex,random,5278,future_cover,hash,0,10,10,True,3017.9194154916904,301.79194154916905,11349.597077458453,117,113,10,0,0.10483954200753942,,0,0,0
annex,random,5278,scenario,hash,0,10,10,True,3206.0680702357067,320.6068070235707,12140.340351178535,123,113,10,0,0.31949408299988136,,23,5,0
annex,random,5278,scenario_future,hash,0,10,10,True,3206.0680702357067,320.6068070235707,12140.340351178535,123,113,10,0,0.34442962499451824,,23,5,0
annex,random,5279,future_cover,hash,0,10,10,True,2956.536452661775,295.6536452661775,10902.682263308874,122,116,10,0,0.08845274997293018,,0,0,0
annex,random,5279,scenario,hash,0,10,10,True,3127.21791766524,312.721791766524,11656.089588326198,125,121,10,0,0.31970062499749474,,20,5,0
annex,random,5279,scenario_future,hash,0,10,10,True,3127.21791766524,312.721791766524,11656.089588326198,125,121,10,0,0.33560537500306964,,20,5,0
annex,random,5280,future_cover,hash,0,11,11,True,2953.169771502885,268.469979227535,10425.848857514426,137,128,11,0,0.10864662501262501,,0,0,0
annex,random,5280,scenario,hash,0,11,11,True,2961.6438861636348,269.24035328760317,10583.219430818173,133,125,11,0,0.27534095899318345,,15,5,0
annex,random,5280,scenario_future,hash,0,11,11,True,2961.6438861636348,269.24035328760317,10583.219430818173,133,125,11,0,0.3120274580141995,,15,5,3
annex,random,5281,future_cover,hash,0,13,13,True,3118.1415162355997,239.85703971043074,11415.707581177998,129,125,13,0,0.17232037501526065,,0,0,0
annex,random,5281,scenario,hash,0,13,13,True,3080.4116537462537,236.95474259586567,11427.058268731269,123,115,13,0,0.3660887500154786,,23,3,0
annex,random,5281,scenario_future,hash,0,13,13,True,3080.667507043843,236.97442361875716,11428.337535219216,123,115,13,0,0.41298408299917355,,23,3,12
annex,random,5282,future_cover,hash,0,10,10,True,2840.045828874519,284.0045828874519,10455.229144372595,118,109,10,0,0.14505049999570474,,0,0,0
annex,random,5282,scenario,hash,0,10,10,True,3037.9803581579645,303.7980358157964,11519.901790789823,115,109,10,0,0.44998695800313726,,21,5,0
annex,random,5282,scenario_future,hash,0,10,10,True,2908.5386521057653,290.85386521057654,10832.693260528828,116,112,10,0,0.46191329197608866,,18,2,1
annex,random,5283,future_cover,hash,0,14,14,True,3397.859539083888,242.7042527917063,13089.29769541944,119,115,14,0,0.2053324159933254,,0,0,0
annex,random,5283,scenario,hash,0,14,14,True,3375.9069533955576,241.13621095682555,13259.534766977788,110,104,14,0,0.48813808397972025,,21,2,0
annex,random,5283,scenario_future,hash,0,14,14,True,3375.9069533955576,241.13621095682555,13259.534766977788,110,104,14,0,0.5571444169909228,,21,2,0
annex,random,5284,future_cover,hash,0,14,14,True,3343.403380872123,238.81452720515162,12847.016904360615,118,114,14,0,0.1319775000156369,,0,0,0
annex,random,5284,scenario,hash,0,14,14,True,3425.3173205917055,244.66552289940753,13191.586602958527,121,112,14,0,0.3631181670061778,,26,7,0
annex,random,5284,scenario_future,hash,0,14,14,True,3425.3173205917055,244.66552289940753,13191.586602958527,121,112,14,0,0.38977308402536437,,26,7,0
annex,random,5285,future_cover,hash,0,14,14,True,3264.0080134062227,233.14342952901592,12105.040067031114,130,123,14,0,0.1339972910063807,,0,0,1
annex,random,5285,scenario,hash,0,14,14,True,3359.1171387778463,239.93693848413187,12845.585693889232,122,110,14,0,0.3102715839922894,,20,5,0
annex,random,5285,scenario_future,hash,0,14,14,True,3343.0687664877287,238.79062617769492,12555.343832438644,129,117,14,0,0.3718012500030454,,19,5,1
annex,random,5286,future_cover,hash,0,11,11,True,2910.1497926946668,264.5590720631515,10680.748963473334,121,114,11,0,0.12818437500391155,,0,0,0
annex,random,5286,scenario,hash,0,11,11,True,2974.7313364614192,270.43012149649263,10893.656682307097,125,116,11,0,0.3213981659791898,,22,6,0
annex,random,5286,scenario_future,hash,0,11,11,True,2974.7313364614192,270.43012149649263,10893.656682307097,125,116,11,0,0.37002999999094754,,22,6,0
annex,random,5287,future_cover,hash,0,14,14,True,3171.365425814137,226.5261018438669,11471.827129070685,135,132,14,0,0.15365058300085366,,0,0,0
annex,random,5287,scenario,hash,0,14,14,True,3304.758154708433,236.0541539077452,12033.790773542163,139,133,14,0,0.3458403749973513,,16,8,0
annex,random,5287,scenario_future,hash,0,14,14,True,3304.758154708433,236.0541539077452,12033.790773542163,139,133,14,0,0.3748905829852447,,16,8,0
annex,random,5288,future_cover,hash,0,16,16,True,3432.9330978278476,214.55831861424048,13199.665489139239,120,113,16,0,0.11620258298353292,,0,0,0
annex,random,5288,scenario,hash,0,16,16,True,3569.6152514485343,223.1009532155334,13823.076257242672,122,115,16,0,0.3822522080154158,,26,8,0
annex,random,5288,scenario_future,hash,0,16,16,True,3569.6152514485343,223.1009532155334,13823.076257242672,122,115,16,0,0.39985829099896364,,26,8,0
annex,random,5289,future_cover,hash,0,15,15,True,3630.62148824826,242.041432549884,14363.1074412413,115,108,15,0,0.1114453749905806,,0,0,0
annex,random,5289,scenario,hash,0,15,15,True,3618.9317213343647,241.2621147556243,14249.658606671823,117,109,15,0,0.3634055000147782,,25,8,0
annex,random,5289,scenario_future,hash,0,15,15,True,3618.9317213343647,241.2621147556243,14249.658606671823,117,109,15,0,0.3667474589892663,,25,8,0
annex,random,5290,future_cover,hash,0,14,14,True,2991.624451963125,213.68746085450894,11203.122259815626,114,111,14,0,0.11315520800417289,,0,0,0
annex,random,5290,scenario,hash,0,14,14,True,3026.1425470098757,216.15303907213396,11460.712735049377,111,109,14,0,0.3248612080060411,,23,4,0
annex,random,5290,scenario_future,hash,0,14,14,True,3026.1425470098757,216.15303907213396,11460.712735049377,111,109,14,0,0.36872983298962936,,23,4,0
annex,random,5291,future_cover,hash,0,11,11,True,3019.6518971423957,274.5138088311269,11028.259485711978,127,124,11,0,0.11830558298970573,,0,0,0
annex,random,5291,scenario,hash,0,11,11,True,3211.6689935647646,291.9699085058877,12128.344967823823,123,116,11,0,0.2871206669951789,,20,8,0
annex,random,5291,scenario_future,hash,0,11,11,True,3211.6689935647646,291.9699085058877,12128.344967823823,123,116,11,0,0.3105510830064304,,20,8,0
annex,random,5292,future_cover,hash,0,11,11,True,2806.117037908897,255.10154890080884,10110.585189544485,122,119,11,0,0.0864182919904124,,0,0,1
annex,random,5292,scenario,hash,0,11,11,True,3010.301313161724,273.6637557419749,11076.50656580862,125,115,11,0,0.25317091698525473,,17,7,0
annex,random,5292,scenario_future,hash,0,11,11,True,3010.301313161724,273.6637557419749,11076.50656580862,125,115,11,0,0.26841362501727417,,17,7,0
annex,random,5293,future_cover,hash,0,14,14,True,3382.939714147956,241.63855101056828,12849.698570739778,125,118,14,0,0.10477795801125467,,0,0,2
annex,random,5293,scenario,hash,0,14,14,True,3411.8477683733154,243.70341202666538,12999.238841866576,125,117,14,0,0.25532575001125224,,19,3,0
annex,random,5293,scenario_future,hash,0,14,14,True,3377.6789103865754,241.2627793133268,12773.394551932877,127,118,14,0,0.2970332080149092,,20,5,2
annex,random,5294,future_cover,hash,0,11,11,True,2878.9927958024327,261.72661780022116,10529.963979012164,121,113,11,0,0.21008925000205636,,0,0,0
annex,random,5294,scenario,hash,0,11,11,True,2909.851142062683,264.53192200569845,10714.255710313415,120,112,11,0,0.3795153340033721,,18,4,0
annex,random,5294,scenario_future,hash,0,11,11,True,2909.851142062683,264.53192200569845,10714.255710313415,120,112,11,0,0.286764625023352,,18,4,0
annex,random,5295,future_cover,hash,0,14,14,True,3593.6559693434406,256.68971209596003,13998.279846717203,122,114,14,0,0.12010575001477264,,0,0,0
annex,random,5295,scenario,hash,0,14,14,True,3636.5370935149776,259.75264953678413,14047.685467574887,128,117,14,0,0.37205325000104494,,26,6,0
annex,random,5295,scenario_future,hash,0,14,14,True,3636.5370935149776,259.75264953678413,14047.685467574887,128,117,14,0,0.40061454102396965,,26,6,0
annex,random,5296,future_cover,hash,0,10,10,True,2733.550509421503,273.35505094215034,9572.752547107517,129,124,10,0,0.1511584169929847,,0,0,0
annex,random,5296,scenario,hash,0,10,10,True,2815.970346739756,281.5970346739756,9784.85173369878,136,129,10,0,0.4117384999990463,,18,6,0
annex,random,5296,scenario_future,hash,0,10,10,True,2815.970346739756,281.5970346739756,9784.85173369878,136,129,10,0,0.43254816698026843,,18,6,0
annex,random,5297,future_cover,hash,0,14,14,True,3119.8655071806143,222.84753622718674,11474.32753590307,127,120,14,0,0.20659679200616665,,0,0,0
annex,random,5297,scenario,hash,0,14,14,True,3213.4236271938225,229.53025908527303,12077.118135969113,122,118,14,0,0.45461258399882354,,22,6,0
annex,random,5297,scenario_future,hash,0,14,14,True,3213.4236271938225,229.53025908527303,12077.118135969113,122,118,14,0,0.4798375410027802,,22,6,0
annex,random,5298,future_cover,hash,0,14,14,True,3300.922817797694,235.78020127126385,12194.61408898847,133,127,14,0,0.15036870900075883,,0,0,0
annex,random,5298,scenario,hash,0,14,14,True,3428.6428241637614,244.9030588688401,13138.214120818808,123,116,14,0,0.2801948339911178,,14,8,0
annex,random,5298,scenario_future,hash,0,14,14,True,3428.6428241637614,244.9030588688401,13138.214120818808,123,116,14,0,0.3643570419808384,,14,8,0
annex,random,5299,future_cover,hash,0,15,15,True,3045.7755619465197,203.05170412976798,11363.877809732598,117,113,15,0,0.12382879198412411,,0,0,0
annex,random,5299,scenario,hash,0,15,15,True,3017.8045763104574,201.18697175403048,11229.022881552288,118,107,15,0,0.3946365410229191,,24,6,0
annex,random,5299,scenario_future,hash,0,15,15,True,3017.8045763104574,201.18697175403048,11229.022881552288,118,107,15,0,0.416135542007396,,24,6,0
annex,random,5300,future_cover,hash,0,15,15,True,3511.3866752174017,234.09244501449345,13496.933376087009,124,117,15,0,0.11653820800711401,,0,0,0
annex,random,5300,scenario,hash,0,15,15,True,3376.600567581986,225.10670450546573,12773.002837909931,126,117,15,0,0.412334374996135,,25,6,0
annex,random,5300,scenario_future,hash,0,15,15,True,3376.600567581986,225.10670450546573,12773.002837909931,126,117,15,0,0.44694200000958517,,25,6,0
annex,random,5301,future_cover,hash,0,11,11,True,3021.7872344718508,274.7079304065319,11043.936172359254,127,123,11,0,0.09635716598131694,,0,0,0
annex,random,5301,scenario,hash,0,11,11,True,3043.0864024799853,276.6442184072714,11165.432012399926,127,120,11,0,0.2598145419906359,,19,3,0
annex,random,5301,scenario_future,hash,0,11,11,True,3043.0864024799853,276.6442184072714,11165.432012399926,127,120,11,0,0.29665199998999014,,19,3,0
annex,random,5302,future_cover,hash,0,15,15,True,3371.6239493924445,224.7749299594963,12813.119746962222,123,119,15,0,0.1170352500048466,,0,0,0
annex,random,5302,scenario,hash,0,15,15,True,3625.8665679796777,241.72443786531184,14294.332839898389,117,107,15,0,0.3056756249861792,,22,8,0
annex,random,5302,scenario_future,hash,0,15,15,True,3625.8665679796777,241.72443786531184,14294.332839898389,117,107,15,0,0.3667681660153903,,22,8,0
annex,random,5303,future_cover,hash,0,16,16,True,3570.715869749972,223.16974185937326,14173.579348749861,110,106,16,0,0.15344491598079912,,0,0,0
annex,random,5303,scenario,hash,0,16,16,True,4075.3367878854574,254.7085492428411,16811.683939427287,107,98,16,0,0.3762393330107443,,26,6,0
annex,random,5303,scenario_future,hash,0,16,16,True,4075.3367878854574,254.7085492428411,16811.683939427287,107,98,16,0,0.4130073749984149,,26,6,0
annex,random,5304,future_cover,hash,0,11,11,True,2751.308308759163,250.11893715992392,9726.541543795815,126,121,11,0,0.13296733298921026,,0,0,0
annex,random,5304,scenario,hash,0,11,11,True,2791.9073121855995,253.80975565323632,10504.536560927998,107,101,11,0,0.2984879169962369,,21,5,0
annex,random,5304,scenario_future,hash,0,11,11,True,2791.9073121855995,253.80975565323632,10504.536560927998,107,101,11,0,0.36335279198829085,,21,5,0
annex,random,5305,future_cover,hash,0,13,13,True,3258.554997626362,250.65807674048938,12602.77498813181,113,108,13,0,0.10261683299904689,,0,0,0
annex,random,5305,scenario,hash,0,13,13,True,3459.9360676039037,266.1489282772234,13244.680338019518,125,121,13,0,0.28918283397797495,,21,6,0
annex,random,5305,scenario_future,hash,0,13,13,True,3459.9360676039037,266.1489282772234,13244.680338019518,125,121,13,0,0.3157000000064727,,21,6,0
annex,random,5306,future_cover,hash,0,11,11,True,2857.74130814845,259.7946643771318,10113.70654074225,131,125,11,0,0.07714754098560661,,0,0,0
annex,random,5306,scenario,hash,0,11,11,True,3063.1988032334602,278.47261847576914,11195.9940161673,129,124,11,0,0.24670254200464115,,19,7,0
annex,random,5306,scenario_future,hash,0,11,11,True,3063.1988032334602,278.47261847576914,11195.9940161673,129,124,11,0,0.27197404101025313,,19,7,0
annex,random,5307,future_cover,hash,0,12,12,True,2929.3677915947796,244.1139826328983,10221.838957973898,138,135,12,0,0.09551829102565534,,0,0,0
annex,random,5307,scenario,hash,0,12,12,True,2910.8728708037934,242.57273923364946,10144.364354018968,138,132,12,0,0.27390999998897314,,23,4,0
annex,random,5307,scenario_future,hash,0,12,12,True,2910.8728708037934,242.57273923364946,10144.364354018968,138,132,12,0,0.3011954170069657,,23,4,0
annex,random,5308,future_cover,hash,0,10,10,True,3143.8923459552207,314.38923459552205,11479.461729776103,134,128,10,0,0.05738154100254178,,0,0,0
annex,random,5308,scenario,hash,0,10,10,True,3193.453632003841,319.3453632003841,11692.268160019205,135,130,10,0,0.18022495799232274,,15,4,0
annex,random,5308,scenario_future,hash,0,10,10,True,3193.453632003841,319.3453632003841,11692.268160019205,135,130,10,0,0.19091166701400653,,15,4,0
annex,random,5309,future_cover,hash,0,11,11,True,3229.6702298966416,293.60638453605833,11958.351149483207,131,128,11,0,0.11259887498454191,,0,0,0
annex,random,5309,scenario,hash,0,11,11,True,3387.522058426983,307.9565507660894,12677.610292134916,134,127,11,0,0.3040455419977661,,20,4,0
annex,random,5309,scenario_future,hash,0,11,11,True,3387.522058426983,307.9565507660894,12677.610292134916,134,127,11,0,0.31707424999331124,,20,4,0
annex,random,5310,future_cover,hash,0,14,14,True,3300.97652848504,235.78403774893144,12394.8826424252,127,117,14,0,0.15666912499000318,,0,0,1
annex,random,5310,scenario,hash,0,14,14,True,3130.887558396485,223.63482559974892,11949.437791982426,113,106,14,0,0.36281929101096466,,23,4,0
annex,random,5310,scenario_future,hash,0,14,14,True,3130.887558396485,223.63482559974892,11949.437791982426,113,106,14,0,0.4347402920247987,,23,4,0
annex,random,5311,future_cover,hash,0,10,10,True,2633.0986345896526,263.30986345896525,9120.493172948263,127,124,10,0,0.05716395899071358,,0,0,1
annex,random,5311,scenario,hash,0,10,10,True,2706.927819773579,270.69278197735787,9529.639098867894,126,121,10,0,0.21626970800571144,,16,4,0
annex,random,5311,scenario_future,hash,0,10,10,True,2706.927819773579,270.69278197735787,9529.639098867894,126,121,10,0,0.21695875001023524,,16,4,0
annex,random,5312,future_cover,hash,0,14,14,True,3106.4043193821103,221.88602281300788,11617.021596910552,120,113,14,0,0.09259470799588598,,0,0,0
annex,random,5312,scenario,hash,0,14,14,True,3066.461284560083,219.0329488971488,11672.306422800415,111,107,14,0,0.2983927500026766,,21,6,0
annex,random,5312,scenario_future,hash,0,14,14,True,3066.461284560083,219.0329488971488,11672.306422800415,111,107,14,0,0.3094761669926811,,21,6,0
annex,random,5313,future_cover,hash,0,16,16,True,3205.8429492448386,200.3651843278024,11664.214746224194,133,128,16,0,0.1238955840235576,,0,0,2
annex,random,5313,scenario,hash,0,16,16,True,3639.79961566415,227.4874759790094,14028.998078320752,127,119,16,0,0.3604243749869056,,27,6,0
annex,random,5313,scenario_future,hash,0,16,16,True,3639.79961566415,227.4874759790094,14028.998078320752,127,119,16,0,0.3894610840070527,,27,6,0
annex,random,5314,future_cover,hash,0,13,13,True,3288.8533241691075,252.9887172437775,12759.266620845538,113,107,13,0,0.0977501249872148,,0,0,16
annex,random,5314,scenario,hash,0,13,13,True,3436.046271435186,264.3112516488605,13365.23135717593,117,113,13,0,0.33144737500697374,,23,7,0
annex,random,5314,scenario_future,hash,0,13,13,True,3469.4015512237456,266.8770424018266,13452.007756118728,120,114,13,0,0.35137058299733326,,14,8,1
annex,random,5315,future_cover,hash,0,16,16,True,3045.3004999193618,190.3312812449601,12151.502499596809,90,85,16,0,0.12404445800348185,,0,0,0
annex,random,5315,scenario,hash,0,16,16,True,3082.2135463781274,192.63834664863296,12211.067731890636,94,90,16,0,0.32562529199640267,,24,4,0
annex,random,5315,scenario_future,hash,0,16,16,True,3082.2135463781274,192.63834664863296,12211.067731890636,94,90,16,0,0.3616496669710614,,24,4,0
annex,random,5316,future_cover,hash,0,11,11,True,3354.1205326663026,304.9200484242093,13060.602663331512,116,107,11,0,0.10546650001197122,,0,0,0
annex,random,5316,scenario,hash,0,11,11,True,3477.5543628868627,316.1413057169875,13382.771814434314,126,116,11,0,0.44609299997682683,,22,6,0
annex,random,5316,scenario_future,hash,0,11,11,True,3477.5543628868627,316.1413057169875,13382.771814434314,126,116,11,0,0.4191357500094455,,22,6,0
annex,random,5317,future_cover,hash,0,15,15,True,3129.4687875406644,208.63125250271096,11822.343937703323,116,110,15,0,0.22157945900107734,,0,0,0
annex,random,5317,scenario,hash,0,15,15,True,3446.594097624315,229.772939841621,12992.970488121575,130,123,15,0,0.6522278340125922,,24,8,0
annex,random,5317,scenario_future,hash,0,15,15,True,3446.594097624315,229.772939841621,12992.970488121575,130,123,15,0,0.7531187499989755,,24,8,0
annex,random,5318,future_cover,hash,0,14,14,True,3301.630661205075,235.8307615146482,12428.153306025375,125,121,14,0,0.20781666599214077,,0,0,0
annex,random,5318,scenario,hash,0,14,14,True,3505.15327615737,250.36809115409784,13520.766380786848,123,116,14,0,0.4141274580033496,,13,8,0
annex,random,5318,scenario_future,hash,0,14,14,True,3505.15327615737,250.36809115409784,13520.766380786848,123,116,14,0,0.42167958299978636,,13,8,0
annex,random,5319,future_cover,hash,0,10,10,True,2954.538959936923,295.4538959936923,10542.694799684616,134,126,10,0,0.08011387501028366,,0,0,0
annex,random,5319,scenario,hash,0,10,10,True,3128.3971711357767,312.83971711357765,11186.985855678884,142,131,10,0,0.2739784159930423,,22,5,0
annex,random,5319,scenario_future,hash,0,10,10,True,3128.3971711357767,312.83971711357765,11186.985855678884,142,131,10,0,0.2961114579811692,,22,5,0
annex,random,5320,future_cover,hash,0,13,13,True,3529.5950762396387,271.50731355689527,13252.975381198194,136,134,13,0,0.1506846249976661,,0,0,0
annex,random,5320,scenario,hash,0,13,13,True,3587.7995498918676,275.9845807609129,13343.997749459339,143,139,13,0,0.36237616700236686,,22,8,0
annex,random,5320,scenario_future,hash,0,13,13,True,3587.7995498918676,275.9845807609129,13343.997749459339,143,139,13,0,0.43122124997898936,,22,8,0
annex,random,5321,future_cover,hash,0,10,10,True,2820.736003454027,282.0736003454027,9553.680017270135,144,140,10,0,0.09197204100200906,,0,0,0
annex,random,5321,scenario,hash,0,10,10,True,2876.906146040258,287.6906146040258,9719.530730201292,149,138,10,0,0.23813187499763444,,19,5,0
annex,random,5321,scenario_future,hash,0,10,10,True,2876.906146040258,287.6906146040258,9719.530730201292,149,138,10,0,0.26271616702433676,,19,5,0
annex,random,5322,future_cover,hash,0,12,12,True,3249.612985441604,270.8010821201337,12403.06492720802,119,114,12,0,0.1364720830169972,,0,0,0
annex,random,5322,scenario,hash,0,12,12,True,3487.9504166157085,290.6625347179757,13729.752083078542,115,107,12,0,0.3443893749790732,,25,6,0
annex,random,5322,scenario_future,hash,0,12,12,True,3487.9504166157085,290.6625347179757,13729.752083078542,115,107,12,0,0.3835482499853242,,25,6,0
annex,random,5323,future_cover,hash,0,16,16,True,3127.442837137309,195.46517732108182,11162.214185686546,136,135,16,0,0.1728207919804845,,0,0,0
annex,random,5323,scenario,hash,0,16,16,True,3190.070854335271,199.37942839595445,11325.354271676357,142,135,16,0,0.39433808298781514,,24,6,0
annex,random,5323,scenario_future,hash,0,16,16,True,3190.070854335271,199.37942839595445,11325.354271676357,142,135,16,0,0.4543875840026885,,24,6,0
annex,random,5324,future_cover,hash,0,14,14,True,2856.9950098301547,204.07107213072533,10384.975049150773,119,115,14,0,0.12322620800114237,,0,0,0
annex,random,5324,scenario,hash,0,14,14,True,3089.159198455505,220.6542284611075,11860.795992277524,109,102,14,0,0.31500491601764224,,22,7,0
annex,random,5324,scenario_future,hash,0,14,14,True,3089.159198455505,220.6542284611075,11860.795992277524,109,102,14,0,0.33786258299369365,,22,7,0
annex,random,5325,future_cover,hash,0,10,10,True,3098.6787509961896,309.86787509961897,11518.393754980949,125,120,10,0,0.09834537497954443,,0,0,0
annex,random,5325,scenario,hash,0,10,10,True,3230.113887739854,323.0113887739854,12240.569438699269,123,117,10,0,0.24798387501505204,,19,5,0
annex,random,5325,scenario_future,hash,0,10,10,True,3230.113887739854,323.0113887739854,12240.569438699269,123,117,10,0,0.2602047499967739,,19,5,0
annex,random,5326,future_cover,hash,0,10,10,True,3276.563162758427,327.6563162758427,12407.815813792136,125,120,10,0,0.08750724999117665,,0,0,0
annex,random,5326,scenario,hash,0,10,10,True,3244.6961530000435,324.46961530000436,12278.480765000217,125,114,10,0,0.2715690830082167,,20,3,0
annex,random,5326,scenario_future,hash,0,10,10,True,3244.6961530000435,324.46961530000436,12278.480765000217,125,114,10,0,0.29428087497944944,,20,3,0
annex,random,5327,future_cover,hash,0,12,12,True,2991.584407249042,249.29870060408686,10987.92203624521,123,119,12,0,0.09041070900275372,,0,0,0
annex,random,5327,scenario,hash,0,12,12,True,3003.046331710018,250.25386097583484,11015.23165855009,124,120,12,0,0.27455641599954106,,20,1,0
annex,random,5327,scenario_future,hash,0,12,12,True,3003.046331710018,250.25386097583484,11015.23165855009,124,120,12,0,0.2847726670152042,,20,1,0
annex,random,5328,future_cover,hash,0,13,13,True,3393.6008813010267,261.0462216385405,12913.004406505133,125,121,13,0,0.12425095800426789,,0,0,0
annex,random,5328,scenario,hash,0,13,13,True,3393.1841915999576,261.0141685846121,13080.920957999788,120,112,13,0,0.2794174999871757,,12,8,0
annex,random,5328,scenario_future,hash,0,13,13,True,3393.1841915999576,261.0141685846121,13080.920957999788,120,112,13,0,0.31057337499805726,,12,8,0
annex,random,5329,future_cover,hash,0,16,16,True,3689.193387636909,230.5745867273068,14590.966938184545,116,111,16,0,0.13538070800132118,,0,0,4
annex,random,5329,scenario,hash,0,16,16,True,3508.676005466456,219.2922503416535,13793.38002733228,113,105,16,0,0.32411987500381656,,24,7,0
annex,random,5329,scenario_future,hash,0,16,16,True,3669.7474825689924,229.35921766056202,14588.737412844963,113,107,16,0,0.36189187498530373,,16,8,3
annex,random,5330,future_cover,hash,0,14,14,True,2959.360493548587,211.38289239632763,11256.802467742935,107,103,14,0,0.12314529201830737,,0,0,0
annex,random,5330,scenario,hash,0,14,14,True,3184.767649605504,227.4834035432503,12388.838248027521,107,102,14,0,0.3303524999937508,,23,5,0
annex,random,5330,scenario_future,hash,0,14,14,True,3184.767649605504,227.4834035432503,12388.838248027521,107,102,14,0,0.36751125002047047,,23,5,0
annex,random,5331,future_cover,hash,0,11,11,True,3040.27013337258,276.38819394296183,10971.3506668629,132,131,11,0,0.11251825001090765,,0,0,0
annex,random,5331,scenario,hash,0,11,11,True,3146.8249994662215,286.0749999514747,10979.124997331108,151,141,11,0,0.2937969159975182,,22,6,0
annex,random,5331,scenario_future,hash,0,11,11,True,3146.8249994662215,286.0749999514747,10979.124997331108,151,141,11,0,0.3193634579947684,,22,6,0
annex,random,5332,future_cover,hash,0,13,13,True,2822.679306259838,217.12917740460293,9923.396531299191,130,123,13,0,0.11343829199904576,,0,0,0
annex,random,5332,scenario,hash,0,13,13,True,3005.0747552483317,231.159596557564,11540.373776241659,106,102,13,0,0.2662003749865107,,19,5,0
annex,random,5332,scenario_future,hash,0,13,13,True,3005.0747552483317,231.159596557564,11540.373776241659,106,102,13,0,0.30448637501103804,,19,5,0
annex,random,5333,future_cover,hash,0,14,14,True,3349.691885042338,239.26370607445273,12848.45942521169,119,115,14,0,0.13194354198640212,,0,0,1
annex,random,5333,scenario,hash,0,14,14,True,3371.3040190591737,240.80742993279813,13231.52009529587,110,105,14,0,0.33160495801712386,,24,7,0
annex,random,5333,scenario_future,hash,0,14,14,True,3371.3040190591737,240.80742993279813,13231.52009529587,110,105,14,0,0.4131009579868987,,24,7,0
annex,random,5334,future_cover,hash,0,16,16,True,3244.1693887444267,202.76058679652667,12240.846943722134,120,116,16,0,0.12333020899677649,,0,0,0
annex,random,5334,scenario,hash,0,16,16,True,3653.8976072851665,228.3686004553229,14469.488036425832,114,110,16,0,0.3710824999725446,,26,7,0
annex,random,5334,scenario_future,hash,0,16,16,True,3653.8976072851665,228.3686004553229,14469.488036425832,114,110,16,0,0.44533204098115675,,26,7,0
annex,random,5335,future_cover,hash,0,14,14,True,3054.1958873627987,218.15684909734276,11400.979436813994,118,114,14,0,0.11587358298129402,,0,0,0
annex,random,5335,scenario,hash,0,14,14,True,3121.0413037466064,222.93152169618617,11845.206518733032,115,107,14,0,0.27358462498523295,,18,5,0
annex,random,5335,scenario_future,hash,0,14,14,True,3121.0413037466064,222.93152169618617,11845.206518733032,115,107,14,0,0.30280641600256786,,18,5,0
annex,random,5336,future_cover,hash,0,13,13,True,2882.335233428235,221.718094879095,10281.676167141175,128,121,13,0,0.11563687500893138,,0,0,1
annex,random,5336,scenario,hash,0,13,13,True,3189.320342658708,245.33233405066983,11596.60171329354,136,125,13,0,0.2885588750068564,,20,4,0
annex,random,5336,scenario_future,hash,0,13,13,True,3154.5953521916917,242.66118093782245,11362.976760958458,138,127,13,0,0.41888387501239777,,20,5,11
annex,random,5337,future_cover,hash,0,10,10,True,2722.6160162455226,272.26160162455227,9718.080081227612,122,119,10,0,0.11866725000436418,,0,0,0
annex,random,5337,scenario,hash,0,10,10,True,2743.1595565976304,274.31595565976306,9915.797782988153,119,115,10,0,0.3243552919884678,,17,5,0
annex,random,5337,scenario_future,hash,0,10,10,True,2743.1595565976304,274.31595565976306,9915.797782988153,119,115,10,0,0.3579897499876097,,17,5,0
annex,random,5338,future_cover,hash,0,10,10,True,2809.635189824404,280.9635189824404,10188.175949122018,121,117,10,0,0.1441118750080932,,0,0,0
annex,random,5338,scenario,hash,0,10,10,True,2845.978441978621,284.5978441978621,10444.892209893105,119,112,10,0,0.3660886669822503,,20,5,0
annex,random,5338,scenario_future,hash,0,10,10,True,2845.978441978621,284.5978441978621,10444.892209893105,119,112,10,0,0.4008111250004731,,20,5,0
annex,random,5339,future_cover,hash,0,14,14,True,3339.8183843755146,238.55845602682248,12714.091921877573,122,117,14,0,0.19207041698973626,,0,0,0
annex,random,5339,scenario,hash,0,14,14,True,3580.513346263606,255.7509533045433,14097.56673131803,116,111,14,0,0.5047251250070985,,19,8,0
annex,random,5339,scenario_future,hash,0,14,14,True,3580.513346263606,255.7509533045433,14097.56673131803,116,111,14,0,0.561717625008896,,19,8,0
annex,random,5340,future_cover,hash,0,13,13,True,3122.217508531566,240.17057757935123,11801.087542657831,117,112,13,0,0.19936300002154894,,0,0,0
annex,random,5340,scenario,hash,0,13,13,True,3378.989572538359,259.922274810643,13119.947862691795,116,110,13,0,0.4204469170072116,,19,8,0
annex,random,5340,scenario_future,hash,0,13,13,True,3378.989572538359,259.922274810643,13119.947862691795,116,110,13,0,0.47750562502187677,,19,8,0
annex,random,5341,future_cover,hash,0,11,11,True,3208.8529167641063,291.71390152400966,11944.264583820532,128,125,11,0,0.21770891701453365,,0,0,0
annex,random,5341,scenario,hash,0,11,11,True,3253.7827564486097,295.7984324044191,12688.913782243048,111,106,11,0,0.42773704102728516,,20,3,0
annex,random,5341,scenario_future,hash,0,11,11,True,3253.7827564486097,295.7984324044191,12688.913782243048,111,106,11,0,0.46564683300675824,,20,3,0
annex,random,5342,future_cover,hash,0,13,13,True,3216.6782059949346,247.43678507653343,12113.391029974673,122,119,13,0,0.18097487499471754,,0,0,0
annex,random,5342,scenario,hash,0,13,13,True,3278.7362085233044,252.2104775787157,12408.681042616521,123,117,13,0,0.47841054198215716,,22,5,0
annex,random,5342,scenario_future,hash,0,13,13,True,3278.7362085233044,252.2104775787157,12408.681042616521,123,117,13,0,0.47346004098653793,,22,5,0
annex,random,5343,future_cover,hash,0,15,15,True,3367.427324283117,224.4951549522078,12532.136621415584,132,126,15,0,0.24170700000831857,,0,0,1
annex,random,5343,scenario,hash,0,15,15,True,3441.2375909823772,229.41583939882514,12561.187954911886,144,134,15,0,0.5182457079936285,,29,4,0
annex,random,5343,scenario_future,hash,0,15,15,True,3441.2375909823772,229.41583939882514,12561.187954911886,144,134,15,0,0.6025273339764681,,29,4,1
annex,random,5344,future_cover,hash,0,16,16,True,3656.9516714247407,228.5594794640463,13864.758357123703,135,129,16,0,0.1463684999907855,,0,0,3
annex,random,5344,scenario,hash,0,16,16,True,3797.6706958658747,237.35441849161717,14643.353479329373,133,124,16,0,0.3205831249943003,,16,8,0
annex,random,5344,scenario_future,hash,0,16,16,True,3797.6706958658747,237.35441849161717,14643.353479329373,133,124,16,0,0.3834592080092989,,16,8,0
annex,random,5345,future_cover,hash,0,15,15,True,3341.494329262186,222.76628861747906,12332.47164631093,134,130,15,0,0.16302154201548547,,0,0,0
annex,random,5345,scenario,hash,0,15,15,True,3399.7278518031867,226.64852345354578,12593.639259015934,135,131,15,0,0.36898983299033716,,26,6,0
annex,random,5345,scenario_future,hash,0,15,15,True,3399.7278518031867,226.64852345354578,12593.639259015934,135,131,15,0,0.42314045800594613,,26,6,0
annex,random,5346,future_cover,hash,0,11,11,True,2764.492277144147,251.317479740377,9892.461385720735,123,116,11,0,0.0923178750090301,,0,0,0
annex,random,5346,scenario,hash,0,11,11,True,2912.660972913478,264.78736117395255,10868.30486456739,115,109,11,0,0.25809375001699664,,16,5,0
annex,random,5346,scenario_future,hash,0,11,11,True,2912.660972913478,264.78736117395255,10868.30486456739,115,109,11,0,0.2668608329840936,,16,5,0
annex,random,5347,future_cover,hash,0,12,12,True,3188.205267790367,265.6837723158639,12036.026338951835,121,116,12,0,0.15774704201612622,,0,0,0
annex,random,5347,scenario,hash,0,12,12,True,3156.0920988340717,263.0076749028393,11915.460494170358,120,113,12,0,0.4394232919730712,,18,8,0
annex,random,5347,scenario_future,hash,0,12,12,True,3156.0920988340717,263.0076749028393,11915.460494170358,120,113,12,0,0.36461233301088214,,18,8,0
annex,random,5348,future_cover,hash,0,13,13,True,3040.5584228597017,233.88910945074628,10942.792114298509,132,127,13,0,0.17399741697590798,,0,0,0
annex,random,5348,scenario,hash,0,13,13,True,3261.7875972671723,250.90673825132095,12093.93798633586,131,123,13,0,0.4809428750013467,,26,6,0
annex,random,5348,scenario_future,hash,0,13,13,True,3261.7875972671723,250.90673825132095,12093.93798633586,131,123,13,0,0.5038440420175903,,26,6,0
annex,random,5349,future_cover,hash,0,14,14,True,3424.5169679681994,244.60835485487138,12522.584839840998,142,140,14,0,0.19123645898071118,,0,0,0
annex,random,5349,scenario,hash,0,14,14,True,3851.6588923538025,275.1184923109859,14673.294461769012,142,137,14,0,0.44039262502337806,,26,6,0
annex,random,5349,scenario_future,hash,0,14,14,True,3851.6588923538025,275.1184923109859,14673.294461769012,142,137,14,0,0.4297490419994574,,26,6,0
annex,random,5350,future_cover,hash,0,10,10,True,2843.143892707738,284.3143892707738,10235.71946353869,125,121,10,0,0.17344329098705202,,0,0,0
annex,random,5350,scenario,hash,0,10,10,True,3136.461791960778,313.6461791960778,11692.30895980389,126,118,10,0,0.5323881669901311,,22,5,0
annex,random,5350,scenario_future,hash,0,10,10,True,3136.461791960778,313.6461791960778,11692.30895980389,126,118,10,0,0.539706625015242,,22,5,0
annex,random,5351,future_cover,hash,0,12,12,True,3296.988898500249,274.74907487502077,12469.944492501245,125,118,12,0,0.14241408399539068,,0,0,0
annex,random,5351,scenario,hash,0,12,12,True,3310.8646803322144,275.9053900276845,12359.323401661071,131,124,12,0,0.4936970839917194,,25,6,0
annex,random,5351,scenario_future,hash,0,12,12,True,3310.8646803322144,275.9053900276845,12359.323401661071,131,124,12,0,0.48927333299070597,,25,6,0
annex,random,5352,future_cover,hash,0,12,12,True,3230.6512036483623,269.22093363736354,11968.256018241811,130,127,12,0,0.14932699999189936,,0,0,0
annex,random,5352,scenario,hash,0,12,12,True,3486.3341875795586,290.5278489649632,13211.670937897794,132,124,12,0,0.39890766600728966,,21,8,0
annex,random,5352,scenario_future,hash,0,12,12,True,3486.3341875795586,290.5278489649632,13211.670937897794,132,124,12,0,0.45883804198820144,,21,8,0
annex,random,5353,future_cover,hash,0,13,13,True,2916.2831619249623,224.32947399422787,10686.415809624812,120,114,13,0,0.122168874979252,,0,0,0
annex,random,5353,scenario,hash,0,13,13,True,2902.1503925776374,223.2423378905875,10920.751962888187,110,103,13,0,0.3271767499973066,,23,6,0
annex,random,5353,scenario_future,hash,0,13,13,True,2902.1503925776374,223.2423378905875,10920.751962888187,110,103,13,0,0.3676259580242913,,23,6,0
annex,random,5354,future_cover,hash,0,11,11,True,2901.5569946829346,263.77790860753953,10202.784973414673,135,131,11,0,0.13743224999052472,,0,0,6
annex,random,5354,scenario,hash,0,11,11,True,2980.668705612927,270.9698823284479,10883.343528064635,126,119,11,0,0.3421500420081429,,21,5,0
annex,random,5354,scenario_future,hash,0,11,11,True,2980.668705612927,270.9698823284479,10883.343528064635,126,119,11,0,0.3645096250111237,,21,5,0
annex,random,5355,future_cover,hash,0,12,12,True,2799.0248815323507,233.25207346102923,10085.124407661753,121,117,12,0,0.11411562497960404,,0,0,0
annex,random,5355,scenario,hash,0,12,12,True,3033.2105933527428,252.7675494460619,10781.052966763713,138,127,12,0,0.2909901249804534,,23,4,0
annex,random,5355,scenario_future,hash,0,12,12,True,3033.2105933527428,252.7675494460619,10781.052966763713,138,127,12,0,0.31338866701116785,,23,4,0
annex,random,5356,future_cover,hash,0,15,15,True,2948.2054185259567,196.54702790173044,10971.027092629784,114,109,15,0,0.17198849999113008,,0,0,0
annex,random,5356,scenario,hash,0,15,15,True,2968.8876676184786,197.92584450789857,11224.438338092394,109,104,15,0,0.38021104197832756,,23,7,0
annex,random,5356,scenario_future,hash,0,15,15,True,2968.8876676184786,197.92584450789857,11224.438338092394,109,104,15,0,0.3914448749856092,,23,7,0
annex,random,5357,future_cover,hash,0,11,11,True,2682.4718740627154,243.86107946024686,9592.359370313578,119,114,11,0,0.1026008750195615,,0,0,0
annex,random,5357,scenario,hash,0,11,11,True,2757.813986634147,250.7103624212861,10019.069933170736,117,114,11,0,0.27306170799420215,,14,8,0
annex,random,5357,scenario_future,hash,0,11,11,True,2757.813986634147,250.7103624212861,10019.069933170736,117,114,11,0,0.3068442500079982,,14,8,0
annex,random,5358,future_cover,hash,0,11,11,True,3118.915736688619,283.5377942444199,11584.578683443095,125,122,11,0,0.11507754199556075,,0,0,0
annex,random,5358,scenario,hash,0,11,11,True,3251.7849350257575,295.61681227506887,12123.924675128788,129,127,11,0,0.34056379200774245,,16,8,0
annex,random,5358,scenario_future,hash,0,11,11,True,3251.7849350257575,295.61681227506887,12123.924675128788,129,127,11,0,0.3755910419858992,,16,8,0
annex,random,5359,future_cover,hash,0,10,10,True,2981.299739595906,298.1299739595906,10866.49869797953,127,123,10,0,0.09117854200303555,,0,0,0
annex,random,5359,scenario,hash,0,10,10,True,3101.426985695176,310.1426985695176,11112.13492847588,140,129,10,0,0.42073383400565945,,22,4,0
annex,random,5359,scenario_future,hash,0,10,10,True,3101.426985695176,310.1426985695176,11112.13492847588,140,129,10,0,0.4431652080093045,,22,4,0
annex,random,5360,future_cover,hash,0,16,16,True,3057.5080129920734,191.0942508120046,11007.540064960367,130,126,16,0,0.1935403329844121,,0,0,0
annex,random,5360,scenario,hash,0,16,16,True,3115.645592021974,194.72784950137338,11693.22796010987,117,112,16,0,0.29289337500813417,,11,8,0
annex,random,5360,scenario_future,hash,0,16,16,True,3115.645592021974,194.72784950137338,11693.22796010987,117,112,16,0,0.5140022919804323,,11,8,0
annex,random,5361,future_cover,hash,0,14,14,True,3300.286474685755,235.73474819183963,12371.432373428774,127,121,14,0,0.21215450001182035,,0,0,0
annex,random,5361,scenario,hash,0,14,14,True,3275.4610227536878,233.96150162526342,11957.30511376844,137,129,14,0,0.5380807909823488,,25,5,0
annex,random,5361,scenario_future,hash,0,14,14,True,3275.4610227536878,233.96150162526342,11957.30511376844,137,129,14,0,0.5742751249927096,,25,5,0
annex,random,5362,future_cover,hash,0,14,14,True,2991.5315268739537,213.68082334813954,11247.657634369769,113,107,14,0,0.17661183400196023,,0,0,0
annex,random,5362,scenario,hash,0,14,14,True,3035.3222419991935,216.80873157137097,11526.611209995968,111,105,14,0,0.469856957992306,,17,5,0
annex,random,5362,scenario_future,hash,0,14,14,True,3035.3222419991935,216.80873157137097,11526.611209995968,111,105,14,0,0.4760331660218071,,17,5,0
annex,random,5363,future_cover,hash,0,15,15,True,2958.907612826084,197.26050752173893,11344.53806413042,103,100,15,0,0.1996106669830624,,0,0,0
annex,random,5363,scenario,hash,0,15,15,True,3193.360267147983,212.8906844765322,12351.801335739914,109,103,15,0,0.49022062501171604,,24,4,0
annex,random,5363,scenario_future,hash,0,15,15,True,3193.360267147983,212.8906844765322,12351.801335739914,109,103,15,0,0.4868050829973072,,24,4,0
annex,random,5364,future_cover,hash,0,14,14,True,3151.7777679664423,225.12698342617446,11453.88883983221,133,126,14,0,0.12873520798166282,,0,0,0
annex,random,5364,scenario,hash,0,14,14,True,3279.087803097431,234.2205573641022,12240.439015487154,128,121,14,0,0.28189741700771265,,19,8,0
annex,random,5364,scenario_future,hash,0,14,14,True,3279.087803097431,234.2205573641022,12240.439015487154,128,121,14,0,0.3081425830023363,,19,8,0
annex,random,5365,future_cover,hash,0,14,14,True,2905.112825891471,207.50805899224792,10725.564129457354,116,110,14,0,0.11186937498860061,,0,0,3
annex,random,5365,scenario,hash,0,14,14,True,2986.4825387494666,213.32018133924763,11007.412693747334,121,110,14,0,0.3090887919825036,,23,3,0
annex,random,5365,scenario_future,hash,0,14,14,True,3124.7486230703444,223.1963302193103,11608.743115351721,124,113,14,0,0.35383000000729226,,24,7,3
annex,random,5366,future_cover,hash,0,16,16,True,3295.8505725296664,205.99066078310415,12504.25286264833,120,115,16,0,0.15608733301633038,,0,0,20
annex,random,5366,scenario,hash,0,16,16,True,3219.091182724992,201.193198920312,12035.455913624959,123,117,16,0,0.41501108300872147,,28,7,0
annex,random,5366,scenario_future,hash,0,16,16,True,3207.82658991273,200.48916186954563,12034.13294956365,121,116,16,0,0.5385237089940347,,24,8,20
annex,random,5367,future_cover,hash,0,11,11,True,2889.860707005302,262.71460972775475,10404.30353502651,126,124,11,0,0.13820970899541862,,0,0,0
annex,random,5367,scenario,hash,0,11,11,True,3061.067779263223,278.27888902392937,11345.338896316116,124,117,11,0,0.419873834005557,,20,6,0
annex,random,5367,scenario_future,hash,0,11,11,True,3061.067779263223,278.27888902392937,11345.338896316116,124,117,11,0,0.48093887499999255,,20,6,0
annex,random,5368,future_cover,hash,0,15,15,True,3279.822978617263,218.65486524115084,12444.114893086315,120,116,15,0,0.1517605840053875,,0,0,0
annex,random,5368,scenario,hash,0,15,15,True,3534.6926056914963,235.64617371276643,14023.463028457481,111,100,15,0,0.38119049998931587,,19,8,0
annex,random,5368,scenario_future,hash,0,15,15,True,3534.6926056914963,235.64617371276643,14023.463028457481,111,100,15,0,0.4491551660175901,,19,8,0
annex,random,5369,future_cover,hash,0,10,10,True,2938.410318506484,293.8410318506484,10442.051592532422,134,130,10,0,0.12625295799807645,,0,0,0
annex,random,5369,scenario,hash,0,10,10,True,3021.1715452900016,302.1171545290002,10715.857726450007,139,133,10,0,0.34652058299980126,,15,8,0
annex,random,5369,scenario_future,hash,0,10,10,True,3021.1715452900016,302.1171545290002,10715.857726450007,139,133,10,0,0.3253906659956556,,15,8,0
annex,random,5370,future_cover,hash,0,14,14,True,3261.1333600702937,232.93809714787812,12220.666800351468,125,122,14,0,0.11662920800154097,,0,0,0
annex,random,5370,scenario,hash,0,14,14,True,3286.7594510811205,234.76853222008003,12328.797255405603,126,121,14,0,0.4064545000146609,,17,8,0
annex,random,5370,scenario_future,hash,0,14,14,True,3286.7594510811205,234.76853222008003,12328.797255405603,126,121,14,0,0.4125047910201829,,17,8,0
annex,random,5371,future_cover,hash,0,15,15,True,3385.403160679819,225.69354404532126,12882.015803399094,124,114,15,0,0.13023816698114388,,0,0,0
annex,random,5371,scenario,hash,0,15,15,True,3342.5251022211687,222.8350068147446,13157.625511105844,107,101,15,0,0.30254866601899266,,19,4,0
annex,random,5371,scenario_future,hash,0,15,15,True,3342.5251022211687,222.8350068147446,13157.625511105844,107,101,15,0,0.3213434589852113,,19,4,0
annex,random,5372,future_cover,hash,0,15,15,True,2983.430704121053,198.89538027473688,10307.153520605267,142,137,15,0,0.11312016699230298,,0,0,5
annex,random,5372,scenario,hash,0,15,15,True,3194.9359159580495,212.99572773053663,11584.679579790247,135,128,15,0,0.23006695799995214,,16,8,0
annex,random,5372,scenario_future,hash,0,15,15,True,3327.2664902344213,221.81776601562808,12346.332451172106,132,123,15,0,0.2775348750001285,,20,6,4
annex,random,5373,future_cover,hash,0,16,16,True,3095.488766333269,193.4680478958293,11592.443831666344,117,112,16,0,0.16294237499823794,,0,0,0
annex,random,5373,scenario,hash,0,16,16,True,3054.5826375805873,190.9114148487867,12152.913187902937,91,89,16,0,0.38743166701169685,,26,6,0
annex,random,5373,scenario_future,hash,0,16,16,True,3054.5826375805873,190.9114148487867,12152.913187902937,91,89,16,0,0.43180095800198615,,26,6,0
annex,random,5374,future_cover,hash,0,12,12,True,3083.8768683133103,256.9897390261092,11239.384341566552,130,126,12,0,0.14552349998848513,,0,0,0
annex,random,5374,scenario,hash,0,12,12,True,3130.3792783639637,260.86493986366366,11371.896391819819,134,126,12,0,0.33183408301556483,,22,4,0
annex,random,5374,scenario_future,hash,0,12,12,True,3130.3792783639637,260.86493986366366,11371.896391819819,134,126,12,0,0.33657158401911147,,22,4,0
annex,random,5375,future_cover,hash,0,16,16,True,3283.6995221152165,205.23122013220103,12438.497610576082,120,116,16,0,0.20552204200066626,,0,0,0
annex,random,5375,scenario,hash,0,16,16,True,3699.6511357577065,231.22819598485665,14308.255678788531,127,123,16,0,0.3750389589986298,,12,8,0
annex,random,5375,scenario_future,hash,0,16,16,True,3617.131134097994,226.07069588112464,13855.65567048997,129,121,16,0,0.3827174589969218,,23,7,3
annex,random,5376,future_cover,hash,0,15,15,True,3550.2890645130415,236.68593763420276,13566.445322565207,128,122,15,0,0.1522178330051247,,0,0,0
annex,random,5376,scenario,hash,0,15,15,True,3504.2698469406814,233.61798979604544,13576.349234703406,120,114,15,0,0.4078734579961747,,25,6,0
annex,random,5376,scenario_future,hash,0,15,15,True,3504.2698469406814,233.61798979604544,13576.349234703406,120,114,15,0,0.41331441601505503,,25,6,0
annex,random,5377,future_cover,hash,0,13,13,True,2971.8396512327627,228.6030500948279,10804.198256163812,125,121,13,0,0.19120087500778027,,0,0,0
annex,random,5377,scenario,hash,0,13,13,True,3104.9885429058227,238.84527253121712,11659.942714529114,119,113,13,0,0.47915425000246614,,23,7,0
annex,random,5377,scenario_future,hash,0,13,13,True,3104.9885429058227,238.84527253121712,11659.942714529114,119,113,13,0,0.518324999982724,,23,7,0
annex,random,5378,future_cover,hash,0,13,13,True,2871.104243145828,220.85417254967908,9855.52121572914,140,135,13,0,0.17036229200311936,,0,0,0
annex,random,5378,scenario,hash,0,13,13,True,3021.6842784366168,232.43725218743205,10828.421392183083,133,126,13,0,0.41642341698752716,,23,7,0
annex,random,5378,scenario_future,hash,0,13,13,True,3021.6842784366168,232.43725218743205,10828.421392183083,133,126,13,0,0.4297141249990091,,23,7,0
annex,random,5379,future_cover,hash,0,15,15,True,3395.530566930637,226.36870446204247,12747.652834653187,129,126,15,0,0.20519575002253987,,0,0,1
annex,random,5379,scenario,hash,0,15,15,True,3546.0807691121818,236.4053846074788,13675.403845560908,124,116,15,0,0.4551567499875091,,21,8,0
annex,random,5379,scenario_future,hash,0,15,15,True,3546.0807691121818,236.4053846074788,13675.403845560908,124,116,15,0,0.5103746670065448,,21,8,1
annex,random,5380,future_cover,hash,0,14,14,True,3144.1502708180305,224.5821622012879,11560.751354090153,128,122,14,0,0.15122262499062344,,0,0,1
annex,random,5380,scenario,hash,0,14,14,True,3245.2973920390177,231.80695657421555,12141.486960195089,126,117,14,0,0.42152662499574944,,24,7,0
annex,random,5380,scenario_future,hash,0,14,14,True,3245.2973920390177,231.80695657421555,12141.486960195089,126,117,14,0,0.4735021249798592,,24,7,0
annex,random,5381,future_cover,hash,0,10,10,True,2773.0614040147366,277.30614040147367,10065.307020073684,119,115,10,0,0.09861758298939094,,0,0,0
annex,random,5381,scenario,hash,0,10,10,True,2786.581225501188,278.6581225501188,10267.90612750594,115,108,10,0,0.28081429199664854,,19,3,0
annex,random,5381,scenario_future,hash,0,10,10,True,2786.581225501188,278.6581225501188,10267.90612750594,115,108,10,0,0.30013787499046884,,19,3,0
annex,random,5382,future_cover,hash,0,13,13,True,2826.865975051729,217.451228850133,10649.329875258645,106,102,13,0,0.11314291600137949,,0,0,0
annex,random,5382,scenario,hash,0,13,13,True,3180.0261213776516,244.61739395212706,12340.130606888259,109,102,13,0,0.28892995801288635,,16,4,0
annex,random,5382,scenario_future,hash,0,13,13,True,3180.0261213776516,244.61739395212706,12340.130606888259,109,102,13,0,0.3190201249963138,,16,4,0
annex,random,5383,future_cover,hash,0,13,13,True,2627.087068486249,202.08362065278837,8950.435342431245,130,122,13,0,0.12562849998357706,,0,0,1
annex,random,5383,scenario,hash,0,13,13,True,2785.0956413242247,214.2381262557096,9665.478206621123,133,122,13,0,0.28332854199106805,,19,6,0
annex,random,5383,scenario_future,hash,0,13,13,True,2785.0956413242247,214.2381262557096,9665.478206621123,133,122,13,0,0.3049496669846121,,19,6,0
annex,random,5384,future_cover,hash,0,13,13,True,3378.1277428648746,259.855980220375,12690.638714324374,130,125,13,0,0.14966862500295974,,0,0,0
annex,random,5384,scenario,hash,0,13,13,True,3435.867468854889,264.29749760422226,13059.337344274445,128,119,13,0,0.35110254198662005,,22,4,0
annex,random,5384,scenario_future,hash,0,13,13,True,3435.867468854889,264.29749760422226,13059.337344274445,128,119,13,0,0.3984996250073891,,22,4,0
annex,random,5385,future_cover,hash,0,14,14,True,2820.2296774054585,201.44497695753276,10546.148387027291,108,101,14,0,0.14215083300950937,,0,0,1
annex,random,5385,scenario,hash,0,14,14,True,3000.7115163642193,214.33653688315852,11298.557581821096,113,106,14,0,0.44065695800236426,,25,3,0
annex,random,5385,scenario_future,hash,0,14,14,True,3000.7115163642193,214.33653688315852,11298.557581821096,113,106,14,0,0.5398554579878692,,25,3,1
annex,random,5386,future_cover,hash,0,12,12,True,3094.360664244291,257.86338868702427,11436.803321221456,125,122,12,0,0.13492524999310263,,0,0,0
annex,random,5386,scenario,hash,0,12,12,True,3250.2216918299687,270.85180765249737,12176.108459149844,127,120,12,0,0.4195029590046033,,22,5,0
annex,random,5386,scenario_future,hash,0,12,12,True,3250.2216918299687,270.85180765249737,12176.108459149844,127,120,12,0,0.46008320900727995,,22,5,0
annex,random,5387,future_cover,hash,0,14,14,True,3490.023506249112,249.287393303508,13200.11753124556,131,125,14,0,0.13585912497364916,,0,0,0
annex,random,5387,scenario,hash,0,14,14,True,3593.729593958113,256.69497099700806,13628.647969790565,134,128,14,0,0.37148112498107366,,23,8,0
annex,random,5387,scenario_future,hash,0,14,14,True,4047.290670367139,289.0921907405099,15936.453351835693,133,125,14,0,0.382837458018912,,22,8,1
annex,random,5388,future_cover,hash,0,15,15,True,3278.771837311723,218.58478915411487,12398.859186558615,121,119,15,0,0.19561541700386442,,0,0,0
annex,random,5388,scenario,hash,0,15,15,True,3462.120851483137,230.80805676554246,13120.604257415685,129,118,15,0,0.4036252080113627,,21,8,0
annex,random,5388,scenario_future,hash,0,15,15,True,3462.120851483137,230.80805676554246,13120.604257415685,129,118,15,0,0.4515791659941897,,21,8,0
annex,random,5389,future_cover,hash,0,14,14,True,3253.7381093119793,232.40986495085568,12248.690546559896,123,119,14,0,0.1704113750020042,,0,0,0
annex,random,5389,scenario,hash,0,14,14,True,3324.956820342958,237.49691573878272,12754.784101714791,118,114,14,0,0.32363291599904187,,22,5,0
annex,random,5389,scenario_future,hash,0,14,14,True,3324.956820342958,237.49691573878272,12754.784101714791,118,114,14,0,0.37767816698760726,,22,5,0
annex,random,5390,future_cover,hash,0,10,10,True,2654.3322152788323,265.43322152788323,9321.66107639416,124,120,10,0,0.08145220798905939,,0,0,0
annex,random,5390,scenario,hash,0,10,10,True,2689.072578463218,268.90725784632184,9360.36289231609,129,122,10,0,0.2981425410252996,,19,5,0
annex,random,5390,scenario_future,hash,0,10,10,True,2689.072578463218,268.90725784632184,9360.36289231609,129,122,10,0,0.39372837499831803,,19,5,0
annex,random,5391,future_cover,hash,0,15,15,True,3246.8135697916105,216.45423798610736,12084.067848958053,127,120,15,0,0.159858750004787,,0,0,0
annex,random,5391,scenario,hash,0,15,15,True,3427.554959527203,228.50366396848023,13287.774797636015,117,110,15,0,0.38039954198757187,,29,6,0
annex,random,5391,scenario_future,hash,0,15,15,True,3427.554959527203,228.50366396848023,13287.774797636015,117,110,15,0,0.4339107500272803,,29,6,0
annex,random,5392,future_cover,hash,0,13,13,True,2990.327027480246,230.02515596001894,11266.63513740123,113,107,13,0,0.15823283398640342,,0,0,0
annex,random,5392,scenario,hash,0,13,13,True,3046.256095667574,234.32739197442876,11651.280478337869,110,101,13,0,0.3468271250021644,,24,6,0
annex,random,5392,scenario_future,hash,0,13,13,True,3046.256095667574,234.32739197442876,11651.280478337869,110,101,13,0,0.39313962499727495,,24,6,0
annex,random,5393,future_cover,hash,0,11,11,True,2965.1274336336496,269.55703942124086,10900.637168168249,123,115,11,0,0.08556454197969288,,0,0,0
annex,random,5393,scenario,hash,0,11,11,True,3091.5360269183957,281.0487297198542,11417.68013459198,127,118,11,0,0.3019125410064589,,21,6,0
annex,random,5393,scenario_future,hash,0,11,11,True,3091.5360269183957,281.0487297198542,11417.68013459198,127,118,11,0,0.3266627080156468,,21,6,1
annex,random,5394,future_cover,hash,0,12,12,True,2855.153725501496,237.92947712512466,10150.76862750748,128,125,12,0,0.13532604201463982,,0,0,0
annex,random,5394,scenario,hash,0,12,12,True,2838.6069946362886,236.55058288635738,10383.034973181442,118,112,12,0,0.3100695419998374,,15,8,0
annex,random,5394,scenario_future,hash,0,12,12,True,2838.6069946362886,236.55058288635738,10383.034973181442,118,112,12,0,0.35375974999624304,,15,8,0
annex,random,5395,future_cover,hash,0,11,11,True,3074.237974646415,279.47617951331046,11311.189873232073,127,122,11,0,0.07429970899829641,,0,0,0
annex,random,5395,scenario,hash,0,11,11,True,3095.6116480094074,281.41924072812793,11368.058240047038,129,122,11,0,0.29282908301684074,,21,3,0
annex,random,5395,scenario_future,hash,0,11,11,True,3095.6116480094074,281.41924072812793,11368.058240047038,129,122,11,0,0.3202238339872565,,21,3,0
annex,random,5396,future_cover,hash,0,16,16,True,3054.7197363130604,190.91998351956627,11553.598681565301,112,104,16,0,0.15708054098649882,,0,0,2
annex,random,5396,scenario,hash,0,16,16,True,3545.3738638666046,221.58586649166278,14131.869319333022,108,99,16,0,0.43326529100886546,,25,7,0
annex,random,5396,scenario_future,hash,0,16,16,True,3395.1286613184357,212.19554133240223,13285.643306592177,111,103,16,0,0.6122138749924488,,24,4,2
annex,random,5397,future_cover,hash,0,16,16,True,2933.292820910426,183.33080130690163,11121.464104552131,106,99,16,0,0.17924450000282377,,0,0,0
annex,random,5397,scenario,hash,0,16,16,True,3174.6965017013035,198.41853135633147,11988.482508506519,118,107,16,0,0.37555462500313297,,17,8,0
annex,random,5397,scenario_future,hash,0,16,16,True,3174.6965017013035,198.41853135633147,11988.482508506519,118,107,16,0,0.38151916599599645,,17,8,0
annex,random,5398,future_cover,hash,0,16,16,True,3238.699401080361,202.41871256752256,12393.497005401805,114,110,16,0,0.14379724999889731,,0,0,0
annex,random,5398,scenario,hash,0,16,16,True,3326.6321100848154,207.91450688030096,13063.160550424076,107,99,16,0,0.3228210420056712,,12,8,0
annex,random,5398,scenario_future,hash,0,16,16,True,3326.6321100848154,207.91450688030096,13063.160550424076,107,99,16,0,0.4206851250200998,,12,8,0
annex,random,5399,future_cover,hash,0,15,15,True,3750.6310845403545,250.04207230269031,14353.155422701773,135,130,15,0,0.1474697919911705,,0,0,0
annex,random,5399,scenario,hash,0,15,15,True,3744.2773324692234,249.61848883128155,14851.386662346118,118,109,15,0,0.367988250014605,,28,7,0
annex,random,5399,scenario_future,hash,0,15,15,True,3744.2773324692234,249.61848883128155,14851.386662346118,118,109,15,0,0.40714183400268666,,28,7,0
