profile,kind,seed,mode,noise,repeat,true_sources,cleared,success,virtual_seconds,seconds_per_source,movement_metres,detects,switches,optical_attempts,failed_clears,local_runtime_seconds,scenario_decisions,changed_first_actions,accepted_future_plans,error
annex,random,5000,future_cover,hash,0,13,13,True,2818.204557869397,216.7849659899536,9896.022789346986,130,124,13,0,0.08504016700317152,0,0,0,
annex,random,5000,scenario,hash,0,13,13,True,2871.976753018082,220.9212886936986,10219.88376509041,128,123,13,0,0.2594105000025593,24,5,0,
annex,random,5000,scenario_future,hash,0,13,13,True,2871.976753018082,220.9212886936986,10219.88376509041,128,123,13,0,0.2998213749960996,24,5,0,
annex,random,5001,future_cover,hash,0,10,10,True,2788.017772489814,278.8017772489814,9900.088862449069,127,123,10,0,0.07919795898487791,0,0,0,
annex,random,5001,scenario,hash,0,10,10,True,2861.762950121498,286.1762950121498,10043.81475060749,135,128,10,0,0.2136150829901453,18,3,0,
annex,random,5001,scenario_future,hash,0,10,10,True,2861.762950121498,286.1762950121498,10043.81475060749,135,128,10,0,0.2415390839742031,18,3,0,
annex,random,5002,future_cover,hash,0,14,14,True,3519.876907137005,251.41977908121467,13434.384535685027,129,118,14,0,0.09272204199805856,0,0,0,
annex,random,5002,scenario,hash,0,14,14,True,3396.399727964807,242.5999805689148,12801.998639824034,129,121,14,0,0.2505866249848623,25,4,0,
annex,random,5002,scenario_future,hash,0,14,14,True,3396.399727964807,242.5999805689148,12801.998639824034,129,121,14,0,0.2758206670114305,25,4,0,
annex,random,5003,future_cover,hash,0,11,11,True,2742.463040940803,249.31482190370934,9742.315204704013,124,119,11,0,0.07705408299807459,0,0,0,
annex,random,5003,scenario,hash,0,11,11,True,2814.026969586631,255.82063359878464,10075.134847933155,125,119,11,0,0.20565695798723027,17,5,0,
annex,random,5003,scenario_future,hash,0,11,11,True,2814.026969586631,255.82063359878464,10075.134847933155,125,119,11,0,0.2315770419954788,17,5,0,
annex,random,5004,future_cover,hash,0,10,10,True,2774.493934388297,277.4493934388297,10142.469671941486,117,111,10,0,0.08389529099804349,0,0,0,
annex,random,5004,scenario,hash,0,10,10,True,2944.4065273826636,294.44065273826635,10992.032636913318,117,111,10,0,0.2341712090128567,17,3,0,
annex,random,5004,scenario_future,hash,0,10,10,True,2944.4065273826636,294.44065273826635,10992.032636913318,117,111,10,0,0.261261583014857,17,3,0,
annex,random,5005,future_cover,hash,0,15,15,True,3418.665858218491,227.91105721456606,13353.329291092454,113,108,15,0,0.13855875001172535,0,0,0,
annex,random,5005,scenario,hash,0,15,15,True,3530.1319241098618,235.3421282739908,14115.659620549308,107,97,15,0,0.3171473339898512,23,6,0,
annex,random,5005,scenario_future,hash,0,15,15,True,3530.1319241098618,235.3421282739908,14115.659620549308,107,97,15,0,0.3533262909913901,23,6,0,
annex,random,5006,future_cover,hash,0,11,11,True,2942.205573540895,267.47323395826317,10796.027867704473,122,118,11,0,0.06901795900193974,0,0,0,
annex,random,5006,scenario,hash,0,11,11,True,2926.3536985291107,266.03215441173734,10751.768492645553,121,116,11,0,0.16814708299352787,14,6,0,
annex,random,5006,scenario_future,hash,0,11,11,True,2926.3536985291107,266.03215441173734,10751.768492645553,121,116,11,0,0.1820702500117477,14,6,0,
annex,random,5007,future_cover,hash,0,13,13,True,3370.4704556780607,259.2669581290816,12987.352278390304,119,113,13,0,0.10056329201324843,0,0,0,
annex,random,5007,scenario,hash,0,13,13,True,3493.3437316823624,268.71874859095095,13436.718658411812,125,116,13,0,0.2645391669939272,26,6,0,
annex,random,5007,scenario_future,hash,0,13,13,True,3493.3437316823624,268.71874859095095,13436.718658411812,125,116,13,0,0.2941659579810221,26,6,0,
annex,random,5008,future_cover,hash,0,15,15,True,3527.9228766898677,235.19485844599117,13599.614383449338,123,118,15,0,0.12780225000460632,0,0,0,
annex,random,5008,scenario,hash,0,15,15,True,3613.3923973113233,240.89282648742156,14386.961986556616,111,106,15,0,0.32343433299683966,25,8,0,
annex,random,5008,scenario_future,hash,0,15,15,True,3613.3923973113233,240.89282648742156,14386.961986556616,111,106,15,0,0.35813787500956096,25,8,0,
annex,random,5009,future_cover,hash,0,12,12,True,3090.9262692934294,257.5771891077858,11309.631346467148,129,124,12,0,0.08716283401008695,0,0,0,
annex,random,5009,scenario,hash,0,12,12,True,3111.81738725295,259.3181156044125,11504.08693626475,127,116,12,0,0.20599333400605246,20,3,0,
annex,random,5009,scenario_future,hash,0,12,12,True,3111.81738725295,259.3181156044125,11504.08693626475,127,116,12,0,0.22057529099402018,20,3,0,
annex,random,5010,future_cover,hash,0,11,11,True,2738.0897152934535,248.91724684485942,9530.448576467268,130,127,11,0,0.08843245901516639,0,0,0,
annex,random,5010,scenario,hash,0,11,11,True,2888.717471193965,262.6106791994514,10128.587355969825,136,128,11,0,0.19427450001239777,17,6,0,
annex,random,5010,scenario_future,hash,0,11,11,True,2888.717471193965,262.6106791994514,10128.587355969825,136,128,11,0,0.22713879201910459,17,6,1,
annex,random,5011,future_cover,hash,0,10,10,True,2768.1528667808298,276.815286678083,10050.764333904148,119,113,10,0,0.06464112500543706,0,0,1,
annex,random,5011,scenario,hash,0,10,10,True,2826.3675438954742,282.63675438954743,10131.837719477371,126,120,10,0,0.1560154169856105,15,4,0,
annex,random,5011,scenario_future,hash,0,10,10,True,2826.337162241633,282.6337162241633,10131.685811208165,126,120,10,0,0.17875916699995287,15,3,8,
annex,random,5012,future_cover,hash,0,11,11,True,2977.6140605052124,270.69218731865567,10978.070302526061,122,117,11,0,0.07459729199763387,0,0,0,
annex,random,5012,scenario,hash,0,11,11,True,2935.894952455794,266.8995411323449,10964.47476227897,116,108,11,0,0.2050114999874495,16,4,0,
annex,random,5012,scenario_future,hash,0,11,11,True,2935.894952455794,266.8995411323449,10964.47476227897,116,108,11,0,0.21874129099887796,16,4,0,
annex,random,5013,future_cover,hash,0,11,11,True,3266.7344099158645,296.9758554468968,12388.672049579323,123,119,11,0,0.059210000006714836,0,0,0,
annex,random,5013,scenario,hash,0,11,11,True,3282.926314897181,298.44784680883464,12574.631574485904,120,113,11,0,0.23216387501452118,23,5,0,
annex,random,5013,scenario_future,hash,0,11,11,True,3282.926314897181,298.44784680883464,12574.631574485904,120,113,11,0,0.24886658397736028,23,5,0,
annex,random,5014,future_cover,hash,0,13,13,True,2904.1249153106373,223.3942242546644,10685.624576553188,118,112,13,0,0.08366375000332482,0,0,0,
annex,random,5014,scenario,hash,0,13,13,True,3090.6885008690147,237.74526929761652,11913.442504345074,108,103,13,0,0.19631670901435427,22,6,0,
annex,random,5014,scenario_future,hash,0,13,13,True,3090.6885008690147,237.74526929761652,11913.442504345074,108,103,13,0,0.21604208298958838,22,6,0,
annex,random,5015,future_cover,hash,0,16,16,True,3108.4216421627493,194.27635263517183,11722.108210813747,115,109,16,0,0.12036287499358878,0,0,0,
annex,random,5015,scenario,hash,0,16,16,True,3459.2335113933514,216.20209446208446,13691.167556966757,108,101,16,0,0.25597349999588914,18,8,0,
annex,random,5015,scenario_future,hash,0,16,16,True,3459.2335113933514,216.20209446208446,13691.167556966757,108,101,16,0,0.32479187499848194,18,8,0,
annex,random,5016,future_cover,hash,0,14,14,True,3142.112291368812,224.4365922406294,11960.56145684406,114,110,14,0,0.11971295898547396,0,0,0,
annex,random,5016,scenario,hash,0,14,14,True,3589.726089076075,256.4090063625768,14318.630445380375,110,106,14,0,0.20992191700497642,15,8,0,
annex,random,5016,scenario_future,hash,0,14,14,True,3589.726089076075,256.4090063625768,14318.630445380375,110,106,14,0,0.27188737501273863,15,8,0,
annex,random,5017,future_cover,hash,0,10,10,True,2747.191410430624,274.7191410430624,9865.957052153119,122,114,10,0,0.05727566601126455,0,0,0,
annex,random,5017,scenario,hash,0,10,10,True,2827.2072993687284,282.72072993687283,10206.036496843642,124,116,10,0,0.16224316699663177,16,4,0,
annex,random,5017,scenario_future,hash,0,10,10,True,2827.2072993687284,282.72072993687283,10206.036496843642,124,116,10,0,0.1690214999835007,16,4,0,
annex,random,5018,future_cover,hash,0,13,13,True,3603.181452974355,277.16780407495037,13830.907264871776,129,127,13,0,0.09383887500735,0,0,0,
annex,random,5018,scenario,hash,0,13,13,True,3492.753195424097,268.67332272493053,13483.765977120485,123,116,13,0,0.25858837499981746,24,5,0,
annex,random,5018,scenario_future,hash,0,13,13,True,3492.753195424097,268.67332272493053,13483.765977120485,123,116,13,0,0.2892568749957718,24,5,0,
annex,random,5019,future_cover,hash,0,12,12,True,2904.629975901391,242.0524979917826,10468.149879506955,126,121,12,0,0.09872875001747161,0,0,0,
annex,random,5019,scenario,hash,0,12,12,True,2956.305850239116,246.35882085325966,10721.52925119558,126,122,12,0,0.2645502910017967,20,4,0,
annex,random,5019,scenario_future,hash,0,12,12,True,2956.305850239116,246.35882085325966,10721.52925119558,126,122,12,0,0.2929112499987241,20,4,0,
annex,random,5020,future_cover,hash,0,13,13,True,3175.9000225005243,244.30000173080956,11884.500112502621,124,114,13,0,0.09010100000887178,0,0,0,
annex,random,5020,scenario,hash,0,13,13,True,3206.75872745419,246.67374826570693,11933.79363727095,127,120,13,0,0.21465108398115262,11,8,0,
annex,random,5020,scenario_future,hash,0,13,13,True,3206.75872745419,246.67374826570693,11933.79363727095,127,120,13,0,0.24110741700860672,11,8,0,
annex,random,5021,future_cover,hash,0,12,12,True,2955.5497881047877,246.29581567539898,11057.74894052394,115,109,12,0,0.0764454579912126,0,0,0,
annex,random,5021,scenario,hash,0,12,12,True,2972.761856401176,247.73015470009798,11043.80928200588,119,109,12,0,0.2350314169889316,22,3,0,
annex,random,5021,scenario_future,hash,0,12,12,True,2972.761856401176,247.73015470009798,11043.80928200588,119,109,12,0,0.25587479199748486,22,3,0,
annex,random,5022,future_cover,hash,0,11,11,True,2947.9719794889306,267.9974526808119,10764.859897444652,124,120,11,0,0.0717682089889422,0,0,0,
annex,random,5022,scenario,hash,0,11,11,True,3069.3026501376753,279.02751364887956,11336.513250688377,126,117,11,0,0.24688216700451449,21,6,0,
annex,random,5022,scenario_future,hash,0,11,11,True,3069.3026501376753,279.02751364887956,11336.513250688377,126,117,11,0,0.2682100410165731,21,6,0,
annex,random,5023,future_cover,hash,0,11,11,True,2867.7919282470675,260.7083571133698,10338.959641235337,125,120,11,0,0.06745850000879727,0,0,0,
annex,random,5023,scenario,hash,0,11,11,True,2905.5770014767977,264.14336377061795,10357.88500738399,131,124,11,0,0.18100325000705197,16,6,0,
annex,random,5023,scenario_future,hash,0,11,11,True,2905.5770014767977,264.14336377061795,10357.88500738399,131,124,11,0,0.19028449998586439,16,6,0,
annex,random,5024,future_cover,hash,0,10,10,True,2879.7293222952276,287.97293222952277,10538.646611476139,121,117,10,0,0.061499624978750944,0,0,0,
annex,random,5024,scenario,hash,0,10,10,True,2893.647834632126,289.3647834632126,10613.23917316063,121,116,10,0,0.2212224579998292,21,4,0,
annex,random,5024,scenario_future,hash,0,10,10,True,2893.647834632126,289.3647834632126,10613.23917316063,121,116,10,0,0.2542937500111293,21,4,0,
annex,random,5025,future_cover,hash,0,16,16,True,3328.52386129788,208.0327413311175,12972.6193064894,110,104,16,0,0.1268667089752853,0,0,0,
annex,random,5025,scenario,hash,0,16,16,True,3465.123697704494,216.57023110653088,13110.61848852247,129,118,16,0,0.283133666991489,16,8,0,
annex,random,5025,scenario_future,hash,0,16,16,True,3465.123697704494,216.57023110653088,13110.61848852247,129,118,16,0,0.3139203750179149,16,8,0,
annex,random,5026,future_cover,hash,0,10,10,True,2950.4510622377675,295.04510622377677,10742.255311188837,126,122,10,0,0.07477558401296847,0,0,0,
annex,random,5026,scenario,hash,0,10,10,True,3278.7878859216407,327.8787885921641,12338.939429608205,128,121,10,0,0.19760687497910112,16,4,0,
annex,random,5026,scenario_future,hash,0,10,10,True,3278.7878859216407,327.8787885921641,12338.939429608205,128,121,10,0,0.2089768330042716,16,4,0,
annex,random,5027,future_cover,hash,0,14,14,True,2910.132358041959,207.86659700299705,10770.661790209795,115,111,14,0,0.10127524999552406,0,0,0,
annex,random,5027,scenario,hash,0,14,14,True,2933.0981585544723,209.50701132531944,10890.490792772362,115,110,14,0,0.254822916991543,22,4,0,
annex,random,5027,scenario_future,hash,0,14,14,True,2933.0981585544723,209.50701132531944,10890.490792772362,115,110,14,0,0.288398042001063,22,4,0,
annex,random,5028,future_cover,hash,0,14,14,True,3456.021172707654,246.85865519340385,12665.105863538269,143,138,14,0,0.15909574998659082,0,0,3,
annex,random,5028,scenario,hash,0,14,14,True,3568.8736025583103,254.9195430398793,12909.36801279155,154,147,14,0,0.3192720419901889,20,8,0,
annex,random,5028,scenario_future,hash,0,14,14,True,3545.90371212538,253.27883658038428,12614.5185606269,160,153,14,0,0.39117720801732503,20,8,3,
annex,random,5029,future_cover,hash,0,13,13,True,3091.7419184104447,237.82630141618804,11073.709592052224,136,132,13,0,0.0734375000174623,0,0,0,
annex,random,5029,scenario,hash,0,13,13,True,3277.391950330065,252.10707310231268,11991.959751650325,137,129,13,0,0.24583512500976212,24,7,0,
annex,random,5029,scenario_future,hash,0,13,13,True,3277.391950330065,252.10707310231268,11991.959751650325,137,129,13,0,0.26613499998347834,24,7,0,
annex,random,5030,future_cover,hash,0,14,14,True,3181.873123922879,227.27665170877708,11614.365619614395,132,129,14,0,0.0848866669985,0,0,0,
annex,random,5030,scenario,hash,0,14,14,True,3214.4405621801857,229.60289729858468,12192.202810900928,118,116,14,0,0.24644245899980888,25,5,0,
annex,random,5030,scenario_future,hash,0,14,14,True,3214.4405621801857,229.60289729858468,12192.202810900928,118,116,14,0,0.28099787497194484,25,5,0,
annex,random,5031,future_cover,hash,0,16,16,True,3066.131904933848,191.6332440583655,11920.65952466924,101,97,16,0,0.12111625002580695,0,0,0,
annex,random,5031,scenario,hash,0,16,16,True,3105.3124336046258,194.0820271002891,12236.562168023129,97,93,16,0,0.41588725001201965,25,6,0,
annex,random,5031,scenario_future,hash,0,16,16,True,3105.3124336046258,194.0820271002891,12236.562168023129,97,93,16,0,0.47126016701804474,25,6,0,
annex,random,5032,future_cover,hash,0,16,16,True,2836.4562083711944,177.27851302319965,10717.281041855973,103,98,16,0,0.21058400001493283,0,0,0,
annex,random,5032,scenario,hash,0,16,16,True,3441.2792502509656,215.07995314068535,13321.396251254828,118,107,16,0,0.22425466700224206,10,8,0,
annex,random,5032,scenario_future,hash,0,16,16,True,3441.2792502509656,215.07995314068535,13321.396251254828,118,107,16,0,0.3028719159774482,10,8,0,
annex,random,5033,future_cover,hash,0,16,16,True,2984.6948978957107,186.54343111848192,11203.474489478554,112,104,16,0,0.23400424999999814,0,0,0,
annex,random,5033,scenario,hash,0,16,16,True,3245.4619273261237,202.84137045788273,12887.309636630618,99,93,16,0,0.41637437499593943,23,7,0,
annex,random,5033,scenario_future,hash,0,16,16,True,3245.4619273261237,202.84137045788273,12887.309636630618,99,93,16,0,0.29810333301429637,23,7,0,
annex,random,5034,future_cover,hash,0,10,10,True,2747.304715772252,274.7304715772252,9631.52357886126,129,126,10,0,0.09434879099717364,0,0,0,
annex,random,5034,scenario,hash,0,10,10,True,2943.5392851120364,294.35392851120366,10327.696425560182,139,133,10,0,0.21783524999045767,18,7,0,
annex,random,5034,scenario_future,hash,0,10,10,True,2943.5392851120364,294.35392851120366,10327.696425560182,139,133,10,0,0.2606939999968745,18,7,0,
annex,random,5035,future_cover,hash,0,14,14,True,3478.8247088898297,248.4874792064164,13314.123544449149,126,116,14,0,0.10585008299676701,0,0,0,
annex,random,5035,scenario,hash,0,14,14,True,3524.7085713389233,251.76489795278025,13448.542856694616,129,120,14,0,0.29340287498780526,23,3,0,
annex,random,5035,scenario_future,hash,0,14,14,True,3524.7085713389233,251.76489795278025,13448.542856694616,129,120,14,0,0.3166317919967696,23,3,0,
annex,random,5036,future_cover,hash,0,11,11,True,3107.6215946360066,282.5110540578188,11753.107973180033,118,112,11,0,0.06814662500983104,0,0,0,
annex,random,5036,scenario,hash,0,11,11,True,3194.675761384203,290.4250692167457,12213.378806921015,117,112,11,0,0.26879491700674407,18,5,0,
annex,random,5036,scenario_future,hash,0,11,11,True,3194.675761384203,290.4250692167457,12213.378806921015,117,112,11,0,0.2832170409965329,18,5,0,
annex,random,5037,future_cover,hash,0,13,13,True,3267.238021020155,251.326001616935,12291.190105100775,125,119,13,0,0.06830154100316577,0,0,0,
annex,random,5037,scenario,hash,0,13,13,True,3388.7798517037872,260.6753732079836,12658.899258518937,133,127,13,0,0.2788154589943588,26,7,0,
annex,random,5037,scenario_future,hash,0,13,13,True,3388.7798517037872,260.6753732079836,12658.899258518937,133,127,13,0,0.29961829201783985,26,7,0,
annex,random,5038,future_cover,hash,0,11,11,True,3043.085449817164,276.6441318015604,11205.427249085818,126,117,11,0,0.05813083300017752,0,0,0,
annex,random,5038,scenario,hash,0,11,11,True,3226.9676647498663,293.3606967954424,12084.838323749333,127,120,11,0,0.2336275410198141,25,7,0,
annex,random,5038,scenario_future,hash,0,11,11,True,3226.9676647498663,293.3606967954424,12084.838323749333,127,120,11,0,0.2539183330081869,25,7,0,
annex,random,5039,future_cover,hash,0,16,16,True,2971.155213708999,185.69720085681243,11425.776068544994,102,96,16,0,0.10331949999090284,0,0,0,
annex,random,5039,scenario,hash,0,16,16,True,3283.5996455304075,205.22497784565047,13022.998227652039,101,94,16,0,0.31569554199813865,26,6,0,
annex,random,5039,scenario_future,hash,0,16,16,True,3283.5996455304075,205.22497784565047,13022.998227652039,101,94,16,0,0.3466586249996908,26,6,0,
annex,random,5040,future_cover,hash,0,12,12,True,3045.333184900911,253.77776540840924,11201.665924504556,125,120,12,0,0.07258541701594368,0,0,0,
annex,random,5040,scenario,hash,0,12,12,True,3160.1952146668723,263.34960122223936,11680.976073334361,129,119,12,0,0.2681596660113428,24,5,0,
annex,random,5040,scenario_future,hash,0,12,12,True,3160.1952146668723,263.34960122223936,11680.976073334361,129,119,12,0,0.29320562499924563,24,5,0,
annex,random,5041,future_cover,hash,0,15,15,True,3279.2548790425385,218.61699193616923,12476.274395212693,119,114,15,0,0.1478315420099534,0,0,0,
annex,random,5041,scenario,hash,0,15,15,True,3562.6466104838414,237.5097740322561,13738.233052419208,125,115,15,0,0.30011945799924433,23,7,0,
annex,random,5041,scenario_future,hash,0,15,15,True,3562.6466104838414,237.5097740322561,13738.233052419208,125,115,15,0,0.3580188339983579,23,7,0,
annex,random,5042,future_cover,hash,0,12,12,True,3172.0620048167675,264.3385004013973,11700.310024083838,129,127,12,0,0.07701174999237992,0,0,0,
annex,random,5042,scenario,hash,0,12,12,True,3290.3023744616703,274.19186453847254,12616.511872308352,119,112,12,0,0.3100633749854751,20,8,0,
annex,random,5042,scenario_future,hash,0,12,12,True,3290.3023744616703,274.19186453847254,12616.511872308352,119,112,12,0,0.3560782079875935,20,8,0,
annex,random,5043,future_cover,hash,0,14,14,True,3139.3986013877993,224.24275724198566,11796.993006938996,119,115,14,0,0.10116950000519864,0,0,1,
annex,random,5043,scenario,hash,0,14,14,True,3244.232720979189,231.73090864137063,12361.163604895944,118,112,14,0,0.26147920900257304,22,4,0,
annex,random,5043,scenario_future,hash,0,14,14,True,3220.5616766352387,230.04011975965992,12312.808383176192,116,108,14,0,0.26994183397619054,21,4,1,
annex,random,5044,future_cover,hash,0,10,10,True,3194.7726283847055,319.47726283847055,11588.863141923528,138,137,10,0,0.08278041699668393,0,0,0,
annex,random,5044,scenario,hash,0,10,10,True,3257.4833187043196,325.74833187043197,11807.416593521597,142,136,10,0,0.23170775000471622,21,6,0,
annex,random,5044,scenario_future,hash,0,10,10,True,3257.4833187043196,325.74833187043197,11807.416593521597,142,136,10,0,0.24909254198428243,21,6,0,
annex,random,5045,future_cover,hash,0,10,10,True,2839.715743150055,283.9715743150055,10058.578715750275,130,128,10,0,0.08700683299684897,0,0,12,
annex,random,5045,scenario,hash,0,10,10,True,2973.2251263341673,297.32251263341675,10396.125631670837,142,134,10,0,0.19894258299609646,18,7,0,
annex,random,5045,scenario_future,hash,0,10,10,True,2973.2251263341673,297.32251263341675,10396.125631670837,142,134,10,0,0.2159404580015689,18,7,0,
annex,random,5046,future_cover,hash,0,12,12,True,2785.8130218786982,232.1510851565582,10289.06510939349,112,108,12,0,0.09856458401191048,0,0,0,
annex,random,5046,scenario,hash,0,12,12,True,2861.2069556414813,238.43391297012343,10786.034778207406,108,104,12,0,0.24438395799370483,20,4,0,
annex,random,5046,scenario_future,hash,0,12,12,True,2861.2069556414813,238.43391297012343,10786.034778207406,108,104,12,0,0.27603087498573586,20,4,0,
annex,random,5047,future_cover,hash,0,11,11,True,3331.778987505125,302.88899886410223,12293.894937525623,137,133,11,0,0.0916395419917535,0,0,0,
annex,random,5047,scenario,hash,0,11,11,True,3188.873518983536,289.8975926348669,11904.36759491768,127,118,11,0,0.22076987498439848,19,7,0,
annex,random,5047,scenario_future,hash,0,11,11,True,3188.873518983536,289.8975926348669,11904.36759491768,127,118,11,0,0.23615616699680686,19,7,0,
annex,random,5048,future_cover,hash,0,12,12,True,2835.322198087819,236.27684984065158,10146.610990439094,125,121,12,0,0.07191008300287649,0,0,0,
annex,random,5048,scenario,hash,0,12,12,True,3018.067554469559,251.50562953912993,11190.337772347795,121,115,12,0,0.1885276669927407,16,6,0,
annex,random,5048,scenario_future,hash,0,12,12,True,3018.067554469559,251.50562953912993,11190.337772347795,121,115,12,0,0.1908309169812128,16,6,0,
annex,random,5049,future_cover,hash,0,16,16,True,2942.394482451236,183.89965515320225,11181.97241225618,105,101,16,0,0.11467199999606237,0,0,0,
annex,random,5049,scenario,hash,0,16,16,True,3227.0654369329195,201.69158980830747,12510.327184664597,109,100,16,0,0.30683808401227,23,5,0,
annex,random,5049,scenario_future,hash,0,16,16,True,3343.217252876846,208.95107830480288,13811.08626438423,85,76,16,0,0.32420220799394883,15,8,1,
annex,random,5050,future_cover,hash,0,14,14,True,3032.940375524714,216.63859825176527,11119.70187762357,124,119,14,0,0.09149387499201111,0,0,0,
annex,random,5050,scenario,hash,0,14,14,True,3057.3544256525265,218.38245897518047,11716.772128262632,108,104,14,0,0.27073325001401827,19,8,0,
annex,random,5050,scenario_future,hash,0,14,14,True,3057.3544256525265,218.38245897518047,11716.772128262632,108,104,14,0,0.30547749999095686,19,8,0,
annex,random,5051,future_cover,hash,0,10,10,True,2896.5035057660643,289.65035057660646,10262.517528830322,133,129,10,0,0.08364712502225302,0,0,4,
annex,random,5051,scenario,hash,0,10,10,True,3141.3110984867626,314.13110984867626,11541.555492433814,132,123,10,0,0.2977708749822341,22,4,0,
annex,random,5051,scenario_future,hash,0,10,10,True,3141.3110984867626,314.13110984867626,11541.555492433814,132,123,10,0,0.35661812499165535,22,4,0,
annex,random,5052,future_cover,hash,0,15,15,True,3468.0497674637386,231.2033178309159,13125.248837318693,129,123,15,0,0.12017941699014045,0,0,0,
annex,random,5052,scenario,hash,0,15,15,True,3587.4233803084285,239.16155868722856,13422.116901542142,139,133,15,0,0.5236404590250459,13,8,0,
annex,random,5052,scenario_future,hash,0,15,15,True,3587.4233803084285,239.16155868722856,13422.116901542142,139,133,15,0,0.49407279200386256,13,8,0,
annex,random,5053,future_cover,hash,0,11,11,True,3301.3049013813825,300.1186273983075,12526.524506906913,124,121,11,0,0.1351178750046529,0,0,0,
annex,random,5053,scenario,hash,0,11,11,True,3410.0724879140726,310.00658981037026,12980.362439570363,128,119,11,0,0.5012410409981385,20,8,0,
annex,random,5053,scenario_future,hash,0,11,11,True,3410.0724879140726,310.00658981037026,12980.362439570363,128,119,11,0,0.6019045419816393,20,8,0,
annex,random,5054,future_cover,hash,0,13,13,True,2854.2782183418653,219.55986294937426,10781.391091709327,106,103,13,0,0.15034845902118832,0,0,0,
annex,random,5054,scenario,hash,0,13,13,True,2908.670312212947,223.7438701702267,10998.351561064736,108,104,13,0,0.4119139999966137,18,1,0,
annex,random,5054,scenario_future,hash,0,13,13,True,2908.670312212947,223.7438701702267,10998.351561064736,108,104,13,0,0.4629191670101136,18,1,0,
annex,random,5055,future_cover,hash,0,13,13,True,2841.7381606563263,218.5952431274097,10238.690803281632,122,119,13,0,0.17825404097675346,0,0,0,
annex,random,5055,scenario,hash,0,13,13,True,2926.6612906205964,225.12779158619972,10733.306453102983,120,115,13,0,0.6068318329926115,20,8,0,
annex,random,5055,scenario_future,hash,0,13,13,True,2926.6612906205964,225.12779158619972,10733.306453102983,120,115,13,0,0.6568820830143522,20,8,0,
annex,random,5056,future_cover,hash,0,14,14,True,3256.753566674227,232.62525476244477,11983.767833371134,132,130,14,0,0.15177175001008436,0,0,0,
annex,random,5056,scenario,hash,0,14,14,True,3296.0835507501993,235.43453933929996,12020.417753750997,139,127,14,0,0.5005462919943966,28,3,0,
annex,random,5056,scenario_future,hash,0,14,14,True,3296.0835507501993,235.43453933929996,12020.417753750997,139,127,14,0,0.5681022090138867,28,3,0,
annex,random,5057,future_cover,hash,0,10,10,True,2906.4703185807475,290.64703185807474,10607.351592903737,123,120,10,0,0.09636320799472742,0,0,0,
annex,random,5057,scenario,hash,0,10,10,True,3074.3176934685516,307.43176934685516,11571.588467342759,119,115,10,0,0.28476675000274554,18,3,0,
annex,random,5057,scenario_future,hash,0,10,10,True,3074.3176934685516,307.43176934685516,11571.588467342759,119,115,10,0,0.27555150000262074,18,3,0,
annex,random,5058,future_cover,hash,0,15,15,True,3086.1609016364373,205.7440601090958,11370.804508182186,124,117,15,0,0.11134804200264625,0,0,4,
annex,random,5058,scenario,hash,0,15,15,True,3221.951171997426,214.79674479982842,12144.755859987132,121,113,15,0,0.2980488329776563,23,7,0,
annex,random,5058,scenario_future,hash,0,15,15,True,3098.2603771235454,206.55069180823637,11481.301885617726,122,117,15,0,0.3056451250158716,21,7,2,
annex,random,5059,future_cover,hash,0,16,16,True,3530.0889674598484,220.63056046624052,13965.444837299241,111,102,16,0,0.14800995800760575,0,0,0,
annex,random,5059,scenario,hash,0,16,16,True,3601.807459812261,225.11296623826632,14014.037299061307,122,109,16,0,0.4260223340243101,29,7,0,
annex,random,5059,scenario_future,hash,0,16,16,True,3601.807459812261,225.11296623826632,14014.037299061307,122,109,16,0,0.49655379200703464,29,7,0,
annex,random,5060,future_cover,hash,0,11,11,True,3200.926304433519,290.99330040304716,11814.631522167594,131,128,11,0,0.0985386669926811,0,0,0,
annex,random,5060,scenario,hash,0,11,11,True,3271.3540999131237,297.39582726482945,12066.770499565619,135,128,11,0,0.2647031669912394,19,3,0,
annex,random,5060,scenario_future,hash,0,11,11,True,3271.3540999131237,297.39582726482945,12066.770499565619,135,128,11,0,0.26349574999767356,19,3,0,
annex,random,5061,future_cover,hash,0,11,11,True,3164.1531562912705,287.65028693557,11615.765781456354,132,126,11,0,0.08088658298947848,0,0,0,
annex,random,5061,scenario,hash,0,11,11,True,3030.7648387751797,275.52407625228903,11028.824193875898,129,125,11,0,0.2599785409984179,21,7,0,
annex,random,5061,scenario_future,hash,0,11,11,True,3030.7648387751797,275.52407625228903,11028.824193875898,129,125,11,0,0.2626269579923246,21,7,0,
annex,random,5062,future_cover,hash,0,15,15,True,3171.542444283949,211.43616295226326,11512.712221419744,133,129,15,0,0.12238708400400355,0,0,0,
annex,random,5062,scenario,hash,0,15,15,True,3293.766458385347,219.58443055902313,12218.832291926736,131,120,15,0,0.27493391701136716,22,8,0,
annex,random,5062,scenario_future,hash,0,15,15,True,3293.766458385347,219.58443055902313,12218.832291926736,131,120,15,0,0.3316867919929791,22,8,0,
annex,random,5063,future_cover,hash,0,16,16,True,3245.822632888866,202.86391455555412,12369.11316444433,116,112,16,0,0.12895262500387616,0,0,2,
annex,random,5063,scenario,hash,0,16,16,True,3281.7269182243754,205.10793238902346,12353.634591121876,123,116,16,0,0.3230175420176238,23,7,0,
annex,random,5063,scenario_future,hash,0,16,16,True,3282.5614126498103,205.16008829061315,12357.80706324905,123,116,16,0,0.37278370797866955,23,7,2,
annex,random,5064,future_cover,hash,0,13,13,True,3402.0339112080155,261.69491624677045,12965.169556040077,125,119,13,0,0.09252783298143186,0,0,0,
annex,random,5064,scenario,hash,0,13,13,True,3539.8449225429067,272.2957632725313,13519.224612714534,130,121,13,0,0.2992207499919459,18,8,0,
annex,random,5064,scenario_future,hash,0,13,13,True,3539.8449225429067,272.2957632725313,13519.224612714534,130,121,13,0,0.3114396670134738,18,8,0,
annex,random,5065,future_cover,hash,0,13,13,True,3249.5311994705526,249.96393842081173,12337.655997352762,120,117,13,0,0.11503899999661371,0,0,0,
annex,random,5065,scenario,hash,0,13,13,True,3337.9556254070158,256.7658173390012,12909.778127035079,116,111,13,0,0.2828504169883672,25,7,0,
annex,random,5065,scenario_future,hash,0,13,13,True,3337.9556254070158,256.7658173390012,12909.778127035079,116,111,13,0,0.33209183299914,25,7,2,
annex,random,5066,future_cover,hash,0,14,14,True,2816.771389650994,201.19795640364242,10203.85694825497,118,116,14,0,0.12101037500542589,0,0,0,
annex,random,5066,scenario,hash,0,14,14,True,2869.3229606757523,204.95164004826802,10346.614803378761,123,115,14,0,0.36393987500923686,21,8,0,
annex,random,5066,scenario_future,hash,0,14,14,True,2869.3229606757523,204.95164004826802,10346.614803378761,123,115,14,0,0.41329991599195637,21,8,0,
annex,random,5067,future_cover,hash,0,12,12,True,2923.6187785083685,243.6348982090307,10548.093892541841,127,119,12,0,0.10571483400417492,0,0,0,
annex,random,5067,scenario,hash,0,12,12,True,2950.81889636991,245.9015746974925,10519.09448184955,133,122,12,0,0.29816149998805486,21,5,0,
annex,random,5067,scenario_future,hash,0,12,12,True,2950.81889636991,245.9015746974925,10519.09448184955,133,122,12,0,0.32890079097705893,21,5,0,
annex,random,5068,future_cover,hash,0,11,11,True,2860.1619916225036,260.0147265111367,10545.809958112517,117,111,11,0,0.092473999975482,0,0,0,
annex,random,5068,scenario,hash,0,11,11,True,3033.1950317351016,275.7450028850092,10760.975158675508,139,131,11,0,0.2550675419915933,19,4,0,
annex,random,5068,scenario_future,hash,0,11,11,True,3033.1950317351016,275.7450028850092,10760.975158675508,139,131,11,0,0.2844451669952832,19,4,1,
annex,random,5069,future_cover,hash,0,16,16,True,3559.0982099867642,222.44363812417276,14190.491049933822,108,101,16,0,0.13782350000110455,0,0,0,
annex,random,5069,scenario,hash,0,16,16,True,3666.827323124796,229.17670769529974,14809.136615623978,106,95,16,0,0.34300670798984356,26,7,0,
annex,random,5069,scenario_future,hash,0,16,16,True,3666.827323124796,229.17670769529974,14809.136615623978,106,95,16,0,0.39332699999795295,26,7,0,
annex,random,5070,future_cover,hash,0,15,15,True,3193.2205860710487,212.8813724047366,11651.102930355244,132,128,15,0,0.12276508298236877,0,0,0,
annex,random,5070,scenario,hash,0,15,15,True,3241.2601529948997,216.08401019965999,12181.300764974498,122,120,15,0,0.2483958340017125,14,8,0,
annex,random,5070,scenario_future,hash,0,15,15,True,3241.3818470036495,216.09212313357662,12181.909235018247,122,120,15,0,0.27841858300962485,14,8,1,
annex,random,5071,future_cover,hash,0,11,11,True,2946.5984394610095,267.8725854055463,10827.992197305048,122,116,11,0,0.20081275000120513,0,0,0,
annex,random,5071,scenario,hash,0,11,11,True,2894.44916040514,263.1317418550127,10632.2458020257,120,113,11,0,0.36099441698752344,22,3,0,
annex,random,5071,scenario_future,hash,0,11,11,True,2894.44916040514,263.1317418550127,10632.2458020257,120,113,11,0,0.2775779160147067,22,3,0,
annex,random,5072,future_cover,hash,0,13,13,True,2831.9656115810403,217.84350858315696,10134.828057905203,124,120,13,0,0.14984587498474866,0,0,0,
annex,random,5072,scenario,hash,0,13,13,True,2855.232324328146,219.6332557175497,10351.161621640731,121,115,13,0,0.37925166700733826,19,6,0,
annex,random,5072,scenario_future,hash,0,13,13,True,2855.232324328146,219.6332557175497,10351.161621640731,121,115,13,0,0.3799584579828661,19,6,0,
annex,random,5073,future_cover,hash,0,13,13,True,3253.1980313491954,250.24600241147658,11515.990156745976,148,145,13,0,0.16722099998150952,0,0,0,
annex,random,5073,scenario,hash,0,13,13,True,3264.897496755708,251.1459612889006,11699.48748377854,145,135,13,0,0.395526250009425,24,4,0,
annex,random,5073,scenario_future,hash,0,13,13,True,3264.897496755708,251.1459612889006,11699.48748377854,145,135,13,0,0.44948829198256135,24,4,0,
annex,random,5074,future_cover,hash,0,10,10,True,2539.9165459612623,253.99165459612624,8594.582729806312,129,126,10,0,0.1402931670018006,0,0,0,
annex,random,5074,scenario,hash,0,10,10,True,2592.0784091316755,259.20784091316756,8730.392045658376,134,126,10,0,0.44326795800589025,21,5,0,
annex,random,5074,scenario_future,hash,0,10,10,True,2592.0784091316755,259.20784091316756,8730.392045658376,134,126,10,0,0.4798146670218557,21,5,0,
annex,random,5075,future_cover,hash,0,13,13,True,2911.9091102563657,223.9930084812589,10559.545551281828,124,115,13,0,0.15804350000689737,0,0,0,
annex,random,5075,scenario,hash,0,13,13,True,3041.6478819599342,233.972913996918,11383.239409799671,118,110,13,0,0.3937460420129355,20,5,0,
annex,random,5075,scenario_future,hash,0,13,13,True,3041.6478819599342,233.972913996918,11383.239409799671,118,110,13,0,0.46605725001427345,20,5,0,
annex,random,5076,future_cover,hash,0,13,13,True,2920.1025591260363,224.62327377892586,11060.512795630182,108,103,13,0,0.16300125000998378,0,0,0,
annex,random,5076,scenario,hash,0,13,13,True,3114.303459830745,239.561804602365,12106.517299153726,106,98,13,0,0.40734141701250337,22,5,0,
annex,random,5076,scenario_future,hash,0,13,13,True,3114.303459830745,239.561804602365,12106.517299153726,106,98,13,0,0.4684221660136245,22,5,0,
annex,random,5077,future_cover,hash,0,10,10,True,2699.725733573031,269.9725733573031,9668.628667865154,120,116,10,0,0.10424941699602641,0,0,0,
annex,random,5077,scenario,hash,0,10,10,True,2898.067256418682,289.8067256418682,10260.33628209341,134,126,10,0,0.319071542005986,18,3,0,
annex,random,5077,scenario_future,hash,0,10,10,True,2898.067256418682,289.8067256418682,10260.33628209341,134,126,10,0,0.33900808400358073,18,3,0,
annex,random,5078,future_cover,hash,0,10,10,True,2584.0593668275956,258.40593668275955,9005.296834137978,123,118,10,0,0.10019525000825524,0,0,0,
annex,random,5078,scenario,hash,0,10,10,True,2711.466863090363,271.1466863090363,9767.334315451815,119,113,10,0,0.3211130419804249,18,3,0,
annex,random,5078,scenario_future,hash,0,10,10,True,2711.466863090363,271.1466863090363,9767.334315451815,119,113,10,0,0.3774448339827359,18,3,0,
annex,random,5079,future_cover,hash,0,12,12,True,3174.2543906434344,264.5211992202862,12106.271953217172,116,113,12,0,0.162099750014022,0,0,0,
annex,random,5079,scenario,hash,0,12,12,True,3185.8131109634105,265.48442591361754,12194.065554817053,115,112,12,0,0.435744042013539,22,4,0,
annex,random,5079,scenario_future,hash,0,12,12,True,3185.8131109634105,265.48442591361754,12194.065554817053,115,112,12,0,0.47072250000201166,22,4,0,
annex,random,5080,future_cover,hash,0,14,14,True,3220.2870656354926,230.02050468824947,12281.435328177464,117,109,14,0,0.13058587498380803,0,0,0,
annex,random,5080,scenario,hash,0,14,14,True,3340.0607916581084,238.57577083272204,13150.303958290542,108,100,14,0,0.5595750409993343,23,4,0,
annex,random,5080,scenario_future,hash,0,14,14,True,3340.0607916581084,238.57577083272204,13150.303958290542,108,100,14,0,0.627141583012417,23,4,0,
annex,random,5081,future_cover,hash,0,16,16,True,3030.5408971938464,189.4088060746154,11177.704485969232,120,115,16,0,0.1430111250083428,0,0,1,
annex,random,5081,scenario,hash,0,16,16,True,3156.412597272535,197.27578732953344,11642.062986362675,126,118,16,0,0.3990032500005327,24,5,0,
annex,random,5081,scenario_future,hash,0,16,16,True,3204.3051449628415,200.2690715601776,11916.525724814208,125,116,16,0,0.5021152500121389,24,6,1,
annex,random,5082,future_cover,hash,0,16,16,True,3329.1678303713898,208.07298939821186,12670.839151856948,120,115,16,0,0.17593441699864343,0,0,0,
annex,random,5082,scenario,hash,0,16,16,True,3485.7147492281383,217.85717182675864,13668.573746140692,113,107,16,0,0.3030394579982385,22,8,0,
annex,random,5082,scenario_future,hash,0,16,16,True,3485.7147492281383,217.85717182675864,13668.573746140692,113,107,16,0,0.346324292011559,22,8,0,
annex,random,5083,future_cover,hash,0,11,11,True,2803.9180926586896,254.9016447871536,10149.590463293449,121,114,11,0,0.11408225001650862,0,0,0,
annex,random,5083,scenario,hash,0,11,11,True,2806.3766598742172,255.1251508976561,10466.883299371086,111,103,11,0,0.22231991699663922,18,2,0,
annex,random,5083,scenario_future,hash,0,11,11,True,2806.3766598742172,255.1251508976561,10466.883299371086,111,103,11,0,0.26665645799948834,18,2,0,
annex,random,5084,future_cover,hash,0,13,13,True,3214.4594996073783,247.26611535441373,11717.297498036893,135,131,13,0,0.10743924998678267,0,0,1,
annex,random,5084,scenario,hash,0,13,13,True,3291.445768899309,253.1881360691776,12657.228844496543,117,110,13,0,0.2454676249762997,19,7,0,
annex,random,5084,scenario_future,hash,0,13,13,True,3291.445768899309,253.1881360691776,12657.228844496543,117,110,13,0,0.25407466699834913,19,7,0,
annex,random,5085,future_cover,hash,0,14,14,True,3094.7571884657955,221.05408489041398,11443.785942328977,123,121,14,0,0.1391973750141915,0,0,0,
annex,random,5085,scenario,hash,0,14,14,True,3229.4630974360234,230.67593553114452,12247.315487180118,119,115,14,0,0.34249191600247286,21,5,0,
annex,random,5085,scenario_future,hash,0,14,14,True,3229.4630974360234,230.67593553114452,12247.315487180118,119,115,14,0,0.3852245839952957,21,5,0,
annex,random,5086,future_cover,hash,0,11,11,True,2882.024552732169,262.0022320665608,10135.122763660846,134,130,11,0,0.09544466598890722,0,0,0,
annex,random,5086,scenario,hash,0,11,11,True,2914.659823490044,264.96907486273125,10428.29911745022,130,124,11,0,0.3132718339911662,21,7,0,
annex,random,5086,scenario_future,hash,0,11,11,True,2914.659823490044,264.96907486273125,10428.29911745022,130,124,11,0,0.3533150840085,21,7,0,
annex,random,5087,future_cover,hash,0,11,11,True,3005.966591910902,273.26969017371835,11069.83295955451,124,117,11,0,0.09568216701154597,0,0,0,
annex,random,5087,scenario,hash,0,11,11,True,3147.415121024046,286.12864736582236,11932.07560512023,119,111,11,0,0.30386233402532525,23,4,0,
annex,random,5087,scenario_future,hash,0,11,11,True,3147.415121024046,286.12864736582236,11932.07560512023,119,111,11,0,0.3378688749799039,23,4,0,
annex,random,5088,future_cover,hash,0,15,15,True,2975.9139908711454,198.39426605807637,10924.569954355728,121,111,15,0,0.1399907080049161,0,0,0,
annex,random,5088,scenario,hash,0,15,15,True,2963.898151057041,197.5932100704694,10984.490755285206,117,107,15,0,0.4066434589913115,24,6,0,
annex,random,5088,scenario_future,hash,0,15,15,True,2963.898151057041,197.5932100704694,10984.490755285206,117,107,15,0,0.4402932079974562,24,6,0,
annex,random,5089,future_cover,hash,0,10,10,True,2976.400546119566,297.6400546119566,10852.002730597831,127,121,10,0,0.13969491701573133,0,0,0,
annex,random,5089,scenario,hash,0,10,10,True,3024.20244000469,302.420244000469,11051.01220002345,129,119,10,0,0.47407783300150186,19,4,0,
annex,random,5089,scenario_future,hash,0,10,10,True,3024.20244000469,302.420244000469,11051.01220002345,129,119,10,0,0.49429758300539106,19,4,0,
annex,random,5090,future_cover,hash,0,13,13,True,3064.706435473637,235.74664888258746,11433.532177368186,119,118,13,0,0.15689070799271576,0,0,0,
annex,random,5090,scenario,hash,0,13,13,True,3158.05448459654,242.9272680458877,11765.2724229827,124,120,13,0,0.46944737501326017,22,4,0,
annex,random,5090,scenario_future,hash,0,13,13,True,3158.05448459654,242.9272680458877,11765.2724229827,124,120,13,0,0.5244237089937087,22,4,0,
annex,random,5091,future_cover,hash,0,11,11,True,2871.48694052219,261.0442673201991,10377.434702610948,124,121,11,0,0.1674585420114454,0,0,0,
annex,random,5091,scenario,hash,0,11,11,True,2857.657839064065,259.78707627855135,10218.289195320323,127,124,11,0,0.4768432500131894,16,3,0,
annex,random,5091,scenario_future,hash,0,11,11,True,2857.657839064065,259.78707627855135,10218.289195320323,127,124,11,0,0.5308955409855116,16,3,0,
annex,random,5092,future_cover,hash,0,12,12,True,3375.50669061292,281.29222421774335,12517.5334530646,136,132,12,0,0.18778766700415872,0,0,0,
annex,random,5092,scenario,hash,0,12,12,True,3512.1114324085065,292.6759527007089,13575.557162042533,124,117,12,0,0.4687807919981424,24,6,0,
annex,random,5092,scenario_future,hash,0,12,12,True,3512.1114324085065,292.6759527007089,13575.557162042533,124,117,12,0,0.5324564159964211,24,6,0,
annex,random,5093,future_cover,hash,0,12,12,True,2969.6167069481507,247.4680589123459,10793.083534740754,126,121,12,0,0.16590162500506267,0,0,0,
annex,random,5093,scenario,hash,0,12,12,True,3170.2229196128173,264.1852433010681,11901.114598064087,123,115,12,0,0.3585357499832753,20,7,0,
annex,random,5093,scenario_future,hash,0,12,12,True,3170.2229196128173,264.1852433010681,11901.114598064087,123,115,12,0,0.3910467499808874,20,7,0,
annex,random,5094,future_cover,hash,0,16,16,True,2986.85887993296,186.67867999581,11199.2943996648,113,102,16,0,0.2294389579910785,0,0,0,
annex,random,5094,scenario,hash,0,16,16,True,3311.303103332,206.95644395825,13311.51551666,96,89,16,0,0.6319100420223549,23,6,0,
annex,random,5094,scenario_future,hash,0,16,16,True,3311.303103332,206.95644395825,13311.51551666,96,89,16,0,0.7226303750067018,23,6,1,
annex,random,5095,future_cover,hash,0,10,10,True,3068.6066405486063,306.86066405486065,11628.033202743032,116,113,10,0,0.13622687497991137,0,0,0,
annex,random,5095,scenario,hash,0,10,10,True,3185.3180121415758,318.53180121415755,11606.590060707878,137,129,10,0,0.34089166700141504,17,5,0,
annex,random,5095,scenario_future,hash,0,10,10,True,3185.3180121415758,318.53180121415755,11606.590060707878,137,129,10,0,0.3833145419775974,17,5,1,
annex,random,5096,future_cover,hash,0,16,16,True,3305.7965559036484,206.61228474397802,12393.982779518243,126,117,16,0,0.23289174999808893,0,0,4,
annex,random,5096,scenario,hash,0,16,16,True,3623.4112680169246,226.4632042510578,14057.056340084622,123,117,16,0,0.5169694579963107,27,4,0,
annex,random,5096,scenario_future,hash,0,16,16,True,3623.4112680169246,226.4632042510578,14057.056340084622,123,117,16,0,0.6246286670211703,27,4,0,
annex,random,5097,future_cover,hash,0,13,13,True,3282.0451131248856,252.4650087019143,12275.225565624427,128,122,13,0,0.1693444999982603,0,0,0,
annex,random,5097,scenario,hash,0,13,13,True,3449.467459744251,265.34365074955775,12977.337298721253,133,124,13,0,0.4317485830106307,19,8,0,
annex,random,5097,scenario_future,hash,0,13,13,True,3449.467459744251,265.34365074955775,12977.337298721253,133,124,13,0,0.4954154169827234,19,8,0,
annex,random,5098,future_cover,hash,0,16,16,True,3118.7994250980864,194.9249640686304,11788.997125490432,114,111,16,0,0.19590887500089593,0,0,0,
annex,random,5098,scenario,hash,0,16,16,True,3178.581018559321,198.66131365995756,11752.905092796605,126,118,16,0,0.5166059160255827,23,8,0,
annex,random,5098,scenario_future,hash,0,16,16,True,3178.581018559321,198.66131365995756,11752.905092796605,126,118,16,0,0.5797959160117898,23,8,0,
annex,random,5099,future_cover,hash,0,14,14,True,3393.047277550791,242.3605198250565,12680.236387753956,132,127,14,0,0.18258579200482927,0,0,0,
annex,random,5099,scenario,hash,0,14,14,True,3626.7462901835725,259.05330644168373,14188.731450917861,121,114,14,0,0.45709358298336156,25,7,0,
annex,random,5099,scenario_future,hash,0,14,14,True,3626.7462901835725,259.05330644168373,14188.731450917861,121,114,14,0,0.5142260410066228,25,7,0,
annex,random,5100,future_cover,hash,0,10,10,True,2825.8362442270595,282.58362442270595,10329.181221135297,119,115,10,0,0.11709299997892231,0,0,0,
annex,random,5100,scenario,hash,0,10,10,True,2879.691463716511,287.9691463716511,10603.457318582556,119,114,10,0,0.4594475420017261,21,3,0,
annex,random,5100,scenario_future,hash,0,10,10,True,2879.691463716511,287.9691463716511,10603.457318582556,119,114,10,0,0.48779450001893565,21,3,0,
annex,random,5101,future_cover,hash,0,11,11,True,2922.03590546107,265.63962776918817,10730.179527305349,121,116,11,0,0.11181554201175459,0,0,0,
annex,random,5101,scenario,hash,0,11,11,True,3242.963250425679,294.814840947789,12299.816252128394,123,113,11,0,0.4086789999855682,22,6,0,
annex,random,5101,scenario_future,hash,0,11,11,True,3242.963250425679,294.814840947789,12299.816252128394,123,113,11,0,0.4581445829826407,22,6,0,
annex,random,5102,future_cover,hash,0,14,14,True,2859.3986483153894,204.24276059395638,10556.993241576947,114,108,14,0,0.1584724159911275,0,0,0,
annex,random,5102,scenario,hash,0,14,14,True,3100.7550227595643,221.48250162568317,11913.775113797821,109,103,14,0,0.45609399999375455,23,4,0,
annex,random,5102,scenario_future,hash,0,14,14,True,3100.7550227595643,221.48250162568317,11913.775113797821,109,103,14,0,0.5335329579829704,23,4,0,
annex,random,5103,future_cover,hash,0,15,15,True,3320.7604163026135,221.38402775350758,12813.802081513068,115,108,15,0,0.2810313330264762,0,0,0,
annex,random,5103,scenario,hash,0,15,15,True,3663.1112733688806,244.20741822459203,14505.556366844403,116,107,15,0,0.4261637080053333,23,4,0,
annex,random,5103,scenario_future,hash,0,15,15,True,3663.1112733688806,244.20741822459203,14505.556366844403,116,107,15,0,0.522365417011315,23,4,0,
annex,random,5104,future_cover,hash,0,11,11,True,2858.448547082263,259.85895882566024,10382.242735411313,122,117,11,0,0.131799291993957,0,0,0,
annex,random,5104,scenario,hash,0,11,11,True,2984.6420723492006,271.33109748629096,11123.210361746003,119,110,11,0,0.46041608302039094,22,7,0,
annex,random,5104,scenario_future,hash,0,11,11,True,2984.6420723492006,271.33109748629096,11123.210361746003,119,110,11,0,0.508967500005383,22,7,0,
annex,random,5105,future_cover,hash,0,11,11,True,2340.155089530266,212.74137177547874,7900.775447651332,118,115,11,0,0.1452396250097081,0,0,2,
annex,random,5105,scenario,hash,0,11,11,True,2484.4149014724003,225.85590013385456,8622.074507362002,118,115,11,0,0.38120483301463537,16,6,0,
annex,random,5105,scenario_future,hash,0,11,11,True,2505.486898192987,227.77153619936246,8877.434490964935,113,110,11,0,0.3826284160022624,16,5,1,
annex,random,5106,future_cover,hash,0,10,10,True,3057.8031696472217,305.78031696472215,11219.01584823611,128,124,10,0,0.12620479098404758,0,0,1,
annex,random,5106,scenario,hash,0,10,10,True,3148.4552769182665,314.84552769182665,12042.276384591332,116,110,10,0,0.30134712500148453,19,6,0,
annex,random,5106,scenario_future,hash,0,10,10,True,3148.4552769182665,314.84552769182665,12042.276384591332,116,110,10,0,0.3406125830078963,19,6,0,
annex,random,5107,future_cover,hash,0,15,15,True,2955.430599575585,197.0287066383723,10792.152997877924,121,117,15,0,0.1685667079873383,0,0,3,
annex,random,5107,scenario,hash,0,15,15,True,3249.5056275280103,216.63370850186735,12512.528137640053,113,107,15,0,0.4013567920192145,21,6,0,
annex,random,5107,scenario_future,hash,0,15,15,True,3294.138454647986,219.60923030986572,12760.692273239929,112,107,15,0,0.4506164169870317,20,8,3,
annex,random,5108,future_cover,hash,0,14,14,True,3057.3535867492765,218.38239905351975,11406.767933746381,119,111,14,0,0.16288429099950008,0,0,0,
annex,random,5108,scenario,hash,0,14,14,True,3035.2519575387173,216.8037112527655,11221.259787693587,122,111,14,0,0.3997970000200439,22,6,0,
annex,random,5108,scenario_future,hash,0,14,14,True,3035.2519575387173,216.8037112527655,11221.259787693587,122,111,14,0,0.4253160000080243,22,6,0,
annex,random,5109,future_cover,hash,0,10,10,True,2919.0400705852217,291.90400705852215,10320.200352926107,135,130,10,0,0.12194124999223277,0,0,0,
annex,random,5109,scenario,hash,0,10,10,True,2987.0444293794503,298.70444293794503,10520.222146897251,140,133,10,0,0.3751359999878332,19,5,0,
annex,random,5109,scenario_future,hash,0,10,10,True,2987.0444293794503,298.70444293794503,10520.222146897251,140,133,10,0,0.41094699999666773,19,5,0,
annex,random,5110,future_cover,hash,0,11,11,True,2893.398981982945,263.03627108935865,10461.994909914725,125,121,11,0,0.10345533301006071,0,0,0,
annex,random,5110,scenario,hash,0,11,11,True,3187.344270746938,289.75857006790346,11961.72135373469,124,120,11,0,0.3796890420198906,18,5,0,
annex,random,5110,scenario_future,hash,0,11,11,True,3187.344270746938,289.75857006790346,11961.72135373469,124,120,11,0,0.4067214169772342,18,5,0,
annex,random,5111,future_cover,hash,0,11,11,True,3089.686821239751,280.88062011270466,11573.434106198756,121,115,11,0,0.10184487499645911,0,0,0,
annex,random,5111,scenario,hash,0,11,11,True,3165.2476654420407,287.74978776745826,12006.238327210203,119,114,11,0,0.3596550000074785,21,2,0,
annex,random,5111,scenario_future,hash,0,11,11,True,3165.2476654420407,287.74978776745826,12006.238327210203,119,114,11,0,0.3951967089960817,21,2,0,
annex,random,5112,future_cover,hash,0,13,13,True,2905.975442643991,223.53657251107623,10364.877213219954,129,123,13,0,0.17417541600298136,0,0,0,
annex,random,5112,scenario,hash,0,13,13,True,3072.868029008218,236.37446376986293,11204.34014504109,129,122,13,0,0.44864095901721157,21,5,0,
annex,random,5112,scenario_future,hash,0,13,13,True,3072.868029008218,236.37446376986293,11204.34014504109,129,122,13,0,0.4865020829893183,21,5,0,
annex,random,5113,future_cover,hash,0,13,13,True,3456.392762579744,265.876366352288,12966.96381289872,134,128,13,0,0.2248555830155965,0,0,0,
annex,random,5113,scenario,hash,0,13,13,True,3622.7802459911045,278.67540353777724,13713.901229955523,137,130,13,0,0.5239320000109728,21,8,0,
annex,random,5113,scenario_future,hash,0,13,13,True,3622.7802459911045,278.67540353777724,13713.901229955523,137,130,13,0,0.5741023329901509,21,8,0,
annex,random,5114,future_cover,hash,0,15,15,True,3085.7560011493842,205.7170667432923,11638.780005746921,115,108,15,0,0.21776654198765755,0,0,0,
annex,random,5114,scenario,hash,0,15,15,True,3331.51974517641,222.101316345094,13007.598725882051,111,100,15,0,0.40289716600091197,17,8,0,
annex,random,5114,scenario_future,hash,0,15,15,True,3331.51974517641,222.101316345094,13007.598725882051,111,100,15,0,0.7124592080072034,17,8,0,
annex,random,5115,future_cover,hash,0,16,16,True,3347.8541485399505,209.2408842837469,12534.270742699753,128,121,16,0,0.2501804589992389,0,0,0,
annex,random,5115,scenario,hash,0,16,16,True,3666.363137849075,229.1476961155672,14411.815689245375,119,109,16,0,0.5185352079861332,22,4,0,
annex,random,5115,scenario_future,hash,0,16,16,True,3666.363137849075,229.1476961155672,14411.815689245375,119,109,16,0,0.7172038750140928,22,4,0,
annex,random,5116,future_cover,hash,0,16,16,True,3386.221776727124,211.63886104544525,12861.10888363562,123,119,16,0,0.2761024999781512,0,0,4,
annex,random,5116,scenario,hash,0,16,16,True,3505.8940901148217,219.11838063217635,13154.470450574108,134,125,16,0,0.6502599580271635,17,8,0,
annex,random,5116,scenario_future,hash,0,16,16,True,3479.017459779322,217.43859123620763,13160.08729889661,129,122,16,0,0.5741784169804305,17,8,5,
annex,random,5117,future_cover,hash,0,11,11,True,3132.6119730509176,284.7829066409925,11638.059865254589,126,120,11,0,0.13022195899975486,0,0,1,
annex,random,5117,scenario,hash,0,11,11,True,3013.914737581218,273.99224887101985,11074.573687906091,125,119,11,0,0.47036150001804344,20,4,0,
annex,random,5117,scenario_future,hash,0,11,11,True,3186.5041097500625,289.68219179546026,11512.520548750314,139,134,11,0,0.4513154579908587,21,4,1,
annex,random,5118,future_cover,hash,0,14,14,True,3209.4850719901356,229.24893371358112,11957.425359950677,126,118,14,0,0.16835091699613258,0,0,0,
annex,random,5118,scenario,hash,0,14,14,True,3111.4318749816225,222.24513392725876,11947.159374908113,110,102,14,0,0.46634779201122,12,8,0,
annex,random,5118,scenario_future,hash,0,14,14,True,3134.6943929846175,223.9067423560441,11763.471964923086,120,112,14,0,0.5770301669836044,17,8,1,
annex,random,5119,future_cover,hash,0,12,12,True,3146.618130994552,262.2181775828793,11648.090654972759,127,122,12,0,0.2062483330082614,0,0,0,
annex,random,5119,scenario,hash,0,12,12,True,3600.153113079573,300.0127594232977,13960.765565397864,126,118,12,0,0.4137696660181973,17,8,0,
annex,random,5119,scenario_future,hash,0,12,12,True,3600.153113079573,300.0127594232977,13960.765565397864,126,118,12,0,0.45734095899388194,17,8,0,
annex,random,5120,future_cover,hash,0,16,16,True,3053.810267778825,190.86314173617657,11669.051338894125,108,100,16,0,0.19919874999322928,0,0,0,
annex,random,5120,scenario,hash,0,16,16,True,3453.8203421581993,215.86377138488746,13609.101710790996,110,102,16,0,0.49355924999690615,15,8,0,
annex,random,5120,scenario_future,hash,0,16,16,True,3223.8094679588958,201.48809174743099,12319.047339794479,115,105,16,0,0.5459860409901012,15,8,2,
annex,random,5121,future_cover,hash,0,15,15,True,3186.516770642379,212.4344513761586,11947.583853211896,121,117,15,0,0.20819100001244806,0,0,0,
annex,random,5121,scenario,hash,0,15,15,True,3215.7746749960324,214.38497833306883,12008.873374980161,124,119,15,0,0.6029041660076473,25,6,0,
annex,random,5121,scenario_future,hash,0,15,15,True,3215.7746749960324,214.38497833306883,12008.873374980161,124,119,15,0,0.6767952499794774,25,6,0,
annex,random,5122,future_cover,hash,0,10,10,True,3004.1357710269176,300.41357710269176,10895.678855134589,130,125,10,0,0.0917043749941513,0,0,0,
annex,random,5122,scenario,hash,0,10,10,True,3012.9695491835746,301.29695491835747,11074.847745917874,126,118,10,0,0.24154612500569783,13,8,0,
annex,random,5122,scenario_future,hash,0,10,10,True,3012.9695491835746,301.29695491835747,11074.847745917874,126,118,10,0,0.2752215840155259,13,8,0,
annex,random,5123,future_cover,hash,0,11,11,True,2790.7173978596165,253.7015816236015,10113.586989298083,120,113,11,0,0.1257387500081677,0,0,0,
annex,random,5123,scenario,hash,0,11,11,True,3009.012581043196,273.54659827665415,11555.06290521598,108,103,11,0,0.35302820801734924,19,4,0,
annex,random,5123,scenario_future,hash,0,11,11,True,3009.012581043196,273.54659827665415,11555.06290521598,108,103,11,0,0.3887548749917187,19,4,1,
annex,random,5124,future_cover,hash,0,14,14,True,3008.999948434788,214.928567745342,11174.99974217394,118,114,14,0,0.18846745899645612,0,0,0,
annex,random,5124,scenario,hash,0,14,14,True,3264.089819838441,233.14927284560295,12750.449099192207,108,104,14,0,0.4899481669999659,23,6,0,
annex,random,5124,scenario_future,hash,0,14,14,True,3264.089819838441,233.14927284560295,12750.449099192207,108,104,14,0,0.5415137920062989,23,6,0,
annex,random,5125,future_cover,hash,0,14,14,True,3319.523550516142,237.1088250368673,12662.61775258071,120,117,14,0,0.18708179198438302,0,0,0,
annex,random,5125,scenario,hash,0,14,14,True,3626.3747823527297,259.0267701680521,14611.873911763649,107,99,14,0,0.5071302089781966,25,6,0,
annex,random,5125,scenario_future,hash,0,14,14,True,3626.3747823527297,259.0267701680521,14611.873911763649,107,99,14,0,0.5583587920118589,25,6,0,
annex,random,5126,future_cover,hash,0,14,14,True,3405.6016285689293,243.25725918349494,12498.008142844646,140,136,14,0,0.20396129199070856,0,0,2,
annex,random,5126,scenario,hash,0,14,14,True,3390.9579677913302,242.21128341366645,13124.78983895665,117,111,14,0,0.4611068750091363,24,5,0,
annex,random,5126,scenario_future,hash,0,14,14,True,3390.9579677913302,242.21128341366645,13124.78983895665,117,111,14,0,0.5159413749934174,24,7,2,
annex,random,5127,future_cover,hash,0,12,12,True,3019.9680173892293,251.66400144910244,11444.840086946146,113,106,12,0,0.12615687501966022,0,0,0,
annex,random,5127,scenario,hash,0,12,12,True,3133.359766734896,261.1133138945747,11851.798833674478,118,113,12,0,0.4321278750139754,21,5,0,
annex,random,5127,scenario_future,hash,0,12,12,True,3133.359766734896,261.1133138945747,11851.798833674478,118,113,12,0,0.47467587498249486,21,5,0,
annex,random,5128,future_cover,hash,0,13,13,True,3150.132603220236,242.31789255540278,11575.66301610118,129,125,13,0,0.21776383399264887,0,0,0,
annex,random,5128,scenario,hash,0,13,13,True,3252.729986803799,250.2099989849076,12008.649934018995,132,126,13,0,0.49683074999484234,24,5,0,
annex,random,5128,scenario_future,hash,0,13,13,True,3252.729986803799,250.2099989849076,12008.649934018995,132,126,13,0,0.5480847920116503,24,5,0,
annex,random,5129,future_cover,hash,0,11,11,True,2820.5818952499276,256.4165359318116,9972.909476249637,129,126,11,0,0.13346325000748038,0,0,0,
annex,random,5129,scenario,hash,0,11,11,True,2909.006585814185,264.4551441649259,10510.032929070925,126,122,11,0,0.44462954200571403,21,7,0,
annex,random,5129,scenario_future,hash,0,11,11,True,2956.42877721744,268.7662524743127,10742.143886087199,126,123,11,0,0.49389037501532584,18,8,2,
annex,random,5130,future_cover,hash,0,13,13,True,2895.4710482698815,222.72854217460628,10257.355241349407,131,124,13,0,0.10878174999379553,0,0,2,
annex,random,5130,scenario,hash,0,13,13,True,3117.074722220967,239.77497863238207,11450.373611104835,128,122,13,0,0.36699612499796785,20,7,0,
annex,random,5130,scenario_future,hash,0,13,13,True,3117.074722220967,239.77497863238207,11450.373611104835,128,122,13,0,0.42723579198354855,20,7,0,
annex,random,5131,future_cover,hash,0,10,10,True,3124.3727094791984,312.43727094791984,11591.863547395991,127,121,10,0,0.11359920800896361,0,0,1,
annex,random,5131,scenario,hash,0,10,10,True,3171.9835845663265,317.19835845663266,11829.917922831632,127,121,10,0,0.40170837499317713,21,5,0,
annex,random,5131,scenario_future,hash,0,10,10,True,3241.1549275326024,324.11549275326024,11815.774637663013,139,133,10,0,0.4534912910021376,22,6,2,
annex,random,5132,future_cover,hash,0,15,15,True,2884.0825370795346,192.27216913863563,10965.412685397672,103,101,15,0,0.23948820799705572,0,0,0,
annex,random,5132,scenario,hash,0,15,15,True,3122.6656601434647,208.177710676231,12063.328300717323,107,100,15,0,0.46486345800803974,24,5,0,
annex,random,5132,scenario_future,hash,0,15,15,True,3122.6656601434647,208.177710676231,12063.328300717323,107,100,15,0,0.5134467919997405,24,5,0,
annex,random,5133,future_cover,hash,0,10,10,True,2723.335191096744,272.3335191096744,9546.67595548372,128,124,10,0,0.10736066597746685,0,0,0,
annex,random,5133,scenario,hash,0,10,10,True,2808.092274664041,280.8092274664041,9960.461373320204,129,121,10,0,0.34963629199774005,21,5,0,
annex,random,5133,scenario_future,hash,0,10,10,True,2808.092274664041,280.8092274664041,9960.461373320204,129,121,10,0,0.3817935419792775,21,5,0,
annex,random,5134,future_cover,hash,0,13,13,True,3160.6210166086144,243.12469358527804,11963.105083043072,118,113,13,0,0.17474895899067633,0,0,0,
annex,random,5134,scenario,hash,0,13,13,True,3041.5298081550072,233.963831396539,11322.649040775037,120,112,13,0,0.3233476250024978,18,5,0,
annex,random,5134,scenario_future,hash,0,13,13,True,3041.5298081550072,233.963831396539,11322.649040775037,120,112,13,0,0.35169045798829757,18,5,0,
annex,random,5135,future_cover,hash,0,15,15,True,3504.5349148580235,233.6356609905349,13152.674574290118,134,129,15,0,0.1979025840118993,0,0,0,
annex,random,5135,scenario,hash,0,15,15,True,3294.575275757871,219.6383517171914,12992.876378789357,105,96,15,0,0.4731872080010362,25,5,0,
annex,random,5135,scenario_future,hash,0,15,15,True,3294.575275757871,219.6383517171914,12992.876378789357,105,96,15,0,0.5476255829853471,25,5,0,
annex,random,5136,future_cover,hash,0,13,13,True,3201.7145498582636,246.2857346044818,11928.572749291317,126,121,13,0,0.16483262498513795,0,0,0,
annex,random,5136,scenario,hash,0,13,13,True,3269.702730813914,251.5155946779934,12628.513654069571,114,109,13,0,0.5354191660007928,24,3,0,
annex,random,5136,scenario_future,hash,0,13,13,True,3269.702730813914,251.5155946779934,12628.513654069571,114,109,13,0,0.5700629159982782,24,3,0,
annex,random,5137,future_cover,hash,0,12,12,True,3421.023169170432,285.085264097536,12945.11584585216,130,122,12,0,0.37762045898125507,0,0,0,
annex,random,5137,scenario,hash,0,12,12,True,3461.753552069418,288.4794626724515,13378.767760347091,123,111,12,0,0.6060050829837564,23,8,0,
annex,random,5137,scenario_future,hash,0,12,12,True,3461.753552069418,288.4794626724515,13378.767760347091,123,111,12,0,0.4920153339917306,23,8,0,
annex,random,5138,future_cover,hash,0,14,14,True,3051.9789783278184,217.99849845198702,11389.894891639091,118,114,14,0,0.2608944169769529,0,0,7,
annex,random,5138,scenario,hash,0,14,14,True,3272.1228947968025,233.72306391405732,12360.614473984013,123,115,14,0,0.5665895419951994,15,8,0,
annex,random,5138,scenario_future,hash,0,14,14,True,3190.020194365413,227.8585853118152,12095.100971827065,118,111,14,0,0.6976072499819566,21,7,15,
annex,random,5139,future_cover,hash,0,11,11,True,3028.3783454550103,275.3071223140918,11176.891727275051,124,118,11,0,0.1610996669915039,0,0,0,
annex,random,5139,scenario,hash,0,11,11,True,3240.779851854171,294.616350168561,12408.899259270855,118,114,11,0,0.37548862502444535,17,7,0,
annex,random,5139,scenario_future,hash,0,11,11,True,3240.779851854171,294.616350168561,12408.899259270855,118,114,11,0,0.44640225000330247,17,7,0,
annex,random,5140,future_cover,hash,0,15,15,True,3199.748398612842,213.3165599075228,11798.741993064208,128,125,15,0,0.2279589170066174,0,0,1,
annex,random,5140,scenario,hash,0,15,15,True,3201.9210734643084,213.46140489762055,12209.605367321543,116,105,15,0,0.632679916016059,20,8,0,
annex,random,5140,scenario_future,hash,0,15,15,True,3201.9210734643084,213.46140489762055,12209.605367321543,116,105,15,0,0.7357014169974718,20,8,0,
annex,random,5141,future_cover,hash,0,11,11,True,2920.8483569284317,265.5316688116756,10349.241784642158,134,126,11,0,0.15179983398411423,0,0,0,
annex,random,5141,scenario,hash,0,11,11,True,2991.7599690002385,271.97817900002167,10343.799845001193,147,133,11,0,0.4917242079973221,24,6,0,
annex,random,5141,scenario_future,hash,0,11,11,True,2991.7599690002385,271.97817900002167,10343.799845001193,147,133,11,0,0.5396682920109015,24,6,16,
annex,random,5142,future_cover,hash,0,16,16,True,3163.3211105605646,197.7075694100353,11776.605552802823,122,118,16,0,0.2210442920040805,0,0,0,
annex,random,5142,scenario,hash,0,16,16,True,3335.3755478879675,208.46097174299797,13091.877739439838,107,102,16,0,0.5028725829906762,18,8,0,
annex,random,5142,scenario_future,hash,0,16,16,True,3335.3755478879675,208.46097174299797,13091.877739439838,107,102,16,0,0.5477532910008449,18,8,0,
annex,random,5143,future_cover,hash,0,11,11,True,3095.735496841461,281.4304997128601,11263.677484207305,132,128,11,0,0.19498299999395385,0,0,0,
annex,random,5143,scenario,hash,0,11,11,True,3325.8678915249957,302.3516265022723,12354.339457624978,135,125,11,0,0.38107804098399356,20,7,0,
annex,random,5143,scenario_future,hash,0,11,11,True,3325.8678915249957,302.3516265022723,12354.339457624978,135,125,11,0,0.4234556669835001,20,7,1,
annex,random,5144,future_cover,hash,0,12,12,True,2850.6473648301026,237.55394706917522,10158.236824150512,127,124,12,0,0.1760492500034161,0,0,0,
annex,random,5144,scenario,hash,0,12,12,True,3055.86366530418,254.655305442015,10854.318326520899,139,130,12,0,0.4912465829984285,21,7,0,
annex,random,5144,scenario_future,hash,0,12,12,True,3055.86366530418,254.655305442015,10854.318326520899,139,130,12,0,0.48964925002655946,21,7,0,
annex,random,5145,future_cover,hash,0,13,13,True,3022.3185599622434,232.4860430740187,10731.592799811217,136,131,13,0,0.1409928339999169,0,0,0,
annex,random,5145,scenario,hash,0,13,13,True,3139.795653450853,241.52274257314255,11368.978267254266,135,126,13,0,0.4735687499924097,21,4,0,
annex,random,5145,scenario_future,hash,0,13,13,True,3139.795653450853,241.52274257314255,11368.978267254266,135,126,13,0,0.4832308750192169,21,4,0,
annex,random,5146,future_cover,hash,0,15,15,True,3071.684656499835,204.778977099989,11613.423282499174,113,109,15,0,0.19848004198865965,0,0,0,
annex,random,5146,scenario,hash,0,15,15,True,3264.059333740615,217.60395558270767,12605.296668703075,112,108,15,0,0.5113298749784008,24,7,0,
annex,random,5146,scenario_future,hash,0,15,15,True,3264.059333740615,217.60395558270767,12605.296668703075,112,108,15,0,0.5781632080033887,24,7,0,
annex,random,5147,future_cover,hash,0,12,12,True,3190.573237983421,265.8811031652851,12012.866189917106,122,118,12,0,0.17229612500523217,0,0,0,
annex,random,5147,scenario,hash,0,12,12,True,3349.321752845338,279.11014607044484,12436.608764226688,135,127,12,0,0.4170362919976469,21,3,0,
annex,random,5147,scenario_future,hash,0,12,12,True,3349.321752845338,279.11014607044484,12436.608764226688,135,127,12,0,0.46837279200553894,21,3,0,
annex,random,5148,future_cover,hash,0,13,13,True,3052.8295145037036,234.83303957720798,11554.147572518517,114,107,13,0,0.15767866699025035,0,0,0,
annex,random,5148,scenario,hash,0,13,13,True,3100.2160817810977,238.4781601370075,11886.08040890549,111,103,13,0,0.47835841597407125,25,4,0,
annex,random,5148,scenario_future,hash,0,13,13,True,3100.2160817810977,238.4781601370075,11886.08040890549,111,103,13,0,0.5449359580234159,25,4,0,
annex,random,5149,future_cover,hash,0,12,12,True,3520.9707081200017,293.41422567666683,13649.853540600008,123,116,12,0,0.12695583299500868,0,0,0,
annex,random,5149,scenario,hash,0,12,12,True,3529.9329221675944,294.1610768472995,13849.664610837972,118,110,12,0,0.30798058400978334,18,5,0,
annex,random,5149,scenario_future,hash,0,12,12,True,3529.9329221675944,294.1610768472995,13849.664610837972,118,110,12,0,0.3548110830015503,18,5,0,
annex,random,5150,future_cover,hash,0,11,11,True,3142.1806285695625,285.65278441541477,11830.903142847812,121,116,11,0,0.14811820900649764,0,0,0,
annex,random,5150,scenario,hash,0,11,11,True,3136.1445524058972,285.10405021871793,11815.722762029485,121,113,11,0,0.41148445798899047,22,4,0,
annex,random,5150,scenario_future,hash,0,11,11,True,3136.1445524058972,285.10405021871793,11815.722762029485,121,113,11,0,0.4881460419856012,22,4,0,
annex,random,5151,future_cover,hash,0,12,12,True,2895.3279332791353,241.27732777326128,10601.639666395677,120,115,12,0,0.14728941698558629,0,0,0,
annex,random,5151,scenario,hash,0,12,12,True,3076.8169522014277,256.4014126834523,11664.084761007138,115,109,12,0,0.42921870900318027,20,7,0,
annex,random,5151,scenario_future,hash,0,12,12,True,3076.8169522014277,256.4014126834523,11664.084761007138,115,109,12,0,0.488254458992742,20,7,0,
annex,random,5152,future_cover,hash,0,12,12,True,2906.528797599193,242.21073313326607,10597.643987995963,122,117,12,0,0.12496620800811797,0,0,0,
annex,random,5152,scenario,hash,0,12,12,True,3070.576644546817,255.8813870455681,11352.883222734084,125,115,12,0,0.37947883299784735,21,7,0,
annex,random,5152,scenario_future,hash,0,12,12,True,3070.576644546817,255.8813870455681,11352.883222734084,125,115,12,0,0.4008006249787286,21,7,0,
annex,random,5153,future_cover,hash,0,10,10,True,3369.836736955943,336.9836736955943,12699.183684779713,131,125,10,0,0.11901491601020098,0,0,0,
annex,random,5153,scenario,hash,0,10,10,True,3170.9243675295097,317.09243675295096,11649.621837647548,133,126,10,0,0.40634687498095445,19,6,0,
annex,random,5153,scenario_future,hash,0,10,10,True,3170.9243675295097,317.09243675295096,11649.621837647548,133,126,10,0,0.42057170800399035,19,6,0,
annex,random,5154,future_cover,hash,0,13,13,True,3141.994562388756,241.6918894145197,11669.97281194378,125,118,13,0,0.14620020901202224,0,0,0,
annex,random,5154,scenario,hash,0,13,13,True,3308.8029914623144,254.52330703556265,12104.014957311572,139,128,13,0,0.4476518750016112,17,8,0,
annex,random,5154,scenario_future,hash,0,13,13,True,3308.8029914623144,254.52330703556265,12104.014957311572,139,128,13,0,0.5180092499940656,17,8,0,
annex,random,5155,future_cover,hash,0,12,12,True,3061.380597068511,255.11504975570926,11381.902985342556,122,115,12,0,0.13859412499004975,0,0,0,
annex,random,5155,scenario,hash,0,12,12,True,3181.242357292923,265.1035297744102,11846.211786464613,127,117,12,0,0.4326756249938626,20,8,0,
annex,random,5155,scenario_future,hash,0,12,12,True,3181.242357292923,265.1035297744102,11846.211786464613,127,117,12,0,0.47146137501113117,20,8,0,
annex,random,5156,future_cover,hash,0,12,12,True,2684.5333290101876,223.71111075084897,9517.666645050938,121,116,12,0,0.13408937500207685,0,0,0,
annex,random,5156,scenario,hash,0,12,12,True,2783.5261841964107,231.9605153497009,9792.630920982054,129,120,12,0,0.43345149999368005,19,8,0,
annex,random,5156,scenario_future,hash,0,12,12,True,2783.5261841964107,231.9605153497009,9792.630920982054,129,120,12,0,0.44906041701324284,19,8,0,
annex,random,5157,future_cover,hash,0,14,14,True,3629.7985152984975,259.2713225213212,14198.992576492488,121,115,14,0,0.2162217500153929,0,0,0,
annex,random,5157,scenario,hash,0,14,14,True,3682.823884288805,263.05884887777177,14299.119421444024,127,118,14,0,0.5529254589928314,20,8,0,
annex,random,5157,scenario_future,hash,0,14,14,True,3682.823884288805,263.05884887777177,14299.119421444024,127,118,14,0,0.6022183750174008,20,8,0,
annex,random,5158,future_cover,hash,0,12,12,True,2879.66471971259,239.97205997604917,10693.323598562949,114,111,12,0,0.1413018750026822,0,0,1,
annex,random,5158,scenario,hash,0,12,12,True,2948.2790259441877,245.6899188286823,11051.395129720939,114,108,12,0,0.48791749999509193,21,6,0,
annex,random,5158,scenario_future,hash,0,12,12,True,2942.786444651408,245.23220372095068,11023.932223257041,114,108,12,0,0.5261046660016291,21,5,1,
annex,random,5159,future_cover,hash,0,16,16,True,3735.004169343839,233.43776058398993,14445.020846719195,129,121,16,0,0.28882162499940023,0,0,0,
annex,random,5159,scenario,hash,0,16,16,True,4023.351807198158,251.45948794988487,15166.75903599079,153,145,16,0,0.5074043750064448,14,8,0,
annex,random,5159,scenario_future,hash,0,16,16,True,4069.6525458107044,254.35328411316902,15098.262729053522,163,155,16,0,0.5676216669962741,14,8,1,
annex,random,5160,future_cover,hash,0,15,15,True,2982.458411938076,198.83056079587175,10997.29205969038,119,113,15,0,0.1801709590072278,0,0,1,
annex,random,5160,scenario,hash,0,15,15,True,3204.411294219853,213.62741961465687,11787.056471099266,130,122,15,0,0.5234913750027772,26,5,0,
annex,random,5160,scenario_future,hash,0,15,15,True,3204.411294219853,213.62741961465687,11787.056471099266,130,122,15,0,0.5763644170074258,26,5,0,
annex,random,5161,future_cover,hash,0,12,12,True,3091.6830187930614,257.64025156608847,11088.415093965306,137,129,12,0,0.1166645830089692,0,0,0,
annex,random,5161,scenario,hash,0,12,12,True,3079.8752605039745,256.6562717086645,11144.376302519871,133,126,12,0,0.2999044159951154,16,3,0,
annex,random,5161,scenario_future,hash,0,12,12,True,3079.8752605039745,256.6562717086645,11144.376302519871,133,126,12,0,0.33199483298812993,16,3,0,
annex,random,5162,future_cover,hash,0,15,15,True,3136.588476670249,209.10589844468325,11862.942383351245,116,109,15,0,0.2042121670092456,0,0,0,
annex,random,5162,scenario,hash,0,15,15,True,3160.4431553113814,210.6962103540921,11857.215776556906,120,114,15,0,0.4413040840008762,11,8,0,
annex,random,5162,scenario_future,hash,0,15,15,True,3160.4431553113814,210.6962103540921,11857.215776556906,120,114,15,0,0.5060571669891942,11,8,0,
annex,random,5163,future_cover,hash,0,15,15,True,3699.018917932534,246.60126119550225,14315.094589662669,128,121,15,0,0.1712941250007134,0,0,0,
annex,random,5163,scenario,hash,0,15,15,True,3784.3151220047034,252.28767480031357,15136.575610023518,115,107,15,0,0.5059496659960132,25,4,0,
annex,random,5163,scenario_future,hash,0,15,15,True,3784.3151220047034,252.28767480031357,15136.575610023518,115,107,15,0,0.5291967909724917,25,4,0,
annex,random,5164,future_cover,hash,0,11,11,True,3001.344747235401,272.84952247594555,11121.723736177006,121,117,11,0,0.11795637500472367,0,0,0,
annex,random,5164,scenario,hash,0,11,11,True,3013.2870393182666,273.9351853925697,11171.435196591334,121,119,11,0,0.3785532080219127,20,3,0,
annex,random,5164,scenario_future,hash,0,11,11,True,3013.2870393182666,273.9351853925697,11171.435196591334,121,119,11,0,0.42324525001458824,20,3,0,
annex,random,5165,future_cover,hash,0,15,15,True,3399.1106897657637,226.60737931771757,13020.55344882882,121,115,15,0,0.16298225001082756,0,0,0,
annex,random,5165,scenario,hash,0,15,15,True,3349.5583647592002,223.30389098394667,12952.791823796002,115,109,15,0,0.5988749579992145,28,7,0,
annex,random,5165,scenario_future,hash,0,15,15,True,3349.5583647592002,223.30389098394667,12952.791823796002,115,109,15,0,0.9289973330160137,28,7,0,
annex,random,5166,future_cover,hash,0,16,16,True,3244.3492556695805,202.77182847934878,12581.746278347902,109,103,16,0,0.3846125839918386,0,0,0,
annex,random,5166,scenario,hash,0,16,16,True,3607.017910659031,225.43861941618943,14010.089553295154,122,115,16,0,0.455074291996425,21,8,0,
annex,random,5166,scenario_future,hash,0,16,16,True,3601.753412555691,225.10958828473068,13993.767062778454,122,113,16,0,0.5333734579908196,21,8,2,
annex,random,5167,future_cover,hash,0,12,12,True,3267.619296851598,272.3016080709665,12288.096484257989,126,120,12,0,0.18457454099552706,0,0,0,
annex,random,5167,scenario,hash,0,12,12,True,3331.2528765766233,277.6044063813853,12646.264382883117,125,117,12,0,0.49922900000819936,22,6,0,
annex,random,5167,scenario_future,hash,0,12,12,True,3204.42244730734,267.0352039422783,11987.112236536701,126,117,12,0,0.504277166997781,17,8,1,
annex,random,5168,future_cover,hash,0,12,12,True,3169.6050298357745,264.13375248631456,11878.025149178873,123,119,12,0,0.167610207980033,0,0,0,
annex,random,5168,scenario,hash,0,12,12,True,3237.4853927270315,269.7904493939193,12202.426963635158,124,117,12,0,0.4416695419931784,21,4,0,
annex,random,5168,scenario_future,hash,0,12,12,True,3237.4853927270315,269.7904493939193,12202.426963635158,124,117,12,0,0.471919124975102,21,4,0,
annex,random,5169,future_cover,hash,0,12,12,True,3343.89139124552,278.65761593712665,12369.456956227601,136,130,12,0,0.14175479201367125,0,0,0,
annex,random,5169,scenario,hash,0,12,12,True,3415.7363221444366,284.6446935120364,12738.681610722182,137,123,12,0,0.41358345802291296,23,3,0,
annex,random,5169,scenario_future,hash,0,12,12,True,3415.7363221444366,284.6446935120364,12738.681610722182,137,123,12,0,0.44410583400167525,23,3,0,
annex,random,5170,future_cover,hash,0,12,12,True,3035.137604717239,252.92813372643658,11255.688023586195,121,119,12,0,0.15809329197509214,0,0,0,
annex,random,5170,scenario,hash,0,12,12,True,3141.451542840269,261.78762857002243,11632.257714201347,127,120,12,0,0.46054608398117125,23,6,0,
annex,random,5170,scenario_future,hash,0,12,12,True,3141.451542840269,261.78762857002243,11632.257714201347,127,120,12,0,0.4972544999909587,23,6,0,
annex,random,5171,future_cover,hash,0,14,14,True,3131.2750754596555,223.6625053899754,12176.375377298278,105,101,14,0,0.2528709579783026,0,0,0,
annex,random,5171,scenario,hash,0,14,14,True,3572.845184982615,255.20322749875822,14204.225924913077,112,102,14,0,0.510604416980641,24,7,0,
annex,random,5171,scenario_future,hash,0,14,14,True,3572.845184982615,255.20322749875822,14204.225924913077,112,102,14,0,0.6279107500158716,24,7,0,
annex,random,5172,future_cover,hash,0,15,15,True,3062.294819992395,204.15298799949298,11111.474099961973,129,120,15,0,0.21327091701095924,0,0,0,
annex,random,5172,scenario,hash,0,15,15,True,3124.300474162956,208.2866982775304,11556.50237081478,124,118,15,0,0.39915812501567416,17,8,0,
annex,random,5172,scenario_future,hash,0,15,15,True,3124.300474162956,208.2866982775304,11556.50237081478,124,118,15,0,0.44879358302569017,17,8,0,
annex,random,5173,future_cover,hash,0,12,12,True,2925.4054985847515,243.78379154872928,10747.027492923757,120,116,12,0,0.10693720800918527,0,0,0,
annex,random,5173,scenario,hash,0,12,12,True,3052.3675687398895,254.36396406165747,11246.837843699448,125,118,12,0,0.3399110829923302,21,6,0,
annex,random,5173,scenario_future,hash,0,12,12,True,3052.3675687398895,254.36396406165747,11246.837843699448,125,118,12,0,0.38961666700197384,21,6,0,
annex,random,5174,future_cover,hash,0,12,12,True,2761.577529853458,230.13146082112152,9817.88764926729,124,118,12,0,0.16867704200558364,0,0,0,
annex,random,5174,scenario,hash,0,12,12,True,2996.377209774198,249.6981008145165,10791.88604887099,131,123,12,0,0.4581652089837007,22,7,0,
annex,random,5174,scenario_future,hash,0,12,12,True,2996.377209774198,249.6981008145165,10791.88604887099,131,123,12,0,0.5406639169959817,22,7,0,
annex,random,5175,future_cover,hash,0,16,16,True,3445.3693264127296,215.3355829007956,13131.846632063647,124,119,16,0,0.1986460000043735,0,0,0,
annex,random,5175,scenario,hash,0,16,16,True,3502.2011950876695,218.88757469297934,13741.005975438347,114,104,16,0,0.39633058302570134,21,6,0,
annex,random,5175,scenario_future,hash,0,16,16,True,3496.4762321132266,218.52976450707666,13742.381160566134,113,103,16,0,0.43761133300722577,21,5,1,
annex,random,5176,future_cover,hash,0,16,16,True,3194.1605773773663,199.6350360860854,12210.802886886831,113,107,16,0,0.17915429099230096,0,0,0,
annex,random,5176,scenario,hash,0,16,16,True,3673.2196969048273,229.5762310565517,14481.098484524136,117,112,16,0,0.4003317079914268,16,8,0,
annex,random,5176,scenario_future,hash,0,16,16,True,3673.2196969048273,229.5762310565517,14481.098484524136,117,112,16,0,0.460659249976743,16,8,0,
annex,random,5177,future_cover,hash,0,15,15,True,3552.3979886008506,236.82653257339004,13926.989943004253,117,107,15,0,0.1941385829995852,0,0,0,
annex,random,5177,scenario,hash,0,15,15,True,3634.762263285295,242.31748421901966,14063.811316426474,126,117,15,0,0.5003961249894928,19,8,0,
annex,random,5177,scenario_future,hash,0,15,15,True,3634.762263285295,242.31748421901966,14063.811316426474,126,117,15,0,0.5462407909799367,19,8,0,
annex,random,5178,future_cover,hash,0,13,13,True,3060.3286572974903,235.40989671519156,11691.643286487451,110,107,13,0,0.21327304100850597,0,0,0,
annex,random,5178,scenario,hash,0,13,13,True,3330.693972021146,256.2072286170112,12593.46986010573,126,117,13,0,0.42460945798666216,21,5,0,
annex,random,5178,scenario_future,hash,0,13,13,True,3330.693972021146,256.2072286170112,12593.46986010573,126,117,13,0,0.4563063329842407,21,5,0,
annex,random,5179,future_cover,hash,0,14,14,True,2984.950701544246,213.21076439601757,11239.75350772123,112,107,14,0,0.12518720800289884,0,0,0,
annex,random,5179,scenario,hash,0,14,14,True,3160.172353700655,225.72659669290394,11805.861768503275,122,119,14,0,0.4068753750179894,22,5,0,
annex,random,5179,scenario_future,hash,0,14,14,True,3160.172353700655,225.72659669290394,11805.861768503275,122,119,14,0,0.4386865829874296,22,5,0,
annex,random,5180,future_cover,hash,0,13,13,True,3171.0976768781966,243.93059052909206,11490.488384390983,135,133,13,0,0.20178400000440888,0,0,0,
annex,random,5180,scenario,hash,0,13,13,True,3014.1768982492017,231.85976140378474,11330.884491246008,116,103,13,0,0.4199060420214664,23,5,0,
annex,random,5180,scenario_future,hash,0,13,13,True,3014.1768982492017,231.85976140378474,11330.884491246008,116,103,13,0,0.4562785830057692,23,5,0,
annex,random,5181,future_cover,hash,0,10,10,True,3182.8922583911035,318.2892258391104,11999.461291955518,123,118,10,0,0.11248845900991,0,0,0,
annex,random,5181,scenario,hash,0,10,10,True,3320.3280336190596,332.03280336190596,12626.640168095299,125,120,10,0,0.41103458299767226,23,6,0,
annex,random,5181,scenario_future,hash,0,10,10,True,3320.3280336190596,332.03280336190596,12626.640168095299,125,120,10,0,0.4376532079768367,23,6,0,
annex,random,5182,future_cover,hash,0,10,10,True,2678.6456350066064,267.86456350066067,9463.228175033033,123,121,10,0,0.11465091700665653,0,0,0,
annex,random,5182,scenario,hash,0,10,10,True,2724.653814923323,272.4653814923323,9498.269074616615,130,125,10,0,0.34531766700092703,17,7,0,
annex,random,5182,scenario_future,hash,0,10,10,True,2724.653814923323,272.4653814923323,9498.269074616615,130,125,10,0,0.3579157500062138,17,7,0,
annex,random,5183,future_cover,hash,0,14,14,True,3143.8585727038217,224.56132662170154,11794.29286351911,120,115,14,0,0.17667066599824466,0,0,0,
annex,random,5183,scenario,hash,0,14,14,True,3383.5806585763457,241.68433275545326,13127.903292881729,116,108,14,0,0.46616762498160824,16,8,0,
annex,random,5183,scenario_future,hash,0,14,14,True,3383.5806585763457,241.68433275545326,13127.903292881729,116,108,14,0,0.5492800840002019,16,8,0,
annex,random,5184,future_cover,hash,0,16,16,True,3361.357891966978,210.08486824793613,13101.78945983489,111,106,16,0,0.2182799169968348,0,0,0,
annex,random,5184,scenario,hash,0,16,16,True,3589.003685741292,224.31273035883075,14570.01842870646,100,95,16,0,0.4801215420011431,22,5,0,
annex,random,5184,scenario_future,hash,0,16,16,True,3589.003685741292,224.31273035883075,14570.01842870646,100,95,16,0,0.5303307919821236,22,5,0,
annex,random,5185,future_cover,hash,0,11,11,True,2993.460060157756,272.1327327416142,10997.300300788778,124,119,11,0,0.15438729102606885,0,0,0,
annex,random,5185,scenario,hash,0,11,11,True,3145.2867614141765,285.9351601285615,11981.433807070882,117,109,11,0,0.45605220799916424,15,8,0,
annex,random,5185,scenario_future,hash,0,11,11,True,3145.2867614141765,285.9351601285615,11981.433807070882,117,109,11,0,0.4913531669881195,15,8,0,
annex,random,5186,future_cover,hash,0,16,16,True,3430.6769869216787,214.41731168260492,12973.384934608393,127,121,16,0,0.1937701660208404,0,0,0,
annex,random,5186,scenario,hash,0,16,16,True,3478.894730529625,217.43092065810157,13029.473652648125,134,123,16,0,0.5262251250096597,17,8,0,
annex,random,5186,scenario_future,hash,0,16,16,True,3478.894730529625,217.43092065810157,13029.473652648125,134,123,16,0,0.5910025000048336,17,8,0,
annex,random,5187,future_cover,hash,0,14,14,True,2751.7069209610886,196.55049435436348,9923.534604805443,117,112,14,0,0.14970354200340807,0,0,0,
annex,random,5187,scenario,hash,0,14,14,True,2819.0807703748433,201.36291216963167,10185.403851874216,120,112,14,0,0.41800904198316857,20,4,0,
annex,random,5187,scenario_future,hash,0,14,14,True,2819.0807703748433,201.36291216963167,10185.403851874216,120,112,14,0,0.4685368750069756,20,4,0,
annex,random,5188,future_cover,hash,0,14,14,True,3167.4072650653684,226.24337607609775,11627.036325326842,130,122,14,0,0.1646754170069471,0,0,4,
annex,random,5188,scenario,hash,0,14,14,True,3276.6442852405357,234.04602037432397,12378.22142620268,123,116,14,0,0.5011835839832202,22,8,0,
annex,random,5188,scenario_future,hash,0,14,14,True,3276.6442852405357,234.04602037432397,12378.22142620268,123,116,14,0,0.5463019590242766,22,8,2,
annex,random,5189,future_cover,hash,0,10,10,True,2747.34660650087,274.734660650087,9666.733032504351,128,124,10,0,0.11511387501377612,0,0,0,
annex,random,5189,scenario,hash,0,10,10,True,2755.846287831071,275.5846287831071,9829.231439155355,124,120,10,0,0.314996125001926,16,2,0,
annex,random,5189,scenario_future,hash,0,10,10,True,2755.846287831071,275.5846287831071,9829.231439155355,124,120,10,0,0.4362109170178883,16,2,0,
annex,random,5190,future_cover,hash,0,13,13,True,3265.354795114753,251.18113808575023,12206.773975573766,128,119,13,0,0.16663879100815393,0,0,0,
annex,random,5190,scenario,hash,0,13,13,True,3347.2113963101074,257.4777997161621,12561.056981550537,130,120,13,0,0.8111000830249395,21,8,0,
annex,random,5190,scenario_future,hash,0,13,13,True,3347.2113963101074,257.4777997161621,12561.056981550537,130,120,13,0,0.8760770829976536,21,8,0,
annex,random,5191,future_cover,hash,0,15,15,True,3091.8868023092095,206.12578682061397,11624.434011546047,116,112,15,0,0.36892099998658523,0,0,0,
annex,random,5191,scenario,hash,0,15,15,True,3171.943590905969,211.46290606039793,11739.717954529844,126,119,15,0,1.051622541010147,25,3,0,
annex,random,5191,scenario_future,hash,0,15,15,True,3268.3514551785893,217.89009701190597,11841.757275892945,139,130,15,0,1.1410097500192933,21,6,1,
annex,random,5192,future_cover,hash,0,16,16,True,3584.964729454148,224.06029559088424,14074.82364727074,117,105,16,0,0.2598500000021886,0,0,0,
annex,random,5192,scenario,hash,0,16,16,True,3742.7198500844984,233.91999063028115,14608.599250422492,126,111,16,0,0.6909051249967888,20,8,0,
annex,random,5192,scenario_future,hash,0,16,16,True,3742.7198500844984,233.91999063028115,14608.599250422492,126,111,16,0,0.7422308340028394,20,8,0,
annex,random,5193,future_cover,hash,0,13,13,True,3472.733966569499,267.1333820438076,13253.669832847494,127,122,13,0,0.2053545840026345,0,0,0,
annex,random,5193,scenario,hash,0,13,13,True,3652.683790381204,280.9756761831695,14098.418951906018,129,123,13,0,0.5079793329932727,26,7,0,
annex,random,5193,scenario_future,hash,0,13,13,True,3652.683790381204,280.9756761831695,14098.418951906018,129,123,13,0,0.6559122090111487,26,7,0,
annex,random,5194,future_cover,hash,0,16,16,True,3221.3409319039756,201.33380824399848,12576.704659519879,105,101,16,0,0.18958375000511296,0,0,0,
annex,random,5194,scenario,hash,0,16,16,True,3496.6671219512295,218.54169512195185,13363.335609756148,125,119,16,0,0.49530008298461325,26,6,0,
annex,random,5194,scenario_future,hash,0,16,16,True,3496.6671219512295,218.54169512195185,13363.335609756148,125,119,16,0,0.536433000001125,26,6,0,
annex,random,5195,future_cover,hash,0,14,14,True,3458.9777936721016,247.06984240515013,13274.888968360508,123,119,14,0,0.18068941700039431,0,0,0,
annex,random,5195,scenario,hash,0,14,14,True,3709.0560044168606,264.9325717440615,14415.280022084302,128,116,14,0,0.5640728330181446,24,8,0,
annex,random,5195,scenario_future,hash,0,14,14,True,3709.0560044168606,264.9325717440615,14415.280022084302,128,116,14,0,0.6405933329951949,24,8,0,
annex,random,5196,future_cover,hash,0,10,10,True,3001.4270020827908,300.14270020827905,10927.135010413955,129,121,10,0,0.12760066601913422,0,0,0,
annex,random,5196,scenario,hash,0,10,10,True,3052.05657267659,305.205657267659,11240.28286338295,127,119,10,0,0.42043404100695625,22,4,0,
annex,random,5196,scenario_future,hash,0,10,10,True,3052.05657267659,305.205657267659,11240.28286338295,127,119,10,0,0.43771712499437854,22,4,0,
annex,random,5197,future_cover,hash,0,11,11,True,3036.8733591983,276.0793962907546,10939.3667959915,133,129,11,0,0.10910241698729806,0,0,0,
annex,random,5197,scenario,hash,0,11,11,True,3124.6626976906227,284.0602452446021,11313.313488453114,136,127,11,0,0.44982029098900966,23,5,0,
annex,random,5197,scenario_future,hash,0,11,11,True,3124.6626976906227,284.0602452446021,11313.313488453114,136,127,11,0,0.46489437500713393,23,5,0,
annex,random,5198,future_cover,hash,0,15,15,True,3117.1648124114645,207.81098749409765,11630.824062057321,120,116,15,0,0.14852245899965055,0,0,0,
annex,random,5198,scenario,hash,0,15,15,True,3305.3357259655645,220.35571506437097,12651.678629827822,118,110,15,0,0.4223958329821471,22,5,0,
annex,random,5198,scenario_future,hash,0,15,15,True,3305.3357259655645,220.35571506437097,12651.678629827822,118,110,15,0,0.45462574998964556,22,5,0,
annex,random,5199,future_cover,hash,0,16,16,True,3301.386465888528,206.336654118033,12491.932329442641,121,118,16,0,0.2199923339940142,0,0,0,
annex,random,5199,scenario,hash,0,16,16,True,3466.1147327022436,216.63217079389023,13085.573663511219,130,119,16,0,0.5778623340011109,21,8,0,
annex,random,5199,scenario_future,hash,0,16,16,True,3466.1147327022436,216.63217079389023,13085.573663511219,130,119,16,0,0.8188850419828668,21,8,0,
annex,random,5200,future_cover,hash,0,11,11,True,3043.7919408846838,276.70835826224396,11153.959704423418,127,123,11,0,0.17007366701727733,0,0,0,
annex,random,5200,scenario,hash,0,11,11,True,3201.2478194975533,291.02252904523215,12026.239097487767,124,121,11,0,0.47777220798889175,20,5,0,
annex,random,5200,scenario_future,hash,0,11,11,True,3201.2478194975533,291.02252904523215,12026.239097487767,124,121,11,0,0.6481880840146914,20,5,0,
annex,random,5201,future_cover,hash,0,11,11,True,3093.119456578388,281.19267787076257,11690.59728289194,118,110,11,0,0.1095674580137711,0,0,0,
annex,random,5201,scenario,hash,0,11,11,True,3133.692984838365,284.8811804398514,11793.464924191827,121,115,11,0,0.398327207978582,16,3,0,
annex,random,5201,scenario_future,hash,0,11,11,True,3133.692984838365,284.8811804398514,11793.464924191827,121,115,11,0,0.4457244169898331,16,3,0,
annex,random,5202,future_cover,hash,0,10,10,True,2759.9080356243194,275.99080356243195,10154.540178121597,114,109,10,0,0.15580395801225677,0,0,0,
annex,random,5202,scenario,hash,0,10,10,True,2886.0575055203417,288.6057505520342,10730.287527601708,116,110,10,0,0.3412556250113994,19,2,0,
annex,random,5202,scenario_future,hash,0,10,10,True,2886.0575055203417,288.6057505520342,10730.287527601708,116,110,10,0,0.3831589159963187,19,2,0,
annex,random,5203,future_cover,hash,0,16,16,True,3355.8157103406716,209.73848189629197,12499.078551703358,131,121,16,0,0.37705291601014324,0,0,0,
annex,random,5203,scenario,hash,0,16,16,True,3423.9891968107813,213.99932480067383,14064.945984053908,90,81,16,0,0.5816219999978784,17,8,0,
annex,random,5203,scenario_future,hash,0,16,16,True,3423.9891968107813,213.99932480067383,14064.945984053908,90,81,16,0,0.662376749998657,17,8,0,
annex,random,5204,future_cover,hash,0,14,14,True,3372.1326149252213,240.86661535180153,12620.663074626107,131,123,14,0,0.24305645798449405,0,0,0,
annex,random,5204,scenario,hash,0,14,14,True,3448.198206580101,246.29987189857866,12985.991032900507,132,121,14,0,0.5681824590137694,24,5,0,
annex,random,5204,scenario_future,hash,0,14,14,True,3448.198206580101,246.29987189857866,12985.991032900507,132,121,14,0,0.4798403329914436,24,5,0,
annex,random,5205,future_cover,hash,0,16,16,True,3183.4132678497035,198.96332924060647,11917.066339248518,121,115,16,0,0.23313649999909103,0,0,0,
annex,random,5205,scenario,hash,0,16,16,True,3202.9760856778807,200.18600535486755,12174.880428389404,116,108,16,0,0.49949712498346344,19,8,0,
annex,random,5205,scenario_future,hash,0,16,16,True,3202.9760856778807,200.18600535486755,12174.880428389404,116,108,16,0,0.5411991660075728,19,8,0,
annex,random,5206,future_cover,hash,0,15,15,True,3436.744989494292,229.1163326329528,13178.724947471459,122,116,15,0,0.2946971250057686,0,0,0,
annex,random,5206,scenario,hash,0,15,15,True,3751.3048050228854,250.0869870015257,15336.524025114426,103,94,15,0,0.49790283298352733,26,5,0,
annex,random,5206,scenario_future,hash,0,15,15,True,3751.3048050228854,250.0869870015257,15336.524025114426,103,94,15,0,0.6090523329912685,26,5,0,
annex,random,5207,future_cover,hash,0,16,16,True,3176.8207276490143,198.5512954780634,12049.103638245071,115,112,16,0,0.24361045798286796,0,0,0,
annex,random,5207,scenario,hash,0,16,16,True,3327.607663085282,207.97547894283014,13628.038315426411,88,82,16,0,0.445236166997347,23,5,0,
annex,random,5207,scenario_future,hash,0,16,16,True,3327.607663085282,207.97547894283014,13628.038315426411,88,82,16,0,0.6434806250035763,23,5,0,
annex,random,5208,future_cover,hash,0,15,15,True,2944.3758794565483,196.29172529710323,10996.87939728274,113,105,15,0,0.1766490839945618,0,0,0,
annex,random,5208,scenario,hash,0,15,15,True,3176.578254802402,211.7718836534935,12397.89127401201,105,97,15,0,0.5590794169984292,23,7,0,
annex,random,5208,scenario_future,hash,0,15,15,True,3176.578254802402,211.7718836534935,12397.89127401201,105,97,15,0,0.7344459999876563,23,7,0,
annex,random,5209,future_cover,hash,0,11,11,True,3215.2666948647766,292.29697226043425,12191.333474323883,121,117,11,0,0.14377462500124238,0,0,0,
annex,random,5209,scenario,hash,0,11,11,True,3226.4034246948627,293.3094022449875,12257.017123474314,121,115,11,0,0.43625429199892096,16,8,0,
annex,random,5209,scenario_future,hash,0,11,11,True,3226.4034246948627,293.3094022449875,12257.017123474314,121,115,11,0,0.4629469580249861,16,8,0,
annex,random,5210,future_cover,hash,0,15,15,True,3286.634162528089,219.10894416853927,12578.170812640445,117,111,15,0,0.1996060829842463,0,0,0,
annex,random,5210,scenario,hash,0,15,15,True,3338.8247298955966,222.5883153263731,13034.123649477984,110,107,15,0,0.5256977909884881,25,7,0,
annex,random,5210,scenario_future,hash,0,15,15,True,3338.8247298955966,222.5883153263731,13034.123649477984,110,107,15,0,0.5854218330059666,25,7,0,
annex,random,5211,future_cover,hash,0,16,16,True,3099.602726375393,193.72517039846207,11973.013631876966,105,100,16,0,0.17994179201195948,0,0,0,
annex,random,5211,scenario,hash,0,16,16,True,3301.920443655894,206.37002772849337,12879.60221827947,109,101,16,0,0.4538508339901455,18,8,0,
annex,random,5211,scenario_future,hash,0,16,16,True,3301.920443655894,206.37002772849337,12879.60221827947,109,101,16,0,0.5294637079932727,18,8,0,
annex,random,5212,future_cover,hash,0,15,15,True,3643.9184104388446,242.9278940292563,14244.592052194223,121,115,15,0,0.2480106659932062,0,0,0,
annex,random,5212,scenario,hash,0,15,15,True,3647.7133649145753,243.18089099430503,14508.566824572876,113,106,15,0,0.6473030839988496,27,5,0,
annex,random,5212,scenario_future,hash,0,15,15,True,3647.7133649145753,243.18089099430503,14508.566824572876,113,106,15,0,0.7049841249827296,27,5,0,
annex,random,5213,future_cover,hash,0,13,13,True,2863.7029147672747,220.28483959748266,10308.514573836374,124,117,13,0,0.17724766599712893,0,0,0,
annex,random,5213,scenario,hash,0,13,13,True,2966.827896675836,228.21753051352587,11114.139483379182,114,109,13,0,0.4407771669793874,19,2,0,
annex,random,5213,scenario_future,hash,0,13,13,True,2966.827896675836,228.21753051352587,11114.139483379182,114,109,13,0,0.48404895898420364,19,2,0,
annex,random,5214,future_cover,hash,0,13,13,True,3062.3574426745117,235.5659571288086,11311.787213372558,123,120,13,0,0.1493315830011852,0,0,0,
annex,random,5214,scenario,hash,0,13,13,True,3396.5906649924714,261.2762049994209,12357.953324962356,145,135,13,0,0.512583125004312,23,7,0,
annex,random,5214,scenario_future,hash,0,13,13,True,3399.6975421827397,261.51519555251843,12373.487710913698,145,135,13,0,0.5215271250053775,23,6,1,
annex,random,5215,future_cover,hash,0,15,15,True,3517.643012350602,234.5095341567068,13183.21506175301,135,131,15,0,0.4252101659949403,0,0,3,
annex,random,5215,scenario,hash,0,15,15,True,3716.274754515414,247.75165030102758,14401.37377257707,128,121,15,0,0.8343025829817634,24,6,0,
annex,random,5215,scenario_future,hash,0,15,15,True,3615.9671818385923,241.06447878923947,13739.835909192961,133,128,15,0,0.7577164999966044,24,5,3,
annex,random,5216,future_cover,hash,0,11,11,True,2860.747712287367,260.0679738443061,10368.738561436834,123,117,11,0,0.24832254101056606,0,0,1,
annex,random,5216,scenario,hash,0,11,11,True,2872.9998503867864,261.1818045806169,10459.999251933932,122,116,11,0,0.570673167007044,20,4,0,
annex,random,5216,scenario_future,hash,0,11,11,True,2872.9998503867864,261.1818045806169,10459.999251933932,122,116,11,0,0.5500439580064267,20,4,0,
annex,random,5217,future_cover,hash,0,14,14,True,3332.88224750687,238.06301767906214,12734.41123753435,120,116,14,0,0.20622295801877044,0,0,0,
annex,random,5217,scenario,hash,0,14,14,True,3360.595684450128,240.04254888929486,12737.978422250639,125,118,14,0,0.6161188330152072,26,7,0,
annex,random,5217,scenario_future,hash,0,14,14,True,3360.595684450128,240.04254888929486,12737.978422250639,125,118,14,0,0.6862178750161547,26,7,0,
annex,random,5218,future_cover,hash,0,15,15,True,3371.986572268306,224.79910481788707,13029.932861341531,116,111,15,0,0.19512824999401346,0,0,0,
annex,random,5218,scenario,hash,0,15,15,True,3615.088947396755,241.00592982645034,14335.444736983774,113,108,15,0,0.5214998339943122,24,6,0,
annex,random,5218,scenario_future,hash,0,15,15,True,3615.088947396755,241.00592982645034,14335.444736983774,113,108,15,0,0.634418875008123,24,6,0,
annex,random,5219,future_cover,hash,0,12,12,True,2990.534660241808,249.21122168681734,10752.67330120904,131,125,12,0,0.1641750409908127,0,0,0,
annex,random,5219,scenario,hash,0,12,12,True,3140.131827287695,261.6776522739746,11590.659136438477,128,122,12,0,0.41663074999814853,23,7,0,
annex,random,5219,scenario_future,hash,0,12,12,True,3140.131827287695,261.6776522739746,11590.659136438477,128,122,12,0,0.42900816700421274,23,7,0,
annex,random,5220,future_cover,hash,0,14,14,True,3243.0634765676614,231.64739118340438,12085.317382838306,127,121,14,0,0.2101065830211155,0,0,4,
annex,random,5220,scenario,hash,0,14,14,True,3443.2942730822297,245.94959093444498,13251.471365411147,123,108,14,0,0.3985231670085341,23,4,0,
annex,random,5220,scenario_future,hash,0,14,14,True,3443.2942730822297,245.94959093444498,13251.471365411147,123,108,14,0,0.4412468340015039,23,4,0,
annex,random,5221,future_cover,hash,0,15,15,True,3379.4589622744734,225.29726415163157,12982.294811372367,119,113,15,0,0.1354498330038041,0,0,0,
annex,random,5221,scenario,hash,0,15,15,True,3605.819952253436,240.38799681689574,13999.09976126718,123,116,15,0,0.36178862501401454,18,8,0,
annex,random,5221,scenario_future,hash,0,15,15,True,3605.819952253436,240.38799681689574,13999.09976126718,123,116,15,0,0.4133906250062864,18,8,0,
annex,random,5222,future_cover,hash,0,13,13,True,2966.3165517827174,228.17819629097826,11001.582758913586,118,111,13,0,0.19409683300182223,0,0,0,
annex,random,5222,scenario,hash,0,13,13,True,3227.6513068360564,248.28086975661972,12278.256534180282,119,112,13,0,0.4772257920121774,24,5,0,
annex,random,5222,scenario_future,hash,0,13,13,True,3227.6513068360564,248.28086975661972,12278.256534180282,119,112,13,0,0.5743906660063658,24,5,0,
annex,random,5223,future_cover,hash,0,10,10,True,2915.7101688072207,291.5710168807221,9998.550844036105,145,141,10,0,0.14418291600304656,0,0,0,
annex,random,5223,scenario,hash,0,10,10,True,2890.904395884811,289.0904395884811,10189.521979424055,135,128,10,0,0.33872766699641943,20,7,0,
annex,random,5223,scenario_future,hash,0,10,10,True,2885.2421043946165,288.5242104394616,10196.210521973082,134,126,10,0,0.41106091599795036,20,7,1,
annex,random,5224,future_cover,hash,0,14,14,True,3198.7898607185225,228.48499005132302,11853.949303592612,127,123,14,0,0.18249666597694159,0,0,1,
annex,random,5224,scenario,hash,0,14,14,True,3443.3119019322953,245.95085013802108,13301.559509661476,120,113,14,0,0.4067673750105314,18,8,0,
annex,random,5224,scenario_future,hash,0,14,14,True,3443.3119019322953,245.95085013802108,13301.559509661476,120,113,14,0,0.45427662500878796,18,8,0,
annex,random,5225,future_cover,hash,0,11,11,True,2944.6091659845847,267.69174236223495,10538.045829922923,131,127,11,0,0.11918241699459031,0,0,0,
annex,random,5225,scenario,hash,0,11,11,True,2958.1849341929947,268.92590310845407,10520.924670964974,134,129,11,0,0.3987384999927599,23,3,0,
annex,random,5225,scenario_future,hash,0,11,11,True,2958.1849341929947,268.92590310845407,10520.924670964974,134,129,11,0,0.42672629200387746,23,3,0,
annex,random,5226,future_cover,hash,0,12,12,True,3067.582983959914,255.63191532999284,11037.91491979957,134,130,12,0,0.15033579201553948,0,0,1,
annex,random,5226,scenario,hash,0,12,12,True,3065.943529403415,255.49529411695127,11429.717647017076,121,115,12,0,0.6347890409815591,21,6,0,
annex,random,5226,scenario_future,hash,0,12,12,True,3065.943529403415,255.49529411695127,11429.717647017076,121,115,12,0,0.6979617499746382,21,6,0,
annex,random,5227,future_cover,hash,0,10,10,True,2977.627454189923,297.76274541899227,11333.137270949614,111,106,10,0,0.14962433301843703,0,0,0,
annex,random,5227,scenario,hash,0,10,10,True,3045.284301488081,304.52843014880807,11681.421507440406,111,104,10,0,0.523887666000519,19,4,0,
annex,random,5227,scenario_future,hash,0,10,10,True,3045.284301488081,304.52843014880807,11681.421507440406,111,104,10,0,0.5709504999977071,19,4,0,
annex,random,5228,future_cover,hash,0,11,11,True,3088.2206534938055,280.7473321358005,11771.103267469027,114,109,11,0,0.4301529169897549,0,0,0,
annex,random,5228,scenario,hash,0,11,11,True,3152.168288221442,286.5607534746765,12150.84144110721,112,107,11,0,0.6954162920010276,19,2,0,
annex,random,5228,scenario_future,hash,0,11,11,True,3152.168288221442,286.5607534746765,12150.84144110721,112,107,11,0,0.35839899998973124,19,2,0,
annex,random,5229,future_cover,hash,0,11,11,True,2814.4302802689404,255.8572982062673,9862.151401344701,132,127,11,0,0.11743279101210646,0,0,0,
annex,random,5229,scenario,hash,0,11,11,True,3025.3796967416024,275.0345178856002,11146.898483708012,125,116,11,0,0.31862866700976156,21,6,0,
annex,random,5229,scenario_future,hash,0,11,11,True,3025.3796967416024,275.0345178856002,11146.898483708012,125,116,11,0,0.3628929159895051,21,6,0,
annex,random,5230,future_cover,hash,0,12,12,True,2732.2881994491117,227.69068328742597,9781.44099724556,120,116,12,0,0.11431170802097768,0,0,0,
annex,random,5230,scenario,hash,0,12,12,True,2933.9570159312434,244.49641799427027,10669.785079656218,124,120,12,0,0.3259077919938136,19,6,0,
annex,random,5230,scenario_future,hash,0,12,12,True,2933.9570159312434,244.49641799427027,10669.785079656218,124,120,12,0,0.36664691698388197,19,6,0,
annex,random,5231,future_cover,hash,0,11,11,True,3181.6401405674906,289.24001277886276,11913.200702837454,125,119,11,0,0.10479508299613371,0,0,0,
annex,random,5231,scenario,hash,0,11,11,True,3203.364289030932,291.21493536644834,12061.821445154661,124,116,11,0,0.35062874999130145,22,6,0,
annex,random,5231,scenario_future,hash,0,11,11,True,3203.364289030932,291.21493536644834,12061.821445154661,124,116,11,0,0.3605151250085328,22,6,0,
annex,random,5232,future_cover,hash,0,13,13,True,2958.9980339077806,227.61523337752158,10859.990169538904,121,117,13,0,0.11935337499016896,0,0,0,
annex,random,5232,scenario,hash,0,13,13,True,3043.8457360309944,234.14197969469188,11244.228680154973,123,115,13,0,0.3435496249876451,16,8,0,
annex,random,5232,scenario_future,hash,0,13,13,True,3047.794567865718,234.4457359896706,11263.97283932859,123,115,13,0,0.3853865420096554,16,8,1,
annex,random,5233,future_cover,hash,0,12,12,True,3074.219299750512,256.184941645876,11421.09649875256,123,115,12,0,0.11822699999902397,0,0,0,
annex,random,5233,scenario,hash,0,12,12,True,3129.0380719878,260.75317266564997,11605.190359938999,126,118,12,0,0.34610733299632557,21,7,0,
annex,random,5233,scenario_future,hash,0,12,12,True,3129.0380719878,260.75317266564997,11605.190359938999,126,118,12,0,0.37536041700514033,21,7,0,
annex,random,5234,future_cover,hash,0,10,10,True,2830.3505391657623,283.0350539165762,10371.75269582881,119,111,10,0,0.08687945798737928,0,0,0,
annex,random,5234,scenario,hash,0,10,10,True,3040.2023248832224,304.0202324883222,11421.011624416113,119,111,10,0,0.2614949169801548,19,2,0,
annex,random,5234,scenario_future,hash,0,10,10,True,3040.2023248832224,304.0202324883222,11421.011624416113,119,111,10,0,0.2876713339937851,19,2,0,
annex,random,5235,future_cover,hash,0,12,12,True,3272.2828876139324,272.6902406344944,12306.414438069662,126,121,12,0,0.12417491700034589,0,0,0,
annex,random,5235,scenario,hash,0,12,12,True,3366.8681039834537,280.57234199862114,12569.340519917268,133,128,12,0,0.3866297909989953,21,7,0,
annex,random,5235,scenario_future,hash,0,12,12,True,3366.8681039834537,280.57234199862114,12569.340519917268,133,128,12,0,0.3961791659821756,21,7,0,
annex,random,5236,future_cover,hash,0,12,12,True,2888.911686115317,240.74264050960974,10604.558430576586,119,113,12,0,0.13612170799751766,0,0,1,
annex,random,5236,scenario,hash,0,12,12,True,3050.86009270275,254.2383410585625,11729.300463513751,109,100,12,0,0.4303188750054687,22,3,0,
annex,random,5236,scenario_future,hash,0,12,12,True,3050.86009270275,254.2383410585625,11729.300463513751,109,100,12,0,0.466293624980608,22,3,0,
annex,random,5237,future_cover,hash,0,12,12,True,3408.177085976222,284.01475716468514,12985.88542988111,126,121,12,0,0.10477058298420161,0,0,3,
annex,random,5237,scenario,hash,0,12,12,True,3444.7498925327964,287.0624910443997,13173.749462663982,126,120,12,0,0.3508472499961499,19,4,0,
annex,random,5237,scenario_future,hash,0,12,12,True,3365.081774188025,280.4234811823354,12745.408870940126,127,121,12,0,0.35774129201308824,19,5,2,
annex,random,5238,future_cover,hash,0,16,16,True,2783.3511540130453,173.95944712581533,10041.755770065227,117,110,16,0,0.21034741698531434,0,0,2,
annex,random,5238,scenario,hash,0,16,16,True,3419.2919215763395,213.70574509852122,13541.459607881698,107,96,16,0,0.4190399579820223,15,8,0,
annex,random,5238,scenario_future,hash,0,16,16,True,3419.2919215763395,213.70574509852122,13541.459607881698,107,96,16,0,0.5137253749999218,15,8,0,
annex,random,5239,future_cover,hash,0,16,16,True,3679.524537463883,229.9702835914927,14677.622687319415,112,104,16,0,0.15629029198316857,0,0,0,
annex,random,5239,scenario,hash,0,16,16,True,4039.8186059859245,252.48866287412028,16469.093029929623,113,101,16,0,0.4388688750041183,29,6,0,
annex,random,5239,scenario_future,hash,0,16,16,True,4039.8186059859245,252.48866287412028,16469.093029929623,113,101,16,0,0.518446457979735,29,6,0,
annex,random,5240,future_cover,hash,0,11,11,True,2994.984394902392,272.2713086274902,11009.92197451196,124,118,11,0,0.08425658300984651,0,0,0,
annex,random,5240,scenario,hash,0,11,11,True,2902.144760025277,263.83134182047974,10530.723800126383,125,116,11,0,0.2687951670086477,21,4,0,
annex,random,5240,scenario_future,hash,0,11,11,True,2902.144760025277,263.83134182047974,10530.723800126383,125,116,11,0,0.3285540830111131,21,4,0,
annex,random,5241,future_cover,hash,0,14,14,True,3414.0764230082095,243.86260164344353,12370.382115041048,146,140,14,0,0.15930041699903086,0,0,0,
annex,random,5241,scenario,hash,0,14,14,True,3529.692916498908,252.12092260706484,12983.464582494538,145,138,14,0,0.4485002080036793,17,8,0,
annex,random,5241,scenario_future,hash,0,14,14,True,3529.692916498908,252.12092260706484,12983.464582494538,145,138,14,0,0.5305552080099005,17,8,0,
annex,random,5242,future_cover,hash,0,14,14,True,3335.7983057288293,238.27130755205923,12133.991528644146,141,134,14,0,0.1942419169936329,0,0,0,
annex,random,5242,scenario,hash,0,14,14,True,3196.538613042697,228.3241866459069,11962.693065213485,123,119,14,0,0.39917329099262133,19,4,0,
annex,random,5242,scenario_future,hash,0,14,14,True,3196.538613042697,228.3241866459069,11962.693065213485,123,119,14,0,0.4407730420061853,19,4,0,
annex,random,5243,future_cover,hash,0,13,13,True,2909.0976488783313,223.7767422214101,10590.488244391656,122,116,13,0,0.1402409999864176,0,0,0,
annex,random,5243,scenario,hash,0,13,13,True,3043.738496585266,234.13373050655895,11118.69248292633,127,120,13,0,0.33129858298343606,21,2,0,
annex,random,5243,scenario_future,hash,0,13,13,True,3043.738496585266,234.13373050655895,11118.69248292633,127,120,13,0,0.5838036250206642,21,2,0,
annex,random,5244,future_cover,hash,0,16,16,True,2836.159829343723,177.25998933398267,10730.799146718615,103,95,16,0,0.18851204199017957,0,0,0,
annex,random,5244,scenario,hash,0,16,16,True,3150.5461803924345,196.90913627452716,12567.730901962173,94,87,16,0,0.8009031249966938,23,5,0,
annex,random,5244,scenario_future,hash,0,16,16,True,3150.5461803924345,196.90913627452716,12567.730901962173,94,87,16,0,0.9739607080118731,23,5,0,
annex,random,5245,future_cover,hash,0,10,10,True,2787.6135107883492,278.76135107883493,9803.067553941746,130,127,10,0,0.2872770409740042,0,0,0,
annex,random,5245,scenario,hash,0,10,10,True,2843.3611007132213,284.33611007132214,9801.805503566107,140,133,10,0,0.6771225419943221,19,6,0,
annex,random,5245,scenario_future,hash,0,10,10,True,2843.3611007132213,284.33611007132214,9801.805503566107,140,133,10,0,0.6677471250004601,19,6,0,
annex,random,5246,future_cover,hash,0,16,16,True,3587.457000369942,224.21606252312137,14027.285001849708,118,112,16,0,0.2727367919869721,0,0,0,
annex,random,5246,scenario,hash,0,16,16,True,3694.690617775628,230.91816361097676,14528.453088878141,119,114,16,0,0.7358810839941725,27,4,0,
annex,random,5246,scenario_future,hash,0,16,16,True,3694.690617775628,230.91816361097676,14528.453088878141,119,114,16,0,0.7568230420001782,27,4,0,
annex,random,5247,future_cover,hash,0,16,16,True,3303.7706285985532,206.48566428740958,12368.853142992766,126,120,16,0,0.2549852080119308,0,0,0,
annex,random,5247,scenario,hash,0,16,16,True,3297.71406127446,206.10712882965376,12323.570306372301,127,118,16,0,0.5371649160224479,27,7,0,
annex,random,5247,scenario_future,hash,0,16,16,True,3297.71406127446,206.10712882965376,12323.570306372301,127,118,16,0,0.5756990000081714,27,7,0,
annex,random,5248,future_cover,hash,0,10,10,True,3038.0048613103363,303.8004861310336,11345.02430655168,121,114,10,0,0.08720279100816697,0,0,0,
annex,random,5248,scenario,hash,0,10,10,True,3068.8575572558593,306.8857557255859,11344.287786279296,127,115,10,0,0.26618783301091753,20,2,0,
annex,random,5248,scenario_future,hash,0,10,10,True,3068.8575572558593,306.8857557255859,11344.287786279296,127,115,10,0,0.31312170799355954,20,2,0,
annex,random,5249,future_cover,hash,0,14,14,True,3046.1009659036263,217.5786404216876,11215.504829518131,123,118,14,0,0.18047958298120648,0,0,0,
annex,random,5249,scenario,hash,0,14,14,True,3175.9752327826045,226.85537377018605,11724.876163913023,128,121,14,0,0.3928723339922726,21,7,0,
annex,random,5249,scenario_future,hash,0,14,14,True,3175.9752327826045,226.85537377018605,11724.876163913023,128,121,14,0,0.441260332998354,21,7,0,
annex,random,5250,future_cover,hash,0,13,13,True,3420.5112598595815,263.1162507584294,13352.556299297907,115,110,13,0,0.09176716700312681,0,0,1,
annex,random,5250,scenario,hash,0,13,13,True,3593.6057213834256,276.4312093371866,14058.028606917129,121,112,13,0,0.37272099999245256,23,8,0,
annex,random,5250,scenario_future,hash,0,13,13,True,3691.6875805169757,283.97596773207505,14653.437902584878,117,111,13,0,0.41770020898547955,23,8,1,
annex,random,5251,future_cover,hash,0,15,15,True,3260.8587943965445,217.39058629310296,12539.293971982723,114,108,15,0,0.13491608400363475,0,0,0,
annex,random,5251,scenario,hash,0,15,15,True,3679.2132930729235,245.28088620486156,14406.066465364618,122,113,15,0,0.3310548749868758,18,8,0,
annex,random,5251,scenario_future,hash,0,15,15,True,3645.153935222212,243.01026234814748,14000.76967611106,130,120,15,0,0.4029586249962449,18,8,3,
annex,random,5252,future_cover,hash,0,14,14,True,2810.8268201238475,200.77334429456053,10364.134100619238,112,108,14,0,0.1613284999912139,0,0,0,
annex,random,5252,scenario,hash,0,14,14,True,3000.559852038906,214.3257037170647,11287.79926019453,113,108,14,0,0.3263774170191027,23,5,0,
annex,random,5252,scenario_future,hash,0,14,14,True,3000.559852038906,214.3257037170647,11287.79926019453,113,108,14,0,0.3883027500123717,23,5,0,
annex,random,5253,future_cover,hash,0,14,14,True,3535.947275544862,252.5676625389187,13504.73637772431,128,125,14,0,0.14862454199464992,0,0,0,
annex,random,5253,scenario,hash,0,14,14,True,3674.1354878547013,262.4382491324787,14185.677439273506,130,117,14,0,0.3892632499919273,23,7,0,
annex,random,5253,scenario_future,hash,0,14,14,True,3674.1354878547013,262.4382491324787,14185.677439273506,130,117,14,0,0.44316416699439287,23,7,0,
annex,random,5254,future_cover,hash,0,16,16,True,3029.0959212839452,189.31849508024658,11175.479606419727,120,114,16,0,0.23970350000308827,0,0,0,
annex,random,5254,scenario,hash,0,16,16,True,3177.809494485005,198.6130934053128,11794.047472425025,124,119,16,0,0.5185177920211572,24,5,0,
annex,random,5254,scenario_future,hash,0,16,16,True,3177.809494485005,198.6130934053128,11794.047472425025,124,119,16,0,0.5728682499902789,24,5,0,
annex,random,5255,future_cover,hash,0,15,15,True,3535.42022787374,235.6946818582493,13182.101139368699,138,134,15,0,0.1879729590145871,0,0,3,
annex,random,5255,scenario,hash,0,15,15,True,3447.965055786919,229.86433705246128,13289.825278934595,121,110,15,0,0.49212470900965855,25,7,0,
annex,random,5255,scenario_future,hash,0,15,15,True,3447.965055786919,229.86433705246128,13289.825278934595,121,110,15,0,0.41489954199641943,25,7,1,
annex,random,5256,future_cover,hash,0,15,15,True,3229.9604160622816,215.3306944041521,12194.802080311409,120,116,15,0,0.15869945799931884,0,0,7,
annex,random,5256,scenario,hash,0,15,15,True,3408.4279889172103,227.2285325944807,13077.139944586052,121,113,15,0,0.4559282090049237,27,7,0,
annex,random,5256,scenario_future,hash,0,15,15,True,3408.4279889172103,227.2285325944807,13077.139944586052,121,113,15,0,0.5255410420068074,27,7,0,
annex,random,5257,future_cover,hash,0,10,10,True,2981.0236339884464,298.10236339884466,10810.118169942232,129,124,10,0,0.09407125000143424,0,0,0,
annex,random,5257,scenario,hash,0,10,10,True,3054.972891759193,305.49728917591926,11149.864458795964,130,125,10,0,0.272131416015327,19,4,0,
annex,random,5257,scenario_future,hash,0,10,10,True,3054.972891759193,305.49728917591926,11149.864458795964,130,125,10,0,0.2781468750035856,19,4,0,
annex,random,5258,future_cover,hash,0,16,16,True,3459.434820097787,216.2146762561117,13267.174100488935,122,116,16,0,0.15344058300252073,0,0,2,
annex,random,5258,scenario,hash,0,16,16,True,3593.7693663565433,224.61058539728396,14128.846831782716,116,108,16,0,0.38885149999987334,27,7,0,
annex,random,5258,scenario_future,hash,0,16,16,True,3593.7693663565433,224.61058539728396,14128.846831782716,116,108,16,0,0.43083650001790375,27,7,0,
annex,random,5259,future_cover,hash,0,16,16,True,3299.546002201615,206.22162513760094,12457.730011008074,123,113,16,0,0.14666458402643912,0,0,0,
annex,random,5259,scenario,hash,0,16,16,True,3689.6907042576277,230.60566901610173,14433.453521288138,122,113,16,0,0.3626865409896709,25,6,0,
annex,random,5259,scenario_future,hash,0,16,16,True,3689.6907042576277,230.60566901610173,14433.453521288138,122,113,16,0,0.4176249169977382,25,6,0,
annex,random,5260,future_cover,hash,0,16,16,True,3045.127794979721,190.32048718623255,11105.638974898604,125,119,16,0,0.20359874999849126,0,0,0,
annex,random,5260,scenario,hash,0,16,16,True,3300.300111774202,206.26875698588762,12431.50055887101,124,114,16,0,0.6403148749959655,23,6,0,
annex,random,5260,scenario_future,hash,0,16,16,True,3300.300111774202,206.26875698588762,12431.50055887101,124,114,16,0,0.7182818750152364,23,6,0,
annex,random,5261,future_cover,hash,0,11,11,True,2869.752990874621,260.88663553405644,10423.764954373106,122,120,11,0,0.1442022499977611,0,0,0,
annex,random,5261,scenario,hash,0,11,11,True,2935.789970201292,266.88999729102653,10823.94985100646,120,116,11,0,0.4369523329951335,22,6,0,
annex,random,5261,scenario_future,hash,0,11,11,True,2935.789970201292,266.88999729102653,10823.94985100646,120,116,11,0,0.42991537498892285,22,6,0,
annex,random,5262,future_cover,hash,0,14,14,True,3049.2882520633834,217.8063037188131,10936.441260316917,133,127,14,0,0.16349670800263993,0,0,0,
annex,random,5262,scenario,hash,0,14,14,True,2979.8420422939116,212.84586016385083,11174.210211469557,114,105,14,0,0.3543777089798823,21,6,0,
annex,random,5262,scenario_future,hash,0,14,14,True,2979.8420422939116,212.84586016385083,11174.210211469557,114,105,14,0,0.3936737079930026,21,6,0,
annex,random,5263,future_cover,hash,0,12,12,True,2993.507620654111,249.4589683878426,11152.538103270555,118,113,12,0,0.1115436659893021,0,0,0,
annex,random,5263,scenario,hash,0,12,12,True,3057.942303241727,254.82852527014393,11464.711516208636,118,115,12,0,0.3268452500051353,20,4,0,
annex,random,5263,scenario_future,hash,0,12,12,True,3057.942303241727,254.82852527014393,11464.711516208636,118,115,12,0,0.34324112499598414,20,4,0,
annex,random,5264,future_cover,hash,0,14,14,True,3073.072363590435,219.5051688278882,11450.361817952176,119,118,14,0,0.16451412500464357,0,0,1,
annex,random,5264,scenario,hash,0,14,14,True,3584.822109134303,256.05872208102164,14189.110545671514,114,107,14,0,0.39428100001532584,18,8,0,
annex,random,5264,scenario_future,hash,0,14,14,True,3480.3501049942083,248.5964360710149,13461.750524971041,121,113,14,0,0.4961827500083018,22,5,1,
annex,random,5265,future_cover,hash,0,11,11,True,2697.522059168924,245.2292781062658,9642.61029584462,120,114,11,0,0.07888045802246779,0,0,0,
annex,random,5265,scenario,hash,0,11,11,True,2685.7243541227303,244.15675946570275,9613.621770613652,119,113,11,0,0.26655774997198023,16,5,0,
annex,random,5265,scenario_future,hash,0,11,11,True,2685.7243541227303,244.15675946570275,9613.621770613652,119,113,11,0,0.31525391701143235,16,5,0,
annex,random,5266,future_cover,hash,0,10,10,True,2796.0718437609075,279.60718437609074,10130.359218804537,121,115,10,0,0.09270916599780321,0,0,0,
annex,random,5266,scenario,hash,0,10,10,True,2943.9791380800175,294.39791380800176,10924.895690400088,119,114,10,0,0.27111779199913144,16,6,0,
annex,random,5266,scenario_future,hash,0,10,10,True,2943.9791380800175,294.39791380800176,10924.895690400088,119,114,10,0,0.31316449999576434,16,6,0,
annex,random,5267,future_cover,hash,0,10,10,True,2996.755495379636,299.6755495379636,10983.77747689818,126,120,10,0,0.09301633297582157,0,0,0,
annex,random,5267,scenario,hash,0,10,10,True,3077.1737376103474,307.71737376103476,11410.868688051736,125,120,10,0,0.32795841598999687,19,4,0,
annex,random,5267,scenario_future,hash,0,10,10,True,3077.1737376103474,307.71737376103476,11410.868688051736,125,120,10,0,0.3212380409822799,19,4,0,
annex,random,5268,future_cover,hash,0,13,13,True,3167.7692312365402,243.67455624896462,11488.8461561827,135,130,13,0,0.12338579201605171,0,0,0,
annex,random,5268,scenario,hash,0,13,13,True,3189.160496509339,245.32003819302605,11815.802482546695,128,121,13,0,0.41166833401075564,19,7,0,
annex,random,5268,scenario_future,hash,0,13,13,True,3189.160496509339,245.32003819302605,11815.802482546695,128,121,13,0,0.4479970420070458,19,7,0,
annex,random,5269,future_cover,hash,0,13,13,True,3130.4236074100963,240.80181595462278,11872.11803705048,116,111,13,0,0.13245712500065565,0,0,0,
annex,random,5269,scenario,hash,0,13,13,True,3231.5081965639333,248.57755358184102,12487.540982819666,112,109,13,0,0.37518795899813995,22,3,0,
annex,random,5269,scenario_future,hash,0,13,13,True,3231.5081965639333,248.57755358184102,12487.540982819666,112,109,13,0,0.4223334580019582,22,3,0,
annex,random,5270,future_cover,hash,0,11,11,True,2658.890102324932,241.71728202953926,9519.450511624658,118,110,11,0,0.08866158299497329,0,0,2,
annex,random,5270,scenario,hash,0,11,11,True,2805.165937124391,255.01508519312645,10290.829685621955,116,112,11,0,0.25360791699495167,14,5,0,
annex,random,5270,scenario_future,hash,0,11,11,True,2805.165937124391,255.01508519312645,10290.829685621955,116,112,11,0,0.27072704100282863,14,5,1,
annex,random,5271,future_cover,hash,0,16,16,True,3320.922407466595,207.55765046666218,12524.612037332974,124,116,16,0,0.21182724999380298,0,0,0,
annex,random,5271,scenario,hash,0,16,16,True,3487.075525046739,217.9422203154212,13525.377625233696,119,107,16,0,0.37274133297614753,22,8,0,
annex,random,5271,scenario_future,hash,0,16,16,True,3487.075525046739,217.9422203154212,13525.377625233696,119,107,16,0,0.4138645000057295,22,8,0,
annex,random,5272,future_cover,hash,0,14,14,True,3234.4095371304934,231.0292526521781,12552.047685652467,110,104,14,0,0.14686229100334458,0,0,0,
annex,random,5272,scenario,hash,0,14,14,True,3554.199855148714,253.87141822490815,13880.99927574357,119,113,14,0,0.36714445901452564,24,7,0,
annex,random,5272,scenario_future,hash,0,14,14,True,3554.199855148714,253.87141822490815,13880.99927574357,119,113,14,0,0.4119043749815319,24,7,0,
annex,random,5273,future_cover,hash,0,12,12,True,3093.4197175851104,257.78497646542587,11537.098587925551,122,116,12,0,0.134719416993903,0,0,0,
annex,random,5273,scenario,hash,0,12,12,True,3284.8107088086385,273.7342257340532,12404.053544043192,125,119,12,0,0.32610970799578354,21,7,0,
annex,random,5273,scenario_future,hash,0,12,12,True,3284.8107088086385,273.7342257340532,12404.053544043192,125,119,12,0,0.37249641699600033,21,7,0,
annex,random,5274,future_cover,hash,0,14,14,True,3010.377161091846,215.026940077989,11171.885805459231,118,116,14,0,0.14495320798596367,0,0,0,
annex,random,5274,scenario,hash,0,14,14,True,3270.8056015712673,233.6289715408048,12254.028007856336,126,120,14,0,0.5480058749963064,23,5,0,
annex,random,5274,scenario_future,hash,0,14,14,True,3270.8056015712673,233.6289715408048,12254.028007856336,126,120,14,0,0.6022705410141498,23,5,0,
annex,random,5275,future_cover,hash,0,14,14,True,3209.2838665926974,229.2345618994784,12211.419332963487,117,112,14,0,0.13801554101519287,0,0,0,
annex,random,5275,scenario,hash,0,14,14,True,3270.8946611994293,233.63533294281638,12424.473305997146,121,111,14,0,0.38924716698238626,24,3,0,
annex,random,5275,scenario_future,hash,0,14,14,True,3270.8946611994293,233.63533294281638,12424.473305997146,121,111,14,0,0.465351874998305,24,3,0,
annex,random,5276,future_cover,hash,0,15,15,True,3062.2961560209305,204.15307706806203,11486.480780104652,116,110,15,0,0.1881347909802571,0,0,0,
annex,random,5276,scenario,hash,0,15,15,True,3218.7351588437946,214.58234392291965,12553.675794218972,107,98,15,0,0.35337779100518674,23,3,0,
annex,random,5276,scenario_future,hash,0,15,15,True,3218.7351588437946,214.58234392291965,12553.675794218972,107,98,15,0,0.3964669590059202,23,3,0,
annex,random,5277,future_cover,hash,0,16,16,True,3592.46514478675,224.52907154917187,14227.325723933749,112,107,16,0,0.1894083329825662,0,0,0,
annex,random,5277,scenario,hash,0,16,16,True,3619.016939639492,226.18855872746826,14190.084698197461,119,106,16,0,0.3676740420050919,28,7,0,
annex,random,5277,scenario_future,hash,0,16,16,True,3847.441197008148,240.46507481300924,15367.205985040739,117,109,16,0,0.46312595799099654,29,7,13,
annex,random,5278,future_cover,hash,0,10,10,True,3017.9194154916904,301.79194154916905,11349.597077458453,117,113,10,0,0.10483954200753942,0,0,0,
annex,random,5278,scenario,hash,0,10,10,True,3206.0680702357067,320.6068070235707,12140.340351178535,123,113,10,0,0.31949408299988136,23,5,0,
annex,random,5278,scenario_future,hash,0,10,10,True,3206.0680702357067,320.6068070235707,12140.340351178535,123,113,10,0,0.34442962499451824,23,5,0,
annex,random,5279,future_cover,hash,0,10,10,True,2956.536452661775,295.6536452661775,10902.682263308874,122,116,10,0,0.08845274997293018,0,0,0,
annex,random,5279,scenario,hash,0,10,10,True,3127.21791766524,312.721791766524,11656.089588326198,125,121,10,0,0.31970062499749474,20,5,0,
annex,random,5279,scenario_future,hash,0,10,10,True,3127.21791766524,312.721791766524,11656.089588326198,125,121,10,0,0.33560537500306964,20,5,0,
annex,random,5280,future_cover,hash,0,11,11,True,2953.169771502885,268.469979227535,10425.848857514426,137,128,11,0,0.10864662501262501,0,0,0,
annex,random,5280,scenario,hash,0,11,11,True,2961.6438861636348,269.24035328760317,10583.219430818173,133,125,11,0,0.27534095899318345,15,5,0,
annex,random,5280,scenario_future,hash,0,11,11,True,2961.6438861636348,269.24035328760317,10583.219430818173,133,125,11,0,0.3120274580141995,15,5,3,
annex,random,5281,future_cover,hash,0,13,13,True,3118.1415162355997,239.85703971043074,11415.707581177998,129,125,13,0,0.17232037501526065,0,0,0,
annex,random,5281,scenario,hash,0,13,13,True,3080.4116537462537,236.95474259586567,11427.058268731269,123,115,13,0,0.3660887500154786,23,3,0,
annex,random,5281,scenario_future,hash,0,13,13,True,3080.667507043843,236.97442361875716,11428.337535219216,123,115,13,0,0.41298408299917355,23,3,12,
annex,random,5282,future_cover,hash,0,10,10,True,2840.045828874519,284.0045828874519,10455.229144372595,118,109,10,0,0.14505049999570474,0,0,0,
annex,random,5282,scenario,hash,0,10,10,True,3037.9803581579645,303.7980358157964,11519.901790789823,115,109,10,0,0.44998695800313726,21,5,0,
annex,random,5282,scenario_future,hash,0,10,10,True,2908.5386521057653,290.85386521057654,10832.693260528828,116,112,10,0,0.46191329197608866,18,2,1,
annex,random,5283,future_cover,hash,0,14,14,True,3397.859539083888,242.7042527917063,13089.29769541944,119,115,14,0,0.2053324159933254,0,0,0,
annex,random,5283,scenario,hash,0,14,14,True,3375.9069533955576,241.13621095682555,13259.534766977788,110,104,14,0,0.48813808397972025,21,2,0,
annex,random,5283,scenario_future,hash,0,14,14,True,3375.9069533955576,241.13621095682555,13259.534766977788,110,104,14,0,0.5571444169909228,21,2,0,
annex,random,5284,future_cover,hash,0,14,14,True,3343.403380872123,238.81452720515162,12847.016904360615,118,114,14,0,0.1319775000156369,0,0,0,
annex,random,5284,scenario,hash,0,14,14,True,3425.3173205917055,244.66552289940753,13191.586602958527,121,112,14,0,0.3631181670061778,26,7,0,
annex,random,5284,scenario_future,hash,0,14,14,True,3425.3173205917055,244.66552289940753,13191.586602958527,121,112,14,0,0.38977308402536437,26,7,0,
annex,random,5285,future_cover,hash,0,14,14,True,3264.0080134062227,233.14342952901592,12105.040067031114,130,123,14,0,0.1339972910063807,0,0,1,
annex,random,5285,scenario,hash,0,14,14,True,3359.1171387778463,239.93693848413187,12845.585693889232,122,110,14,0,0.3102715839922894,20,5,0,
annex,random,5285,scenario_future,hash,0,14,14,True,3343.0687664877287,238.79062617769492,12555.343832438644,129,117,14,0,0.3718012500030454,19,5,1,
annex,random,5286,future_cover,hash,0,11,11,True,2910.1497926946668,264.5590720631515,10680.748963473334,121,114,11,0,0.12818437500391155,0,0,0,
annex,random,5286,scenario,hash,0,11,11,True,2974.7313364614192,270.43012149649263,10893.656682307097,125,116,11,0,0.3213981659791898,22,6,0,
annex,random,5286,scenario_future,hash,0,11,11,True,2974.7313364614192,270.43012149649263,10893.656682307097,125,116,11,0,0.37002999999094754,22,6,0,
annex,random,5287,future_cover,hash,0,14,14,True,3171.365425814137,226.5261018438669,11471.827129070685,135,132,14,0,0.15365058300085366,0,0,0,
annex,random,5287,scenario,hash,0,14,14,True,3304.758154708433,236.0541539077452,12033.790773542163,139,133,14,0,0.3458403749973513,16,8,0,
annex,random,5287,scenario_future,hash,0,14,14,True,3304.758154708433,236.0541539077452,12033.790773542163,139,133,14,0,0.3748905829852447,16,8,0,
annex,random,5288,future_cover,hash,0,16,16,True,3432.9330978278476,214.55831861424048,13199.665489139239,120,113,16,0,0.11620258298353292,0,0,0,
annex,random,5288,scenario,hash,0,16,16,True,3569.6152514485343,223.1009532155334,13823.076257242672,122,115,16,0,0.3822522080154158,26,8,0,
annex,random,5288,scenario_future,hash,0,16,16,True,3569.6152514485343,223.1009532155334,13823.076257242672,122,115,16,0,0.39985829099896364,26,8,0,
annex,random,5289,future_cover,hash,0,15,15,True,3630.62148824826,242.041432549884,14363.1074412413,115,108,15,0,0.1114453749905806,0,0,0,
annex,random,5289,scenario,hash,0,15,15,True,3618.9317213343647,241.2621147556243,14249.658606671823,117,109,15,0,0.3634055000147782,25,8,0,
annex,random,5289,scenario_future,hash,0,15,15,True,3618.9317213343647,241.2621147556243,14249.658606671823,117,109,15,0,0.3667474589892663,25,8,0,
annex,random,5290,future_cover,hash,0,14,14,True,2991.624451963125,213.68746085450894,11203.122259815626,114,111,14,0,0.11315520800417289,0,0,0,
annex,random,5290,scenario,hash,0,14,14,True,3026.1425470098757,216.15303907213396,11460.712735049377,111,109,14,0,0.3248612080060411,23,4,0,
annex,random,5290,scenario_future,hash,0,14,14,True,3026.1425470098757,216.15303907213396,11460.712735049377,111,109,14,0,0.36872983298962936,23,4,0,
annex,random,5291,future_cover,hash,0,11,11,True,3019.6518971423957,274.5138088311269,11028.259485711978,127,124,11,0,0.11830558298970573,0,0,0,
annex,random,5291,scenario,hash,0,11,11,True,3211.6689935647646,291.9699085058877,12128.344967823823,123,116,11,0,0.2871206669951789,20,8,0,
annex,random,5291,scenario_future,hash,0,11,11,True,3211.6689935647646,291.9699085058877,12128.344967823823,123,116,11,0,0.3105510830064304,20,8,0,
annex,random,5292,future_cover,hash,0,11,11,True,2806.117037908897,255.10154890080884,10110.585189544485,122,119,11,0,0.0864182919904124,0,0,1,
annex,random,5292,scenario,hash,0,11,11,True,3010.301313161724,273.6637557419749,11076.50656580862,125,115,11,0,0.25317091698525473,17,7,0,
annex,random,5292,scenario_future,hash,0,11,11,True,3010.301313161724,273.6637557419749,11076.50656580862,125,115,11,0,0.26841362501727417,17,7,0,
annex,random,5293,future_cover,hash,0,14,14,True,3382.939714147956,241.63855101056828,12849.698570739778,125,118,14,0,0.10477795801125467,0,0,2,
annex,random,5293,scenario,hash,0,14,14,True,3411.8477683733154,243.70341202666538,12999.238841866576,125,117,14,0,0.25532575001125224,19,3,0,
annex,random,5293,scenario_future,hash,0,14,14,True,3377.6789103865754,241.2627793133268,12773.394551932877,127,118,14,0,0.2970332080149092,20,5,2,
annex,random,5294,future_cover,hash,0,11,11,True,2878.9927958024327,261.72661780022116,10529.963979012164,121,113,11,0,0.21008925000205636,0,0,0,
annex,random,5294,scenario,hash,0,11,11,True,2909.851142062683,264.53192200569845,10714.255710313415,120,112,11,0,0.3795153340033721,18,4,0,
annex,random,5294,scenario_future,hash,0,11,11,True,2909.851142062683,264.53192200569845,10714.255710313415,120,112,11,0,0.286764625023352,18,4,0,
annex,random,5295,future_cover,hash,0,14,14,True,3593.6559693434406,256.68971209596003,13998.279846717203,122,114,14,0,0.12010575001477264,0,0,0,
annex,random,5295,scenario,hash,0,14,14,True,3636.5370935149776,259.75264953678413,14047.685467574887,128,117,14,0,0.37205325000104494,26,6,0,
annex,random,5295,scenario_future,hash,0,14,14,True,3636.5370935149776,259.75264953678413,14047.685467574887,128,117,14,0,0.40061454102396965,26,6,0,
annex,random,5296,future_cover,hash,0,10,10,True,2733.550509421503,273.35505094215034,9572.752547107517,129,124,10,0,0.1511584169929847,0,0,0,
annex,random,5296,scenario,hash,0,10,10,True,2815.970346739756,281.5970346739756,9784.85173369878,136,129,10,0,0.4117384999990463,18,6,0,
annex,random,5296,scenario_future,hash,0,10,10,True,2815.970346739756,281.5970346739756,9784.85173369878,136,129,10,0,0.43254816698026843,18,6,0,
annex,random,5297,future_cover,hash,0,14,14,True,3119.8655071806143,222.84753622718674,11474.32753590307,127,120,14,0,0.20659679200616665,0,0,0,
annex,random,5297,scenario,hash,0,14,14,True,3213.4236271938225,229.53025908527303,12077.118135969113,122,118,14,0,0.45461258399882354,22,6,0,
annex,random,5297,scenario_future,hash,0,14,14,True,3213.4236271938225,229.53025908527303,12077.118135969113,122,118,14,0,0.4798375410027802,22,6,0,
annex,random,5298,future_cover,hash,0,14,14,True,3300.922817797694,235.78020127126385,12194.61408898847,133,127,14,0,0.15036870900075883,0,0,0,
annex,random,5298,scenario,hash,0,14,14,True,3428.6428241637614,244.9030588688401,13138.214120818808,123,116,14,0,0.2801948339911178,14,8,0,
annex,random,5298,scenario_future,hash,0,14,14,True,3428.6428241637614,244.9030588688401,13138.214120818808,123,116,14,0,0.3643570419808384,14,8,0,
annex,random,5299,future_cover,hash,0,15,15,True,3045.7755619465197,203.05170412976798,11363.877809732598,117,113,15,0,0.12382879198412411,0,0,0,
annex,random,5299,scenario,hash,0,15,15,True,3017.8045763104574,201.18697175403048,11229.022881552288,118,107,15,0,0.3946365410229191,24,6,0,
annex,random,5299,scenario_future,hash,0,15,15,True,3017.8045763104574,201.18697175403048,11229.022881552288,118,107,15,0,0.416135542007396,24,6,0,
annex,random,5300,future_cover,hash,0,15,15,True,3511.3866752174017,234.09244501449345,13496.933376087009,124,117,15,0,0.11653820800711401,0,0,0,
annex,random,5300,scenario,hash,0,15,15,True,3376.600567581986,225.10670450546573,12773.002837909931,126,117,15,0,0.412334374996135,25,6,0,
annex,random,5300,scenario_future,hash,0,15,15,True,3376.600567581986,225.10670450546573,12773.002837909931,126,117,15,0,0.44694200000958517,25,6,0,
annex,random,5301,future_cover,hash,0,11,11,True,3021.7872344718508,274.7079304065319,11043.936172359254,127,123,11,0,0.09635716598131694,0,0,0,
annex,random,5301,scenario,hash,0,11,11,True,3043.0864024799853,276.6442184072714,11165.432012399926,127,120,11,0,0.2598145419906359,19,3,0,
annex,random,5301,scenario_future,hash,0,11,11,True,3043.0864024799853,276.6442184072714,11165.432012399926,127,120,11,0,0.29665199998999014,19,3,0,
annex,random,5302,future_cover,hash,0,15,15,True,3371.6239493924445,224.7749299594963,12813.119746962222,123,119,15,0,0.1170352500048466,0,0,0,
annex,random,5302,scenario,hash,0,15,15,True,3625.8665679796777,241.72443786531184,14294.332839898389,117,107,15,0,0.3056756249861792,22,8,0,
annex,random,5302,scenario_future,hash,0,15,15,True,3625.8665679796777,241.72443786531184,14294.332839898389,117,107,15,0,0.3667681660153903,22,8,0,
annex,random,5303,future_cover,hash,0,16,16,True,3570.715869749972,223.16974185937326,14173.579348749861,110,106,16,0,0.15344491598079912,0,0,0,
annex,random,5303,scenario,hash,0,16,16,True,4075.3367878854574,254.7085492428411,16811.683939427287,107,98,16,0,0.3762393330107443,26,6,0,
annex,random,5303,scenario_future,hash,0,16,16,True,4075.3367878854574,254.7085492428411,16811.683939427287,107,98,16,0,0.4130073749984149,26,6,0,
annex,random,5304,future_cover,hash,0,11,11,True,2751.308308759163,250.11893715992392,9726.541543795815,126,121,11,0,0.13296733298921026,0,0,0,
annex,random,5304,scenario,hash,0,11,11,True,2791.9073121855995,253.80975565323632,10504.536560927998,107,101,11,0,0.2984879169962369,21,5,0,
annex,random,5304,scenario_future,hash,0,11,11,True,2791.9073121855995,253.80975565323632,10504.536560927998,107,101,11,0,0.36335279198829085,21,5,0,
annex,random,5305,future_cover,hash,0,13,13,True,3258.554997626362,250.65807674048938,12602.77498813181,113,108,13,0,0.10261683299904689,0,0,0,
annex,random,5305,scenario,hash,0,13,13,True,3459.9360676039037,266.1489282772234,13244.680338019518,125,121,13,0,0.28918283397797495,21,6,0,
annex,random,5305,scenario_future,hash,0,13,13,True,3459.9360676039037,266.1489282772234,13244.680338019518,125,121,13,0,0.3157000000064727,21,6,0,
annex,random,5306,future_cover,hash,0,11,11,True,2857.74130814845,259.7946643771318,10113.70654074225,131,125,11,0,0.07714754098560661,0,0,0,
annex,random,5306,scenario,hash,0,11,11,True,3063.1988032334602,278.47261847576914,11195.9940161673,129,124,11,0,0.24670254200464115,19,7,0,
annex,random,5306,scenario_future,hash,0,11,11,True,3063.1988032334602,278.47261847576914,11195.9940161673,129,124,11,0,0.27197404101025313,19,7,0,
annex,random,5307,future_cover,hash,0,12,12,True,2929.3677915947796,244.1139826328983,10221.838957973898,138,135,12,0,0.09551829102565534,0,0,0,
annex,random,5307,scenario,hash,0,12,12,True,2910.8728708037934,242.57273923364946,10144.364354018968,138,132,12,0,0.27390999998897314,23,4,0,
annex,random,5307,scenario_future,hash,0,12,12,True,2910.8728708037934,242.57273923364946,10144.364354018968,138,132,12,0,0.3011954170069657,23,4,0,
annex,random,5308,future_cover,hash,0,10,10,True,3143.8923459552207,314.38923459552205,11479.461729776103,134,128,10,0,0.05738154100254178,0,0,0,
annex,random,5308,scenario,hash,0,10,10,True,3193.453632003841,319.3453632003841,11692.268160019205,135,130,10,0,0.18022495799232274,15,4,0,
annex,random,5308,scenario_future,hash,0,10,10,True,3193.453632003841,319.3453632003841,11692.268160019205,135,130,10,0,0.19091166701400653,15,4,0,
annex,random,5309,future_cover,hash,0,11,11,True,3229.6702298966416,293.60638453605833,11958.351149483207,131,128,11,0,0.11259887498454191,0,0,0,
annex,random,5309,scenario,hash,0,11,11,True,3387.522058426983,307.9565507660894,12677.610292134916,134,127,11,0,0.3040455419977661,20,4,0,
annex,random,5309,scenario_future,hash,0,11,11,True,3387.522058426983,307.9565507660894,12677.610292134916,134,127,11,0,0.31707424999331124,20,4,0,
annex,random,5310,future_cover,hash,0,14,14,True,3300.97652848504,235.78403774893144,12394.8826424252,127,117,14,0,0.15666912499000318,0,0,1,
annex,random,5310,scenario,hash,0,14,14,True,3130.887558396485,223.63482559974892,11949.437791982426,113,106,14,0,0.36281929101096466,23,4,0,
annex,random,5310,scenario_future,hash,0,14,14,True,3130.887558396485,223.63482559974892,11949.437791982426,113,106,14,0,0.4347402920247987,23,4,0,
annex,random,5311,future_cover,hash,0,10,10,True,2633.0986345896526,263.30986345896525,9120.493172948263,127,124,10,0,0.05716395899071358,0,0,1,
annex,random,5311,scenario,hash,0,10,10,True,2706.927819773579,270.69278197735787,9529.639098867894,126,121,10,0,0.21626970800571144,16,4,0,
annex,random,5311,scenario_future,hash,0,10,10,True,2706.927819773579,270.69278197735787,9529.639098867894,126,121,10,0,0.21695875001023524,16,4,0,
annex,random,5312,future_cover,hash,0,14,14,True,3106.4043193821103,221.88602281300788,11617.021596910552,120,113,14,0,0.09259470799588598,0,0,0,
annex,random,5312,scenario,hash,0,14,14,True,3066.461284560083,219.0329488971488,11672.306422800415,111,107,14,0,0.2983927500026766,21,6,0,
annex,random,5312,scenario_future,hash,0,14,14,True,3066.461284560083,219.0329488971488,11672.306422800415,111,107,14,0,0.3094761669926811,21,6,0,
annex,random,5313,future_cover,hash,0,16,16,True,3205.8429492448386,200.3651843278024,11664.214746224194,133,128,16,0,0.1238955840235576,0,0,2,
annex,random,5313,scenario,hash,0,16,16,True,3639.79961566415,227.4874759790094,14028.998078320752,127,119,16,0,0.3604243749869056,27,6,0,
annex,random,5313,scenario_future,hash,0,16,16,True,3639.79961566415,227.4874759790094,14028.998078320752,127,119,16,0,0.3894610840070527,27,6,0,
annex,random,5314,future_cover,hash,0,13,13,True,3288.8533241691075,252.9887172437775,12759.266620845538,113,107,13,0,0.0977501249872148,0,0,16,
annex,random,5314,scenario,hash,0,13,13,True,3436.046271435186,264.3112516488605,13365.23135717593,117,113,13,0,0.33144737500697374,23,7,0,
annex,random,5314,scenario_future,hash,0,13,13,True,3469.4015512237456,266.8770424018266,13452.007756118728,120,114,13,0,0.35137058299733326,14,8,1,
annex,random,5315,future_cover,hash,0,16,16,True,3045.3004999193618,190.3312812449601,12151.502499596809,90,85,16,0,0.12404445800348185,0,0,0,
annex,random,5315,scenario,hash,0,16,16,True,3082.2135463781274,192.63834664863296,12211.067731890636,94,90,16,0,0.32562529199640267,24,4,0,
annex,random,5315,scenario_future,hash,0,16,16,True,3082.2135463781274,192.63834664863296,12211.067731890636,94,90,16,0,0.3616496669710614,24,4,0,
annex,random,5316,future_cover,hash,0,11,11,True,3354.1205326663026,304.9200484242093,13060.602663331512,116,107,11,0,0.10546650001197122,0,0,0,
annex,random,5316,scenario,hash,0,11,11,True,3477.5543628868627,316.1413057169875,13382.771814434314,126,116,11,0,0.44609299997682683,22,6,0,
annex,random,5316,scenario_future,hash,0,11,11,True,3477.5543628868627,316.1413057169875,13382.771814434314,126,116,11,0,0.4191357500094455,22,6,0,
annex,random,5317,future_cover,hash,0,15,15,True,3129.4687875406644,208.63125250271096,11822.343937703323,116,110,15,0,0.22157945900107734,0,0,0,
annex,random,5317,scenario,hash,0,15,15,True,3446.594097624315,229.772939841621,12992.970488121575,130,123,15,0,0.6522278340125922,24,8,0,
annex,random,5317,scenario_future,hash,0,15,15,True,3446.594097624315,229.772939841621,12992.970488121575,130,123,15,0,0.7531187499989755,24,8,0,
annex,random,5318,future_cover,hash,0,14,14,True,3301.630661205075,235.8307615146482,12428.153306025375,125,121,14,0,0.20781666599214077,0,0,0,
annex,random,5318,scenario,hash,0,14,14,True,3505.15327615737,250.36809115409784,13520.766380786848,123,116,14,0,0.4141274580033496,13,8,0,
annex,random,5318,scenario_future,hash,0,14,14,True,3505.15327615737,250.36809115409784,13520.766380786848,123,116,14,0,0.42167958299978636,13,8,0,
annex,random,5319,future_cover,hash,0,10,10,True,2954.538959936923,295.4538959936923,10542.694799684616,134,126,10,0,0.08011387501028366,0,0,0,
annex,random,5319,scenario,hash,0,10,10,True,3128.3971711357767,312.83971711357765,11186.985855678884,142,131,10,0,0.2739784159930423,22,5,0,
annex,random,5319,scenario_future,hash,0,10,10,True,3128.3971711357767,312.83971711357765,11186.985855678884,142,131,10,0,0.2961114579811692,22,5,0,
annex,random,5320,future_cover,hash,0,13,13,True,3529.5950762396387,271.50731355689527,13252.975381198194,136,134,13,0,0.1506846249976661,0,0,0,
annex,random,5320,scenario,hash,0,13,13,True,3587.7995498918676,275.9845807609129,13343.997749459339,143,139,13,0,0.36237616700236686,22,8,0,
annex,random,5320,scenario_future,hash,0,13,13,True,3587.7995498918676,275.9845807609129,13343.997749459339,143,139,13,0,0.43122124997898936,22,8,0,
annex,random,5321,future_cover,hash,0,10,10,True,2820.736003454027,282.0736003454027,9553.680017270135,144,140,10,0,0.09197204100200906,0,0,0,
annex,random,5321,scenario,hash,0,10,10,True,2876.906146040258,287.6906146040258,9719.530730201292,149,138,10,0,0.23813187499763444,19,5,0,
annex,random,5321,scenario_future,hash,0,10,10,True,2876.906146040258,287.6906146040258,9719.530730201292,149,138,10,0,0.26271616702433676,19,5,0,
annex,random,5322,future_cover,hash,0,12,12,True,3249.612985441604,270.8010821201337,12403.06492720802,119,114,12,0,0.1364720830169972,0,0,0,
annex,random,5322,scenario,hash,0,12,12,True,3487.9504166157085,290.6625347179757,13729.752083078542,115,107,12,0,0.3443893749790732,25,6,0,
annex,random,5322,scenario_future,hash,0,12,12,True,3487.9504166157085,290.6625347179757,13729.752083078542,115,107,12,0,0.3835482499853242,25,6,0,
annex,random,5323,future_cover,hash,0,16,16,True,3127.442837137309,195.46517732108182,11162.214185686546,136,135,16,0,0.1728207919804845,0,0,0,
annex,random,5323,scenario,hash,0,16,16,True,3190.070854335271,199.37942839595445,11325.354271676357,142,135,16,0,0.39433808298781514,24,6,0,
annex,random,5323,scenario_future,hash,0,16,16,True,3190.070854335271,199.37942839595445,11325.354271676357,142,135,16,0,0.4543875840026885,24,6,0,
annex,random,5324,future_cover,hash,0,14,14,True,2856.9950098301547,204.07107213072533,10384.975049150773,119,115,14,0,0.12322620800114237,0,0,0,
annex,random,5324,scenario,hash,0,14,14,True,3089.159198455505,220.6542284611075,11860.795992277524,109,102,14,0,0.31500491601764224,22,7,0,
annex,random,5324,scenario_future,hash,0,14,14,True,3089.159198455505,220.6542284611075,11860.795992277524,109,102,14,0,0.33786258299369365,22,7,0,
annex,random,5325,future_cover,hash,0,10,10,True,3098.6787509961896,309.86787509961897,11518.393754980949,125,120,10,0,0.09834537497954443,0,0,0,
annex,random,5325,scenario,hash,0,10,10,True,3230.113887739854,323.0113887739854,12240.569438699269,123,117,10,0,0.24798387501505204,19,5,0,
annex,random,5325,scenario_future,hash,0,10,10,True,3230.113887739854,323.0113887739854,12240.569438699269,123,117,10,0,0.2602047499967739,19,5,0,
annex,random,5326,future_cover,hash,0,10,10,True,3276.563162758427,327.6563162758427,12407.815813792136,125,120,10,0,0.08750724999117665,0,0,0,
annex,random,5326,scenario,hash,0,10,10,True,3244.6961530000435,324.46961530000436,12278.480765000217,125,114,10,0,0.2715690830082167,20,3,0,
annex,random,5326,scenario_future,hash,0,10,10,True,3244.6961530000435,324.46961530000436,12278.480765000217,125,114,10,0,0.29428087497944944,20,3,0,
annex,random,5327,future_cover,hash,0,12,12,True,2991.584407249042,249.29870060408686,10987.92203624521,123,119,12,0,0.09041070900275372,0,0,0,
annex,random,5327,scenario,hash,0,12,12,True,3003.046331710018,250.25386097583484,11015.23165855009,124,120,12,0,0.27455641599954106,20,1,0,
annex,random,5327,scenario_future,hash,0,12,12,True,3003.046331710018,250.25386097583484,11015.23165855009,124,120,12,0,0.2847726670152042,20,1,0,
annex,random,5328,future_cover,hash,0,13,13,True,3393.6008813010267,261.0462216385405,12913.004406505133,125,121,13,0,0.12425095800426789,0,0,0,
annex,random,5328,scenario,hash,0,13,13,True,3393.1841915999576,261.0141685846121,13080.920957999788,120,112,13,0,0.2794174999871757,12,8,0,
annex,random,5328,scenario_future,hash,0,13,13,True,3393.1841915999576,261.0141685846121,13080.920957999788,120,112,13,0,0.31057337499805726,12,8,0,
annex,random,5329,future_cover,hash,0,16,16,True,3689.193387636909,230.5745867273068,14590.966938184545,116,111,16,0,0.13538070800132118,0,0,4,
annex,random,5329,scenario,hash,0,16,16,True,3508.676005466456,219.2922503416535,13793.38002733228,113,105,16,0,0.32411987500381656,24,7,0,
annex,random,5329,scenario_future,hash,0,16,16,True,3669.7474825689924,229.35921766056202,14588.737412844963,113,107,16,0,0.36189187498530373,16,8,3,
annex,random,5330,future_cover,hash,0,14,14,True,2959.360493548587,211.38289239632763,11256.802467742935,107,103,14,0,0.12314529201830737,0,0,0,
annex,random,5330,scenario,hash,0,14,14,True,3184.767649605504,227.4834035432503,12388.838248027521,107,102,14,0,0.3303524999937508,23,5,0,
annex,random,5330,scenario_future,hash,0,14,14,True,3184.767649605504,227.4834035432503,12388.838248027521,107,102,14,0,0.36751125002047047,23,5,0,
annex,random,5331,future_cover,hash,0,11,11,True,3040.27013337258,276.38819394296183,10971.3506668629,132,131,11,0,0.11251825001090765,0,0,0,
annex,random,5331,scenario,hash,0,11,11,True,3146.8249994662215,286.0749999514747,10979.124997331108,151,141,11,0,0.2937969159975182,22,6,0,
annex,random,5331,scenario_future,hash,0,11,11,True,3146.8249994662215,286.0749999514747,10979.124997331108,151,141,11,0,0.3193634579947684,22,6,0,
annex,random,5332,future_cover,hash,0,13,13,True,2822.679306259838,217.12917740460293,9923.396531299191,130,123,13,0,0.11343829199904576,0,0,0,
annex,random,5332,scenario,hash,0,13,13,True,3005.0747552483317,231.159596557564,11540.373776241659,106,102,13,0,0.2662003749865107,19,5,0,
annex,random,5332,scenario_future,hash,0,13,13,True,3005.0747552483317,231.159596557564,11540.373776241659,106,102,13,0,0.30448637501103804,19,5,0,
annex,random,5333,future_cover,hash,0,14,14,True,3349.691885042338,239.26370607445273,12848.45942521169,119,115,14,0,0.13194354198640212,0,0,1,
annex,random,5333,scenario,hash,0,14,14,True,3371.3040190591737,240.80742993279813,13231.52009529587,110,105,14,0,0.33160495801712386,24,7,0,
annex,random,5333,scenario_future,hash,0,14,14,True,3371.3040190591737,240.80742993279813,13231.52009529587,110,105,14,0,0.4131009579868987,24,7,0,
annex,random,5334,future_cover,hash,0,16,16,True,3244.1693887444267,202.76058679652667,12240.846943722134,120,116,16,0,0.12333020899677649,0,0,0,
annex,random,5334,scenario,hash,0,16,16,True,3653.8976072851665,228.3686004553229,14469.488036425832,114,110,16,0,0.3710824999725446,26,7,0,
annex,random,5334,scenario_future,hash,0,16,16,True,3653.8976072851665,228.3686004553229,14469.488036425832,114,110,16,0,0.44533204098115675,26,7,0,
annex,random,5335,future_cover,hash,0,14,14,True,3054.1958873627987,218.15684909734276,11400.979436813994,118,114,14,0,0.11587358298129402,0,0,0,
annex,random,5335,scenario,hash,0,14,14,True,3121.0413037466064,222.93152169618617,11845.206518733032,115,107,14,0,0.27358462498523295,18,5,0,
annex,random,5335,scenario_future,hash,0,14,14,True,3121.0413037466064,222.93152169618617,11845.206518733032,115,107,14,0,0.30280641600256786,18,5,0,
annex,random,5336,future_cover,hash,0,13,13,True,2882.335233428235,221.718094879095,10281.676167141175,128,121,13,0,0.11563687500893138,0,0,1,
annex,random,5336,scenario,hash,0,13,13,True,3189.320342658708,245.33233405066983,11596.60171329354,136,125,13,0,0.2885588750068564,20,4,0,
annex,random,5336,scenario_future,hash,0,13,13,True,3154.5953521916917,242.66118093782245,11362.976760958458,138,127,13,0,0.41888387501239777,20,5,11,
annex,random,5337,future_cover,hash,0,10,10,True,2722.6160162455226,272.26160162455227,9718.080081227612,122,119,10,0,0.11866725000436418,0,0,0,
annex,random,5337,scenario,hash,0,10,10,True,2743.1595565976304,274.31595565976306,9915.797782988153,119,115,10,0,0.3243552919884678,17,5,0,
annex,random,5337,scenario_future,hash,0,10,10,True,2743.1595565976304,274.31595565976306,9915.797782988153,119,115,10,0,0.3579897499876097,17,5,0,
annex,random,5338,future_cover,hash,0,10,10,True,2809.635189824404,280.9635189824404,10188.175949122018,121,117,10,0,0.1441118750080932,0,0,0,
annex,random,5338,scenario,hash,0,10,10,True,2845.978441978621,284.5978441978621,10444.892209893105,119,112,10,0,0.3660886669822503,20,5,0,
annex,random,5338,scenario_future,hash,0,10,10,True,2845.978441978621,284.5978441978621,10444.892209893105,119,112,10,0,0.4008111250004731,20,5,0,
annex,random,5339,future_cover,hash,0,14,14,True,3339.8183843755146,238.55845602682248,12714.091921877573,122,117,14,0,0.19207041698973626,0,0,0,
annex,random,5339,scenario,hash,0,14,14,True,3580.513346263606,255.7509533045433,14097.56673131803,116,111,14,0,0.5047251250070985,19,8,0,
annex,random,5339,scenario_future,hash,0,14,14,True,3580.513346263606,255.7509533045433,14097.56673131803,116,111,14,0,0.561717625008896,19,8,0,
annex,random,5340,future_cover,hash,0,13,13,True,3122.217508531566,240.17057757935123,11801.087542657831,117,112,13,0,0.19936300002154894,0,0,0,
annex,random,5340,scenario,hash,0,13,13,True,3378.989572538359,259.922274810643,13119.947862691795,116,110,13,0,0.4204469170072116,19,8,0,
annex,random,5340,scenario_future,hash,0,13,13,True,3378.989572538359,259.922274810643,13119.947862691795,116,110,13,0,0.47750562502187677,19,8,0,
annex,random,5341,future_cover,hash,0,11,11,True,3208.8529167641063,291.71390152400966,11944.264583820532,128,125,11,0,0.21770891701453365,0,0,0,
annex,random,5341,scenario,hash,0,11,11,True,3253.7827564486097,295.7984324044191,12688.913782243048,111,106,11,0,0.42773704102728516,20,3,0,
annex,random,5341,scenario_future,hash,0,11,11,True,3253.7827564486097,295.7984324044191,12688.913782243048,111,106,11,0,0.46564683300675824,20,3,0,
annex,random,5342,future_cover,hash,0,13,13,True,3216.6782059949346,247.43678507653343,12113.391029974673,122,119,13,0,0.18097487499471754,0,0,0,
annex,random,5342,scenario,hash,0,13,13,True,3278.7362085233044,252.2104775787157,12408.681042616521,123,117,13,0,0.47841054198215716,22,5,0,
annex,random,5342,scenario_future,hash,0,13,13,True,3278.7362085233044,252.2104775787157,12408.681042616521,123,117,13,0,0.47346004098653793,22,5,0,
annex,random,5343,future_cover,hash,0,15,15,True,3367.427324283117,224.4951549522078,12532.136621415584,132,126,15,0,0.24170700000831857,0,0,1,
annex,random,5343,scenario,hash,0,15,15,True,3441.2375909823772,229.41583939882514,12561.187954911886,144,134,15,0,0.5182457079936285,29,4,0,
annex,random,5343,scenario_future,hash,0,15,15,True,3441.2375909823772,229.41583939882514,12561.187954911886,144,134,15,0,0.6025273339764681,29,4,1,
annex,random,5344,future_cover,hash,0,16,16,True,3656.9516714247407,228.5594794640463,13864.758357123703,135,129,16,0,0.1463684999907855,0,0,3,
annex,random,5344,scenario,hash,0,16,16,True,3797.6706958658747,237.35441849161717,14643.353479329373,133,124,16,0,0.3205831249943003,16,8,0,
annex,random,5344,scenario_future,hash,0,16,16,True,3797.6706958658747,237.35441849161717,14643.353479329373,133,124,16,0,0.3834592080092989,16,8,0,
annex,random,5345,future_cover,hash,0,15,15,True,3341.494329262186,222.76628861747906,12332.47164631093,134,130,15,0,0.16302154201548547,0,0,0,
annex,random,5345,scenario,hash,0,15,15,True,3399.7278518031867,226.64852345354578,12593.639259015934,135,131,15,0,0.36898983299033716,26,6,0,
annex,random,5345,scenario_future,hash,0,15,15,True,3399.7278518031867,226.64852345354578,12593.639259015934,135,131,15,0,0.42314045800594613,26,6,0,
annex,random,5346,future_cover,hash,0,11,11,True,2764.492277144147,251.317479740377,9892.461385720735,123,116,11,0,0.0923178750090301,0,0,0,
annex,random,5346,scenario,hash,0,11,11,True,2912.660972913478,264.78736117395255,10868.30486456739,115,109,11,0,0.25809375001699664,16,5,0,
annex,random,5346,scenario_future,hash,0,11,11,True,2912.660972913478,264.78736117395255,10868.30486456739,115,109,11,0,0.2668608329840936,16,5,0,
annex,random,5347,future_cover,hash,0,12,12,True,3188.205267790367,265.6837723158639,12036.026338951835,121,116,12,0,0.15774704201612622,0,0,0,
annex,random,5347,scenario,hash,0,12,12,True,3156.0920988340717,263.0076749028393,11915.460494170358,120,113,12,0,0.4394232919730712,18,8,0,
annex,random,5347,scenario_future,hash,0,12,12,True,3156.0920988340717,263.0076749028393,11915.460494170358,120,113,12,0,0.36461233301088214,18,8,0,
annex,random,5348,future_cover,hash,0,13,13,True,3040.5584228597017,233.88910945074628,10942.792114298509,132,127,13,0,0.17399741697590798,0,0,0,
annex,random,5348,scenario,hash,0,13,13,True,3261.7875972671723,250.90673825132095,12093.93798633586,131,123,13,0,0.4809428750013467,26,6,0,
annex,random,5348,scenario_future,hash,0,13,13,True,3261.7875972671723,250.90673825132095,12093.93798633586,131,123,13,0,0.5038440420175903,26,6,0,
annex,random,5349,future_cover,hash,0,14,14,True,3424.5169679681994,244.60835485487138,12522.584839840998,142,140,14,0,0.19123645898071118,0,0,0,
annex,random,5349,scenario,hash,0,14,14,True,3851.6588923538025,275.1184923109859,14673.294461769012,142,137,14,0,0.44039262502337806,26,6,0,
annex,random,5349,scenario_future,hash,0,14,14,True,3851.6588923538025,275.1184923109859,14673.294461769012,142,137,14,0,0.4297490419994574,26,6,0,
annex,random,5350,future_cover,hash,0,10,10,True,2843.143892707738,284.3143892707738,10235.71946353869,125,121,10,0,0.17344329098705202,0,0,0,
annex,random,5350,scenario,hash,0,10,10,True,3136.461791960778,313.6461791960778,11692.30895980389,126,118,10,0,0.5323881669901311,22,5,0,
annex,random,5350,scenario_future,hash,0,10,10,True,3136.461791960778,313.6461791960778,11692.30895980389,126,118,10,0,0.539706625015242,22,5,0,
annex,random,5351,future_cover,hash,0,12,12,True,3296.988898500249,274.74907487502077,12469.944492501245,125,118,12,0,0.14241408399539068,0,0,0,
annex,random,5351,scenario,hash,0,12,12,True,3310.8646803322144,275.9053900276845,12359.323401661071,131,124,12,0,0.4936970839917194,25,6,0,
annex,random,5351,scenario_future,hash,0,12,12,True,3310.8646803322144,275.9053900276845,12359.323401661071,131,124,12,0,0.48927333299070597,25,6,0,
annex,random,5352,future_cover,hash,0,12,12,True,3230.6512036483623,269.22093363736354,11968.256018241811,130,127,12,0,0.14932699999189936,0,0,0,
annex,random,5352,scenario,hash,0,12,12,True,3486.3341875795586,290.5278489649632,13211.670937897794,132,124,12,0,0.39890766600728966,21,8,0,
annex,random,5352,scenario_future,hash,0,12,12,True,3486.3341875795586,290.5278489649632,13211.670937897794,132,124,12,0,0.45883804198820144,21,8,0,
annex,random,5353,future_cover,hash,0,13,13,True,2916.2831619249623,224.32947399422787,10686.415809624812,120,114,13,0,0.122168874979252,0,0,0,
annex,random,5353,scenario,hash,0,13,13,True,2902.1503925776374,223.2423378905875,10920.751962888187,110,103,13,0,0.3271767499973066,23,6,0,
annex,random,5353,scenario_future,hash,0,13,13,True,2902.1503925776374,223.2423378905875,10920.751962888187,110,103,13,0,0.3676259580242913,23,6,0,
annex,random,5354,future_cover,hash,0,11,11,True,2901.5569946829346,263.77790860753953,10202.784973414673,135,131,11,0,0.13743224999052472,0,0,6,
annex,random,5354,scenario,hash,0,11,11,True,2980.668705612927,270.9698823284479,10883.343528064635,126,119,11,0,0.3421500420081429,21,5,0,
annex,random,5354,scenario_future,hash,0,11,11,True,2980.668705612927,270.9698823284479,10883.343528064635,126,119,11,0,0.3645096250111237,21,5,0,
annex,random,5355,future_cover,hash,0,12,12,True,2799.0248815323507,233.25207346102923,10085.124407661753,121,117,12,0,0.11411562497960404,0,0,0,
annex,random,5355,scenario,hash,0,12,12,True,3033.2105933527428,252.7675494460619,10781.052966763713,138,127,12,0,0.2909901249804534,23,4,0,
annex,random,5355,scenario_future,hash,0,12,12,True,3033.2105933527428,252.7675494460619,10781.052966763713,138,127,12,0,0.31338866701116785,23,4,0,
annex,random,5356,future_cover,hash,0,15,15,True,2948.2054185259567,196.54702790173044,10971.027092629784,114,109,15,0,0.17198849999113008,0,0,0,
annex,random,5356,scenario,hash,0,15,15,True,2968.8876676184786,197.92584450789857,11224.438338092394,109,104,15,0,0.38021104197832756,23,7,0,
annex,random,5356,scenario_future,hash,0,15,15,True,2968.8876676184786,197.92584450789857,11224.438338092394,109,104,15,0,0.3914448749856092,23,7,0,
annex,random,5357,future_cover,hash,0,11,11,True,2682.4718740627154,243.86107946024686,9592.359370313578,119,114,11,0,0.1026008750195615,0,0,0,
annex,random,5357,scenario,hash,0,11,11,True,2757.813986634147,250.7103624212861,10019.069933170736,117,114,11,0,0.27306170799420215,14,8,0,
annex,random,5357,scenario_future,hash,0,11,11,True,2757.813986634147,250.7103624212861,10019.069933170736,117,114,11,0,0.3068442500079982,14,8,0,
annex,random,5358,future_cover,hash,0,11,11,True,3118.915736688619,283.5377942444199,11584.578683443095,125,122,11,0,0.11507754199556075,0,0,0,
annex,random,5358,scenario,hash,0,11,11,True,3251.7849350257575,295.61681227506887,12123.924675128788,129,127,11,0,0.34056379200774245,16,8,0,
annex,random,5358,scenario_future,hash,0,11,11,True,3251.7849350257575,295.61681227506887,12123.924675128788,129,127,11,0,0.3755910419858992,16,8,0,
annex,random,5359,future_cover,hash,0,10,10,True,2981.299739595906,298.1299739595906,10866.49869797953,127,123,10,0,0.09117854200303555,0,0,0,
annex,random,5359,scenario,hash,0,10,10,True,3101.426985695176,310.1426985695176,11112.13492847588,140,129,10,0,0.42073383400565945,22,4,0,
annex,random,5359,scenario_future,hash,0,10,10,True,3101.426985695176,310.1426985695176,11112.13492847588,140,129,10,0,0.4431652080093045,22,4,0,
annex,random,5360,future_cover,hash,0,16,16,True,3057.5080129920734,191.0942508120046,11007.540064960367,130,126,16,0,0.1935403329844121,0,0,0,
annex,random,5360,scenario,hash,0,16,16,True,3115.645592021974,194.72784950137338,11693.22796010987,117,112,16,0,0.29289337500813417,11,8,0,
annex,random,5360,scenario_future,hash,0,16,16,True,3115.645592021974,194.72784950137338,11693.22796010987,117,112,16,0,0.5140022919804323,11,8,0,
annex,random,5361,future_cover,hash,0,14,14,True,3300.286474685755,235.73474819183963,12371.432373428774,127,121,14,0,0.21215450001182035,0,0,0,
annex,random,5361,scenario,hash,0,14,14,True,3275.4610227536878,233.96150162526342,11957.30511376844,137,129,14,0,0.5380807909823488,25,5,0,
annex,random,5361,scenario_future,hash,0,14,14,True,3275.4610227536878,233.96150162526342,11957.30511376844,137,129,14,0,0.5742751249927096,25,5,0,
annex,random,5362,future_cover,hash,0,14,14,True,2991.5315268739537,213.68082334813954,11247.657634369769,113,107,14,0,0.17661183400196023,0,0,0,
annex,random,5362,scenario,hash,0,14,14,True,3035.3222419991935,216.80873157137097,11526.611209995968,111,105,14,0,0.469856957992306,17,5,0,
annex,random,5362,scenario_future,hash,0,14,14,True,3035.3222419991935,216.80873157137097,11526.611209995968,111,105,14,0,0.4760331660218071,17,5,0,
annex,random,5363,future_cover,hash,0,15,15,True,2958.907612826084,197.26050752173893,11344.53806413042,103,100,15,0,0.1996106669830624,0,0,0,
annex,random,5363,scenario,hash,0,15,15,True,3193.360267147983,212.8906844765322,12351.801335739914,109,103,15,0,0.49022062501171604,24,4,0,
annex,random,5363,scenario_future,hash,0,15,15,True,3193.360267147983,212.8906844765322,12351.801335739914,109,103,15,0,0.4868050829973072,24,4,0,
annex,random,5364,future_cover,hash,0,14,14,True,3151.7777679664423,225.12698342617446,11453.88883983221,133,126,14,0,0.12873520798166282,0,0,0,
annex,random,5364,scenario,hash,0,14,14,True,3279.087803097431,234.2205573641022,12240.439015487154,128,121,14,0,0.28189741700771265,19,8,0,
annex,random,5364,scenario_future,hash,0,14,14,True,3279.087803097431,234.2205573641022,12240.439015487154,128,121,14,0,0.3081425830023363,19,8,0,
annex,random,5365,future_cover,hash,0,14,14,True,2905.112825891471,207.50805899224792,10725.564129457354,116,110,14,0,0.11186937498860061,0,0,3,
annex,random,5365,scenario,hash,0,14,14,True,2986.4825387494666,213.32018133924763,11007.412693747334,121,110,14,0,0.3090887919825036,23,3,0,
annex,random,5365,scenario_future,hash,0,14,14,True,3124.7486230703444,223.1963302193103,11608.743115351721,124,113,14,0,0.35383000000729226,24,7,3,
annex,random,5366,future_cover,hash,0,16,16,True,3295.8505725296664,205.99066078310415,12504.25286264833,120,115,16,0,0.15608733301633038,0,0,20,
annex,random,5366,scenario,hash,0,16,16,True,3219.091182724992,201.193198920312,12035.455913624959,123,117,16,0,0.41501108300872147,28,7,0,
annex,random,5366,scenario_future,hash,0,16,16,True,3207.82658991273,200.48916186954563,12034.13294956365,121,116,16,0,0.5385237089940347,24,8,20,
annex,random,5367,future_cover,hash,0,11,11,True,2889.860707005302,262.71460972775475,10404.30353502651,126,124,11,0,0.13820970899541862,0,0,0,
annex,random,5367,scenario,hash,0,11,11,True,3061.067779263223,278.27888902392937,11345.338896316116,124,117,11,0,0.419873834005557,20,6,0,
annex,random,5367,scenario_future,hash,0,11,11,True,3061.067779263223,278.27888902392937,11345.338896316116,124,117,11,0,0.48093887499999255,20,6,0,
annex,random,5368,future_cover,hash,0,15,15,True,3279.822978617263,218.65486524115084,12444.114893086315,120,116,15,0,0.1517605840053875,0,0,0,
annex,random,5368,scenario,hash,0,15,15,True,3534.6926056914963,235.64617371276643,14023.463028457481,111,100,15,0,0.38119049998931587,19,8,0,
annex,random,5368,scenario_future,hash,0,15,15,True,3534.6926056914963,235.64617371276643,14023.463028457481,111,100,15,0,0.4491551660175901,19,8,0,
annex,random,5369,future_cover,hash,0,10,10,True,2938.410318506484,293.8410318506484,10442.051592532422,134,130,10,0,0.12625295799807645,0,0,0,
annex,random,5369,scenario,hash,0,10,10,True,3021.1715452900016,302.1171545290002,10715.857726450007,139,133,10,0,0.34652058299980126,15,8,0,
annex,random,5369,scenario_future,hash,0,10,10,True,3021.1715452900016,302.1171545290002,10715.857726450007,139,133,10,0,0.3253906659956556,15,8,0,
annex,random,5370,future_cover,hash,0,14,14,True,3261.1333600702937,232.93809714787812,12220.666800351468,125,122,14,0,0.11662920800154097,0,0,0,
annex,random,5370,scenario,hash,0,14,14,True,3286.7594510811205,234.76853222008003,12328.797255405603,126,121,14,0,0.4064545000146609,17,8,0,
annex,random,5370,scenario_future,hash,0,14,14,True,3286.7594510811205,234.76853222008003,12328.797255405603,126,121,14,0,0.4125047910201829,17,8,0,
annex,random,5371,future_cover,hash,0,15,15,True,3385.403160679819,225.69354404532126,12882.015803399094,124,114,15,0,0.13023816698114388,0,0,0,
annex,random,5371,scenario,hash,0,15,15,True,3342.5251022211687,222.8350068147446,13157.625511105844,107,101,15,0,0.30254866601899266,19,4,0,
annex,random,5371,scenario_future,hash,0,15,15,True,3342.5251022211687,222.8350068147446,13157.625511105844,107,101,15,0,0.3213434589852113,19,4,0,
annex,random,5372,future_cover,hash,0,15,15,True,2983.430704121053,198.89538027473688,10307.153520605267,142,137,15,0,0.11312016699230298,0,0,5,
annex,random,5372,scenario,hash,0,15,15,True,3194.9359159580495,212.99572773053663,11584.679579790247,135,128,15,0,0.23006695799995214,16,8,0,
annex,random,5372,scenario_future,hash,0,15,15,True,3327.2664902344213,221.81776601562808,12346.332451172106,132,123,15,0,0.2775348750001285,20,6,4,
annex,random,5373,future_cover,hash,0,16,16,True,3095.488766333269,193.4680478958293,11592.443831666344,117,112,16,0,0.16294237499823794,0,0,0,
annex,random,5373,scenario,hash,0,16,16,True,3054.5826375805873,190.9114148487867,12152.913187902937,91,89,16,0,0.38743166701169685,26,6,0,
annex,random,5373,scenario_future,hash,0,16,16,True,3054.5826375805873,190.9114148487867,12152.913187902937,91,89,16,0,0.43180095800198615,26,6,0,
annex,random,5374,future_cover,hash,0,12,12,True,3083.8768683133103,256.9897390261092,11239.384341566552,130,126,12,0,0.14552349998848513,0,0,0,
annex,random,5374,scenario,hash,0,12,12,True,3130.3792783639637,260.86493986366366,11371.896391819819,134,126,12,0,0.33183408301556483,22,4,0,
annex,random,5374,scenario_future,hash,0,12,12,True,3130.3792783639637,260.86493986366366,11371.896391819819,134,126,12,0,0.33657158401911147,22,4,0,
annex,random,5375,future_cover,hash,0,16,16,True,3283.6995221152165,205.23122013220103,12438.497610576082,120,116,16,0,0.20552204200066626,0,0,0,
annex,random,5375,scenario,hash,0,16,16,True,3699.6511357577065,231.22819598485665,14308.255678788531,127,123,16,0,0.3750389589986298,12,8,0,
annex,random,5375,scenario_future,hash,0,16,16,True,3617.131134097994,226.07069588112464,13855.65567048997,129,121,16,0,0.3827174589969218,23,7,3,
annex,random,5376,future_cover,hash,0,15,15,True,3550.2890645130415,236.68593763420276,13566.445322565207,128,122,15,0,0.1522178330051247,0,0,0,
annex,random,5376,scenario,hash,0,15,15,True,3504.2698469406814,233.61798979604544,13576.349234703406,120,114,15,0,0.4078734579961747,25,6,0,
annex,random,5376,scenario_future,hash,0,15,15,True,3504.2698469406814,233.61798979604544,13576.349234703406,120,114,15,0,0.41331441601505503,25,6,0,
annex,random,5377,future_cover,hash,0,13,13,True,2971.8396512327627,228.6030500948279,10804.198256163812,125,121,13,0,0.19120087500778027,0,0,0,
annex,random,5377,scenario,hash,0,13,13,True,3104.9885429058227,238.84527253121712,11659.942714529114,119,113,13,0,0.47915425000246614,23,7,0,
annex,random,5377,scenario_future,hash,0,13,13,True,3104.9885429058227,238.84527253121712,11659.942714529114,119,113,13,0,0.518324999982724,23,7,0,
annex,random,5378,future_cover,hash,0,13,13,True,2871.104243145828,220.85417254967908,9855.52121572914,140,135,13,0,0.17036229200311936,0,0,0,
annex,random,5378,scenario,hash,0,13,13,True,3021.6842784366168,232.43725218743205,10828.421392183083,133,126,13,0,0.41642341698752716,23,7,0,
annex,random,5378,scenario_future,hash,0,13,13,True,3021.6842784366168,232.43725218743205,10828.421392183083,133,126,13,0,0.4297141249990091,23,7,0,
annex,random,5379,future_cover,hash,0,15,15,True,3395.530566930637,226.36870446204247,12747.652834653187,129,126,15,0,0.20519575002253987,0,0,1,
annex,random,5379,scenario,hash,0,15,15,True,3546.0807691121818,236.4053846074788,13675.403845560908,124,116,15,0,0.4551567499875091,21,8,0,
annex,random,5379,scenario_future,hash,0,15,15,True,3546.0807691121818,236.4053846074788,13675.403845560908,124,116,15,0,0.5103746670065448,21,8,1,
annex,random,5380,future_cover,hash,0,14,14,True,3144.1502708180305,224.5821622012879,11560.751354090153,128,122,14,0,0.15122262499062344,0,0,1,
annex,random,5380,scenario,hash,0,14,14,True,3245.2973920390177,231.80695657421555,12141.486960195089,126,117,14,0,0.42152662499574944,24,7,0,
annex,random,5380,scenario_future,hash,0,14,14,True,3245.2973920390177,231.80695657421555,12141.486960195089,126,117,14,0,0.4735021249798592,24,7,0,
annex,random,5381,future_cover,hash,0,10,10,True,2773.0614040147366,277.30614040147367,10065.307020073684,119,115,10,0,0.09861758298939094,0,0,0,
annex,random,5381,scenario,hash,0,10,10,True,2786.581225501188,278.6581225501188,10267.90612750594,115,108,10,0,0.28081429199664854,19,3,0,
annex,random,5381,scenario_future,hash,0,10,10,True,2786.581225501188,278.6581225501188,10267.90612750594,115,108,10,0,0.30013787499046884,19,3,0,
annex,random,5382,future_cover,hash,0,13,13,True,2826.865975051729,217.451228850133,10649.329875258645,106,102,13,0,0.11314291600137949,0,0,0,
annex,random,5382,scenario,hash,0,13,13,True,3180.0261213776516,244.61739395212706,12340.130606888259,109,102,13,0,0.28892995801288635,16,4,0,
annex,random,5382,scenario_future,hash,0,13,13,True,3180.0261213776516,244.61739395212706,12340.130606888259,109,102,13,0,0.3190201249963138,16,4,0,
annex,random,5383,future_cover,hash,0,13,13,True,2627.087068486249,202.08362065278837,8950.435342431245,130,122,13,0,0.12562849998357706,0,0,1,
annex,random,5383,scenario,hash,0,13,13,True,2785.0956413242247,214.2381262557096,9665.478206621123,133,122,13,0,0.28332854199106805,19,6,0,
annex,random,5383,scenario_future,hash,0,13,13,True,2785.0956413242247,214.2381262557096,9665.478206621123,133,122,13,0,0.3049496669846121,19,6,0,
annex,random,5384,future_cover,hash,0,13,13,True,3378.1277428648746,259.855980220375,12690.638714324374,130,125,13,0,0.14966862500295974,0,0,0,
annex,random,5384,scenario,hash,0,13,13,True,3435.867468854889,264.29749760422226,13059.337344274445,128,119,13,0,0.35110254198662005,22,4,0,
annex,random,5384,scenario_future,hash,0,13,13,True,3435.867468854889,264.29749760422226,13059.337344274445,128,119,13,0,0.3984996250073891,22,4,0,
annex,random,5385,future_cover,hash,0,14,14,True,2820.2296774054585,201.44497695753276,10546.148387027291,108,101,14,0,0.14215083300950937,0,0,1,
annex,random,5385,scenario,hash,0,14,14,True,3000.7115163642193,214.33653688315852,11298.557581821096,113,106,14,0,0.44065695800236426,25,3,0,
annex,random,5385,scenario_future,hash,0,14,14,True,3000.7115163642193,214.33653688315852,11298.557581821096,113,106,14,0,0.5398554579878692,25,3,1,
annex,random,5386,future_cover,hash,0,12,12,True,3094.360664244291,257.86338868702427,11436.803321221456,125,122,12,0,0.13492524999310263,0,0,0,
annex,random,5386,scenario,hash,0,12,12,True,3250.2216918299687,270.85180765249737,12176.108459149844,127,120,12,0,0.4195029590046033,22,5,0,
annex,random,5386,scenario_future,hash,0,12,12,True,3250.2216918299687,270.85180765249737,12176.108459149844,127,120,12,0,0.46008320900727995,22,5,0,
annex,random,5387,future_cover,hash,0,14,14,True,3490.023506249112,249.287393303508,13200.11753124556,131,125,14,0,0.13585912497364916,0,0,0,
annex,random,5387,scenario,hash,0,14,14,True,3593.729593958113,256.69497099700806,13628.647969790565,134,128,14,0,0.37148112498107366,23,8,0,
annex,random,5387,scenario_future,hash,0,14,14,True,4047.290670367139,289.0921907405099,15936.453351835693,133,125,14,0,0.382837458018912,22,8,1,
annex,random,5388,future_cover,hash,0,15,15,True,3278.771837311723,218.58478915411487,12398.859186558615,121,119,15,0,0.19561541700386442,0,0,0,
annex,random,5388,scenario,hash,0,15,15,True,3462.120851483137,230.80805676554246,13120.604257415685,129,118,15,0,0.4036252080113627,21,8,0,
annex,random,5388,scenario_future,hash,0,15,15,True,3462.120851483137,230.80805676554246,13120.604257415685,129,118,15,0,0.4515791659941897,21,8,0,
annex,random,5389,future_cover,hash,0,14,14,True,3253.7381093119793,232.40986495085568,12248.690546559896,123,119,14,0,0.1704113750020042,0,0,0,
annex,random,5389,scenario,hash,0,14,14,True,3324.956820342958,237.49691573878272,12754.784101714791,118,114,14,0,0.32363291599904187,22,5,0,
annex,random,5389,scenario_future,hash,0,14,14,True,3324.956820342958,237.49691573878272,12754.784101714791,118,114,14,0,0.37767816698760726,22,5,0,
annex,random,5390,future_cover,hash,0,10,10,True,2654.3322152788323,265.43322152788323,9321.66107639416,124,120,10,0,0.08145220798905939,0,0,0,
annex,random,5390,scenario,hash,0,10,10,True,2689.072578463218,268.90725784632184,9360.36289231609,129,122,10,0,0.2981425410252996,19,5,0,
annex,random,5390,scenario_future,hash,0,10,10,True,2689.072578463218,268.90725784632184,9360.36289231609,129,122,10,0,0.39372837499831803,19,5,0,
annex,random,5391,future_cover,hash,0,15,15,True,3246.8135697916105,216.45423798610736,12084.067848958053,127,120,15,0,0.159858750004787,0,0,0,
annex,random,5391,scenario,hash,0,15,15,True,3427.554959527203,228.50366396848023,13287.774797636015,117,110,15,0,0.38039954198757187,29,6,0,
annex,random,5391,scenario_future,hash,0,15,15,True,3427.554959527203,228.50366396848023,13287.774797636015,117,110,15,0,0.4339107500272803,29,6,0,
annex,random,5392,future_cover,hash,0,13,13,True,2990.327027480246,230.02515596001894,11266.63513740123,113,107,13,0,0.15823283398640342,0,0,0,
annex,random,5392,scenario,hash,0,13,13,True,3046.256095667574,234.32739197442876,11651.280478337869,110,101,13,0,0.3468271250021644,24,6,0,
annex,random,5392,scenario_future,hash,0,13,13,True,3046.256095667574,234.32739197442876,11651.280478337869,110,101,13,0,0.39313962499727495,24,6,0,
annex,random,5393,future_cover,hash,0,11,11,True,2965.1274336336496,269.55703942124086,10900.637168168249,123,115,11,0,0.08556454197969288,0,0,0,
annex,random,5393,scenario,hash,0,11,11,True,3091.5360269183957,281.0487297198542,11417.68013459198,127,118,11,0,0.3019125410064589,21,6,0,
annex,random,5393,scenario_future,hash,0,11,11,True,3091.5360269183957,281.0487297198542,11417.68013459198,127,118,11,0,0.3266627080156468,21,6,1,
annex,random,5394,future_cover,hash,0,12,12,True,2855.153725501496,237.92947712512466,10150.76862750748,128,125,12,0,0.13532604201463982,0,0,0,
annex,random,5394,scenario,hash,0,12,12,True,2838.6069946362886,236.55058288635738,10383.034973181442,118,112,12,0,0.3100695419998374,15,8,0,
annex,random,5394,scenario_future,hash,0,12,12,True,2838.6069946362886,236.55058288635738,10383.034973181442,118,112,12,0,0.35375974999624304,15,8,0,
annex,random,5395,future_cover,hash,0,11,11,True,3074.237974646415,279.47617951331046,11311.189873232073,127,122,11,0,0.07429970899829641,0,0,0,
annex,random,5395,scenario,hash,0,11,11,True,3095.6116480094074,281.41924072812793,11368.058240047038,129,122,11,0,0.29282908301684074,21,3,0,
annex,random,5395,scenario_future,hash,0,11,11,True,3095.6116480094074,281.41924072812793,11368.058240047038,129,122,11,0,0.3202238339872565,21,3,0,
annex,random,5396,future_cover,hash,0,16,16,True,3054.7197363130604,190.91998351956627,11553.598681565301,112,104,16,0,0.15708054098649882,0,0,2,
annex,random,5396,scenario,hash,0,16,16,True,3545.3738638666046,221.58586649166278,14131.869319333022,108,99,16,0,0.43326529100886546,25,7,0,
annex,random,5396,scenario_future,hash,0,16,16,True,3395.1286613184357,212.19554133240223,13285.643306592177,111,103,16,0,0.6122138749924488,24,4,2,
annex,random,5397,future_cover,hash,0,16,16,True,2933.292820910426,183.33080130690163,11121.464104552131,106,99,16,0,0.17924450000282377,0,0,0,
annex,random,5397,scenario,hash,0,16,16,True,3174.6965017013035,198.41853135633147,11988.482508506519,118,107,16,0,0.37555462500313297,17,8,0,
annex,random,5397,scenario_future,hash,0,16,16,True,3174.6965017013035,198.41853135633147,11988.482508506519,118,107,16,0,0.38151916599599645,17,8,0,
annex,random,5398,future_cover,hash,0,16,16,True,3238.699401080361,202.41871256752256,12393.497005401805,114,110,16,0,0.14379724999889731,0,0,0,
annex,random,5398,scenario,hash,0,16,16,True,3326.6321100848154,207.91450688030096,13063.160550424076,107,99,16,0,0.3228210420056712,12,8,0,
annex,random,5398,scenario_future,hash,0,16,16,True,3326.6321100848154,207.91450688030096,13063.160550424076,107,99,16,0,0.4206851250200998,12,8,0,
annex,random,5399,future_cover,hash,0,15,15,True,3750.6310845403545,250.04207230269031,14353.155422701773,135,130,15,0,0.1474697919911705,0,0,0,
annex,random,5399,scenario,hash,0,15,15,True,3744.2773324692234,249.61848883128155,14851.386662346118,118,109,15,0,0.367988250014605,28,7,0,
annex,random,5399,scenario_future,hash,0,15,15,True,3744.2773324692234,249.61848883128155,14851.386662346118,118,109,15,0,0.40714183400268666,28,7,0,
