profile,kind,seed,mode,noise,repeat,true_sources,cleared,success,virtual_seconds,seconds_per_source,movement_metres,detects,switches,optical_attempts,failed_clears,local_runtime_seconds,error
original,random,5000,joint,hash,0,13,13,True,2916.8688859759154,224.37452969045503,10464.344429879577,127,124,13,0,0.022153291996801272,
original,random,5000,optical,hash,0,13,13,True,2774.332171814772,213.4101670626748,9856.660859073862,123,123,13,0,0.09137970799929462,
original,random,5000,phased,hash,0,13,13,True,3817.157823528997,293.62752488684595,13805.789117644985,164,171,13,0,0.017634708987316117,
original,random,5000,v2,hash,0,13,13,True,2739.695717872283,210.74582445171407,9488.478589361413,129,132,13,0,0.18715191699448042,
original,random,5000,v3,hash,0,13,13,True,2796.325135915399,215.1019335319538,9866.625679576997,127,123,13,0,0.051579207996837795,
original,random,5000,v3_origin20,hash,0,13,13,True,2760.529093156172,212.348391781244,9532.64546578086,131,134,13,0,0.07480849997955374,
original,random,5001,joint,hash,0,10,10,True,3043.759948431563,304.37599484315626,10728.799742157815,144,128,10,0,0.01753362501040101,
original,random,5001,optical,hash,0,10,10,True,2788.3673300189307,278.8367330018931,10091.836650094654,119,119,12,2,0.09117641701595858,
original,random,5001,phased,hash,0,10,10,True,3697.297999868409,369.72979998684093,13266.489999342046,165,169,10,0,0.014444790984271094,
original,random,5001,v2,hash,0,10,10,True,2897.2091875223523,289.7209187522352,9911.045937611761,145,140,10,0,0.15492512501077726,
original,random,5001,v3,hash,0,10,10,True,2793.032191650149,279.30321916501487,10070.160958250744,122,119,10,0,0.05575679198955186,
original,random,5001,v3_origin20,hash,0,10,10,True,2842.6256207282613,284.26256207282614,9688.128103641306,143,140,10,0,0.09176179199130274,
original,random,5002,joint,hash,0,14,14,True,3748.667958050121,267.76199700358006,14023.339790250604,150,124,14,0,0.021342416002880782,
original,random,5002,optical,hash,0,14,14,True,3329.6083648151953,237.8291689153711,12613.041824075975,123,122,14,0,0.08642299997154623,
original,random,5002,phased,hash,0,14,14,True,4559.59186073659,325.6851329097564,17362.95930368295,169,172,14,0,0.021676416014088318,
original,random,5002,v2,hash,0,14,14,True,3400.2339874319737,242.87385624514098,12406.169937159868,142,139,14,0,0.19225729198660702,
original,random,5002,v3,hash,0,14,14,True,3332.7790386749757,238.05564561964113,12543.89519337488,127,119,14,0,0.08919679198879749,
original,random,5002,v3_origin20,hash,0,14,14,True,3439.773717871113,245.6981227050795,12428.868589355565,148,144,14,0,0.09602737499517389,
original,random,5003,joint,hash,0,11,11,True,2895.4847330436137,263.2258848221467,10137.423665218068,136,133,11,0,0.014904500014381483,
original,random,5003,optical,hash,0,11,11,True,2714.7117240041052,246.7919749094641,9783.558620020525,116,120,12,1,0.05761025001993403,
original,random,5003,phased,hash,0,11,11,True,3697.6671980564524,336.1515634596775,13318.335990282263,162,169,11,0,0.01249541700235568,
original,random,5003,v2,hash,0,11,11,True,2762.813439039115,251.16485809446502,9014.067195195576,150,155,11,0,0.15594554101699032,
original,random,5003,v3,hash,0,11,11,True,2737.9474567267166,248.90431424788332,9784.737283633584,121,121,11,0,0.04933775000972673,
original,random,5003,v3_origin20,hash,0,11,11,True,2664.863985988992,242.26036236263565,8909.31992994496,138,138,11,0,0.07324624998727813,
original,random,5004,joint,hash,0,10,10,True,3198.247056704,319.8247056704,11626.23528352,140,123,10,0,0.012589499994646758,
original,random,5004,optical,hash,0,10,10,True,2771.6254007564726,277.16254007564726,10118.127003782363,116,118,10,0,0.06634720900910906,
original,random,5004,phased,hash,0,10,10,True,3612.2198725561684,361.22198725561685,12821.099362780842,166,168,10,0,0.010938249994069338,
original,random,5004,v2,hash,0,10,10,True,2873.2863730056606,287.3286373005661,10291.431865028304,128,125,10,0,0.1106360410049092,
original,random,5004,v3,hash,0,10,10,True,2784.9291234677685,278.49291234677685,10109.645617338843,119,118,10,0,0.04854741698363796,
original,random,5004,v3_origin20,hash,0,10,10,True,2910.2345659214175,291.02345659214177,10351.172829607087,132,130,10,0,0.05245079199085012,
original,random,5005,joint,hash,0,15,15,True,3485.1740677015996,232.34493784677332,13015.870338507999,137,122,15,0,0.02886675001354888,
original,random,5005,optical,hash,0,15,15,True,3423.2524683542633,228.21683122361756,13436.262341771317,109,113,16,1,0.07919895800296217,
original,random,5005,phased,hash,0,15,15,True,4661.609404686815,310.77396031245434,17738.047023434072,173,174,15,0,0.017798791988752782,
original,random,5005,v2,hash,0,15,15,True,3396.022450433003,226.40149669553355,12450.112252165016,138,141,15,0,0.20579524998902343,
original,random,5005,v3,hash,0,15,15,True,3435.725790614011,229.04838604093408,13388.628953070056,114,113,15,0,0.0786519999965094,
original,random,5005,v3_origin20,hash,0,15,15,True,3428.8571628205855,228.59047752137238,12744.285814102928,134,135,15,0,0.09228541600168683,
original,random,5006,joint,hash,0,11,11,True,2914.7627152776104,264.97842866160096,10273.813576388051,136,125,11,0,0.01422329098568298,
original,random,5006,optical,hash,0,11,11,True,2910.9688419230065,264.6335310839097,10774.844209615032,116,121,11,0,0.06615116700413637,
original,random,5006,phased,hash,0,11,11,True,3814.377462436771,346.7615874942519,13826.887312183855,165,169,11,0,0.012407125002937391,
original,random,5006,v2,hash,0,11,11,True,2882.0352333488145,262.0032030317104,9810.176166744071,144,145,11,0,0.13338720900355838,
original,random,5006,v3,hash,0,11,11,True,2934.6559566819733,266.7869051529067,10773.279783409867,121,120,11,0,0.0427281669981312,
original,random,5006,v3_origin20,hash,0,11,11,True,3032.521278355892,275.6837525778083,10387.60639177946,150,150,11,0,0.08246604198939167,
original,random,5007,joint,hash,0,13,13,True,3758.5325241522496,289.11788647325,14432.662620761248,138,117,13,0,0.02550220800912939,
original,random,5007,optical,hash,0,13,13,True,3357.2210857404766,258.2477758261905,13006.105428702384,114,118,14,1,0.06805791601072997,
original,random,5007,phased,hash,0,13,13,True,4561.19716951284,350.86132073175696,17455.985847564203,167,170,13,0,0.015162291994784027,
original,random,5007,v2,hash,0,13,13,True,3513.693873490207,270.2841441146313,12573.469367451034,156,154,13,0,0.19511129200691357,
original,random,5007,v3,hash,0,13,13,True,3358.7641685093577,258.36647450071985,12953.82084254679,117,118,13,0,0.05792054100311361,
original,random,5007,v3_origin20,hash,0,13,13,True,3327.1515390388367,255.9347337722182,12330.757695194183,133,131,13,0,0.07099279199610464,
original,random,5008,joint,hash,0,15,15,True,3952.73467631672,263.51564508778137,15328.673381583601,138,122,15,0,0.024057667003944516,
original,random,5008,optical,hash,0,15,15,True,3543.517435713214,236.23449571421426,13577.587178566071,123,126,19,4,0.23953658301616088,
original,random,5008,phased,hash,0,15,15,True,4635.946946089279,309.0631297392853,17714.734730446395,169,173,15,0,0.02344904199708253,
original,random,5008,v2,hash,0,15,15,True,3567.8996298452257,237.85997532301505,13194.498149226129,142,144,15,0,0.38604862499050796,
original,random,5008,v3,hash,0,15,15,True,3522.0779205476283,234.80519470317523,13475.389602738142,125,127,15,0,0.08526891600922681,
original,random,5008,v3_origin20,hash,0,15,15,True,3581.9814051431067,238.79876034287378,13089.907025715533,148,149,15,0,0.1175765420193784,
original,random,5009,joint,hash,0,12,12,True,3379.3616246756164,281.61346872296804,12391.808123378083,143,126,12,0,0.035204832995077595,
original,random,5009,optical,hash,0,12,12,True,3099.065108787145,258.2554257322621,11430.325543935725,124,124,15,3,0.20228716600104235,
original,random,5009,phased,hash,0,12,12,True,4000.665801258353,333.38881677152943,14623.329006291764,169,171,12,0,0.09345837499131449,
original,random,5009,v2,hash,0,12,12,True,3030.5951276228675,252.54959396857228,10627.975638114338,141,140,12,0,0.347512583975913,
original,random,5009,v3,hash,0,12,12,True,3073.414647143308,256.1178872619423,11272.07323571654,127,124,12,0,0.06677245898754336,
original,random,5009,v3_origin20,hash,0,12,12,True,3121.773149864913,260.1477624887428,11168.865749324566,138,138,12,0,0.10682174999965355,
original,random,5010,joint,hash,0,11,11,True,2881.8036163074435,261.98214693704034,10419.018081537217,125,118,11,0,0.02872654199018143,
original,random,5010,optical,hash,0,11,11,True,2709.2538740301793,246.2958067300163,9576.269370150896,122,129,11,0,0.1473572920076549,
original,random,5010,phased,hash,0,11,11,True,3471.3819949366034,315.580181357873,12206.909974683016,161,170,11,0,0.016595249995589256,
original,random,5010,v2,hash,0,11,11,True,2644.9184992609657,240.44713629645142,8729.59249630483,140,144,11,0,0.19609591699554585,
original,random,5010,v3,hash,0,11,11,True,2724.919996352848,247.71999966844075,9534.59998176424,127,128,11,0,0.06380695797270164,
original,random,5010,v3_origin20,hash,0,11,11,True,2728.722934657726,248.06572133252055,9313.61467328863,135,136,11,0,0.20337041697348468,
original,random,5011,joint,hash,0,10,10,True,3161.280669010261,316.1280669010261,11106.403345051305,150,140,10,0,0.04759283299790695,
original,random,5011,optical,hash,0,10,10,True,2808.3599848372864,280.83599848372864,10266.799924186433,116,122,11,1,0.07044208300067112,
original,random,5011,phased,hash,0,10,10,True,3517.5466712042607,351.75466712042606,12377.733356021305,165,167,10,0,0.029436582990456372,
original,random,5011,v2,hash,0,10,10,True,2830.9486970391144,283.09486970391146,9664.743485195571,141,143,10,0,0.14786987501429394,
original,random,5011,v3,hash,0,10,10,True,2796.238585888753,279.6238585888753,10191.192929443765,118,118,10,0,0.059293583006365225,
original,random,5011,v3_origin20,hash,0,10,10,True,2795.4418573573107,279.54418573573105,9372.209286786554,145,146,10,0,0.06126304197823629,
original,random,5012,joint,hash,0,11,11,True,3293.486178643514,299.4078344221376,12482.43089321757,127,107,11,0,0.017085333995055407,
original,random,5012,optical,hash,0,11,11,True,2940.0947237972296,267.28133852702086,10880.473618986147,118,119,11,0,0.0780350839777384,
original,random,5012,phased,hash,0,11,11,True,3868.4709073159484,351.67917339235896,13972.354536579742,170,169,11,0,0.017790959012927487,
original,random,5012,v2,hash,0,11,11,True,3322.6038680580787,302.054897096189,12468.019340290393,129,129,11,0,0.17944925001938827,
original,random,5012,v3,hash,0,11,11,True,2949.1833899932562,268.1075809084778,10850.916949966282,121,119,11,0,0.055036709003616124,
original,random,5012,v3_origin20,hash,0,11,11,True,3293.3548611003484,299.39589646366807,12211.774305501742,133,131,11,0,0.08446733298478648,
original,random,5013,joint,hash,0,11,11,True,3623.7566680420227,329.43242436745663,13438.783340210113,150,131,11,0,0.015056957985507324,
original,random,5013,optical,hash,0,11,11,True,3239.440590267791,294.4945991152537,12377.202951338953,118,119,11,0,0.05900720797944814,
original,random,5013,phased,hash,0,11,11,True,4380.446684244071,398.2224258403701,16557.233421220353,169,169,11,0,0.01326362500549294,
original,random,5013,v2,hash,0,11,11,True,3386.7153634637443,307.8832148603404,12448.57681731872,141,137,11,0,0.16095408398541622,
original,random,5013,v3,hash,0,11,11,True,3271.8273719667895,297.4388519969809,12364.136859833949,125,119,11,0,0.07266629199148156,
original,random,5013,v3_origin20,hash,0,11,11,True,3307.9169043521483,300.71971857746803,12079.584521760742,140,137,11,0,0.0626286250189878,
original,random,5014,joint,hash,0,13,13,True,3154.1719845516063,242.6286141962774,11645.859922758033,127,125,13,0,0.02087504099472426,
original,random,5014,optical,hash,0,13,13,True,2912.087538677556,224.00673374442738,10750.43769338778,115,116,15,2,0.06696354199084453,
original,random,5014,phased,hash,0,13,13,True,3827.5931546771367,294.43024266747204,13877.965773385684,163,172,13,0,0.015653499984182417,
original,random,5014,v2,hash,0,13,13,True,3061.985427031327,235.53734054087133,10939.927135156637,134,139,13,0,0.19731108300038613,
original,random,5014,v3,hash,0,13,13,True,2913.719131109443,224.13224085457253,10688.595655547215,119,116,13,0,0.0657980419928208,
original,random,5014,v3_origin20,hash,0,13,13,True,2907.0655217695403,223.6204247515031,10680.327608847701,117,121,13,0,0.07219337500282563,
original,random,5015,joint,hash,0,16,16,True,3832.6168590185825,239.5385536886614,15058.084295092913,127,106,16,0,0.02560104100848548,
original,random,5015,optical,hash,0,16,16,True,3057.1075173795243,191.06921983622027,11665.53758689762,106,114,16,0,0.09247783300816081,
original,random,5015,phased,hash,0,16,16,True,3792.47409789632,237.02963111852,14487.3704894816,136,135,16,0,0.016808125015813857,
original,random,5015,v2,hash,0,16,16,True,3535.793805578456,220.9871128486535,12793.96902789228,149,152,16,0,0.2537029579980299,
original,random,5015,v3,hash,0,16,16,True,3088.553869427714,193.03461683923211,11567.769347138568,116,115,16,0,0.0766402090084739,
original,random,5015,v3_origin20,hash,0,16,16,True,2910.1107469434255,181.8819216839641,10400.553734717128,125,125,16,0,0.08193745798780583,
original,random,5016,joint,hash,0,14,14,True,3395.3666516423955,242.52618940302824,13171.833258211978,118,101,14,0,0.017290165997110307,
original,random,5016,optical,hash,0,14,14,True,3133.079992100806,223.79142800720044,11920.39996050403,111,118,16,2,0.0799688329861965,
original,random,5016,phased,hash,0,14,14,True,4164.488495416911,297.4634639583508,15432.442477084556,167,173,14,0,0.018592042004456744,
original,random,5016,v2,hash,0,14,14,True,2985.8937099595873,213.27812213997052,11064.468549797937,116,123,14,0,0.20160445797955617,
original,random,5016,v3,hash,0,14,14,True,3123.1051710487336,223.07894078919526,11840.525855243668,114,115,14,0,0.07807449999381788,
original,random,5016,v3_origin20,hash,0,14,14,True,3163.1151442735145,225.93679601953676,12115.575721367573,111,115,14,0,0.07378916701418348,
original,random,5017,joint,hash,0,10,10,True,2966.202555905218,296.6202555905218,10226.01277952609,147,136,10,0,0.019055208016652614,
original,random,5017,optical,hash,0,10,10,True,2776.0194443833275,277.60194443833274,10060.097221916638,119,119,10,0,0.06300054202438332,
original,random,5017,phased,hash,0,10,10,True,3963.4030801365416,396.3403080136542,14497.015400682709,169,169,10,0,0.02130620801472105,
original,random,5017,v2,hash,0,10,10,True,2723.5798369938593,272.35798369938595,9187.899184969297,140,136,10,0,0.2180622079758905,
original,random,5017,v3,hash,0,10,10,True,2784.011515694968,278.4011515694968,10000.057578474838,123,119,10,0,0.05430804198840633,
original,random,5017,v3_origin20,hash,0,10,10,True,2911.876050638678,291.1876050638678,9619.380253193389,157,153,10,0,0.0780564580054488,
original,random,5018,joint,hash,0,13,13,True,3716.5916020815844,285.8916616985834,14107.958010407921,141,125,13,0,0.038045291003072634,
original,random,5018,optical,hash,0,13,13,True,3576.6883618457346,275.12987398813345,13653.441809228672,129,136,13,0,0.17472212499706075,
original,random,5018,phased,hash,0,13,13,True,4394.2347864994,338.01806049995383,16591.173932497,168,171,13,0,0.09657912497641519,
original,random,5018,v2,hash,0,13,13,True,3561.750520940587,273.9808093031221,13668.752604702937,127,128,13,0,0.2397713329992257,
original,random,5018,v3,hash,0,13,13,True,3617.5100957485934,278.2700073652764,13732.550478742967,135,131,13,0,0.08824645800632425,
original,random,5018,v3_origin20,hash,0,13,13,True,3621.626107364378,278.5866236434137,13603.130536821891,139,141,13,0,0.08761837499332614,
original,random,5019,joint,hash,0,12,12,True,3078.5443002763745,256.54535835636455,11377.721501381873,126,113,12,0,0.0872148750058841,
original,random,5019,optical,hash,0,12,12,True,2889.091639064181,240.75763658868175,10725.458195320905,113,116,13,1,0.1346574579947628,
original,random,5019,phased,hash,0,12,12,True,4003.420604525018,333.6183837104182,14667.10302262509,168,170,12,0,0.02845774998422712,
original,random,5019,v2,hash,0,12,12,True,3249.732825281298,270.8110687734415,11793.664126406491,138,141,12,0,0.2999120829917956,
original,random,5019,v3,hash,0,12,12,True,2951.242132531773,245.93684437764776,10686.210662658867,126,124,12,0,0.12332370798685588,
original,random,5019,v3_origin20,hash,0,12,12,True,2834.9813736246756,236.2484478020563,10079.906868123378,126,129,12,0,0.12362450000364333,
original,random,5020,joint,hash,0,13,13,True,3786.670560847756,291.28235083444275,14243.35280423878,150,123,13,0,0.033330292004393414,
original,random,5020,optical,hash,0,13,13,True,3163.2907184579476,243.33005526599598,12101.453592289738,112,118,13,0,0.11519708400010131,
original,random,5020,phased,hash,0,13,13,True,4527.239036159667,348.2491566276667,17206.195180798335,170,171,13,0,0.02477570899645798,
original,random,5020,v2,hash,0,13,13,True,3416.8580431343235,262.8352340872556,12914.290215671617,128,129,13,0,0.36002787499455735,
original,random,5020,v3,hash,0,13,13,True,3192.822238960368,245.60171068925908,11994.111194801839,122,119,13,0,0.1410233749775216,
original,random,5020,v3_origin20,hash,0,13,13,True,3437.5364261126497,264.42587893174226,12887.68213056325,132,135,13,0,0.16043874999741092,
original,random,5021,joint,hash,0,12,12,True,3254.2688982823956,271.1890748568663,11906.34449141198,137,128,12,0,0.021340290986699983,
original,random,5021,optical,hash,0,12,12,True,2967.5544696532725,247.29620580443938,11122.772348266362,113,112,14,2,0.06781429098919034,
original,random,5021,phased,hash,0,12,12,True,4077.6483967785834,339.80403306488193,14983.241983892916,170,171,12,0,0.013865708984667435,
original,random,5021,v2,hash,0,12,12,True,2902.5100642785515,241.8758386898793,10082.550321392757,137,141,12,0,0.12239074998069555,
original,random,5021,v3,hash,0,12,12,True,2970.8218166436336,247.5684847203028,11094.109083218167,116,112,12,0,0.056536124990088865,
original,random,5021,v3_origin20,hash,0,12,12,True,2933.126753679003,244.42722947325024,10095.633768395013,142,144,12,0,0.06881625001551583,
original,random,5022,joint,hash,0,11,11,True,3553.21724221281,323.01974929207364,13371.08621106405,140,124,11,0,0.016414082987466827,
original,random,5022,optical,hash,0,11,11,True,3035.788366189587,275.98076056268974,11253.941830947935,120,127,12,1,0.06925637501990423,
original,random,5022,phased,hash,0,11,11,True,3916.7157180396775,356.06506527633434,14338.578590198387,165,169,11,0,0.012029167002765462,
original,random,5022,v2,hash,0,11,11,True,2949.30577634781,268.11870694071,10511.52888173905,132,132,11,0,0.15078000002540648,
original,random,5022,v3,hash,0,11,11,True,3041.4177580539913,276.49252345945376,11157.088790269956,126,125,11,0,0.056579166994197294,
original,random,5022,v3_origin20,hash,0,11,11,True,2966.0579029021605,269.64162753656007,10540.289514510803,134,133,11,0,0.07047312500071712,
original,random,5023,joint,hash,0,11,11,True,3371.5665482163845,306.50604983785314,12262.832741081922,146,134,11,0,0.012183416984044015,
original,random,5023,optical,hash,0,11,11,True,2862.3115482033513,260.2101407457592,10356.557741016757,121,125,13,2,0.06265620799968019,
original,random,5023,phased,hash,0,11,11,True,3863.283895811222,351.2076268919293,13976.41947905611,169,168,11,0,0.013629959023091942,
original,random,5023,v2,hash,0,11,11,True,2938.4081471926256,267.1280133811478,10397.040735963128,134,134,11,0,0.12760170799447224,
original,random,5023,v3,hash,0,11,11,True,2880.0233605527205,261.82030550479277,10290.116802763603,128,127,11,0,0.059323249995941296,
original,random,5023,v3_origin20,hash,0,11,11,True,2919.67526293942,265.4250239035836,10333.3763146971,133,133,11,0,0.058303500001784414,
original,random,5024,joint,hash,0,10,10,True,3192.2879211212426,319.22879211212427,11361.439605606212,148,130,10,0,0.01629062497522682,
original,random,5024,optical,hash,0,10,10,True,2871.610679268422,287.1610679268422,10543.05339634211,119,118,10,0,0.05571433302247897,
original,random,5024,phased,hash,0,10,10,True,3914.801982251875,391.4801982251875,14384.009911259374,164,168,10,0,0.010062957997433841,
original,random,5024,v2,hash,0,10,10,True,2863.130528638937,286.3130528638937,9730.652643194684,144,147,10,0,0.12188350001815706,
original,random,5024,v3,hash,0,10,10,True,2880.434891146083,288.0434891146083,10537.174455730416,121,118,10,0,0.043619583011604846,
original,random,5024,v3_origin20,hash,0,10,10,True,2850.0445069620746,285.00445069620747,9645.222534810373,145,146,10,0,0.06270899999071844,
original,random,5025,joint,hash,0,16,16,True,3403.627452957156,212.72671580982225,12848.13726478578,128,114,16,0,0.03521145900595002,
original,random,5025,optical,hash,0,16,16,True,3154.2255346579013,197.13909591611883,11931.127673289508,113,120,17,1,0.12757070900988765,
original,random,5025,phased,hash,0,16,16,True,4037.475452900618,252.34221580628864,15317.377264503091,148,154,16,0,0.025097999983699992,
original,random,5025,v2,hash,0,16,16,True,3270.1354420633897,204.38346512896186,12115.67721031695,127,132,16,0,0.29827258302248083,
original,random,5025,v3,hash,0,16,16,True,3173.3175696922017,198.3323481057626,11936.587848461008,117,121,16,0,0.09760924999136478,
original,random,5025,v3_origin20,hash,0,16,16,True,3366.5785917811413,210.41116198632133,12172.892958905706,141,147,16,0,0.12686991700320505,
original,random,5026,joint,hash,0,10,10,True,3321.254038043783,332.1254038043783,12171.270190218915,142,127,10,0,0.02369862498017028,
original,random,5026,optical,hash,0,10,10,True,2961.2040478965077,296.12040478965076,10841.02023948254,122,127,12,2,0.09853700001258403,
original,random,5026,phased,hash,0,10,10,True,4020.462650854608,402.0462650854608,14812.31325427304,168,168,10,0,0.017606250010430813,
original,random,5026,v2,hash,0,10,10,True,3219.8628017588953,321.98628017588953,11684.314008794476,139,138,10,0,0.22876441600965336,
original,random,5026,v3,hash,0,10,10,True,2952.841492731519,295.2841492731519,10754.207463657594,125,127,10,0,0.07068970799446106,
original,random,5026,v3_origin20,hash,0,10,10,True,3117.439000093735,311.74390000937353,11232.195000468675,137,136,10,0,0.09824729198589921,
original,random,5027,joint,hash,0,14,14,True,3424.3129115296824,244.5937793949773,13031.564557648413,127,113,14,0,0.04140516699408181,
original,random,5027,optical,hash,0,14,14,True,2919.593296349799,208.54237831069992,10797.966481748996,113,116,17,3,0.2593631249910686,
original,random,5027,phased,hash,0,14,14,True,4030.4085146613106,287.8863224758079,14847.042573306553,164,171,14,0,0.029101291991537437,
original,random,5027,v2,hash,0,14,14,True,2979.0836877268143,212.79169198048675,10725.418438634071,127,129,14,0,0.4781602080038283,
original,random,5027,v3,hash,0,14,14,True,2911.242583695488,207.945898835392,10766.21291847744,115,113,14,0,0.08010137500241399,
original,random,5027,v3_origin20,hash,0,14,14,True,3043.243664865314,217.37454749037957,10541.218324326568,144,145,14,0,0.2532712919928599,
original,random,5028,joint,hash,0,14,14,True,3743.324734791523,267.3803381993945,14476.623673957616,132,118,14,0,0.0417879169981461,
original,random,5028,optical,hash,0,14,14,True,3475.932534501667,248.28089532154763,12974.662672508335,133,140,16,2,0.21159162500407547,
original,random,5028,phased,hash,0,14,14,True,4354.330155550524,311.0235825393232,16336.650777752622,169,172,14,0,0.05021645801025443,
original,random,5028,v2,hash,0,14,14,True,3549.333158004637,253.5237970003312,13436.665790023186,131,137,14,0,0.2752783330215607,
original,random,5028,v3,hash,0,14,14,True,3519.107199977584,251.36479999839887,13000.53599988792,141,144,14,0,0.1436942909786012,
original,random,5028,v3_origin20,hash,0,14,14,True,3677.4334573552287,262.67381838251634,13997.167286776144,134,138,14,0,0.2737077500205487,
original,random,5029,joint,hash,0,13,13,True,3666.1514688587226,282.01165145067097,13375.757344293614,158,136,13,0,0.026058000017656013,
original,random,5029,optical,hash,0,13,13,True,3218.255949237211,247.55814994132393,11851.279746186055,129,132,15,2,0.09364795900182799,
original,random,5029,phased,hash,0,13,13,True,4080.8220488625566,313.9093883740428,14949.110244312784,171,171,13,0,0.025012750003952533,
original,random,5029,v2,hash,0,13,13,True,2975.324963257471,228.87115101980547,10921.624816287356,121,121,13,0,0.2044164999970235,
original,random,5029,v3,hash,0,13,13,True,3135.6050247098005,241.2003865161385,11328.025123549003,135,130,13,0,0.07843633301672526,
original,random,5029,v3_origin20,hash,0,13,13,True,3019.496175921919,232.2689366093784,10932.480879609595,128,128,13,0,0.09846974999527447,
original,random,5030,joint,hash,0,14,14,True,3542.484654158913,253.0346181542081,13002.423270794565,149,127,14,0,0.025351749995024875,
original,random,5030,optical,hash,0,14,14,True,3141.0460375307193,224.36043125219425,11615.230187653597,123,130,15,1,0.087697166018188,
original,random,5030,phased,hash,0,14,14,True,4339.989478864529,309.9992484903235,16139.947394322642,174,172,14,0,0.022929958009626716,
original,random,5030,v2,hash,0,14,14,True,3135.7414891457497,223.98153493898212,11278.707445728749,135,135,14,0,0.2282489580102265,
original,random,5030,v3,hash,0,14,14,True,3157.596570705773,225.5426121932695,11612.982853528865,127,130,14,0,0.07014183400315233,
original,random,5030,v3_origin20,hash,0,14,14,True,3168.559349528007,226.32566782342906,11287.796747640034,140,141,14,0,0.1114219999872148,
original,random,5031,joint,hash,0,16,16,True,3443.9341705888755,215.24588566180472,13394.670852944379,115,110,16,0,0.03511895900010131,
original,random,5031,optical,hash,0,16,16,True,3084.5291168248914,192.7830698015557,11987.645584124457,99,106,18,2,0.11825154200778343,
original,random,5031,phased,hash,0,16,16,True,4223.2288877164065,263.9518054822754,15731.14443858203,165,172,16,0,0.02006654199794866,
original,random,5031,v2,hash,0,16,16,True,3373.9756148357355,210.87347592723347,12409.878074178678,135,137,16,0,0.38284100001328625,
original,random,5031,v3,hash,0,16,16,True,3068.7287246294845,191.79554528934278,11863.643623147424,102,106,16,0,0.1250440829899162,
original,random,5031,v3_origin20,hash,0,16,16,True,3157.220437299724,197.32627733123275,12246.10218649862,104,108,16,0,0.11736683300114237,
original,random,5032,joint,hash,0,16,16,True,2634.6647139158367,164.6665446197398,9993.323569579185,93,91,16,0,0.021100916987052187,
original,random,5032,optical,hash,0,16,16,True,2844.89817271958,177.80613579497376,10824.4908635979,98,107,17,1,0.10163270798511803,
original,random,5032,phased,hash,0,16,16,True,4051.011876636689,253.18824228979307,14865.059383183445,165,173,16,0,0.023013416008325294,
original,random,5032,v2,hash,0,16,16,True,2479.6355853910472,154.97722408694045,9223.177926955235,92,95,16,0,0.209632333018817,
original,random,5032,v3,hash,0,16,16,True,2865.3499848376373,179.08437405235233,10806.749924188187,103,109,16,0,0.08198537499993108,
original,random,5032,v3_origin20,hash,0,16,16,True,2634.0891448740676,164.63057155462923,9670.445724370338,102,110,16,0,0.08163450000574812,
original,random,5033,joint,hash,0,16,16,True,3486.5003297945345,217.9062706121584,13407.501648972673,123,110,16,0,0.02031729099689983,
original,random,5033,optical,hash,0,16,16,True,2967.6697560660446,185.47935975412778,11163.348780330223,107,114,18,2,0.08582179198856466,
original,random,5033,phased,hash,0,16,16,True,3854.261061007534,240.89131631297087,14641.30530503767,142,136,16,0,0.02210591599578038,
original,random,5033,v2,hash,0,16,16,True,3110.105963689278,194.38162273057986,11395.529818446388,125,126,16,0,0.1675061249989085,
original,random,5033,v3,hash,0,16,16,True,2957.2987190314516,184.83116993946572,11026.493595157257,112,112,16,0,0.06621941699995659,
original,random,5033,v3_origin20,hash,0,16,16,True,3281.496365163146,205.09352282269663,11962.48182581573,134,139,16,0,0.09399679201305844,
original,random,5034,joint,hash,0,10,10,True,2720.6613460561575,272.06613460561573,9418.306730280787,132,127,10,0,0.014262291020713747,
original,random,5034,optical,hash,0,10,10,True,2773.5418366311305,277.3541836631131,9812.709183155654,125,130,12,2,0.055107374995714054,
original,random,5034,phased,hash,0,10,10,True,3780.266822993046,378.0266822993046,13731.33411496523,163,169,10,0,0.012536499998532236,
original,random,5034,v2,hash,0,10,10,True,2715.9332648561435,271.59332648561434,8944.666324280717,146,147,10,0,0.1261566250177566,
original,random,5034,v3,hash,0,10,10,True,2796.1932573331437,279.6193257333144,9780.966286665718,132,130,10,0,0.04812625001068227,
original,random,5034,v3_origin20,hash,0,10,10,True,2564.90739350361,256.49073935036097,8309.53696751805,142,143,10,0,0.05792712501715869,
original,random,5035,joint,hash,0,14,14,True,3911.1574407301305,279.36838862358076,15200.787203650652,138,111,14,0,0.019656374992337078,
original,random,5035,optical,hash,0,14,14,True,3412.848292098959,243.7748780070685,13169.241460494795,118,116,15,1,0.07581558398669586,
original,random,5035,phased,hash,0,14,14,True,4877.089939540835,348.36356711005965,18640.449697704174,181,174,14,0,0.017664958024397492,
original,random,5035,v2,hash,0,14,14,True,3629.788673765926,259.270619554709,13763.94336882963,135,132,14,0,0.14044037499115802,
original,random,5035,v3,hash,0,14,14,True,3476.711079034304,248.33650564530743,13313.555395171521,125,119,14,0,0.06314133299747482,
original,random,5035,v3_origin20,hash,0,14,14,True,3632.249829708474,259.44641640774813,13721.24914854237,137,133,14,0,0.06730545801110566,
original,random,5036,joint,hash,0,11,11,True,3524.980884444626,320.4528076767842,13444.904422223131,132,121,11,0,0.01619862500228919,
original,random,5036,optical,hash,0,11,11,True,3100.623903053297,281.87490027757246,11778.119515266486,115,115,11,0,0.05140204099006951,
original,random,5036,phased,hash,0,11,11,True,4125.141904543741,375.0129004130673,15305.709522718702,168,169,11,0,0.013599208003142849,
original,random,5036,v2,hash,0,11,11,True,3118.4642564148994,283.4967505831727,11327.321282074498,133,133,11,0,0.11455204198136926,
original,random,5036,v3,hash,0,11,11,True,3110.2516022620985,282.75014566019075,11726.258011310492,119,115,11,0,0.0446562499855645,
original,random,5036,v3_origin20,hash,0,11,11,True,3127.4631447435468,284.3148313403224,10867.315723717735,150,149,11,0,0.07163399999262765,
original,random,5037,joint,hash,0,13,13,True,3516.080949321928,270.467765332456,13010.40474660964,144,129,13,0,0.016803957987576723,
original,random,5037,optical,hash,0,13,13,True,3251.193056840682,250.09177360312938,12240.96528420341,121,124,16,3,0.06063458402059041,
original,random,5037,phased,hash,0,13,13,True,4211.05468842562,323.9272837250477,15575.2734421281,172,171,13,0,0.015162750001763925,
original,random,5037,v2,hash,0,13,13,True,3269.8032113376676,251.52332394905136,11959.016056688339,136,133,13,0,0.13411891600117087,
original,random,5037,v3,hash,0,13,13,True,3241.4439779812883,249.3418444600991,12182.21988990644,124,120,13,0,0.0466764580050949,
original,random,5037,v3_origin20,hash,0,13,13,True,3211.5571030044866,247.0428540772682,11442.785515022433,143,143,13,0,0.0687122080125846,
original,random,5038,joint,hash,0,11,11,True,3444.4671996728193,313.1333817884381,12492.335998364097,151,136,11,0,0.012705749977612868,
original,random,5038,optical,hash,0,11,11,True,3027.9206536320394,275.265513966549,11209.603268160197,122,121,11,0,0.04517708299681544,
original,random,5038,phased,hash,0,11,11,True,4156.234688770163,377.83951716092395,15306.173443850817,174,170,11,0,0.013818874984281138,
original,random,5038,v2,hash,0,11,11,True,3259.096952720278,296.28154115638887,11965.48476360139,135,136,11,0,0.11875604200758971,
original,random,5038,v3,hash,0,11,11,True,3040.1787568383725,276.3798869853066,11145.893784191863,127,121,11,0,0.038718041992979124,
original,random,5038,v3_origin20,hash,0,11,11,True,3181.974594533116,289.2704176848287,11154.87297266558,150,146,11,0,0.05007745901821181,
original,random,5039,joint,hash,0,16,16,True,3741.723781824375,233.85773636402342,14213.618909121875,141,114,16,0,0.02687066700309515,
original,random,5039,optical,hash,0,16,16,True,2994.5146285009564,187.15716428130978,11617.573142504782,97,100,18,2,0.09009141699061729,
original,random,5039,phased,hash,0,16,16,True,4081.978988426367,255.12368677664793,15749.894942131834,143,137,16,0,0.021286458999384195,
original,random,5039,v2,hash,0,16,16,True,3114.185781410716,194.63661133816976,11745.92890705358,114,115,16,0,0.2054697920102626,
original,random,5039,v3,hash,0,16,16,True,2974.1445997340857,185.88403748338035,11420.722998670428,102,100,16,0,0.06739554199157283,
original,random,5039,v3_origin20,hash,0,16,16,True,3069.3108506841654,191.83192816776034,11431.554253420827,117,118,16,0,0.08495650000986643,
original,random,5040,joint,hash,0,12,12,True,3529.7464656591533,294.14553880492946,13058.732328295766,146,128,12,0,0.017670917004579678,
original,random,5040,optical,hash,0,12,12,True,3065.6331652265408,255.46943043554506,11368.165826132703,121,124,13,1,0.05676612499519251,
original,random,5040,phased,hash,0,12,12,True,4211.85199611445,350.98766634287085,15609.25998057225,172,170,12,0,0.013731999992160127,
original,random,5040,v2,hash,0,12,12,True,3136.440391386788,261.37003261556566,11417.20195693394,132,133,12,0,0.10366083300323226,
original,random,5040,v3,hash,0,12,12,True,3058.109098942626,254.8424249118855,11280.545494713131,124,122,12,0,0.043057166010839865,
original,random,5040,v3_origin20,hash,0,12,12,True,3057.3974670109287,254.78312225091074,10896.987335054644,137,133,12,0,0.05212608398869634,
original,random,5041,joint,hash,0,15,15,True,3677.5018145653044,245.16678763768695,14412.509072826522,122,110,15,0,0.020191292016534135,
original,random,5041,optical,hash,0,15,15,True,3287.0356868204644,219.13571245469763,12505.178434102321,116,128,16,1,0.10105008300160989,
original,random,5041,phased,hash,0,15,15,True,4386.321972017038,292.42146480113587,16566.60986008519,165,173,15,0,0.019364209001651034,
original,random,5041,v2,hash,0,15,15,True,3303.613292786425,220.24088618576167,12378.066463932126,125,128,15,0,0.19822374999057502,
original,random,5041,v3,hash,0,15,15,True,3300.304053882249,220.0202702588166,12436.520269411245,122,128,15,0,0.08082787500461563,
original,random,5041,v3_origin20,hash,0,15,15,True,3226.693356796445,215.11289045309636,11983.466783982225,125,130,15,0,0.08293545799097046,
original,random,5042,joint,hash,0,12,12,True,3514.5739612404245,292.881163436702,13272.869806202123,136,120,12,0,0.01749800000106916,
original,random,5042,optical,hash,0,12,12,True,3142.6778874000565,261.8898239500047,11643.389437000282,123,130,15,3,0.05817537501570769,
original,random,5042,phased,hash,0,12,12,True,4246.356680556062,353.86305671300516,15681.783402780311,176,170,12,0,0.015392916975542903,
original,random,5042,v2,hash,0,12,12,True,3193.4588160613666,266.1215680051139,11587.294080306832,136,136,12,0,0.11282516701612622,
original,random,5042,v3,hash,0,12,12,True,3135.781610523342,261.3151342102785,11543.908052616709,128,127,12,0,0.04953604200272821,
original,random,5042,v3_origin20,hash,0,12,12,True,3228.102444939598,269.00853707829987,11950.512224697992,130,128,12,0,0.06197220800095238,
original,random,5043,joint,hash,0,14,14,True,3959.9145194059965,282.8510371004283,15454.572597029983,137,114,14,0,0.01904079198720865,
original,random,5043,optical,hash,0,14,14,True,3127.0003250149152,223.35716607249395,11865.001625074576,113,119,14,0,0.06645108299562708,
original,random,5043,phased,hash,0,14,14,True,4430.45677416323,316.4611981545164,16567.28387081615,175,172,14,0,0.016673750011250377,
original,random,5043,v2,hash,0,14,14,True,3125.006126629826,223.21472333070187,11360.030633149132,130,133,14,0,0.14224262500647455,
original,random,5043,v3,hash,0,14,14,True,3142.8825960740273,224.49161400528766,11794.412980370136,119,119,14,0,0.05897854201612063,
original,random,5043,v3_origin20,hash,0,14,14,True,3168.238557393935,226.30275409956678,11431.192786969676,135,137,14,0,0.07861208298709244,
original,random,5044,joint,hash,0,10,10,True,3352.3687840746743,335.23687840746743,12446.843920373372,137,128,10,0,0.013693957997020334,
original,random,5044,optical,hash,0,10,10,True,3193.8366474640347,319.3836647464035,11584.183237320174,136,141,12,2,0.07626654100022279,
original,random,5044,phased,hash,0,10,10,True,4224.502678966666,422.4502678966666,15707.513394833331,173,168,10,0,0.011072041001170874,
original,random,5044,v2,hash,0,10,10,True,3460.5026965786838,346.0502696578684,13007.513482893419,135,134,10,0,0.11368066698196344,
original,random,5044,v3,hash,0,10,10,True,3194.832406236502,319.4832406236502,11579.16203118251,138,139,10,0,0.0575455000216607,
original,random,5044,v3_origin20,hash,0,10,10,True,3290.825021049667,329.0825021049667,12059.125105248335,138,139,10,0,0.05327324999962002,
original,random,5045,joint,hash,0,10,10,True,3193.018865475024,319.3018865475024,11515.09432737512,142,130,10,0,0.015157000016188249,
original,random,5045,optical,hash,0,10,10,True,2823.7615116426005,282.37615116426,10138.807558213002,123,128,11,1,0.05860220899921842,
original,random,5045,phased,hash,0,10,10,True,3860.6326951419865,386.0632695141986,14063.163475709933,166,168,10,0,0.011120457987999544,
original,random,5045,v2,hash,0,10,10,True,2838.869946607656,283.8869946607656,9644.34973303828,143,145,10,0,0.10211404200526886,
original,random,5045,v3,hash,0,10,10,True,2834.240389405487,283.4240389405487,10031.201947027435,130,128,10,0,0.04890508300741203,
original,random,5045,v3_origin20,hash,0,10,10,True,2830.684655758733,283.0684655758733,9548.423278793663,145,146,10,0,0.054275000002235174,
original,random,5046,joint,hash,0,12,12,True,2825.5089885002317,235.4590823750193,10402.544942501157,115,110,12,0,0.015251624980010092,
original,random,5046,optical,hash,0,12,12,True,2805.6973096994197,233.8081091416183,10398.4865484971,109,115,14,2,0.07185562499216758,
original,random,5046,phased,hash,0,12,12,True,3726.0032092148367,310.5002674345697,13430.016046074183,162,170,12,0,0.01427991600940004,
original,random,5046,v2,hash,0,12,12,True,2742.858142940532,228.571511911711,9889.290714702662,117,120,12,0,0.1566474580031354,
original,random,5046,v3,hash,0,12,12,True,2791.167699496461,232.59730829137175,10330.838497482304,110,115,12,0,0.05901570798596367,
original,random,5046,v3_origin20,hash,0,12,12,True,2865.7948268891914,238.8162355740993,9868.974134445958,138,142,12,0,0.07818762501119636,
original,random,5047,joint,hash,0,11,11,True,3235.0316573230766,294.0937870293706,11655.158286615382,143,134,11,0,0.01784166699508205,
original,random,5047,optical,hash,0,11,11,True,3277.0672751791576,297.91520683446885,12115.336375895788,132,136,12,1,0.07016112501150928,
original,random,5047,phased,hash,0,11,11,True,3882.0302223206704,352.91183839278824,14115.151111603353,167,169,11,0,0.013235166989034042,
original,random,5047,v2,hash,0,11,11,True,3214.6744684081245,292.2431334916477,11648.372342040622,138,140,11,0,0.15851883302093484,
original,random,5047,v3,hash,0,11,11,True,3342.0733216342314,303.8248474212938,12235.366608171158,140,140,11,0,0.059396416996605694,
original,random,5047,v3_origin20,hash,0,11,11,True,3172.7347466664164,288.43043151512876,11303.673733332082,143,142,11,0,0.07234262500423938,
original,random,5048,joint,hash,0,12,12,True,3099.3419961675436,258.2784996806286,11206.709980837717,135,123,12,0,0.016583792021265253,
original,random,5048,optical,hash,0,12,12,True,2833.9556784909664,236.16297320758054,10184.778392454831,122,121,14,2,0.05915212500258349,
original,random,5048,phased,hash,0,12,12,True,4029.173256735832,335.76443806131937,14795.866283679161,168,170,12,0,0.015431958017870784,
original,random,5048,v2,hash,0,12,12,True,2898.9120711033916,241.57600592528263,10139.560355516958,135,136,12,0,0.13021608398412354,
original,random,5048,v3,hash,0,12,12,True,2836.229699094021,236.35247492450173,10176.148495470105,124,121,12,0,0.044313874997897074,
original,random,5048,v3_origin20,hash,0,12,12,True,2897.877326520621,241.48977721005176,9959.386632603104,141,141,12,0,0.06377816700842232,
original,random,5049,joint,hash,0,16,16,True,3423.067370204981,213.94171063781133,13625.336851024906,107,83,16,0,0.029096749989548698,
original,random,5049,optical,hash,0,16,16,True,2944.9301848632117,184.05813655395073,11104.650924316058,105,113,18,2,0.08774708298733458,
original,random,5049,phased,hash,0,16,16,True,3545.030618984007,221.56441368650044,13970.153094920035,112,111,16,0,0.019014666002476588,
original,random,5049,v2,hash,0,16,16,True,3032.6420745801634,189.5401296612602,11018.210372900818,124,129,16,0,0.17155541697866283,
original,random,5049,v3,hash,0,16,16,True,2982.944361287295,186.43402258045595,11134.721806436475,112,116,16,0,0.06941545900190249,
original,random,5049,v3_origin20,hash,0,16,16,True,3025.478915494714,189.09243221841962,10902.39457747357,127,130,16,0,0.07752525000250898,
original,random,5050,joint,hash,0,14,14,True,3381.400121118967,241.52858007992623,12462.000605594834,139,124,14,0,0.024423625000054017,
original,random,5050,optical,hash,0,14,14,True,3065.2934642702094,218.94953316215782,11286.467321351047,121,127,16,2,0.0674485839845147,
original,random,5050,phased,hash,0,14,14,True,4237.637277415016,302.68837695821543,15753.18638707508,169,172,14,0,0.015705499972682446,
original,random,5050,v2,hash,0,14,14,True,3395.6876999349633,242.54912142392595,11023.438499674816,186,191,14,0,0.25807904201792553,
original,random,5050,v3,hash,0,14,14,True,3077.568791346671,219.82634223904793,11257.843956733353,126,126,14,0,0.05537716601975262,
original,random,5050,v3_origin20,hash,0,14,14,True,3284.0512429020555,234.57508877871825,10615.256214510277,181,186,14,0,0.10274083298281766,
original,random,5051,joint,hash,0,10,10,True,3174.269615804332,317.42696158043316,11461.348079021658,141,127,10,0,0.013407292019110173,
original,random,5051,optical,hash,0,10,10,True,2930.9357427381765,293.09357427381764,10849.678713690882,117,120,12,2,0.06383591701160185,
original,random,5051,phased,hash,0,10,10,True,3966.3185910645093,396.6318591064509,14566.592955322547,167,168,10,0,0.011680625000735745,
original,random,5051,v2,hash,0,10,10,True,2947.964254262576,294.7964254262576,10474.82127131288,134,133,10,0,0.12618612498044968,
original,random,5051,v3,hash,0,10,10,True,2928.31647427948,292.83164742794804,10716.5823713974,123,120,10,0,0.07071187498513609,
original,random,5051,v3_origin20,hash,0,10,10,True,2879.684584281413,287.96845842814133,10003.422921407066,138,139,10,0,0.07856691599590704,
original,random,5052,joint,hash,0,15,15,True,3824.2769608298277,254.95179738865517,14796.384804149138,136,110,15,0,0.018498041987186298,
original,random,5052,optical,hash,0,15,15,True,3468.7998149151176,231.25332099434118,13248.999074575588,122,128,17,2,0.08285899998736568,
original,random,5052,phased,hash,0,15,15,True,4197.711746819765,279.8474497879843,15523.558734098826,169,173,15,0,0.015919124998617917,
original,random,5052,v2,hash,0,15,15,True,3412.1176878010847,227.47451252007232,12720.588439005423,132,133,15,0,0.1445320829807315,
original,random,5052,v3,hash,0,15,15,True,3480.735714686957,232.04904764579715,13143.678573434787,130,127,15,0,0.06799762501032092,
original,random,5052,v3_origin20,hash,0,15,15,True,3389.4498723969828,225.9633248264655,12052.249361984914,151,149,15,0,0.07378612499451265,
original,random,5053,joint,hash,0,11,11,True,3584.688285335384,325.88075321230764,13303.44142667692,147,134,11,0,0.014336958003696054,
original,random,5053,optical,hash,0,11,11,True,3297.779761056233,299.79816009602115,12543.898805281166,121,123,13,2,0.059944041015114635,
original,random,5053,phased,hash,0,11,11,True,4337.032813510318,394.2757103191198,16340.164067551592,169,169,11,0,0.010424083011457697,
original,random,5053,v2,hash,0,11,11,True,3407.7154892021035,309.79231720019123,12598.577446010517,139,138,11,0,0.15607987501425669,
original,random,5053,v3,hash,0,11,11,True,3290.8056841366415,299.16415310333105,12469.028420683208,124,122,11,0,0.0526745000097435,
original,random,5053,v3_origin20,hash,0,11,11,True,3431.437190139437,311.94883546722156,12592.185950697185,143,143,11,0,0.06858245798503049,
original,random,5054,joint,hash,0,13,13,True,3393.676059857317,261.052004604409,12293.380299286584,148,130,13,0,0.017838750005466864,
original,random,5054,optical,hash,0,13,13,True,2875.7149457405385,221.20884198004143,10923.574728702692,103,108,14,1,0.23521145898848772,
original,random,5054,phased,hash,0,13,13,True,3894.216347696375,299.5551036689519,14141.081738481875,166,171,13,0,0.01489379198756069,
original,random,5054,v2,hash,0,13,13,True,2782.635398064349,214.04887677418068,9883.176990321745,123,126,13,0,0.17767162501695566,
original,random,5054,v3,hash,0,13,13,True,2829.3459488368367,217.64199606437205,10611.729744184184,107,107,13,0,0.05447016700054519,
original,random,5054,v3_origin20,hash,0,13,13,True,2686.577044265677,206.65977263582133,9502.885221328386,120,121,13,0,0.08848224999383092,
original,random,5055,joint,hash,0,13,13,True,3170.0455481604004,243.84965755080003,11760.227740802002,128,113,13,0,0.11638987500919029,
original,random,5055,optical,hash,0,13,13,True,2818.8140248081972,216.83184806216903,10254.070124040987,116,123,13,0,0.061720666009932756,
original,random,5055,phased,hash,0,13,13,True,3700.9852851024375,284.6911757771106,13149.926425512187,167,171,13,0,0.013114500005031005,
original,random,5055,v2,hash,0,13,13,True,2841.0743255491943,218.54417888839956,9810.371627745972,135,139,13,0,0.22328354199999012,
original,random,5055,v3,hash,0,13,13,True,2823.525798082023,217.1942921601556,10172.628990410114,120,124,13,0,0.10099054200691171,
original,random,5055,v3_origin20,hash,0,13,13,True,2964.574181696839,228.04416782283377,10247.870908484194,142,140,13,0,0.07484962500166148,
original,random,5056,joint,hash,0,14,14,True,3663.145046239494,261.6532175885353,14010.72523119747,136,111,14,0,0.01776912499917671,
original,random,5056,optical,hash,0,14,14,True,3245.413628519135,231.8152591799382,11982.068142595674,128,133,16,2,0.07264029100770131,
original,random,5056,phased,hash,0,14,14,True,4247.999212430498,303.428515173607,15754.996062152492,171,172,14,0,0.015216707979561761,
original,random,5056,v2,hash,0,14,14,True,3278.8577879586646,234.2041277113332,12064.288939793323,133,131,14,0,0.15099462500074878,
original,random,5056,v3,hash,0,14,14,True,3258.7708975914356,232.7693498279597,12003.854487957178,131,133,14,0,0.06461733300238848,
original,random,5056,v3_origin20,hash,0,14,14,True,3349.2221488243586,239.23015348745417,12141.110744121794,142,141,14,0,0.07339416700415313,
original,random,5057,joint,hash,0,10,10,True,3237.0775051829305,323.70775051829304,11870.387525914653,137,128,10,0,0.013164957985281944,
original,random,5057,optical,hash,0,10,10,True,2818.8408324422535,281.88408324422534,10274.204162211267,118,118,12,2,0.04505099999369122,
original,random,5057,phased,hash,0,10,10,True,3760.6408386745024,376.0640838674502,13583.204193372512,165,169,10,0,0.013371000008191913,
original,random,5057,v2,hash,0,10,10,True,2982.744026384788,298.2744026384788,10448.72013192394,140,143,10,0,0.12193429100443609,
original,random,5057,v3,hash,0,10,10,True,2809.4887194185635,280.94887194185634,10227.443597092817,119,119,10,0,0.0388798339990899,
original,random,5057,v3_origin20,hash,0,10,10,True,2872.484721150228,287.24847211502276,9997.423605751139,137,138,10,0,0.05183183299959637,
original,random,5058,joint,hash,0,15,15,True,3119.992827034576,207.99952180230505,11504.964135172879,126,114,15,0,0.02397549999295734,
original,random,5058,optical,hash,0,15,15,True,3083.4468863833667,205.56312575889112,11637.234431916833,112,118,16,1,0.06915600001229905,
original,random,5058,phased,hash,0,15,15,True,4054.4981176493698,270.299874509958,14852.490588246848,167,174,15,0,0.016139167011715472,
original,random,5058,v2,hash,0,15,15,True,2951.361295347816,196.7574196898544,9991.806476739079,146,148,15,0,0.16489537499728613,
original,random,5058,v3,hash,0,15,15,True,3114.198129398536,207.61320862656905,11530.99064699268,122,123,15,0,0.06480920800822787,
original,random,5058,v3_origin20,hash,0,15,15,True,2978.960551743123,198.5973701162082,9954.802758715614,152,153,15,0,0.07879470899933949,
original,random,5059,joint,hash,0,16,16,True,4104.7773558655435,256.54858474159647,16343.886779327719,130,106,16,0,0.02142245799768716,
original,random,5059,optical,hash,0,16,16,True,3547.8060884490974,221.7378805280686,14149.030442245486,105,107,18,2,0.08322604099521413,
original,random,5059,phased,hash,0,16,16,True,4369.65747863043,273.1035924144019,16893.28739315215,152,151,16,0,0.02062583400402218,
original,random,5059,v2,hash,0,16,16,True,3620.5826982387334,226.28641863992084,13802.913491193667,130,130,16,0,0.19954566701198928,
original,random,5059,v3,hash,0,16,16,True,3539.6011327738825,221.22507079836765,13973.005663869413,111,110,16,0,0.07223291700938717,
original,random,5059,v3_origin20,hash,0,16,16,True,3667.9591488984197,229.24744680615123,13684.795744492098,141,146,16,0,0.09005220801918767,
original,random,5060,joint,hash,0,11,11,True,3219.402151097346,292.67292282703147,11757.010755486732,137,128,11,0,0.017450082988943905,
original,random,5060,optical,hash,0,11,11,True,3217.870723606508,292.53370214604615,11864.353618032539,130,137,12,1,0.07157075000577606,
original,random,5060,phased,hash,0,11,11,True,4128.754177993267,375.3412889084788,15373.770889966338,166,169,11,0,0.012362458015559241,
original,random,5060,v2,hash,0,11,11,True,3262.1942115605234,296.56311014186576,11795.971057802617,141,143,11,0,0.1556342920230236,
original,random,5060,v3,hash,0,11,11,True,3211.647046520673,291.9679133200612,11758.235232603365,134,135,11,0,0.057129207998514175,
original,random,5060,v3_origin20,hash,0,11,11,True,3163.5355503850687,287.59414094409715,11022.677751925343,151,149,11,0,0.05760058399755508,
original,random,5061,joint,hash,0,11,11,True,2922.9163997250143,265.719672702274,10429.581998625072,132,122,11,0,0.01530800000182353,
original,random,5061,optical,hash,0,11,11,True,3156.456632144531,286.9506029222301,11657.283160722654,127,129,13,2,0.05648062500404194,
original,random,5061,phased,hash,0,11,11,True,4090.856490114017,371.89604455581974,15209.282450570086,165,169,11,0,0.012827124999603257,
original,random,5061,v2,hash,0,11,11,True,2876.0245472101183,261.45677701910165,9980.12273605059,138,135,11,0,0.13342587498482317,
original,random,5061,v3,hash,0,11,11,True,3144.041829638446,285.82198451258597,11550.209148192229,130,129,11,0,0.051939041004516184,
original,random,5061,v3_origin20,hash,0,11,11,True,2892.2182180908158,262.92892891734687,9996.091090454078,140,138,11,0,0.0706889170105569,
original,random,5062,joint,hash,0,15,15,True,3604.6735209861768,240.31156806574512,13873.367604930883,128,115,15,0,0.020349708996945992,
original,random,5062,optical,hash,0,15,15,True,3153.532003178276,210.23546687855176,11562.66001589138,126,136,15,0,0.08020179197774269,
original,random,5062,phased,hash,0,15,15,True,4227.306222476003,281.82041483173356,15721.531112380015,167,173,15,0,0.01674345799256116,
original,random,5062,v2,hash,0,15,15,True,3298.724948137747,219.91499654251646,12143.624740688736,132,135,15,0,0.18853204199695028,
original,random,5062,v3,hash,0,15,15,True,3177.592640663989,211.83950937759928,11527.963203319947,132,137,15,0,0.07095799999660812,
original,random,5062,v3_origin20,hash,0,15,15,True,3338.398162906311,222.5598775270874,11981.990814531555,144,147,15,0,0.08269679200020619,
original,random,5063,joint,hash,0,16,16,True,3789.27951050204,236.8299694063775,14686.3975525102,131,117,16,0,0.02472370900795795,
original,random,5063,optical,hash,0,16,16,True,3231.7872263698105,201.98670164811315,12383.936131849052,111,120,16,0,0.09249991699471138,
original,random,5063,phased,hash,0,16,16,True,3637.688842074028,227.35555262962674,14218.444210370139,120,114,16,0,0.016527458996279165,
original,random,5063,v2,hash,0,16,16,True,3241.1186646766546,202.5699165422909,12155.593323383273,121,125,16,0,0.23647766700014472,
original,random,5063,v3,hash,0,16,16,True,3257.9721832835025,203.6232614552189,12369.860916417512,117,119,16,0,0.07399920900934376,
original,random,5063,v3_origin20,hash,0,16,16,True,3204.0614008939806,200.2538375558738,11930.307004469903,122,128,16,0,0.08026412499020807,
original,random,5064,joint,hash,0,13,13,True,3566.4055044783427,274.33888495987253,13607.027522391712,132,120,13,0,0.017015582998283207,
original,random,5064,optical,hash,0,13,13,True,3425.5889205910944,263.5068400454688,13122.944602955473,121,125,15,2,0.07507933300803415,
original,random,5064,phased,hash,0,13,13,True,4311.176799164092,331.628984551084,16100.883995820459,171,171,13,0,0.015066583000589162,
original,random,5064,v2,hash,0,13,13,True,3369.5735153507294,259.19796271928686,12807.867576753646,124,123,13,0,0.16899516701232642,
original,random,5064,v3,hash,0,13,13,True,3413.023408322733,262.54026217867175,12980.117041613665,126,122,13,0,0.06146995900780894,
original,random,5064,v3_origin20,hash,0,13,13,True,3361.7462291213446,258.595863778565,12588.731145606724,130,129,13,0,0.07176045799860731,
original,random,5065,joint,hash,0,13,13,True,3284.5704784801655,252.65926757539734,12077.852392400828,136,124,13,0,0.017948791006347165,
original,random,5065,optical,hash,0,13,13,True,3091.3818812647187,237.7986062511322,11581.909406323593,117,122,14,1,0.06882374998531304,
original,random,5065,phased,hash,0,13,13,True,4396.981866611126,338.229374354702,16679.90933305563,165,171,13,0,0.015877375000854954,
original,random,5065,v2,hash,0,13,13,True,3175.288734772622,244.25297959789398,11661.44367386311,130,128,13,0,0.15101341699482873,
original,random,5065,v3,hash,0,13,13,True,3090.899479022529,237.76149838634836,11504.497395112643,121,120,13,0,0.05599191598594189,
original,random,5065,v3_origin20,hash,0,13,13,True,3162.431485333916,243.26396041030122,11672.15742666958,127,128,13,0,0.06474245799472556,
original,random,5066,joint,hash,0,14,14,True,3465.014767097301,247.50105479266435,12985.073835486506,136,118,14,0,0.01916958298534155,
original,random,5066,optical,hash,0,14,14,True,2839.310972897464,202.80792663553316,10406.554864487322,113,117,16,2,0.07753008298459463,
original,random,5066,phased,hash,0,14,14,True,4024.7957429263092,287.48541020902206,14563.978714631547,174,172,14,0,0.015424834011355415,
original,random,5066,v2,hash,0,14,14,True,3079.914723829838,219.99390884498843,10544.573619149189,150,151,14,0,0.18725216700113378,
original,random,5066,v3,hash,0,14,14,True,2823.4985104564935,201.67846503260668,10267.492552282467,117,115,14,0,0.06195058400044218,
original,random,5066,v3_origin20,hash,0,14,14,True,2923.9212237179004,208.85151597985003,10359.606118589501,130,132,14,0,0.07247087499126792,
original,random,5067,joint,hash,0,12,12,True,3394.858899131469,282.9049082609558,12514.294495657346,142,122,12,0,0.01769495802000165,
original,random,5067,optical,hash,0,12,12,True,2920.020461480109,243.33503845667576,10575.102307400546,122,126,15,3,0.06903250000323169,
original,random,5067,phased,hash,0,12,12,True,3980.476225022329,331.70635208519406,14502.381125111644,170,170,12,0,0.012790707987733185,
original,random,5067,v2,hash,0,12,12,True,3011.7757438310923,250.98131198592435,10533.878719155462,141,140,12,0,0.11326141699100845,
original,random,5067,v3,hash,0,12,12,True,2903.729829478773,241.97748578989774,10423.649147393864,127,124,12,0,0.05469479100429453,
original,random,5067,v3_origin20,hash,0,12,12,True,3003.7566747519113,250.31305622932595,10368.783373759557,145,145,12,0,0.06113095799810253,
original,random,5068,joint,hash,0,11,11,True,3197.4373924568813,290.6761265869892,11422.186962284406,145,133,11,0,0.014975833997596055,
original,random,5068,optical,hash,0,11,11,True,2827.2189204652827,257.0199018604803,10481.094602326413,112,116,11,0,0.05808729201089591,
original,random,5068,phased,hash,0,11,11,True,3858.4875585739233,350.771596233993,14047.437792869616,165,169,11,0,0.012123666994739324,
original,random,5068,v2,hash,0,11,11,True,2820.015787365819,256.3650715787108,9955.078936829095,129,129,11,0,0.11195162500371225,
original,random,5068,v3,hash,0,11,11,True,2855.4324643099153,259.5847694827196,10472.162321549577,118,116,11,0,0.05237016698811203,
original,random,5068,v3_origin20,hash,0,11,11,True,2773.4715671239724,252.13377882945204,9752.357835619861,128,128,11,0,0.04897516599157825,
original,random,5069,joint,hash,0,16,16,True,3358.178326325327,209.88614539533293,13115.891631626635,114,85,16,0,0.019328458001837134,
original,random,5069,optical,hash,0,16,16,True,3300.8587372279003,206.30367107674377,12549.293686139501,116,128,17,1,0.08084374997997656,
original,random,5069,phased,hash,0,16,16,True,4417.727572541234,276.1079732838271,16498.637862706168,173,173,16,0,0.020932957995682955,
original,random,5069,v2,hash,0,16,16,True,3164.666992748992,197.791687046812,11983.33496374496,115,113,16,0,0.14760483300779015,
original,random,5069,v3,hash,0,16,16,True,3324.8813075790767,207.8050817236923,12549.406537895384,121,130,16,0,0.0669159580138512,
original,random,5069,v3_origin20,hash,0,16,16,True,3289.4915961687457,205.5932247605466,12222.457980843728,128,125,16,0,0.07427554199239239,
original,random,5070,joint,hash,0,15,15,True,3784.421596940002,252.29477312933346,14132.107984700011,150,133,15,0,0.018817625008523464,
original,random,5070,optical,hash,0,15,15,True,3182.2133906873205,212.1475593791547,11816.066953436602,122,128,17,2,0.07388324997737072,
original,random,5070,phased,hash,0,15,15,True,4403.824646098574,293.5883097399049,16404.12323049287,175,173,15,0,0.018524707993492484,
original,random,5070,v2,hash,0,15,15,True,3298.100086289117,219.87333908594113,11990.500431445585,138,135,15,0,0.14115766700706445,
original,random,5070,v3,hash,0,15,15,True,3208.257401167112,213.88382674447413,11611.287005835562,136,131,15,0,0.06461020797723904,
original,random,5070,v3_origin20,hash,0,15,15,True,3431.702851247029,228.78019008313524,12263.514256235145,151,149,15,0,0.07331787500879727,
original,random,5071,joint,hash,0,11,11,True,3571.325803525753,324.6659821387048,12961.629017628766,158,134,11,0,0.01595245799398981,
original,random,5071,optical,hash,0,11,11,True,2928.930571886648,266.2664156260589,10889.65285943324,115,118,12,1,0.05396991700399667,
original,random,5071,phased,hash,0,11,11,True,4107.970463134144,373.45186028492213,15244.85231567072,167,169,11,0,0.012427875015418977,
original,random,5071,v2,hash,0,11,11,True,3069.0459333080616,279.0041757552783,10305.229666540308,159,158,11,0,0.12655383298988454,
original,random,5071,v3,hash,0,11,11,True,2905.8328897861,264.16662634419095,10674.164448930502,120,116,11,0,0.04807562500354834,
original,random,5071,v3_origin20,hash,0,11,11,True,3092.3537877222197,281.1230716111109,10786.7689386111,147,145,11,0,0.0736695000086911,
original,random,5072,joint,hash,0,13,13,True,3149.5307803090677,242.2715984853129,11467.653901545338,134,121,13,0,0.020076207991223782,
original,random,5072,optical,hash,0,13,13,True,2826.6833374938037,217.43717980721567,10043.416687469018,124,130,14,1,0.07372266700258479,
original,random,5072,phased,hash,0,13,13,True,3725.8258265223258,286.6019866555635,13274.12913261163,167,171,13,0,0.015475583000807092,
original,random,5072,v2,hash,0,13,13,True,2836.7194769814514,218.20919053703471,9923.597384907256,131,132,13,0,0.17143408398260362,
original,random,5072,v3,hash,0,13,13,True,2815.761908737558,216.59706990288907,9953.809543687788,126,130,13,0,0.05537416599690914,
original,random,5072,v3_origin20,hash,0,13,13,True,2885.4994539851314,221.96149646039473,10027.497269925656,136,135,13,0,0.06863041699398309,
original,random,5073,joint,hash,0,13,13,True,3580.9434557629884,275.4571889048453,13544.717278814942,138,117,13,0,0.016796499985503033,
original,random,5073,optical,hash,0,13,13,True,3276.3622040366563,252.02786184897357,11701.811020183282,143,150,15,2,0.08006179201765917,
original,random,5073,phased,hash,0,13,13,True,4255.659411484807,327.35841626806206,15898.297057424033,168,171,13,0,0.01327412499813363,
original,random,5073,v2,hash,0,13,13,True,3197.180215903122,245.93693968485556,11605.90107951561,135,136,13,0,0.15557920798892155,
original,random,5073,v3,hash,0,13,13,True,3268.7214596654862,251.44011228196047,11603.607298327432,147,148,13,0,0.066238915984286,
original,random,5073,v3_origin20,hash,0,13,13,True,3077.7143329041137,236.74725637723952,11118.571664520568,132,129,13,0,0.06441454100422561,
original,random,5074,joint,hash,0,10,10,True,2922.936060860099,292.2936060860099,9964.680304300497,149,135,10,0,0.012293208012124524,
original,random,5074,optical,hash,0,10,10,True,2507.889513868921,250.78895138689208,8659.447569344604,120,126,10,0,0.05630487500457093,
original,random,5074,phased,hash,0,10,10,True,3748.6814359666364,374.86814359666363,13548.407179833182,164,169,10,0,0.010336957988329232,
original,random,5074,v2,hash,0,10,10,True,2781.436130533897,278.1436130533897,9397.180652669485,143,137,10,0,0.09738337501767091,
original,random,5074,v3,hash,0,10,10,True,2533.7530676190236,253.37530676190235,8618.765338095118,127,125,10,0,0.042803124990314245,
original,random,5074,v3_origin20,hash,0,10,10,True,2734.9991883477014,273.49991883477014,9074.995941738507,146,140,10,0,0.04963079100707546,
original,random,5075,joint,hash,0,13,13,True,3003.903448658904,231.0694960506849,10739.51724329452,134,121,13,0,0.020691749989055097,
original,random,5075,optical,hash,0,13,13,True,2967.9200864033437,228.30154510794952,10789.60043201672,123,121,16,3,0.09052920798421837,
original,random,5075,phased,hash,0,13,13,True,3947.2981966031484,303.6383228156268,14426.490983015743,165,172,13,0,0.015597042016452178,
original,random,5075,v2,hash,0,13,13,True,2882.0596093076047,221.6968930236619,9965.298046538024,138,134,13,0,0.21667254201020114,
original,random,5075,v3,hash,0,13,13,True,2952.1865642619837,227.09127417399876,10760.932821309918,123,120,13,0,0.06105450002360158,
original,random,5075,v3_origin20,hash,0,13,13,True,2869.03466767862,220.69497443681692,9870.173338393099,139,135,13,0,0.0785289159975946,
original,random,5076,joint,hash,0,13,13,True,3015.0528796827275,231.92714459097903,10720.264398413638,136,126,13,0,0.024840124999172986,
original,random,5076,optical,hash,0,13,13,True,2915.085959424552,224.2373814941963,11000.42979712276,107,109,15,2,0.08968366601038724,
original,random,5076,phased,hash,0,13,13,True,4029.9754877131263,309.99811443947124,14814.87743856563,166,172,13,0,0.02924174998770468,
original,random,5076,v2,hash,0,13,13,True,2879.3900876592847,221.49154520456037,10386.950438296424,123,122,13,0,0.18683654099004343,
original,random,5076,v3,hash,0,13,13,True,2909.6905288760645,223.82234837508187,10963.452644380322,109,107,13,0,0.06722687499132007,
original,random,5076,v3_origin20,hash,0,13,13,True,2868.3564958772395,220.64280737517225,10246.782479386196,126,124,13,0,0.09088237499236129,
original,random,5077,joint,hash,0,10,10,True,2635.033035535649,263.50330355356493,8580.165177678246,145,144,10,0,0.018196041986811906,
original,random,5077,optical,hash,0,10,10,True,2688.145853893513,268.8145853893513,9690.729269467565,116,120,10,0,0.06334912500460632,
original,random,5077,phased,hash,0,10,10,True,3572.8470957331792,357.2847095733179,12724.235478665896,162,168,10,0,0.016027290985221043,
original,random,5077,v2,hash,0,10,10,True,2674.487770629489,267.4487770629489,8402.438853147447,157,159,10,0,0.10847358300816268,
original,random,5077,v3,hash,0,10,10,True,2714.7671062070185,271.47671062070185,9723.835531035093,120,120,10,0,0.04653787502320483,
original,random,5077,v3_origin20,hash,0,10,10,True,2675.7863424926422,267.5786342492642,8288.93171246321,161,163,10,0,0.07965133400284685,
original,random,5078,joint,hash,0,10,10,True,2695.709163394994,269.5709163394994,9193.54581697497,135,132,10,0,0.022581500001251698,
original,random,5078,optical,hash,0,10,10,True,2576.4938165986073,257.64938165986075,9012.469082993037,120,124,10,0,0.058613708009943366,
original,random,5078,phased,hash,0,10,10,True,3624.670885308593,362.4670885308593,13008.354426542965,161,168,10,0,0.017288583010667935,
original,random,5078,v2,hash,0,10,10,True,2529.1065064464137,252.91065064464138,8275.532532232068,137,139,10,0,0.14986412500729784,
original,random,5078,v3,hash,0,10,10,True,2614.735219161141,261.47352191611407,9183.676095805704,122,118,10,0,0.048734291980508715,
original,random,5078,v3_origin20,hash,0,10,10,True,2520.953833180739,252.09538331807389,8289.769165903695,135,138,10,0,0.07255874999100342,
original,random,5079,joint,hash,0,12,12,True,3330.060591657525,277.5050493047938,12400.302958287624,134,120,12,0,0.02229650001390837,
original,random,5079,optical,hash,0,12,12,True,3166.0524810830475,263.8377067569206,12185.262405415238,110,116,13,1,0.0832898750086315,
original,random,5079,phased,hash,0,12,12,True,4508.9892006077225,375.74910005064356,17044.94600303861,174,170,12,0,0.026621583005180582,
original,random,5079,v2,hash,0,12,12,True,3322.7799449459226,276.89832874549353,12343.899724729612,132,134,12,0,0.18135166697902605,
original,random,5079,v3,hash,0,12,12,True,3189.4829187575824,265.79024322979853,12167.414593787911,116,116,12,0,0.07073245898936875,
original,random,5079,v3_origin20,hash,0,12,12,True,3231.3479971724782,269.27899976437317,11921.73998586239,131,132,12,0,0.09135208299267106,
original,random,5080,joint,hash,0,14,14,True,3703.4277707304877,264.5305550521777,14462.13885365244,126,111,14,0,0.03480979200685397,
original,random,5080,optical,hash,0,14,14,True,3226.5690785210254,230.46921989435896,12502.845392605128,108,113,15,1,0.09855512500507757,
original,random,5080,phased,hash,0,14,14,True,4233.159392910125,302.3685280650089,15585.796964550622,175,171,14,0,0.022366542019881308,
original,random,5080,v2,hash,0,14,14,True,3228.4484845873585,230.60346318481132,11922.242422936793,129,129,14,0,0.20113108298392035,
original,random,5080,v3,hash,0,14,14,True,3205.752378240466,228.98231273146186,12243.76189120233,115,112,14,0,0.07913550001103431,
original,random,5080,v3_origin20,hash,0,14,14,True,3352.560480418636,239.4686057441883,11892.802402093179,150,154,14,0,0.09424308300367557,
original,random,5081,joint,hash,0,16,16,True,3479.2742693227383,217.45464183267114,13431.371346613692,121,108,16,0,0.0391644999908749,
original,random,5081,optical,hash,0,16,16,True,3045.5236354415747,190.34522721509842,11317.618177207873,115,121,18,2,0.09400741598801687,
original,random,5081,phased,hash,0,16,16,True,4019.0245574049077,251.18903483780673,16060.122787024538,123,112,16,0,0.022474666009657085,
original,random,5081,v2,hash,0,16,16,True,3201.313914136099,200.08211963350618,11531.569570680495,135,140,16,0,0.2649269159883261,
original,random,5081,v3,hash,0,16,16,True,3059.8564420335606,191.24102762709754,11264.282210167803,121,122,16,0,0.09443945900420658,
original,random,5081,v3_origin20,hash,0,16,16,True,3102.304320925483,193.89402005784268,11126.521604627414,132,137,16,0,0.11423220799770206,
original,random,5082,joint,hash,0,16,16,True,3605.569812800473,225.34811330002955,13967.849064002365,125,107,16,0,0.034679416014114395,
original,random,5082,optical,hash,0,16,16,True,3313.640485851321,207.10253036570757,12688.202429256606,115,121,16,0,0.08053333300631493,
original,random,5082,phased,hash,0,16,16,True,4091.1206096260407,255.69503810162755,16035.603048130204,134,134,16,0,0.023538417008239776,
original,random,5082,v2,hash,0,16,16,True,3227.357587810283,201.70984923814268,11981.787939051414,124,131,16,0,0.2380178339954,
original,random,5082,v3,hash,0,16,16,True,3346.8718298263348,209.17948936414592,12694.359149131675,121,123,16,0,0.061680582992266864,
original,random,5082,v3_origin20,hash,0,16,16,True,3265.3719359143565,204.08574599464728,12081.859679571782,127,134,16,0,0.1074542079877574,
original,random,5083,joint,hash,0,11,11,True,2897.039556696654,263.36723242696854,10585.19778348327,121,120,11,0,0.016368874988984317,
original,random,5083,optical,hash,0,11,11,True,2804.1161720742343,254.91965200674858,10200.580860371172,117,121,12,1,0.07294887499301694,
original,random,5083,phased,hash,0,11,11,True,3848.2034964827417,349.83668149843106,13971.017482413708,166,169,11,0,0.01786395799717866,
original,random,5083,v2,hash,0,11,11,True,2986.2115498848134,271.47377726225574,10461.057749424068,139,144,11,0,0.19830958300735801,
original,random,5083,v3,hash,0,11,11,True,2781.8167647992714,252.89243316357013,10259.083823996358,113,110,11,0,0.05921274999855086,
original,random,5083,v3_origin20,hash,0,11,11,True,2984.1729554306594,271.2884504936963,10455.864777153296,139,143,11,0,0.11711808299878612,
original,random,5084,joint,hash,0,13,13,True,3668.8923250021094,282.2224865386238,13909.461625010546,140,122,13,0,0.02463716600323096,
original,random,5084,optical,hash,0,13,13,True,3240.1683078179162,249.24371598599356,12155.84153908958,123,126,14,1,0.09054670899058692,
original,random,5084,phased,hash,0,13,13,True,4100.6882129392,315.4375548414769,14973.441064696,174,171,13,0,0.03294670899049379,
original,random,5084,v2,hash,0,13,13,True,3340.586315795767,256.9681781381359,12132.931578978834,141,144,13,0,0.17770008300431073,
original,random,5084,v3,hash,0,13,13,True,3261.763707956426,250.90490061203278,12148.81853978213,128,127,13,0,0.07088720801402815,
original,random,5084,v3_origin20,hash,0,13,13,True,3332.4243106010945,256.3403315846996,12142.121553005472,140,139,13,0,0.07812125000054948,
original,random,5085,joint,hash,0,14,14,True,3417.8515127614505,244.13225091153217,12794.257563807252,135,114,14,0,0.02722524999990128,
original,random,5085,optical,hash,0,14,14,True,3311.77526903496,236.55537635963998,12413.876345174798,124,130,17,3,0.11487087499699555,
original,random,5085,phased,hash,0,14,14,True,4225.501548177591,301.8215391555422,15612.507740887955,172,173,14,0,0.020172165997792035,
original,random,5085,v2,hash,0,14,14,True,3118.0675742698136,222.71911244784383,11340.337871349067,130,130,14,0,0.2523199580027722,
original,random,5085,v3,hash,0,14,14,True,3302.503420820464,235.89310148717598,12397.517104102319,125,128,14,0,0.09688766702311113,
original,random,5085,v3_origin20,hash,0,14,14,True,3075.569726581548,219.683551898682,11192.84863290774,128,127,14,0,0.09265420801239088,
original,random,5086,joint,hash,0,11,11,True,3113.6036104953114,283.05487368139194,11558.018052476556,126,117,11,0,0.02263687501545064,
original,random,5086,optical,hash,0,11,11,True,2845.652735820201,258.69570325638193,10143.263679101006,126,132,11,0,0.10484325001016259,
original,random,5086,phased,hash,0,11,11,True,3735.9715048852404,339.6337731713855,13484.857524426201,163,169,11,0,0.03675525001017377,
original,random,5086,v2,hash,0,11,11,True,2781.564230876987,252.86947553427154,9832.821154384936,127,125,11,0,0.15691954200156033,
original,random,5086,v3,hash,0,11,11,True,2873.085439172497,261.1895853793179,10105.427195862485,133,132,11,0,0.08842641700175591,
original,random,5086,v3_origin20,hash,0,11,11,True,2740.260106980762,249.11455518006926,9656.30053490381,126,124,11,0,0.08895479200873524,
original,random,5087,joint,hash,0,11,11,True,3078.593535216617,279.872139565147,10857.967676083084,144,132,11,0,0.05950470798416063,
original,random,5087,optical,hash,0,11,11,True,2978.9053353594772,270.8095759417707,11139.526676797386,115,118,12,1,0.12114116598968394,
original,random,5087,phased,hash,0,11,11,True,4132.798894649535,375.708990422685,15443.994473247674,164,169,11,0,0.014929416996892542,
original,random,5087,v2,hash,0,11,11,True,2976.319813418464,270.57452849258766,10496.59906709232,137,137,11,0,0.16472925001289696,
original,random,5087,v3,hash,0,11,11,True,3006.2535498658694,273.2957772605336,11121.267749329347,122,117,11,0,0.09784579201368615,
original,random,5087,v3_origin20,hash,0,11,11,True,2925.3731156329304,265.9430105120846,10281.865578164652,136,134,11,0,0.12390520799090154,
original,random,5088,joint,hash,0,15,15,True,3329.56945621286,221.97129708085734,12827.847281064302,116,109,15,0,0.025304875016445294,
original,random,5088,optical,hash,0,15,15,True,2897.483101011492,193.1655400674328,10547.41550505746,117,125,16,1,0.11078687501139939,
original,random,5088,phased,hash,0,15,15,True,3970.8311075319484,264.7220738354632,14484.155537659743,165,174,15,0,0.020058458001585677,
original,random,5088,v2,hash,0,15,15,True,3132.8555811028796,208.85703874019197,11169.277905514398,137,139,15,0,0.2011729590012692,
original,random,5088,v3,hash,0,15,15,True,3011.758006662648,200.7838671108432,10978.79003331324,123,126,15,0,0.08800349998637103,
original,random,5088,v3_origin20,hash,0,15,15,True,3005.2927966882003,200.35285311254668,10486.463983441,139,138,15,0,0.08663800000795163,
original,random,5089,joint,hash,0,10,10,True,3317.4985226905933,331.7498522690593,12172.492613452967,141,128,10,0,0.018680417007999495,
original,random,5089,optical,hash,0,10,10,True,3032.1507450671393,303.2150745067139,11240.753725335697,121,120,13,3,0.06267120799748227,
original,random,5089,phased,hash,0,10,10,True,4090.4556196898698,409.045561968987,15212.27809844935,166,168,10,0,0.014970624994020909,
original,random,5089,v2,hash,0,10,10,True,3121.3489356678833,312.1348935667883,11136.744678339417,141,139,10,0,0.1565269579878077,
original,random,5089,v3,hash,0,10,10,True,3016.8632150680914,301.6863215068091,11159.316075340457,123,120,10,0,0.05627995898248628,
original,random,5089,v3_origin20,hash,0,10,10,True,3044.566165888226,304.4566165888226,10837.830829441129,138,137,10,0,0.08151704198098741,
original,random,5090,joint,hash,0,13,13,True,2991.4746195087273,230.1134322699021,11252.373097543636,113,111,13,0,0.022903000004589558,
original,random,5090,optical,hash,0,13,13,True,3046.095064675919,234.31500497507068,11430.475323379595,115,120,13,0,0.07064020799589343,
original,random,5090,phased,hash,0,13,13,True,3957.7571278518362,304.4428559886028,14528.785639259182,163,172,13,0,0.024955792003311217,
original,random,5090,v2,hash,0,13,13,True,2998.4925180727964,230.65327062098433,10552.462590363983,136,143,13,0,0.1921487499785144,
original,random,5090,v3,hash,0,13,13,True,3058.400970112346,235.26161308556507,11367.004850561729,120,120,13,0,0.06612441598554142,
original,random,5090,v3_origin20,hash,0,13,13,True,3040.318764871057,233.87067422085053,10651.593824355285,140,145,13,0,0.10515200000372715,
original,random,5091,joint,hash,0,11,11,True,3246.1428831882067,295.10389847165516,11955.714415941033,135,125,11,0,0.017054958996595815,
original,random,5091,optical,hash,0,11,11,True,2848.717877519665,258.97435250178773,10283.589387598324,122,124,12,1,0.07774891698500142,
original,random,5091,phased,hash,0,11,11,True,3836.5022543797772,348.7729322163434,13937.511271898886,165,169,11,0,0.018389917007880285,
original,random,5091,v2,hash,0,11,11,True,2828.8676479764363,257.169786179676,9989.338239882181,130,126,11,0,0.16162945900578052,
original,random,5091,v3,hash,0,11,11,True,2873.7401936333476,261.2491085121225,10298.700968166739,127,124,11,0,0.059976415999699384,
original,random,5091,v3_origin20,hash,0,11,11,True,2839.6383819086795,258.14894380987994,10068.191909543399,129,126,11,0,0.07174162499723025,
original,random,5092,joint,hash,0,12,12,True,3489.3957453187186,290.7829787765599,12981.978726593592,142,123,12,0,0.02178266699775122,
original,random,5092,optical,hash,0,12,12,True,3349.664484887423,279.13870707395193,12558.322424437114,129,130,13,1,0.09329354198416695,
original,random,5092,phased,hash,0,12,12,True,4309.346042927463,359.11217024395523,16121.730214637313,171,170,12,0,0.02024824998807162,
original,random,5092,v2,hash,0,12,12,True,3308.2565564041897,275.68804636701583,12501.282782020948,125,123,12,0,0.210799374995986,
original,random,5092,v3,hash,0,12,12,True,3355.947477759856,279.66228981332137,12494.737388799282,133,132,12,0,0.08739375000004657,
original,random,5092,v3_origin20,hash,0,12,12,True,3206.349029701572,267.195752475131,12006.74514850786,124,125,12,0,0.0866014159983024,
original,random,5093,joint,hash,0,12,12,True,2850.013684969971,237.50114041416427,10215.068424849855,125,122,12,0,0.024577625008532777,
original,random,5093,optical,hash,0,12,12,True,2964.762047779425,247.06350398161874,10773.810238897124,124,127,13,1,0.09402029201737605,
original,random,5093,phased,hash,0,12,12,True,4037.5933847928436,336.46611539940363,14987.966923964217,162,170,12,0,0.020636500004911795,
original,random,5093,v2,hash,0,12,12,True,2707.86779989743,225.6556499914525,9624.33899948715,120,123,12,0,0.1504702090169303,
original,random,5093,v3,hash,0,12,12,True,2967.327168776156,247.27726406467968,10671.635843880782,129,128,12,0,0.0798324589850381,
original,random,5093,v3_origin20,hash,0,12,12,True,2720.6927935913527,226.72439946594605,9583.463967956764,124,124,12,0,0.08405304100597277,
original,random,5094,joint,hash,0,16,16,True,3705.8201259348943,231.6137578709309,15144.10062967447,103,82,16,0,0.026817290985491127,
original,random,5094,optical,hash,0,16,16,True,3020.0594789835213,188.75371743647008,11255.297394917607,113,115,19,3,0.12728108299779706,
original,random,5094,phased,hash,0,16,16,True,3539.579326247174,221.22370789044837,13767.89663123587,119,111,16,0,0.024590832996182144,
original,random,5094,v2,hash,0,16,16,True,3343.6383031787873,208.9773939486742,12753.191515893937,118,123,16,0,0.21110774998669513,
original,random,5094,v3,hash,0,16,16,True,2993.407041832846,187.08794011455288,11177.03520916423,114,108,16,0,0.10670333402231336,
original,random,5094,v3_origin20,hash,0,16,16,True,3259.661288009023,203.72883050056393,12273.306440045115,120,125,16,0,0.07704033399932086,
original,random,5095,joint,hash,0,10,10,True,3387.1782253448396,338.71782253448396,12650.891126724198,137,122,10,0,0.02072074997704476,
original,random,5095,optical,hash,0,10,10,True,3080.6358686854164,308.0635868685416,11678.179343427082,115,117,11,1,0.0812614579917863,
original,random,5095,phased,hash,0,10,10,True,3726.6292902957052,372.66292902957053,13363.146451478526,167,169,10,0,0.01670366700273007,
original,random,5095,v2,hash,0,10,10,True,3122.617004464312,312.2617004464312,11323.085022321558,135,133,10,0,0.14056620799237862,
original,random,5095,v3,hash,0,10,10,True,3078.457162369382,307.8457162369382,11602.28581184691,118,118,10,0,0.07190137502038851,
original,random,5095,v3_origin20,hash,0,10,10,True,3128.8285502948393,312.88285502948395,11324.142751474197,136,134,10,0,0.06861049999133684,
original,random,5096,joint,hash,0,16,16,True,4096.907027695713,256.05668923098204,16069.535138478563,139,108,16,0,0.026805708999745548,
original,random,5096,optical,hash,0,16,16,True,3177.8434893760427,198.61521808600267,12409.217446880213,101,111,16,0,0.26241979200858623,
original,random,5096,phased,hash,0,16,16,True,4238.881294309234,264.93008089432715,16029.40647154617,160,153,16,0,0.024922125012381002,
original,random,5096,v2,hash,0,16,16,True,3303.7932795092606,206.4870799693288,12583.966397546303,118,117,16,0,0.2735312500153668,
original,random,5096,v3,hash,0,16,16,True,3209.5835792939324,200.59897370587078,12402.917896469662,108,109,16,0,0.08289433299796656,
original,random,5096,v3_origin20,hash,0,16,16,True,3384.1987981758357,211.51242488598973,12950.993990879178,119,119,16,0,0.13877637500991113,
original,random,5097,joint,hash,0,13,13,True,3342.3484166042363,257.103724354172,12671.742083021181,125,118,13,0,0.03631729198968969,
original,random,5097,optical,hash,0,13,13,True,3231.5663380043025,248.58202600033096,12097.831690021512,123,126,15,2,0.3274320409982465,
original,random,5097,phased,hash,0,13,13,True,4380.843755336137,336.98798117970284,16549.218776680686,167,171,13,0,0.06358720897696912,
original,random,5097,v2,hash,0,13,13,True,3206.6591961852628,246.66609201425098,11683.295980926314,134,135,13,0,0.5335150409955531,
original,random,5097,v3,hash,0,13,13,True,3195.6506480739326,245.81928062107175,11883.253240369662,126,124,13,0,0.23549737501889467,
original,random,5097,v3_origin20,hash,0,13,13,True,3141.2972436514883,241.63824951165296,11361.486218257442,134,134,13,0,0.24326250000740401,
original,random,5098,joint,hash,0,16,16,True,3242.20549347374,202.63784334210874,12126.0274673687,125,112,16,0,0.06321262501296587,
original,random,5098,optical,hash,0,16,16,True,3087.253987137098,192.95337419606864,11896.269935685492,102,112,18,2,0.2411189170088619,
original,random,5098,phased,hash,0,16,16,True,3549.970854039649,221.87317837747807,13874.854270198246,117,110,16,0,0.05489900000975467,
original,random,5098,v2,hash,0,16,16,True,3003.7582688983903,187.7348918061494,11233.791344491952,112,117,16,0,0.8498988329956774,
original,random,5098,v3,hash,0,16,16,True,3109.2275377139276,194.32672110712048,11786.137688569639,112,112,16,0,0.3257051669934299,
original,random,5098,v3_origin20,hash,0,16,16,True,2938.332329212731,183.6457705757957,10821.661646063656,115,119,16,0,0.26457658302388154,
original,random,5099,joint,hash,0,14,14,True,3763.1113238564694,268.7936659897478,14400.556619282348,138,123,14,0,0.057683833001647145,
original,random,5099,optical,hash,0,14,14,True,3398.4147816176574,242.7439129726898,12712.073908088287,129,135,16,2,0.220155374991009,
original,random,5099,phased,hash,0,14,14,True,4337.858243129393,309.84701736638516,16229.291215646961,170,172,14,0,0.0668773330107797,
original,random,5099,v2,hash,0,14,14,True,3709.3157997219523,264.95112855156805,13921.57899860976,142,145,14,0,0.43911174999084324,
original,random,5099,v3,hash,0,14,14,True,3409.6302630787022,243.54501879133588,12673.15131539351,134,135,14,0,0.18619916602619924,
original,random,5099,v3_origin20,hash,0,14,14,True,3659.774322656421,261.4124516183158,13248.871613282106,156,160,14,0,0.22902337499544956,
original,random,5100,joint,hash,0,10,10,True,3060.224623623043,306.0224623623043,11191.123118115216,130,122,10,0,0.053947500011418015,
original,random,5100,optical,hash,0,10,10,True,2805.504247666174,280.55042476661737,10297.521238330868,116,116,10,0,0.10591650000424124,
original,random,5100,phased,hash,0,10,10,True,3670.535347479042,367.05353474790417,13162.67673739521,164,168,10,0,0.03732241698889993,
original,random,5100,v2,hash,0,10,10,True,2890.9141154356757,289.0914115435676,9594.57057717838,154,152,10,0,0.22830620800959878,
original,random,5100,v3,hash,0,10,10,True,2810.864670365299,281.0864670365299,10299.323351826495,117,116,10,0,0.08915666697430424,
original,random,5100,v3_origin20,hash,0,10,10,True,2959.3456341075107,295.9345634107511,9871.728170537554,156,155,10,0,0.16356458299560472,
original,random,5101,joint,hash,0,11,11,True,3607.794407160303,327.98130974184573,13228.972035801515,156,127,11,0,0.029901832982432097,
original,random,5101,optical,hash,0,11,11,True,2971.367471359455,270.12431557813227,10906.837356797276,120,120,16,5,0.12444574999972247,
original,random,5101,phased,hash,0,11,11,True,4019.906980320832,365.44608912007567,14749.53490160416,169,170,11,0,0.026747083000373095,
original,random,5101,v2,hash,0,11,11,True,2982.8984786636966,271.17258896942695,10494.492393318484,139,134,11,0,0.16570870802388526,
original,random,5101,v3,hash,0,11,11,True,2945.8348779522903,267.8031707229355,10754.17438976145,124,120,11,0,0.07860362500650808,
original,random,5101,v3_origin20,hash,0,11,11,True,3221.742739814026,292.88570361945693,11598.713699070131,142,137,11,0,0.07276762500987388,
original,random,5102,joint,hash,0,14,14,True,3436.349020434859,245.4535014596328,12971.745102174296,131,117,14,0,0.037286166014382616,
original,random,5102,optical,hash,0,14,14,True,2878.753602849924,205.62525734642313,10663.76801424962,111,115,16,2,0.09497624999494292,
original,random,5102,phased,hash,0,14,14,True,4149.391369394574,296.38509781389814,15386.956846972873,166,172,14,0,0.030399167007999495,
original,random,5102,v2,hash,0,14,14,True,3148.176898702562,224.86977847875443,11450.88449351281,131,133,14,0,0.29544904100475833,
original,random,5102,v3,hash,0,14,14,True,2856.3540278494947,204.02528770353533,10531.770139247474,113,115,14,0,0.10188349999953061,
original,random,5102,v3_origin20,hash,0,14,14,True,3049.1153740337877,217.7939552881277,11005.576870168938,129,133,14,0,0.13201091601513326,
original,random,5103,joint,hash,0,15,15,True,3475.833964425696,231.72226429504641,13644.16982212848,112,112,15,0,0.021500749979168177,
original,random,5103,optical,hash,0,15,15,True,3450.529272731027,230.03528484873513,13457.646363655136,112,121,16,1,0.09825050001381896,
original,random,5103,phased,hash,0,15,15,True,4661.082332288157,310.7388221525438,17965.411661440783,164,173,15,0,0.029869666992453858,
original,random,5103,v2,hash,0,15,15,True,3672.8691576422457,244.85794384281638,13564.345788211229,147,150,15,0,0.3005510829971172,
original,random,5103,v3,hash,0,15,15,True,3460.966814799919,230.73112098666127,13474.834073999597,114,121,15,0,0.08667499999864958,
original,random,5103,v3_origin20,hash,0,15,15,True,3538.542215010954,235.9028143340636,13217.711075054769,136,140,15,0,0.09756325001944788,
original,random,5104,joint,hash,0,11,11,True,3310.4261215356273,300.94782923051156,12247.130607678137,137,121,11,0,0.0160317920090165,
original,random,5104,optical,hash,0,11,11,True,2901.5162572962713,263.77420520875194,10802.581286481356,114,116,11,0,0.05557450000196695,
original,random,5104,phased,hash,0,11,11,True,4092.3286203456782,372.0298745768798,15191.643101728392,166,169,11,0,0.013443917006952688,
original,random,5104,v2,hash,0,11,11,True,2997.490457343946,272.4991324858133,10617.452286719732,137,134,11,0,0.1386784169881139,
original,random,5104,v3,hash,0,11,11,True,2927.317242926719,266.1197493569744,10756.586214633595,121,116,11,0,0.05862720901495777,
original,random,5104,v3_origin20,hash,0,11,11,True,2956.313771473989,268.7557974067263,10416.568857369946,137,133,11,0,0.06332908297190443,
original,random,5105,joint,hash,0,11,11,True,2479.961294750792,225.45102679552656,8454.80647375396,123,119,11,0,0.01212100000702776,
original,random,5105,optical,hash,0,11,11,True,2360.90542640107,214.6277660364609,8004.527132005352,116,122,12,1,0.06239075001212768,
original,random,5105,phased,hash,0,11,11,True,3126.783867365114,284.253078851374,10508.91933682557,160,170,11,0,0.014524375001201406,
original,random,5105,v2,hash,0,11,11,True,2384.657185577018,216.787016870638,8153.285927885089,116,119,11,0,0.11648470800719224,
original,random,5105,v3,hash,0,11,11,True,2344.96460513089,213.17860046644455,7924.823025654451,117,120,11,0,0.04832000000169501,
original,random,5105,v3_origin20,hash,0,11,11,True,2366.052962814959,215.09572389226898,7895.264814074795,121,127,11,0,0.07077012499212287,
original,random,5106,joint,hash,0,10,10,True,3380.422171966674,338.04221719666737,12397.11085983337,144,131,10,0,0.013220458989962935,
original,random,5106,optical,hash,0,10,10,True,3077.0483427765653,307.7048342776565,11320.241713882826,126,130,11,1,0.06151529200724326,
original,random,5106,phased,hash,0,10,10,True,4123.229753499092,412.3229753499092,15321.148767495462,168,169,10,0,0.010550792008871213,
original,random,5106,v2,hash,0,10,10,True,3103.22742242893,310.322742242893,11201.13711214465,136,133,10,0,0.1429053329920862,
original,random,5106,v3,hash,0,10,10,True,3074.205118917117,307.4205118917117,11256.025594585584,129,128,10,0,0.04848241599393077,
original,random,5106,v3_origin20,hash,0,10,10,True,3168.429367546517,316.8429367546517,11362.146837732584,141,141,10,0,0.06522333301836625,
original,random,5107,joint,hash,0,15,15,True,3090.7970052145215,206.0531336809681,11603.985026072607,117,110,15,0,0.021982708014547825,
original,random,5107,optical,hash,0,15,15,True,3005.6230050701197,200.37486700467466,11178.115025350598,114,119,17,2,0.07362499998998828,
original,random,5107,phased,hash,0,15,15,True,3862.652883563068,257.51019223753786,13993.264417815339,163,174,15,0,0.018841874989448115,
original,random,5107,v2,hash,0,15,15,True,3043.0865132405806,202.8724342160387,10560.432566202904,142,146,15,0,0.19929479199345224,
original,random,5107,v3,hash,0,15,15,True,3029.138323302103,201.94255488680685,11195.691616510514,119,120,15,0,0.06581174998427741,
original,random,5107,v3_origin20,hash,0,15,15,True,2992.6512011231616,199.51008007487744,10458.256005615809,137,141,15,0,0.0971590830013156,
original,random,5108,joint,hash,0,14,14,True,3279.5141298800218,234.25100927714442,12097.57064940011,134,120,14,0,0.020893749984679744,
original,random,5108,optical,hash,0,14,14,True,3188.746049375321,227.76757495538007,11248.730246876605,143,148,16,2,0.0766406670154538,
original,random,5108,phased,hash,0,14,14,True,3922.4106669774974,280.1721904983927,14297.053334887487,164,173,14,0,0.015618417004588991,
original,random,5108,v2,hash,0,14,14,True,3085.9107173780153,220.42219409842966,11329.553586890077,124,130,14,0,0.15920670799096115,
original,random,5108,v3,hash,0,14,14,True,3161.9227225958443,225.8516230425603,11244.613612979221,140,143,14,0,0.0648378329933621,
original,random,5108,v3_origin20,hash,0,14,14,True,3132.7861912018734,223.77044222870524,11408.930956009366,130,131,14,0,0.0711940000182949,
original,random,5109,joint,hash,0,10,10,True,3155.3156198506636,315.53156198506633,11416.578099253318,139,127,10,0,0.014081000001169741,
original,random,5109,optical,hash,0,10,10,True,2927.751820233366,292.7751820233366,10438.759101166828,131,135,10,0,0.06053550000069663,
original,random,5109,phased,hash,0,10,10,True,3829.3149037930343,382.93149037930345,13901.574518965172,166,169,10,0,0.011777333013014868,
original,random,5109,v2,hash,0,10,10,True,2961.9617176533275,296.19617176533274,10399.808588266636,139,137,10,0,0.1253067500074394,
original,random,5109,v3,hash,0,10,10,True,2979.524281438701,297.9524281438701,10552.621407193506,137,134,10,0,0.049424917000578716,
original,random,5109,v3_origin20,hash,0,10,10,True,2925.5027503646124,292.55027503646124,10162.513751823062,141,138,10,0,0.05616679199738428,
original,random,5110,joint,hash,0,11,11,True,3057.3259234554107,277.93872031412826,11051.629617277053,134,122,11,0,0.015536499995505437,
original,random,5110,optical,hash,0,11,11,True,2898.086788026203,263.4624352751094,10530.433940131015,122,124,12,1,0.06941837500198744,
original,random,5110,phased,hash,0,11,11,True,3872.32151913675,352.0292290124318,14166.60759568375,163,169,11,0,0.01808170901495032,
original,random,5110,v2,hash,0,11,11,True,2878.992880204293,261.72662547311756,10064.964401021465,135,136,11,0,0.1482520419813227,
original,random,5110,v3,hash,0,11,11,True,2894.8741227439746,263.17037479490676,10454.370613719873,125,124,11,0,0.041905750025762245,
original,random,5110,v3_origin20,hash,0,11,11,True,2882.9728158712624,262.0884378064784,9934.864079356312,140,141,11,0,0.07379820800269954,
original,random,5111,joint,hash,0,11,11,True,3333.7579648368965,303.0689058942633,12198.789824184483,142,129,11,0,0.015019416983705014,
original,random,5111,optical,hash,0,11,11,True,3095.1389013676044,281.3762637606913,11650.694506838021,118,117,12,1,0.05746354200528003,
original,random,5111,phased,hash,0,11,11,True,4020.005053395541,365.4550048541401,14770.025266977706,168,171,11,0,0.012122415995690972,
original,random,5111,v2,hash,0,11,11,True,3068.5558494423035,278.959622676573,10847.779247211518,141,139,11,0,0.14812333398731425,
original,random,5111,v3,hash,0,11,11,True,3085.557621564373,280.50523832403394,11577.788107821867,120,115,11,0,0.03915345799759962,
original,random,5111,v3_origin20,hash,0,11,11,True,3062.918062042274,278.4470965492976,10579.59031021137,149,147,11,0,0.08309099997859448,
original,random,5112,joint,hash,0,13,13,True,3525.9008916195085,271.22314550919293,13024.504458097543,146,126,13,0,0.02163375000236556,
original,random,5112,optical,hash,0,13,13,True,2887.8101389034937,222.1392414541149,10414.050694517467,122,130,13,0,0.07414091599639505,
original,random,5112,phased,hash,0,13,13,True,4091.5260739147184,314.7327749165168,15102.630369573591,167,171,13,0,0.01579683300224133,
original,random,5112,v2,hash,0,13,13,True,2975.459328056645,228.88148677358808,10577.296640283226,132,135,13,0,0.18925429199589416,
original,random,5112,v3,hash,0,13,13,True,2917.1560571198775,224.3966197784521,10345.780285599387,130,133,13,0,0.06799841701285914,
original,random,5112,v3_origin20,hash,0,13,13,True,2917.3050973804575,224.40808441388134,10261.525486902288,133,135,13,0,0.07639087497955188,
original,random,5113,joint,hash,0,13,13,True,3578.3857809943465,275.2604446918728,13761.928904971734,128,121,13,0,0.019899582985090092,
original,random,5113,optical,hash,0,13,13,True,3450.3117317572137,265.4085947505549,13051.558658786069,128,135,13,0,0.11375895797391422,
original,random,5113,phased,hash,0,13,13,True,4170.141152459959,320.78008865076606,15395.705762299795,171,171,13,0,0.01628687500488013,
original,random,5113,v2,hash,0,13,13,True,3083.1928304960156,237.16867926892428,11710.964152480077,112,116,13,0,0.19504145899554715,
original,random,5113,v3,hash,0,13,13,True,3472.932019530749,267.1486168869807,12989.660097653747,135,135,13,0,0.0725559160055127,
original,random,5113,v3_origin20,hash,0,13,13,True,3154.2311020809907,242.63316169853775,11971.155510404953,115,120,13,0,0.06777979098842479,
original,random,5114,joint,hash,0,15,15,True,3405.0066605588736,227.00044403725823,13030.033302794367,122,114,15,0,0.02155312499962747,
original,random,5114,optical,hash,0,15,15,True,3054.9348187223077,203.66232124815386,11699.674093611538,105,115,15,0,0.08212633299990557,
original,random,5114,phased,hash,0,15,15,True,4386.3319548291975,292.4221303219465,16386.65977414599,172,174,15,0,0.020682667003711686,
original,random,5114,v2,hash,0,15,15,True,3228.659867739286,215.24399118261906,11578.299338696428,139,143,15,0,0.22125304100336507,
original,random,5114,v3,hash,0,15,15,True,3100.2982493561185,206.68654995707456,11636.491246780592,116,118,15,0,0.07795712500228547,
original,random,5114,v3_origin20,hash,0,15,15,True,3114.820176777917,207.65467845186112,11674.100883889585,117,120,15,0,0.09126499999547377,
original,random,5115,joint,hash,0,16,16,True,3614.374034422489,225.89837715140555,14381.870172112443,113,93,16,0,0.019759499991778284,
original,random,5115,optical,hash,0,16,16,True,3243.7857803276356,202.73661127047723,12348.928901638179,114,121,17,1,0.08120237497496419,
original,random,5115,phased,hash,0,16,16,True,4207.371175919309,262.96069849495683,16141.855879596547,149,154,16,0,0.01721479100524448,
original,random,5115,v2,hash,0,16,16,True,3260.805886461207,203.80036790382545,12389.029432306035,117,118,16,0,0.16751662499154918,
original,random,5115,v3,hash,0,16,16,True,3272.0919361519605,204.50574600949753,12225.459680759803,125,122,16,0,0.0727094589965418,
original,random,5115,v3_origin20,hash,0,16,16,True,3234.8811941481745,202.1800746342609,12149.405970740872,121,120,16,0,0.07906558399554342,
original,random,5116,joint,hash,0,16,16,True,3967.118598378063,247.94491239862893,15250.592991890315,144,117,16,0,0.02410291600972414,
original,random,5116,optical,hash,0,16,16,True,3402.2016611815466,212.63760382384666,12991.008305907733,119,126,17,1,0.08688437502132729,
original,random,5116,phased,hash,0,16,16,True,4192.929282904066,262.0580801815041,16424.646414520328,139,133,16,0,0.019284749985672534,
original,random,5116,v2,hash,0,16,16,True,3600.3279829721387,225.02049893575867,13186.639914860692,147,148,16,0,0.24012154201045632,
original,random,5116,v3,hash,0,16,16,True,3476.766570427859,217.29791065174118,13063.832852139294,131,129,16,0,0.0757911250111647,
original,random,5116,v3_origin20,hash,0,16,16,True,3433.394595150018,214.58716219687614,12591.97297575009,139,140,16,0,0.07983666600193828,
original,random,5117,joint,hash,0,11,11,True,3169.220973769753,288.1109976154321,11566.104868848766,135,126,11,0,0.014193667011568323,
original,random,5117,optical,hash,0,11,11,True,3117.7066188349445,283.4278744395404,11703.533094174722,120,122,11,0,0.05199816601816565,
original,random,5117,phased,hash,0,11,11,True,4001.821383489339,363.80194395357626,14614.106917446696,171,169,11,0,0.012420292012393475,
original,random,5117,v2,hash,0,11,11,True,3199.4042483697917,290.85493166998106,11302.02124184896,147,149,11,0,0.13126433300203644,
original,random,5117,v3,hash,0,11,11,True,3134.538447772973,284.95804070663394,11662.692238864865,125,122,11,0,0.042516957997577265,
original,random,5117,v3_origin20,hash,0,11,11,True,3171.104333774424,288.2822121613113,11075.521668872121,150,151,11,0,0.06594087500707246,
original,random,5118,joint,hash,0,14,14,True,3127.607325928034,223.40052328057385,11718.03662964017,120,114,14,0,0.022702624992234632,
original,random,5118,optical,hash,0,14,14,True,3235.858490807974,231.1327493434267,12259.292454039869,117,120,17,3,0.08213170801172964,
original,random,5118,phased,hash,0,14,14,True,3970.4118341925214,283.6008452994658,14467.059170962606,167,172,14,0,0.015452291001565754,
original,random,5118,v2,hash,0,14,14,True,3270.7988851349974,233.62849179535695,12083.994425674986,130,134,14,0,0.2177554169902578,
original,random,5118,v3,hash,0,14,14,True,3253.233550468967,232.37382503349767,12281.167752344836,122,117,14,0,0.06598616699920967,
original,random,5118,v3_origin20,hash,0,14,14,True,3371.2028021933556,240.80020015666827,11896.014010966777,153,157,14,0,0.10116566700162366,
original,random,5119,joint,hash,0,12,12,True,3486.4536029218384,290.5378002434865,13337.268014609192,129,114,12,0,0.015231249999487773,
original,random,5119,optical,hash,0,12,12,True,3212.6990709166666,267.7249225763889,11803.495354583334,129,135,16,4,0.08398070800467394,
original,random,5119,phased,hash,0,12,12,True,4291.655131021132,357.6379275850943,16078.275655105657,169,171,12,0,0.015147625003010035,
original,random,5119,v2,hash,0,12,12,True,3240.242028693384,270.02016905778197,11831.210143466918,136,134,12,0,0.1537807089916896,
original,random,5119,v3,hash,0,12,12,True,3170.3522246147895,264.1960187178991,11646.761123073948,130,131,12,0,0.06530691700754687,
original,random,5119,v3_origin20,hash,0,12,12,True,3290.6081524965166,274.2173460413764,11893.040762482584,142,142,12,0,0.06962962498073466,
original,random,5120,joint,hash,0,16,16,True,3697.059307523837,231.06620672023982,14210.296537619186,133,110,16,0,0.02143483399413526,
original,random,5120,optical,hash,0,16,16,True,3048.3972982879795,190.52483114299872,11676.986491439897,104,110,17,1,0.07134870800655335,
original,random,5120,phased,hash,0,16,16,True,4123.563452594538,257.7227157871586,15582.817262972689,155,152,16,0,0.0185357500158716,
original,random,5120,v2,hash,0,16,16,True,3153.009387667497,197.06308672921855,11655.046938337484,123,127,16,0,0.18485754099674523,
original,random,5120,v3,hash,0,16,16,True,3076.5643176794383,192.2852698549649,11677.821588397192,110,111,16,0,0.0639236250135582,
original,random,5120,v3_origin20,hash,0,16,16,True,3159.97920582704,197.49870036419,11639.8960291352,125,127,16,0,0.08040558299398981,
original,random,5121,joint,hash,0,15,15,True,3615.6804581384617,241.04536387589744,13463.40229069231,144,128,15,0,0.019844540976919234,
original,random,5121,optical,hash,0,15,15,True,3177.142621557617,211.80950810384113,11935.713107788086,118,122,16,1,0.07759429098223336,
original,random,5121,phased,hash,0,15,15,True,4308.098592174788,287.2065728116525,16100.49296087394,168,173,15,0,0.015542416978860274,
original,random,5121,v2,hash,0,15,15,True,3097.3485384346614,206.48990256231076,10971.742692173308,138,138,15,0,0.14714312498108484,
original,random,5121,v3,hash,0,15,15,True,3183.6547471355834,212.24364980903889,11908.273735677916,121,122,15,0,0.06162824999773875,
original,random,5121,v3_origin20,hash,0,15,15,True,3053.362125512181,203.5574750341454,10811.810627560906,136,136,15,0,0.0696941250062082,
original,random,5122,joint,hash,0,10,10,True,3490.1898775537693,349.01898775537694,12780.949387768847,151,129,10,0,0.012453959003323689,
original,random,5122,optical,hash,0,10,10,True,2980.544876347717,298.0544876347717,10927.724381738586,124,122,11,1,0.038501916016684845,
original,random,5122,phased,hash,0,10,10,True,3750.565123372541,375.0565123372541,13362.825616862707,172,168,10,0,0.010418833000585437,
original,random,5122,v2,hash,0,10,10,True,2941.2144235054116,294.12144235054114,10156.072117527057,144,140,10,0,0.10783337501925416,
original,random,5122,v3,hash,0,10,10,True,2994.364493270119,299.4364493270119,10936.822466350595,127,122,10,0,0.03357125000911765,
original,random,5122,v3_origin20,hash,0,10,10,True,2863.298813221179,286.3298813221179,9831.494066105895,142,137,10,0,0.047766833973582834,
original,random,5123,joint,hash,0,11,11,True,3333.0433268077495,303.0039388007045,12365.216634038747,137,120,11,0,0.013874333002604544,
original,random,5123,optical,hash,0,11,11,True,2778.086611992064,252.5533283629149,10135.43305996032,115,115,13,2,0.048026207980001345,
original,random,5123,phased,hash,0,11,11,True,3896.502896775752,354.22753607052294,14262.51448387876,164,169,11,0,0.013662584009580314,
original,random,5123,v2,hash,0,11,11,True,2965.036733146153,269.54879392237757,10370.183665730765,140,136,11,0,0.1245145830034744,
original,random,5123,v3,hash,0,11,11,True,2794.113842264059,254.0103492967326,10120.569211320295,120,115,11,0,0.04314154200255871,
original,random,5123,v3_origin20,hash,0,11,11,True,2942.543506398117,267.50395512710156,10402.717531990585,135,132,11,0,0.058113915991270915,
original,random,5124,joint,hash,0,14,14,True,3208.105985000423,229.15042750003022,12200.529925002116,117,113,14,0,0.019333417003508657,
original,random,5124,optical,hash,0,14,14,True,3007.1498980909737,214.79642129221241,11310.749490454868,111,117,15,1,0.07676783300121315,
original,random,5124,phased,hash,0,14,14,True,3993.6730222265705,285.2623587304693,14683.365111132853,163,172,14,0,0.017569457995705307,
original,random,5124,v2,hash,0,14,14,True,2983.108266226157,213.07916187329693,10865.541331130786,123,125,14,0,0.23018229100853205,
original,random,5124,v3,hash,0,14,14,True,3017.652042833941,215.54657448813865,11223.260214169704,117,118,14,0,0.06885704200249165,
original,random,5124,v3_origin20,hash,0,14,14,True,2961.2818505945907,211.5201321853279,10726.409252972953,124,126,14,0,0.07712529198033735,
original,random,5125,joint,hash,0,14,14,True,3804.021202911806,271.71580020798615,14690.10601455903,136,116,14,0,0.020120166998822242,
original,random,5125,optical,hash,0,14,14,True,3425.718240338806,244.69416002420044,13183.59120169403,117,125,17,3,0.08818624998093583,
original,random,5125,phased,hash,0,14,14,True,4101.198308621289,292.94273633009203,15095.991543106444,168,172,14,0,0.017232832993613556,
original,random,5125,v2,hash,0,14,14,True,3558.1074307787994,254.15053076991424,13595.537153893998,128,129,14,0,0.17462012500618584,
original,random,5125,v3,hash,0,14,14,True,3312.989023360859,236.64207309720422,12634.945116804294,119,121,14,0,0.06558645801851526,
original,random,5125,v3_origin20,hash,0,14,14,True,3564.651676639406,254.61797690281472,13558.258383197031,130,133,14,0,0.07122866698773578,
original,random,5126,joint,hash,0,14,14,True,4099.370649385375,292.8121892418125,15671.853246926878,154,125,14,0,0.018988249998074025,
original,random,5126,optical,hash,0,14,14,True,3314.168778469096,236.72634131922115,12995.843892345481,107,110,14,0,0.06017683300888166,
original,random,5126,phased,hash,0,14,14,True,4406.736937346844,314.7669240962031,16523.684686734217,172,172,14,0,0.017035583994584158,
original,random,5126,v2,hash,0,14,14,True,3612.281472009519,258.0201051435371,13296.407360047595,147,148,14,0,0.18284212501021102,
original,random,5126,v3,hash,0,14,14,True,3368.2924426869467,240.5923173347819,13016.462213434734,117,110,14,0,0.06351891701342538,
original,random,5126,v3_origin20,hash,0,14,14,True,3345.0768126670787,238.93405804764848,12350.384063335394,134,135,14,0,0.0838659160071984,
original,random,5127,joint,hash,0,12,12,True,3644.484873189166,303.7070727657638,13407.424365945832,155,128,12,0,0.016087041003629565,
original,random,5127,optical,hash,0,12,12,True,3099.3025371708945,258.27521143090786,11721.512685854474,115,117,13,1,0.05407391701010056,
original,random,5127,phased,hash,0,12,12,True,4126.20375101479,343.85031258456587,15331.018755073952,166,170,12,0,0.011857166013214737,
original,random,5127,v2,hash,0,12,12,True,3270.6092344339013,272.55076953615844,11638.046172169506,147,148,12,0,0.12355337498593144,
original,random,5127,v3,hash,0,12,12,True,3106.203421726502,258.85028514387517,11671.01710863251,119,117,12,0,0.045343584002694115,
original,random,5127,v3_origin20,hash,0,12,12,True,3233.9841682771166,269.49868068975974,11509.920841385583,145,147,12,0,0.05488399998284876,
original,random,5128,joint,hash,0,13,13,True,3464.121964208682,266.4709203237448,13125.60982104341,131,119,13,0,0.017633709008805454,
original,random,5128,optical,hash,0,13,13,True,3139.8702460923028,241.52848046863866,11624.351230461514,124,127,14,1,0.08282962499652058,
original,random,5128,phased,hash,0,13,13,True,4518.766977402132,347.597459800164,17133.834887010664,171,172,13,0,0.015870792005443946,
original,random,5128,v2,hash,0,13,13,True,3419.161620462684,263.01243234328336,12530.80810231342,141,143,13,0,0.15932933299336582,
original,random,5128,v3,hash,0,13,13,True,3151.5051258260705,242.42347121739004,11532.525629130352,130,130,13,0,0.06771024997578934,
original,random,5128,v3_origin20,hash,0,13,13,True,3329.3606294814163,256.1046638062628,12026.803147407081,143,144,13,0,0.07135541702155024,
original,random,5129,joint,hash,0,11,11,True,2920.2541480955306,265.4776498268664,10176.270740477652,140,130,11,0,0.011486666015116498,
original,random,5129,optical,hash,0,11,11,True,2844.0277037393453,258.5479730672132,10160.138518696727,125,126,13,2,0.04999800000223331,
original,random,5129,phased,hash,0,11,11,True,4058.1375270473227,368.92159336793844,15070.687635236613,164,169,11,0,0.010992833005730063,
original,random,5129,v2,hash,0,11,11,True,2836.4988411181484,257.86353101074076,9982.494205590743,131,130,11,0,0.09172650001710281,
original,random,5129,v3,hash,0,11,11,True,2834.5714546916415,257.6883140628765,10117.857273458207,126,126,11,0,0.04060304199811071,
original,random,5129,v3_origin20,hash,0,11,11,True,2829.1732034686765,257.1975639516979,9765.866017343384,137,136,11,0,0.05209720801212825,
original,random,5130,joint,hash,0,13,13,True,3280.391649929388,252.33781922533757,11946.958249646941,139,131,13,0,0.017074542003683746,
original,random,5130,optical,hash,0,13,13,True,2847.8557166744763,219.0658243595751,10059.278583372381,127,133,14,1,0.0586170410097111,
original,random,5130,phased,hash,0,13,13,True,3850.5644462231985,296.1972650940922,13947.822231115993,165,171,13,0,0.013444666023133323,
original,random,5130,v2,hash,0,13,13,True,2953.2424367193607,227.17249513225852,10206.212183596805,141,142,13,0,0.15145133298938163,
original,random,5130,v3,hash,0,13,13,True,2883.015814313518,221.77044725488602,10095.07907156759,133,134,13,0,0.04539379198104143,
original,random,5130,v3_origin20,hash,0,13,13,True,3058.5954743157336,235.2765749473641,10517.977371578667,149,145,13,0,0.07359558300231583,
original,random,5131,joint,hash,0,10,10,True,3178.456316830511,317.84563168305107,11472.281584152553,141,129,10,0,0.01387416702345945,
original,random,5131,optical,hash,0,10,10,True,3108.3794636435637,310.83794636435636,11566.897318217818,124,122,11,1,0.05221120800706558,
original,random,5131,phased,hash,0,10,10,True,4149.314413309143,414.93144133091425,15456.572066545714,168,168,10,0,0.011703124997438863,
original,random,5131,v2,hash,0,10,10,True,2938.13346726671,293.813346726671,10405.667336333549,135,132,10,0,0.09992604199214838,
original,random,5131,v3,hash,0,10,10,True,3106.4589842360297,310.64589842360294,11497.294921180148,127,122,10,0,0.04567512500216253,
original,random,5131,v3_origin20,hash,0,10,10,True,2958.486947650706,295.8486947650706,10327.43473825353,141,138,10,0,0.05314833301235922,
original,random,5132,joint,hash,0,15,15,True,3080.3369025615493,205.35579350410327,11291.684512807746,126,117,15,0,0.022661459021037444,
original,random,5132,optical,hash,0,15,15,True,2869.9118422710158,191.32745615140104,11014.55921135508,97,104,16,1,0.08571650000521913,
original,random,5132,phased,hash,0,15,15,True,4213.781504972551,280.9187669981701,15753.907524862756,163,173,15,0,0.018086583993863314,
original,random,5132,v2,hash,0,15,15,True,3125.7140086345835,208.38093390897222,10538.570043172916,157,158,15,0,0.18833420900045894,
original,random,5132,v3,hash,0,15,15,True,2897.375663528146,193.15837756854307,11041.87831764073,102,104,15,0,0.06607666698982939,
original,random,5132,v3_origin20,hash,0,15,15,True,2962.1024151452293,197.4734943430153,9965.512075726147,149,149,15,0,0.07319295799243264,
original,random,5133,joint,hash,0,10,10,True,3139.883458139326,313.9883458139326,11149.41729069663,145,135,10,0,0.013345583021873608,
original,random,5133,optical,hash,0,10,10,True,2735.1969848607114,273.51969848607115,9615.984924303557,126,126,12,2,0.04616562501178123,
original,random,5133,phased,hash,0,10,10,True,3814.2419501637833,381.42419501637835,13781.209750818916,168,168,10,0,0.011212500015972182,
original,random,5133,v2,hash,0,10,10,True,3001.748080998947,300.1748080998947,10378.740404994734,146,146,10,0,0.10737058299127966,
original,random,5133,v3,hash,0,10,10,True,2727.245236399647,272.72452363996473,9531.226181998236,129,126,10,0,0.04052212502574548,
original,random,5133,v3_origin20,hash,0,10,10,True,2908.7899466278514,290.87899466278515,9888.949733139258,147,146,10,0,0.04641974999685772,
original,random,5134,joint,hash,0,13,13,True,3258.001016057789,250.6154627736761,11885.005080288945,139,121,13,0,0.016862666991073638,
original,random,5134,optical,hash,0,13,13,True,3144.866322990576,241.91279407619817,11964.33161495288,114,117,13,0,0.06688437500270084,
original,random,5134,phased,hash,0,13,13,True,3802.04628445706,292.46509880438924,13605.231422285302,169,171,13,0,0.014978499995777383,
original,random,5134,v2,hash,0,13,13,True,3061.613739844166,235.50874921878201,10928.06869922083,135,136,13,0,0.16542779101291671,
original,random,5134,v3,hash,0,13,13,True,3159.2478358149665,243.01906429345897,11911.239179074832,119,117,13,0,0.051916707976488397,
original,random,5134,v3_origin20,hash,0,13,13,True,2857.7853339390454,219.82964107223427,9838.926669695227,137,140,13,0,0.06647299998439848,
original,random,5135,joint,hash,0,15,15,True,3549.139968912422,236.60933126082813,13325.69984456211,137,124,15,0,0.021976958989398554,
original,random,5135,optical,hash,0,15,15,True,3279.826531271826,218.65510208478838,12914.13265635913,102,106,17,2,0.06598695798311383,
original,random,5135,phased,hash,0,15,15,True,4417.984558785255,294.532303919017,16599.922793926275,170,173,15,0,0.01866804200108163,
original,random,5135,v2,hash,0,15,15,True,3504.780156216727,233.65201041444845,13118.900781083634,134,136,15,0,0.17489020799985155,
original,random,5135,v3,hash,0,15,15,True,3285.640389152169,219.0426926101446,12823.201945760846,108,106,15,0,0.05596591599169187,
original,random,5135,v3_origin20,hash,0,15,15,True,3410.103541467028,227.3402360978019,12195.51770733514,149,151,15,0,0.07870345801347867,
original,random,5136,joint,hash,0,13,13,True,3006.3137991449307,231.25490762653314,11061.568995724654,123,114,13,0,0.020083124982193112,
original,random,5136,optical,hash,0,13,13,True,3237.3133473303865,249.02410364079896,12081.566736651932,125,131,13,0,0.07072420802433044,
original,random,5136,phased,hash,0,13,13,True,4130.376961032109,317.7213046947776,15291.884805160544,167,172,13,0,0.017559833999257535,
original,random,5136,v2,hash,0,13,13,True,3244.1628153013103,249.55098579240848,11835.814076506551,135,137,13,0,0.16371870899456553,
original,random,5136,v3,hash,0,13,13,True,3259.935501727621,250.76426936366317,12039.677508638106,131,132,13,0,0.05912125000031665,
original,random,5136,v3_origin20,hash,0,13,13,True,3250.739873675623,250.05691335966333,11843.699368378115,136,137,13,0,0.07332091699936427,
original,random,5137,joint,hash,0,12,12,True,3513.3878932601183,292.7823244383432,13426.939466300591,130,118,12,0,0.017982708988711238,
original,random,5137,optical,hash,0,12,12,True,3357.8529312003343,279.8210776000279,12569.264656001671,130,131,13,1,0.07919637497980148,
original,random,5137,phased,hash,0,12,12,True,4474.619765822038,372.8849804851698,16923.09882911019,172,170,12,0,0.016842124983668327,
original,random,5137,v2,hash,0,12,12,True,3462.9784258058567,288.58153548382137,12654.892129029284,145,147,12,0,0.14595674999873154,
original,random,5137,v3,hash,0,12,12,True,3361.596755675799,280.1330629729833,12527.983778378995,133,131,12,0,0.06968795901047997,
original,random,5137,v3_origin20,hash,0,12,12,True,3387.7896411020843,282.31580342517367,12828.948205510422,127,127,12,0,0.06297245898167603,
original,random,5138,joint,hash,0,14,14,True,3214.8220537246752,229.63014669461967,12199.110268623375,118,115,14,0,0.02043237499310635,
original,random,5138,optical,hash,0,14,14,True,3057.3667448004767,218.38333891431975,11676.833724002383,107,114,15,1,0.06687195799895562,
original,random,5138,phased,hash,0,14,14,True,4099.862929405328,292.8473521003806,15159.314647026642,165,173,14,0,0.0156657500192523,
original,random,5138,v2,hash,0,14,14,True,3090.96839638407,220.78345688457642,11454.841981920348,121,125,14,0,0.17542250000406057,
original,random,5138,v3,hash,0,14,14,True,3087.0619778805844,220.50442699147032,11610.309889402923,116,115,14,0,0.05765162501484156,
original,random,5138,v3_origin20,hash,0,14,14,True,3158.897713341459,225.63555095296138,11379.488566707296,135,138,14,0,0.08034608399611898,
original,random,5139,joint,hash,0,11,11,True,3530.1519664327916,320.9229060393447,12955.759832163958,151,129,11,0,0.014369709009770304,
original,random,5139,optical,hash,0,11,11,True,3052.441572302367,277.49468839112427,11357.207861511835,120,123,12,1,0.05790241700015031,
original,random,5139,phased,hash,0,11,11,True,4203.666832760414,382.15153025094673,15773.33416380207,165,169,11,0,0.012612582999281585,
original,random,5139,v2,hash,0,11,11,True,3237.4607714146287,294.31461558314805,11817.303857073142,137,134,11,0,0.13369874999625608,
original,random,5139,v3,hash,0,11,11,True,3056.9294886729704,277.90268078845185,11309.647443364851,124,120,11,0,0.04340295898145996,
original,random,5139,v3_origin20,hash,0,11,11,True,3063.2710946379766,278.47919042163426,10941.355473189882,137,135,11,0,0.05874070801655762,
original,random,5140,joint,hash,0,15,15,True,3283.2589952225358,218.88393301483572,12206.294976112678,129,122,15,0,0.019416208000620827,
original,random,5140,optical,hash,0,15,15,True,3163.0300005088457,210.8686667005897,11765.150002544227,119,128,19,4,0.08089079198543914,
original,random,5140,phased,hash,0,15,15,True,4067.3687275662874,271.15791517108585,14941.843637831436,166,174,15,0,0.017298582999501377,
original,random,5140,v2,hash,0,15,15,True,3295.09218693049,219.67281246203265,11875.460934652448,141,140,15,0,0.16965141601394862,
original,random,5140,v3,hash,0,15,15,True,3181.142771307315,212.076184753821,11765.713856536575,125,128,15,0,0.0660912909952458,
original,random,5140,v3_origin20,hash,0,15,15,True,3098.394251234003,206.55961674893354,11231.971256170016,129,132,15,0,0.08012933400459588,
original,random,5141,joint,hash,0,11,11,True,3111.531389321356,282.8664899383051,11182.656946606781,138,130,11,0,0.015061958023579791,
original,random,5141,optical,hash,0,11,11,True,2928.826533394797,266.2569575813452,10439.132666973985,130,133,12,1,0.0647745419992134,
original,random,5141,phased,hash,0,11,11,True,3892.94314180897,353.9039219826336,14219.715709044849,165,169,11,0,0.012002833973383531,
original,random,5141,v2,hash,0,11,11,True,3123.6159845435927,283.965089503963,10658.079922717963,156,157,11,0,0.12948545900871977,
original,random,5141,v3,hash,0,11,11,True,2939.4301202611905,267.2209200237446,10407.150601305953,134,133,11,0,0.05670620800810866,
original,random,5141,v3_origin20,hash,0,11,11,True,2988.9314890919095,271.72104446290086,10194.657445459548,149,150,11,0,0.06452779198298231,
original,random,5142,joint,hash,0,16,16,True,3536.1714558269964,221.01071598918728,14290.857279134982,102,88,16,0,0.020785665983567014,
original,random,5142,optical,hash,0,16,16,True,3104.381718230444,194.02385738940276,11841.908591152222,106,117,19,3,0.0898062500054948,
original,random,5142,phased,hash,0,16,16,True,3794.5269055411204,237.15793159632003,14602.634527705603,132,134,16,0,0.018743749998975545,
original,random,5142,v2,hash,0,16,16,True,3202.151938756754,200.13449617229713,12100.759693783772,117,117,16,0,0.25162699999054894,
original,random,5142,v3,hash,0,16,16,True,3138.836855076836,196.17730344230225,11779.18427538418,117,118,16,0,0.0701219999755267,
original,random,5142,v3_origin20,hash,0,16,16,True,3035.909285309829,189.74433033186432,11349.546426549145,114,116,16,0,0.08481554200989194,
original,random,5143,joint,hash,0,11,11,True,3514.713112312394,319.5193738465813,13133.56556156197,142,123,11,0,0.017130332998931408,
original,random,5143,optical,hash,0,11,11,True,3072.3966458805544,279.3087859891413,11321.983229402771,124,130,12,1,0.08243370801210403,
original,random,5143,phased,hash,0,11,11,True,4027.6683708054584,366.1516700732235,14888.341854027292,165,170,11,0,0.012403666012687609,
original,random,5143,v2,hash,0,11,11,True,3133.1945894388637,284.8358717671694,11055.972947194317,145,142,11,0,0.15606599999591708,
original,random,5143,v3,hash,0,11,11,True,2971.585433055323,270.14413027775663,10717.927165276615,129,128,11,0,0.04781833299784921,
original,random,5143,v3_origin20,hash,0,11,11,True,3020.677526803096,274.6070478911906,10523.38763401548,144,141,11,0,0.06793287501204759,
original,random,5144,joint,hash,0,12,12,True,3462.093142363223,288.5077618636019,13060.465711816114,134,120,12,0,0.016279500006930903,
original,random,5144,optical,hash,0,12,12,True,2871.1378139081926,239.26148449234938,10210.689069540962,126,130,15,3,0.06729554201592691,
original,random,5144,phased,hash,0,12,12,True,3826.426949673089,318.8689124727574,13727.134748365444,170,171,12,0,0.016274499997962266,
original,random,5144,v2,hash,0,12,12,True,2943.8027098382945,245.31689248652455,10364.013549191473,135,136,12,0,0.12636483300593682,
original,random,5144,v3,hash,0,12,12,True,2859.553037749931,238.2960864791609,10097.765188749654,130,130,12,0,0.05878695799037814,
original,random,5144,v3_origin20,hash,0,12,12,True,2938.3048434458524,244.85873695382102,10396.524217229262,133,134,12,0,0.06115308401058428,
original,random,5145,joint,hash,0,13,13,True,3312.856781006648,254.83513700051137,11934.283905033239,146,131,13,0,0.021510625025257468,
original,random,5145,optical,hash,0,13,13,True,3053.949062536899,234.91915865668454,11109.745312684496,126,131,15,2,0.06256579200271517,
original,random,5145,phased,hash,0,13,13,True,4085.6573145168445,314.28133188591113,14948.286572584222,172,171,13,0,0.014347707998240367,
original,random,5145,v2,hash,0,13,13,True,3004.6713829567625,231.12856791975096,10128.356914783813,152,154,13,0,0.15530741697875783,
original,random,5145,v3,hash,0,13,13,True,3011.4684201174614,231.65141693211243,10897.342100587308,128,127,13,0,0.046489917003782466,
original,random,5145,v3_origin20,hash,0,13,13,True,2948.8100959391986,226.8315458414768,10189.050479695992,141,141,13,0,0.05873699998483062,
original,random,5146,joint,hash,0,15,15,True,3358.5449723941774,223.90299815961183,12592.724861970888,131,110,15,0,0.021614541998133063,
original,random,5146,optical,hash,0,15,15,True,3049.092173409415,203.27281156062767,11580.460867047075,108,115,16,1,0.07704124998417683,
original,random,5146,phased,hash,0,15,15,True,4177.879778926407,278.52531859509384,15424.398894632037,169,173,15,0,0.01643770802184008,
original,random,5146,v2,hash,0,15,15,True,3227.9037064214376,215.19358042809583,11194.518532107188,152,154,15,0,0.14837129099760205,
original,random,5146,v3,hash,0,15,15,True,3086.7138501161294,205.7809233410753,11608.569250580647,115,115,15,0,0.06809658298152499,
original,random,5146,v3_origin20,hash,0,15,15,True,3201.4793707695753,213.43195805130503,11152.396853847877,149,151,15,0,0.076146916981088,
original,random,5147,joint,hash,0,12,12,True,3288.491980903873,274.0409984086561,11947.459904519364,142,129,12,0,0.019535791012458503,
original,random,5147,optical,hash,0,12,12,True,3220.600077434023,268.3833397861686,12128.000387170116,121,124,14,2,0.0776762500172481,
original,random,5147,phased,hash,0,12,12,True,4122.53839506702,343.544866255585,15362.691975335101,164,170,12,0,0.014275749999796972,
original,random,5147,v2,hash,0,12,12,True,3136.70454283074,261.392045235895,11638.5227141537,125,124,12,0,0.16841391701018438,
original,random,5147,v3,hash,0,12,12,True,3212.8411143463727,267.7367595288644,12024.205571731864,125,123,12,0,0.06394474999979138,
original,random,5147,v3_origin20,hash,0,12,12,True,3131.6135685234312,260.9677973769526,11498.067842617156,129,127,12,0,0.07616525000776164,
original,random,5148,joint,hash,0,13,13,True,3429.1585259903304,263.7814250761793,13195.792629951653,123,110,13,0,0.017957250005565584,
original,random,5148,optical,hash,0,13,13,True,3122.2196707539492,240.17074390414993,11641.098353769747,119,122,17,4,0.08781804199679755,
original,random,5148,phased,hash,0,13,13,True,4153.724300603689,319.51725389259144,15388.621503018443,168,171,13,0,0.018276749993674457,
original,random,5148,v2,hash,0,13,13,True,3157.651603881609,242.89627722166222,11423.258019408046,134,138,13,0,0.15999354197992943,
original,random,5148,v3,hash,0,13,13,True,3073.1041239036185,236.39262491566296,11550.520619518093,117,113,13,0,0.06524491700110957,
original,random,5148,v3_origin20,hash,0,13,13,True,3152.753773186955,242.51952101438116,11163.768865934775,142,145,13,0,0.08465999999316409,
original,random,5149,joint,hash,0,12,12,True,3849.3606311033527,320.78005259194606,14681.803155516764,146,123,12,0,0.015067874977830797,
original,random,5149,optical,hash,0,12,12,True,3580.69754831471,298.39146235955917,13843.48774157355,123,125,16,4,0.07121237501269206,
original,random,5149,phased,hash,0,12,12,True,4461.816948662878,371.8180790552398,16909.08474331439,170,170,12,0,0.01241316698724404,
original,random,5149,v2,hash,0,12,12,True,3630.779837234531,302.5649864362109,13778.899186172655,136,135,12,0,0.1336411250231322,
original,random,5149,v3,hash,0,12,12,True,3535.5516154204934,294.6293012850411,13637.758077102466,125,123,12,0,0.05760058297892101,
original,random,5149,v3_origin20,hash,0,12,12,True,3370.2460916070386,280.85384096725323,12636.230458035194,131,128,12,0,0.06237804199918173,
original,random,5150,joint,hash,0,11,11,True,3320.7835833940103,301.88941667218273,11903.917916970051,149,140,11,0,0.015468833007616922,
original,random,5150,optical,hash,0,11,11,True,3196.0086593142605,290.5462417558419,12130.043296571303,118,119,13,2,0.0796816670044791,
original,random,5150,phased,hash,0,11,11,True,4255.20021549066,386.83638322642366,15981.001077453304,167,169,11,0,0.011982625001110137,
original,random,5150,v2,hash,0,11,11,True,3236.782300494291,294.25293640857194,11318.911502471456,153,153,11,0,0.10877429202082567,
original,random,5150,v3,hash,0,11,11,True,3201.506460372614,291.04604185205585,12117.53230186307,121,118,11,0,0.052916624990757555,
original,random,5150,v3_origin20,hash,0,11,11,True,3183.362488020431,289.3965898200392,11561.812440102156,136,136,11,0,0.0709242919983808,
original,random,5151,joint,hash,0,12,12,True,3084.642754265672,257.05356285547265,11193.213771328361,134,116,12,0,0.024006124993320554,
original,random,5151,optical,hash,0,12,12,True,2899.905000026173,241.6587500021811,10654.525000130867,116,117,16,4,0.14060075001907535,
original,random,5151,phased,hash,0,12,12,True,3741.025521922546,311.75212682687885,13350.12760961273,168,171,12,0,0.02655499998945743,
original,random,5151,v2,hash,0,12,12,True,3050.1246584913356,254.17705487427796,10530.623292456678,147,149,12,0,0.28014962500310503,
original,random,5151,v3,hash,0,12,12,True,2888.803969635922,240.73366413632684,10589.019848179609,119,116,12,0,0.057185125013347715,
original,random,5151,v3_origin20,hash,0,12,12,True,2959.980438431388,246.66503653594899,10299.90219215694,140,140,12,0,0.1950854159949813,
original,random,5152,joint,hash,0,12,12,True,2941.754356632312,245.146196386026,10773.77178316156,123,112,12,0,0.016718541010050103,
original,random,5152,optical,hash,0,12,12,True,2909.732706739117,242.47772556159308,10603.663533695584,121,124,12,0,0.06443145798402838,
original,random,5152,phased,hash,0,12,12,True,3924.303465942551,327.0252888285459,14341.517329712755,165,171,12,0,0.013144625001586974,
original,random,5152,v2,hash,0,12,12,True,3109.5789211785786,259.1315767648816,10652.894605892892,153,154,12,0,0.3964899579877965,
original,random,5152,v3,hash,0,12,12,True,2919.5457031084643,243.29547525903868,10602.728515542321,123,124,12,0,0.14157799998065457,
original,random,5152,v3_origin20,hash,0,12,12,True,3087.5595967480685,257.296633062339,10597.797983740342,151,153,12,0,0.15130787499947473,
original,random,5153,joint,hash,0,10,10,True,3341.843682241216,334.1843682241216,11924.218411206079,154,137,10,0,0.021271250006975606,
original,random,5153,optical,hash,0,10,10,True,3345.3761661586304,334.53761661586304,12771.880830793152,123,126,10,0,0.057380500016734004,
original,random,5153,phased,hash,0,10,10,True,3743.415137596643,374.3415137596643,13402.075687983215,169,168,10,0,0.0130976669897791,
original,random,5153,v2,hash,0,10,10,True,3235.7633149350354,323.5763314935035,11953.816574675177,133,130,10,0,0.15722712501883507,
original,random,5153,v3,hash,0,10,10,True,3377.372417281328,337.7372417281328,12706.86208640664,132,126,10,0,0.05733191600302234,
original,random,5153,v3_origin20,hash,0,10,10,True,3148.447388417275,314.84473884172746,11292.236942086374,141,135,10,0,0.07272225001361221,
original,random,5154,joint,hash,0,13,13,True,3725.3572820632535,286.5659447740964,14231.786410316266,139,119,13,0,0.0370941250002943,
original,random,5154,optical,hash,0,13,13,True,3207.463244845871,246.72794191122085,11897.316224229355,125,126,17,4,0.12318612498347647,
original,random,5154,phased,hash,0,13,13,True,4181.27162468243,321.6362788217254,15576.358123412152,166,171,13,0,0.027406833018176258,
original,random,5154,v2,hash,0,13,13,True,3154.7440026561826,242.67261558893713,11243.720013280912,140,141,13,0,0.2235584580048453,
original,random,5154,v3,hash,0,13,13,True,3192.3164177520416,245.56280136554167,11806.582088760208,128,126,13,0,0.09072041601757519,
original,random,5154,v3_origin20,hash,0,13,13,True,3172.3062416828325,244.02355705252558,11081.531208414162,148,151,13,0,0.1313369160052389,
original,random,5155,joint,hash,0,12,12,True,3447.6465947189026,287.3038828932419,13033.232973594513,132,121,12,0,0.01768733299104497,
original,random,5155,optical,hash,0,12,12,True,3101.151461779272,258.42928848160597,11545.75730889636,120,123,15,3,0.0952105830074288,
original,random,5155,phased,hash,0,12,12,True,4216.264620470618,351.35538503921816,15831.323102353088,164,170,12,0,0.014928707998478785,
original,random,5155,v2,hash,0,12,12,True,3107.4687841232026,258.9557320102669,11287.343920616013,132,130,12,0,0.16139933399972506,
original,random,5155,v3,hash,0,12,12,True,3080.204038292476,256.6836698577063,11426.020191462381,123,120,12,0,0.05771537500550039,
original,random,5155,v3_origin20,hash,0,12,12,True,2958.815579220983,246.56796493508193,10574.077896104916,131,129,12,0,0.0649572080001235,
original,random,5156,joint,hash,0,12,12,True,3098.690375888518,258.2241979907098,10813.45187944259,149,131,12,0,0.024535000004107133,
original,random,5156,optical,hash,0,12,12,True,2667.0082792215094,222.2506899351258,9535.041396107546,116,120,12,0,0.06953462498495355,
original,random,5156,phased,hash,0,12,12,True,3755.9799648527764,312.998330404398,13474.899824263883,166,171,12,0,0.01531116699334234,
original,random,5156,v2,hash,0,12,12,True,2886.816581476168,240.56804845634733,9604.082907380838,151,151,12,0,0.17238845798419788,
original,random,5156,v3,hash,0,12,12,True,2750.3366021388665,229.19471684490554,9756.683010694333,123,124,12,0,0.06038620800245553,
original,random,5156,v3_origin20,hash,0,12,12,True,2878.540546850206,239.87837890418382,9507.702734251028,153,152,12,0,0.08999716700054705,
original,random,5157,joint,hash,0,14,14,True,3981.635982615923,284.4025701868516,15388.179913079613,143,119,14,0,0.033925416006240994,
original,random,5157,optical,hash,0,14,14,True,3663.3493029416395,261.66780735297425,14276.746514708197,121,121,18,4,0.11131849998491816,
original,random,5157,phased,hash,0,14,14,True,4646.607709706137,331.9005506932955,17573.038548530687,178,172,14,0,0.023093625000910833,
original,random,5157,v2,hash,0,14,14,True,3841.5301387413183,274.3950099100942,14472.650693706591,146,147,14,0,0.28603749998728745,
original,random,5157,v3,hash,0,14,14,True,3536.3408349071988,252.59577392194277,13576.704174535995,126,121,14,0,0.10501320799812675,
original,random,5157,v3_origin20,hash,0,14,14,True,3778.3002833917662,269.8785916708404,14111.50141695883,148,146,14,0,0.13626129098702222,
original,random,5158,joint,hash,0,12,12,True,3208.770683690083,267.3975569741736,12063.853418450415,125,111,12,0,0.027730291010811925,
original,random,5158,optical,hash,0,12,12,True,2887.6192297738803,240.63493581449003,10783.096148869401,111,113,13,1,0.08868275000713766,
original,random,5158,phased,hash,0,12,12,True,4049.5999229896943,337.46666024914117,14917.999614948472,167,171,12,0,0.020915874978527427,
original,random,5158,v2,hash,0,12,12,True,2917.189596694236,243.099133057853,10445.94798347118,128,128,12,0,0.22540091699920595,
original,random,5158,v3,hash,0,12,12,True,2905.2189012122753,242.10157510102295,10711.094506061378,118,113,12,0,0.061959915998158976,
original,random,5158,v3_origin20,hash,0,12,12,True,3029.464431061793,252.45536925514944,10612.322155308966,141,142,12,0,0.09409929200774059,
original,random,5159,joint,hash,0,16,16,True,3963.1173170820916,247.69483231763073,15815.586585410458,124,100,16,0,0.030738290981389582,
original,random,5159,optical,hash,0,16,16,True,3726.7572838299398,232.92233023937123,14508.7864191497,122,126,19,3,0.1573273749963846,
original,random,5159,phased,hash,0,16,16,True,4778.2585580575005,298.6411598785938,18286.2927902875,174,171,16,0,0.031017917004646733,
original,random,5159,v2,hash,0,16,16,True,3648.7245919537645,228.04528699711028,14303.622959768822,118,118,16,0,0.2794223339878954,
original,random,5159,v3,hash,0,16,16,True,3743.371478569949,233.9607174106218,14376.857392849744,132,128,16,0,0.11997720898943953,
original,random,5159,v3_origin20,hash,0,16,16,True,3606.395835597163,225.3997397248227,14101.979177985815,118,116,16,0,0.11387283299700357,
original,random,5160,joint,hash,0,15,15,True,3397.8300762726635,226.52200508484424,12864.150381363317,128,110,15,0,0.03350249998038635,
original,random,5160,optical,hash,0,15,15,True,3010.2783505689954,200.68522337126635,11131.391752844977,116,120,18,3,0.1010881660040468,
original,random,5160,phased,hash,0,15,15,True,4182.069943145847,278.8046628763898,15540.349715729235,165,174,15,0,0.02717008301988244,
original,random,5160,v2,hash,0,15,15,True,3169.3568349683114,211.2904556645541,11281.784174841558,139,143,15,0,0.2922677080205176,
original,random,5160,v3,hash,0,15,15,True,3003.305365994078,200.22035773293854,11031.52682997039,120,122,15,0,0.09017616699566133,
original,random,5160,v3_origin20,hash,0,15,15,True,3251.617344331403,216.7744896220935,11273.086721657015,153,157,15,0,0.15196970797842368,
original,random,5161,joint,hash,0,12,12,True,3407.0721579153046,283.9226798262754,12785.360789576524,134,120,12,0,0.02968187499209307,
original,random,5161,optical,hash,0,12,12,True,3058.4582205140696,254.87151837617247,11017.291102570349,132,132,13,1,0.09819108399096876,
original,random,5161,phased,hash,0,12,12,True,3952.3321175118485,329.36100979265404,14461.660587559243,166,170,12,0,0.0231242080044467,
original,random,5161,v2,hash,0,12,12,True,3225.6136422264317,268.80113685220266,11638.068211132158,140,138,12,0,0.190133958007209,
original,random,5161,v3,hash,0,12,12,True,3071.1422173036144,255.92851810863453,11085.711086518071,133,129,12,0,0.073071249993518,
original,random,5161,v3_origin20,hash,0,12,12,True,3167.486598383189,263.95721653193243,11087.432991915946,148,150,12,0,0.10100383299868554,
original,random,5162,joint,hash,0,15,15,True,4169.23890516316,277.94926034421064,16151.1945258158,149,119,15,0,0.03039429199998267,
original,random,5162,optical,hash,0,15,15,True,3134.9101824520694,208.9940121634713,11884.550912260347,112,117,17,2,0.3589442500087898,
original,random,5162,phased,hash,0,15,15,True,4315.639694446521,287.7093129631014,16113.198472232609,169,173,15,0,0.019075917021837085,
original,random,5162,v2,hash,0,15,15,True,3315.8946839143155,221.0596455942877,11884.473419571577,144,144,15,0,0.2882896249939222,
original,random,5162,v3,hash,0,15,15,True,3142.726091387412,209.5150727591608,11888.63045693706,115,115,15,0,0.10376362499664538,
original,random,5162,v3_origin20,hash,0,15,15,True,3431.820757736022,228.78805051573482,12514.103788680111,142,144,15,0,0.15577216597739607,
original,random,5163,joint,hash,0,15,15,True,4371.8776355569025,291.4585090371268,17049.388177784513,152,127,15,0,0.03746645798673853,
original,random,5163,optical,hash,0,15,15,True,3711.01477034772,247.400984689848,14435.0738517386,123,125,18,3,0.16635179199511185,
original,random,5163,phased,hash,0,15,15,True,4859.6126025587855,323.974173503919,18633.063012793926,177,173,15,0,0.03395891599939205,
original,random,5163,v2,hash,0,15,15,True,3768.963754711477,251.26425031409846,14374.818773557385,137,134,15,0,0.6298050420009531,
original,random,5163,v3,hash,0,15,15,True,3709.8609461194637,247.3240630746309,14349.304730597318,128,125,15,0,0.21854512498248369,
original,random,5163,v3_origin20,hash,0,15,15,True,3747.8273996737394,249.8551599782493,14244.136998368696,138,134,15,0,0.16714166701422073,
original,random,5164,joint,hash,0,11,11,True,2954.0938966031927,268.55399060029026,10780.469483015964,125,118,11,0,0.020001833006972447,
original,random,5164,optical,hash,0,11,11,True,3014.9980049389214,274.09072772172016,11154.990024694607,120,120,14,3,0.1156797080184333,
original,random,5164,phased,hash,0,11,11,True,4013.994981352361,364.9086346683964,14819.974906761803,165,170,11,0,0.022296124981949106,
original,random,5164,v2,hash,0,11,11,True,2924.598969898275,265.8726336271159,10377.994849491375,132,134,11,0,0.19004695798503235,
original,random,5164,v3,hash,0,11,11,True,3015.454095866365,274.1321905333059,11152.270479331826,122,120,11,0,0.0713179579761345,
original,random,5164,v3_origin20,hash,0,11,11,True,2932.889958602128,266.6263598729207,10304.44979301064,136,137,11,0,0.12339729099767283,
original,random,5165,joint,hash,0,15,15,True,3580.130916221657,238.67539441477714,13615.654581108285,133,117,15,0,0.039251833979506046,
original,random,5165,optical,hash,0,15,15,True,3361.408541028598,224.09390273523985,13042.042705142989,112,118,15,0,0.11880091700004414,
original,random,5165,phased,hash,0,15,15,True,4562.4686796921205,304.16457864614136,17222.3433984606,174,173,15,0,0.036719499999890104,
original,random,5165,v2,hash,0,15,15,True,3361.871085344551,224.12473902297006,12924.355426722754,116,122,15,0,0.2765849590068683,
original,random,5165,v3,hash,0,15,15,True,3401.783851179048,226.78559007860318,13053.91925589524,119,121,15,0,0.09168058400973678,
original,random,5165,v3_origin20,hash,0,15,15,True,3350.2478835389684,223.3498589025979,12701.239417694842,122,125,15,0,0.13865904198610224,
original,random,5166,joint,hash,0,16,16,True,3808.044607820727,238.00278798879543,14895.223039103636,128,109,16,0,0.032361374993342906,
original,random,5166,optical,hash,0,16,16,True,3226.022065051492,201.62637906571825,12685.110325257461,99,105,19,3,0.11060616699978709,
original,random,5166,phased,hash,0,16,16,True,4235.072929187778,264.6920580742361,16510.364645938887,144,133,16,0,0.0318859999824781,
original,random,5166,v2,hash,0,16,16,True,3405.246957137754,212.82793482110964,13016.234785688772,120,122,16,0,0.3843219999980647,
original,random,5166,v3,hash,0,16,16,True,3250.2977763019526,203.14361101887204,12611.488881509762,108,108,16,0,0.09956866700667888,
original,random,5166,v3_origin20,hash,0,16,16,True,3366.1276216912843,210.38297635570527,13030.638108456422,113,115,16,0,0.13286250000237487,
original,random,5167,joint,hash,0,12,12,True,3571.016697059568,297.584724754964,13440.083485297839,140,123,12,0,0.023937791993375868,
original,random,5167,optical,hash,0,12,12,True,3328.334238422004,277.361186535167,12776.671192110021,118,123,12,0,0.12747620799927972,
original,random,5167,phased,hash,0,12,12,True,4133.0770206022635,344.4230850501886,15315.385103011316,168,170,12,0,0.020120125001994893,
original,random,5167,v2,hash,0,12,12,True,3139.6176366058835,261.6348030504903,11288.088183029417,137,137,12,0,0.22573629100224935,
original,random,5167,v3,hash,0,12,12,True,3269.4057643866986,272.45048036555824,12407.028821933493,122,118,12,0,0.09364400000777096,
original,random,5167,v3_origin20,hash,0,12,12,True,3157.837419935917,263.15311832799307,11289.187099679584,140,140,12,0,0.12800133400014602,
original,random,5168,joint,hash,0,12,12,True,3775.4938889701407,314.62449074751174,14367.469444850703,143,127,12,0,0.02724637498613447,
original,random,5168,optical,hash,0,12,12,True,3166.4883745961433,263.87403121634526,11907.441872980717,120,122,13,1,0.19876754100550897,
original,random,5168,phased,hash,0,12,12,True,4193.069552099956,349.4224626749963,15495.34776049978,173,169,12,0,0.028854499978478998,
original,random,5168,v2,hash,0,12,12,True,3407.02601497241,283.91883458103416,12545.13007486205,140,138,12,0,0.3091329580056481,
original,random,5168,v3,hash,0,12,12,True,3205.793120894275,267.1494267411896,11948.965604471376,126,126,12,0,0.10628645800170489,
original,random,5168,v3_origin20,hash,0,12,12,True,3360.913467345814,280.0761222788178,12374.56733672907,138,136,12,0,0.24383116699755192,
original,random,5169,joint,hash,0,12,12,True,3797.601130522747,316.4667608768956,14508.005652613736,143,121,12,0,0.0779748750210274,
original,random,5169,optical,hash,0,12,12,True,3342.514106091921,278.5428421743267,12437.570530459605,131,134,14,2,0.12476479102042504,
original,random,5169,phased,hash,0,12,12,True,4415.791275780508,367.98260631504235,16628.956378902538,172,170,12,0,0.014914958010194823,
original,random,5169,v2,hash,0,12,12,True,3332.2568529455943,277.6880710787995,12116.284264727972,142,139,12,0,0.23823620899929665,
original,random,5169,v3,hash,0,12,12,True,3355.2108456755627,279.6009038062969,12406.054228377814,136,134,12,0,0.10473729099612683,
original,random,5169,v3_origin20,hash,0,12,12,True,3363.09783624155,280.25815302012916,12190.48918120775,144,145,12,0,0.11741391700343229,
original,random,5170,joint,hash,0,12,12,True,3078.667841865149,256.5556534887624,10993.339209325744,138,130,12,0,0.023855208011809736,
original,random,5170,optical,hash,0,12,12,True,3058.9069956640683,254.90891630533903,11389.534978320342,119,123,13,1,0.11131024998030625,
original,random,5170,phased,hash,0,12,12,True,3940.390458326047,328.36587152717055,14451.952291630234,164,170,12,0,0.024503459018887952,
original,random,5170,v2,hash,0,12,12,True,3007.42390162006,250.61865846833834,10602.119508100299,138,137,12,0,0.25796987500507385,
original,random,5170,v3,hash,0,12,12,True,3049.810957862832,254.150913155236,11314.05478931416,121,122,12,0,0.07584433298325166,
original,random,5170,v3_origin20,hash,0,12,12,True,3089.9367728129987,257.4947310677499,10414.683864064993,157,162,12,0,0.14978450001217425,
original,random,5171,joint,hash,0,14,14,True,3427.4512751319544,244.81794822371103,12882.256375659772,132,121,14,0,0.025925958005245775,
original,random,5171,optical,hash,0,14,14,True,3160.407527322505,225.74339480875034,12277.037636612524,104,109,16,2,0.11067579200607724,
original,random,5171,phased,hash,0,14,14,True,4242.1858227496905,303.0132730535493,15800.929113748452,168,172,14,0,0.02059245898271911,
original,random,5171,v2,hash,0,14,14,True,3286.1354768117576,234.72396262941126,12100.677384058788,132,136,14,0,0.24507487498340197,
original,random,5171,v3,hash,0,14,14,True,3155.624642359466,225.4017601685333,12148.12321179733,109,111,14,0,0.09911404098966159,
original,random,5171,v3_origin20,hash,0,14,14,True,3227.9177595529554,230.56555425378252,11609.588797764776,139,141,14,0,0.10352500001317821,
original,random,5172,joint,hash,0,15,15,True,3207.98905883267,213.8659372555113,11859.94529416335,129,116,15,0,0.028857041004812345,
original,random,5172,optical,hash,0,15,15,True,3031.615021097305,202.10766807315366,11058.075105486525,122,129,17,2,0.09801958300522529,
original,random,5172,phased,hash,0,15,15,True,4205.8441986672005,280.38961324448,15584.220993336003,168,174,15,0,0.020527749991742894,
original,random,5172,v2,hash,0,15,15,True,2997.3985596768707,199.82657064512472,10356.992798384354,142,141,15,0,0.37331329099833965,
original,random,5172,v3,hash,0,15,15,True,3076.0819554464015,205.07213036309344,11080.409777232007,131,130,15,0,0.08683295900118537,
original,random,5172,v3_origin20,hash,0,15,15,True,2946.148891180939,196.40992607872926,10030.744455904694,144,145,15,0,0.12074570899130777,
original,random,5173,joint,hash,0,12,12,True,3207.466378377392,267.2888648647827,11572.33189188696,140,133,12,0,0.022401666996302083,
original,random,5173,optical,hash,0,12,12,True,3015.14373267908,251.26197772325668,11095.7186633954,120,127,15,3,0.08402033298625611,
original,random,5173,phased,hash,0,12,12,True,3910.2566607059043,325.854721725492,14296.283303529523,164,171,12,0,0.015250333002768457,
original,random,5173,v2,hash,0,12,12,True,3145.2248683046346,262.10207235871957,11416.124341523173,134,132,12,0,0.3848337499948684,
original,random,5173,v3,hash,0,12,12,True,2987.592382765076,248.96603189708966,11057.961913825378,119,121,12,0,0.1082892079721205,
original,random,5173,v3_origin20,hash,0,12,12,True,3033.738670965159,252.81155591376327,10888.693354825797,133,131,12,0,0.16603658298845403,
original,random,5174,joint,hash,0,12,12,True,3007.6212655876066,250.63510546563387,10663.106327938032,137,130,12,0,0.057393333001527935,
original,random,5174,optical,hash,0,12,12,True,2817.5574062450914,234.7964505204243,9982.787031225458,125,130,14,2,0.1104639160039369,
original,random,5174,phased,hash,0,12,12,True,3875.5931363814157,322.9660946984513,14177.965681907079,162,170,12,0,0.052612291008699685,
original,random,5174,v2,hash,0,12,12,True,2952.2010674983912,246.01675562486594,9971.005337491957,149,153,12,0,0.3066489589982666,
original,random,5174,v3,hash,0,12,12,True,2796.066171190617,233.00551426588473,9870.330855953085,126,132,12,0,0.1310349999985192,
original,random,5174,v3_origin20,hash,0,12,12,True,2874.6422448977846,239.55352040814873,9583.211224488923,149,153,12,0,0.10765491600614041,
original,random,5175,joint,hash,0,16,16,True,3936.0589192395064,246.00368245246915,15650.294596197531,125,101,16,0,0.03062495801714249,
original,random,5175,optical,hash,0,16,16,True,3474.6668873693043,217.16668046058152,13473.334436846522,114,118,20,4,0.1019463750126306,
original,random,5175,phased,hash,0,16,16,True,4303.010630295495,268.9381643934684,16550.053151477474,152,153,16,0,0.02205020800465718,
original,random,5175,v2,hash,0,16,16,True,3501.5571340979404,218.84732088112128,13407.785670489702,124,120,16,0,0.29459970898460597,
original,random,5175,v3,hash,0,16,16,True,3462.290478473075,216.39315490456718,13171.452392365374,125,123,16,0,0.09830124999280088,
original,random,5175,v3_origin20,hash,0,16,16,True,3361.1238061196814,210.0702378824801,12715.619030598407,123,123,16,0,0.11828333398443647,
original,random,5176,joint,hash,0,16,16,True,3658.424742599918,228.65154641249487,14067.12371299959,129,120,16,0,0.035563332989113405,
original,random,5176,optical,hash,0,16,16,True,3164.790648543486,197.79941553396787,12233.953242717429,104,112,18,2,0.11214987499988638,
original,random,5176,phased,hash,0,16,16,True,4405.390784077286,275.3369240048304,16431.953920386433,173,174,16,0,0.022305958002107218,
original,random,5176,v2,hash,0,16,16,True,3215.888476392478,200.99302977452987,11869.44238196239,127,127,16,0,0.23040008399402723,
original,random,5176,v3,hash,0,16,16,True,3196.7235662914686,199.7952228932168,12228.617831457343,112,111,16,0,0.09411141599412076,
original,random,5176,v3_origin20,hash,0,16,16,True,3247.0659127499584,202.9416195468724,11765.329563749792,136,134,16,0,0.10992691700812429,
original,random,5177,joint,hash,0,15,15,True,3931.30330094785,262.08688672985664,15321.51650473925,135,117,15,0,0.02530704200034961,
original,random,5177,optical,hash,0,15,15,True,3541.0398861746316,236.06932574497543,13925.19943087316,112,112,18,3,0.09995116697973572,
original,random,5177,phased,hash,0,15,15,True,4662.903345254295,310.860223016953,17729.51672627148,174,172,15,0,0.01885741698788479,
original,random,5177,v2,hash,0,15,15,True,3824.5503899656446,254.97002599770966,14227.751949828224,151,149,15,0,0.23338379201595671,
original,random,5177,v3,hash,0,15,15,True,3532.8431310991145,235.52287540660762,13829.215655495573,116,112,15,0,0.08389854099368677,
original,random,5177,v3_origin20,hash,0,15,15,True,3691.2741272000376,246.08494181333583,13496.370636000189,153,152,15,0,0.1012852499843575,
original,random,5178,joint,hash,0,13,13,True,3364.6976962156887,258.8228997088991,12673.488481078444,129,120,13,0,0.01864454199676402,
original,random,5178,optical,hash,0,13,13,True,3038.9841409772434,233.76801084440334,11614.920704886217,107,116,13,0,0.10070424998411909,
original,random,5178,phased,hash,0,13,13,True,3980.807126952669,306.215932842513,14619.035634763346,164,172,13,0,0.019021042011445388,
original,random,5178,v2,hash,0,13,13,True,3041.7060917938493,233.97739167644994,10978.530458969246,129,136,13,0,0.18640574999153614,
original,random,5178,v3,hash,0,13,13,True,3054.4860977782964,234.96046905986896,11617.430488891481,110,116,13,0,0.07608729199273512,
original,random,5178,v3_origin20,hash,0,13,13,True,2991.3936017235887,230.10720013258376,11016.968008617943,120,123,13,0,0.09056108398362994,
original,random,5179,joint,hash,0,14,14,True,3668.2640120438555,262.01885800313255,14056.320060219277,134,117,14,0,0.026105166994966567,
original,random,5179,optical,hash,0,14,14,True,2982.9521569147214,213.06801120819438,11324.760784573607,106,109,17,3,0.075157625018619,
original,random,5179,phased,hash,0,14,14,True,4081.0949736885304,291.50678383489503,15045.474868442652,166,172,14,0,0.020379749999847263,
original,random,5179,v2,hash,0,14,14,True,3131.0086731240867,223.64347665172048,10930.043365620433,146,145,14,0,0.2065043750044424,
original,random,5179,v3,hash,0,14,14,True,2987.0912595913637,213.36366139938312,11280.456297956818,111,106,14,0,0.06139458401594311,
original,random,5179,v3_origin20,hash,0,14,14,True,3100.0693731760484,221.43352665543202,10770.346865880241,146,146,14,0,0.08932691600057296,
original,random,5180,joint,hash,0,13,13,True,3292.8984570284338,253.2998813098795,12339.492285142169,129,115,13,0,0.02210024997475557,
original,random,5180,optical,hash,0,13,13,True,3170.4899862032316,243.88384509255627,11497.44993101616,132,140,15,2,0.10719179201987572,
original,random,5180,phased,hash,0,13,13,True,4129.688957154767,317.6683813195975,15293.444785773838,167,171,13,0,0.017328707996057346,
original,random,5180,v2,hash,0,13,13,True,3159.6662206138217,243.05124773952474,11373.33110306911,136,140,13,0,0.21929962502326816,
original,random,5180,v3,hash,0,13,13,True,3186.425321156224,245.10964008894032,11482.12660578112,137,140,13,0,0.08741491599357687,
original,random,5180,v3_origin20,hash,0,13,13,True,3148.829972644824,242.217690203448,11144.14986322412,143,140,13,0,0.0878390840080101,
original,random,5181,joint,hash,0,10,10,True,3621.950500657409,362.19505006574093,13664.752503287045,143,124,10,0,0.0223174580023624,
original,random,5181,optical,hash,0,10,10,True,3178.9792002343,317.89792002343,12024.8960011715,120,121,11,1,0.06427116700797342,
original,random,5181,phased,hash,0,10,10,True,4116.0971645310765,411.60971645310764,15360.485822655384,165,169,10,0,0.012857125024311244,
original,random,5181,v2,hash,0,10,10,True,3267.616323115731,326.7616323115731,11938.081615578656,139,135,10,0,0.15723979199538007,
original,random,5181,v3,hash,0,10,10,True,3202.7228741884965,320.27228741884966,12018.614370942481,125,124,10,0,0.05445975001202896,
original,random,5181,v3_origin20,hash,0,10,10,True,3265.185278593846,326.51852785938456,11975.92639296923,137,135,10,0,0.06356316700112075,
original,random,5182,joint,hash,0,10,10,True,2974.8551270545954,297.48551270545954,10574.275635272978,137,125,10,0,0.015508291020523757,
original,random,5182,optical,hash,0,10,10,True,2692.0435633876937,269.20435633876934,9570.217816938468,120,125,11,1,0.0677687079878524,
original,random,5182,phased,hash,0,10,10,True,3822.9768108043268,382.29768108043265,13974.884054021633,162,168,10,0,0.012870334001490846,
original,random,5182,v2,hash,0,10,10,True,2817.2666154251865,281.7266615425186,9176.333077125932,155,157,10,0,0.12270333300693892,
original,random,5182,v3,hash,0,10,10,True,2678.0886532521495,267.8088653252149,9460.443266260747,123,121,10,0,0.05221362499287352,
original,random,5182,v3_origin20,hash,0,10,10,True,2775.858571335662,277.5858571335662,9059.29285667831,152,154,10,0,0.06761066699982621,
original,random,5183,joint,hash,0,14,14,True,3060.433695003377,218.6024067859555,11492.168475016886,116,112,14,0,0.024190124997403473,
original,random,5183,optical,hash,0,14,14,True,3140.622830031921,224.3302021451372,11773.114150159605,119,121,14,0,0.08996762501192279,
original,random,5183,phased,hash,0,14,14,True,4333.093448325979,309.50667488042706,16375.467241629893,163,173,14,0,0.01778274998650886,
original,random,5183,v2,hash,0,14,14,True,3155.7758874578653,225.41256338984752,11228.879437289326,140,140,14,0,0.23264929201104678,
original,random,5183,v3,hash,0,14,14,True,3154.368004704817,225.31200033605836,11741.840023524084,123,121,14,0,0.0796711670118384,
original,random,5183,v3_origin20,hash,0,14,14,True,3118.168071723599,222.72629083739994,11160.840358617996,136,136,14,0,0.0929148750146851,
original,random,5184,joint,hash,0,16,16,True,3427.0825290408857,214.19265806505535,13220.412645204427,120,103,16,0,0.029111916985129938,
original,random,5184,optical,hash,0,16,16,True,3340.1341401385016,208.75838375865635,13195.670700692508,103,106,16,0,0.10473616598756053,
original,random,5184,phased,hash,0,16,16,True,4248.185657203923,265.5116035752452,16295.928286019614,151,154,16,0,0.019741666998015717,
original,random,5184,v2,hash,0,16,16,True,3366.8590808749586,210.42869255468491,12419.295404374794,134,133,16,0,0.24392549999174662,
original,random,5184,v3,hash,0,16,16,True,3359.691046605099,209.9806904128187,13193.455233025496,107,106,16,0,0.08792745802202262,
original,random,5184,v3_origin20,hash,0,16,16,True,3264.522803525745,204.03267522035907,12277.614017628726,121,124,16,0,0.10487700000521727,
original,random,5185,joint,hash,0,11,11,True,3741.7915172696194,340.16286520632906,14543.957586348097,133,113,11,0,0.01661066702217795,
original,random,5185,optical,hash,0,11,11,True,2997.6879385031825,272.5170853184711,11043.439692515913,121,123,13,2,0.0733364170009736,
original,random,5185,phased,hash,0,11,11,True,4117.587003204018,374.3260912003653,15367.935016020094,164,169,11,0,0.014695582998683676,
original,random,5185,v2,hash,0,11,11,True,3153.8300793168673,286.7118253924425,11229.150396584337,142,143,11,0,0.17117104199132882,
original,random,5185,v3,hash,0,11,11,True,3005.3850442680405,273.2168222061855,11011.925221340201,125,123,11,0,0.06268020899733528,
original,random,5185,v3_origin20,hash,0,11,11,True,3019.9385994935437,274.53987268123126,10999.692997467719,127,130,11,0,0.06404083399684168,
original,random,5186,joint,hash,0,16,16,True,4000.4678116531995,250.02923822832497,15427.339058265998,143,120,16,0,0.029419958998914808,
original,random,5186,optical,hash,0,16,16,True,3403.3668808159323,212.71043005099577,12981.834404079662,120,127,16,0,0.09619716601446271,
original,random,5186,phased,hash,0,16,16,True,4587.493507381126,286.71834421132036,17537.467536905628,169,155,16,0,0.022517040983075276,
original,random,5186,v2,hash,0,16,16,True,3697.715404862306,231.10721280389413,13678.577024311531,147,147,16,0,0.26396270899567753,
original,random,5186,v3,hash,0,16,16,True,3435.161340827354,214.6975838017096,12935.806704136769,128,128,16,0,0.08820562498294748,
original,random,5186,v3_origin20,hash,0,16,16,True,3625.2404794641784,226.57752996651115,13376.202397320892,145,145,16,0,0.09552145900670439,
original,random,5187,joint,hash,0,14,14,True,3109.5091622540112,222.10779730385795,11427.545811270056,128,114,14,0,0.023142208985518664,
original,random,5187,optical,hash,0,14,14,True,2816.5081919210243,201.17915656578745,10222.540959605121,115,118,17,3,0.08497687499038875,
original,random,5187,phased,hash,0,14,14,True,4116.224037709772,294.01600269355515,15096.12018854886,171,172,14,0,0.02024645800702274,
original,random,5187,v2,hash,0,14,14,True,2931.101845116803,209.36441750834305,10255.509225584014,135,135,14,0,0.138030499976594,
original,random,5187,v3,hash,0,14,14,True,2787.765363241339,199.12609737438135,10088.826816206694,117,115,14,0,0.05823283299105242,
original,random,5187,v3_origin20,hash,0,14,14,True,2916.6030378524006,208.3287884180286,9963.015189262003,142,144,14,0,0.079863958992064,
original,random,5188,joint,hash,0,14,14,True,3332.5661348199565,238.04043820142547,12902.830674099781,116,102,14,0,0.022313416004180908,
original,random,5188,optical,hash,0,14,14,True,2868.7507825316843,204.9107701808346,10313.753912658422,121,128,15,1,0.07193895897944458,
original,random,5188,phased,hash,0,14,14,True,4009.0445755525166,286.36032682517975,14660.222877762582,167,172,14,0,0.01676537498133257,
original,random,5188,v2,hash,0,14,14,True,2748.3776509086756,196.31268935061968,9451.888254543377,131,133,14,0,0.16191233400604688,
original,random,5188,v3,hash,0,14,14,True,2879.6417354384785,205.68869538846275,10233.208677192391,127,128,14,0,0.060452291974797845,
original,random,5188,v3_origin20,hash,0,14,14,True,2714.4831201426523,193.89165143876087,9302.415600713262,130,134,14,0,0.07818554199184291,
original,random,5189,joint,hash,0,10,10,True,3097.182598551374,309.71825985513743,11010.91299275687,143,130,10,0,0.013746125012403354,
original,random,5189,optical,hash,0,10,10,True,2747.9027227824618,274.79027227824616,9674.51361391231,126,127,12,2,0.050330250000115484,
original,random,5189,phased,hash,0,10,10,True,3773.5750855271554,377.35750855271556,13607.875427635776,167,167,10,0,0.012227832979988307,
original,random,5189,v2,hash,0,10,10,True,2702.848384557983,270.2848384557983,8989.241922789915,143,140,10,0,0.11890816598315723,
original,random,5189,v3,hash,0,10,10,True,2756.5016429283824,275.6501642928382,9642.508214641912,130,128,10,0,0.042638290993636474,
original,random,5189,v3_origin20,hash,0,10,10,True,2687.371147470181,268.7371147470181,8831.855737350905,146,141,10,0,0.055659125006059185,
original,random,5190,joint,hash,0,13,13,True,3550.3446086192353,273.10343143224884,13286.723043096175,141,123,13,0,0.018844208010705188,
original,random,5190,optical,hash,0,13,13,True,3167.1907352790613,243.6300565599278,11890.953676395306,120,121,14,1,0.06636820800486021,
original,random,5190,phased,hash,0,13,13,True,4269.257153515427,328.4043964242636,15916.285767577132,170,171,13,0,0.015310374990804121,
original,random,5190,v2,hash,0,13,13,True,3265.1345473144893,251.1641959472684,11555.672736572446,148,149,13,0,0.17648449999978766,
original,random,5190,v3,hash,0,13,13,True,3113.5324102918626,239.50249309937405,11447.662051459312,127,124,13,0,0.05536958301672712,
original,random,5190,v3_origin20,hash,0,13,13,True,3200.280168702565,246.175397592505,11376.400843512825,143,145,13,0,0.07880033299443312,
original,random,5191,joint,hash,0,15,15,True,3606.687017475421,240.44580116502806,13833.435087377104,130,115,15,0,0.02441558300051838,
original,random,5191,optical,hash,0,15,15,True,3090.6351524541556,206.04234349694372,11698.175762270777,111,115,17,2,0.10929262501304038,
original,random,5191,phased,hash,0,15,15,True,4403.0908893224605,293.53939262149737,16550.454446612304,169,173,15,0,0.022925416997168213,
original,random,5191,v2,hash,0,15,15,True,3299.485168346152,219.96567788974346,12547.42584173076,119,120,15,0,0.21514166699489579,
original,random,5191,v3,hash,0,15,15,True,3086.160826378285,205.74405509188566,11610.804131891426,115,114,15,0,0.08748199997353368,
original,random,5191,v3_origin20,hash,0,15,15,True,3174.946569900136,211.66310466000908,11899.73284950068,120,120,15,0,0.10462600001483224,
original,random,5192,joint,hash,0,16,16,True,4101.719497930804,256.35746862067526,16328.597489654021,129,111,16,0,0.022837249998701736,
original,random,5192,optical,hash,0,16,16,True,3581.658365657754,223.85364785360963,14133.29182828877,113,110,16,0,0.08709420898230746,
original,random,5192,phased,hash,0,16,16,True,4532.171067769597,283.26069173559983,17185.855338847985,169,170,16,0,0.022171208984218538,
original,random,5192,v2,hash,0,16,16,True,3436.9570975197976,214.80981859498735,12894.785487598989,129,133,16,0,0.21731558299507014,
original,random,5192,v3,hash,0,16,16,True,3602.0189911319503,225.1261869457469,14085.094955659752,119,110,16,0,0.07754924998153001,
original,random,5192,v3_origin20,hash,0,16,16,True,3466.2421479210902,216.64013424506814,12891.21073960545,134,138,16,0,0.10883212499902584,
original,random,5193,joint,hash,0,13,13,True,3969.6214323462145,305.3554947958627,15368.107161731072,142,121,13,0,0.018534709000959992,
original,random,5193,optical,hash,0,13,13,True,3495.6672298925064,268.89747922250046,13378.336149462531,124,129,15,2,0.07738625002093613,
original,random,5193,phased,hash,0,13,13,True,4440.792442818249,341.5994186783268,16678.962214091243,174,170,13,0,0.018648833996849135,
original,random,5193,v2,hash,0,13,13,True,3688.7381880443245,283.74909138802496,14038.690940221622,137,131,13,0,0.16017970797838643,
original,random,5193,v3,hash,0,13,13,True,3505.0668630380997,269.62052792600764,13330.334315190497,129,129,13,0,0.06404895900050178,
original,random,5193,v3_origin20,hash,0,13,13,True,3627.322589917696,279.0248146090535,13781.61294958848,135,131,13,0,0.07797037498676218,
original,random,5194,joint,hash,0,16,16,True,3777.926679140093,236.1204174462558,15339.633395700464,107,95,16,0,0.021549750003032386,
original,random,5194,optical,hash,0,16,16,True,3299.0806736246714,206.19254210154196,12840.403368123356,105,114,20,4,0.11604650001390837,
original,random,5194,phased,hash,0,16,16,True,3912.240132721471,244.51500829509195,15201.200663607357,132,132,16,0,0.02199312500306405,
original,random,5194,v2,hash,0,16,16,True,3413.1107232800614,213.31942020500384,12940.553616400308,123,130,16,0,0.28767020799568854,
original,random,5194,v3,hash,0,16,16,True,3313.5674980006065,207.0979686250379,12767.837490003032,113,115,16,0,0.08337837498402223,
original,random,5194,v3_origin20,hash,0,16,16,True,3494.674829936695,218.41717687104344,12388.374149683475,155,162,16,0,0.1117047910229303,
original,random,5195,joint,hash,0,14,14,True,3737.654564932055,266.97532606657535,14118.272824660276,145,119,14,0,0.04085045901592821,
original,random,5195,optical,hash,0,14,14,True,3428.374917959004,244.88392271135743,13251.874589795021,117,120,15,1,0.1442120830179192,
original,random,5195,phased,hash,0,14,14,True,4409.82074491992,314.9871960657086,16584.103724599598,170,173,14,0,0.024768083996605128,
original,random,5195,v2,hash,0,14,14,True,3449.087891970542,246.3634208550387,12280.43945985271,154,153,14,0,0.22818895798991434,
original,random,5195,v3,hash,0,14,14,True,3444.8644921269124,246.0617494376366,13224.322460634561,122,120,14,0,0.08068720798473805,
original,random,5195,v3_origin20,hash,0,14,14,True,3396.5649006043573,242.61177861459694,12132.824503021786,150,150,14,0,0.13340845800121315,
original,random,5196,joint,hash,0,10,10,True,3327.5851197523334,332.7585119752333,12257.925598761667,140,126,10,0,0.016381374996853992,
original,random,5196,optical,hash,0,10,10,True,2992.832597865601,299.2832597865601,10964.162989328006,125,122,11,1,0.06193691698717885,
original,random,5196,phased,hash,0,10,10,True,4117.222312255991,411.7222312255991,15371.111561279955,165,168,10,0,0.016043624986195937,
original,random,5196,v2,hash,0,10,10,True,3095.727083816856,309.57270838168563,11088.63541908428,138,138,10,0,0.19397304201265797,
original,random,5196,v3,hash,0,10,10,True,3008.981707969115,300.89817079691153,10959.908539845575,129,122,10,0,0.05510558301466517,
original,random,5196,v3_origin20,hash,0,10,10,True,3104.9726678685847,310.49726678685846,11044.863339342925,141,141,10,0,0.07776091701816767,
original,random,5197,joint,hash,0,11,11,True,3450.153993788464,313.65036307167856,12775.76996894232,143,125,11,0,0.027113583986647427,
original,random,5197,optical,hash,0,11,11,True,3050.8534956084773,277.35031778258883,11109.267478042386,128,128,13,2,0.07689104200107977,
original,random,5197,phased,hash,0,11,11,True,4186.77810329413,380.61619120855727,15433.89051647065,175,170,11,0,0.01880558399716392,
original,random,5197,v2,hash,0,11,11,True,3118.729358658419,283.520850787129,10898.646793292095,148,144,11,0,0.16928379199816845,
original,random,5197,v3,hash,0,11,11,True,3042.6395977851284,276.603599798648,11023.197988925642,131,128,11,0,0.056566957995528355,
original,random,5197,v3_origin20,hash,0,11,11,True,3065.8855505760343,278.7168682341849,10579.427752880172,149,150,11,0,0.09006370799033903,
original,random,5198,joint,hash,0,15,15,True,3630.3422523525505,242.02281682350338,13691.711261762754,140,117,15,0,0.02062020800076425,
original,random,5198,optical,hash,0,15,15,True,3096.860369566483,206.45735797109884,11484.301847832414,119,121,18,3,0.09891087500727735,
original,random,5198,phased,hash,0,15,15,True,4346.534011512203,289.7689341008135,16217.670057561012,171,173,15,0,0.021398625016445294,
original,random,5198,v2,hash,0,15,15,True,3310.3889482596683,220.69259655064454,12406.94474129834,126,124,15,0,0.24744162501883693,
original,random,5198,v3,hash,0,15,15,True,3197.3126385010437,213.1541759000696,12006.563192505218,120,121,15,0,0.09435233299154788,
original,random,5198,v3_origin20,hash,0,15,15,True,3098.681860900006,206.57879072666708,11178.40930450003,132,128,15,0,0.10611608400358818,
original,random,5199,joint,hash,0,16,16,True,3537.114174787793,221.06963592423708,13560.570873938967,127,110,16,0,0.041969832993345335,
original,random,5199,optical,hash,0,16,16,True,3225.6036504032536,201.60022815020335,12738.018252016269,99,103,16,0,0.08518987498246133,
original,random,5199,phased,hash,0,16,16,True,4190.497396408381,261.9060872755238,15517.486982041906,167,172,16,0,0.021359459002269432,
original,random,5199,v2,hash,0,16,16,True,3262.6727154011182,203.9170447125699,12188.363577005592,124,125,16,0,0.2653312500042375,
original,random,5199,v3,hash,0,16,16,True,3254.580993031997,203.4113120644998,12762.904965159985,104,102,16,0,0.0696182909887284,
original,random,5199,v3_origin20,hash,0,16,16,True,3151.1406830805363,196.94629269253352,11790.703415402682,119,118,16,0,0.09876379100023769,
original,random,5200,joint,hash,0,11,11,True,3363.6986320167753,305.79078472879775,12528.493160083875,137,118,11,0,0.020387458003824577,
original,random,5200,optical,hash,0,11,11,True,2984.1644225244536,271.28767477495035,11160.822112622267,115,119,12,1,0.07843854199745692,
original,random,5200,phased,hash,0,11,11,True,4243.030513538857,385.73004668535066,15845.152567694286,170,169,11,0,0.018774875003146008,
original,random,5200,v2,hash,0,11,11,True,3206.7300974096956,291.52091794633594,11633.650487048479,138,135,11,0,0.19213441698229872,
original,random,5200,v3,hash,0,11,11,True,3000.9955977361774,272.81778161237975,11084.977988680886,122,119,11,0,0.06449950000387616,
original,random,5200,v3_origin20,hash,0,11,11,True,3275.7325521758016,297.79386837961835,11818.662760879008,143,142,11,0,0.08947450001141988,
original,random,5201,joint,hash,0,11,11,True,3141.2357373944806,285.56688521768007,11606.178686972402,129,120,11,0,0.02582691700081341,
original,random,5201,optical,hash,0,11,11,True,3094.6183746196357,281.3289431472396,11718.09187309818,115,115,13,2,0.06277245900128037,
original,random,5201,phased,hash,0,11,11,True,4052.240496599604,368.3854996908731,14941.20248299802,168,169,11,0,0.018254833994433284,
original,random,5201,v2,hash,0,11,11,True,2940.6624579800164,267.33295072545604,10738.312289900081,123,123,11,0,0.1516036659886595,
original,random,5201,v3,hash,0,11,11,True,3098.822462974232,281.71113299765744,11719.112314871161,117,115,11,0,0.04993058301624842,
original,random,5201,v3_origin20,hash,0,11,11,True,2944.6331381970876,267.6939216542807,10683.165690985437,126,123,11,0,0.07456570799695328,
original,random,5202,joint,hash,0,10,10,True,3111.9668889476516,311.19668889476515,11349.834444738259,134,122,10,0,0.018665916984900832,
original,random,5202,optical,hash,0,10,10,True,2750.241247670846,275.0241247670846,10141.206238354229,112,112,10,0,0.0615886669838801,
original,random,5202,phased,hash,0,10,10,True,3761.215192923691,376.1215192923691,13591.075964618456,165,168,10,0,0.013464750023558736,
original,random,5202,v2,hash,0,10,10,True,2918.2348907881087,291.8234890788109,10391.174453940543,132,130,10,0,0.14847883299808018,
original,random,5202,v3,hash,0,10,10,True,2760.2029778785954,276.02029778785953,10141.014889392976,114,112,10,0,0.05168291597510688,
original,random,5202,v3_origin20,hash,0,10,10,True,2907.441998764868,290.7441998764868,10242.20999382434,135,134,10,0,0.0639110000047367,
original,random,5203,joint,hash,0,16,16,True,3802.995734534949,237.6872334084343,15254.978672674744,115,97,16,0,0.028693291998934,
original,random,5203,optical,hash,0,16,16,True,3338.297846707967,208.64361541924794,12761.489233539834,115,122,19,3,0.1367192080069799,
original,random,5203,phased,hash,0,16,16,True,3896.2187377218243,243.51367110761402,15116.09368860912,132,133,16,0,0.02615358302136883,
original,random,5203,v2,hash,0,16,16,True,3459.880532087081,216.24253325544257,13474.402660435406,114,115,16,0,0.25033325000549667,
original,random,5203,v3,hash,0,16,16,True,3340.4630237194715,208.77893898246697,12662.315118597357,121,123,16,0,0.10898866600473411,
original,random,5203,v3_origin20,hash,0,16,16,True,3378.6715114770354,211.16696946731471,12898.357557385178,119,124,16,0,0.09259562499937601,
original,random,5204,joint,hash,0,14,14,True,3616.7372695858066,258.3383763989862,13893.686347929033,131,113,14,0,0.02286929200636223,
original,random,5204,optical,hash,0,14,14,True,3357.5166486768944,239.8226177626353,12632.583243384472,126,125,16,2,0.10921329201664776,
original,random,5204,phased,hash,0,14,14,True,4039.459238662165,288.5328027615832,14737.296193310824,170,172,14,0,0.017650124995270744,
original,random,5204,v2,hash,0,14,14,True,3314.9511752146454,236.7822268010461,12224.755876073228,133,135,14,0,0.20094558299751952,
original,random,5204,v3,hash,0,14,14,True,3370.0602650364276,240.71859035974484,12625.301325182138,130,125,14,0,0.07817279099253938,
original,random,5204,v3_origin20,hash,0,14,14,True,3001.3374048904197,214.38124320645855,10796.6870244521,129,127,14,0,0.081881499994779,
original,random,5205,joint,hash,0,16,16,True,3178.6035626376456,198.66272266485285,11763.017813188228,126,116,16,0,0.03401016700081527,
original,random,5205,optical,hash,0,16,16,True,3124.466464588819,195.27915403680117,11852.332322944094,111,116,17,1,0.09816512497491203,
original,random,5205,phased,hash,0,16,16,True,4094.0716355211775,255.8794772200736,15500.358177605887,152,154,16,0,0.022869457985507324,
original,random,5205,v2,hash,0,16,16,True,2964.7672301779376,185.2979518861211,10838.836150889687,119,122,16,0,0.24933325001620688,
original,random,5205,v3,hash,0,16,16,True,3191.2952086349287,199.45595053968304,11941.476043174644,121,118,16,0,0.08598762500332668,
original,random,5205,v3_origin20,hash,0,16,16,True,3176.9367816873587,198.55854885545992,11854.683908436793,121,121,16,0,0.1012774579867255,
original,random,5206,joint,hash,0,15,15,True,3865.061499913127,257.67076666087513,15360.307499565635,123,103,15,0,0.02075545900152065,
original,random,5206,optical,hash,0,15,15,True,3484.7060242895705,232.31373495263804,13218.530121447851,126,136,15,0,0.12007558299228549,
original,random,5206,phased,hash,0,15,15,True,4335.802309263036,289.0534872842024,16214.01154631518,169,173,15,0,0.022499792015878484,
original,random,5206,v2,hash,0,15,15,True,3521.235671504751,234.7490447669834,13571.178357523755,122,122,15,0,0.24905891699017957,
original,random,5206,v3,hash,0,15,15,True,3496.8550666467754,233.12367110978502,13204.275333233876,129,136,15,0,0.08778979198541492,
original,random,5206,v3_origin20,hash,0,15,15,True,3408.7960483003835,227.25306988669223,13008.980241501917,122,122,15,0,0.08817224999074824,
original,random,5207,joint,hash,0,16,16,True,3603.6284788078333,225.22677992548958,14003.142394039167,122,113,16,0,0.025899792002746835,
original,random,5207,optical,hash,0,16,16,True,3182.940129193802,198.93375807461263,12124.700645969011,111,120,17,1,0.10151474998565391,
original,random,5207,phased,hash,0,16,16,True,3956.4677121911973,247.27923201194983,15442.338560955986,131,133,16,0,0.01949108298867941,
original,random,5207,v2,hash,0,16,16,True,3466.685436705193,216.66783979407455,12358.427183525964,152,155,16,0,0.32572849999996834,
original,random,5207,v3,hash,0,16,16,True,3188.41668710284,199.2760429439275,12017.083435514201,117,120,16,0,0.08619012500275858,
original,random,5207,v3_origin20,hash,0,16,16,True,3272.5314299328516,204.53321437080322,11847.657149664257,137,138,16,0,0.11374616701505147,
original,random,5208,joint,hash,0,15,15,True,3500.6747407251664,233.37831604834443,12858.373703625832,143,139,15,0,0.025371916010044515,
original,random,5208,optical,hash,0,15,15,True,2968.597245180041,197.90648301200275,11267.986225900206,104,108,19,4,0.09529075000318699,
original,random,5208,phased,hash,0,15,15,True,4046.9528860423206,269.79685906948805,14844.764430211604,166,173,15,0,0.016037374996813014,
original,random,5208,v2,hash,0,15,15,True,3330.162875656747,222.01085837711648,12020.814378283736,142,141,15,0,0.18671733399969526,
original,random,5208,v3,hash,0,15,15,True,2932.583080627056,195.5055387084704,11037.915403135281,109,105,15,0,0.07210970800952055,
original,random,5208,v3_origin20,hash,0,15,15,True,3263.357643803583,217.5571762535722,12226.788219017915,123,128,15,0,0.09735058300429955,
original,random,5209,joint,hash,0,11,11,True,3494.792605812606,317.7084187102369,13058.96302906303,142,118,11,0,0.0161261250032112,
original,random,5209,optical,hash,0,11,11,True,3224.25427751055,293.1140252282318,12261.27138755275,118,121,13,2,0.07570091699017212,
original,random,5209,phased,hash,0,11,11,True,4076.9548548944745,370.6322595358613,14889.774274472373,175,169,11,0,0.01337991701439023,
original,random,5209,v2,hash,0,11,11,True,3243.901314619088,294.9001195108262,11574.506573095441,146,144,11,0,0.11877716600429267,
original,random,5209,v3,hash,0,11,11,True,3232.9385160321835,293.90350145747124,12184.692580160918,124,121,11,0,0.06092650000937283,
original,random,5209,v3_origin20,hash,0,11,11,True,3214.4362757716967,292.2214796156088,11177.181378858484,155,149,11,0,0.061588166980072856,
original,random,5210,joint,hash,0,15,15,True,3393.677226641093,226.24514844273955,13023.386133205466,120,114,15,0,0.024775249999947846,
original,random,5210,optical,hash,0,15,15,True,3295.6668925017493,219.7111261667833,12693.334462508747,112,119,16,1,0.09258175001014024,
original,random,5210,phased,hash,0,15,15,True,4415.505688938501,294.3670459292334,16632.528444692507,168,174,15,0,0.02087075001327321,
original,random,5210,v2,hash,0,15,15,True,3344.376811106208,222.95845407374722,12646.88405553104,123,125,15,0,0.2199913749936968,
original,random,5210,v3,hash,0,15,15,True,3288.5864940851757,219.23909960567838,12262.932470425878,126,131,15,0,0.08406524997553788,
original,random,5210,v3_origin20,hash,0,15,15,True,3247.333966602982,216.48893110686546,12246.66983301491,120,123,15,0,0.07260566702461801,
original,random,5211,joint,hash,0,16,16,True,3577.2062666330635,223.57539166456647,14556.031333165318,103,71,16,0,0.033025499986251816,
original,random,5211,optical,hash,0,16,16,True,3137.125526263257,196.07034539145357,12125.627631316285,104,109,17,1,0.09273462498094887,
original,random,5211,phased,hash,0,16,16,True,3940.814048563291,246.3008780352057,14834.070242816455,148,154,16,0,0.02126866698381491,
original,random,5211,v2,hash,0,16,16,True,3000.6615862367926,187.54134913979954,11098.307931183963,116,121,16,0,0.2804732090153266,
original,random,5211,v3,hash,0,16,16,True,3079.3689092248765,192.46055682655478,11871.844546124383,104,105,16,0,0.08780429098987952,
original,random,5211,v3_origin20,hash,0,16,16,True,2923.949733443296,182.746858340206,11044.74866721648,105,110,16,0,0.08845587499672547,
original,random,5212,joint,hash,0,15,15,True,3777.166886255845,251.81112575038966,14390.834431279225,141,119,15,0,0.020804708008654416,
original,random,5212,optical,hash,0,15,15,True,3660.2266991202914,244.0151132746861,14371.133495601456,117,123,16,1,0.08361500001046807,
original,random,5212,phased,hash,0,15,15,True,4592.917003681467,306.19446691209777,17374.58501840733,174,173,15,0,0.021110375004354864,
original,random,5212,v2,hash,0,15,15,True,3465.74915472641,231.04994364842733,12873.745773632048,136,136,15,0,0.18379591600387357,
original,random,5212,v3,hash,0,15,15,True,3651.9515168390158,243.4634344559344,14249.757584195078,121,122,15,0,0.07545829197624698,
original,random,5212,v3_origin20,hash,0,15,15,True,3323.2022583000216,221.54681722000143,12266.011291500108,132,135,15,0,0.08655445900512859,
original,random,5213,joint,hash,0,13,13,True,3417.5463341040654,262.8881795464666,12632.731670520327,140,126,13,0,0.019045041990466416,
original,random,5213,optical,hash,0,13,13,True,2836.6527802513233,218.20406001933256,10423.263901256616,114,117,13,0,0.07333241601008922,
original,random,5213,phased,hash,0,13,13,True,4163.673433660508,320.28257182003904,15438.36716830254,168,171,13,0,0.016408499999670312,
original,random,5213,v2,hash,0,13,13,True,2991.1503356456706,230.08848735735927,10620.751678228353,133,137,13,0,0.17441608299850486,
original,random,5213,v3,hash,0,13,13,True,2857.8982898098407,219.83832998537235,10289.491449049203,123,120,13,0,0.06486966699594632,
original,random,5213,v3_origin20,hash,0,13,13,True,3017.8025321682567,232.13865632063514,10574.012660841283,139,143,13,0,0.08049720799317583,
original,random,5214,joint,hash,0,13,13,True,3083.2151153024924,237.1703934848071,11486.075576512463,121,116,13,0,0.02234462500200607,
original,random,5214,optical,hash,0,13,13,True,3050.618835313909,234.66298733183916,11338.094176569546,118,128,13,0,0.06890195800224319,
original,random,5214,phased,hash,0,13,13,True,4080.752888016251,313.9040683089424,15143.764440081255,163,172,13,0,0.016937833017436787,
original,random,5214,v2,hash,0,13,13,True,3059.6514732093387,235.3578056314876,10653.257366046693,144,144,13,0,0.18547008399036713,
original,random,5214,v3,hash,0,13,13,True,3073.1696180559825,236.39766292738327,11335.848090279913,123,126,13,0,0.05491750000510365,
original,random,5214,v3_origin20,hash,0,13,13,True,3035.6132853825166,233.50871426019359,10338.066426912583,150,153,13,0,0.09127108301618136,
original,random,5215,joint,hash,0,15,15,True,3595.814716554701,239.72098110364675,13774.073582773506,129,121,15,0,0.022685042000375688,
original,random,5215,optical,hash,0,15,15,True,3504.128025589256,233.60853503928374,13290.64012794628,126,132,18,3,0.10807158297393471,
original,random,5215,phased,hash,0,15,15,True,4455.527160539701,297.03514403598007,16812.635802698504,169,173,15,0,0.019156457972712815,
original,random,5215,v2,hash,0,15,15,True,3389.12459726317,225.94163981754465,12655.62298631585,130,133,15,0,0.21219349998864345,
original,random,5215,v3,hash,0,15,15,True,3497.5877812066706,233.17251874711138,13237.938906033352,129,130,15,0,0.08463308302452788,
original,random,5215,v3_origin20,hash,0,15,15,True,3387.9095461910592,225.86063641273728,12644.547730955297,130,134,15,0,0.08382808399619535,
original,random,5216,joint,hash,0,11,11,True,3107.533926712215,282.503084246565,11082.669633561074,142,126,11,0,0.015411000000312924,
original,random,5216,optical,hash,0,11,11,True,2877.3231845126456,261.57483495569505,10511.61592256323,119,122,12,1,0.0650521669886075,
original,random,5216,phased,hash,0,11,11,True,3630.4609309363263,330.0419028123933,12887.304654681631,166,168,11,0,0.013467749988194555,
original,random,5216,v2,hash,0,11,11,True,2895.3732551256485,263.21575046596803,10146.866275628243,135,136,11,0,0.1423192500078585,
original,random,5216,v3,hash,0,11,11,True,2874.923188241609,261.3566534765099,10414.615941208043,123,122,11,0,0.05706170800840482,
original,random,5216,v3_origin20,hash,0,11,11,True,2871.972464340735,261.0884058491577,10059.862321703675,134,135,11,0,0.07103862499934621,
original,random,5217,joint,hash,0,14,14,True,3670.321973227304,262.16585523052174,14256.609866136521,128,109,14,0,0.02153045797604136,
original,random,5217,optical,hash,0,14,14,True,3327.509217736502,237.67922983832156,12757.54608868251,116,123,15,1,0.09413129201857373,
original,random,5217,phased,hash,0,14,14,True,4501.711879708828,321.5508485506306,17148.559398544137,166,172,14,0,0.01605887498590164,
original,random,5217,v2,hash,0,14,14,True,3410.7699368497642,243.62642406069745,12668.849684248822,134,137,14,0,0.1931771670060698,
original,random,5217,v3,hash,0,14,14,True,3344.764825219837,238.91177322998834,12718.824126099184,122,121,14,0,0.07424254197394475,
original,random,5217,v3_origin20,hash,0,14,14,True,3388.5503630913818,242.03931164938442,12532.75181545691,135,137,14,0,0.09205633300007321,
original,random,5218,joint,hash,0,15,15,True,3509.6255199342163,233.97503466228108,13293.127599671081,132,116,15,0,0.021910999988904223,
original,random,5218,optical,hash,0,15,15,True,3345.453683743602,223.03024558290682,13032.268418718011,109,116,16,1,0.08532524999463931,
original,random,5218,phased,hash,0,15,15,True,4458.220149845345,297.21467665635635,16871.100749226724,167,174,15,0,0.01980441701016389,
original,random,5218,v2,hash,0,15,15,True,3462.7953819061386,230.85302546040924,13088.976909530693,128,130,15,0,0.18404833300155587,
original,random,5218,v3,hash,0,15,15,True,3288.1397329381793,219.20931552921195,12490.698664690897,120,115,15,0,0.07095600001048297,
original,random,5218,v3_origin20,hash,0,15,15,True,3298.135927618506,219.8757285079004,12005.67963809253,136,142,15,0,0.08943712498876266,
original,random,5219,joint,hash,0,12,12,True,3213.0661915756014,267.75551596463345,11575.330957878006,141,133,12,0,0.018222542013972998,
original,random,5219,optical,hash,0,12,12,True,2982.541307244758,248.5451089370632,10852.706536223792,125,127,12,0,0.07330412499140948,
original,random,5219,phased,hash,0,12,12,True,3929.3395347278265,327.44496122731886,14321.697673639132,167,170,12,0,0.014242083008866757,
original,random,5219,v2,hash,0,12,12,True,3158.18833030379,263.18236085864913,10900.94165151895,153,153,12,0,0.1667130419809837,
original,random,5219,v3,hash,0,12,12,True,2999.5650144238207,249.96375120198505,10837.825072119103,129,127,12,0,0.06058058299822733,
original,random,5219,v3_origin20,hash,0,12,12,True,3057.685507628744,254.80712563572865,10238.427538143718,158,160,12,0,0.07521862501744181,
original,random,5220,joint,hash,0,14,14,True,3437.786569737608,245.55618355268626,12718.932848688039,140,124,14,0,0.02121125001576729,
original,random,5220,optical,hash,0,14,14,True,3210.6759551937203,229.33399679955144,12208.379775968602,115,121,15,1,0.09685316600371152,
original,random,5220,phased,hash,0,14,14,True,4198.338078202622,299.88129130018723,15556.690391013106,169,172,14,0,0.019701791985426098,
original,random,5220,v2,hash,0,14,14,True,3184.044784194974,227.431770299641,11215.22392097487,145,146,14,0,0.1868602919857949,
original,random,5220,v3,hash,0,14,14,True,3205.4696770515757,228.96211978939826,12102.348385257877,119,120,14,0,0.07324054100899957,
original,random,5220,v3_origin20,hash,0,14,14,True,3096.043962342645,221.14599731018893,10965.219811713225,139,138,14,0,0.08800441698986106,
original,random,5221,joint,hash,0,15,15,True,3888.788388353059,259.2525592235373,15158.941941765295,133,117,15,0,0.021927291993051767,
original,random,5221,optical,hash,0,15,15,True,3516.767689325945,234.45117928839633,13373.838446629725,126,131,17,2,0.08258629200281575,
original,random,5221,phased,hash,0,15,15,True,4532.903030031146,302.19353533540976,17104.51515015573,173,172,15,0,0.021521749993553385,
original,random,5221,v2,hash,0,15,15,True,3311.705112045591,220.7803408030394,12178.525560227954,134,131,15,0,0.203802292002365,
original,random,5221,v3,hash,0,15,15,True,3538.744760776653,235.9163173851102,13383.723803883266,131,132,15,0,0.06413916600286029,
original,random,5221,v3_origin20,hash,0,15,15,True,3283.950115588918,218.93000770592786,11839.75057794459,140,141,15,0,0.0752317089936696,
original,random,5222,joint,hash,0,13,13,True,3169.651297332898,243.81933056406908,12063.25648666449,116,112,13,0,0.01863458298612386,
original,random,5222,optical,hash,0,13,13,True,2957.9070871258,227.5313143942923,11014.535435628999,114,117,14,1,0.07803454200620763,
original,random,5222,phased,hash,0,13,13,True,4267.958184964615,328.3044757665088,16029.790924823074,165,172,13,0,0.01751175001845695,
original,random,5222,v2,hash,0,13,13,True,3058.762145545197,235.28939581116902,11008.810727725986,132,132,13,0,0.2061391659954097,
original,random,5222,v3,hash,0,13,13,True,2987.7512958811467,229.8270227600882,10978.756479405734,122,117,13,0,0.0602952909830492,
original,random,5222,v3_origin20,hash,0,13,13,True,3020.6546144088484,232.35804726221912,10963.273072044241,127,128,13,0,0.052156042016576976,
original,random,5223,joint,hash,0,10,10,True,3057.983810382724,305.7983810382724,11069.919051913621,133,129,10,0,0.01334366700029932,
original,random,5223,optical,hash,0,10,10,True,2910.531651437862,291.0531651437862,10027.658257189309,141,144,12,2,0.07009566700435244,
original,random,5223,phased,hash,0,10,10,True,3611.3845648117467,361.13845648117467,12791.922824058734,167,168,10,0,0.011475125007564202,
original,random,5223,v2,hash,0,10,10,True,2978.002829945829,297.8002829945829,10215.014149729144,147,150,10,0,0.1363803340063896,
original,random,5223,v3,hash,0,10,10,True,2910.6238767408495,291.06238767408496,10048.119383704247,142,141,10,0,0.05583912497968413,
original,random,5223,v3_origin20,hash,0,10,10,True,2738.577951895208,273.8577951895208,9317.88975947604,138,135,10,0,0.05455670802621171,
original,random,5224,joint,hash,0,14,14,True,3309.6265336326687,236.40189525947633,12058.132668163344,139,133,14,0,0.021951000002445653,
original,random,5224,optical,hash,0,14,14,True,3283.345500827919,234.52467863056563,12246.727504139593,125,130,17,3,0.07508387498091906,
original,random,5224,phased,hash,0,14,14,True,4172.75489615181,298.0539211537007,15378.77448075905,171,172,14,0,0.016482666978845373,
original,random,5224,v2,hash,0,14,14,True,3390.0339463254722,242.14528188039088,12155.16973162736,148,149,14,0,0.18237579200649634,
original,random,5224,v3,hash,0,14,14,True,3195.4828059379784,228.24877185271274,11847.414029689891,126,126,14,0,0.06662987498566508,
original,random,5224,v3_origin20,hash,0,14,14,True,3134.5517063494663,223.8965504535333,11292.758531747331,134,136,14,0,0.08410762500716373,
original,random,5225,joint,hash,0,11,11,True,3243.9030967519366,294.9002815229033,11884.515483759684,138,122,11,0,0.015065832994878292,
original,random,5225,optical,hash,0,11,11,True,2921.125367806413,265.5568516187648,10510.626839032066,127,126,12,1,0.05484083300689235,
original,random,5225,phased,hash,0,11,11,True,4125.660794227967,375.0600722025425,15333.303971139834,167,169,11,0,0.011741041991626844,
original,random,5225,v2,hash,0,11,11,True,3117.440820263256,283.40371093302326,11092.20410131628,141,139,11,0,0.12316495898994617,
original,random,5225,v3,hash,0,11,11,True,2939.076435790848,267.1887668900771,10510.38217895424,131,127,11,0,0.04439212498255074,
original,random,5225,v3_origin20,hash,0,11,11,True,3119.7637266253155,283.61488423866507,10928.818633126577,147,144,11,0,0.0585520830063615,
original,random,5226,joint,hash,0,12,12,True,2896.7897907531483,241.399149229429,10173.948953765741,136,122,12,0,0.017725500016240403,
original,random,5226,optical,hash,0,12,12,True,3105.100572634953,258.75838105291274,11205.502863174766,132,138,14,2,0.0636822919768747,
original,random,5226,phased,hash,0,12,12,True,3841.66784608175,320.13898717347917,13883.339230408752,167,170,12,0,0.012961083004483953,
original,random,5226,v2,hash,0,12,12,True,2697.991539903113,224.8326283252594,9264.957699515564,131,130,12,0,0.11207687499700114,
original,random,5226,v3,hash,0,12,12,True,3091.5228481981576,257.62690401651315,11112.614240990788,135,134,12,0,0.05407600000035018,
original,random,5226,v3_origin20,hash,0,12,12,True,2829.8611391741074,235.82176159784228,9209.305695870537,155,153,12,0,0.07217937501263805,
original,random,5227,joint,hash,0,10,10,True,3334.0257818739924,333.40257818739923,11710.128909369962,160,142,10,0,0.012310874997638166,
original,random,5227,optical,hash,0,10,10,True,2956.125508697143,295.61255086971425,11255.627543485714,109,110,10,0,0.04336866701487452,
original,random,5227,phased,hash,0,10,10,True,3952.537801850795,395.2537801850795,14272.689009253974,176,168,10,0,0.01093462502467446,
original,random,5227,v2,hash,0,10,10,True,3122.844584224986,312.28445842249863,10639.22292112493,158,155,10,0,0.09687987499637529,
original,random,5227,v3,hash,0,10,10,True,2970.366921583214,297.03669215832144,11276.834607916071,111,110,10,0,0.03952200000640005,
original,random,5227,v3_origin20,hash,0,10,10,True,3003.7891831215966,300.37891831215967,9823.945915607983,165,164,10,0,0.06146237498614937,
original,random,5228,joint,hash,0,11,11,True,3209.333131953973,291.75755745036116,11911.665659769866,131,117,11,0,0.01414587500039488,
original,random,5228,optical,hash,0,11,11,True,3101.6209454768814,281.9655404978983,11838.104727384407,112,116,12,1,0.051632832997711375,
original,random,5228,phased,hash,0,11,11,True,3865.9223582003615,351.44748710912376,14109.611791001807,164,169,11,0,0.011475250008516014,
original,random,5228,v2,hash,0,11,11,True,3150.7443348345946,286.43130316678133,11188.721674172974,143,143,11,0,0.12254170799860731,
original,random,5228,v3,hash,0,11,11,True,3102.03741717388,282.0034015612618,11805.1870858694,114,116,11,0,0.042780332994880155,
original,random,5228,v3_origin20,hash,0,11,11,True,3101.2196578433377,281.92905980393977,11096.098289216688,138,137,11,0,0.0531292499799747,
original,random,5229,joint,hash,0,11,11,True,3045.776797011885,276.88879972835315,10983.883985059425,133,129,11,0,0.016398416977608576,
original,random,5229,optical,hash,0,11,11,True,2770.8149451279737,251.8922677389067,9879.074725639868,123,125,11,0,0.058895250025670975,
original,random,5229,phased,hash,0,11,11,True,3856.645422833248,350.6041293484771,14013.22711416624,166,169,11,0,0.013879208010621369,
original,random,5229,v2,hash,0,11,11,True,2813.2668135421827,255.7515285038348,10001.334067710914,126,128,11,0,0.13574329199036583,
original,random,5229,v3,hash,0,11,11,True,2799.5387993185186,254.50352721077442,9872.693996592592,129,125,11,0,0.0511600419995375,
original,random,5229,v3_origin20,hash,0,11,11,True,2803.201905153691,254.8365368321537,9656.009525768453,136,137,11,0,0.06948425000882708,
original,random,5230,joint,hash,0,12,12,True,2901.132244997882,241.76102041649017,10555.66122498941,122,120,12,0,0.016501582984346896,
original,random,5230,optical,hash,0,12,12,True,2721.6360440374,226.80300366978335,9763.180220187001,117,124,12,0,0.063684083026601,
original,random,5230,phased,hash,0,12,12,True,3708.594545211742,309.0495454343118,13312.97272605871,163,171,12,0,0.014778374985326082,
original,random,5230,v2,hash,0,12,12,True,2843.263486097646,236.9386238414705,9836.31743048823,135,141,12,0,0.1851352920057252,
original,random,5230,v3,hash,0,12,12,True,2738.564805751826,228.21373381265218,9782.82402875913,120,122,12,0,0.04986783297499642,
original,random,5230,v3_origin20,hash,0,12,12,True,2877.550358979969,239.79586324833076,9772.751794899845,143,148,12,0,0.0746351669949945,
original,random,5231,joint,hash,0,11,11,True,3526.826062483957,320.62055113490516,13109.130312419784,145,125,11,0,0.013122209027642384,
original,random,5231,optical,hash,0,11,11,True,3172.6759467094744,288.4250860644977,11988.379733547372,118,118,15,4,0.05490208399714902,
original,random,5231,phased,hash,0,11,11,True,4466.921355758651,406.08375961442283,16889.606778793255,173,169,11,0,0.01156174999778159,
original,random,5231,v2,hash,0,11,11,True,3202.5457183379854,291.1405198489078,11732.728591689927,134,131,11,0,0.11151512499782257,
original,random,5231,v3,hash,0,11,11,True,3146.3704829480407,286.0336802680037,11901.852414740204,119,116,11,0,0.045938333991216496,
original,random,5231,v3_origin20,hash,0,11,11,True,3154.9184632206075,286.8107693836916,11479.592316103037,135,129,11,0,0.05165458400733769,
original,random,5232,joint,hash,0,13,13,True,3047.3542851335114,234.4118680871932,10771.771425667557,139,133,13,0,0.017114332993514836,
original,random,5232,optical,hash,0,13,13,True,3121.860432922877,240.14311022483668,11599.302164614384,121,129,14,1,0.06930370899499394,
original,random,5232,phased,hash,0,13,13,True,3957.2407480264615,304.40313446357396,14501.203740132307,164,172,13,0,0.013937167008407414,
original,random,5232,v2,hash,0,13,13,True,3045.694704848829,234.28420806529454,10563.473524244146,144,148,13,0,0.13776154100196436,
original,random,5232,v3,hash,0,13,13,True,3128.602729759514,240.66174844303956,11583.01364879757,124,127,13,0,0.0608992500056047,
original,random,5232,v3_origin20,hash,0,13,13,True,3046.4794965969922,234.3445766613071,10627.397482984961,143,141,13,0,0.06835370900807902,
original,random,5233,joint,hash,0,12,12,True,3146.2183253082903,262.18486044235755,11476.091626541453,134,121,12,0,0.017489292018581182,
original,random,5233,optical,hash,0,12,12,True,3096.51394006003,258.0428283383358,11617.56970030015,118,117,14,2,0.06477270799223334,
original,random,5233,phased,hash,0,12,12,True,4187.425736732022,348.95214472766855,15617.12868366011,167,169,12,0,0.014996749989222735,
original,random,5233,v2,hash,0,12,12,True,3017.293755243904,251.44114627032533,10781.468776219519,133,136,12,0,0.17322699999203905,
original,random,5233,v3,hash,0,12,12,True,3078.4532889170396,256.53777407641996,11447.266444585199,122,119,12,0,0.04922595800599083,
original,random,5233,v3_origin20,hash,0,12,12,True,3049.764067485961,254.14700562383007,10703.820337429805,141,144,12,0,0.07441324999672361,
original,random,5234,joint,hash,0,10,10,True,3183.7644879224054,318.3764487922405,11938.822439612028,126,116,10,0,0.013586166984168813,
original,random,5234,optical,hash,0,10,10,True,2786.3397173008284,278.63397173008286,10266.698586504142,114,113,10,0,0.04553237499203533,
original,random,5234,phased,hash,0,10,10,True,3583.977055475751,358.39770554757513,12704.885277378755,165,168,10,0,0.013725166005315259,
original,random,5234,v2,hash,0,10,10,True,2741.163990013741,274.11639900137413,9340.819950068706,137,138,10,0,0.08516312501160428,
original,random,5234,v3,hash,0,10,10,True,2804.9809640157546,280.4980964015755,10224.904820078773,119,115,10,0,0.0415155410009902,
original,random,5234,v3_origin20,hash,0,10,10,True,2875.5067078689053,287.5506707868905,9677.533539344528,148,150,10,0,0.04844149999553338,
original,random,5235,joint,hash,0,12,12,True,3680.2515447101823,306.6876287258485,13831.257723550912,146,124,12,0,0.01849183300510049,
original,random,5235,optical,hash,0,12,12,True,3257.012393225592,271.417699435466,12330.06196612796,121,126,12,0,0.0672254579840228,
original,random,5235,phased,hash,0,12,12,True,4381.0159700664735,365.08466417220615,16380.079850332366,175,170,12,0,0.014303707983344793,
original,random,5235,v2,hash,0,12,12,True,3391.181709018695,282.59847575155794,12785.908545093476,129,129,12,0,0.13778479097527452,
original,random,5235,v3,hash,0,12,12,True,3329.223129414061,277.4352607845051,12331.115647070306,134,133,12,0,0.060523209016537294,
original,random,5235,v3_origin20,hash,0,12,12,True,3416.6765051406537,284.7230420950545,12803.382525703268,133,131,12,0,0.07146766598452814,
original,random,5236,joint,hash,0,12,12,True,3259.9495105957226,271.6624592163102,12239.747552978613,127,117,12,0,0.01810400001704693,
original,random,5236,optical,hash,0,12,12,True,2900.3080434671588,241.69233695559657,10641.540217335794,117,118,15,3,0.06537308302358724,
original,random,5236,phased,hash,0,12,12,True,4009.0411257392016,334.0867604782668,14720.205628696007,167,170,12,0,0.01238062500488013,
original,random,5236,v2,hash,0,12,12,True,3085.8327682851063,257.1527306904255,10914.163841425532,141,138,12,0,0.15141037499415688,
original,random,5236,v3,hash,0,12,12,True,2900.1351128798633,241.67792607332194,10640.675564399316,119,117,12,0,0.05322712499764748,
original,random,5236,v3_origin20,hash,0,12,12,True,3051.1488472033657,254.2624039336138,10620.744236016828,144,147,12,0,0.07090037502348423,
original,random,5237,joint,hash,0,12,12,True,3593.240179347339,299.4366816122783,13386.200896736695,147,121,12,0,0.016231457993853837,
original,random,5237,optical,hash,0,12,12,True,3401.373882974632,283.4478235812193,12986.869414873161,123,123,14,2,0.05500333401141688,
original,random,5237,phased,hash,0,12,12,True,4251.608024005512,354.300668667126,15733.040120027557,175,170,12,0,0.013859166007023305,
original,random,5237,v2,hash,0,12,12,True,3181.1795342658656,265.09829452215547,11380.897671329329,141,140,12,0,0.14468808300443925,
original,random,5237,v3,hash,0,12,12,True,3411.0994682064224,284.2582890172019,12940.497341032113,128,123,12,0,0.044694250012980774,
original,random,5237,v3_origin20,hash,0,12,12,True,3170.39303229266,264.19941935772164,11271.9651614633,143,141,12,0,0.065559790993575,
original,random,5238,joint,hash,0,16,16,True,3105.5992762202404,194.09995476376503,11772.996381101202,112,111,16,0,0.02596499997889623,
original,random,5238,optical,hash,0,16,16,True,2791.9650165555654,174.49781353472284,10174.825082777827,112,117,16,0,0.09114033399964683,
original,random,5238,phased,hash,0,16,16,True,4155.269965194643,259.7043728246652,15926.349825973217,147,155,16,0,0.019516583997756243,
original,random,5238,v2,hash,0,16,16,True,2788.667483537805,174.2917177211128,10033.337417689025,116,122,16,0,0.2201759579766076,
original,random,5238,v3,hash,0,16,16,True,2801.940000688504,175.1212500430315,10159.70000344252,115,115,16,0,0.0813985419808887,
original,random,5238,v3_origin20,hash,0,16,16,True,2775.1783653189027,173.44864783243142,9985.891826594514,115,123,16,0,0.09753199998522177,
original,random,5239,joint,hash,0,16,16,True,3972.54357295266,248.28397330954124,15922.717864763299,122,98,16,0,0.022224374988581985,
original,random,5239,optical,hash,0,16,16,True,3656.833159880722,228.55207249254514,14744.16579940361,103,107,18,2,0.08116762500139885,
original,random,5239,phased,hash,0,16,16,True,4437.337404911194,277.33358780694965,17126.687024555973,156,152,16,0,0.017902332998346537,
original,random,5239,v2,hash,0,16,16,True,3803.184881647697,237.69905510298105,14840.924408238483,125,130,16,0,0.17288520801230334,
original,random,5239,v3,hash,0,16,16,True,3714.044893386472,232.1278058366545,14700.224466932359,117,109,16,0,0.06629845901625231,
original,random,5239,v3_origin20,hash,0,16,16,True,3544.242654344149,221.5151658965093,13356.213271720744,132,133,16,0,0.07932237500790507,
original,random,5240,joint,hash,0,11,11,True,3282.484734534841,298.407703139531,12222.423672674206,133,118,11,0,0.013412375003099442,
original,random,5240,optical,hash,0,11,11,True,2990.042828395287,271.8220753086625,11030.214141976436,121,118,13,2,0.047907875006785616,
original,random,5240,phased,hash,0,11,11,True,4032.9075864272972,366.62796240248156,14814.537932136487,169,170,11,0,0.013391625019721687,
original,random,5240,v2,hash,0,11,11,True,2891.278029261145,262.84345720555865,10276.390146305725,130,131,11,0,0.13751845798105933,
original,random,5240,v3,hash,0,11,11,True,2987.1970845035908,271.56337131850825,10970.985422517953,124,118,11,0,0.039900709001813084,
original,random,5240,v3_origin20,hash,0,11,11,True,2972.562827719091,270.2329843380992,10692.814138595453,130,129,11,0,0.06640783400507644,
original,random,5241,joint,hash,0,14,14,True,3475.038955063543,248.21706821882452,13380.194775317716,123,114,14,0,0.017945333005627617,
original,random,5241,optical,hash,0,14,14,True,3392.2053619239796,242.30038299456996,12411.026809619898,139,145,14,0,0.07796424999833107,
original,random,5241,phased,hash,0,14,14,True,4352.534377699152,310.8953126927966,16352.671888495759,168,172,14,0,0.015774125000461936,
original,random,5241,v2,hash,0,14,14,True,3434.4954995331072,245.32110710950766,13007.477497665537,127,128,14,0,0.19358979200478643,
original,random,5241,v3,hash,0,14,14,True,3434.237618311804,245.30268702227173,12436.188091559019,146,147,14,0,0.07035904200165533,
original,random,5241,v3_origin20,hash,0,14,14,True,3431.556100004619,245.11115000032993,12927.780500023096,129,131,14,0,0.06847120798192918,
original,random,5242,joint,hash,0,14,14,True,3570.3725709617934,255.02661221155668,13601.862854808967,132,120,14,0,0.022700708999764174,
original,random,5242,optical,hash,0,14,14,True,3028.091122547263,216.2922230390902,11275.455612736314,116,123,14,0,0.07026929201674648,
original,random,5242,phased,hash,0,14,14,True,4254.245233054178,303.87465950386985,15836.226165270893,169,172,14,0,0.019165915990015492,
original,random,5242,v2,hash,0,14,14,True,3288.648318191682,234.90345129940584,11458.24159095841,154,157,14,0,0.19297258398728445,
original,random,5242,v3,hash,0,14,14,True,3041.0477876071027,217.21769911479305,11235.238938035513,120,124,14,0,0.05612858300446533,
original,random,5242,v3_origin20,hash,0,14,14,True,3286.2046799045283,234.7289057074663,12236.02339952264,128,129,14,0,0.06608950000372715,
original,random,5243,joint,hash,0,13,13,True,3237.721817470347,249.05552442079593,11948.609087351735,132,123,13,0,0.015274458011845127,
original,random,5243,optical,hash,0,13,13,True,2869.136304845595,220.70279268043038,10625.681524227975,112,113,15,2,0.06445879099192098,
original,random,5243,phased,hash,0,13,13,True,4276.398666131842,328.95374354860326,15946.993330659212,170,172,13,0,0.015506832976825535,
original,random,5243,v2,hash,0,13,13,True,3207.5552386250033,246.73501835576948,12027.776193125017,123,122,13,0,0.1355000409821514,
original,random,5243,v3,hash,0,13,13,True,2873.7110348107167,221.05469498543974,10533.555174053583,118,112,13,0,0.05515341699356213,
original,random,5243,v3_origin20,hash,0,13,13,True,3002.819650214914,230.98612693960877,11084.09825107457,120,121,13,0,0.05358683300437406,
original,random,5244,joint,hash,0,16,16,True,3288.915240280975,205.55720251756094,12174.576201404876,132,114,16,0,0.02311749997898005,
original,random,5244,optical,hash,0,16,16,True,2798.8446401380584,174.92779000862865,10489.223200690292,103,106,16,0,0.08535083298920654,
original,random,5244,phased,hash,0,16,16,True,3882.70023469039,242.66876466814938,14603.50117345195,146,152,16,0,0.018220291007310152,
original,random,5244,v2,hash,0,16,16,True,3149.7104148541,196.85690092838124,11558.5520742705,126,128,16,0,0.19204925000667572,
original,random,5244,v3,hash,0,16,16,True,2813.2890675651,175.83056672281876,10486.4453378255,106,106,16,0,0.07066300002043135,
original,random,5244,v3_origin20,hash,0,16,16,True,2921.007763387846,182.56298521174037,10405.03881693923,126,130,16,0,0.07094845801475458,
original,random,5245,joint,hash,0,10,10,True,3234.2757058382235,323.42757058382233,11646.378529191117,145,130,10,0,0.013090082997223362,
original,random,5245,optical,hash,0,10,10,True,2801.3554739894544,280.13554739894545,9886.777369947273,127,130,13,3,0.04833270798553713,
original,random,5245,phased,hash,0,10,10,True,3687.4810270104513,368.7481027010451,13147.405135052257,168,168,10,0,0.010665291018085554,
original,random,5245,v2,hash,0,10,10,True,2919.141505512872,291.9141505512872,10050.70752756436,143,144,10,0,0.10315641699708067,
original,random,5245,v3,hash,0,10,10,True,2804.881550503408,280.4881550503408,9824.40775251704,132,130,10,0,0.04114554199622944,
original,random,5245,v3_origin20,hash,0,10,10,True,2940.2925570099515,294.0292557009951,10071.462785049756,146,146,10,0,0.05576512499828823,
original,random,5246,joint,hash,0,16,16,True,3860.5231961548584,241.28269975967865,14882.615980774292,138,114,16,0,0.022253749979427084,
original,random,5246,optical,hash,0,16,16,True,3550.4004467698096,221.9000279231131,14072.002233849049,107,115,18,2,0.07552829198539257,
original,random,5246,phased,hash,0,16,16,True,4575.0352628325,285.93970392703125,17765.176314162498,158,152,16,0,0.01844512502430007,
original,random,5246,v2,hash,0,16,16,True,3601.5416561647658,225.09635351029786,13897.708280823828,124,122,16,0,0.1762600000074599,
original,random,5246,v3,hash,0,16,16,True,3597.3039267294307,224.83149542058942,14081.519633647154,117,116,16,0,0.06490041699726135,
original,random,5246,v3_origin20,hash,0,16,16,True,3414.7775196798448,213.4235949799903,13103.887598399224,119,119,16,0,0.06837287498638034,
original,random,5247,joint,hash,0,16,16,True,3724.15189413066,232.75949338316624,13995.7594706533,144,125,16,0,0.021462791977683082,
original,random,5247,optical,hash,0,16,16,True,3282.8231966829962,205.17644979268727,12419.115983414982,118,123,18,2,0.08330208400730044,
original,random,5247,phased,hash,0,16,16,True,4048.444668600712,253.0277917875445,15087.22334300356,159,156,16,0,0.01813570800004527,
original,random,5247,v2,hash,0,16,16,True,3310.218376408844,206.88864852555275,12336.09188204422,127,128,16,0,0.17846183400251903,
original,random,5247,v3,hash,0,16,16,True,3296.5938490786093,206.03711556741308,12377.969245393047,124,121,16,0,0.07221616699825972,
original,random,5247,v3_origin20,hash,0,16,16,True,3331.8277616624414,208.2392351039026,12169.138808312207,136,138,16,0,0.07913616599398665,
original,random,5248,joint,hash,0,10,10,True,3196.4012248894123,319.64012248894124,11482.006124447062,145,125,10,0,0.01200849999440834,
original,random,5248,optical,hash,0,10,10,True,3165.8815958193954,316.5881595819395,11924.407979096977,122,118,11,1,0.05043908298830502,
original,random,5248,phased,hash,0,10,10,True,4191.298200404531,419.12982004045307,15616.491002022654,170,168,10,0,0.010883582988753915,
original,random,5248,v2,hash,0,10,10,True,3075.865870774573,307.5865870774573,10889.329353872865,142,138,10,0,0.11238962502102368,
original,random,5248,v3,hash,0,10,10,True,3166.840340537116,316.68403405371157,11894.20170268558,124,118,10,0,0.04302299997652881,
original,random,5248,v3_origin20,hash,0,10,10,True,3037.882027587094,303.7882027587094,10744.41013793547,141,134,10,0,0.04774391700630076,
original,random,5249,joint,hash,0,14,14,True,3261.4300774512926,232.9592912465209,11972.150387256463,135,122,14,0,0.022279458004049957,
original,random,5249,optical,hash,0,14,14,True,3016.5302728494685,215.46644806067633,11227.651364247342,115,123,15,1,0.0694870000006631,
original,random,5249,phased,hash,0,14,14,True,4080.5210755258295,291.46579110898784,15017.605377629146,167,172,14,0,0.017763790994649753,
original,random,5249,v2,hash,0,14,14,True,2915.8391481603876,208.2742248685991,10354.195740801939,129,130,14,0,0.19733995900605805,
original,random,5249,v3,hash,0,14,14,True,3041.511057589839,217.25078982784564,11217.555287949195,121,123,14,0,0.05760495801223442,
original,random,5249,v3_origin20,hash,0,14,14,True,3125.3325462571743,223.2380390183696,11021.66273128587,141,146,14,0,0.08206633297959343,
original,random,5250,joint,hash,0,13,13,True,3571.2885714351246,274.7145054950096,13646.442857175623,132,117,13,0,0.015947000007145107,
original,random,5250,optical,hash,0,13,13,True,3518.832712746914,270.6794394420703,13274.163563734568,131,132,17,4,0.07114245899720117,
original,random,5250,phased,hash,0,13,13,True,4595.241138762578,353.4800875971214,17491.205693812888,172,172,13,0,0.013950541993835941,
original,random,5250,v2,hash,0,13,13,True,3385.9701610033035,260.45924315410025,12654.850805016516,131,135,13,0,0.14578395802527666,
original,random,5250,v3,hash,0,13,13,True,3510.0217243860207,270.001671106617,13240.108621930103,133,132,13,0,0.05594241598737426,
original,random,5250,v3_origin20,hash,0,13,13,True,3314.1294538106795,254.9330349085138,12305.647269053397,131,133,13,0,0.06028149998746812,
original,random,5251,joint,hash,0,15,15,True,3987.855106712652,265.8570071141768,15424.27553356326,142,118,15,0,0.01918895900598727,
original,random,5251,optical,hash,0,15,15,True,3296.128052129927,219.74187014199512,12700.640260649634,112,115,17,2,0.08273891598219052,
original,random,5251,phased,hash,0,15,15,True,4444.079377268139,296.2719584845426,16755.396886340695,169,173,15,0,0.016184458014322445,
original,random,5251,v2,hash,0,15,15,True,3409.1148607293135,227.2743240486209,12780.574303646566,130,128,15,0,0.13642300001811236,
original,random,5251,v3,hash,0,15,15,True,3286.6901254662725,219.11267503108485,12598.450627331362,116,112,15,0,0.06439845799468458,
original,random,5251,v3_origin20,hash,0,15,15,True,3398.5274431074004,226.56849620716002,12732.637215537,130,127,15,0,0.06396708299871534,
original,random,5252,joint,hash,0,14,14,True,3565.6642210411214,254.69030150293725,13293.321105205607,142,127,14,0,0.019982083002105355,
original,random,5252,optical,hash,0,14,14,True,2816.7409083622033,201.19577916872882,10403.704541811017,109,112,17,3,0.08346258298843168,
original,random,5252,phased,hash,0,14,14,True,4058.5629103250844,289.89735073750603,14807.814551625423,171,172,14,0,0.01675420897663571,
original,random,5252,v2,hash,0,14,14,True,2972.8833271303974,212.34880908074268,10509.416635651987,133,136,14,0,0.23038841699599288,
original,random,5252,v3,hash,0,14,14,True,2818.0312793126736,201.28794852233383,10390.156396563369,112,110,14,0,0.06928216601954773,
original,random,5252,v3_origin20,hash,0,14,14,True,2886.0117057022308,206.14369326444506,10070.058528511154,133,137,14,0,0.06259874999523163,
original,random,5253,joint,hash,0,14,14,True,3903.1561902184176,278.79687072988696,15155.780951092089,137,117,14,0,0.01803479198133573,
original,random,5253,optical,hash,0,14,14,True,3612.362228555826,258.0258734682733,13831.811142779128,128,133,15,1,0.0783129170013126,
original,random,5253,phased,hash,0,14,14,True,4273.359260880721,305.2399472057658,15956.796304403606,168,172,14,0,0.015643332997569814,
original,random,5253,v2,hash,0,14,14,True,3718.255649651471,265.58968926081934,14241.278248257355,133,135,14,0,0.1871826660062652,
original,random,5253,v3,hash,0,14,14,True,3597.06034785945,256.9328819899607,13730.301739297249,130,131,14,0,0.06331937498180196,
original,random,5253,v3_origin20,hash,0,14,14,True,3555.864656779195,253.99033262708534,13554.323283895974,129,130,14,0,0.06603204199927859,
original,random,5254,joint,hash,0,16,16,True,3121.941914639208,195.1213696649505,12169.70957319604,103,93,16,0,0.018671375000849366,
original,random,5254,optical,hash,0,16,16,True,3061.1323368597823,191.3207710537364,11310.661684298911,118,120,19,3,0.06899658299516886,
original,random,5254,phased,hash,0,16,16,True,3639.3938824213888,227.4621176513368,13411.969412106944,145,152,16,0,0.01710245799040422,
original,random,5254,v2,hash,0,16,16,True,2963.2666659833562,185.20416662395976,10861.33332991678,118,121,16,0,0.18231108400505036,
original,random,5254,v3,hash,0,16,16,True,3053.758780536305,190.85992378351906,11243.793902681526,121,120,16,0,0.058099209010833874,
original,random,5254,v3_origin20,hash,0,16,16,True,2929.2754298974746,183.07971436859216,10656.377149487373,119,123,16,0,0.06323208400863223,
original,random,5255,joint,hash,0,15,15,True,3749.4587198193585,249.9639146546239,14472.293599096793,133,115,15,0,0.020983333000913262,
original,random,5255,optical,hash,0,15,15,True,3371.3942511731507,224.75961674487672,12321.971255865754,136,143,18,3,0.07847470801789314,
original,random,5255,phased,hash,0,15,15,True,4382.807828931526,292.1871885954351,16444.039144657632,169,174,15,0,0.015048708999529481,
original,random,5255,v2,hash,0,15,15,True,3247.867975060096,216.52453167067307,11794.33987530048,136,134,15,0,0.13752299998304807,
original,random,5255,v3,hash,0,15,15,True,3328.79845458511,221.91989697234067,12108.99227292555,139,137,15,0,0.06531137498677708,
original,random,5255,v3_origin20,hash,0,15,15,True,3428.460125891804,228.56400839278695,12612.300629459021,139,136,15,0,0.07264566700905561,
original,random,5256,joint,hash,0,15,15,True,3305.6733685046015,220.37822456697344,12328.366842523008,129,120,15,0,0.021655583987012506,
original,random,5256,optical,hash,0,15,15,True,3200.157634762169,213.34384231747794,12155.788173810844,114,121,16,1,0.06767570800730027,
original,random,5256,phased,hash,0,15,15,True,4195.080207239071,279.67201381593804,15615.401036195351,165,172,15,0,0.015324749983847141,
original,random,5256,v2,hash,0,15,15,True,3428.419781839747,228.56131878931646,12062.098909198734,156,161,15,0,0.2032259999832604,
original,random,5256,v3,hash,0,15,15,True,3221.1886632638366,214.74591088425578,12125.943316319182,120,121,15,0,0.062254374992335215,
original,random,5256,v3_origin20,hash,0,15,15,True,3162.545447669524,210.83636317796828,11602.72723834762,127,132,15,0,0.06165495901950635,
original,random,5257,joint,hash,0,10,10,True,3387.696234879453,338.7696234879453,12528.481174397266,141,127,10,0,0.012459499994292855,
original,random,5257,optical,hash,0,10,10,True,2976.5224843274314,297.65224843274314,10907.612421637157,123,127,11,1,0.05308237500139512,
original,random,5257,phased,hash,0,10,10,True,4180.930807362101,418.09308073621014,15719.654036810509,164,167,10,0,0.010761999990791082,
original,random,5257,v2,hash,0,10,10,True,3110.162635327705,311.0162635327705,11130.813176638527,139,139,10,0,0.09823150001466274,
original,random,5257,v3,hash,0,10,10,True,3003.2477242248992,300.3247724224899,10886.238621124496,130,126,10,0,0.04172525001922622,
original,random,5257,v3_origin20,hash,0,10,10,True,3028.834149923501,302.88341499235014,10559.170749617506,145,142,10,0,0.05044537500361912,
original,random,5258,joint,hash,0,16,16,True,3845.639887622492,240.35249297640576,15113.19943811246,126,113,16,0,0.022057541995309293,
original,random,5258,optical,hash,0,16,16,True,3398.631401174135,212.41446257338345,13013.157005870677,118,120,18,2,0.07150854199426249,
original,random,5258,phased,hash,0,16,16,True,4114.41072052072,257.150670032545,16067.0536026036,138,131,16,0,0.015823875000933185,
original,random,5258,v2,hash,0,16,16,True,3355.6869938207624,209.73043711379765,11933.434969103811,148,149,16,0,0.22777116700308397,
original,random,5258,v3,hash,0,16,16,True,3382.1740624768486,211.38587890480304,12830.870312384242,123,121,16,0,0.05429804199957289,
original,random,5258,v3_origin20,hash,0,16,16,True,3109.6549653568463,194.3534353348029,11383.274826784233,125,128,16,0,0.07886620800127275,
original,random,5259,joint,hash,0,16,16,True,4096.410480672179,256.0256550420112,16412.052403360896,127,99,16,0,0.019204249983886257,
original,random,5259,optical,hash,0,16,16,True,3298.5857845682244,206.16161153551403,12687.928922841122,113,113,17,1,0.05966266701580025,
original,random,5259,phased,hash,0,16,16,True,4343.5625918979185,271.4726619936199,16697.81295948959,154,154,16,0,0.017244582995772362,
original,random,5259,v2,hash,0,16,16,True,3298.838121646942,206.17738260293387,12849.19060823471,108,109,16,0,0.1963112909870688,
original,random,5259,v3,hash,0,16,16,True,3283.236198050955,205.20226237818468,12586.180990254774,115,111,16,0,0.04857316700508818,
original,random,5259,v3_origin20,hash,0,16,16,True,3318.132753788942,207.38329711180887,12765.66376894471,114,115,16,0,0.07250737500726245,
original,random,5260,joint,hash,0,16,16,True,3782.724839611231,236.42030247570193,14663.624198056154,131,115,16,0,0.01757208301569335,
original,random,5260,optical,hash,0,16,16,True,3033.3230181524646,189.58268863452903,11121.615090762323,119,125,19,3,0.07301629197900183,
original,random,5260,phased,hash,0,16,16,True,4241.978663947673,265.1236664967296,16219.893319738365,153,153,16,0,0.01654516698908992,
original,random,5260,v2,hash,0,16,16,True,3229.654269288313,201.85339183051957,12203.271346441566,118,119,16,0,0.13708679200499319,
original,random,5260,v3,hash,0,16,16,True,3019.0838008996902,188.69273755623064,11030.419004498452,122,123,16,0,0.06269441699259914,
original,random,5260,v3_origin20,hash,0,16,16,True,3033.788098067366,189.61175612921036,11493.940490336829,109,110,16,0,0.0699219579983037,
original,random,5261,joint,hash,0,11,11,True,3191.467004121134,290.1333640110122,11447.33502060567,144,127,11,0,0.012940791988512501,
original,random,5261,optical,hash,0,11,11,True,2907.1732984754713,264.2884816795883,10480.866492377356,124,127,14,3,0.051698666997253895,
original,random,5261,phased,hash,0,11,11,True,4091.696715716252,371.97242870147744,15238.483578581261,164,169,11,0,0.010361791995819658,
original,random,5261,v2,hash,0,11,11,True,2936.428009904001,266.94800090036375,10392.140049520005,134,133,11,0,0.11436624999623746,
original,random,5261,v3,hash,0,11,11,True,2919.587050761689,265.417004614699,10577.935253808446,125,124,11,0,0.04214679199503735,
original,random,5261,v3_origin20,hash,0,11,11,True,2937.4311115639275,267.0391919603571,10282.155557819637,138,136,11,0,0.053435125009855255,
original,random,5262,joint,hash,0,14,14,True,3351.7226710069917,239.40876221478513,12508.613355034959,133,115,14,0,0.01634487498085946,
original,random,5262,optical,hash,0,14,14,True,3060.0940265888667,218.57814475634763,10970.470132944332,131,138,15,1,0.06471304199658334,
original,random,5262,phased,hash,0,14,14,True,3813.781428595484,272.41295918539174,13703.907142977421,166,173,14,0,0.012924834009027109,
original,random,5262,v2,hash,0,14,14,True,3181.0964280823187,227.22117343445134,11315.482140411594,141,143,14,0,0.14590920900809579,
original,random,5262,v3,hash,0,14,14,True,3052.766607805354,218.05475770038242,10973.83303902677,131,133,14,0,0.05143266700906679,
original,random,5262,v3_origin20,hash,0,14,14,True,3095.3332693412094,221.0952335243721,10971.666346706046,138,141,14,0,0.0579017499985639,
original,random,5263,joint,hash,0,12,12,True,3297.176283095322,274.7646902579435,12015.88141547661,142,124,12,0,0.012178834003861994,
original,random,5263,optical,hash,0,12,12,True,3043.1391155919414,253.59492629932845,11325.695577959706,118,119,15,3,0.0506069999828469,
original,random,5263,phased,hash,0,12,12,True,4180.491180722479,348.3742650602066,15577.455903612394,167,170,12,0,0.011339749995386228,
original,random,5263,v2,hash,0,12,12,True,3031.200567299685,252.60004727497378,10816.002836498426,135,133,12,0,0.09050125000067055,
original,random,5263,v3,hash,0,12,12,True,3008.039749899993,250.66997915833272,11170.198749499963,119,119,12,0,0.0405642080004327,
original,random,5263,v3_origin20,hash,0,12,12,True,3194.256374231405,266.1880311859504,11201.281871157025,149,149,12,0,0.056950916012283415,
original,random,5264,joint,hash,0,14,14,True,3310.2905048532616,236.44932177523296,12326.452524266308,130,125,14,0,0.01711154100485146,
original,random,5264,optical,hash,0,14,14,True,3071.044792975582,219.3603423553987,11530.22396487791,114,122,15,1,0.0702993750164751,
original,random,5264,phased,hash,0,14,14,True,3948.924332548631,282.06602375347364,14584.621662743155,159,167,14,0,0.014711582974996418,
original,random,5264,v2,hash,0,14,14,True,2956.4815312001556,211.17725222858255,10852.407656000778,119,121,14,0,0.15217641601338983,
original,random,5264,v3,hash,0,14,14,True,3081.9347090090646,220.13819350064747,11449.673545045323,120,122,14,0,0.055721959011862054,
original,random,5264,v3_origin20,hash,0,14,14,True,3009.327415530947,214.9519582522105,11041.637077654734,121,126,14,0,0.057165667007211596,
original,random,5265,joint,hash,0,11,11,True,3239.281297048655,294.48011791351405,11726.406485243275,143,124,11,0,0.009867749991826713,
original,random,5265,optical,hash,0,11,11,True,2719.5164516033988,247.22876832758172,9787.582258016993,117,116,13,2,0.040282709000166506,
original,random,5265,phased,hash,0,11,11,True,3790.949354108322,344.6317594643929,13734.74677054161,164,169,11,0,0.00823212499381043,
original,random,5265,v2,hash,0,11,11,True,2810.1101331597083,255.46455755997349,9680.550665798542,137,134,11,0,0.07861879200208932,
original,random,5265,v3,hash,0,11,11,True,2704.7465644619124,245.8860513147193,9668.732822309563,120,116,11,0,0.031868374993791804,
original,random,5265,v3_origin20,hash,0,11,11,True,2708.2387756252347,246.2035250568395,9391.193878126174,130,125,11,0,0.03377083397936076,
original,random,5266,joint,hash,0,10,10,True,3330.3738890774944,333.03738890774946,11801.869445387472,156,140,10,0,0.010698166996007785,
original,random,5266,optical,hash,0,10,10,True,2800.9595995388618,280.09595995388617,10099.79799769431,121,120,12,2,0.04760816699126735,
original,random,5266,phased,hash,0,10,10,True,3966.8087261955775,396.68087261955776,14519.043630977887,169,168,10,0,0.01036266700248234,
original,random,5266,v2,hash,0,10,10,True,3039.4856164395146,303.94856164395145,10647.428082197574,144,140,10,0,0.08772066599340178,
original,random,5266,v3,hash,0,10,10,True,2799.4918287386745,279.94918287386747,10112.459143693373,122,117,10,0,0.04115254199132323,
original,random,5266,v3_origin20,hash,0,10,10,True,2966.30123938374,296.63012393837397,10206.506196918699,147,140,10,0,0.04216195899061859,
original,random,5267,joint,hash,0,10,10,True,3428.2787435396617,342.8278743539662,12301.393717698309,156,138,10,0,0.011665666999761015,
original,random,5267,optical,hash,0,10,10,True,3011.9641182786895,301.1964118278689,11099.820591393447,123,124,11,1,0.03856966600869782,
original,random,5267,phased,hash,0,10,10,True,4166.334898080888,416.63348980808877,15586.674490404439,166,169,10,0,0.00828112501767464,
original,random,5267,v2,hash,0,10,10,True,3209.1284644835787,320.91284644835787,11375.642322417893,148,144,10,0,0.09544795801048167,
original,random,5267,v3,hash,0,10,10,True,3003.2609453966224,300.3260945396622,11056.304726983111,124,122,10,0,0.03237291699042544,
original,random,5267,v3_origin20,hash,0,10,10,True,3144.16391917473,314.416391917473,11075.819595873649,147,144,10,0,0.040932790987426415,
original,random,5268,joint,hash,0,13,13,True,3294.1175877647174,253.39366059728596,12045.587938823588,138,130,13,0,0.015007249981863424,
original,random,5268,optical,hash,0,13,13,True,3211.413878004631,247.031836769587,11712.069390023154,131,134,18,5,0.06618791600340046,
original,random,5268,phased,hash,0,13,13,True,4115.3433565878595,316.5648735836815,15216.716782939298,167,172,13,0,0.0123299999977462,
original,random,5268,v2,hash,0,13,13,True,3091.6262942297426,237.81740724844173,11138.131471148712,133,134,13,0,0.11386195899103768,
original,random,5268,v3,hash,0,13,13,True,3169.4271675180557,243.80208980908122,11462.135837590278,136,132,13,0,0.048580292001133785,
original,random,5268,v3_origin20,hash,0,13,13,True,2967.8889837294982,228.29915259457678,10344.444918647492,139,139,13,0,0.05554295799811371,
original,random,5269,joint,hash,0,13,13,True,3292.8461852334653,253.29586040257425,12294.230926167327,130,119,13,0,0.017943124985322356,
original,random,5269,optical,hash,0,13,13,True,3072.2032644158135,236.32332803198565,11556.016322079067,115,115,15,2,0.057094791991403326,
original,random,5269,phased,hash,0,13,13,True,4285.711397630865,329.6701075100665,16123.556988154323,165,171,13,0,0.012764291983330622,
original,random,5269,v2,hash,0,13,13,True,3060.146576400039,235.39589049231068,11180.732882000195,126,129,13,0,0.15387554201879539,
original,random,5269,v3,hash,0,13,13,True,3108.9710229339544,239.15161714876572,11759.855114669772,116,112,13,0,0.051940125005785376,
original,random,5269,v3_origin20,hash,0,13,13,True,3077.4831913810854,236.7294762600835,11102.415956905426,132,132,13,0,0.0628234580217395,
original,random,5270,joint,hash,0,11,11,True,3087.750789640496,280.7046172400451,11158.753948202479,135,126,11,0,0.014737165998667479,
original,random,5270,optical,hash,0,11,11,True,2673.8405786360777,243.07641623964344,9589.202893180389,116,118,12,1,0.048108624992892146,
original,random,5270,phased,hash,0,11,11,True,3515.9706060823673,319.63369146203337,12389.853030411838,163,168,11,0,0.010759416996734217,
original,random,5270,v2,hash,0,11,11,True,2866.7284113442524,260.61167375856843,10028.642056721263,134,136,11,0,0.1294667919864878,
original,random,5270,v3,hash,0,11,11,True,2667.7326707630923,242.52115188755386,9568.663353815462,117,114,11,0,0.03633816700312309,
original,random,5270,v3_origin20,hash,0,11,11,True,2870.340820247441,260.9400745679492,10081.704101237206,133,134,11,0,0.056612957996549085,
original,random,5271,joint,hash,0,16,16,True,3808.337491263325,238.0210932039578,15401.687456316624,111,93,16,0,0.016268875013338402,
original,random,5271,optical,hash,0,16,16,True,3303.5189549133697,206.4699346820856,12567.594774566849,116,127,17,1,0.0918556249816902,
original,random,5271,phased,hash,0,16,16,True,4119.556083246547,257.4722552029092,15637.780416232737,152,152,16,0,0.01769104099366814,
original,random,5271,v2,hash,0,16,16,True,3139.08790733473,196.19299420842063,11750.43953667365,117,124,16,0,0.17540529198595323,
original,random,5271,v3,hash,0,16,16,True,3329.7004242475878,208.10627651547424,12473.50212123794,125,130,16,0,0.08052762498846278,
original,random,5271,v3_origin20,hash,0,16,16,True,3401.37486847695,212.58592927980936,12496.874342384748,136,142,16,0,0.0839256250183098,
original,random,5272,joint,hash,0,14,14,True,3673.2053558649313,262.3718111332094,14281.026779324657,127,112,14,0,0.016441874991869554,
original,random,5272,optical,hash,0,14,14,True,3215.0703930702543,229.64788521930387,12565.351965351272,104,109,15,1,0.06420045800041407,
original,random,5272,phased,hash,0,14,14,True,4330.439774749331,309.3171267678094,16262.198873746654,167,173,14,0,0.013774582999758422,
original,random,5272,v2,hash,0,14,14,True,3594.62826156385,256.759161540275,13483.14130781925,138,138,14,0,0.13886991699109785,
original,random,5272,v3,hash,0,14,14,True,3245.3899086149795,231.81356490106995,12531.949543074898,112,109,14,0,0.05447037500562146,
original,random,5272,v3_origin20,hash,0,14,14,True,3308.1891870417057,236.2992276458361,12250.945935208529,132,128,14,0,0.06088249999447726,
original,random,5273,joint,hash,0,12,12,True,3430.4839038639434,285.8736586553286,12757.419519319717,139,124,12,0,0.012893791979877278,
original,random,5273,optical,hash,0,12,12,True,3158.169398791336,263.1807832326113,11735.84699395668,123,124,16,4,0.06154504101141356,
original,random,5273,phased,hash,0,12,12,True,4165.923574127679,347.16029784397324,15474.617870638393,168,171,12,0,0.012175999989267439,
original,random,5273,v2,hash,0,12,12,True,2970.084311228363,247.5070259356969,10485.421556141813,135,138,12,0,0.12892770799226128,
original,random,5273,v3,hash,0,12,12,True,3091.951401131645,257.6626167609704,11514.757005658224,122,119,12,0,0.045060000004014,
original,random,5273,v3_origin20,hash,0,12,12,True,2903.7295530995516,241.97746275829596,10183.647765497759,134,137,12,0,0.05754612499731593,
original,random,5274,joint,hash,0,14,14,True,3514.7102434574945,251.05073167553533,13403.551217287473,130,114,14,0,0.018572791013866663,
original,random,5274,optical,hash,0,14,14,True,3034.2722577201107,216.73373269429362,11281.361288600554,116,119,17,3,0.058034167013829574,
original,random,5274,phased,hash,0,14,14,True,4063.8220325332622,290.27300232380446,14954.110162666311,166,173,14,0,0.01311562498449348,
original,random,5274,v2,hash,0,14,14,True,2865.1022490472487,204.65016064623205,10150.511245236243,127,130,14,0,0.12051100001554005,
original,random,5274,v3,hash,0,14,14,True,3019.5032389815246,215.6788027843946,11207.516194907623,118,118,14,0,0.04669449999346398,
original,random,5274,v3_origin20,hash,0,14,14,True,2845.6263617380546,203.25902583843248,10023.131808690274,128,131,14,0,0.05791254201903939,
original,random,5275,joint,hash,0,14,14,True,3291.2615088055327,235.09010777182377,12211.307544027663,132,119,14,0,0.02125633298419416,
original,random,5275,optical,hash,0,14,14,True,3193.700138490364,228.12143846359746,12233.50069245182,111,119,15,1,0.06348370801424608,
original,random,5275,phased,hash,0,14,14,True,4194.7968157377,299.62834398126427,15458.984078688502,172,173,14,0,0.015975583024555817,
original,random,5275,v2,hash,0,14,14,True,3020.7004521477465,215.76431801055332,10498.502260738733,141,146,14,0,0.16267658400465734,
original,random,5275,v3,hash,0,14,14,True,3217.10432247819,229.7931658912993,12165.52161239095,119,119,14,0,0.05526833399198949,
original,random,5275,v3_origin20,hash,0,14,14,True,3027.6687692119103,216.26205494370788,10448.343846059552,144,148,14,0,0.06677999999374151,
original,random,5276,joint,hash,0,15,15,True,3172.156734805489,211.4771156536993,11635.783674027445,130,120,15,0,0.015418958006193861,
original,random,5276,optical,hash,0,15,15,True,3053.5242494175627,203.56828329450417,11512.621247087814,111,118,16,1,0.07130099998903461,
original,random,5276,phased,hash,0,15,15,True,4336.491647126412,289.09944314176084,16242.458235632062,168,173,15,0,0.01493154198396951,
original,random,5276,v2,hash,0,15,15,True,3240.6259564015795,216.04173042677198,11768.129782007898,135,137,15,0,0.15763654100010172,
original,random,5276,v3,hash,0,15,15,True,3078.186156878667,205.2124104585778,11515.930784393337,116,120,15,0,0.057442332996288314,
original,random,5276,v3_origin20,hash,0,15,15,True,3092.3425094437484,206.1561672962499,11191.712547218742,129,134,15,0,0.06222399999387562,
original,random,5277,joint,hash,0,16,16,True,3579.9215176907824,223.7450948556739,13739.607588453911,128,112,16,0,0.01686483301455155,
original,random,5277,optical,hash,0,16,16,True,3589.312790162723,224.3320493851702,14161.563950813616,111,116,18,2,0.06702183399465866,
original,random,5277,phased,hash,0,16,16,True,4497.619614004017,281.1012258752511,16983.09807002009,170,171,16,0,0.01661754201631993,
original,random,5277,v2,hash,0,16,16,True,3243.3787399309067,202.71117124568167,12011.893699654534,127,126,16,0,0.13458687500678934,
original,random,5277,v3,hash,0,16,16,True,3577.1924266935466,223.57452666834666,14130.962133467734,112,111,16,0,0.05240758298896253,
original,random,5277,v3_origin20,hash,0,16,16,True,3257.6227137150245,203.60141960718903,12038.113568575121,128,130,16,0,0.0627240420144517,
original,random,5278,joint,hash,0,10,10,True,3329.785737251201,332.9785737251201,12258.928686256006,140,128,10,0,0.01191633302369155,
original,random,5278,optical,hash,0,10,10,True,3006.5487973727013,300.6548797372701,11362.743986863507,114,114,10,0,0.043233417003648356,
original,random,5278,phased,hash,0,10,10,True,4131.832032092493,413.1832032092493,15469.160160462465,164,168,10,0,0.01010679200408049,
original,random,5278,v2,hash,0,10,10,True,3141.6135797765655,314.16135797765656,11503.067898882828,132,131,10,0,0.09701033300370909,
original,random,5278,v3,hash,0,10,10,True,3011.2580927345753,301.12580927345755,11311.290463672876,117,114,10,0,0.033924082992598414,
original,random,5278,v3_origin20,hash,0,10,10,True,3065.6486776916668,306.56486776916665,11068.243388458333,134,132,10,0,0.04174849999253638,
original,random,5279,joint,hash,0,10,10,True,3368.6838908879754,336.8683890887975,12313.419454439878,145,131,10,0,0.01140695801586844,
original,random,5279,optical,hash,0,10,10,True,2960.98885842859,296.098885842859,10909.94429214295,120,120,13,3,0.04072504199575633,
original,random,5279,phased,hash,0,10,10,True,4083.7088199038303,408.37088199038305,15128.544099519151,168,168,10,0,0.010067041992442682,
original,random,5279,v2,hash,0,10,10,True,3122.8776495376474,312.28776495376474,11394.388247688237,133,129,10,0,0.09097512500011362,
original,random,5279,v3,hash,0,10,10,True,2945.9357953510635,294.59357953510636,10839.678976755316,122,118,10,0,0.03174991699052043,
original,random,5279,v3_origin20,hash,0,10,10,True,3148.2041859979427,314.82041859979427,11306.020929989712,140,137,10,0,0.04625208297511563,
original,random,5280,joint,hash,0,11,11,True,3172.248663404081,288.38624212764375,11921.243317020406,124,113,11,0,0.013138750015059486,
original,random,5280,optical,hash,0,11,11,True,2936.850923677487,266.9864476070443,10289.254618387436,135,143,13,2,0.0495723329950124,
original,random,5280,phased,hash,0,11,11,True,3743.4117225291857,340.31015659356234,13497.058612645927,164,169,11,0,0.012103249988285825,
original,random,5280,v2,hash,0,11,11,True,2880.1216984724706,261.82924531567915,10315.608492362353,127,127,11,0,0.11462637499789707,
original,random,5280,v3,hash,0,11,11,True,2916.8812157123675,265.17101961021524,10144.406078561839,139,138,11,0,0.03954804100794718,
original,random,5280,v3_origin20,hash,0,11,11,True,2887.096999165369,262.4633635604881,10295.484995826846,129,128,11,0,0.051112040993757546,
original,random,5281,joint,hash,0,13,13,True,3534.9949996674145,271.9226922821088,13164.974998337073,143,122,13,0,0.015785374998813495,
original,random,5281,optical,hash,0,13,13,True,3226.3947927709955,248.18421482853813,11996.973963854978,126,129,14,1,0.06629175000125542,
original,random,5281,phased,hash,0,13,13,True,4133.91197731709,317.9932290243915,15319.55988658545,167,170,13,0,0.012127499998314306,
original,random,5281,v2,hash,0,13,13,True,3228.0382472395427,248.31063440304175,11880.191236197714,131,132,13,0,0.12020166698493995,
original,random,5281,v3,hash,0,13,13,True,3231.019609071374,248.53996992856722,11960.09804535687,129,129,13,0,0.05140712499269284,
original,random,5281,v3_origin20,hash,0,13,13,True,3170.83361521659,243.91027809358383,11464.16807608295,136,133,13,0,0.0540014159923885,
original,random,5282,joint,hash,0,10,10,True,3158.2125852094164,315.8212585209416,11591.062926047081,135,115,10,0,0.010874917003093287,
original,random,5282,optical,hash,0,10,10,True,2841.519729521589,284.15197295215887,10502.598647607945,114,115,12,2,0.04404891701415181,
original,random,5282,phased,hash,0,10,10,True,3757.5435254631193,375.7543525463119,13547.717627315596,166,168,10,0,0.008385958994040266,
original,random,5282,v2,hash,0,10,10,True,3088.8542874977525,308.88542874977526,11189.271437488762,134,131,10,0,0.09802266699261963,
original,random,5282,v3,hash,0,10,10,True,2865.658794553577,286.56587945535773,10583.293972767886,117,114,10,0,0.035177750018192455,
original,random,5282,v3_origin20,hash,0,10,10,True,2980.7121947829937,298.0712194782994,10593.560973914968,136,132,10,0,0.04340487500303425,
original,random,5283,joint,hash,0,14,14,True,4050.222479486056,289.3016056775754,15791.112397430279,140,122,14,0,0.018768707988783717,
original,random,5283,optical,hash,0,14,14,True,3403.327886397839,243.09484902841706,13161.639431989195,115,123,15,1,0.07485254199127667,
original,random,5283,phased,hash,0,14,14,True,4427.279358584783,316.2342398989131,16571.396792923915,174,173,14,0,0.014486000000033528,
original,random,5283,v2,hash,0,14,14,True,3229.0435716173897,230.64596940124213,12030.217858086948,125,128,14,0,0.1588397910236381,
original,random,5283,v3,hash,0,14,14,True,3412.676076158769,243.76257686848348,13103.380380793844,120,122,14,0,0.05629216702072881,
original,random,5283,v3_origin20,hash,0,14,14,True,3450.1260933122953,246.43757809373537,13250.630466561477,122,120,14,0,0.05888224998489022,
original,random,5284,joint,hash,0,14,14,True,3471.683513366159,247.9773938118685,13048.417566830794,134,122,14,0,0.019965749990660697,
original,random,5284,optical,hash,0,14,14,True,3347.0479838580063,239.07485598985758,12880.239919290032,116,118,15,1,0.05815404100576416,
original,random,5284,phased,hash,0,14,14,True,4689.154963846131,334.9396402747237,18110.774819230654,165,172,14,0,0.013873999996576458,
original,random,5284,v2,hash,0,14,14,True,3510.986445119147,250.78474607993908,12879.932225595734,144,145,14,0,0.16983208298915997,
original,random,5284,v3,hash,0,14,14,True,3354.807544958418,239.62911035417272,12884.03772479209,118,118,14,0,0.045759333996102214,
original,random,5284,v3_origin20,hash,0,14,14,True,3557.363863760238,254.097418840017,12936.81931880119,150,150,14,0,0.07259466699906625,
original,random,5285,joint,hash,0,14,14,True,3327.4925428935353,237.67803877810965,12572.462714467676,125,118,14,0,0.01604533300269395,
original,random,5285,optical,hash,0,14,14,True,3297.1441013767844,235.5102929554846,12155.720506883921,130,140,16,2,0.0739881249901373,
original,random,5285,phased,hash,0,14,14,True,4156.960008603335,296.92571490023823,15424.800043016678,166,172,14,0,0.01430195799912326,
original,random,5285,v2,hash,0,14,14,True,3168.8681416999825,226.3477244071416,11019.340708499913,149,150,14,0,0.15582237500348128,
original,random,5285,v3,hash,0,14,14,True,3287.860981497335,234.84721296409538,12069.304907486676,133,139,14,0,0.058068125013960525,
original,random,5285,v3_origin20,hash,0,14,14,True,3129.6924436386603,223.5494602599043,10863.462218193301,148,147,14,0,0.06948066700715572,
original,random,5286,joint,hash,0,11,11,True,2891.2428275441644,262.84025704946947,10576.21413772082,121,116,11,0,0.012962958979187533,
original,random,5286,optical,hash,0,11,11,True,2900.2108774156304,263.6555343105119,10731.054387078151,115,118,13,2,0.05097962499712594,
original,random,5286,phased,hash,0,11,11,True,3826.559141275181,347.8690128431983,13937.795706375904,163,169,11,0,0.010817709000548348,
original,random,5286,v2,hash,0,11,11,True,2959.7081126422913,269.06437387657195,9953.540563211456,152,154,11,0,0.12361333300941624,
original,random,5286,v3,hash,0,11,11,True,2903.658173042775,263.96892482207045,10683.290865213876,119,117,11,0,0.040506582998204976,
original,random,5286,v3_origin20,hash,0,11,11,True,2860.543594841368,260.0494177128516,9947.71797420684,136,136,11,0,0.04992066600243561,
original,random,5287,joint,hash,0,14,14,True,3513.938676546561,250.9956197533258,13164.693382732805,139,116,14,0,0.018108082993421704,
original,random,5287,optical,hash,0,14,14,True,3182.659023598932,227.33278739992372,11548.29511799466,131,136,18,4,0.06282829202245921,
original,random,5287,phased,hash,0,14,14,True,3771.499808225878,269.3928434447056,13517.499041129391,165,173,14,0,0.012928167008794844,
original,random,5287,v2,hash,0,14,14,True,3047.425669892248,217.67326213516057,10802.128349461242,136,137,14,0,0.12279433401999995,
original,random,5287,v3,hash,0,14,14,True,3174.7282168848865,226.76630120606333,11483.641084424433,135,133,14,0,0.05217799998354167,
original,random,5287,v3_origin20,hash,0,14,14,True,2921.2905824252025,208.6636130303716,10236.452912126013,134,134,14,0,0.059073416981846094,
original,random,5288,joint,hash,0,16,16,True,4230.892058530337,264.43075365814605,16774.460292651685,136,116,16,0,0.01666262501385063,
original,random,5288,optical,hash,0,16,16,True,3359.6941887827766,209.98088679892354,12878.470943913882,116,118,18,2,0.06296549999387935,
original,random,5288,phased,hash,0,16,16,True,4566.337427642627,285.39608922766416,17261.687138213132,172,174,16,0,0.016077207983471453,
original,random,5288,v2,hash,0,16,16,True,3516.3567207363826,219.7722950460239,13371.783603681914,127,127,16,0,0.14468808300443925,
original,random,5288,v3,hash,0,16,16,True,3445.2903426670205,215.33064641668878,13211.451713335102,121,118,16,0,0.04953816701890901,
original,random,5288,v3_origin20,hash,0,16,16,True,3345.0110833294866,209.0631927080929,12415.055416647432,130,132,16,0,0.07197645801352337,
original,random,5289,joint,hash,0,15,15,True,4179.859580834601,278.6573053889734,16224.297904173005,148,120,15,0,0.01915158302290365,
original,random,5289,optical,hash,0,15,15,True,3769.4406605150716,251.2960440343381,15017.203302575357,113,117,18,3,0.058907541999360546,
original,random,5289,phased,hash,0,15,15,True,4574.287558938637,304.9525039292424,17156.437794693185,179,173,15,0,0.014972916978877038,
original,random,5289,v2,hash,0,15,15,True,3910.8399142274748,260.72266094849834,15019.199571137375,139,137,15,0,0.1566685829893686,
original,random,5289,v3,hash,0,15,15,True,3754.0314296662104,250.26876197774737,14840.157148331053,119,116,15,0,0.04905495900311507,
original,random,5289,v3_origin20,hash,0,15,15,True,3708.5227717087664,247.2348514472511,13902.613858543833,143,138,15,0,0.0652598750020843,
original,random,5290,joint,hash,0,14,14,True,3205.830715313657,228.98790823668978,11974.153576568286,125,116,14,0,0.015758458990603685,
original,random,5290,optical,hash,0,14,14,True,2981.3417924705545,212.9529851764682,11236.708962352774,109,116,15,1,0.0580084589892067,
original,random,5290,phased,hash,0,14,14,True,4024.4853587157086,287.4632399082649,14782.426793578543,165,173,14,0,0.01227337500313297,
original,random,5290,v2,hash,0,14,14,True,2999.104755614377,214.2217682581698,10585.523778071885,135,137,14,0,0.13713679200736806,
original,random,5290,v3,hash,0,14,14,True,3005.2598105972966,214.66141504266403,11221.299052986482,115,116,14,0,0.04773754099733196,
original,random,5290,v3_origin20,hash,0,14,14,True,2996.6696035340424,214.04782882386016,10693.348017670212,131,133,14,0,0.060641708987532184,
original,random,5291,joint,hash,0,11,11,True,3269.6646620718957,297.24224200653595,12228.32331035948,130,119,11,0,0.012389459006953984,
original,random,5291,optical,hash,0,11,11,True,3037.606372387604,276.14603385341854,11088.031861938021,126,132,12,1,0.056421374989440665,
original,random,5291,phased,hash,0,11,11,True,4002.910815889337,363.900983262667,14664.554079446683,169,170,11,0,0.0132838329882361,
original,random,5291,v2,hash,0,11,11,True,3190.743971798275,290.0676337998432,11548.719858991375,137,141,11,0,0.11505766701884568,
original,random,5291,v3,hash,0,11,11,True,3012.631287350452,273.87557157731385,11018.15643675226,126,124,11,0,0.04426887500449084,
original,random,5291,v3_origin20,hash,0,11,11,True,3118.1348702528803,283.4668063866255,11100.6743512644,140,143,11,0,0.05395987498923205,
original,random,5292,joint,hash,0,11,11,True,3118.7238829655057,283.5203529968642,11263.619414827528,137,126,11,0,0.013464166986523196,
original,random,5292,optical,hash,0,11,11,True,2800.131501978513,254.5574092707739,10180.657509892564,117,121,12,1,0.05074358399724588,
original,random,5292,phased,hash,0,11,11,True,4014.142664744223,364.922060431293,14880.713323721116,163,168,11,0,0.01212845797999762,
original,random,5292,v2,hash,0,11,11,True,2995.4020643234503,272.3092785748591,10257.010321617252,148,149,11,0,0.11509541599662043,
original,random,5292,v3,hash,0,11,11,True,2808.445819909715,255.31325635542862,10097.229099548575,122,124,11,0,0.039118084008805454,
original,random,5292,v3_origin20,hash,0,11,11,True,2952.969861707196,268.45180560974507,10129.849308535979,145,147,11,0,0.049938749987632036,
original,random,5293,joint,hash,0,14,14,True,3506.913040726987,250.49378862335624,13219.565203634937,135,118,14,0,0.019336915982421488,
original,random,5293,optical,hash,0,14,14,True,3461.8234503645717,247.2731035974694,13054.11725182286,129,133,15,1,0.0647222500119824,
original,random,5293,phased,hash,0,14,14,True,4278.817188314255,305.62979916530395,15959.085941571277,169,172,14,0,0.01388833299279213,
original,random,5293,v2,hash,0,14,14,True,3425.7912996282625,244.69937854487588,12478.956498141313,143,145,14,0,0.172961749980459,
original,random,5293,v3,hash,0,14,14,True,3450.8749492559746,246.4910678039982,12929.374746279873,133,130,14,0,0.05210804200032726,
original,random,5293,v3_origin20,hash,0,14,14,True,3335.3518241087504,238.2394160077679,12201.759120543753,137,140,14,0,0.06682829101919197,
original,random,5294,joint,hash,0,11,11,True,3065.297726187863,278.6634296534421,11011.488630939317,137,123,11,0,0.014286499994341284,
original,random,5294,optical,hash,0,11,11,True,2867.8057511389757,260.7096137399069,10504.028755694879,117,118,14,3,0.04595529200742021,
original,random,5294,phased,hash,0,11,11,True,3969.1279071678737,360.829809742534,14450.63953583937,171,169,11,0,0.012189332977868617,
original,random,5294,v2,hash,0,11,11,True,3216.0773959853145,292.3706723623013,11545.386979926572,142,142,11,0,0.12295766698662192,
original,random,5294,v3,hash,0,11,11,True,2885.289022035575,262.2990020032341,10496.445110177874,123,116,11,0,0.04183054101304151,
original,random,5294,v3_origin20,hash,0,11,11,True,3081.832249873965,280.16656817036045,10909.161249369825,141,140,11,0,0.05690745799802244,
original,random,5295,joint,hash,0,14,14,True,4207.047503055498,300.5033930753927,16440.23751527749,147,114,14,0,0.015200750000076368,
original,random,5295,optical,hash,0,14,14,True,3591.979023413501,256.5699302438215,14064.895117067506,115,119,19,5,0.06757541699334979,
original,random,5295,phased,hash,0,14,14,True,4413.424861813569,315.2446329866835,16507.124309067844,174,172,14,0,0.013944624981377274,
original,random,5295,v2,hash,0,14,14,True,3279.0871232388945,234.22050880277817,12125.435616194472,131,129,14,0,0.11017562501365319,
original,random,5295,v3,hash,0,14,14,True,3580.522385671196,255.751598976514,13917.61192835598,122,117,14,0,0.04994783300207928,
original,random,5295,v3_origin20,hash,0,14,14,True,3046.197210467719,217.58551503340848,10820.986052338594,136,132,14,0,0.05004908301634714,
original,random,5296,joint,hash,0,10,10,True,2732.2758517150664,273.22758517150663,9426.379258575333,134,127,10,0,0.01189612501184456,
original,random,5296,optical,hash,0,10,10,True,2741.92790162248,274.192790162248,9609.6395081124,127,126,13,3,0.049247375020058826,
original,random,5296,phased,hash,0,10,10,True,3753.178138678599,375.3178138678599,13625.890693392996,162,168,10,0,0.009204000001773238,
original,random,5296,v2,hash,0,10,10,True,2637.093927298209,263.70939272982093,8675.469636491045,142,142,10,0,0.08874216699041426,
original,random,5296,v3,hash,0,10,10,True,2725.6560418583636,272.5656041858364,9548.280209291817,128,126,10,0,0.04041716700885445,
original,random,5296,v3_origin20,hash,0,10,10,True,2652.2125661282353,265.22125661282354,8681.062830641176,144,146,10,0,0.045629958010977134,
original,random,5297,joint,hash,0,14,14,True,3290.8598328758185,235.06141663398702,12479.299164379092,122,115,14,0,0.01682970899855718,
original,random,5297,optical,hash,0,14,14,True,3069.874221746048,219.27673012471772,11214.37110873024,125,132,14,0,0.06583958302508108,
original,random,5297,phased,hash,0,14,14,True,3919.425531060946,279.95896650435327,14257.12765530473,165,173,14,0,0.014767166983801872,
original,random,5297,v2,hash,0,14,14,True,2947.565302436872,210.54037874549087,10227.826512184361,138,142,14,0,0.15022991600562818,
original,random,5297,v3,hash,0,14,14,True,3090.5931512455895,220.75665366039925,11137.965756227948,132,133,14,0,0.05752958302036859,
original,random,5297,v3_origin20,hash,0,14,14,True,3206.7665222939277,229.0547515924234,11308.83261146964,145,150,14,0,0.0698803749983199,
original,random,5298,joint,hash,0,14,14,True,3736.1912036505164,266.8708002607512,14285.956018252582,139,114,14,0,0.01768883300246671,
original,random,5298,optical,hash,0,14,14,True,3322.7954203445743,237.34253002461244,12293.97710172287,130,135,17,3,0.06658258300740272,
original,random,5298,phased,hash,0,14,14,True,4163.390098580959,297.38500704149703,15276.950492904794,173,173,14,0,0.015085833001649007,
original,random,5298,v2,hash,0,14,14,True,3302.8403534841814,235.91716810601295,12229.201767420907,130,137,14,0,0.17277050000848249,
original,random,5298,v3,hash,0,14,14,True,3301.066282899616,235.790448778544,12225.33141449808,131,131,14,0,0.04538849997334182,
original,random,5298,v3_origin20,hash,0,14,14,True,3092.3000089739285,220.87857206956633,10781.500044869643,144,146,14,0,0.0590497080120258,
original,random,5299,joint,hash,0,15,15,True,3599.632474401881,239.97549829345874,13623.162372009407,136,120,15,0,0.01842191701871343,
original,random,5299,optical,hash,0,15,15,True,3066.4043030799817,204.42695353866546,11512.021515399909,113,118,17,2,0.0642271249962505,
original,random,5299,phased,hash,0,15,15,True,4194.337480156267,279.6224986770845,15501.687400781335,169,174,15,0,0.014826875005383044,
original,random,5299,v2,hash,0,15,15,True,3120.891836122907,208.05945574152713,11944.459180614534,109,112,15,0,0.15816266598994844,
original,random,5299,v3,hash,0,15,15,True,3050.738339929151,203.38255599527673,11388.691699645755,116,118,15,0,0.052474417025223374,
original,random,5299,v3_origin20,hash,0,15,15,True,3158.693630139825,210.579575342655,11893.468150699126,117,120,15,0,0.06497779200435616,
original,random,5300,joint,hash,0,15,15,True,3398.289301516486,226.55262010109905,12886.44650758243,126,116,15,0,0.01941183299641125,
original,random,5300,optical,hash,0,15,15,True,3490.9152826575128,232.72768551050086,13369.576413287565,122,123,18,3,0.07099216597271152,
original,random,5300,phased,hash,0,15,15,True,4340.550212580716,289.3700141720477,16362.751062903579,164,173,15,0,0.016311040992150083,
original,random,5300,v2,hash,0,15,15,True,3244.7720985101228,216.31813990067485,11628.860492550613,140,144,15,0,0.18730520800454542,
original,random,5300,v3,hash,0,15,15,True,3511.410703652809,234.09404691018727,13527.053518264045,122,121,15,0,0.05194429200491868,
original,random,5300,v3_origin20,hash,0,15,15,True,3193.890762157037,212.92605081046912,11464.453810785186,137,141,15,0,0.07555370801128447,
original,random,5301,joint,hash,0,11,11,True,3460.524355450142,314.5931232227402,12752.621777250712,146,125,11,0,0.011639250005828217,
original,random,5301,optical,hash,0,11,11,True,3016.7066415154604,274.2460583195873,11153.533207577302,121,126,11,0,0.054477541998494416,
original,random,5301,phased,hash,0,11,11,True,4146.005277287431,376.90957066249376,15410.026386437155,168,169,11,0,0.010756624978967011,
original,random,5301,v2,hash,0,11,11,True,3072.1885393926514,279.28986721751374,11020.942696963257,136,133,11,0,0.10403454100014642,
original,random,5301,v3,hash,0,11,11,True,3043.055170050751,276.6413790955228,11085.275850253754,129,126,11,0,0.04116629101918079,
original,random,5301,v3_origin20,hash,0,11,11,True,3072.5723567860864,279.32475970782605,10967.861783930432,138,134,11,0,0.05083237501094118,
original,random,5302,joint,hash,0,15,15,True,3700.2892834483305,246.6859522298887,14316.446417241652,129,117,15,0,0.018422833003569394,
original,random,5302,optical,hash,0,15,15,True,3351.721322349714,223.44808815664757,12768.606611748568,119,125,16,1,0.06304774997988716,
original,random,5302,phased,hash,0,15,15,True,4488.812359511706,299.2541573007804,16874.06179755853,173,174,15,0,0.01763537499937229,
original,random,5302,v2,hash,0,15,15,True,3697.2710798080143,246.48473865386762,14056.35539904007,135,136,15,0,0.17149020798387937,
original,random,5302,v3,hash,0,15,15,True,3354.213039175357,223.61420261169047,12746.065195876787,121,125,15,0,0.04850137498578988,
original,random,5302,v3_origin20,hash,0,15,15,True,3570.155280879648,238.0103520586432,13560.77640439824,131,128,15,0,0.07839566600159742,
original,random,5303,joint,hash,0,16,16,True,4218.075036972708,263.6296898107943,16440.375184863544,147,115,16,0,0.018605332996230572,
original,random,5303,optical,hash,0,16,16,True,3618.0214322930565,226.12633951831603,14100.107161465283,118,125,17,1,0.0779820840107277,
original,random,5303,phased,hash,0,16,16,True,4667.256668673807,291.70354179211296,17901.283343369036,167,172,16,0,0.014883083989843726,
original,random,5303,v2,hash,0,16,16,True,3729.833181421879,233.11457383886744,14594.165907109395,122,121,16,0,0.15548866600147448,
original,random,5303,v3,hash,0,16,16,True,3649.8646019890984,228.11653762431865,14149.323009945492,123,125,16,0,0.06420529101160355,
original,random,5303,v3_origin20,hash,0,16,16,True,3669.4703107134196,229.34189441958873,14247.351553567098,123,125,16,0,0.06332554199616425,
original,random,5304,joint,hash,0,11,11,True,2726.8779587891395,247.89799625355815,9579.389793945698,126,126,11,0,0.013462208007695153,
original,random,5304,optical,hash,0,11,11,True,2758.9863847487354,250.81694406806685,9814.931923743678,122,128,12,1,0.05797958298353478,
original,random,5304,phased,hash,0,11,11,True,3409.876263696172,309.9887512451065,11904.38131848086,161,169,11,0,0.013102541008265689,
original,random,5304,v2,hash,0,11,11,True,2807.73549556538,255.24868141503455,9423.6774778269,144,148,11,0,0.1029242500080727,
original,random,5304,v3,hash,0,11,11,True,2757.3028327662087,250.66389388783716,9806.514163831043,123,126,11,0,0.04842429200652987,
original,random,5304,v3_origin20,hash,0,11,11,True,2530.9575690344,230.0870517304,8699.787845172,122,126,11,0,0.04788162501063198,
original,random,5305,joint,hash,0,13,13,True,3539.0574729566993,272.2351902274384,12860.287364783497,154,132,13,0,0.016259416996035725,
original,random,5305,optical,hash,0,13,13,True,3264.4956338292486,251.11504875609606,12692.478169146243,110,111,13,0,0.054644959018332884,
original,random,5305,phased,hash,0,13,13,True,4134.506506725776,318.0389620558289,15217.532533628879,171,171,13,0,0.013858666003216058,
original,random,5305,v2,hash,0,13,13,True,3284.816544372807,252.67819572098517,11864.082721864035,141,142,13,0,0.10199987498344854,
original,random,5305,v3,hash,0,13,13,True,3284.143738498722,252.62644142297862,12690.71869249361,114,111,13,0,0.04416904100799002,
original,random,5305,v3_origin20,hash,0,13,13,True,3218.0538503068,247.54260386975386,11475.269251534,143,143,13,0,0.051805291994242,
original,random,5306,joint,hash,0,11,11,True,3120.9627193914916,283.7238835810447,11049.813596957458,144,136,11,0,0.01352704199962318,
original,random,5306,optical,hash,0,11,11,True,2840.3941276286696,258.2176479662427,10071.970638143348,126,126,16,5,0.04684937500860542,
original,random,5306,phased,hash,0,11,11,True,3846.9477454309026,349.72252231190026,13934.738727154514,167,170,11,0,0.010872250015381724,
original,random,5306,v2,hash,0,11,11,True,2879.711698279487,261.79197257086247,10128.558491397434,133,134,11,0,0.11718537501292303,
original,random,5306,v3,hash,0,11,11,True,2847.4950045947567,258.863182235887,10047.475022973784,131,128,11,0,0.03658629200072028,
original,random,5306,v3_origin20,hash,0,11,11,True,2804.7918371854344,254.98107610776677,9828.959185927171,130,134,11,0,0.05111233302159235,
original,random,5307,joint,hash,0,12,12,True,3107.1804335169318,258.93170279307765,11230.90216758466,136,121,12,0,0.016150750016095117,
original,random,5307,optical,hash,0,12,12,True,2972.744660039573,247.72872166996441,10333.723300197864,140,140,14,2,0.051952874986454844,
original,random,5307,phased,hash,0,12,12,True,3828.750446234843,319.0625371862369,13788.752231174214,168,171,12,0,0.010708458023145795,
original,random,5307,v2,hash,0,12,12,True,2889.145453498697,240.76212112489142,9630.727267493485,151,148,12,0,0.1236355829751119,
original,random,5307,v3,hash,0,12,12,True,2955.120603357671,246.2600502798059,10255.603016788355,141,139,12,0,0.044156082993140444,
original,random,5307,v3_origin20,hash,0,12,12,True,2930.5387397075915,244.2115616422993,10102.693698537958,142,140,12,0,0.05618691598647274,
original,random,5308,joint,hash,0,10,10,True,3281.005123295554,328.1005123295554,12275.02561647777,132,116,10,0,0.011758790991734713,
original,random,5308,optical,hash,0,10,10,True,3122.1948867204646,312.21948867204645,11355.974433602323,133,133,11,1,0.0365559580095578,
original,random,5308,phased,hash,0,10,10,True,3751.1729515656953,375.1172951565695,13540.864757828476,165,168,10,0,0.00953833301900886,
original,random,5308,v2,hash,0,10,10,True,2907.591589445487,290.7591589445487,10357.957947227434,131,131,10,0,0.09102012499351986,
original,random,5308,v3,hash,0,10,10,True,3128.7729959320563,312.87729959320563,11363.864979660282,135,131,10,0,0.03049079200718552,
original,random,5308,v3_origin20,hash,0,10,10,True,2866.4660121777088,286.64660121777086,10157.330060888544,131,130,10,0,0.045790875010425225,
original,random,5309,joint,hash,0,11,11,True,3352.21471609997,304.74679237272454,12696.07358049985,129,113,11,0,0.012630916986381635,
original,random,5309,optical,hash,0,11,11,True,3035.3444747077824,275.94040679161657,11046.722373538913,127,130,13,2,0.05680374999064952,
original,random,5309,phased,hash,0,11,11,True,3842.7694581658293,349.34267801507536,13988.847290829146,164,170,11,0,0.010841833020094782,
original,random,5309,v2,hash,0,11,11,True,3125.6344834153974,284.14858940139976,11148.172417076987,140,141,11,0,0.12500633299350739,
original,random,5309,v3,hash,0,11,11,True,3243.4476980261384,294.85888163873983,11982.238490130692,132,132,11,0,0.04928158299298957,
original,random,5309,v3_origin20,hash,0,11,11,True,3116.722803035693,283.33843663960846,11073.614015178464,141,142,11,0,0.06198633401072584,
original,random,5310,joint,hash,0,14,14,True,3555.0201951648705,253.9300139403479,13935.100975824353,120,98,14,0,0.016525624989299104,
original,random,5310,optical,hash,0,14,14,True,3288.5791250904194,234.89850893502995,12512.895625452098,118,123,15,1,0.07081120798829943,
original,random,5310,phased,hash,0,14,14,True,3920.17510606634,280.01250757616714,14110.8755303317,171,173,14,0,0.01578262500697747,
original,random,5310,v2,hash,0,14,14,True,3148.0322020629374,224.85944300449552,12175.161010314687,107,108,14,0,0.14698045799741521,
original,random,5310,v3,hash,0,14,14,True,3265.8798878886055,233.2771348491861,12254.399439443028,125,120,14,0,0.05521712498739362,
original,random,5310,v3_origin20,hash,0,14,14,True,3273.4920189524414,233.82085849660297,11787.460094762208,141,141,14,0,0.05168166701332666,
original,random,5311,joint,hash,0,10,10,True,2643.4283905990897,264.34283905990895,8912.14195299545,137,126,10,0,0.013537166989408433,
original,random,5311,optical,hash,0,10,10,True,2637.600381451528,263.7600381451528,9113.00190725764,126,129,12,2,0.04475466700387187,
original,random,5311,phased,hash,0,10,10,True,3380.6582006755543,338.0658200675554,11758.291003377772,162,169,10,0,0.00888583401683718,
original,random,5311,v2,hash,0,10,10,True,2731.282940741856,273.1282940741856,9091.414703709279,144,143,10,0,0.09678433299995959,
original,random,5311,v3,hash,0,10,10,True,2643.7598169685657,264.37598169685657,9133.799084842829,128,127,10,0,0.032009916001698,
original,random,5311,v3_origin20,hash,0,10,10,True,2612.41551940987,261.241551940987,8467.077597049349,145,144,10,0,0.047436833003303036,
original,random,5312,joint,hash,0,14,14,True,3139.3961923400575,224.24258516714696,11586.980961700287,127,117,14,0,0.01771912499680184,
original,random,5312,optical,hash,0,14,14,True,3093.39663431803,220.95690245128785,11761.98317159015,111,116,14,0,0.054497000004630536,
original,random,5312,phased,hash,0,14,14,True,4179.805111447634,298.55750796054525,15509.02555723817,167,173,14,0,0.013920666999183595,
original,random,5312,v2,hash,0,14,14,True,3072.337591163102,219.4526850830787,11206.687955815509,127,126,14,0,0.15517958300188184,
original,random,5312,v3,hash,0,14,14,True,3109.1047855761963,222.0789132554426,11665.523927880982,118,116,14,0,0.043661790987243876,
original,random,5312,v3_origin20,hash,0,14,14,True,3049.116767167443,217.7940547976745,10995.583835837215,130,130,14,0,0.06792158400639892,
original,random,5313,joint,hash,0,16,16,True,3650.2664852933876,228.14165533083673,14301.332426466939,122,100,16,0,0.020607249985914677,
original,random,5313,optical,hash,0,16,16,True,3235.675627720818,202.22972673255111,11973.37813860409,125,133,17,1,0.0707796250062529,
original,random,5313,phased,hash,0,16,16,True,4286.4418498467485,267.9026156154218,16362.209249233742,156,154,16,0,0.018270457978360355,
original,random,5313,v2,hash,0,16,16,True,3175.8091905048486,198.48807440655304,12044.045952524242,114,117,16,0,0.15093487498234026,
original,random,5313,v3,hash,0,16,16,True,3260.9385714104624,203.8086607131539,11979.692857052312,130,135,16,0,0.05879237499902956,
original,random,5313,v3_origin20,hash,0,16,16,True,3245.926545012614,202.87040906328838,11509.632725063071,144,144,16,0,0.07270845799939707,
original,random,5314,joint,hash,0,13,13,True,3615.498908743867,278.11530067260514,13642.494543719335,139,127,13,0,0.015834250021725893,
original,random,5314,optical,hash,0,13,13,True,3307.8742468464648,254.45186514203576,12879.371234232323,110,111,15,2,0.05386624997481704,
original,random,5314,phased,hash,0,13,13,True,4407.548089872622,339.0421607594325,16732.74044936311,165,171,13,0,0.012760957994032651,
original,random,5314,v2,hash,0,13,13,True,3401.079788953785,261.6215222272142,12455.398944768924,141,140,13,0,0.14301220802008174,
original,random,5314,v3,hash,0,13,13,True,3302.986037126022,254.075849009694,12789.93018563011,114,110,13,0,0.04733254198799841,
original,random,5314,v3_origin20,hash,0,13,13,True,3285.8385163288403,252.75680894837234,11804.192581644202,144,140,13,0,0.06465662497794256,
original,random,5315,joint,hash,0,16,16,True,3367.491986452886,210.46824915330538,12782.45993226443,124,111,16,0,0.019644750020233914,
original,random,5315,optical,hash,0,16,16,True,2995.0625986743567,187.1914124171473,12020.312993371783,84,88,17,1,0.05980112499673851,
original,random,5315,phased,hash,0,16,16,True,3522.2335923176324,220.13959951985203,13991.167961588162,109,99,16,0,0.015535749989794567,
original,random,5315,v2,hash,0,16,16,True,3207.6132582177233,200.4758286386077,11303.066291088617,144,147,16,0,0.16030795901315287,
original,random,5315,v3,hash,0,16,16,True,3013.1664564320154,188.32290352700096,12000.832282160076,89,88,16,0,0.04620025001349859,
original,random,5315,v3_origin20,hash,0,16,16,True,3066.0171699645234,191.6260731227827,10740.085849822617,139,143,16,0,0.07727112498832867,
original,random,5316,joint,hash,0,11,11,True,3248.1364076452573,295.28512796775067,11905.682038226287,137,127,11,0,0.01333912499831058,
original,random,5316,optical,hash,0,11,11,True,3151.518077906006,286.50164344600057,12177.59038953003,110,111,11,0,0.04984433398931287,
original,random,5316,phased,hash,0,11,11,True,4353.343622417391,395.75851112885374,16546.718112086957,164,169,11,0,0.011521084001287818,
original,random,5316,v2,hash,0,11,11,True,3276.640151610501,297.8763774191365,12123.200758052506,133,132,11,0,0.1105817079951521,
original,random,5316,v3,hash,0,11,11,True,3342.884862175998,303.89862383418165,13009.42431087999,115,111,11,0,0.04426679198513739,
original,random,5316,v3_origin20,hash,0,11,11,True,3245.759928160419,295.0690843782199,12068.799640802094,130,127,11,0,0.051749999984167516,
original,random,5317,joint,hash,0,15,15,True,3524.063880923956,234.93759206159706,12985.319404619779,145,127,15,0,0.01909499999601394,
original,random,5317,optical,hash,0,15,15,True,3189.7982849011755,212.6532189934117,12043.991424505877,116,123,16,1,0.08153437500004657,
original,random,5317,phased,hash,0,15,15,True,4298.6751107867185,286.5783407191146,15973.375553933594,171,174,15,0,0.015278582985047251,
original,random,5317,v2,hash,0,15,15,True,3326.0532206567013,221.73688137711343,12020.266103283506,140,147,15,0,0.24635304199182428,
original,random,5317,v3,hash,0,15,15,True,3200.8760556386733,213.39173704257823,11909.380278193366,124,124,15,0,0.0663387080130633,
original,random,5317,v3_origin20,hash,0,15,15,True,3347.303385108383,223.1535590072255,11996.516925541913,145,148,15,0,0.1270492500043474,
original,random,5318,joint,hash,0,14,14,True,3563.1303890551103,254.50931350393645,13665.651945275551,129,115,14,0,0.020022167009301484,
original,random,5318,optical,hash,0,14,14,True,3292.9622981256935,235.2115927232638,12464.811490628468,120,127,15,1,0.0727510419965256,
original,random,5318,phased,hash,0,14,14,True,4424.893156613458,316.0637969009613,16739.465783067288,167,172,14,0,0.01945279201027006,
original,random,5318,v2,hash,0,14,14,True,3150.5123154576913,225.03659396126366,11307.561577288458,136,139,14,0,0.1828958750120364,
original,random,5318,v3,hash,0,14,14,True,3309.165545894405,236.3689675638861,12435.827729472026,125,127,14,0,0.06194883299758658,
original,random,5318,v3_origin20,hash,0,14,14,True,3100.544727275317,221.46748051966551,11277.723636376586,129,130,14,0,0.07261845900211483,
original,random,5319,joint,hash,0,10,10,True,3805.9883447388165,380.59883447388165,14249.941723694083,156,126,10,0,0.013880834012525156,
original,random,5319,optical,hash,0,10,10,True,2989.484414910211,298.9484414910211,10767.422074551056,131,125,12,2,0.042031124990899116,
original,random,5319,phased,hash,0,10,10,True,4004.721822980767,400.4721822980767,14583.609114903835,174,168,10,0,0.011555375007446855,
original,random,5319,v2,hash,0,10,10,True,3338.1309555216326,333.81309555216325,12145.654777608162,144,139,10,0,0.10486549997585826,
original,random,5319,v3,hash,0,10,10,True,2965.2308817974595,296.52308817974597,10576.154408987297,135,125,10,0,0.03406566599733196,
original,random,5319,v3_origin20,hash,0,10,10,True,3212.4729858368078,321.2472985836808,11652.36492918404,140,132,10,0,0.04181291599525139,
original,random,5320,joint,hash,0,13,13,True,3783.559342102168,291.0430263155514,14377.79671051084,144,123,13,0,0.015411125001264736,
original,random,5320,optical,hash,0,13,13,True,3544.2291092178943,272.6330084013765,13426.145546089472,131,136,14,1,0.06310537498211488,
original,random,5320,phased,hash,0,13,13,True,4492.610416155844,345.58541662737264,17008.05208077922,171,171,13,0,0.013540332991397008,
original,random,5320,v2,hash,0,13,13,True,3355.5048672989888,258.11575902299916,12122.524336494944,144,146,13,0,0.1546586250187829,
original,random,5320,v3,hash,0,13,13,True,3558.3856635824586,273.7219741217276,13386.928317912292,136,136,13,0,0.058313958026701584,
original,random,5320,v3_origin20,hash,0,13,13,True,3289.453292896484,253.03486868434493,11797.26646448242,144,145,13,0,0.06661404098849744,
original,random,5321,joint,hash,0,10,10,True,2976.273666423608,297.6273666423608,10301.368332118042,146,136,10,0,0.011894833005499095,
original,random,5321,optical,hash,0,10,10,True,2773.1216294986975,277.31216294986973,9855.608147493487,124,126,12,2,0.051005792018258944,
original,random,5321,phased,hash,0,10,10,True,3574.078130920592,357.4078130920592,12600.39065460296,167,169,10,0,0.010726707987487316,
original,random,5321,v2,hash,0,10,10,True,2702.320407145506,270.23204071455064,8961.60203572753,143,145,10,0,0.08523283299291506,
original,random,5321,v3,hash,0,10,10,True,2742.6149692099866,274.26149692099864,9693.074846049933,126,124,10,0,0.035511333000613376,
original,random,5321,v3_origin20,hash,0,10,10,True,2741.23329894953,274.123329894953,9036.16649474765,147,149,10,0,0.04830970801413059,
original,random,5322,joint,hash,0,12,12,True,3341.9593976152214,278.4966164679351,12354.796988076107,137,126,12,0,0.015522667003097013,
original,random,5322,optical,hash,0,12,12,True,3237.7945262405688,269.8162105200474,12313.972631202843,118,119,14,2,0.06576308299554512,
original,random,5322,phased,hash,0,12,12,True,4263.988780847889,355.33239840399074,15944.943904239444,169,170,12,0,0.012571666011353955,
original,random,5322,v2,hash,0,12,12,True,3155.505823987492,262.95881866562434,11722.52911993746,125,126,12,0,0.11538329199538566,
original,random,5322,v3,hash,0,12,12,True,3226.465169414932,268.8720974512443,12297.32584707466,118,117,12,0,0.05305049999151379,
original,random,5322,v3_origin20,hash,0,12,12,True,3133.7018243074695,261.1418186922891,11623.509121537347,125,124,12,0,0.05005962500581518,
original,random,5323,joint,hash,0,16,16,True,3505.364229107705,219.08526431923156,13251.821145538524,133,110,16,0,0.020829916989896446,
original,random,5323,optical,hash,0,16,16,True,3158.9936826830576,197.4371051676911,11279.968413415289,135,142,18,2,0.09035816698451526,
original,random,5323,phased,hash,0,16,16,True,4265.401770689467,266.5876106680917,16182.008853447338,159,154,16,0,0.019498500012559816,
original,random,5323,v2,hash,0,16,16,True,3270.5903272883206,204.41189545552004,11842.951636441603,136,142,16,0,0.18983733301865868,
original,random,5323,v3,hash,0,16,16,True,3127.174876489379,195.4484297805862,11115.874382446895,137,139,16,0,0.07476300001144409,
original,random,5323,v3_origin20,hash,0,16,16,True,3185.473358647819,199.0920849154887,11607.366793239096,130,134,16,0,0.0744311670132447,
original,random,5324,joint,hash,0,14,14,True,3012.149872279075,215.15356230564822,11010.749361395376,124,120,14,0,0.01845345800393261,
original,random,5324,optical,hash,0,14,14,True,2858.164799924706,204.15462856605043,10515.82399962353,113,117,15,1,0.06319424998946488,
original,random,5324,phased,hash,0,14,14,True,3884.8467673094383,277.489054807817,14134.233836547191,163,173,14,0,0.016122166998684406,
original,random,5324,v2,hash,0,14,14,True,3023.6994020651105,215.97852871893647,10848.497010325553,130,134,14,0,0.1959592499770224,
original,random,5324,v3,hash,0,14,14,True,2890.4905693145906,206.46361209389934,10577.452846572953,117,120,14,0,0.053528374992311,
original,random,5324,v3_origin20,hash,0,14,14,True,3077.8747356698495,219.84819540498924,10904.373678349248,137,142,14,0,0.07499041699338704,
original,random,5325,joint,hash,0,10,10,True,3371.003755271847,337.10037552718467,12455.018776359233,141,125,10,0,0.012238916999194771,
original,random,5325,optical,hash,0,10,10,True,3087.739979621894,308.77399796218936,11488.69989810947,123,125,10,0,0.04509949998464435,
original,random,5325,phased,hash,0,10,10,True,4120.927138168815,412.0927138168815,15359.635690844074,166,169,10,0,0.010926832997938618,
original,random,5325,v2,hash,0,10,10,True,3224.8362146133104,322.48362146133104,11399.181073066551,149,150,10,0,0.11922741599846631,
original,random,5325,v3,hash,0,10,10,True,3103.3086961491626,310.33086961491625,11461.543480745813,127,126,10,0,0.0410917499975767,
original,random,5325,v3_origin20,hash,0,10,10,True,3153.7270364203405,315.372703642034,11633.635182101703,130,127,10,0,0.05254083301406354,
original,random,5326,joint,hash,0,10,10,True,3385.390290757017,338.5390290757017,12431.951453785085,144,129,10,0,0.011487999989185482,
original,random,5326,optical,hash,0,10,10,True,3144.7607784688294,314.47607784688296,11743.803892344147,124,123,11,1,0.051420082978438586,
original,random,5326,phased,hash,0,10,10,True,4080.6164049362756,408.0616404936276,15188.082024681378,165,168,10,0,0.009037333016749471,
original,random,5326,v2,hash,0,10,10,True,2989.850752674237,298.98507526742367,10744.253763371184,132,131,10,0,0.0843321249994915,
original,random,5326,v3,hash,0,10,10,True,3149.8717302606387,314.9871730260639,11709.358651303193,127,123,10,0,0.04231829202035442,
original,random,5326,v3_origin20,hash,0,10,10,True,3179.4962525681703,317.94962525681706,11412.48126284085,142,137,10,0,0.05026845898828469,
original,random,5327,joint,hash,0,12,12,True,3442.301114746041,286.8584262288368,12631.505573730206,145,131,12,0,0.013462583010550588,
original,random,5327,optical,hash,0,12,12,True,3021.0272662957223,251.7522721913102,11105.136331478612,122,124,14,2,0.047298124991357327,
original,random,5327,phased,hash,0,12,12,True,4045.104736026136,337.09206133551135,14845.52368013068,169,171,12,0,0.011248665978200734,
original,random,5327,v2,hash,0,12,12,True,3099.206417352818,258.26720144606816,11221.03208676409,132,135,12,0,0.13821375000406988,
original,random,5327,v3,hash,0,12,12,True,3004.056656537013,250.33805471141775,11065.283282685066,122,121,12,0,0.03665304198511876,
original,random,5327,v3_origin20,hash,0,12,12,True,3077.905523477935,256.4921269564946,10679.527617389675,147,147,12,0,0.06015204102732241,
original,random,5328,joint,hash,0,13,13,True,3532.3530410653248,271.7194646973327,13126.765205326625,143,127,13,0,0.014658958010841161,
original,random,5328,optical,hash,0,13,13,True,3391.42546124106,260.8788816339277,13047.1273062053,118,121,15,2,0.0542861670255661,
original,random,5328,phased,hash,0,13,13,True,4136.996433445345,318.2304948804112,15224.982167226724,171,172,13,0,0.014601208997191861,
original,random,5328,v2,hash,0,13,13,True,3587.1218215104227,275.93244780849403,13435.609107552114,139,140,13,0,0.11901812499854714,
original,random,5328,v3,hash,0,13,13,True,3390.389054352602,260.79915802712327,12971.945271763012,122,121,13,0,0.04764095798600465,
original,random,5328,v3_origin20,hash,0,13,13,True,3521.0403351327654,270.84925654867425,13105.201675663828,139,140,13,0,0.05819766700733453,
original,random,5329,joint,hash,0,16,16,True,4092.677456761977,255.79234104762355,16143.387283809885,135,109,16,0,0.019325291010318324,
original,random,5329,optical,hash,0,16,16,True,3690.1223205748365,230.63264503592728,14715.611602874184,109,119,17,1,0.07335529202828184,
original,random,5329,phased,hash,0,16,16,True,4483.178679172775,280.19866744829847,17680.893395863877,146,137,16,0,0.015379791992018,
original,random,5329,v2,hash,0,16,16,True,3496.251816433624,218.5157385271015,13181.259082168119,130,130,16,0,0.1595864580012858,
original,random,5329,v3,hash,0,16,16,True,3698.2020210621563,231.13762631638477,14626.010105310781,115,118,16,0,0.06151450000470504,
original,random,5329,v3_origin20,hash,0,16,16,True,3465.836776345053,216.6147985215658,13054.183881725265,129,130,16,0,0.07123137501184829,
original,random,5330,joint,hash,0,14,14,True,3307.6619299144168,236.26156642245834,11888.309649572084,146,130,14,0,0.01854204200208187,
original,random,5330,optical,hash,0,14,14,True,2965.006815660097,211.78620111857836,11325.034078300485,104,107,15,1,0.06002120900666341,
original,random,5330,phased,hash,0,14,14,True,4229.6096622194855,302.11497587282037,15713.04831109743,169,172,14,0,0.01460854199831374,
original,random,5330,v2,hash,0,14,14,True,3098.46754402927,221.319110287805,10817.33772014635,144,145,14,0,0.13428679198841564,
original,random,5330,v3,hash,0,14,14,True,2963.9907496187875,211.71362497277053,11259.953748093938,107,107,14,0,0.05404979101149365,
original,random,5330,v3_origin20,hash,0,14,14,True,2942.288475398415,210.1634625284582,10141.442376992074,141,139,14,0,0.05601324999588542,
original,random,5331,joint,hash,0,11,11,True,3137.596233140425,285.23602119458405,11632.981165702124,128,116,11,0,0.013774624996585771,
original,random,5331,optical,hash,0,11,11,True,3033.550481134361,275.77731646676006,10957.752405671805,129,133,14,3,0.06599416700191796,
original,random,5331,phased,hash,0,11,11,True,3788.2880898555395,344.3898263505036,13721.440449277698,164,169,11,0,0.01382066699443385,
original,random,5331,v2,hash,0,11,11,True,3077.9910610310776,279.81736918464344,10809.955305155388,143,146,11,0,0.1000917500059586,
original,random,5331,v3,hash,0,11,11,True,3048.0717092918912,277.0974281174447,10965.358546459456,133,135,11,0,0.05475920799653977,
original,random,5331,v3_origin20,hash,0,11,11,True,2838.7591174971235,258.0690106815567,9813.795587485618,136,141,11,0,0.05644424998899922,
original,random,5332,joint,hash,0,13,13,True,3723.8029587797455,286.44638144459583,14429.014793898727,131,118,13,0,0.020477999991271645,
original,random,5332,optical,hash,0,13,13,True,2816.756227776891,216.67355598283777,9938.781138884455,126,134,13,0,0.06312687500030734,
original,random,5332,phased,hash,0,13,13,True,3992.8176511361885,307.13981931816835,14609.088255680943,167,171,13,0,0.016148500028066337,
original,random,5332,v2,hash,0,13,13,True,3100.917105776268,238.5320850597129,11249.58552888134,131,131,13,0,0.1702462499961257,
original,random,5332,v3,hash,0,13,13,True,2820.190755197875,216.93775039983655,9905.953775989376,128,134,13,0,0.05529979200218804,
original,random,5332,v3_origin20,hash,0,13,13,True,3088.55225935756,237.58094302750462,11097.761296787801,134,134,13,0,0.07770658400841057,
original,random,5333,joint,hash,0,14,14,True,3990.031322231488,285.00223730224917,15360.15661115744,144,128,14,0,0.016435375000583008,
original,random,5333,optical,hash,0,14,14,True,3328.790571001461,237.77075507153293,12973.952855007306,109,116,15,1,0.06547054200200364,
original,random,5333,phased,hash,0,14,14,True,4274.563620749979,305.3259729107128,15962.818103749898,168,172,14,0,0.01613375000306405,
original,random,5333,v2,hash,0,14,14,True,3484.87247636007,248.91946259714786,12869.362381800349,140,141,14,0,0.12315170798683539,
original,random,5333,v3,hash,0,14,14,True,3331.4112102165154,237.95794358689395,12857.056051082576,115,115,14,0,0.05189108298509382,
original,random,5333,v3_origin20,hash,0,14,14,True,3489.929496810656,249.2806783436183,12679.64748405328,147,149,14,0,0.07019337499514222,
original,random,5334,joint,hash,0,16,16,True,4023.2879283029497,251.45549551893436,15711.439641514748,138,111,16,0,0.01945112500106916,
original,random,5334,optical,hash,0,16,16,True,3243.872848667818,202.74205304173861,12249.364243339089,117,123,18,2,0.07558429197524674,
original,random,5334,phased,hash,0,16,16,True,4287.692537535681,267.9807835959801,16328.462687678406,158,152,16,0,0.018123040994396433,
original,random,5334,v2,hash,0,16,16,True,3361.888864228144,210.118054014259,12634.44432114072,126,125,16,0,0.1910242910089437,
original,random,5334,v3,hash,0,16,16,True,3249.5075209351776,203.0942200584486,12232.537604675888,120,123,16,0,0.06033499998738989,
original,random,5334,v3_origin20,hash,0,16,16,True,3402.9378905355093,212.68361815846933,12964.689452677547,122,120,16,0,0.07325645798118785,
original,random,5335,joint,hash,0,14,14,True,3522.694030466274,251.62100217616242,13043.470152331369,143,129,14,0,0.05322495798463933,
original,random,5335,optical,hash,0,14,14,True,3056.4961887295335,218.32115633782382,11387.480943647668,117,121,15,1,0.06120100000407547,
original,random,5335,phased,hash,0,14,14,True,4079.848645246503,291.41776037475023,15014.243226232516,167,172,14,0,0.013736291992245242,
original,random,5335,v2,hash,0,14,14,True,3196.8791094111607,228.3485078150829,11554.395547055803,135,141,14,0,0.387547624995932,
original,random,5335,v3,hash,0,14,14,True,3037.740926312289,216.98149473659208,11373.704631561446,116,113,14,0,0.1184136249939911,
original,random,5335,v3_origin20,hash,0,14,14,True,3147.053719611221,224.78955140080149,11365.268598056105,133,139,14,0,0.18782504100818187,
original,random,5336,joint,hash,0,13,13,True,3335.791607123433,256.59935439411026,12313.958035617166,137,123,13,0,0.02898133301641792,
original,random,5336,optical,hash,0,13,13,True,2850.1045209246417,219.23880930189551,10225.52260462321,123,125,13,0,0.06026587501401082,
original,random,5336,phased,hash,0,13,13,True,4015.555158615738,308.88885835505675,14697.77579307869,168,171,13,0,0.01436408399604261,
original,random,5336,v2,hash,0,13,13,True,3298.3182772222444,253.71679055555725,11581.591386111222,153,152,13,0,0.14633079199120402,
original,random,5336,v3,hash,0,13,13,True,2866.990310759351,220.53771621225775,10184.951553796755,128,125,13,0,0.044785042002331465,
original,random,5336,v3_origin20,hash,0,13,13,True,3058.2903281056365,235.25310216197204,10361.451640528183,154,151,13,0,0.06702074999338947,
original,random,5337,joint,hash,0,10,10,True,3227.527254572168,322.7527254572168,11482.63627286084,150,131,10,0,0.013978125003632158,
original,random,5337,optical,hash,0,10,10,True,2705.938913487122,270.5938913487122,9634.69456743561,120,123,12,2,0.05743312500999309,
original,random,5337,phased,hash,0,10,10,True,3859.7057275582465,385.97057275582466,14058.528637791233,166,168,10,0,0.012358208012301475,
original,random,5337,v2,hash,0,10,10,True,2866.1989134326477,286.6198913432648,9740.994567163238,145,143,10,0,0.13359079201472923,
original,random,5337,v3,hash,0,10,10,True,2703.924381553857,270.3924381553857,9599.621907769286,123,119,10,0,0.06063883300521411,
original,random,5337,v3_origin20,hash,0,10,10,True,2876.675342815694,287.6675342815694,9798.37671407847,145,142,10,0,0.05338441699859686,
original,random,5338,joint,hash,0,10,10,True,3133.3808617507866,313.3380861750787,11161.904308753932,143,136,10,0,0.014889708982082084,
original,random,5338,optical,hash,0,10,10,True,2862.8195626311635,286.28195626311634,10364.097813155817,123,125,10,0,0.05910708400188014,
original,random,5338,phased,hash,0,10,10,True,3951.9911795342928,395.19911795342927,14519.955897671463,166,168,10,0,0.012892917002318427,
original,random,5338,v2,hash,0,10,10,True,3125.0273981179243,312.5027398117924,10815.13699058962,152,152,10,0,0.12319620800553821,
original,random,5338,v3,hash,0,10,10,True,2873.902831005439,287.3902831005439,10369.514155027196,125,125,10,0,0.05116362500120886,
original,random,5338,v3_origin20,hash,0,10,10,True,2875.058447348989,287.5058447348989,9945.292236744945,139,141,10,0,0.05451095799799077,
original,random,5339,joint,hash,0,14,14,True,3739.42405676849,267.10171834060645,14507.12028384245,130,118,14,0,0.023791583022102714,
original,random,5339,optical,hash,0,14,14,True,3347.1868987322164,239.0847784808726,12860.934493661081,116,119,16,2,0.07958425002289005,
original,random,5339,phased,hash,0,14,14,True,4473.822060571124,319.5587186122231,16934.11030285562,169,172,14,0,0.018377458007307723,
original,random,5339,v2,hash,0,14,14,True,3424.284613786274,244.591758127591,12766.42306893137,134,131,14,0,0.21191175002604723,
original,random,5339,v3,hash,0,14,14,True,3349.940489052512,239.28146350375087,12739.70244526256,123,117,14,0,0.07023008400574327,
original,random,5339,v3_origin20,hash,0,14,14,True,3394.611374743648,242.4722410531177,12548.05687371824,136,135,14,0,0.09109937501489185,
original,random,5340,joint,hash,0,13,13,True,3369.0132113758154,259.15486241352426,12860.066056879077,124,112,13,0,0.01768666598945856,
original,random,5340,optical,hash,0,13,13,True,3089.2845140326535,237.63727031020412,11726.422570163268,112,119,13,0,0.08613433400751092,
original,random,5340,phased,hash,0,13,13,True,4290.179167874753,330.0137821442118,16150.895839373767,165,170,13,0,0.018977082974743098,
original,random,5340,v2,hash,0,13,13,True,3136.936096386739,241.30277664513375,11609.680481933694,125,125,13,0,0.20608579198597,
original,random,5340,v3,hash,0,13,13,True,3119.5062632512636,239.9620202500972,11727.531316256318,118,119,13,0,0.07330979200196452,
original,random,5340,v3_origin20,hash,0,13,13,True,3253.3597039181327,250.25843876293328,11876.798519590664,135,138,13,0,0.09042837499873713,
original,random,5341,joint,hash,0,11,11,True,3446.7624861498134,313.3420441954376,13003.812430749067,134,121,11,0,0.019829583005048335,
original,random,5341,optical,hash,0,11,11,True,3205.343737642511,291.39488524022823,12031.718688212553,122,128,13,2,0.08424587498302571,
original,random,5341,phased,hash,0,11,11,True,4034.130941632556,366.73917651205056,14900.654708162781,166,169,11,0,0.014837291004369035,
original,random,5341,v2,hash,0,11,11,True,3141.4074359455094,285.5824941768645,11642.037179727547,126,128,11,0,0.15565816601156257,
original,random,5341,v3,hash,0,11,11,True,3216.5840689677675,292.4167335425243,11987.920344838838,127,129,11,0,0.06664541698410176,
original,random,5341,v3_origin20,hash,0,11,11,True,3170.3817681885535,288.21652438077757,11756.908840942768,127,129,11,0,0.06754108300083317,
original,random,5342,joint,hash,0,13,13,True,3413.374156747936,262.5672428267643,12801.87078373968,134,118,13,0,0.020495083008427173,
original,random,5342,optical,hash,0,13,13,True,3219.489212186739,247.65301632205686,12157.446060933697,118,127,15,2,0.09198249998735264,
original,random,5342,phased,hash,0,13,13,True,4113.030356115702,316.3869504704386,15210.15178057851,167,171,13,0,0.01693995899404399,
original,random,5342,v2,hash,0,13,13,True,3424.2076325811367,263.4005871216259,12121.038162905683,156,155,13,0,0.14663066598586738,
original,random,5342,v3,hash,0,13,13,True,3245.4299837143903,249.64846028572234,12112.149918571951,126,128,13,0,0.07958724998752587,
original,random,5342,v3_origin20,hash,0,13,13,True,3129.403721317554,240.72336317827336,11302.01860658777,134,134,13,0,0.09798983400105499,
original,random,5343,joint,hash,0,15,15,True,3762.4153470227475,250.8276898015165,14457.076735113737,136,116,15,0,0.026183457986917347,
original,random,5343,optical,hash,0,15,15,True,3350.382032530499,223.35880216869995,12571.910162652495,125,130,17,2,0.10241766599938273,
original,random,5343,phased,hash,0,15,15,True,4383.586309160768,292.23908727738456,16452.93154580384,169,173,15,0,0.020205958018777892,
original,random,5343,v2,hash,0,15,15,True,3364.7320545048924,224.31547030032615,12268.660272524461,139,141,15,0,0.20491837500594556,
original,random,5343,v3,hash,0,15,15,True,3371.6870369618587,224.77913579745726,12503.435184809294,133,131,15,0,0.0893295000132639,
original,random,5343,v3_origin20,hash,0,15,15,True,3360.7444974763976,224.04963316509318,12268.722487381989,138,142,15,0,0.10201045800931752,
original,random,5344,joint,hash,0,16,16,True,3850.2209591035585,240.6388099439724,14906.104795517793,135,114,16,0,0.02524637497845106,
original,random,5344,optical,hash,0,16,16,True,3661.7345068205277,228.85840667628298,14183.672534102638,122,132,17,1,0.08106525000766851,
original,random,5344,phased,hash,0,16,16,True,4395.823404532756,274.73896278329727,16409.11702266378,172,174,16,0,0.021684625011403114,
original,random,5344,v2,hash,0,16,16,True,3151.286695119077,196.95541844494232,12031.433475595386,111,110,16,0,0.22196670799166895,
original,random,5344,v3,hash,0,16,16,True,3772.4926109842786,235.7807881865174,14562.463054921393,130,130,16,0,0.07838937497581355,
original,random,5344,v3_origin20,hash,0,16,16,True,3356.5592908340927,209.7849556771308,12752.796454170464,121,121,16,0,0.10495129198534414,
original,random,5345,joint,hash,0,15,15,True,3422.934403073402,228.19562687156014,13154.67201536701,122,107,15,0,0.02567045800969936,
original,random,5345,optical,hash,0,15,15,True,3349.2182939793097,223.28121959862065,12476.091469896548,127,129,20,5,0.09144512499915436,
original,random,5345,phased,hash,0,15,15,True,4424.187348714262,294.94582324761745,16580.93674357131,172,173,15,0,0.018733584001893178,
original,random,5345,v2,hash,0,15,15,True,3332.461947379174,222.16412982527828,12072.30973689587,141,138,15,0,0.23323941699345596,
original,random,5345,v3,hash,0,15,15,True,3327.3725619438246,221.82483746292164,12341.862809719123,131,129,15,0,0.07877216700580902,
original,random,5345,v3_origin20,hash,0,15,15,True,3280.232018389176,218.6821345592784,11931.160091945882,137,134,15,0,0.08307020898791961,
original,random,5346,joint,hash,0,11,11,True,3169.7714582521608,288.1610416592873,11598.857291260803,135,120,11,0,0.01596070799860172,
original,random,5346,optical,hash,0,11,11,True,2761.5655615397463,251.0514146854315,9897.827807698732,120,124,12,1,0.06166887498693541,
original,random,5346,phased,hash,0,11,11,True,3860.08344014838,350.91667637712544,14005.4172007419,167,169,11,0,0.012802708020899445,
original,random,5346,v2,hash,0,11,11,True,2954.3093955910017,268.5735814173638,10891.546977955008,120,121,11,0,0.1285657920234371,
original,random,5346,v3,hash,0,11,11,True,2770.302355194649,251.84566865405898,9906.511775973244,122,124,11,0,0.05075970900361426,
original,random,5346,v3_origin20,hash,0,11,11,True,3049.5682770644985,277.2334797331362,10197.841385322492,159,160,11,0,0.07854691697866656,
original,random,5347,joint,hash,0,12,12,True,3628.495790432606,302.3746492027172,13607.47895216303,143,132,12,0,0.017030749993864447,
original,random,5347,optical,hash,0,12,12,True,3160.081545703081,263.34012880859007,12050.407728515404,115,115,12,0,0.06366137499571778,
original,random,5347,phased,hash,0,12,12,True,4174.7120198043995,347.89266831703327,15493.560099021995,169,171,12,0,0.015115041984245181,
original,random,5347,v2,hash,0,12,12,True,3492.1048345161203,291.00873620967667,13020.5241725806,138,138,12,0,0.13729833299294114,
original,random,5347,v3,hash,0,12,12,True,3174.5998234071867,264.54998528393224,12022.999117035934,119,115,12,0,0.047732834005728364,
original,random,5347,v3_origin20,hash,0,12,12,True,3460.7718997113907,288.3976583092826,12863.859498556954,138,138,12,0,0.061535750020993873,
original,random,5348,joint,hash,0,13,13,True,2977.4177227560745,229.03213251969802,10792.088613780372,126,124,13,0,0.023590416996739805,
original,random,5348,optical,hash,0,13,13,True,3042.4281703028073,234.03293617713902,11072.140851514037,126,133,13,0,0.06982108400552534,
original,random,5348,phased,hash,0,13,13,True,3909.683777913714,300.74490599336264,14268.41888956857,164,171,13,0,0.019558333995519206,
original,random,5348,v2,hash,0,13,13,True,3056.500937581616,235.1154567370474,10432.504687908082,150,155,13,0,0.19403812501695938,
original,random,5348,v3,hash,0,13,13,True,3056.8539772807403,235.14261363698003,10904.269886403701,135,136,13,0,0.06608795901411213,
original,random,5348,v3_origin20,hash,0,13,13,True,2879.56521888677,221.50501683744383,9607.826094433849,148,153,13,0,0.080286749987863,
original,random,5349,joint,hash,0,14,14,True,3562.080438167023,254.43431701193023,13805.402190835115,125,106,14,0,0.021778875001473352,
original,random,5349,optical,hash,0,14,14,True,3363.667270463772,240.26194789026945,12528.336352318862,130,138,14,0,0.07780770800309256,
original,random,5349,phased,hash,0,14,14,True,4295.632164515895,306.8308688939925,16063.160822579477,168,173,14,0,0.019163124990882352,
original,random,5349,v2,hash,0,14,14,True,3560.9704344130055,254.3550310295004,12889.852172065028,152,153,14,0,0.21230529100284912,
original,random,5349,v3,hash,0,14,14,True,3424.2583907434073,244.58988505310052,12531.291953717036,141,143,14,0,0.06698283299920149,
original,random,5349,v3_origin20,hash,0,14,14,True,3467.126282716325,247.65187733688035,12550.631413581625,148,147,14,0,0.09035583300283179,
original,random,5350,joint,hash,0,10,10,True,3029.980028687966,302.99800286879656,10684.900143439829,142,133,10,0,0.014829249994363636,
original,random,5350,optical,hash,0,10,10,True,2839.613772921319,283.96137729213194,10333.068864606596,120,123,10,0,0.05854816600913182,
original,random,5350,phased,hash,0,10,10,True,3958.430104204405,395.84301042044046,14547.150521022024,166,169,10,0,0.012498124997364357,
original,random,5350,v2,hash,0,10,10,True,2915.5260210195843,291.5526021019584,10192.630105097922,138,137,10,0,0.13104770798236132,
original,random,5350,v3,hash,0,10,10,True,2860.5820347873155,286.05820347873157,10262.910173936578,127,123,10,0,0.04610433301422745,
original,random,5350,v3_origin20,hash,0,10,10,True,2869.5708579931497,286.957085799315,9997.854289965748,137,135,10,0,0.067149790993426,
original,random,5351,joint,hash,0,12,12,True,3818.1717208236905,318.1809767353075,14560.858604118452,145,121,12,0,0.015438166010426357,
original,random,5351,optical,hash,0,12,12,True,3331.059622662512,277.5883018885427,12690.29811331256,122,120,13,1,0.06715854199137539,
original,random,5351,phased,hash,0,12,12,True,4280.812178701717,356.7343482251431,15729.060893508587,181,170,12,0,0.015558208018774167,
original,random,5351,v2,hash,0,12,12,True,3298.828413293482,274.9023677744568,12319.14206646741,129,130,12,0,0.1254579589876812,
original,random,5351,v3,hash,0,12,12,True,3388.7645349075356,282.39704457562794,12863.822674537678,127,121,12,0,0.057719542004633695,
original,random,5351,v3_origin20,hash,0,12,12,True,3318.803108758665,276.56692572988874,12324.015543793326,132,134,12,0,0.05766237500938587,
original,random,5352,joint,hash,0,12,12,True,3259.2050946566483,271.6004245547207,12066.025473283242,132,126,12,0,0.019251124991569668,
original,random,5352,optical,hash,0,12,12,True,3197.6633013323935,266.47194177769944,12053.316506661968,120,127,12,0,0.06425837500137277,
original,random,5352,phased,hash,0,12,12,True,4271.501477098506,355.9584564248755,16032.50738549253,167,170,12,0,0.014474666997557506,
original,random,5352,v2,hash,0,12,12,True,3173.098105406508,264.424842117209,11785.490527032538,126,126,12,0,0.16949008300434798,
original,random,5352,v3,hash,0,12,12,True,3224.974450765775,268.74787089714795,12039.872253828875,126,127,12,0,0.055053082993254066,
original,random,5352,v3_origin20,hash,0,12,12,True,3344.0678858473702,278.67232382061417,12445.339429236852,132,135,12,0,0.08883887500269338,
original,random,5353,joint,hash,0,13,13,True,2963.7965591613865,227.98435070472203,10693.982795806933,127,125,13,0,0.016415291000157595,
original,random,5353,optical,hash,0,13,13,True,2833.4727817416033,217.9594447493541,10547.363908708016,109,114,13,0,0.0616206249978859,
original,random,5353,phased,hash,0,13,13,True,3777.5229310448576,290.57868700345057,13657.614655224288,162,171,13,0,0.01759083298384212,
original,random,5353,v2,hash,0,13,13,True,2844.2908076819367,218.79160059091822,10171.454038409684,124,125,13,0,0.18807416598428972,
original,random,5353,v3,hash,0,13,13,True,2843.7397893450097,218.74921456500076,10498.69894672505,113,114,13,0,0.07388787501258776,
original,random,5353,v3_origin20,hash,0,13,13,True,2740.2127660119013,210.78559738553088,9251.063830059507,137,140,13,0,0.08090075000654906,
original,random,5354,joint,hash,0,11,11,True,3199.096926698091,290.82699333619007,11720.484633490456,136,120,11,0,0.016272042004857212,
original,random,5354,optical,hash,0,11,11,True,2907.1684492560694,264.2880408414608,10650.842246280346,119,121,13,2,0.06955612497404218,
original,random,5354,phased,hash,0,11,11,True,4090.591003057019,371.8719093688199,15232.955015285095,164,169,11,0,0.013430416001938283,
original,random,5354,v2,hash,0,11,11,True,2972.0285980025196,270.1844180002291,10410.142990012599,139,140,11,0,0.13529199999175034,
original,random,5354,v3,hash,0,11,11,True,2904.734422667553,264.0667656970503,10548.672113337765,124,120,11,0,0.06352437500027008,
original,random,5354,v3_origin20,hash,0,11,11,True,2989.2151927984264,271.74683570894786,10411.075963992133,142,142,11,0,0.06356854201294482,
original,random,5355,joint,hash,0,12,12,True,3577.458759826578,298.1215633188815,13287.293799132889,147,125,12,0,0.01667920799809508,
original,random,5355,optical,hash,0,12,12,True,2782.4783747082392,231.87319789235326,10067.391873541197,117,118,14,2,0.06397541699698195,
original,random,5355,phased,hash,0,12,12,True,4061.2015094632934,338.4334591219411,14876.007547316467,171,171,12,0,0.01433991699013859,
original,random,5355,v2,hash,0,12,12,True,3329.0188928832295,277.4182410736025,11980.094464416148,146,143,12,0,0.119428500009235,
original,random,5355,v3,hash,0,12,12,True,2812.71292094578,234.39274341214832,10123.5646047289,122,118,12,0,0.05556920901290141,
original,random,5355,v3_origin20,hash,0,12,12,True,3207.1172661017795,267.25977217514827,11170.586330508897,153,148,12,0,0.06647912500193343,
original,random,5356,joint,hash,0,15,15,True,2777.192463393704,185.14616422624695,10215.962316968522,110,109,15,0,0.02165720800985582,
original,random,5356,optical,hash,0,15,15,True,2950.265998962761,196.68439993085073,11101.329994813805,107,117,16,1,0.10014270900865085,
original,random,5356,phased,hash,0,15,15,True,3701.7199008156313,246.7813267210421,13168.599504078156,164,173,15,0,0.0222770840045996,
original,random,5356,v2,hash,0,15,15,True,2923.8736974729295,194.92491316486198,10394.368487364647,128,130,15,0,0.19042379199527204,
original,random,5356,v3,hash,0,15,15,True,2949.4281470299134,196.62854313532756,10997.140735149567,112,115,15,0,0.07718637501238845,
original,random,5356,v3_origin20,hash,0,15,15,True,2901.230952943037,193.41539686286916,10221.154764715186,130,132,15,0,0.09070716699352488,
original,random,5357,joint,hash,0,11,11,True,2622.108820670099,238.37352915182717,9070.544103350494,125,128,11,0,0.0156959579908289,
original,random,5357,optical,hash,0,11,11,True,2690.9931904029695,244.63574458208814,9604.965952014847,119,120,11,0,0.06228708301205188,
original,random,5357,phased,hash,0,11,11,True,3565.621763749975,324.1474330681795,12658.108818749874,162,169,11,0,0.014074208011152223,
original,random,5357,v2,hash,0,11,11,True,2600.0130465928387,236.3648224175308,8785.065232964194,131,133,11,0,0.12980329198762774,
original,random,5357,v3,hash,0,11,11,True,2713.103740854901,246.6457946231728,9615.518704274504,123,120,11,0,0.05512900001485832,
original,random,5357,v3_origin20,hash,0,11,11,True,2632.1203496046196,239.28366814587451,8795.601748023098,136,138,11,0,0.06909158400958404,
original,random,5358,joint,hash,0,11,11,True,3270.2705032672484,297.29731847884074,11991.352516336241,137,132,11,0,0.01910475001204759,
original,random,5358,optical,hash,0,11,11,True,3115.539349611353,283.23084996466844,11602.696748056764,122,124,13,2,0.07938349997857586,
original,random,5358,phased,hash,0,11,11,True,4107.354159088664,373.39583264442405,15316.77079544332,164,169,11,0,0.014741417020559311,
original,random,5358,v2,hash,0,11,11,True,3250.7648594158186,295.52407812871076,11618.824297079093,145,147,11,0,0.15733516600448638,
original,random,5358,v3,hash,0,11,11,True,3123.6257934778973,283.9659812252634,11568.128967389486,126,125,11,0,0.05424395902082324,
original,random,5358,v3_origin20,hash,0,11,11,True,3275.6702739061757,297.78820671874325,11653.351369530877,148,150,11,0,0.0720660419901833,
original,random,5359,joint,hash,0,10,10,True,3214.9638495922327,321.4963849592233,11679.819247961163,141,124,10,0,0.015039666992379352,
original,random,5359,optical,hash,0,10,10,True,2959.455566847478,295.9455566847478,10872.277834237391,121,124,12,2,0.05769854201935232,
original,random,5359,phased,hash,0,10,10,True,4138.97739893753,413.897739893753,15504.886994687648,164,168,10,0,0.011295125004835427,
original,random,5359,v2,hash,0,10,10,True,3182.2491051888546,318.22491051888545,11266.245525944272,147,144,10,0,0.1301596669945866,
original,random,5359,v3,hash,0,10,10,True,2989.5956658089985,298.95956658089983,10842.978329044992,129,126,10,0,0.054686208022758365,
original,random,5359,v3_origin20,hash,0,10,10,True,3227.018549833953,322.70185498339526,11335.092749169764,152,150,10,0,0.06649041699711233,
original,random,5360,joint,hash,0,16,16,True,3298.9899417309816,206.18687135818635,13249.949708654909,97,84,16,0,0.025472792010987177,
original,random,5360,optical,hash,0,16,16,True,3053.6149274193567,190.8509329637098,11098.074637096783,122,132,20,4,0.11594787501962855,
original,random,5360,phased,hash,0,16,16,True,4034.3504739018863,252.1469046188679,15256.752369509431,150,153,16,0,0.018910375016275793,
original,random,5360,v2,hash,0,16,16,True,2979.1696362140747,186.19810226337967,10875.848181070372,120,124,16,0,0.23145054100314155,
original,random,5360,v3,hash,0,16,16,True,3042.4275457659437,190.15172161037148,10937.137728829719,129,130,16,0,0.09565245799603872,
original,random,5360,v3_origin20,hash,0,16,16,True,3292.3106600700385,205.7694162543774,12466.553300350193,120,119,16,0,0.07430683300481178,
original,random,5361,joint,hash,0,14,14,True,3471.2579413415633,247.94699581011167,13201.289706707817,129,116,14,0,0.024190875003114343,
original,random,5361,optical,hash,0,14,14,True,3302.2102519581485,235.87216085415346,12551.051259790742,119,124,15,1,0.07616316701751202,
original,random,5361,phased,hash,0,14,14,True,4380.406232069486,312.8861594335347,16467.03116034743,169,172,14,0,0.016685917013091967,
original,random,5361,v2,hash,0,14,14,True,3241.6062274769424,231.54330196263874,11693.031137384713,139,138,14,0,0.17029358400031924,
original,random,5361,v3,hash,0,14,14,True,3297.769343553613,235.55495311097235,12448.846717768065,123,123,14,0,0.06914337497437373,
original,random,5361,v3_origin20,hash,0,14,14,True,3225.81436209513,230.41531157822357,11549.07181047565,141,141,14,0,0.07762533400091343,
original,random,5362,joint,hash,0,14,14,True,3326.9161375408844,237.63686696720603,12779.580687704422,119,106,14,0,0.02235895799822174,
original,random,5362,optical,hash,0,14,14,True,3001.6631091390277,214.40450779564483,11353.315545695139,108,115,16,2,0.07361833401955664,
original,random,5362,phased,hash,0,14,14,True,4081.0707935494434,291.5050566821031,15120.353967747216,163,172,14,0,0.017523082991829142,
original,random,5362,v2,hash,0,14,14,True,3171.142183150082,226.51015593929156,11045.71091575041,148,152,14,0,0.24645299999974668,
original,random,5362,v3,hash,0,14,14,True,2984.016922794174,213.14406591386958,11220.08461397087,112,110,14,0,0.05888379202224314,
original,random,5362,v3_origin20,hash,0,14,14,True,3114.519396175031,222.46567115535936,10852.596980875156,145,149,14,0,0.0921187500061933,
original,random,5363,joint,hash,0,15,15,True,3329.732712091479,221.9821808060986,12613.663560457393,124,112,15,0,0.024181874992791563,
original,random,5363,optical,hash,0,15,15,True,2978.4150821781373,198.56100547854248,11462.075410890686,100,102,18,3,0.07755929199629463,
original,random,5363,phased,hash,0,15,15,True,4172.642623520864,278.17617490139094,15423.213117604319,168,173,15,0,0.0189629579836037,
original,random,5363,v2,hash,0,15,15,True,3111.01781302168,207.40118753477867,11195.089065108401,133,132,15,0,0.1917930830095429,
original,random,5363,v3,hash,0,15,15,True,2951.6916838638526,196.7794455909235,11378.458419319264,100,101,15,0,0.061516791000030935,
original,random,5363,v3_origin20,hash,0,15,15,True,2987.339043144895,199.15593620965967,10566.695215724476,133,134,15,0,0.09563416702440009,
original,random,5364,joint,hash,0,14,14,True,3703.677932026112,264.54842371615086,14218.38966013056,136,110,14,0,0.019924999971408397,
original,random,5364,optical,hash,0,14,14,True,3102.0880554480327,221.57771824628804,11240.440277240163,129,136,15,1,0.07561333401827142,
original,random,5364,phased,hash,0,14,14,True,4298.8034479001635,307.05738913572594,15884.017239500818,176,172,14,0,0.016222915990510955,
original,random,5364,v2,hash,0,14,14,True,3124.237319409821,223.1598085292729,11396.186597049104,129,130,14,0,0.1565137909783516,
original,random,5364,v3,hash,0,14,14,True,3131.657245930871,223.6898032807765,11318.286229654354,133,133,14,0,0.06318512497819029,
original,random,5364,v3_origin20,hash,0,14,14,True,3201.739546546022,228.69568189614444,11543.697732730112,137,138,14,0,0.07847312500234693,
original,random,5365,joint,hash,0,14,14,True,3369.066134833237,240.6475810595169,12625.330674166184,132,114,14,0,0.01983066598768346,
original,random,5365,optical,hash,0,14,14,True,2964.7140693823276,211.76529067016625,10923.570346911638,116,121,17,3,0.07196683299844153,
original,random,5365,phased,hash,0,14,14,True,3974.809566353385,283.91496902524176,14564.047831766924,164,172,14,0,0.018826833023922518,
original,random,5365,v2,hash,0,14,14,True,3080.830302704964,220.05930733606888,10914.151513524821,138,138,14,0,0.14543949998915195,
original,random,5365,v3,hash,0,14,14,True,2944.3160288322115,210.3082877737294,10806.580144161057,119,118,14,0,0.058241582999471575,
original,random,5365,v3_origin20,hash,0,14,14,True,3063.780223289396,218.84144452067113,10743.90111644698,141,140,14,0,0.07317070799763314,
original,random,5366,joint,hash,0,16,16,True,3617.7236215972534,226.10772634982834,13808.618107986267,132,116,16,0,0.023947500012582168,
original,random,5366,optical,hash,0,16,16,True,3244.9762238698904,202.81101399186815,12234.881119349451,117,121,20,4,0.10261512498254888,
original,random,5366,phased,hash,0,16,16,True,4458.595150772779,278.66219692329867,16772.975753863895,170,174,16,0,0.018577084003482014,
original,random,5366,v2,hash,0,16,16,True,3385.40159867548,211.5875999172175,12342.0079933774,139,142,16,0,0.24269579199608415,
original,random,5366,v3,hash,0,16,16,True,3199.464175372722,199.96651096079512,12002.32087686361,120,119,16,0,0.09030545799760148,
original,random,5366,v3_origin20,hash,0,16,16,True,3190.0102785447116,199.37564240904447,11780.051392723559,125,129,16,0,0.09115900000324473,
original,random,5367,joint,hash,0,11,11,True,3344.3019751111588,304.0274522828326,12221.509875555794,144,125,11,0,0.01418029100750573,
original,random,5367,optical,hash,0,11,11,True,2877.009283632162,261.54629851201474,10525.04641816081,118,121,13,2,0.06913195797824301,
original,random,5367,phased,hash,0,11,11,True,4101.405721962004,372.85506563290943,15182.028609810019,168,170,11,0,0.013694167020730674,
original,random,5367,v2,hash,0,11,11,True,3025.994550214765,275.0904136558877,10664.972751073823,140,138,11,0,0.14134329100488685,
original,random,5367,v3,hash,0,11,11,True,2875.0166231389912,261.3651475580901,10410.083115694957,123,123,11,0,0.057843124988721684,
original,random,5367,v3_origin20,hash,0,11,11,True,3202.4002381023206,291.12729437293825,11612.001190511603,138,135,11,0,0.06522566601051949,
original,random,5368,joint,hash,0,15,15,True,3444.4365413022506,229.62910275348338,13217.182706511254,124,106,15,0,0.02405108298989944,
original,random,5368,optical,hash,0,15,15,True,3277.1926273456875,218.4795084897125,12515.963136728436,115,121,16,1,0.07839541701832786,
original,random,5368,phased,hash,0,15,15,True,4559.419326221169,303.9612884147446,17227.096631105847,173,174,15,0,0.020252832997357473,
original,random,5368,v2,hash,0,15,15,True,3496.7879960600444,233.1191997373363,13488.939980300222,121,119,15,0,0.23022279198630713,
original,random,5368,v3,hash,0,15,15,True,3291.9357279045025,219.46238186030016,12454.678639522514,121,121,15,0,0.06411033298354596,
original,random,5368,v3_origin20,hash,0,15,15,True,3386.590168202226,225.7726778801484,12407.950841011128,138,140,15,0,0.07771529100136831,
original,random,5369,joint,hash,0,10,10,True,3140.7916125319207,314.07916125319207,11383.958062659603,137,129,10,0,0.01657533401157707,
original,random,5369,optical,hash,0,10,10,True,2927.3471534198716,292.73471534198717,10521.735767099357,128,127,12,2,0.06361825001658872,
original,random,5369,phased,hash,0,10,10,True,3890.8142946177354,389.08142946177355,14159.071473088678,168,169,10,0,0.016277458984404802,
original,random,5369,v2,hash,0,10,10,True,2945.1654265170323,294.5165426517032,10015.827132585162,149,147,10,0,0.14986912501626648,
original,random,5369,v3,hash,0,10,10,True,2929.934985256597,292.9934985256597,10489.674926282985,131,127,10,0,0.0542020830034744,
original,random,5369,v3_origin20,hash,0,10,10,True,2918.380819402594,291.8380819402594,9881.90409701297,149,147,10,0,0.06408124999143183,
original,random,5370,joint,hash,0,14,14,True,3894.5569170017134,278.1826369286938,14942.784585008567,143,121,14,0,0.021240165980998427,
original,random,5370,optical,hash,0,14,14,True,3230.8581548811935,230.77558249151383,12229.290774405967,118,125,14,0,0.0756668750254903,
original,random,5370,phased,hash,0,14,14,True,4361.364051652901,311.52600368949294,16371.820258264508,169,172,14,0,0.017063207982573658,
original,random,5370,v2,hash,0,14,14,True,3544.121591060806,253.151542218629,12770.60795530403,153,155,14,0,0.19431041600182652,
original,random,5370,v3,hash,0,14,14,True,3253.527679706295,232.39483426473538,12167.638398531477,125,125,14,0,0.06903541699284688,
original,random,5370,v3_origin20,hash,0,14,14,True,3589.4356515913596,256.38826082795424,12707.178257956799,163,163,14,0,0.10013054197770543,
original,random,5371,joint,hash,0,15,15,True,3576.4534849542742,238.43023233028495,13557.267424771371,135,115,15,0,0.03062141698319465,
original,random,5371,optical,hash,0,15,15,True,3222.3439399932895,214.82292933288596,12166.719699966448,118,124,15,0,0.08397070900537074,
original,random,5371,phased,hash,0,15,15,True,4315.167046079044,287.67780307193624,16055.835230395218,171,174,15,0,0.022662750008748844,
original,random,5371,v2,hash,0,15,15,True,3381.3325961731443,225.42217307820962,11526.662980865722,167,166,15,0,0.3678467090066988,
original,random,5371,v3,hash,0,15,15,True,3253.636877172491,216.90912514483273,12143.184385862454,125,125,15,0,0.15699200000381097,
original,random,5371,v3_origin20,hash,0,15,15,True,3194.5531017661706,212.97020678441137,11942.765508830853,122,121,15,0,0.11987566598691046,
original,random,5372,joint,hash,0,15,15,True,3491.3005916295742,232.75337277530494,13031.50295814787,138,120,15,0,0.01949654199415818,
original,random,5372,optical,hash,0,15,15,True,3026.951746227292,201.79678308181946,10784.75873113646,131,137,16,1,0.08274587499909103,
original,random,5372,phased,hash,0,15,15,True,3887.198398231135,259.1465598820757,13940.991991155675,170,174,15,0,0.01995687501039356,
original,random,5372,v2,hash,0,15,15,True,2995.585156860602,199.70567712404014,10767.92578430301,128,127,15,0,0.17941729197627865,
original,random,5372,v3,hash,0,15,15,True,3006.0209498435233,200.40139665623488,10685.104749217617,132,134,15,0,0.06473404201096855,
original,random,5372,v3_origin20,hash,0,15,15,True,2954.055073802815,196.93700492018766,10475.275369014076,131,129,15,0,0.08078383401152678,
original,random,5373,joint,hash,0,16,16,True,3220.476497384089,201.27978108650555,12457.382486920444,109,104,16,0,0.027337124978657812,
original,random,5373,optical,hash,0,16,16,True,2835.4764215793157,177.21727634870723,10537.382107896578,105,114,19,3,0.1102981670119334,
original,random,5373,phased,hash,0,16,16,True,3877.967938250857,242.37299614067857,14464.839691254285,150,155,16,0,0.020902917021885514,
original,random,5373,v2,hash,0,16,16,True,3128.7356324095003,195.54597702559377,11388.678162047501,128,131,16,0,0.3109344999829773,
original,random,5373,v3,hash,0,16,16,True,2862.2858149254853,178.89286343284283,10491.429074627426,114,114,16,0,0.08763870800612494,
original,random,5373,v3_origin20,hash,0,16,16,True,3098.30375440795,193.64398465049686,11166.51877203975,130,135,16,0,0.10351104199071415,
original,random,5374,joint,hash,0,12,12,True,3200.4796425596755,266.70663687997296,11907.398212798378,128,119,12,0,0.02019758301321417,
original,random,5374,optical,hash,0,12,12,True,3077.6936120253727,256.4744676687811,11293.468060126863,125,131,13,1,0.07712329202331603,
original,random,5374,phased,hash,0,12,12,True,4077.2082213163367,339.7673517763614,15131.041106581684,164,171,12,0,0.016665709001244977,
original,random,5374,v2,hash,0,12,12,True,3045.211800273362,253.76765002278015,11276.05900136681,121,125,12,0,0.23415099998237565,
original,random,5374,v3,hash,0,12,12,True,3084.481712878762,257.04014273989685,11222.40856439381,130,130,12,0,0.06284979201154783,
original,random,5374,v3_origin20,hash,0,12,12,True,3048.557568972915,254.04646408107624,11232.787844864573,123,127,12,0,0.08139791601570323,
original,random,5375,joint,hash,0,16,16,True,3676.314728115166,229.76967050719787,14521.57364057583,118,102,16,0,0.02224137500161305,
original,random,5375,optical,hash,0,16,16,True,3294.29820534341,205.8936378339631,12456.491026717049,118,121,20,4,0.09355420799693093,
original,random,5375,phased,hash,0,16,16,True,4416.848739207858,276.0530462004911,16989.243696039288,157,154,16,0,0.020108042022911832,
original,random,5375,v2,hash,0,16,16,True,3445.1716013598707,215.32322508499192,12720.858006799353,137,136,16,0,0.26628949999576434,
original,random,5375,v3,hash,0,16,16,True,3287.3767034655057,205.4610439665941,12386.883517327527,122,120,16,0,0.08748987500439398,
original,random,5375,v3_origin20,hash,0,16,16,True,3387.9228398391956,211.74517748994973,12349.614199195978,140,138,16,0,0.09778754101716913,
original,random,5376,joint,hash,0,15,15,True,3994.8331617519307,266.322210783462,15199.165808759653,151,125,15,0,0.022498250007629395,
original,random,5376,optical,hash,0,15,15,True,3530.5391120926197,235.36927413950798,13552.695560463098,122,129,17,2,0.08219262500642799,
original,random,5376,phased,hash,0,15,15,True,4433.706086649774,295.5804057766516,16753.53043324887,167,173,15,0,0.018058583023957908,
original,random,5376,v2,hash,0,15,15,True,3591.126056385399,239.40840375902658,13650.630281926995,131,131,15,0,0.23976762499660254,
original,random,5376,v3,hash,0,15,15,True,3563.568535611303,237.57123570742021,13547.842678056515,130,129,15,0,0.06770841599791311,
original,random,5376,v3_origin20,hash,0,15,15,True,3655.932347802396,243.72882318682642,13484.66173901198,147,149,15,0,0.10200562499812804,
original,random,5377,joint,hash,0,13,13,True,3366.809474314507,258.985344178039,13039.047371572535,117,109,13,0,0.019055457989452407,
original,random,5377,optical,hash,0,13,13,True,2988.516823650044,229.88590951154185,10887.58411825022,123,125,15,2,0.09068933301023208,
original,random,5377,phased,hash,0,13,13,True,4251.650587346201,327.050045180477,15848.252936731005,169,172,13,0,0.01992820799932815,
original,random,5377,v2,hash,0,13,13,True,3081.544126982574,237.04185592173647,11052.720634912872,134,136,13,0,0.16743075000704266,
original,random,5377,v3,hash,0,13,13,True,2995.266877991436,230.4051444608797,10851.334389957181,127,125,13,0,0.07612174999667332,
original,random,5377,v3_origin20,hash,0,13,13,True,3006.905542945486,231.300426380422,10594.52771472743,137,138,13,0,0.07564541700412519,
original,random,5378,joint,hash,0,13,13,True,3058.0603799357978,235.2354138412152,11335.301899678989,122,116,13,0,0.018666874995687976,
original,random,5378,optical,hash,0,13,13,True,2848.588486994862,219.12219130729707,9882.94243497431,133,139,14,1,0.0776671250059735,
original,random,5378,phased,hash,0,13,13,True,3888.277489396851,299.09826841514234,14206.387446984254,162,172,13,0,0.01648012499208562,
original,random,5378,v2,hash,0,13,13,True,2977.5140398860794,229.03954152969843,10387.570199430396,139,140,13,0,0.19780891700065695,
original,random,5378,v3,hash,0,13,13,True,2866.2020135348093,220.4770779642161,9831.010067674046,139,140,13,0,0.06381875000079162,
original,random,5378,v3_origin20,hash,0,13,13,True,2957.7631758341895,227.52024429493764,9833.815879170947,154,156,13,0,0.08470295800361782,
original,random,5379,joint,hash,0,15,15,True,3734.8711546972113,248.9914103131474,14584.355773486057,126,113,15,0,0.028880625002784654,
original,random,5379,optical,hash,0,15,15,True,3374.218514927027,224.94790099513514,12996.092574635137,115,125,15,0,0.09263358399039134,
original,random,5379,phased,hash,0,15,15,True,4390.397657676995,292.6931771784663,16511.98828838497,168,173,15,0,0.01806783300708048,
original,random,5379,v2,hash,0,15,15,True,3207.255134783081,213.81700898553873,11776.275673915405,129,132,15,0,0.1830193329951726,
original,random,5379,v3,hash,0,15,15,True,3414.7830365760933,227.65220243840622,12908.915182880466,126,128,15,0,0.08124704199144617,
original,random,5379,v3_origin20,hash,0,15,15,True,3169.85056957004,211.32337130466934,11584.2528478502,129,133,15,0,0.08508024999173358,
original,random,5380,joint,hash,0,14,14,True,3387.8808337238597,241.99148812313283,12399.404168619298,142,128,14,0,0.022308749990770593,
original,random,5380,optical,hash,0,14,14,True,3199.240230228156,228.51715930201115,11956.201151140782,121,124,17,3,0.08507020797696896,
original,random,5380,phased,hash,0,14,14,True,4318.941631859708,308.49583084712197,16204.708159298538,167,173,14,0,0.017549957992741838,
original,random,5380,v2,hash,0,14,14,True,3141.697366756617,224.4069547683298,11358.486833783085,133,135,14,0,0.20426487500662915,
original,random,5380,v3,hash,0,14,14,True,3189.3255825344486,227.80897018103204,11871.627912672242,124,125,14,0,0.06604716699803248,
original,random,5380,v3_origin20,hash,0,14,14,True,3158.8217998526543,225.63012856090387,11319.108999263271,137,140,14,0,0.09763720800401643,
original,random,5381,joint,hash,0,10,10,True,2960.5440338978497,296.05440338978497,10392.720169489248,140,132,10,0,0.014896791020873934,
original,random,5381,optical,hash,0,10,10,True,2791.2316311734353,279.12316311734355,10056.158155867177,120,124,12,2,0.07394966701394878,
original,random,5381,phased,hash,0,10,10,True,3838.8074685786096,383.88074685786097,13999.037342893049,164,169,10,0,0.011049208987969905,
original,random,5381,v2,hash,0,10,10,True,2827.011810751691,282.7011810751691,9835.059053758456,135,135,10,0,0.12232699999003671,
original,random,5381,v3,hash,0,10,10,True,2806.6098534516573,280.6609853451657,10068.049267258286,124,123,10,0,0.05603504102327861,
original,random,5381,v3_origin20,hash,0,10,10,True,2869.2261402939785,286.92261402939783,9776.130701469892,144,144,10,0,0.060798834019806236,
original,random,5382,joint,hash,0,13,13,True,3342.7180290980323,257.13215608446404,12328.590145490161,138,122,13,0,0.02075254198280163,
original,random,5382,optical,hash,0,13,13,True,2848.5822598747964,219.12171229806125,10827.911299373982,101,107,15,2,0.06919508401188068,
original,random,5382,phased,hash,0,13,13,True,4003.1596087874664,307.9353545221128,14735.798043937331,164,171,13,0,0.017351874994346872,
original,random,5382,v2,hash,0,13,13,True,2938.131867199659,226.01014363074302,10545.659335998296,127,129,13,0,0.13119158399058506,
original,random,5382,v3,hash,0,13,13,True,2834.522135503231,218.0401642694793,10677.610677516155,106,104,13,0,0.05270654198830016,
original,random,5382,v3_origin20,hash,0,13,13,True,2895.7093536073344,222.74687335441033,10243.546768036673,130,132,13,0,0.0679877919901628,
original,random,5383,joint,hash,0,13,13,True,2818.6442693507965,216.81878995006127,10073.221346753982,124,119,13,0,0.023496832989621907,
original,random,5383,optical,hash,0,13,13,True,2653.6516630422752,204.12705100325195,9103.258315211377,126,132,15,2,0.07377645798260346,
original,random,5383,phased,hash,0,13,13,True,3606.0325883064393,277.3871221774184,12800.162941532197,162,171,13,0,0.017997082992224023,
original,random,5383,v2,hash,0,13,13,True,2696.8704381691828,207.45157216686022,9384.352190845913,125,130,13,0,0.1980785830237437,
original,random,5383,v3,hash,0,13,13,True,2627.4545377072413,202.11188751594165,8962.272688536206,128,130,13,0,0.05915354102035053,
original,random,5383,v3_origin20,hash,0,13,13,True,2664.2420517599608,204.94169628922776,9136.210258799803,128,132,13,0,0.07178716600174084,
original,random,5384,joint,hash,0,13,13,True,4100.806533597535,315.44665643057965,16039.032667987678,142,118,13,0,0.019831124984193593,
original,random,5384,optical,hash,0,13,13,True,3369.262293567049,259.1740225820807,12746.311467835243,124,129,15,2,0.09101025000563823,
original,random,5384,phased,hash,0,13,13,True,4515.63721297433,347.3567086903331,16918.18606487165,179,172,13,0,0.018178375001298264,
original,random,5384,v2,hash,0,13,13,True,3427.0878300791237,263.62214077531723,12860.439150395618,132,130,13,0,0.18444933299906552,
original,random,5384,v3,hash,0,13,13,True,3370.1431753339343,259.24178271799497,12685.715876669672,128,128,13,0,0.060694499989040196,
original,random,5384,v3_origin20,hash,0,13,13,True,3363.3053815378507,258.71579857983465,12581.526907689255,131,127,13,0,0.06791162499575876,
original,random,5385,joint,hash,0,14,14,True,2810.0375199223827,200.7169657087416,10095.187599611914,122,111,14,0,0.02797537500737235,
original,random,5385,optical,hash,0,14,14,True,2832.9452275063645,202.3532305361689,10559.726137531823,107,113,15,1,0.0751159580249805,
original,random,5385,phased,hash,0,14,14,True,3897.493584743001,278.39239891021435,14127.467923715005,166,172,14,0,0.018268290994456038,
original,random,5385,v2,hash,0,14,14,True,2957.1815082152416,211.22725058680297,10305.907541076207,137,141,14,0,0.22539766601403244,
original,random,5385,v3,hash,0,14,14,True,2835.894812356253,202.5639151683038,10539.474061781266,109,113,14,0,0.07360762500320561,
original,random,5385,v3_origin20,hash,0,14,14,True,2923.08203639569,208.79157402826357,10100.41018197845,138,143,14,0,0.07700816699070856,
original,random,5386,joint,hash,0,12,12,True,3392.9264466771306,282.74387055642757,12739.632233385653,133,120,12,0,0.01848433300619945,
original,random,5386,optical,hash,0,12,12,True,3106.223766405081,258.8519805337567,11546.118832025404,121,129,13,1,0.09445295800105669,
original,random,5386,phased,hash,0,12,12,True,4141.404513879872,345.11704282332266,15352.02256939936,168,171,12,0,0.01655262499116361,
original,random,5386,v2,hash,0,12,12,True,3378.036160129438,281.50301334411984,12540.18080064719,135,135,12,0,0.15377199999056756,
original,random,5386,v3,hash,0,12,12,True,3115.0539285616896,259.5878273801408,11510.26964280845,125,128,12,0,0.0714189590071328,
original,random,5386,v3_origin20,hash,0,12,12,True,3314.410906313972,276.2009088594977,12227.054531569862,135,134,12,0,0.06845504199736752,
original,random,5387,joint,hash,0,14,14,True,3271.4125644134074,233.6723260295291,11852.062822067037,140,131,14,0,0.023757167014991865,
original,random,5387,optical,hash,0,14,14,True,3479.5409751482302,248.53864108201645,13187.70487574115,127,134,15,1,0.09652220801217481,
original,random,5387,phased,hash,0,14,14,True,4217.634995461279,301.2596425329485,15578.174977306393,172,172,14,0,0.022012417000951245,
original,random,5387,v2,hash,0,14,14,True,3062.702799963245,218.76448571166037,11043.513999816225,130,134,14,0,0.17892837501130998,
original,random,5387,v3,hash,0,14,14,True,3493.797426515053,249.5569590367895,13158.987132575265,132,132,14,0,0.07811720902100205,
original,random,5387,v3_origin20,hash,0,14,14,True,3221.708061403362,230.12200438595443,11568.54030701681,139,143,14,0,0.08870616697822697,
original,random,5388,joint,hash,0,15,15,True,3604.7714228509353,240.31809485672903,14008.857114254677,123,113,15,0,0.024278374999994412,
original,random,5388,optical,hash,0,15,15,True,3302.342433577886,220.15616223852572,12556.71216788943,117,125,17,2,0.09824879100779071,
original,random,5388,phased,hash,0,15,15,True,4697.614609167862,313.17430727785745,18048.07304583931,168,173,15,0,0.01841945800697431,
original,random,5388,v2,hash,0,15,15,True,3560.622845632108,237.37485637547385,13093.114228160539,144,147,15,0,0.2782634169852827,
original,random,5388,v3,hash,0,15,15,True,3282.0005066259464,218.8000337750631,12410.002533129733,120,125,15,0,0.07625987500068732,
original,random,5388,v3_origin20,hash,0,15,15,True,3561.7248532311396,237.44832354874265,13008.624266155699,147,150,15,0,0.10045283299405128,
original,random,5389,joint,hash,0,14,14,True,3858.893861810189,275.6352758435849,14949.469309050945,137,114,14,0,0.018289625004399568,
original,random,5389,optical,hash,0,14,14,True,3269.6870109387733,233.54907220991237,12468.435054693866,116,126,14,0,0.09355462499661371,
original,random,5389,phased,hash,0,14,14,True,4098.135262386821,292.72394731334435,15130.676311934101,166,172,14,0,0.015697916998760775,
original,random,5389,v2,hash,0,14,14,True,3236.8601761981918,231.20429829987083,11909.300880990959,131,130,14,0,0.16443629199056886,
original,random,5389,v3,hash,0,14,14,True,3261.706049418825,232.97900352991607,12203.530247094124,125,126,14,0,0.08146162499906495,
original,random,5389,v3_origin20,hash,0,14,14,True,3262.4039840377063,233.02885600269332,11892.019920188532,136,134,14,0,0.07342595799127594,
original,random,5390,joint,hash,0,10,10,True,3186.8251684213815,318.68251684213817,11509.125842106907,142,125,10,0,0.013796417013509199,
original,random,5390,optical,hash,0,10,10,True,2686.80318377162,268.680318377162,9559.015918858098,120,122,11,1,0.05515745800221339,
original,random,5390,phased,hash,0,10,10,True,3842.432058419017,384.24320584190167,13947.160292095085,167,168,10,0,0.012582958006532863,
original,random,5390,v2,hash,0,10,10,True,3012.8813405238648,301.28813405238645,10144.406702619324,156,154,10,0,0.1548696249956265,
original,random,5390,v3,hash,0,10,10,True,2696.946718049444,269.6946718049444,9524.73359024722,124,122,10,0,0.045080749987391755,
original,random,5390,v3_origin20,hash,0,10,10,True,2959.396207729239,295.9396207729239,9761.981038646194,160,157,10,0,0.07870450001792051,
original,random,5391,joint,hash,0,15,15,True,3642.5520829298007,242.83680552865337,13782.760414649003,137,126,15,0,0.024829500005580485,
original,random,5391,optical,hash,0,15,15,True,3250.371786110484,216.6914524073656,12176.85893055242,121,126,18,3,0.08355654199840501,
original,random,5391,phased,hash,0,15,15,True,4420.132329501169,294.67548863341125,16710.661647505844,166,173,15,0,0.020865083002718166,
original,random,5391,v2,hash,0,15,15,True,3389.543921620138,225.96959477467587,12212.71960810069,145,147,15,0,0.2100688330247067,
original,random,5391,v3,hash,0,15,15,True,3269.426797974256,217.96178653161707,12167.13398987128,127,126,15,0,0.07018583398894407,
original,random,5391,v3_origin20,hash,0,15,15,True,3256.555075361831,217.10367169078873,11877.775376809153,134,136,15,0,0.09474333401885815,
original,random,5392,joint,hash,0,13,13,True,3366.3508439639413,258.9500649203032,12396.754219819706,138,132,13,0,0.020415375009179115,
original,random,5392,optical,hash,0,13,13,True,2985.1830486823164,229.62946528325512,11295.915243411582,109,113,14,1,0.08008433299255557,
original,random,5392,phased,hash,0,13,13,True,4158.709262766868,319.9007125205283,15413.546313834338,168,171,13,0,0.0176121249969583,
original,random,5392,v2,hash,0,13,13,True,3227.5685849141437,248.2745065318572,11797.842924570718,133,138,13,0,0.18988541600992903,
original,random,5392,v3,hash,0,13,13,True,2999.725899670477,230.7481461284982,11273.629498352384,113,115,13,0,0.08764725000946783,
original,random,5392,v3_origin20,hash,0,13,13,True,3229.092532635116,248.39173327962433,11655.46266317558,138,143,13,0,0.0855507500236854,
original,random,5393,joint,hash,0,11,11,True,3643.7334218134006,331.24849289212733,13503.667109067002,152,128,11,0,0.017667166976025328,
original,random,5393,optical,hash,0,11,11,True,2935.421110317355,266.856464574305,10887.105551586776,117,115,12,1,0.050199874996906146,
original,random,5393,phased,hash,0,11,11,True,4240.521320387652,385.50193821705926,15852.60660193826,169,170,11,0,0.014364709000801668,
original,random,5393,v2,hash,0,11,11,True,3349.1928700632516,304.47207909665923,12260.964350316257,141,137,11,0,0.14912287500919774,
original,random,5393,v3,hash,0,11,11,True,2962.5157231941585,269.31961119946897,10857.578615970793,124,116,11,0,0.040776874986477196,
original,random,5393,v3_origin20,hash,0,11,11,True,3303.2754233833502,300.29776576212276,12011.377116916752,142,136,11,0,0.06362866601557471,
original,random,5394,joint,hash,0,12,12,True,2891.749732542349,240.9791443785291,10323.748662711747,129,122,12,0,0.02260875000501983,
original,random,5394,optical,hash,0,12,12,True,2849.8985935902547,237.49154946585455,10274.492967951273,121,124,14,2,0.07772316600312479,
original,random,5394,phased,hash,0,12,12,True,3880.7856858656173,323.3988071554681,14128.928429328087,165,170,12,0,0.019271833007223904,
original,random,5394,v2,hash,0,12,12,True,2805.970151943953,233.83084599532944,9944.850759719766,126,127,12,0,0.15907237498322502,
original,random,5394,v3,hash,0,12,12,True,2847.6251711939517,237.30209759949597,10193.125855969758,125,124,12,0,0.06417129200417548,
original,random,5394,v3_origin20,hash,0,12,12,True,2765.3460301686036,230.4455025140503,9701.73015084302,127,130,12,0,0.08027595799649134,
original,random,5395,joint,hash,0,11,11,True,3489.0108061961328,317.1828005632848,12745.054030980664,151,130,11,0,0.01760283298790455,
original,random,5395,optical,hash,0,11,11,True,3072.7911348055623,279.3446486186875,11373.955674027811,123,125,12,1,0.05849316602689214,
original,random,5395,phased,hash,0,11,11,True,4148.9885105266285,377.18077368423894,15374.942552633142,170,169,11,0,0.014056542015168816,
original,random,5395,v2,hash,0,11,11,True,3267.977687750516,297.0888807045924,11764.88843875258,144,140,11,0,0.12572045798879117,
original,random,5395,v3,hash,0,11,11,True,3075.5177149106057,279.5925195373278,11252.588574553029,129,125,11,0,0.05147520801983774,
original,random,5395,v3_origin20,hash,0,11,11,True,3209.870873397467,291.8064430361334,11379.354366987336,147,144,11,0,0.062050791981164366,
original,random,5396,joint,hash,0,16,16,True,3298.7836806249475,206.17398003905922,13308.918403124737,94,87,16,0,0.021680334000848234,
original,random,5396,optical,hash,0,16,16,True,3155.7021304348973,197.23138315218108,12348.510652174487,99,108,17,1,0.10289699997520074,
original,random,5396,phased,hash,0,16,16,True,4005.671520477299,250.3544700298312,15623.357602386495,134,131,16,0,0.01980991699383594,
original,random,5396,v2,hash,0,16,16,True,2930.1361079271037,183.13350674544398,10545.680539635518,123,126,16,0,0.24308079201728106,
original,random,5396,v3,hash,0,16,16,True,3168.4524700952365,198.02827938095228,12367.262350476183,102,105,16,0,0.08151583399740048,
original,random,5396,v3_origin20,hash,0,16,16,True,2981.408095847048,186.3380059904405,10597.04047923524,130,132,16,0,0.0961432910116855,
original,random,5397,joint,hash,0,16,16,True,3246.215257098927,202.88845356868293,12161.076285494635,125,109,16,0,0.021225958014838398,
original,random,5397,optical,hash,0,16,16,True,3009.3694568154815,188.0855910509676,11381.847284077408,108,110,17,1,0.0879131659748964,
original,random,5397,phased,hash,0,16,16,True,3919.362330736432,244.960145671027,14971.81165368216,142,135,16,0,0.020373041013954207,
original,random,5397,v2,hash,0,16,16,True,3038.0884495713753,189.88052809821096,11160.442247856878,121,121,16,0,0.20600237502367236,
original,random,5397,v3,hash,0,16,16,True,2922.0595003101466,182.62871876938416,10920.297501550733,109,113,16,0,0.07582758300122805,
original,random,5397,v3_origin20,hash,0,16,16,True,3020.330857055239,188.77067856595244,10446.654285276196,142,141,16,0,0.09729287499794737,
original,random,5398,joint,hash,0,16,16,True,3608.439934395607,225.52749589972544,13642.199671978035,137,115,16,0,0.023964666994288564,
original,random,5398,optical,hash,0,16,16,True,3258.204593775461,203.63778711096631,12476.022968877305,112,120,17,1,0.08506791698164307,
original,random,5398,phased,hash,0,16,16,True,3631.420003229399,226.96375020183743,14062.100016146995,125,114,16,0,0.02138041701982729,
original,random,5398,v2,hash,0,16,16,True,3246.111271864569,202.88195449153557,11725.556359322845,136,141,16,0,0.19252025001333095,
original,random,5398,v3,hash,0,16,16,True,3267.042122239564,204.19013263997275,12395.21061119782,118,118,16,0,0.07162504098960198,
original,random,5398,v3_origin20,hash,0,16,16,True,3262.1675066736457,203.88546916710285,11690.837533368229,140,144,16,0,0.09143812500406057,
original,random,5399,joint,hash,0,15,15,True,4307.790767523308,287.18605116822056,16833.95383761654,148,126,15,0,0.02762320902547799,
original,random,5399,optical,hash,0,15,15,True,3790.2529391824396,252.6835292788293,14661.264695912198,129,132,17,2,0.10852954199071974,
original,random,5399,phased,hash,0,15,15,True,4814.092462695412,320.93949751302745,18230.46231347706,184,173,15,0,0.023372166993794963,
original,random,5399,v2,hash,0,15,15,True,3529.5717689019066,235.30478459346043,13007.858844509532,143,138,15,0,0.18401229099254124,
original,random,5399,v3,hash,0,15,15,True,3756.370659063323,250.42471060422153,14451.853295316614,133,126,15,0,0.0800196249911096,
original,random,5399,v3_origin20,hash,0,15,15,True,3612.247206627979,240.81648044186525,13446.236033139894,142,138,15,0,0.09010820899857208,
