profile,kind,seed,mode,noise,repeat,true_sources,cleared,success,virtual_seconds,seconds_per_source,movement_metres,detects,switches,optical_attempts,failed_clears,local_runtime_seconds,scenario_decisions,changed_first_actions,accepted_future_plans,error
annex,random,5000,future_cover,hash,0,13,13,True,2818.204557869397,216.7849659899536,9896.022789346986,130,124,13,0,0.07564295901102014,0,0,0,
annex,random,5000,joint,hash,0,13,13,True,2930.384693441757,225.41420718782746,10271.923467208786,137,126,13,0,0.017558749997988343,0,0,0,
annex,random,5000,optical,hash,0,13,13,True,2796.1914326819065,215.09164866783897,9915.957163409532,126,118,13,0,0.05750774999614805,0,0,0,
annex,random,5000,phased,hash,0,13,13,True,3808.4262861259026,292.95586816353097,13807.131430629513,164,162,13,0,0.013902541977586225,0,0,0,
annex,random,5000,scenario,hash,0,13,13,True,2871.976753018082,220.9212886936986,10219.88376509041,128,123,13,0,0.22472924998146482,24,5,0,
annex,random,5000,scenario_future,hash,0,13,13,True,2871.976753018082,220.9212886936986,10219.88376509041,128,123,13,0,0.24629100001766346,24,5,0,
annex,random,5000,v2,hash,0,13,13,True,2720.427710997205,209.26367007670808,9487.138554986024,127,123,13,0,0.13620316699962132,0,0,0,
annex,random,5000,v3,hash,0,13,13,True,2818.204557869397,216.7849659899536,9896.022789346986,130,124,13,0,0.04574925001361407,0,0,0,
annex,random,5000,v3_origin20,hash,0,13,13,True,2735.005430866422,210.38503314357092,9495.02715433211,129,126,13,0,0.059512042003916577,0,0,0,
annex,random,5000,future_cover,hash,1,13,13,True,2818.204557869397,216.7849659899536,9896.022789346986,130,124,13,0,0.07536050002090633,0,0,0,
annex,random,5000,joint,hash,1,13,13,True,2930.384693441757,225.41420718782746,10271.923467208786,137,126,13,0,0.02201520898961462,0,0,0,
annex,random,5000,optical,hash,1,13,13,True,2796.1914326819065,215.09164866783897,9915.957163409532,126,118,13,0,0.08534145899466239,0,0,0,
annex,random,5000,phased,hash,1,13,13,True,3808.4262861259026,292.95586816353097,13807.131430629513,164,162,13,0,0.017484917014371604,0,0,0,
annex,random,5000,scenario,hash,1,13,13,True,2871.976753018082,220.9212886936986,10219.88376509041,128,123,13,0,0.21134924999205396,24,5,0,
annex,random,5000,scenario_future,hash,1,13,13,True,2871.976753018082,220.9212886936986,10219.88376509041,128,123,13,0,0.2285066670156084,24,5,0,
annex,random,5000,v2,hash,1,13,13,True,2720.427710997205,209.26367007670808,9487.138554986024,127,123,13,0,0.17689224999048747,0,0,0,
annex,random,5000,v3,hash,1,13,13,True,2818.204557869397,216.7849659899536,9896.022789346986,130,124,13,0,0.061705792002612725,0,0,0,
annex,random,5000,v3_origin20,hash,1,13,13,True,2735.005430866422,210.38503314357092,9495.02715433211,129,126,13,0,0.09243929199874401,0,0,0,
annex,random,5001,future_cover,hash,0,10,10,True,2788.017772489814,278.8017772489814,9900.088862449069,127,123,10,0,0.06404524997924455,0,0,0,
annex,random,5001,joint,hash,0,10,10,True,3036.994584221712,303.69945842217123,10844.97292110856,139,123,10,0,0.010642000008374453,0,0,0,
annex,random,5001,optical,hash,0,10,10,True,2765.5217335613224,276.55217335613224,9917.608667806613,123,117,10,0,0.055226209020474926,0,0,0,
annex,random,5001,phased,hash,0,10,10,True,3691.372352080475,369.1372352080475,13266.861760402375,165,163,10,0,0.009244834014680237,0,0,0,
annex,random,5001,scenario,hash,0,10,10,True,2861.762950121498,286.1762950121498,10043.81475060749,135,128,10,0,0.18004879201180302,18,3,0,
annex,random,5001,scenario_future,hash,0,10,10,True,2861.762950121498,286.1762950121498,10043.81475060749,135,128,10,0,0.18401112500578165,18,3,0,
annex,random,5001,v2,hash,0,10,10,True,2879.865514646447,287.9865514646447,9884.327573232236,143,138,10,0,0.1031521669938229,0,0,0,
annex,random,5001,v3,hash,0,10,10,True,2788.017772489814,278.8017772489814,9900.088862449069,127,123,10,0,0.04349474998889491,0,0,0,
annex,random,5001,v3_origin20,hash,0,10,10,True,2835.518013819881,283.5518013819881,9612.590069099406,145,138,10,0,0.049016915989341214,0,0,0,
annex,random,5001,future_cover,hash,1,10,10,True,2788.017772489814,278.8017772489814,9900.088862449069,127,123,10,0,0.08459250000305474,0,0,0,
annex,random,5001,joint,hash,1,10,10,True,3036.994584221712,303.69945842217123,10844.97292110856,139,123,10,0,0.01119349998771213,0,0,0,
annex,random,5001,optical,hash,1,10,10,True,2765.5217335613224,276.55217335613224,9917.608667806613,123,117,10,0,0.06452666700351983,0,0,0,
annex,random,5001,phased,hash,1,10,10,True,3691.372352080475,369.1372352080475,13266.861760402375,165,163,10,0,0.01072245801333338,0,0,0,
annex,random,5001,scenario,hash,1,10,10,True,2861.762950121498,286.1762950121498,10043.81475060749,135,128,10,0,0.23588700001710095,18,3,0,
annex,random,5001,scenario_future,hash,1,10,10,True,2861.762950121498,286.1762950121498,10043.81475060749,135,128,10,0,0.21770041700801812,18,3,0,
annex,random,5001,v2,hash,1,10,10,True,2879.865514646447,287.9865514646447,9884.327573232236,143,138,10,0,0.11307666599168442,0,0,0,
annex,random,5001,v3,hash,1,10,10,True,2788.017772489814,278.8017772489814,9900.088862449069,127,123,10,0,0.04774462501518428,0,0,0,
annex,random,5001,v3_origin20,hash,1,10,10,True,2835.518013819881,283.5518013819881,9612.590069099406,145,138,10,0,0.05574704200262204,0,0,0,
annex,random,5002,future_cover,hash,0,14,14,True,3519.876907137005,251.41977908121467,13434.384535685027,129,118,14,0,0.06872433298849501,0,0,0,
annex,random,5002,joint,hash,0,14,14,True,3745.6828988631282,267.54877849022347,14063.41449431564,148,123,14,0,0.017115916998591274,0,0,0,
annex,random,5002,optical,hash,0,14,14,True,3380.659935359201,241.47570966851436,12773.299676796005,126,120,16,2,0.06306979199871421,0,0,0,
annex,random,5002,phased,hash,0,14,14,True,4553.523687794919,325.2516919853514,17362.618438974598,169,166,14,0,0.013798083004076034,0,0,0,
annex,random,5002,scenario,hash,0,14,14,True,3396.399727964807,242.5999805689148,12801.998639824034,129,121,14,0,0.18724150001071393,25,4,0,
annex,random,5002,scenario_future,hash,0,14,14,True,3396.399727964807,242.5999805689148,12801.998639824034,129,121,14,0,0.20594499999424443,25,4,0,
annex,random,5002,v2,hash,0,14,14,True,3536.1603814810614,252.5828843915044,13085.801907405308,143,134,14,0,0.1251109590230044,0,0,0,
annex,random,5002,v3,hash,0,14,14,True,3519.876907137005,251.41977908121467,13434.384535685027,129,118,14,0,0.053191207989584655,0,0,0,
annex,random,5002,v3_origin20,hash,0,14,14,True,3421.3415969010707,244.38154263579077,12476.707984505354,144,136,14,0,0.0620094159967266,0,0,0,
annex,random,5002,future_cover,hash,1,14,14,True,3519.876907137005,251.41977908121467,13434.384535685027,129,118,14,0,0.07464170799357817,0,0,0,
annex,random,5002,joint,hash,1,14,14,True,3745.6828988631282,267.54877849022347,14063.41449431564,148,123,14,0,0.018457792000845075,0,0,0,
annex,random,5002,optical,hash,1,14,14,True,3380.659935359201,241.47570966851436,12773.299676796005,126,120,16,2,0.06974300000001676,0,0,0,
annex,random,5002,phased,hash,1,14,14,True,4553.523687794919,325.2516919853514,17362.618438974598,169,166,14,0,0.015219334018183872,0,0,0,
annex,random,5002,scenario,hash,1,14,14,True,3396.399727964807,242.5999805689148,12801.998639824034,129,121,14,0,0.2086924579925835,25,4,0,
annex,random,5002,scenario_future,hash,1,14,14,True,3396.399727964807,242.5999805689148,12801.998639824034,129,121,14,0,0.23933837498771027,25,4,0,
annex,random,5002,v2,hash,1,14,14,True,3536.1603814810614,252.5828843915044,13085.801907405308,143,134,14,0,0.13393162499414757,0,0,0,
annex,random,5002,v3,hash,1,14,14,True,3519.876907137005,251.41977908121467,13434.384535685027,129,118,14,0,0.0632949999999255,0,0,0,
annex,random,5002,v3_origin20,hash,1,14,14,True,3421.3415969010707,244.38154263579077,12476.707984505354,144,136,14,0,0.06649941598880105,0,0,0,
annex,random,5003,future_cover,hash,0,11,11,True,2742.463040940803,249.31482190370934,9742.315204704013,124,119,11,0,0.05637816700618714,0,0,0,
annex,random,5003,joint,hash,0,11,11,True,2807.470174816091,255.22456134691737,9857.350874080455,131,126,11,0,0.01370287497411482,0,0,0,
annex,random,5003,optical,hash,0,11,11,True,2733.4222640292037,248.49293309356398,9777.111320146018,120,117,13,2,0.049314500007312745,0,0,0,
annex,random,5003,phased,hash,0,11,11,True,3688.7767453283077,335.3433404843916,13318.883726641538,162,160,11,0,0.011736625019693747,0,0,0,
annex,random,5003,scenario,hash,0,11,11,True,2814.026969586631,255.82063359878464,10075.134847933155,125,119,11,0,0.14848295800038613,17,5,0,
annex,random,5003,scenario_future,hash,0,11,11,True,2814.026969586631,255.82063359878464,10075.134847933155,125,119,11,0,0.1817656250204891,17,5,0,
annex,random,5003,v2,hash,0,11,11,True,2779.946602265986,252.7224183878169,9044.733011329929,154,146,11,0,0.13703225000062957,0,0,0,
annex,random,5003,v3,hash,0,11,11,True,2742.463040940803,249.31482190370934,9742.315204704013,124,119,11,0,0.04167554198647849,0,0,0,
annex,random,5003,v3_origin20,hash,0,11,11,True,2662.4971849643466,242.04519863312242,8952.485924821733,137,132,11,0,0.052547792001860216,0,0,0,
annex,random,5003,future_cover,hash,1,11,11,True,2742.463040940803,249.31482190370934,9742.315204704013,124,119,11,0,0.058697499975096434,0,0,0,
annex,random,5003,joint,hash,1,11,11,True,2807.470174816091,255.22456134691737,9857.350874080455,131,126,11,0,0.015375499991932884,0,0,0,
annex,random,5003,optical,hash,1,11,11,True,2733.4222640292037,248.49293309356398,9777.111320146018,120,117,13,2,0.051291125011630356,0,0,0,
annex,random,5003,phased,hash,1,11,11,True,3688.7767453283077,335.3433404843916,13318.883726641538,162,160,11,0,0.012075374979758635,0,0,0,
annex,random,5003,scenario,hash,1,11,11,True,2814.026969586631,255.82063359878464,10075.134847933155,125,119,11,0,0.15925233298912644,17,5,0,
annex,random,5003,scenario_future,hash,1,11,11,True,2814.026969586631,255.82063359878464,10075.134847933155,125,119,11,0,0.18693399999756366,17,5,0,
annex,random,5003,v2,hash,1,11,11,True,2779.946602265986,252.7224183878169,9044.733011329929,154,146,11,0,0.14981020899722353,0,0,0,
annex,random,5003,v3,hash,1,11,11,True,2742.463040940803,249.31482190370934,9742.315204704013,124,119,11,0,0.04209633302525617,0,0,0,
annex,random,5003,v3_origin20,hash,1,11,11,True,2662.4971849643466,242.04519863312242,8952.485924821733,137,132,11,0,0.055216999986441806,0,0,0,
annex,random,5004,future_cover,hash,0,10,10,True,2774.493934388297,277.4493934388297,10142.469671941486,117,111,10,0,0.06249279199982993,0,0,0,
annex,random,5004,joint,hash,0,10,10,True,3188.420000634324,318.8420000634324,11617.10000317162,139,120,10,0,0.012982250016648322,0,0,0,
annex,random,5004,optical,hash,0,10,10,True,2760.1145415311385,276.01145415311385,10120.572707655692,115,111,10,0,0.04852149999351241,0,0,0,
annex,random,5004,phased,hash,0,10,10,True,3608.195780627198,360.8195780627198,12820.97890313599,166,164,10,0,0.014941625006031245,0,0,0,
annex,random,5004,scenario,hash,0,10,10,True,2944.4065273826636,294.44065273826635,10992.032636913318,117,111,10,0,0.16143554099835455,17,3,0,
annex,random,5004,scenario_future,hash,0,10,10,True,2944.4065273826636,294.44065273826635,10992.032636913318,117,111,10,0,0.20762537501286715,17,3,0,
annex,random,5004,v2,hash,0,10,10,True,2874.2835100463217,287.4283510046322,10316.417550231608,128,121,10,0,0.13649779098341241,0,0,0,
annex,random,5004,v3,hash,0,10,10,True,2774.493934388297,277.4493934388297,10142.469671941486,117,111,10,0,0.05780895799398422,0,0,0,
annex,random,5004,v3_origin20,hash,0,10,10,True,2898.0768081092783,289.8076808109278,10340.38404054639,131,125,10,0,0.04436720800003968,0,0,0,
annex,random,5004,future_cover,hash,1,10,10,True,2774.493934388297,277.4493934388297,10142.469671941486,117,111,10,0,0.1900283330178354,0,0,0,
annex,random,5004,joint,hash,1,10,10,True,3188.420000634324,318.8420000634324,11617.10000317162,139,120,10,0,0.011406208999687806,0,0,0,
annex,random,5004,optical,hash,1,10,10,True,2760.1145415311385,276.01145415311385,10120.572707655692,115,111,10,0,0.15349574998253956,0,0,0,
annex,random,5004,phased,hash,1,10,10,True,3608.195780627198,360.8195780627198,12820.97890313599,166,164,10,0,0.009884250001050532,0,0,0,
annex,random,5004,scenario,hash,1,10,10,True,2944.4065273826636,294.44065273826635,10992.032636913318,117,111,10,0,0.5517150420055259,17,3,0,
annex,random,5004,scenario_future,hash,1,10,10,True,2944.4065273826636,294.44065273826635,10992.032636913318,117,111,10,0,0.2936663329892326,17,3,0,
annex,random,5004,v2,hash,1,10,10,True,2874.2835100463217,287.4283510046322,10316.417550231608,128,121,10,0,0.10009716701461002,0,0,0,
annex,random,5004,v3,hash,1,10,10,True,2774.493934388297,277.4493934388297,10142.469671941486,117,111,10,0,0.0426736660010647,0,0,0,
annex,random,5004,v3_origin20,hash,1,10,10,True,2898.0768081092783,289.8076808109278,10340.38404054639,131,125,10,0,0.07317487499676645,0,0,0,
annex,random,5005,future_cover,hash,0,15,15,True,3418.665858218491,227.91105721456606,13353.329291092454,113,108,15,0,0.12198258301941678,0,0,0,
annex,random,5005,joint,hash,0,15,15,True,3494.1717177395653,232.94478118263768,13045.858588697827,138,120,15,0,0.026900374999968335,0,0,0,
annex,random,5005,optical,hash,0,15,15,True,3402.009227097427,226.80061513982847,13365.046135487135,109,106,16,1,0.08546404098160565,0,0,0,
annex,random,5005,phased,hash,0,15,15,True,4637.994372649862,309.19962484332416,17689.971863249313,172,165,15,0,0.02171033399645239,0,0,0,
annex,random,5005,scenario,hash,0,15,15,True,3530.1319241098618,235.3421282739908,14115.659620549308,107,97,15,0,0.24983324998174794,23,6,0,
annex,random,5005,scenario_future,hash,0,15,15,True,3530.1319241098618,235.3421282739908,14115.659620549308,107,97,15,0,0.30177225000807084,23,6,0,
annex,random,5005,v2,hash,0,15,15,True,3472.2645672990443,231.48430448660295,12821.322836495221,140,133,15,0,0.27994974999455735,0,0,0,
annex,random,5005,v3,hash,0,15,15,True,3418.665858218491,227.91105721456606,13353.329291092454,113,108,15,0,0.07707854200270958,0,0,0,
annex,random,5005,v3_origin20,hash,0,15,15,True,3425.467958825431,228.36453058836207,12407.339794127156,146,139,15,0,0.1012173339840956,0,0,0,
annex,random,5005,future_cover,hash,1,15,15,True,3418.665858218491,227.91105721456606,13353.329291092454,113,108,15,0,0.18041012500179932,0,0,0,
annex,random,5005,joint,hash,1,15,15,True,3494.1717177395653,232.94478118263768,13045.858588697827,138,120,15,0,0.0311471659806557,0,0,0,
annex,random,5005,optical,hash,1,15,15,True,3402.009227097427,226.80061513982847,13365.046135487135,109,106,16,1,0.08143770901369862,0,0,0,
annex,random,5005,phased,hash,1,15,15,True,4637.994372649862,309.19962484332416,17689.971863249313,172,165,15,0,0.022764708002796397,0,0,0,
annex,random,5005,scenario,hash,1,15,15,True,3530.1319241098618,235.3421282739908,14115.659620549308,107,97,15,0,0.2439479579916224,23,6,0,
annex,random,5005,scenario_future,hash,1,15,15,True,3530.1319241098618,235.3421282739908,14115.659620549308,107,97,15,0,0.3221375000139233,23,6,0,
annex,random,5005,v2,hash,1,15,15,True,3472.2645672990443,231.48430448660295,12821.322836495221,140,133,15,0,0.3797140409878921,0,0,0,
annex,random,5005,v3,hash,1,15,15,True,3418.665858218491,227.91105721456606,13353.329291092454,113,108,15,0,0.09436891600489616,0,0,0,
annex,random,5005,v3_origin20,hash,1,15,15,True,3425.467958825431,228.36453058836207,12407.339794127156,146,139,15,0,0.13830812499509193,0,0,0,
annex,random,5006,future_cover,hash,0,11,11,True,2942.205573540895,267.47323395826317,10796.027867704473,122,118,11,0,0.06727920900448225,0,0,0,
annex,random,5006,joint,hash,0,11,11,True,2911.5540591318295,264.68673264834814,10262.770295659147,136,124,11,0,0.015386833023512736,0,0,0,
annex,random,5006,optical,hash,0,11,11,True,2953.801722624723,268.52742932952026,10879.008613123615,119,116,15,4,0.05361058298149146,0,0,0,
annex,random,5006,phased,hash,0,11,11,True,3804.5604232378782,345.86912938526166,13822.80211618939,165,160,11,0,0.014992290991358459,0,0,0,
annex,random,5006,scenario,hash,0,11,11,True,2926.3536985291107,266.03215441173734,10751.768492645553,121,116,11,0,0.15880400000605732,14,6,0,
annex,random,5006,scenario_future,hash,0,11,11,True,2926.3536985291107,266.03215441173734,10751.768492645553,121,116,11,0,0.16555599999264814,14,6,0,
annex,random,5006,v2,hash,0,11,11,True,2887.0892883869174,262.46266258062883,9845.446441934588,144,143,11,0,0.14224954199744388,0,0,0,
annex,random,5006,v3,hash,0,11,11,True,2942.205573540895,267.47323395826317,10796.027867704473,122,118,11,0,0.04917233399464749,0,0,0,
annex,random,5006,v3_origin20,hash,0,11,11,True,2956.9159554948737,268.8105414086249,10159.579777474368,146,140,11,0,0.0665279160020873,0,0,0,
annex,random,5006,future_cover,hash,1,11,11,True,2942.205573540895,267.47323395826317,10796.027867704473,122,118,11,0,0.05090862500946969,0,0,0,
annex,random,5006,joint,hash,1,11,11,True,2911.5540591318295,264.68673264834814,10262.770295659147,136,124,11,0,0.014179208024870604,0,0,0,
annex,random,5006,optical,hash,1,11,11,True,2953.801722624723,268.52742932952026,10879.008613123615,119,116,15,4,0.0577805420034565,0,0,0,
annex,random,5006,phased,hash,1,11,11,True,3804.5604232378782,345.86912938526166,13822.80211618939,165,160,11,0,0.012284833006560802,0,0,0,
annex,random,5006,scenario,hash,1,11,11,True,2926.3536985291107,266.03215441173734,10751.768492645553,121,116,11,0,0.1272202499967534,14,6,0,
annex,random,5006,scenario_future,hash,1,11,11,True,2926.3536985291107,266.03215441173734,10751.768492645553,121,116,11,0,0.14003220800077543,14,6,0,
annex,random,5006,v2,hash,1,11,11,True,2887.0892883869174,262.46266258062883,9845.446441934588,144,143,11,0,0.12235354201402515,0,0,0,
annex,random,5006,v3,hash,1,11,11,True,2942.205573540895,267.47323395826317,10796.027867704473,122,118,11,0,0.04318008301197551,0,0,0,
annex,random,5006,v3_origin20,hash,1,11,11,True,2956.9159554948737,268.8105414086249,10159.579777474368,146,140,11,0,0.06321250001201406,0,0,0,
annex,random,5007,future_cover,hash,0,13,13,True,3370.4704556780607,259.2669581290816,12987.352278390304,119,113,13,0,0.07987241700175218,0,0,0,
annex,random,5007,joint,hash,0,13,13,True,3543.60239540387,272.58479964645153,13438.01197701935,135,116,13,0,0.016687916999217123,0,0,0,
annex,random,5007,optical,hash,0,13,13,True,3362.8800503197153,258.6830807938243,12984.400251598578,117,110,15,2,0.061882790992967784,0,0,0,
annex,random,5007,phased,hash,0,13,13,True,4556.461781910523,350.49706014696335,17457.308909552616,167,165,13,0,0.012297209003008902,0,0,0,
annex,random,5007,scenario,hash,0,13,13,True,3493.3437316823624,268.71874859095095,13436.718658411812,125,116,13,0,0.21229904200299643,26,6,0,
annex,random,5007,scenario_future,hash,0,13,13,True,3493.3437316823624,268.71874859095095,13436.718658411812,125,116,13,0,0.23204108298523352,26,6,0,
annex,random,5007,v2,hash,0,13,13,True,3543.856445120143,272.6043419323187,12929.282225600713,150,143,13,0,0.15254491599625908,0,0,0,
annex,random,5007,v3,hash,0,13,13,True,3370.4704556780607,259.2669581290816,12987.352278390304,119,113,13,0,0.058001625002361834,0,0,0,
annex,random,5007,v3_origin20,hash,0,13,13,True,3310.8689277483527,254.68222521141175,12354.344638741764,130,125,13,0,0.05993799999123439,0,0,0,
annex,random,5007,future_cover,hash,1,13,13,True,3370.4704556780607,259.2669581290816,12987.352278390304,119,113,13,0,0.08229920797748491,0,0,0,
annex,random,5007,joint,hash,1,13,13,True,3543.60239540387,272.58479964645153,13438.01197701935,135,116,13,0,0.03202941600466147,0,0,0,
annex,random,5007,optical,hash,1,13,13,True,3362.8800503197153,258.6830807938243,12984.400251598578,117,110,15,2,0.06945458299014717,0,0,0,
annex,random,5007,phased,hash,1,13,13,True,4556.461781910523,350.49706014696335,17457.308909552616,167,165,13,0,0.01937708299374208,0,0,0,
annex,random,5007,scenario,hash,1,13,13,True,3493.3437316823624,268.71874859095095,13436.718658411812,125,116,13,0,0.19831679199705832,26,6,0,
annex,random,5007,scenario_future,hash,1,13,13,True,3493.3437316823624,268.71874859095095,13436.718658411812,125,116,13,0,0.27324195799883455,26,6,0,
annex,random,5007,v2,hash,1,13,13,True,3543.856445120143,272.6043419323187,12929.282225600713,150,143,13,0,0.23068270800285973,0,0,0,
annex,random,5007,v3,hash,1,13,13,True,3370.4704556780607,259.2669581290816,12987.352278390304,119,113,13,0,0.15004475001478568,0,0,0,
annex,random,5007,v3_origin20,hash,1,13,13,True,3310.8689277483527,254.68222521141175,12354.344638741764,130,125,13,0,0.0862689159985166,0,0,0,
annex,random,5008,future_cover,hash,0,15,15,True,3527.9228766898677,235.19485844599117,13599.614383449338,123,118,15,0,0.12903454099432565,0,0,0,
annex,random,5008,joint,hash,0,15,15,True,3957.441190042991,263.8294126695327,15462.205950214955,136,110,15,0,0.021005666989367455,0,0,0,
annex,random,5008,optical,hash,0,15,15,True,3537.750674753802,235.8500449835868,13738.753373769008,119,114,17,2,0.1320222089998424,0,0,0,
annex,random,5008,phased,hash,0,15,15,True,4629.171719144643,308.6114479429762,17715.858595723217,169,166,15,0,0.016522457997780293,0,0,0,
annex,random,5008,scenario,hash,0,15,15,True,3613.3923973113233,240.89282648742156,14386.961986556616,111,106,15,0,0.31140979198971763,25,8,0,
annex,random,5008,scenario_future,hash,0,15,15,True,3613.3923973113233,240.89282648742156,14386.961986556616,111,106,15,0,0.26511104201199487,25,8,0,
annex,random,5008,v2,hash,0,15,15,True,3621.702671804374,241.44684478695825,13443.51335902187,144,138,15,0,0.26092537501244806,0,0,0,
annex,random,5008,v3,hash,0,15,15,True,3527.9228766898677,235.19485844599117,13599.614383449338,123,118,15,0,0.09571583400247619,0,0,0,
annex,random,5008,v3_origin20,hash,0,15,15,True,3578.423298602598,238.5615532401732,13107.11649301299,148,142,15,0,0.11233674999675713,0,0,0,
annex,random,5008,future_cover,hash,1,15,15,True,3527.9228766898677,235.19485844599117,13599.614383449338,123,118,15,0,0.10714170898427255,0,0,0,
annex,random,5008,joint,hash,1,15,15,True,3957.441190042991,263.8294126695327,15462.205950214955,136,110,15,0,0.020678832981502637,0,0,0,
annex,random,5008,optical,hash,1,15,15,True,3537.750674753802,235.8500449835868,13738.753373769008,119,114,17,2,0.07950404097209685,0,0,0,
annex,random,5008,phased,hash,1,15,15,True,4629.171719144643,308.6114479429762,17715.858595723217,169,166,15,0,0.016439333005109802,0,0,0,
annex,random,5008,scenario,hash,1,15,15,True,3613.3923973113233,240.89282648742156,14386.961986556616,111,106,15,0,0.24201204199925996,25,8,0,
annex,random,5008,scenario_future,hash,1,15,15,True,3613.3923973113233,240.89282648742156,14386.961986556616,111,106,15,0,0.2960777500120457,25,8,0,
annex,random,5008,v2,hash,1,15,15,True,3621.702671804374,241.44684478695825,13443.51335902187,144,138,15,0,0.19432216699351557,0,0,0,
annex,random,5008,v3,hash,1,15,15,True,3527.9228766898677,235.19485844599117,13599.614383449338,123,118,15,0,0.06600162500399165,0,0,0,
annex,random,5008,v3_origin20,hash,1,15,15,True,3578.423298602598,238.5615532401732,13107.11649301299,148,142,15,0,0.07891737500904128,0,0,0,
annex,random,5009,future_cover,hash,0,12,12,True,3090.9262692934294,257.5771891077858,11309.631346467148,129,124,12,0,0.07873041700804606,0,0,0,
annex,random,5009,joint,hash,0,12,12,True,3301.7087160742476,275.1423930061873,12138.543580371239,138,124,12,0,0.01843091699993238,0,0,0,
annex,random,5009,optical,hash,0,12,12,True,3060.782322036801,255.06519350306675,11353.911610184005,122,117,13,1,0.0648151249915827,0,0,0,
annex,random,5009,phased,hash,0,12,12,True,3998.915732771686,333.24297773097385,14649.57866385843,169,164,12,0,0.01738408298115246,0,0,0,
annex,random,5009,scenario,hash,0,12,12,True,3111.81738725295,259.3181156044125,11504.08693626475,127,116,12,0,0.18328604198177345,20,3,0,
annex,random,5009,scenario_future,hash,0,12,12,True,3111.81738725295,259.3181156044125,11504.08693626475,127,116,12,0,0.22087300001294352,20,3,0,
annex,random,5009,v2,hash,0,12,12,True,3062.074596041365,255.17288300344708,10965.372980206826,135,134,12,0,0.14744975001667626,0,0,0,
annex,random,5009,v3,hash,0,12,12,True,3090.9262692934294,257.5771891077858,11309.631346467148,129,124,12,0,0.05742774999816902,0,0,0,
annex,random,5009,v3_origin20,hash,0,12,12,True,3026.8354019515327,252.23628349596106,10689.177009757665,139,134,12,0,0.0651259169972036,0,0,0,
annex,random,5009,future_cover,hash,1,12,12,True,3090.9262692934294,257.5771891077858,11309.631346467148,129,124,12,0,0.1035258750198409,0,0,0,
annex,random,5009,joint,hash,1,12,12,True,3301.7087160742476,275.1423930061873,12138.543580371239,138,124,12,0,0.015492166974581778,0,0,0,
annex,random,5009,optical,hash,1,12,12,True,3060.782322036801,255.06519350306675,11353.911610184005,122,117,13,1,0.06247345800511539,0,0,0,
annex,random,5009,phased,hash,1,12,12,True,3998.915732771686,333.24297773097385,14649.57866385843,169,164,12,0,0.013956084003439173,0,0,0,
annex,random,5009,scenario,hash,1,12,12,True,3111.81738725295,259.3181156044125,11504.08693626475,127,116,12,0,0.1844973329862114,20,3,0,
annex,random,5009,scenario_future,hash,1,12,12,True,3111.81738725295,259.3181156044125,11504.08693626475,127,116,12,0,0.21993212500819936,20,3,0,
annex,random,5009,v2,hash,1,12,12,True,3062.074596041365,255.17288300344708,10965.372980206826,135,134,12,0,0.13600716699147597,0,0,0,
annex,random,5009,v3,hash,1,12,12,True,3090.9262692934294,257.5771891077858,11309.631346467148,129,124,12,0,0.05295341700548306,0,0,0,
annex,random,5009,v3_origin20,hash,1,12,12,True,3026.8354019515327,252.23628349596106,10689.177009757665,139,134,12,0,0.06004204199416563,0,0,0,
annex,random,5010,future_cover,hash,0,11,11,True,2738.0897152934535,248.91724684485942,9530.448576467268,130,127,11,0,0.07590345799690112,0,0,0,
annex,random,5010,joint,hash,0,11,11,True,2717.497595922884,247.04523599298946,9277.487979614421,136,127,11,0,0.01724374998593703,0,0,0,
annex,random,5010,optical,hash,0,11,11,True,2717.3884972915666,247.03531793559696,9576.942486457834,125,122,11,0,0.06039279198739678,0,0,0,
annex,random,5010,phased,hash,0,11,11,True,3461.465791328642,314.6787083026038,12207.32895664321,161,160,11,0,0.012762667000060901,0,0,0,
annex,random,5010,scenario,hash,0,11,11,True,2888.717471193965,262.6106791994514,10128.587355969825,136,128,11,0,0.17375770802027546,17,6,0,
annex,random,5010,scenario_future,hash,0,11,11,True,2888.717471193965,262.6106791994514,10128.587355969825,136,128,11,0,0.19751462497515604,17,6,1,
annex,random,5010,v2,hash,0,11,11,True,2632.4796840115823,239.31633491014384,8907.39842005791,134,126,11,0,0.14543379098176956,0,0,0,
annex,random,5010,v3,hash,0,11,11,True,2738.0897152934535,248.91724684485942,9530.448576467268,130,127,11,0,0.05428316700272262,0,0,0,
annex,random,5010,v3_origin20,hash,0,11,11,True,2647.6720106656962,240.6974555150633,8923.36005332848,136,128,11,0,0.07165508301113732,0,0,0,
annex,random,5010,future_cover,hash,1,11,11,True,2738.0897152934535,248.91724684485942,9530.448576467268,130,127,11,0,0.07370666699716821,0,0,0,
annex,random,5010,joint,hash,1,11,11,True,2717.497595922884,247.04523599298946,9277.487979614421,136,127,11,0,0.017960541998036206,0,0,0,
annex,random,5010,optical,hash,1,11,11,True,2717.3884972915666,247.03531793559696,9576.942486457834,125,122,11,0,0.05633079100516625,0,0,0,
annex,random,5010,phased,hash,1,11,11,True,3461.465791328642,314.6787083026038,12207.32895664321,161,160,11,0,0.011192417005077004,0,0,0,
annex,random,5010,scenario,hash,1,11,11,True,2888.717471193965,262.6106791994514,10128.587355969825,136,128,11,0,0.17344749998301268,17,6,0,
annex,random,5010,scenario_future,hash,1,11,11,True,2888.717471193965,262.6106791994514,10128.587355969825,136,128,11,0,0.18691237500752322,17,6,1,
annex,random,5010,v2,hash,1,11,11,True,2632.4796840115823,239.31633491014384,8907.39842005791,134,126,11,0,0.150175249989843,0,0,0,
annex,random,5010,v3,hash,1,11,11,True,2738.0897152934535,248.91724684485942,9530.448576467268,130,127,11,0,0.05252745799953118,0,0,0,
annex,random,5010,v3_origin20,hash,1,11,11,True,2647.6720106656962,240.6974555150633,8923.36005332848,136,128,11,0,0.06710045799263753,0,0,0,
annex,random,5011,future_cover,hash,0,10,10,True,2768.1528667808298,276.815286678083,10050.764333904148,119,113,10,0,0.057045624998863786,0,0,1,
annex,random,5011,joint,hash,0,10,10,True,3055.6788000432475,305.56788000432476,11003.394000216238,137,120,10,0,0.014373832993442193,0,0,0,
annex,random,5011,optical,hash,0,10,10,True,2772.7460868437165,277.27460868437163,10203.730434218583,114,109,11,1,0.04888970899628475,0,0,0,
annex,random,5011,phased,hash,0,10,10,True,3513.459460179786,351.34594601797863,12377.29730089893,165,163,10,0,0.011973499989835545,0,0,0,
annex,random,5011,scenario,hash,0,10,10,True,2826.3675438954742,282.63675438954743,10131.837719477371,126,120,10,0,0.13604929199209437,15,4,0,
annex,random,5011,scenario_future,hash,0,10,10,True,2826.337162241633,282.6337162241633,10131.685811208165,126,120,10,0,0.15880729199852794,15,3,8,
annex,random,5011,v2,hash,0,10,10,True,2825.585029591932,282.5585029591932,9632.92514795966,142,139,10,0,0.10048850000021048,0,0,0,
annex,random,5011,v3,hash,0,10,10,True,2802.38124909866,280.23812490986603,10206.906245493301,119,116,10,0,0.04011525001260452,0,0,0,
annex,random,5011,v3_origin20,hash,0,10,10,True,2801.038236465449,280.10382364654487,9505.191182327244,142,140,10,0,0.04962404101388529,0,0,0,
annex,random,5011,future_cover,hash,1,10,10,True,2768.1528667808298,276.815286678083,10050.764333904148,119,113,10,0,0.05446337498142384,0,0,1,
annex,random,5011,joint,hash,1,10,10,True,3055.6788000432475,305.56788000432476,11003.394000216238,137,120,10,0,0.014705042005516589,0,0,0,
annex,random,5011,optical,hash,1,10,10,True,2772.7460868437165,277.27460868437163,10203.730434218583,114,109,11,1,0.046394583012443036,0,0,0,
annex,random,5011,phased,hash,1,10,10,True,3513.459460179786,351.34594601797863,12377.29730089893,165,163,10,0,0.012341499998001382,0,0,0,
annex,random,5011,scenario,hash,1,10,10,True,2826.3675438954742,282.63675438954743,10131.837719477371,126,120,10,0,0.12373633400420658,15,4,0,
annex,random,5011,scenario_future,hash,1,10,10,True,2826.337162241633,282.6337162241633,10131.685811208165,126,120,10,0,0.14819558299495839,15,3,8,
annex,random,5011,v2,hash,1,10,10,True,2825.585029591932,282.5585029591932,9632.92514795966,142,139,10,0,0.08742991599137895,0,0,0,
annex,random,5011,v3,hash,1,10,10,True,2802.38124909866,280.23812490986603,10206.906245493301,119,116,10,0,0.03582416599965654,0,0,0,
annex,random,5011,v3_origin20,hash,1,10,10,True,2801.038236465449,280.10382364654487,9505.191182327244,142,140,10,0,0.04512712499126792,0,0,0,
annex,random,5012,future_cover,hash,0,11,11,True,2977.6140605052124,270.69218731865567,10978.070302526061,122,117,11,0,0.062390249979216605,0,0,0,
annex,random,5012,joint,hash,0,11,11,True,3449.2279312076603,313.56617556433275,12946.139656038302,138,115,11,0,0.013738707988522947,0,0,0,
annex,random,5012,optical,hash,0,11,11,True,2964.084303660196,269.4622094236542,10975.42151830098,120,114,11,0,0.05922075000125915,0,0,0,
annex,random,5012,phased,hash,0,11,11,True,3862.7995642531037,351.1635967502821,13973.997821265519,170,163,11,0,0.01095125000574626,0,0,0,
annex,random,5012,scenario,hash,0,11,11,True,2935.894952455794,266.8995411323449,10964.47476227897,116,108,11,0,0.1782111670181621,16,4,0,
annex,random,5012,scenario_future,hash,0,11,11,True,2935.894952455794,266.8995411323449,10964.47476227897,116,108,11,0,0.1794642920140177,16,4,0,
annex,random,5012,v2,hash,0,11,11,True,3273.7405020525835,297.6127729138712,12293.702510262918,128,120,11,0,0.12246174999745563,0,0,0,
annex,random,5012,v3,hash,0,11,11,True,2977.6140605052124,270.69218731865567,10978.070302526061,122,117,11,0,0.052290416992036626,0,0,0,
annex,random,5012,v3_origin20,hash,0,11,11,True,3299.646582381989,299.9678711256354,12308.232911909945,132,123,11,0,0.06471037500887178,0,0,0,
annex,random,5012,future_cover,hash,1,11,11,True,2977.6140605052124,270.69218731865567,10978.070302526061,122,117,11,0,0.07653187500545755,0,0,0,
annex,random,5012,joint,hash,1,11,11,True,3449.2279312076603,313.56617556433275,12946.139656038302,138,115,11,0,0.01866279199020937,0,0,0,
annex,random,5012,optical,hash,1,11,11,True,2964.084303660196,269.4622094236542,10975.42151830098,120,114,11,0,0.05972129199653864,0,0,0,
annex,random,5012,phased,hash,1,11,11,True,3862.7995642531037,351.1635967502821,13973.997821265519,170,163,11,0,0.0156092919933144,0,0,0,
annex,random,5012,scenario,hash,1,11,11,True,2935.894952455794,266.8995411323449,10964.47476227897,116,108,11,0,0.1851789169886615,16,4,0,
annex,random,5012,scenario_future,hash,1,11,11,True,2935.894952455794,266.8995411323449,10964.47476227897,116,108,11,0,0.30431312500149943,16,4,0,
annex,random,5012,v2,hash,1,11,11,True,3273.7405020525835,297.6127729138712,12293.702510262918,128,120,11,0,0.14285308300168253,0,0,0,
annex,random,5012,v3,hash,1,11,11,True,2977.6140605052124,270.69218731865567,10978.070302526061,122,117,11,0,0.04754299999331124,0,0,0,
annex,random,5012,v3_origin20,hash,1,11,11,True,3299.646582381989,299.9678711256354,12308.232911909945,132,123,11,0,0.06330933299614117,0,0,0,
annex,random,5013,future_cover,hash,0,11,11,True,3266.7344099158645,296.9758554468968,12388.672049579323,123,119,11,0,0.06071312498534098,0,0,0,
annex,random,5013,joint,hash,0,11,11,True,3622.4163431773404,329.3105766524855,13412.081715886703,151,130,11,0,0.013414334011031315,0,0,0,
annex,random,5013,optical,hash,0,11,11,True,3255.100496644094,295.9182269676449,12455.50248322047,118,116,12,1,0.06636445902404375,0,0,0,
annex,random,5013,phased,hash,0,11,11,True,4378.663562108393,398.06032382803573,16558.317810541965,169,167,11,0,0.012191041023470461,0,0,0,
annex,random,5013,scenario,hash,0,11,11,True,3282.926314897181,298.44784680883464,12574.631574485904,120,113,11,0,0.31646479200571775,23,5,0,
annex,random,5013,scenario_future,hash,0,11,11,True,3282.926314897181,298.44784680883464,12574.631574485904,120,113,11,0,0.23530820800806396,23,5,0,
annex,random,5013,v2,hash,0,11,11,True,3312.329513116195,301.12086482874497,12131.647565580975,139,136,11,0,0.1271183749777265,0,0,0,
annex,random,5013,v3,hash,0,11,11,True,3266.7344099158645,296.9758554468968,12388.672049579323,123,119,11,0,0.042742749996250495,0,0,0,
annex,random,5013,v3_origin20,hash,0,11,11,True,3323.437902059399,302.1307183690363,12107.189510296996,142,137,11,0,0.05329379200702533,0,0,0,
annex,random,5013,future_cover,hash,1,11,11,True,3266.7344099158645,296.9758554468968,12388.672049579323,123,119,11,0,0.047098750015720725,0,0,0,
annex,random,5013,joint,hash,1,11,11,True,3622.4163431773404,329.3105766524855,13412.081715886703,151,130,11,0,0.013489042001310736,0,0,0,
annex,random,5013,optical,hash,1,11,11,True,3255.100496644094,295.9182269676449,12455.50248322047,118,116,12,1,0.0464481670060195,0,0,0,
annex,random,5013,phased,hash,1,11,11,True,4378.663562108393,398.06032382803573,16558.317810541965,169,167,11,0,0.010484500002348796,0,0,0,
annex,random,5013,scenario,hash,1,11,11,True,3282.926314897181,298.44784680883464,12574.631574485904,120,113,11,0,0.1888459170004353,23,5,0,
annex,random,5013,scenario_future,hash,1,11,11,True,3282.926314897181,298.44784680883464,12574.631574485904,120,113,11,0,0.2028486249910202,23,5,0,
annex,random,5013,v2,hash,1,11,11,True,3312.329513116195,301.12086482874497,12131.647565580975,139,136,11,0,0.11726662502042018,0,0,0,
annex,random,5013,v3,hash,1,11,11,True,3266.7344099158645,296.9758554468968,12388.672049579323,123,119,11,0,0.04124308400787413,0,0,0,
annex,random,5013,v3_origin20,hash,1,11,11,True,3323.437902059399,302.1307183690363,12107.189510296996,142,137,11,0,0.04400887500378303,0,0,0,
annex,random,5014,future_cover,hash,0,13,13,True,2904.1249153106373,223.3942242546644,10685.624576553188,118,112,13,0,0.07048887500423007,0,0,0,
annex,random,5014,joint,hash,0,13,13,True,3140.5966696451055,241.58435920346966,11642.983348225527,126,117,13,0,0.016961124987574294,0,0,0,
annex,random,5014,optical,hash,0,13,13,True,2888.582365662681,222.1986435125139,10732.911828313403,113,109,14,1,0.06473895799717866,0,0,0,
annex,random,5014,phased,hash,0,13,13,True,3817.690214491425,293.66847803780195,13878.451072457126,163,162,13,0,0.01575487499940209,0,0,0,
annex,random,5014,scenario,hash,0,13,13,True,3090.6885008690147,237.74526929761652,11913.442504345074,108,103,13,0,0.1710798749991227,22,6,0,
annex,random,5014,scenario_future,hash,0,13,13,True,3090.6885008690147,237.74526929761652,11913.442504345074,108,103,13,0,0.19333795801503584,22,6,0,
annex,random,5014,v2,hash,0,13,13,True,3019.0687746589265,232.2360595891482,10920.343873294632,129,125,13,0,0.1524662919982802,0,0,0,
annex,random,5014,v3,hash,0,13,13,True,2904.1249153106373,223.3942242546644,10685.624576553188,118,112,13,0,0.054336291999788955,0,0,0,
annex,random,5014,v3_origin20,hash,0,13,13,True,2891.1942861647594,222.39956047421225,10645.971430823796,117,112,13,0,0.12366633300553076,0,0,0,
annex,random,5014,future_cover,hash,1,13,13,True,2904.1249153106373,223.3942242546644,10685.624576553188,118,112,13,0,0.09404045800329186,0,0,0,
annex,random,5014,joint,hash,1,13,13,True,3140.5966696451055,241.58435920346966,11642.983348225527,126,117,13,0,0.018082750000758097,0,0,0,
annex,random,5014,optical,hash,1,13,13,True,2888.582365662681,222.1986435125139,10732.911828313403,113,109,14,1,0.08786370800225995,0,0,0,
annex,random,5014,phased,hash,1,13,13,True,3817.690214491425,293.66847803780195,13878.451072457126,163,162,13,0,0.01588912500301376,0,0,0,
annex,random,5014,scenario,hash,1,13,13,True,3090.6885008690147,237.74526929761652,11913.442504345074,108,103,13,0,0.2321684169874061,22,6,0,
annex,random,5014,scenario_future,hash,1,13,13,True,3090.6885008690147,237.74526929761652,11913.442504345074,108,103,13,0,0.20267354100360535,22,6,0,
annex,random,5014,v2,hash,1,13,13,True,3019.0687746589265,232.2360595891482,10920.343873294632,129,125,13,0,0.24457558398717083,0,0,0,
annex,random,5014,v3,hash,1,13,13,True,2904.1249153106373,223.3942242546644,10685.624576553188,118,112,13,0,0.057661958009703085,0,0,0,
annex,random,5014,v3_origin20,hash,1,13,13,True,2891.1942861647594,222.39956047421225,10645.971430823796,117,112,13,0,0.059547208016738296,0,0,0,
annex,random,5015,future_cover,hash,0,16,16,True,3108.4216421627493,194.27635263517183,11722.108210813747,115,109,16,0,0.15614279100554995,0,0,0,
annex,random,5015,joint,hash,0,16,16,True,3272.262776506467,204.5164235316542,12631.313882532335,114,96,16,0,0.029428792011458427,0,0,0,
annex,random,5015,optical,hash,0,16,16,True,3069.032997234876,191.81456232717974,11755.164986174379,107,100,17,1,0.08293391700135544,0,0,0,
annex,random,5015,phased,hash,0,16,16,True,3792.5879071950662,237.03674419969164,14502.93953597533,137,127,16,0,0.025488208018941805,0,0,0,
annex,random,5015,scenario,hash,0,16,16,True,3459.2335113933514,216.20209446208446,13691.167556966757,108,101,16,0,0.4128107909928076,18,8,0,
annex,random,5015,scenario_future,hash,0,16,16,True,3459.2335113933514,216.20209446208446,13691.167556966757,108,101,16,0,0.4472198339935858,18,8,0,
annex,random,5015,v2,hash,0,16,16,True,2946.2166130997257,184.13853831873286,10531.08306549863,128,120,16,0,0.21823045899509452,0,0,0,
annex,random,5015,v3,hash,0,16,16,True,3108.4216421627493,194.27635263517183,11722.108210813747,115,109,16,0,0.07995237500290386,0,0,0,
annex,random,5015,v3_origin20,hash,0,16,16,True,2921.65193272041,182.60324579502563,10328.25966360205,131,121,16,0,0.08441791700897738,0,0,0,
annex,random,5015,future_cover,hash,1,16,16,True,3108.4216421627493,194.27635263517183,11722.108210813747,115,109,16,0,0.1332750000001397,0,0,0,
annex,random,5015,joint,hash,1,16,16,True,3272.262776506467,204.5164235316542,12631.313882532335,114,96,16,0,0.03147366701159626,0,0,0,
annex,random,5015,optical,hash,1,16,16,True,3069.032997234876,191.81456232717974,11755.164986174379,107,100,17,1,0.10834554201574065,0,0,0,
annex,random,5015,phased,hash,1,16,16,True,3792.5879071950662,237.03674419969164,14502.93953597533,137,127,16,0,0.02270220802165568,0,0,0,
annex,random,5015,scenario,hash,1,16,16,True,3459.2335113933514,216.20209446208446,13691.167556966757,108,101,16,0,0.27403899998171255,18,8,0,
annex,random,5015,scenario_future,hash,1,16,16,True,3459.2335113933514,216.20209446208446,13691.167556966757,108,101,16,0,0.4037156669946853,18,8,0,
annex,random,5015,v2,hash,1,16,16,True,2946.2166130997257,184.13853831873286,10531.08306549863,128,120,16,0,0.23933170799864456,0,0,0,
annex,random,5015,v3,hash,1,16,16,True,3108.4216421627493,194.27635263517183,11722.108210813747,115,109,16,0,0.11156849999679253,0,0,0,
annex,random,5015,v3_origin20,hash,1,16,16,True,2921.65193272041,182.60324579502563,10328.25966360205,131,121,16,0,0.11430358298821375,0,0,0,
annex,random,5016,future_cover,hash,0,14,14,True,3142.112291368812,224.4365922406294,11960.56145684406,114,110,14,0,0.10852704200078733,0,0,0,
annex,random,5016,joint,hash,0,14,14,True,3479.4516641074397,248.53226172195997,13217.2583205372,130,116,14,0,0.019486375007545575,0,0,0,
annex,random,5016,optical,hash,0,14,14,True,3120.267841458567,222.87627438989765,12021.339207292836,108,103,15,1,0.06515287500224076,0,0,0,
annex,random,5016,phased,hash,0,14,14,True,4153.7569800245865,296.6969271446133,15423.784900122932,167,164,14,0,0.01881287500145845,0,0,0,
annex,random,5016,scenario,hash,0,14,14,True,3589.726089076075,256.4090063625768,14318.630445380375,110,106,14,0,0.17202041699783877,15,8,0,
annex,random,5016,scenario_future,hash,0,14,14,True,3589.726089076075,256.4090063625768,14318.630445380375,110,106,14,0,0.24171500001102686,15,8,0,
annex,random,5016,v2,hash,0,14,14,True,3227.1637810229595,230.5116986444971,12680.818905114798,104,101,14,0,0.1854004999913741,0,0,0,
annex,random,5016,v3,hash,0,14,14,True,3142.112291368812,224.4365922406294,11960.56145684406,114,110,14,0,0.05495841699303128,0,0,0,
annex,random,5016,v3_origin20,hash,0,14,14,True,3095.22006096775,221.08714721198217,12026.100304838752,104,100,14,0,0.05369662499288097,0,0,0,
annex,random,5016,future_cover,hash,1,14,14,True,3142.112291368812,224.4365922406294,11960.56145684406,114,110,14,0,0.13107391700032167,0,0,0,
annex,random,5016,joint,hash,1,14,14,True,3479.4516641074397,248.53226172195997,13217.2583205372,130,116,14,0,0.03884729198762216,0,0,0,
annex,random,5016,optical,hash,1,14,14,True,3120.267841458567,222.87627438989765,12021.339207292836,108,103,15,1,0.09724758399534039,0,0,0,
annex,random,5016,phased,hash,1,14,14,True,4153.7569800245865,296.6969271446133,15423.784900122932,167,164,14,0,0.04294308298267424,0,0,0,
annex,random,5016,scenario,hash,1,14,14,True,3589.726089076075,256.4090063625768,14318.630445380375,110,106,14,0,0.25765174999833107,15,8,0,
annex,random,5016,scenario_future,hash,1,14,14,True,3589.726089076075,256.4090063625768,14318.630445380375,110,106,14,0,0.3714460000046529,15,8,0,
annex,random,5016,v2,hash,1,14,14,True,3227.1637810229595,230.5116986444971,12680.818905114798,104,101,14,0,0.27353966698865406,0,0,0,
annex,random,5016,v3,hash,1,14,14,True,3142.112291368812,224.4365922406294,11960.56145684406,114,110,14,0,0.09019716701004654,0,0,0,
annex,random,5016,v3_origin20,hash,1,14,14,True,3095.22006096775,221.08714721198217,12026.100304838752,104,100,14,0,0.08359162497799844,0,0,0,
annex,random,5017,future_cover,hash,0,10,10,True,2747.191410430624,274.7191410430624,9865.957052153119,122,114,10,0,0.04440641700057313,0,0,0,
annex,random,5017,joint,hash,0,10,10,True,2911.8122779920104,291.18122779920105,10004.061389960052,146,131,10,0,0.011491042008856311,0,0,0,
annex,random,5017,optical,hash,0,10,10,True,2732.38624861572,273.238624861572,9876.9312430786,119,112,10,0,0.04032933397684246,0,0,0,
annex,random,5017,phased,hash,0,10,10,True,3945.633583939916,394.5633583939916,14443.167919699581,169,162,10,0,0.011593833012739196,0,0,0,
annex,random,5017,scenario,hash,0,10,10,True,2827.2072993687284,282.72072993687283,10206.036496843642,124,116,10,0,0.12875212501967326,16,4,0,
annex,random,5017,scenario_future,hash,0,10,10,True,2827.2072993687284,282.72072993687283,10206.036496843642,124,116,10,0,0.13943691601161845,16,4,0,
annex,random,5017,v2,hash,0,10,10,True,2739.589395267915,273.9589395267915,9182.946976339574,143,138,10,0,0.09777691701310687,0,0,0,
annex,random,5017,v3,hash,0,10,10,True,2747.191410430624,274.7191410430624,9865.957052153119,122,114,10,0,0.036085041996557266,0,0,0,
annex,random,5017,v3_origin20,hash,0,10,10,True,2831.0159934382964,283.10159934382966,9765.079967191481,139,133,10,0,0.04904416701174341,0,0,0,
annex,random,5017,future_cover,hash,1,10,10,True,2747.191410430624,274.7191410430624,9865.957052153119,122,114,10,0,0.05431466700974852,0,0,0,
annex,random,5017,joint,hash,1,10,10,True,2911.8122779920104,291.18122779920105,10004.061389960052,146,131,10,0,0.014239791984437034,0,0,0,
annex,random,5017,optical,hash,1,10,10,True,2732.38624861572,273.238624861572,9876.9312430786,119,112,10,0,0.04328141699079424,0,0,0,
annex,random,5017,phased,hash,1,10,10,True,3945.633583939916,394.5633583939916,14443.167919699581,169,162,10,0,0.01870783302001655,0,0,0,
annex,random,5017,scenario,hash,1,10,10,True,2827.2072993687284,282.72072993687283,10206.036496843642,124,116,10,0,0.14540595901780762,16,4,0,
annex,random,5017,scenario_future,hash,1,10,10,True,2827.2072993687284,282.72072993687283,10206.036496843642,124,116,10,0,0.21567525001592003,16,4,0,
annex,random,5017,v2,hash,1,10,10,True,2739.589395267915,273.9589395267915,9182.946976339574,143,138,10,0,0.12085745800868608,0,0,0,
annex,random,5017,v3,hash,1,10,10,True,2747.191410430624,274.7191410430624,9865.957052153119,122,114,10,0,0.04026774998055771,0,0,0,
annex,random,5017,v3_origin20,hash,1,10,10,True,2831.0159934382964,283.10159934382966,9765.079967191481,139,133,10,0,0.05420837498968467,0,0,0,
annex,random,5018,future_cover,hash,0,13,13,True,3603.181452974355,277.16780407495037,13830.907264871776,129,127,13,0,0.0733007499948144,0,0,0,
annex,random,5018,joint,hash,0,13,13,True,3535.575518486546,271.96734757588814,13457.877592432731,133,114,13,0,0.014578125003026798,0,0,0,
annex,random,5018,optical,hash,0,13,13,True,3603.79956871752,277.21535143980924,13923.997843587598,125,123,15,2,0.06708820798667148,0,0,0,
annex,random,5018,phased,hash,0,13,13,True,4386.718024813783,337.4398480625987,16593.590124068916,168,163,13,0,0.012710624985629693,0,0,0,
annex,random,5018,scenario,hash,0,13,13,True,3492.753195424097,268.67332272493053,13483.765977120485,123,116,13,0,0.20184870800585486,24,5,0,
annex,random,5018,scenario_future,hash,0,13,13,True,3492.753195424097,268.67332272493053,13483.765977120485,123,116,13,0,0.2334887089964468,24,5,0,
annex,random,5018,v2,hash,0,13,13,True,3583.118839838495,275.62452614142273,13710.594199192476,130,126,13,0,0.1548364590271376,0,0,0,
annex,random,5018,v3,hash,0,13,13,True,3603.181452974355,277.16780407495037,13830.907264871776,129,127,13,0,0.04860591600299813,0,0,0,
annex,random,5018,v3_origin20,hash,0,13,13,True,3560.3232535564357,273.87101950434123,13661.616267782178,128,123,13,0,0.05523150000954047,0,0,0,
annex,random,5018,future_cover,hash,1,13,13,True,3603.181452974355,277.16780407495037,13830.907264871776,129,127,13,0,0.10089299999526702,0,0,0,
annex,random,5018,joint,hash,1,13,13,True,3535.575518486546,271.96734757588814,13457.877592432731,133,114,13,0,0.016788542008725926,0,0,0,
annex,random,5018,optical,hash,1,13,13,True,3603.79956871752,277.21535143980924,13923.997843587598,125,123,15,2,0.08538733300520107,0,0,0,
annex,random,5018,phased,hash,1,13,13,True,4386.718024813783,337.4398480625987,16593.590124068916,168,163,13,0,0.01625225000316277,0,0,0,
annex,random,5018,scenario,hash,1,13,13,True,3492.753195424097,268.67332272493053,13483.765977120485,123,116,13,0,0.27101799999945797,24,5,0,
annex,random,5018,scenario_future,hash,1,13,13,True,3492.753195424097,268.67332272493053,13483.765977120485,123,116,13,0,0.30391679200693034,24,5,0,
annex,random,5018,v2,hash,1,13,13,True,3583.118839838495,275.62452614142273,13710.594199192476,130,126,13,0,0.19546066600014456,0,0,0,
annex,random,5018,v3,hash,1,13,13,True,3603.181452974355,277.16780407495037,13830.907264871776,129,127,13,0,0.05611454101745039,0,0,0,
annex,random,5018,v3_origin20,hash,1,13,13,True,3560.3232535564357,273.87101950434123,13661.616267782178,128,123,13,0,0.06445274999714456,0,0,0,
annex,random,5019,future_cover,hash,0,12,12,True,2904.629975901391,242.0524979917826,10468.149879506955,126,121,12,0,0.08703508297912776,0,0,0,
annex,random,5019,joint,hash,0,12,12,True,3053.433347892519,254.45277899104326,11192.166739462595,128,115,12,0,0.013767124997684732,0,0,0,
annex,random,5019,optical,hash,0,12,12,True,2946.0238178138707,245.50198481782255,10750.119089069352,123,118,13,1,0.06487075000768527,0,0,0,
annex,random,5019,phased,hash,0,12,12,True,3969.590151780927,330.79917931507725,14542.950758904635,168,161,12,0,0.012631041987333447,0,0,0,
annex,random,5019,scenario,hash,0,12,12,True,2956.305850239116,246.35882085325966,10721.52925119558,126,122,12,0,0.21091891601099633,20,4,0,
annex,random,5019,scenario_future,hash,0,12,12,True,2956.305850239116,246.35882085325966,10721.52925119558,126,122,12,0,0.23624770797323436,20,4,0,
annex,random,5019,v2,hash,0,12,12,True,3237.910262565671,269.82585521380594,11774.551312828355,138,133,12,0,0.1257928340055514,0,0,0,
annex,random,5019,v3,hash,0,12,12,True,2904.629975901391,242.0524979917826,10468.149879506955,126,121,12,0,0.05695770800230093,0,0,0,
annex,random,5019,v3_origin20,hash,0,12,12,True,2837.020751500256,236.4183959583547,10150.103757501282,125,122,12,0,0.05144862501765601,0,0,0,
annex,random,5019,future_cover,hash,1,12,12,True,2904.629975901391,242.0524979917826,10468.149879506955,126,121,12,0,0.11187341701588593,0,0,0,
annex,random,5019,joint,hash,1,12,12,True,3053.433347892519,254.45277899104326,11192.166739462595,128,115,12,0,0.022862749989144504,0,0,0,
annex,random,5019,optical,hash,1,12,12,True,2946.0238178138707,245.50198481782255,10750.119089069352,123,118,13,1,0.08394399998360313,0,0,0,
annex,random,5019,phased,hash,1,12,12,True,3969.590151780927,330.79917931507725,14542.950758904635,168,161,12,0,0.018865165999159217,0,0,0,
annex,random,5019,scenario,hash,1,12,12,True,2956.305850239116,246.35882085325966,10721.52925119558,126,122,12,0,0.2909466249984689,20,4,0,
annex,random,5019,scenario_future,hash,1,12,12,True,2956.305850239116,246.35882085325966,10721.52925119558,126,122,12,0,0.32695066698943265,20,4,0,
annex,random,5019,v2,hash,1,12,12,True,3237.910262565671,269.82585521380594,11774.551312828355,138,133,12,0,0.21556087498902343,0,0,0,
annex,random,5019,v3,hash,1,12,12,True,2904.629975901391,242.0524979917826,10468.149879506955,126,121,12,0,0.08018779099802487,0,0,0,
annex,random,5019,v3_origin20,hash,1,12,12,True,2837.020751500256,236.4183959583547,10150.103757501282,125,122,12,0,0.06503066699951887,0,0,0,
annex,random,5020,future_cover,hash,0,13,13,True,3175.9000225005243,244.30000173080956,11884.500112502621,124,114,13,0,0.08943554200232029,0,0,0,
annex,random,5020,joint,hash,0,13,13,True,3701.004074053389,284.6926210810299,14050.020370266946,142,116,13,0,0.02110916600213386,0,0,0,
annex,random,5020,optical,hash,0,13,13,True,3168.406260775147,243.72355852116516,11997.031303875736,117,110,16,3,0.0778832919895649,0,0,0,
annex,random,5020,phased,hash,0,13,13,True,4521.795027914479,347.8303867626522,17213.975139572394,170,164,13,0,0.016059500019764528,0,0,0,
annex,random,5020,scenario,hash,0,13,13,True,3206.75872745419,246.67374826570693,11933.79363727095,127,120,13,0,0.2044450420071371,11,8,0,
annex,random,5020,scenario_future,hash,0,13,13,True,3206.75872745419,246.67374826570693,11933.79363727095,127,120,13,0,0.24264149999362417,11,8,0,
annex,random,5020,v2,hash,0,13,13,True,3434.0341938973647,264.15647645364345,12960.170969486824,130,127,13,0,0.16829170798882842,0,0,0,
annex,random,5020,v3,hash,0,13,13,True,3175.9000225005243,244.30000173080956,11884.500112502621,124,114,13,0,0.06460266700014472,0,0,0,
annex,random,5020,v3_origin20,hash,0,13,13,True,3388.5412257153116,260.65701736271626,12797.706128576558,128,124,13,0,0.08814504201291129,0,0,0,
annex,random,5020,future_cover,hash,1,13,13,True,3175.9000225005243,244.30000173080956,11884.500112502621,124,114,13,0,0.08698700001696125,0,0,0,
annex,random,5020,joint,hash,1,13,13,True,3701.004074053389,284.6926210810299,14050.020370266946,142,116,13,0,0.023880458989879116,0,0,0,
annex,random,5020,optical,hash,1,13,13,True,3168.406260775147,243.72355852116516,11997.031303875736,117,110,16,3,0.08979670799453743,0,0,0,
annex,random,5020,phased,hash,1,13,13,True,4521.795027914479,347.8303867626522,17213.975139572394,170,164,13,0,0.0166370420192834,0,0,0,
annex,random,5020,scenario,hash,1,13,13,True,3206.75872745419,246.67374826570693,11933.79363727095,127,120,13,0,0.2224742079852149,11,8,0,
annex,random,5020,scenario_future,hash,1,13,13,True,3206.75872745419,246.67374826570693,11933.79363727095,127,120,13,0,0.24967691698111594,11,8,0,
annex,random,5020,v2,hash,1,13,13,True,3434.0341938973647,264.15647645364345,12960.170969486824,130,127,13,0,0.19690987499780022,0,0,0,
annex,random,5020,v3,hash,1,13,13,True,3175.9000225005243,244.30000173080956,11884.500112502621,124,114,13,0,0.07516254199435934,0,0,0,
annex,random,5020,v3_origin20,hash,1,13,13,True,3388.5412257153116,260.65701736271626,12797.706128576558,128,124,13,0,0.09782475000247359,0,0,0,
annex,random,5021,future_cover,hash,0,12,12,True,2955.5497881047877,246.29581567539898,11057.74894052394,115,109,12,0,0.066169625002658,0,0,0,
annex,random,5021,joint,hash,0,12,12,True,3277.210852819984,273.10090440166533,11981.054264099921,139,126,12,0,0.01593958301236853,0,0,0,
annex,random,5021,optical,hash,0,12,12,True,2943.112344386164,245.25936203218032,11080.561721930819,111,109,13,1,0.05648641599691473,0,0,0,
annex,random,5021,phased,hash,0,12,12,True,4080.834494402323,340.06954120019356,15024.172472011614,170,166,12,0,0.016104375012218952,0,0,0,
annex,random,5021,scenario,hash,0,12,12,True,2972.761856401176,247.73015470009798,11043.80928200588,119,109,12,0,0.2012761250080075,22,3,0,
annex,random,5021,scenario_future,hash,0,12,12,True,2972.761856401176,247.73015470009798,11043.80928200588,119,109,12,0,0.2334667920076754,22,3,0,
annex,random,5021,v2,hash,0,12,12,True,2896.6072800847955,241.3839400070663,10068.036400423978,138,133,12,0,0.10715495797921903,0,0,0,
annex,random,5021,v3,hash,0,12,12,True,2955.5497881047877,246.29581567539898,11057.74894052394,115,109,12,0,0.050310541002545506,0,0,0,
annex,random,5021,v3_origin20,hash,0,12,12,True,2920.454772825219,243.37123106876825,10097.273864126095,141,136,12,0,0.061667250003665686,0,0,0,
annex,random,5021,future_cover,hash,1,12,12,True,2955.5497881047877,246.29581567539898,11057.74894052394,115,109,12,0,0.06145937499240972,0,0,0,
annex,random,5021,joint,hash,1,12,12,True,3277.210852819984,273.10090440166533,11981.054264099921,139,126,12,0,0.015030874987132847,0,0,0,
annex,random,5021,optical,hash,1,12,12,True,2943.112344386164,245.25936203218032,11080.561721930819,111,109,13,1,0.05910916699212976,0,0,0,
annex,random,5021,phased,hash,1,12,12,True,4080.834494402323,340.06954120019356,15024.172472011614,170,166,12,0,0.013630208995891735,0,0,0,
annex,random,5021,scenario,hash,1,12,12,True,2972.761856401176,247.73015470009798,11043.80928200588,119,109,12,0,0.18818437500158325,22,3,0,
annex,random,5021,scenario_future,hash,1,12,12,True,2972.761856401176,247.73015470009798,11043.80928200588,119,109,12,0,0.21540108299814165,22,3,0,
annex,random,5021,v2,hash,1,12,12,True,2896.6072800847955,241.3839400070663,10068.036400423978,138,133,12,0,0.11215433300822042,0,0,0,
annex,random,5021,v3,hash,1,12,12,True,2955.5497881047877,246.29581567539898,11057.74894052394,115,109,12,0,0.04880150000099093,0,0,0,
annex,random,5021,v3_origin20,hash,1,12,12,True,2920.454772825219,243.37123106876825,10097.273864126095,141,136,12,0,0.061892917001387104,0,0,0,
annex,random,5022,future_cover,hash,0,11,11,True,2947.9719794889306,267.9974526808119,10764.859897444652,124,120,11,0,0.06674879198544659,0,0,0,
annex,random,5022,joint,hash,0,11,11,True,3422.14512124445,311.1041019313136,12750.72560622225,139,122,11,0,0.014163416984956712,0,0,0,
annex,random,5022,optical,hash,0,11,11,True,2935.0237129371444,266.8203375397404,10825.118564685723,119,117,12,1,0.05580741699668579,0,0,0,
annex,random,5022,phased,hash,0,11,11,True,3917.1440669384106,356.10400608531006,14340.720334692052,166,164,11,0,0.012284041004022583,0,0,0,
annex,random,5022,scenario,hash,0,11,11,True,3069.3026501376753,279.02751364887956,11336.513250688377,126,117,11,0,0.22462454199558124,21,6,0,
annex,random,5022,scenario_future,hash,0,11,11,True,3069.3026501376753,279.02751364887956,11336.513250688377,126,117,11,0,0.24629345900029875,21,6,0,
annex,random,5022,v2,hash,0,11,11,True,2949.4097871308527,268.12816246644115,10647.048935654264,128,125,11,0,0.11590883298777044,0,0,0,
annex,random,5022,v3,hash,0,11,11,True,2947.9719794889306,267.9974526808119,10764.859897444652,124,120,11,0,0.04526212500059046,0,0,0,
annex,random,5022,v3_origin20,hash,0,11,11,True,2963.387043393267,269.39882212666066,10536.935216966334,134,131,11,0,0.07047333300579339,0,0,0,
annex,random,5022,future_cover,hash,1,11,11,True,2947.9719794889306,267.9974526808119,10764.859897444652,124,120,11,0,0.05512741699931212,0,0,0,
annex,random,5022,joint,hash,1,11,11,True,3422.14512124445,311.1041019313136,12750.72560622225,139,122,11,0,0.014343625021865591,0,0,0,
annex,random,5022,optical,hash,1,11,11,True,2935.0237129371444,266.8203375397404,10825.118564685723,119,117,12,1,0.050145916000474244,0,0,0,
annex,random,5022,phased,hash,1,11,11,True,3917.1440669384106,356.10400608531006,14340.720334692052,166,164,11,0,0.012129124981584027,0,0,0,
annex,random,5022,scenario,hash,1,11,11,True,3069.3026501376753,279.02751364887956,11336.513250688377,126,117,11,0,0.1958499159954954,21,6,0,
annex,random,5022,scenario_future,hash,1,11,11,True,3069.3026501376753,279.02751364887956,11336.513250688377,126,117,11,0,0.21169691701652482,21,6,0,
annex,random,5022,v2,hash,1,11,11,True,2949.4097871308527,268.12816246644115,10647.048935654264,128,125,11,0,0.1197935419913847,0,0,0,
annex,random,5022,v3,hash,1,11,11,True,2947.9719794889306,267.9974526808119,10764.859897444652,124,120,11,0,0.04532854098943062,0,0,0,
annex,random,5022,v3_origin20,hash,1,11,11,True,2963.387043393267,269.39882212666066,10536.935216966334,134,131,11,0,0.05953724999562837,0,0,0,
annex,random,5023,future_cover,hash,0,11,11,True,2867.7919282470675,260.7083571133698,10338.959641235337,125,120,11,0,0.05827566600055434,0,0,0,
annex,random,5023,joint,hash,0,11,11,True,3479.5916806765745,316.32651642514315,12807.958403382872,148,123,11,0,0.01401654101209715,0,0,0,
annex,random,5023,optical,hash,0,11,11,True,2878.7531974098974,261.7048361281725,10403.765987049488,123,119,14,3,0.05498475002241321,0,0,0,
annex,random,5023,phased,hash,0,11,11,True,3862.0193301967674,351.09266638152434,13980.096650983838,169,166,11,0,0.012821125012123957,0,0,0,
annex,random,5023,scenario,hash,0,11,11,True,2905.5770014767977,264.14336377061795,10357.88500738399,131,124,11,0,0.15568429199629463,16,6,0,
annex,random,5023,scenario_future,hash,0,11,11,True,2905.5770014767977,264.14336377061795,10357.88500738399,131,124,11,0,0.16556079100701027,16,6,0,
annex,random,5023,v2,hash,0,11,11,True,2958.1751620054133,268.92501472776485,10550.875810027066,133,128,11,0,0.1694743340194691,0,0,0,
annex,random,5023,v3,hash,0,11,11,True,2867.7919282470675,260.7083571133698,10338.959641235337,125,120,11,0,0.050093375000869855,0,0,0,
annex,random,5023,v3_origin20,hash,0,11,11,True,2926.0764042927103,266.00694584479186,10360.38202146355,134,129,11,0,0.05642054197960533,0,0,0,
annex,random,5023,future_cover,hash,1,11,11,True,2867.7919282470675,260.7083571133698,10338.959641235337,125,120,11,0,0.05262495900387876,0,0,0,
annex,random,5023,joint,hash,1,11,11,True,3479.5916806765745,316.32651642514315,12807.958403382872,148,123,11,0,0.011591416987357661,0,0,0,
annex,random,5023,optical,hash,1,11,11,True,2878.7531974098974,261.7048361281725,10403.765987049488,123,119,14,3,0.04810645800898783,0,0,0,
annex,random,5023,phased,hash,1,11,11,True,3862.0193301967674,351.09266638152434,13980.096650983838,169,166,11,0,0.010995415999786928,0,0,0,
annex,random,5023,scenario,hash,1,11,11,True,2905.5770014767977,264.14336377061795,10357.88500738399,131,124,11,0,0.1348452499951236,16,6,0,
annex,random,5023,scenario_future,hash,1,11,11,True,2905.5770014767977,264.14336377061795,10357.88500738399,131,124,11,0,0.1470111660019029,16,6,0,
annex,random,5023,v2,hash,1,11,11,True,2958.1751620054133,268.92501472776485,10550.875810027066,133,128,11,0,0.0995226250088308,0,0,0,
annex,random,5023,v3,hash,1,11,11,True,2867.7919282470675,260.7083571133698,10338.959641235337,125,120,11,0,0.03809770799125545,0,0,0,
annex,random,5023,v3_origin20,hash,1,11,11,True,2926.0764042927103,266.00694584479186,10360.38202146355,134,129,11,0,0.0430596669903025,0,0,0,
annex,random,5024,future_cover,hash,0,10,10,True,2879.7293222952276,287.97293222952277,10538.646611476139,121,117,10,0,0.05393041600473225,0,0,0,
annex,random,5024,joint,hash,0,10,10,True,3186.963872485005,318.6963872485005,11364.819362425025,147,129,10,0,0.013640916993608698,0,0,0,
annex,random,5024,optical,hash,0,10,10,True,2878.195669274347,287.8195669274347,10580.978346371734,119,117,10,0,0.04885216601542197,0,0,0,
annex,random,5024,phased,hash,0,10,10,True,3908.9723796658836,390.89723796658836,14384.861898329418,164,162,10,0,0.01043891700101085,0,0,0,
annex,random,5024,scenario,hash,0,10,10,True,2893.647834632126,289.3647834632126,10613.23917316063,121,116,10,0,0.18475670798216015,21,4,0,
annex,random,5024,scenario_future,hash,0,10,10,True,2893.647834632126,289.3647834632126,10613.23917316063,121,116,10,0,0.19989370799157768,21,4,0,
annex,random,5024,v2,hash,0,10,10,True,2835.672885449341,283.56728854493406,9628.364427246705,144,140,10,0,0.1384703750081826,0,0,0,
annex,random,5024,v3,hash,0,10,10,True,2879.7293222952276,287.97293222952277,10538.646611476139,121,117,10,0,0.0410947919881437,0,0,0,
annex,random,5024,v3_origin20,hash,0,10,10,True,2855.692116139372,285.5692116139372,9638.46058069686,147,143,10,0,0.05507095900247805,0,0,0,
annex,random,5024,future_cover,hash,1,10,10,True,2879.7293222952276,287.97293222952277,10538.646611476139,121,117,10,0,0.0533374999940861,0,0,0,
annex,random,5024,joint,hash,1,10,10,True,3186.963872485005,318.6963872485005,11364.819362425025,147,129,10,0,0.013220707973232493,0,0,0,
annex,random,5024,optical,hash,1,10,10,True,2878.195669274347,287.8195669274347,10580.978346371734,119,117,10,0,0.04306029202416539,0,0,0,
annex,random,5024,phased,hash,1,10,10,True,3908.9723796658836,390.89723796658836,14384.861898329418,164,162,10,0,0.009673541993834078,0,0,0,
annex,random,5024,scenario,hash,1,10,10,True,2893.647834632126,289.3647834632126,10613.23917316063,121,116,10,0,0.22069316598935984,21,4,0,
annex,random,5024,scenario_future,hash,1,10,10,True,2893.647834632126,289.3647834632126,10613.23917316063,121,116,10,0,0.19342187498114072,21,4,0,
annex,random,5024,v2,hash,1,10,10,True,2835.672885449341,283.56728854493406,9628.364427246705,144,140,10,0,0.1061676660028752,0,0,0,
annex,random,5024,v3,hash,1,10,10,True,2879.7293222952276,287.97293222952277,10538.646611476139,121,117,10,0,0.03617291699629277,0,0,0,
annex,random,5024,v3_origin20,hash,1,10,10,True,2855.692116139372,285.5692116139372,9638.46058069686,147,143,10,0,0.049620334000792354,0,0,0,
annex,random,5025,future_cover,hash,0,16,16,True,3328.52386129788,208.0327413311175,12972.6193064894,110,104,16,0,0.09710758298751898,0,0,0,
annex,random,5025,joint,hash,0,16,16,True,3447.3419501754306,215.4588718859644,13741.709750877153,105,94,16,0,0.020376333995955065,0,0,0,
annex,random,5025,optical,hash,0,16,16,True,3318.242038010715,207.3901273756697,13026.210190053574,105,99,19,3,0.06617100001312792,0,0,0,
annex,random,5025,phased,hash,0,16,16,True,4029.2873733099304,251.83046083187065,15321.436866549653,148,145,16,0,0.01633600000059232,0,0,0,
annex,random,5025,scenario,hash,0,16,16,True,3465.123697704494,216.57023110653088,13110.61848852247,129,118,16,0,0.20703479199437425,16,8,0,
annex,random,5025,scenario_future,hash,0,16,16,True,3465.123697704494,216.57023110653088,13110.61848852247,129,118,16,0,0.23463424999499694,16,8,0,
annex,random,5025,v2,hash,0,16,16,True,3159.0873869354355,197.44296168346472,11970.436934677178,115,110,16,0,0.22201425000093877,0,0,0,
annex,random,5025,v3,hash,0,16,16,True,3328.52386129788,208.0327413311175,12972.6193064894,110,104,16,0,0.058622665994334966,0,0,0,
annex,random,5025,v3_origin20,hash,0,16,16,True,3346.701784040858,209.16886150255363,12128.50892020429,141,136,16,0,0.08367741599795409,0,0,0,
annex,random,5025,future_cover,hash,1,16,16,True,3328.52386129788,208.0327413311175,12972.6193064894,110,104,16,0,0.09925287502119318,0,0,0,
annex,random,5025,joint,hash,1,16,16,True,3447.3419501754306,215.4588718859644,13741.709750877153,105,94,16,0,0.024548667017370462,0,0,0,
annex,random,5025,optical,hash,1,16,16,True,3318.242038010715,207.3901273756697,13026.210190053574,105,99,19,3,0.07698724998044781,0,0,0,
annex,random,5025,phased,hash,1,16,16,True,4029.2873733099304,251.83046083187065,15321.436866549653,148,145,16,0,0.021601540996925905,0,0,0,
annex,random,5025,scenario,hash,1,16,16,True,3465.123697704494,216.57023110653088,13110.61848852247,129,118,16,0,0.25146050000330433,16,8,0,
annex,random,5025,scenario_future,hash,1,16,16,True,3465.123697704494,216.57023110653088,13110.61848852247,129,118,16,0,0.2579539160069544,16,8,0,
annex,random,5025,v2,hash,1,16,16,True,3159.0873869354355,197.44296168346472,11970.436934677178,115,110,16,0,0.2526458329812158,0,0,0,
annex,random,5025,v3,hash,1,16,16,True,3328.52386129788,208.0327413311175,12972.6193064894,110,104,16,0,0.06816458300454542,0,0,0,
annex,random,5025,v3_origin20,hash,1,16,16,True,3346.701784040858,209.16886150255363,12128.50892020429,141,136,16,0,0.09944220900069922,0,0,0,
annex,random,5026,future_cover,hash,0,10,10,True,2950.4510622377675,295.04510622377677,10742.255311188837,126,122,10,0,0.05568750001839362,0,0,0,
annex,random,5026,joint,hash,0,10,10,True,3333.018558735176,333.30185587351764,12265.09279367588,141,125,10,0,0.012251375010237098,0,0,0,
annex,random,5026,optical,hash,0,10,10,True,2941.607461215207,294.1607461215207,10798.037306076034,122,116,12,2,0.04909908297122456,0,0,0,
annex,random,5026,phased,hash,0,10,10,True,4015.8821814173043,401.5882181417304,14814.410907086522,168,163,10,0,0.010397042002296075,0,0,0,
annex,random,5026,scenario,hash,0,10,10,True,3278.7878859216407,327.8787885921641,12338.939429608205,128,121,10,0,0.144394333998207,16,4,0,
annex,random,5026,scenario_future,hash,0,10,10,True,3278.7878859216407,327.8787885921641,12338.939429608205,128,121,10,0,0.15935508298571222,16,4,0,
annex,random,5026,v2,hash,0,10,10,True,3153.7247459798227,315.37247459798226,11528.623729899113,134,128,10,0,0.10823670800891705,0,0,0,
annex,random,5026,v3,hash,0,10,10,True,2950.4510622377675,295.04510622377677,10742.255311188837,126,122,10,0,0.042829666985198855,0,0,0,
annex,random,5026,v3_origin20,hash,0,10,10,True,3096.200156865329,309.6200156865329,11201.000784326645,135,131,10,0,0.0452016250055749,0,0,0,
annex,random,5026,future_cover,hash,1,10,10,True,2950.4510622377675,295.04510622377677,10742.255311188837,126,122,10,0,0.06060274998890236,0,0,0,
annex,random,5026,joint,hash,1,10,10,True,3333.018558735176,333.30185587351764,12265.09279367588,141,125,10,0,0.012582499999552965,0,0,0,
annex,random,5026,optical,hash,1,10,10,True,2941.607461215207,294.1607461215207,10798.037306076034,122,116,12,2,0.05493270797887817,0,0,0,
annex,random,5026,phased,hash,1,10,10,True,4015.8821814173043,401.5882181417304,14814.410907086522,168,163,10,0,0.009586916014086455,0,0,0,
annex,random,5026,scenario,hash,1,10,10,True,3278.7878859216407,327.8787885921641,12338.939429608205,128,121,10,0,0.1551796249987092,16,4,0,
annex,random,5026,scenario_future,hash,1,10,10,True,3278.7878859216407,327.8787885921641,12338.939429608205,128,121,10,0,0.152251333987806,16,4,0,
annex,random,5026,v2,hash,1,10,10,True,3153.7247459798227,315.37247459798226,11528.623729899113,134,128,10,0,0.10507916600909084,0,0,0,
annex,random,5026,v3,hash,1,10,10,True,2950.4510622377675,295.04510622377677,10742.255311188837,126,122,10,0,0.04124812499503605,0,0,0,
annex,random,5026,v3_origin20,hash,1,10,10,True,3096.200156865329,309.6200156865329,11201.000784326645,135,131,10,0,0.047667541017290205,0,0,0,
annex,random,5027,future_cover,hash,0,14,14,True,2910.132358041959,207.86659700299705,10770.661790209795,115,111,14,0,0.0723773330100812,0,0,0,
annex,random,5027,joint,hash,0,14,14,True,3187.014846935991,227.64391763828507,11640.074234679954,134,119,14,0,0.01986412500264123,0,0,0,
annex,random,5027,optical,hash,0,14,14,True,2914.9872052827864,208.2133718059133,10854.936026413932,112,105,17,3,0.060583457991015166,0,0,0,
annex,random,5027,phased,hash,0,14,14,True,4020.6170815720393,287.1869343980028,14848.085407860197,164,161,14,0,0.014750874979654327,0,0,0,
annex,random,5027,scenario,hash,0,14,14,True,2933.0981585544723,209.50701132531944,10890.490792772362,115,110,14,0,0.18942949999473058,22,4,0,
annex,random,5027,scenario_future,hash,0,14,14,True,2933.0981585544723,209.50701132531944,10890.490792772362,115,110,14,0,0.20333691700943746,22,4,0,
annex,random,5027,v2,hash,0,14,14,True,3139.7767652430575,224.26976894593267,10688.883826215288,157,147,14,0,0.19087166598183103,0,0,0,
annex,random,5027,v3,hash,0,14,14,True,2910.132358041959,207.86659700299705,10770.661790209795,115,111,14,0,0.04924070800188929,0,0,0,
annex,random,5027,v3_origin20,hash,0,14,14,True,3038.7939767633516,217.05671262595368,10523.969883816757,145,139,14,0,0.06839441601186991,0,0,0,
annex,random,5027,future_cover,hash,1,14,14,True,2910.132358041959,207.86659700299705,10770.661790209795,115,111,14,0,0.07544725001207553,0,0,0,
annex,random,5027,joint,hash,1,14,14,True,3187.014846935991,227.64391763828507,11640.074234679954,134,119,14,0,0.027920749998884276,0,0,0,
annex,random,5027,optical,hash,1,14,14,True,2914.9872052827864,208.2133718059133,10854.936026413932,112,105,17,3,0.08040662499843165,0,0,0,
annex,random,5027,phased,hash,1,14,14,True,4020.6170815720393,287.1869343980028,14848.085407860197,164,161,14,0,0.020702792011434212,0,0,0,
annex,random,5027,scenario,hash,1,14,14,True,2933.0981585544723,209.50701132531944,10890.490792772362,115,110,14,0,0.20115474998601712,22,4,0,
annex,random,5027,scenario_future,hash,1,14,14,True,2933.0981585544723,209.50701132531944,10890.490792772362,115,110,14,0,0.21772120898822322,22,4,0,
annex,random,5027,v2,hash,1,14,14,True,3139.7767652430575,224.26976894593267,10688.883826215288,157,147,14,0,0.30456216700258665,0,0,0,
annex,random,5027,v3,hash,1,14,14,True,2910.132358041959,207.86659700299705,10770.661790209795,115,111,14,0,0.07392925000749528,0,0,0,
annex,random,5027,v3_origin20,hash,1,14,14,True,3038.7939767633516,217.05671262595368,10523.969883816757,145,139,14,0,0.1507262500235811,0,0,0,
annex,random,5028,future_cover,hash,0,14,14,True,3456.021172707654,246.85865519340385,12665.105863538269,143,138,14,0,0.16106404198217206,0,0,3,
annex,random,5028,joint,hash,0,14,14,True,3640.788088844013,260.05629206028664,14103.940444220067,128,110,14,0,0.01610412501031533,0,0,0,
annex,random,5028,optical,hash,0,14,14,True,3440.9618899389066,245.7829921384933,12919.809449694532,131,126,16,2,0.07419200000003912,0,0,0,
annex,random,5028,phased,hash,0,14,14,True,4360.193390758947,311.44238505421055,16355.966953794737,171,164,14,0,0.016730292001739144,0,0,0,
annex,random,5028,scenario,hash,0,14,14,True,3568.8736025583103,254.9195430398793,12909.36801279155,154,147,14,0,0.24371795798651874,20,8,0,
annex,random,5028,scenario_future,hash,0,14,14,True,3545.90371212538,253.27883658038428,12614.5185606269,160,153,14,0,0.318865499983076,20,8,3,
annex,random,5028,v2,hash,0,14,14,True,3440.865026644276,245.776073331734,13224.32513322138,122,116,14,0,0.14237054099794477,0,0,0,
annex,random,5028,v3,hash,0,14,14,True,3475.220055262013,248.23000394728663,12941.100276310064,137,132,14,0,0.06610249998630024,0,0,0,
annex,random,5028,v3_origin20,hash,0,14,14,True,3666.8351671238497,261.9167976517036,13949.175835619248,136,127,14,0,0.0695144170022104,0,0,0,
annex,random,5028,future_cover,hash,1,14,14,True,3456.021172707654,246.85865519340385,12665.105863538269,143,138,14,0,0.20473383300122805,0,0,3,
annex,random,5028,joint,hash,1,14,14,True,3640.788088844013,260.05629206028664,14103.940444220067,128,110,14,0,0.01816445798613131,0,0,0,
annex,random,5028,optical,hash,1,14,14,True,3440.9618899389066,245.7829921384933,12919.809449694532,131,126,16,2,0.11081416701199487,0,0,0,
annex,random,5028,phased,hash,1,14,14,True,4360.193390758947,311.44238505421055,16355.966953794737,171,164,14,0,0.024751167016802356,0,0,0,
annex,random,5028,scenario,hash,1,14,14,True,3568.8736025583103,254.9195430398793,12909.36801279155,154,147,14,0,0.3933352919993922,20,8,0,
annex,random,5028,scenario_future,hash,1,14,14,True,3545.90371212538,253.27883658038428,12614.5185606269,160,153,14,0,0.4354638750082813,20,8,3,
annex,random,5028,v2,hash,1,14,14,True,3440.865026644276,245.776073331734,13224.32513322138,122,116,14,0,0.17004937498131767,0,0,0,
annex,random,5028,v3,hash,1,14,14,True,3475.220055262013,248.23000394728663,12941.100276310064,137,132,14,0,0.08826974997646175,0,0,0,
annex,random,5028,v3_origin20,hash,1,14,14,True,3666.8351671238497,261.9167976517036,13949.175835619248,136,127,14,0,0.10249862499767914,0,0,0,
annex,random,5029,future_cover,hash,0,13,13,True,3091.7419184104447,237.82630141618804,11073.709592052224,136,132,13,0,0.07019529197714292,0,0,0,
annex,random,5029,joint,hash,0,13,13,True,3638.949404510916,279.91918496237815,13319.747022554579,155,135,13,0,0.017716709000524133,0,0,0,
annex,random,5029,optical,hash,0,13,13,True,3068.9257646444094,236.07121266495457,11174.628823222047,129,121,14,1,0.06618449999950826,0,0,0,
annex,random,5029,phased,hash,0,13,13,True,4074.794941435245,313.4457647257881,14938.974707176225,171,167,13,0,0.016372290992876515,0,0,0,
annex,random,5029,scenario,hash,0,13,13,True,3277.391950330065,252.10707310231268,11991.959751650325,137,129,13,0,0.2094855000032112,24,7,0,
annex,random,5029,scenario_future,hash,0,13,13,True,3277.391950330065,252.10707310231268,11991.959751650325,137,129,13,0,0.2610547090007458,24,7,0,
annex,random,5029,v2,hash,0,13,13,True,3021.698393160771,232.43833793544394,11113.491965803856,123,119,13,0,0.17587154201464728,0,0,0,
annex,random,5029,v3,hash,0,13,13,True,3091.7419184104447,237.82630141618804,11073.709592052224,136,132,13,0,0.06175516598159447,0,0,0,
annex,random,5029,v3_origin20,hash,0,13,13,True,2963.583231079611,227.96794085227776,10797.916155398054,124,119,13,0,0.08804662502370775,0,0,0,
annex,random,5029,future_cover,hash,1,13,13,True,3091.7419184104447,237.82630141618804,11073.709592052224,136,132,13,0,0.05784220900386572,0,0,0,
annex,random,5029,joint,hash,1,13,13,True,3638.949404510916,279.91918496237815,13319.747022554579,155,135,13,0,0.015558542014332488,0,0,0,
annex,random,5029,optical,hash,1,13,13,True,3068.9257646444094,236.07121266495457,11174.628823222047,129,121,14,1,0.05341583301196806,0,0,0,
annex,random,5029,phased,hash,1,13,13,True,4074.794941435245,313.4457647257881,14938.974707176225,171,167,13,0,0.014443666994338855,0,0,0,
annex,random,5029,scenario,hash,1,13,13,True,3277.391950330065,252.10707310231268,11991.959751650325,137,129,13,0,0.20585970801766962,24,7,0,
annex,random,5029,scenario_future,hash,1,13,13,True,3277.391950330065,252.10707310231268,11991.959751650325,137,129,13,0,0.21772970800520852,24,7,0,
annex,random,5029,v2,hash,1,13,13,True,3021.698393160771,232.43833793544394,11113.491965803856,123,119,13,0,0.14131066700792871,0,0,0,
annex,random,5029,v3,hash,1,13,13,True,3091.7419184104447,237.82630141618804,11073.709592052224,136,132,13,0,0.05087412497960031,0,0,0,
annex,random,5029,v3_origin20,hash,1,13,13,True,2963.583231079611,227.96794085227776,10797.916155398054,124,119,13,0,0.06327054201392457,0,0,0,
annex,random,5030,future_cover,hash,0,14,14,True,3181.873123922879,227.27665170877708,11614.365619614395,132,129,14,0,0.08036783299758099,0,0,0,
annex,random,5030,joint,hash,0,14,14,True,3460.2739227804095,247.16242305574355,12721.369613902047,144,126,14,0,0.015200458001345396,0,0,0,
annex,random,5030,optical,hash,0,14,14,True,3166.2346892517576,226.15962066083983,11691.173446258788,126,122,16,2,0.0952457080129534,0,0,0,
annex,random,5030,phased,hash,0,14,14,True,4348.5590191650645,310.61135851179034,16187.79509582532,175,166,14,0,0.014989332994446158,0,0,0,
annex,random,5030,scenario,hash,0,14,14,True,3214.4405621801857,229.60289729858468,12192.202810900928,118,116,14,0,0.23928270899341442,25,5,0,
annex,random,5030,scenario_future,hash,0,14,14,True,3214.4405621801857,229.60289729858468,12192.202810900928,118,116,14,0,0.22922270800336264,25,5,0,
annex,random,5030,v2,hash,0,14,14,True,3121.2834054088025,222.94881467205732,11281.417027044012,133,130,14,0,0.174697666981956,0,0,0,
annex,random,5030,v3,hash,0,14,14,True,3181.873123922879,227.27665170877708,11614.365619614395,132,129,14,0,0.07832483400125057,0,0,0,
annex,random,5030,v3_origin20,hash,0,14,14,True,3151.2866290281186,225.09190207343704,11316.433145140592,137,133,14,0,0.1082093330041971,0,0,0,
annex,random,5030,future_cover,hash,1,14,14,True,3181.873123922879,227.27665170877708,11614.365619614395,132,129,14,0,0.06696183301392011,0,0,0,
annex,random,5030,joint,hash,1,14,14,True,3460.2739227804095,247.16242305574355,12721.369613902047,144,126,14,0,0.014295209024567157,0,0,0,
annex,random,5030,optical,hash,1,14,14,True,3166.2346892517576,226.15962066083983,11691.173446258788,126,122,16,2,0.060573666007258,0,0,0,
annex,random,5030,phased,hash,1,14,14,True,4348.5590191650645,310.61135851179034,16187.79509582532,175,166,14,0,0.01353845902485773,0,0,0,
annex,random,5030,scenario,hash,1,14,14,True,3214.4405621801857,229.60289729858468,12192.202810900928,118,116,14,0,0.21507666699471883,25,5,0,
annex,random,5030,scenario_future,hash,1,14,14,True,3214.4405621801857,229.60289729858468,12192.202810900928,118,116,14,0,0.20382129200152121,25,5,0,
annex,random,5030,v2,hash,1,14,14,True,3121.2834054088025,222.94881467205732,11281.417027044012,133,130,14,0,0.13648774998728186,0,0,0,
annex,random,5030,v3,hash,1,14,14,True,3181.873123922879,227.27665170877708,11614.365619614395,132,129,14,0,0.053288582974346355,0,0,0,
annex,random,5030,v3_origin20,hash,1,14,14,True,3151.2866290281186,225.09190207343704,11316.433145140592,137,133,14,0,0.06570391700370237,0,0,0,
annex,random,5031,future_cover,hash,0,16,16,True,3066.131904933848,191.6332440583655,11920.65952466924,101,97,16,0,0.12071683301473968,0,0,0,
annex,random,5031,joint,hash,0,16,16,True,3413.8578672593458,213.3661167037091,13319.28933629673,114,100,16,0,0.02207762500620447,0,0,0,
annex,random,5031,optical,hash,0,16,16,True,3068.5155266733987,191.78222041708742,11987.577633366993,98,95,18,2,0.07919666700763628,0,0,0,
annex,random,5031,phased,hash,0,16,16,True,4211.996292752325,263.2497682970203,15729.981463761625,165,161,16,0,0.01907100001699291,0,0,0,
annex,random,5031,scenario,hash,0,16,16,True,3105.3124336046258,194.0820271002891,12236.562168023129,97,93,16,0,0.3403530000068713,25,6,0,
annex,random,5031,scenario_future,hash,0,16,16,True,3105.3124336046258,194.0820271002891,12236.562168023129,97,93,16,0,0.3205902090121526,25,6,0,
annex,random,5031,v2,hash,0,16,16,True,3203.1985644653805,200.19991027908628,12435.992822326903,107,101,16,0,0.17721883399644867,0,0,0,
annex,random,5031,v3,hash,0,16,16,True,3066.131904933848,191.6332440583655,11920.65952466924,101,97,16,0,0.0799832500051707,0,0,0,
annex,random,5031,v3_origin20,hash,0,16,16,True,3171.7469125031894,198.23418203144934,12223.734562515947,109,102,16,0,0.07614599997759797,0,0,0,
annex,random,5031,future_cover,hash,1,16,16,True,3066.131904933848,191.6332440583655,11920.65952466924,101,97,16,0,0.08473745800438337,0,0,0,
annex,random,5031,joint,hash,1,16,16,True,3413.8578672593458,213.3661167037091,13319.28933629673,114,100,16,0,0.020854542002780363,0,0,0,
annex,random,5031,optical,hash,1,16,16,True,3068.5155266733987,191.78222041708742,11987.577633366993,98,95,18,2,0.06767345900880173,0,0,0,
annex,random,5031,phased,hash,1,16,16,True,4211.996292752325,263.2497682970203,15729.981463761625,165,161,16,0,0.017133207991719246,0,0,0,
annex,random,5031,scenario,hash,1,16,16,True,3105.3124336046258,194.0820271002891,12236.562168023129,97,93,16,0,0.23224574999767356,25,6,0,
annex,random,5031,scenario_future,hash,1,16,16,True,3105.3124336046258,194.0820271002891,12236.562168023129,97,93,16,0,0.2772337089991197,25,6,0,
annex,random,5031,v2,hash,1,16,16,True,3203.1985644653805,200.19991027908628,12435.992822326903,107,101,16,0,0.16046083299443126,0,0,0,
annex,random,5031,v3,hash,1,16,16,True,3066.131904933848,191.6332440583655,11920.65952466924,101,97,16,0,0.05733712497749366,0,0,0,
annex,random,5031,v3_origin20,hash,1,16,16,True,3171.7469125031894,198.23418203144934,12223.734562515947,109,102,16,0,0.060512708994792774,0,0,0,
annex,random,5032,future_cover,hash,0,16,16,True,2836.4562083711944,177.27851302319965,10717.281041855973,103,98,16,0,0.11565500000142492,0,0,0,
annex,random,5032,joint,hash,0,16,16,True,2897.8242452573672,181.11401532858545,11574.121226286836,87,68,16,0,0.02320425002835691,0,0,0,
annex,random,5032,optical,hash,0,16,16,True,2839.742930598566,177.48393316241038,10743.71465299283,101,97,19,3,0.10130325000500306,0,0,0,
annex,random,5032,phased,hash,0,16,16,True,4041.0908461388326,252.56817788367704,14870.454230694162,165,162,16,0,0.02378687501186505,0,0,0,
annex,random,5032,scenario,hash,0,16,16,True,3441.2792502509656,215.07995314068535,13321.396251254828,118,107,16,0,0.1704432499827817,10,8,0,
annex,random,5032,scenario_future,hash,0,16,16,True,3441.2792502509656,215.07995314068535,13321.396251254828,118,107,16,0,0.2695340419886634,10,8,0,
annex,random,5032,v2,hash,0,16,16,True,2649.6361006763645,165.60225629227278,9868.180503381824,100,96,16,0,0.21562624999205582,0,0,0,
annex,random,5032,v3,hash,0,16,16,True,2836.4562083711944,177.27851302319965,10717.281041855973,103,98,16,0,0.08023116600816138,0,0,0,
annex,random,5032,v3_origin20,hash,0,16,16,True,2462.1472533477963,153.88420333423727,9135.736266738983,93,90,16,0,0.08700141697772779,0,0,0,
annex,random,5032,future_cover,hash,1,16,16,True,2836.4562083711944,177.27851302319965,10717.281041855973,103,98,16,0,0.11108529198099859,0,0,0,
annex,random,5032,joint,hash,1,16,16,True,2897.8242452573672,181.11401532858545,11574.121226286836,87,68,16,0,0.01817716599907726,0,0,0,
annex,random,5032,optical,hash,1,16,16,True,2839.742930598566,177.48393316241038,10743.71465299283,101,97,19,3,0.08160470798611641,0,0,0,
annex,random,5032,phased,hash,1,16,16,True,4041.0908461388326,252.56817788367704,14870.454230694162,165,162,16,0,0.018538333009928465,0,0,0,
annex,random,5032,scenario,hash,1,16,16,True,3441.2792502509656,215.07995314068535,13321.396251254828,118,107,16,0,0.15438470800290816,10,8,0,
annex,random,5032,scenario_future,hash,1,16,16,True,3441.2792502509656,215.07995314068535,13321.396251254828,118,107,16,0,0.20093366701621562,10,8,0,
annex,random,5032,v2,hash,1,16,16,True,2649.6361006763645,165.60225629227278,9868.180503381824,100,96,16,0,0.17407345899846405,0,0,0,
annex,random,5032,v3,hash,1,16,16,True,2836.4562083711944,177.27851302319965,10717.281041855973,103,98,16,0,0.06557545802206732,0,0,0,
annex,random,5032,v3_origin20,hash,1,16,16,True,2462.1472533477963,153.88420333423727,9135.736266738983,93,90,16,0,0.06412774999625981,0,0,0,
annex,random,5033,future_cover,hash,0,16,16,True,2984.6948978957107,186.54343111848192,11203.474489478554,112,104,16,0,0.10393254199880175,0,0,0,
annex,random,5033,joint,hash,0,16,16,True,3519.904787857769,219.99404924111056,13569.523939288845,124,106,16,0,0.02280733300722204,0,0,0,
annex,random,5033,optical,hash,0,16,16,True,2977.5757242753452,186.09848276720908,11227.878621376727,109,101,18,2,0.07825345802120864,0,0,0,
annex,random,5033,phased,hash,0,16,16,True,3864.663707961091,241.54148174756818,14718.318539805454,142,131,16,0,0.020259459008229896,0,0,0,
annex,random,5033,scenario,hash,0,16,16,True,3245.4619273261237,202.84137045788273,12887.309636630618,99,93,16,0,0.2125630830123555,23,7,0,
annex,random,5033,scenario_future,hash,0,16,16,True,3245.4619273261237,202.84137045788273,12887.309636630618,99,93,16,0,0.24012770800618455,23,7,0,
annex,random,5033,v2,hash,0,16,16,True,3124.4971955249443,195.28107472030902,11407.485977624721,128,123,16,0,0.18260208299034275,0,0,0,
annex,random,5033,v3,hash,0,16,16,True,2984.6948978957107,186.54343111848192,11203.474489478554,112,104,16,0,0.06377095900825225,0,0,0,
annex,random,5033,v3_origin20,hash,0,16,16,True,3263.9853278147616,203.9990829884226,11914.926639073808,134,131,16,0,0.09348174999468029,0,0,0,
annex,random,5033,future_cover,hash,1,16,16,True,2984.6948978957107,186.54343111848192,11203.474489478554,112,104,16,0,0.07751612502033822,0,0,0,
annex,random,5033,joint,hash,1,16,16,True,3519.904787857769,219.99404924111056,13569.523939288845,124,106,16,0,0.019879542000126094,0,0,0,
annex,random,5033,optical,hash,1,16,16,True,2977.5757242753452,186.09848276720908,11227.878621376727,109,101,18,2,0.067745999986073,0,0,0,
annex,random,5033,phased,hash,1,16,16,True,3864.663707961091,241.54148174756818,14718.318539805454,142,131,16,0,0.01746695800102316,0,0,0,
annex,random,5033,scenario,hash,1,16,16,True,3245.4619273261237,202.84137045788273,12887.309636630618,99,93,16,0,0.17122316698078066,23,7,0,
annex,random,5033,scenario_future,hash,1,16,16,True,3245.4619273261237,202.84137045788273,12887.309636630618,99,93,16,0,0.19035662501119077,23,7,0,
annex,random,5033,v2,hash,1,16,16,True,3124.4971955249443,195.28107472030902,11407.485977624721,128,123,16,0,0.1623421660042368,0,0,0,
annex,random,5033,v3,hash,1,16,16,True,2984.6948978957107,186.54343111848192,11203.474489478554,112,104,16,0,0.055235125008039176,0,0,0,
annex,random,5033,v3_origin20,hash,1,16,16,True,3263.9853278147616,203.9990829884226,11914.926639073808,134,131,16,0,0.08085316701908596,0,0,0,
annex,random,5034,future_cover,hash,0,10,10,True,2747.304715772252,274.7304715772252,9631.52357886126,129,126,10,0,0.06564495898783207,0,0,0,
annex,random,5034,joint,hash,0,10,10,True,2707.3165822038864,270.7316582203886,9366.582911019432,132,124,10,0,0.012367666000500321,0,0,0,
annex,random,5034,optical,hash,0,10,10,True,2727.829680832182,272.7829680832182,9619.14840416091,125,123,12,2,0.046089042007224634,0,0,0,
annex,random,5034,phased,hash,0,10,10,True,3773.3271628880548,377.3327162888055,13731.635814440273,163,162,10,0,0.010783667006762698,0,0,0,
annex,random,5034,scenario,hash,0,10,10,True,2943.5392851120364,294.35392851120366,10327.696425560182,139,133,10,0,0.17877854200196452,18,7,0,
annex,random,5034,scenario_future,hash,0,10,10,True,2943.5392851120364,294.35392851120366,10327.696425560182,139,133,10,0,0.17110770801082253,18,7,0,
annex,random,5034,v2,hash,0,10,10,True,2574.6507225903906,257.46507225903906,8418.253612951954,141,136,10,0,0.1040597079845611,0,0,0,
annex,random,5034,v3,hash,0,10,10,True,2747.304715772252,274.7304715772252,9631.52357886126,129,126,10,0,0.039394999999785796,0,0,0,
annex,random,5034,v3_origin20,hash,0,10,10,True,2544.8995891540126,254.48995891540125,8299.497945770063,140,135,10,0,0.05780108299222775,0,0,0,
annex,random,5034,future_cover,hash,1,10,10,True,2747.304715772252,274.7304715772252,9631.52357886126,129,126,10,0,0.060132292011985555,0,0,0,
annex,random,5034,joint,hash,1,10,10,True,2707.3165822038864,270.7316582203886,9366.582911019432,132,124,10,0,0.016508500004420057,0,0,0,
annex,random,5034,optical,hash,1,10,10,True,2727.829680832182,272.7829680832182,9619.14840416091,125,123,12,2,0.04096554100397043,0,0,0,
annex,random,5034,phased,hash,1,10,10,True,3773.3271628880548,377.3327162888055,13731.635814440273,163,162,10,0,0.011253416014369577,0,0,0,
annex,random,5034,scenario,hash,1,10,10,True,2943.5392851120364,294.35392851120366,10327.696425560182,139,133,10,0,0.14083874999778345,18,7,0,
annex,random,5034,scenario_future,hash,1,10,10,True,2943.5392851120364,294.35392851120366,10327.696425560182,139,133,10,0,0.16728345799492672,18,7,0,
annex,random,5034,v2,hash,1,10,10,True,2574.6507225903906,257.46507225903906,8418.253612951954,141,136,10,0,0.10857316700275987,0,0,0,
annex,random,5034,v3,hash,1,10,10,True,2747.304715772252,274.7304715772252,9631.52357886126,129,126,10,0,0.03722908298368566,0,0,0,
annex,random,5034,v3_origin20,hash,1,10,10,True,2544.8995891540126,254.48995891540125,8299.497945770063,140,135,10,0,0.046994749980513006,0,0,0,
annex,random,5035,future_cover,hash,0,14,14,True,3478.8247088898297,248.4874792064164,13314.123544449149,126,116,14,0,0.07389633398270234,0,0,0,
annex,random,5035,joint,hash,0,14,14,True,3893.907989799367,278.1362849856691,15074.539948996835,140,109,14,0,0.018117125000571832,0,0,0,
annex,random,5035,optical,hash,0,14,14,True,3448.446038146071,246.31757415329076,13312.230190730354,120,116,14,0,0.06335954202222638,0,0,0,
annex,random,5035,phased,hash,0,14,14,True,4881.504501002378,348.6788929287413,18667.52250501189,182,168,14,0,0.015483499999390915,0,0,0,
annex,random,5035,scenario,hash,0,14,14,True,3524.7085713389233,251.76489795278025,13448.542856694616,129,120,14,0,0.21467158297309652,23,3,0,
annex,random,5035,scenario_future,hash,0,14,14,True,3524.7085713389233,251.76489795278025,13448.542856694616,129,120,14,0,0.2391600830014795,23,3,0,
annex,random,5035,v2,hash,0,14,14,True,3616.4168876808076,258.31549197720057,13777.084438404037,133,126,14,0,0.11963004199787974,0,0,0,
annex,random,5035,v3,hash,0,14,14,True,3478.8247088898297,248.4874792064164,13314.123544449149,126,116,14,0,0.05536662499071099,0,0,0,
annex,random,5035,v3_origin20,hash,0,14,14,True,3637.2498856877155,259.80356326340825,13736.249428438578,138,130,14,0,0.06011799999396317,0,0,0,
annex,random,5035,future_cover,hash,1,14,14,True,3478.8247088898297,248.4874792064164,13314.123544449149,126,116,14,0,0.07384349999483675,0,0,0,
annex,random,5035,joint,hash,1,14,14,True,3893.907989799367,278.1362849856691,15074.539948996835,140,109,14,0,0.018149167008232325,0,0,0,
annex,random,5035,optical,hash,1,14,14,True,3448.446038146071,246.31757415329076,13312.230190730354,120,116,14,0,0.06337099999655038,0,0,0,
annex,random,5035,phased,hash,1,14,14,True,4881.504501002378,348.6788929287413,18667.52250501189,182,168,14,0,0.015550292009720579,0,0,0,
annex,random,5035,scenario,hash,1,14,14,True,3524.7085713389233,251.76489795278025,13448.542856694616,129,120,14,0,0.20125587499933317,23,3,0,
annex,random,5035,scenario_future,hash,1,14,14,True,3524.7085713389233,251.76489795278025,13448.542856694616,129,120,14,0,0.21524604101432487,23,3,0,
annex,random,5035,v2,hash,1,14,14,True,3616.4168876808076,258.31549197720057,13777.084438404037,133,126,14,0,0.11727787498966791,0,0,0,
annex,random,5035,v3,hash,1,14,14,True,3478.8247088898297,248.4874792064164,13314.123544449149,126,116,14,0,0.053054208983667195,0,0,0,
annex,random,5035,v3_origin20,hash,1,14,14,True,3637.2498856877155,259.80356326340825,13736.249428438578,138,130,14,0,0.05926458298927173,0,0,0,
annex,random,5036,future_cover,hash,0,11,11,True,3107.6215946360066,282.5110540578188,11753.107973180033,118,112,11,0,0.047584874992026016,0,0,0,
annex,random,5036,joint,hash,0,11,11,True,3206.7568118371237,291.5233465306476,11778.784059185618,135,121,11,0,0.013897208991693333,0,0,0,
annex,random,5036,optical,hash,0,11,11,True,3097.6148853417203,281.6013532128837,11773.074426708601,115,110,12,1,0.04615108299185522,0,0,0,
annex,random,5036,phased,hash,0,11,11,True,4118.5838652505345,374.41671502277586,15312.919326252673,168,161,11,0,0.011592834023758769,0,0,0,
annex,random,5036,scenario,hash,0,11,11,True,3194.675761384203,290.4250692167457,12213.378806921015,117,112,11,0,0.1664592500019353,18,5,0,
annex,random,5036,scenario_future,hash,0,11,11,True,3194.675761384203,290.4250692167457,12213.378806921015,117,112,11,0,0.17621720899478532,18,5,0,
annex,random,5036,v2,hash,0,11,11,True,3134.146476215004,284.92240692863675,11405.73238107502,134,128,11,0,0.0998210410180036,0,0,0,
annex,random,5036,v3,hash,0,11,11,True,3107.6215946360066,282.5110540578188,11753.107973180033,118,112,11,0,0.038483999989693984,0,0,0,
annex,random,5036,v3_origin20,hash,0,11,11,True,3096.8497437452365,281.5317948859306,10849.248718726183,146,142,11,0,0.05538733402499929,0,0,0,
annex,random,5036,future_cover,hash,1,11,11,True,3107.6215946360066,282.5110540578188,11753.107973180033,118,112,11,0,0.04830954200588167,0,0,0,
annex,random,5036,joint,hash,1,11,11,True,3206.7568118371237,291.5233465306476,11778.784059185618,135,121,11,0,0.013679417024832219,0,0,0,
annex,random,5036,optical,hash,1,11,11,True,3097.6148853417203,281.6013532128837,11773.074426708601,115,110,12,1,0.04569916700711474,0,0,0,
annex,random,5036,phased,hash,1,11,11,True,4118.5838652505345,374.41671502277586,15312.919326252673,168,161,11,0,0.0108796670101583,0,0,0,
annex,random,5036,scenario,hash,1,11,11,True,3194.675761384203,290.4250692167457,12213.378806921015,117,112,11,0,0.1684594159887638,18,5,0,
annex,random,5036,scenario_future,hash,1,11,11,True,3194.675761384203,290.4250692167457,12213.378806921015,117,112,11,0,0.17865812499076128,18,5,0,
annex,random,5036,v2,hash,1,11,11,True,3134.146476215004,284.92240692863675,11405.73238107502,134,128,11,0,0.09997908299556002,0,0,0,
annex,random,5036,v3,hash,1,11,11,True,3107.6215946360066,282.5110540578188,11753.107973180033,118,112,11,0,0.03784425000776537,0,0,0,
annex,random,5036,v3_origin20,hash,1,11,11,True,3096.8497437452365,281.5317948859306,10849.248718726183,146,142,11,0,0.056334666995098814,0,0,0,
annex,random,5037,future_cover,hash,0,13,13,True,3267.238021020155,251.326001616935,12291.190105100775,125,119,13,0,0.05046995900920592,0,0,0,
annex,random,5037,joint,hash,0,13,13,True,3525.715488185132,271.2088837065486,13023.57744092566,146,126,13,0,0.01484183399588801,0,0,0,
annex,random,5037,optical,hash,0,13,13,True,3243.939847581594,249.5338344293534,12284.699237907971,120,116,15,2,0.04761004101601429,0,0,0,
annex,random,5037,phased,hash,0,13,13,True,4203.132679988401,323.31789846064623,15565.663399942005,172,165,13,0,0.012554583023302257,0,0,0,
annex,random,5037,scenario,hash,0,13,13,True,3388.7798517037872,260.6753732079836,12658.899258518937,133,127,13,0,0.19326512500992976,26,7,0,
annex,random,5037,scenario_future,hash,0,13,13,True,3388.7798517037872,260.6753732079836,12658.899258518937,133,127,13,0,0.2149334169807844,26,7,0,
annex,random,5037,v2,hash,0,13,13,True,3193.2418444242003,245.63398803263078,11681.209222121002,133,127,13,0,0.10384954197797924,0,0,0,
annex,random,5037,v3,hash,0,13,13,True,3267.238021020155,251.326001616935,12291.190105100775,125,119,13,0,0.03963554199435748,0,0,0,
annex,random,5037,v3_origin20,hash,0,13,13,True,3214.0190784571105,247.23223680439312,11635.095392285551,138,132,13,0,0.058558209013426676,0,0,0,
annex,random,5037,future_cover,hash,1,13,13,True,3267.238021020155,251.326001616935,12291.190105100775,125,119,13,0,0.053042457991978154,0,0,0,
annex,random,5037,joint,hash,1,13,13,True,3525.715488185132,271.2088837065486,13023.57744092566,146,126,13,0,0.016252625006018206,0,0,0,
annex,random,5037,optical,hash,1,13,13,True,3243.939847581594,249.5338344293534,12284.699237907971,120,116,15,2,0.05046091598342173,0,0,0,
annex,random,5037,phased,hash,1,13,13,True,4203.132679988401,323.31789846064623,15565.663399942005,172,165,13,0,0.013253709010314196,0,0,0,
annex,random,5037,scenario,hash,1,13,13,True,3388.7798517037872,260.6753732079836,12658.899258518937,133,127,13,0,0.2086809590109624,26,7,0,
annex,random,5037,scenario_future,hash,1,13,13,True,3388.7798517037872,260.6753732079836,12658.899258518937,133,127,13,0,0.2250164579891134,26,7,0,
annex,random,5037,v2,hash,1,13,13,True,3193.2418444242003,245.63398803263078,11681.209222121002,133,127,13,0,0.10820945800514892,0,0,0,
annex,random,5037,v3,hash,1,13,13,True,3267.238021020155,251.326001616935,12291.190105100775,125,119,13,0,0.04154304202529602,0,0,0,
annex,random,5037,v3_origin20,hash,1,13,13,True,3214.0190784571105,247.23223680439312,11635.095392285551,138,132,13,0,0.061264416988706216,0,0,0,
annex,random,5038,future_cover,hash,0,11,11,True,3043.085449817164,276.6441318015604,11205.427249085818,126,117,11,0,0.05468425000435673,0,0,0,
annex,random,5038,joint,hash,0,11,11,True,3469.669185692825,315.42447142662047,12598.345928464125,152,135,11,0,0.013626542000565678,0,0,0,
annex,random,5038,optical,hash,0,11,11,True,3026.562751824304,275.142068347664,11222.81375912152,122,117,11,0,0.04186412499984726,0,0,0,
annex,random,5038,phased,hash,0,11,11,True,4142.975955569841,376.6341777790765,15289.879777849204,173,165,11,0,0.012596916989423335,0,0,0,
annex,random,5038,scenario,hash,0,11,11,True,3226.9676647498663,293.3606967954424,12084.838323749333,127,120,11,0,0.2008115839853417,25,7,0,
annex,random,5038,scenario_future,hash,0,11,11,True,3226.9676647498663,293.3606967954424,12084.838323749333,127,120,11,0,0.21401891598361544,25,7,0,
annex,random,5038,v2,hash,0,11,11,True,3260.075833308357,296.3705303007597,11960.379166541785,136,133,11,0,0.10492470802273601,0,0,0,
annex,random,5038,v3,hash,0,11,11,True,3043.085449817164,276.6441318015604,11205.427249085818,126,117,11,0,0.03257895799470134,0,0,0,
annex,random,5038,v3_origin20,hash,0,11,11,True,3203.624487609985,291.2385897827259,11703.122438049924,135,133,11,0,0.04753625000012107,0,0,0,
annex,random,5038,future_cover,hash,1,11,11,True,3043.085449817164,276.6441318015604,11205.427249085818,126,117,11,0,0.04261699999915436,0,0,0,
annex,random,5038,joint,hash,1,11,11,True,3469.669185692825,315.42447142662047,12598.345928464125,152,135,11,0,0.011587167013203725,0,0,0,
annex,random,5038,optical,hash,1,11,11,True,3026.562751824304,275.142068347664,11222.81375912152,122,117,11,0,0.03926204098388553,0,0,0,
annex,random,5038,phased,hash,1,11,11,True,4142.975955569841,376.6341777790765,15289.879777849204,173,165,11,0,0.011467417003586888,0,0,0,
annex,random,5038,scenario,hash,1,11,11,True,3226.9676647498663,293.3606967954424,12084.838323749333,127,120,11,0,0.172529041999951,25,7,0,
annex,random,5038,scenario_future,hash,1,11,11,True,3226.9676647498663,293.3606967954424,12084.838323749333,127,120,11,0,0.17998033299227245,25,7,0,
annex,random,5038,v2,hash,1,11,11,True,3260.075833308357,296.3705303007597,11960.379166541785,136,133,11,0,0.10719683399656788,0,0,0,
annex,random,5038,v3,hash,1,11,11,True,3043.085449817164,276.6441318015604,11205.427249085818,126,117,11,0,0.031905874988297,0,0,0,
annex,random,5038,v3_origin20,hash,1,11,11,True,3203.624487609985,291.2385897827259,11703.122438049924,135,133,11,0,0.045477750012651086,0,0,0,
annex,random,5039,future_cover,hash,0,16,16,True,2971.155213708999,185.69720085681243,11425.776068544994,102,96,16,0,0.10880424999049865,0,0,0,
annex,random,5039,joint,hash,0,16,16,True,3790.804967808777,236.92531048804855,14559.024839043885,138,109,16,0,0.027351708995411173,0,0,0,
annex,random,5039,optical,hash,0,16,16,True,2999.7083524793075,187.48177202995672,11628.541762396537,98,92,20,4,0.08299183400231414,0,0,0,
annex,random,5039,phased,hash,0,16,16,True,4066.284272652759,254.14276704079742,15696.421363263793,143,132,16,0,0.01971074999892153,0,0,0,
annex,random,5039,scenario,hash,0,16,16,True,3283.5996455304075,205.22497784565047,13022.998227652039,101,94,16,0,0.29814933298621327,26,6,0,
annex,random,5039,scenario_future,hash,0,16,16,True,3283.5996455304075,205.22497784565047,13022.998227652039,101,94,16,0,0.3373786250012927,26,6,0,
annex,random,5039,v2,hash,0,16,16,True,3104.4247665757316,194.02654791098323,11687.123832878659,115,112,16,0,0.2200603749952279,0,0,0,
annex,random,5039,v3,hash,0,16,16,True,2971.155213708999,185.69720085681243,11425.776068544994,102,96,16,0,0.06531437498051673,0,0,0,
annex,random,5039,v3_origin20,hash,0,16,16,True,3030.605261789353,189.41282886183456,11263.026308946764,117,113,16,0,0.08163008297560737,0,0,0,
annex,random,5039,future_cover,hash,1,16,16,True,2971.155213708999,185.69720085681243,11425.776068544994,102,96,16,0,0.08583466600975953,0,0,0,
annex,random,5039,joint,hash,1,16,16,True,3790.804967808777,236.92531048804855,14559.024839043885,138,109,16,0,0.019589667004765943,0,0,0,
annex,random,5039,optical,hash,1,16,16,True,2999.7083524793075,187.48177202995672,11628.541762396537,98,92,20,4,0.08746041599079035,0,0,0,
annex,random,5039,phased,hash,1,16,16,True,4066.284272652759,254.14276704079742,15696.421363263793,143,132,16,0,0.015146584017202258,0,0,0,
annex,random,5039,scenario,hash,1,16,16,True,3283.5996455304075,205.22497784565047,13022.998227652039,101,94,16,0,0.29418745799921453,26,6,0,
annex,random,5039,scenario_future,hash,1,16,16,True,3283.5996455304075,205.22497784565047,13022.998227652039,101,94,16,0,0.24860008401446976,26,6,0,
annex,random,5039,v2,hash,1,16,16,True,3104.4247665757316,194.02654791098323,11687.123832878659,115,112,16,0,0.16720270802034065,0,0,0,
annex,random,5039,v3,hash,1,16,16,True,2971.155213708999,185.69720085681243,11425.776068544994,102,96,16,0,0.07896150002488866,0,0,0,
annex,random,5039,v3_origin20,hash,1,16,16,True,3030.605261789353,189.41282886183456,11263.026308946764,117,113,16,0,0.09994962500059046,0,0,0,
annex,random,5040,future_cover,hash,0,12,12,True,3045.333184900911,253.77776540840924,11201.665924504556,125,120,12,0,0.057333000004291534,0,0,0,
annex,random,5040,joint,hash,0,12,12,True,3523.102211866545,293.5918509888788,13035.511059332724,146,126,12,0,0.019917083001928404,0,0,0,
annex,random,5040,optical,hash,0,12,12,True,3048.0198800557737,254.00165667131446,11270.099400278868,122,118,14,2,0.06082937499741092,0,0,0,
annex,random,5040,phased,hash,0,12,12,True,4177.845173904834,348.1537644920695,15514.225869524173,170,165,12,0,0.014635041996371001,0,0,0,
annex,random,5040,scenario,hash,0,12,12,True,3160.1952146668723,263.34960122223936,11680.976073334361,129,119,12,0,0.24596666698926128,24,5,0,
annex,random,5040,scenario_future,hash,0,12,12,True,3160.1952146668723,263.34960122223936,11680.976073334361,129,119,12,0,0.2721742909925524,24,5,0,
annex,random,5040,v2,hash,0,12,12,True,3128.083097789431,260.6735914824526,11395.415488947156,132,129,12,0,0.11298100001295097,0,0,0,
annex,random,5040,v3,hash,0,12,12,True,3045.333184900911,253.77776540840924,11201.665924504556,125,120,12,0,0.05035858301562257,0,0,0,
annex,random,5040,v3_origin20,hash,0,12,12,True,3138.094324334396,261.5078603611997,11310.471621671979,137,131,12,0,0.056049542006803676,0,0,0,
annex,random,5040,future_cover,hash,1,12,12,True,3045.333184900911,253.77776540840924,11201.665924504556,125,120,12,0,0.09019133300171234,0,0,0,
annex,random,5040,joint,hash,1,12,12,True,3523.102211866545,293.5918509888788,13035.511059332724,146,126,12,0,0.02067445800639689,0,0,0,
annex,random,5040,optical,hash,1,12,12,True,3048.0198800557737,254.00165667131446,11270.099400278868,122,118,14,2,0.08447854101541452,0,0,0,
annex,random,5040,phased,hash,1,12,12,True,4177.845173904834,348.1537644920695,15514.225869524173,170,165,12,0,0.015045791980810463,0,0,0,
annex,random,5040,scenario,hash,1,12,12,True,3160.1952146668723,263.34960122223936,11680.976073334361,129,119,12,0,0.3123159160022624,24,5,0,
annex,random,5040,scenario_future,hash,1,12,12,True,3160.1952146668723,263.34960122223936,11680.976073334361,129,119,12,0,0.3914636659901589,24,5,0,
annex,random,5040,v2,hash,1,12,12,True,3128.083097789431,260.6735914824526,11395.415488947156,132,129,12,0,0.12814545800210908,0,0,0,
annex,random,5040,v3,hash,1,12,12,True,3045.333184900911,253.77776540840924,11201.665924504556,125,120,12,0,0.054925583011936396,0,0,0,
annex,random,5040,v3_origin20,hash,1,12,12,True,3138.094324334396,261.5078603611997,11310.471621671979,137,131,12,0,0.08332274999702349,0,0,0,
annex,random,5041,future_cover,hash,0,15,15,True,3279.2548790425385,218.61699193616923,12476.274395212693,119,114,15,0,0.13933962499140762,0,0,0,
annex,random,5041,joint,hash,0,15,15,True,3598.1474436970725,239.8764962464715,14080.737218485363,121,102,15,0,0.031788499996764585,0,0,0,
annex,random,5041,optical,hash,0,15,15,True,3294.1659063637585,219.61106042425055,12565.829531818792,117,112,18,3,0.09806720798951574,0,0,0,
annex,random,5041,phased,hash,0,15,15,True,4376.521055373925,291.7680703582617,16567.605276869625,165,163,15,0,0.031224292004480958,0,0,0,
annex,random,5041,scenario,hash,0,15,15,True,3562.6466104838414,237.5097740322561,13738.233052419208,125,115,15,0,0.2821630419930443,23,7,0,
annex,random,5041,scenario_future,hash,0,15,15,True,3562.6466104838414,237.5097740322561,13738.233052419208,125,115,15,0,0.3726127090048976,23,7,0,
annex,random,5041,v2,hash,0,15,15,True,3181.8195023521084,212.12130015680722,11869.097511760541,123,118,15,0,0.21911541701410897,0,0,0,
annex,random,5041,v3,hash,0,15,15,True,3279.2548790425385,218.61699193616923,12476.274395212693,119,114,15,0,0.08399620800628327,0,0,0,
annex,random,5041,v3_origin20,hash,0,15,15,True,3229.8105338250216,215.32070225500144,11994.052669125107,127,121,15,0,0.08644320801249705,0,0,0,
annex,random,5041,future_cover,hash,1,15,15,True,3279.2548790425385,218.61699193616923,12476.274395212693,119,114,15,0,0.13780937498086132,0,0,0,
annex,random,5041,joint,hash,1,15,15,True,3598.1474436970725,239.8764962464715,14080.737218485363,121,102,15,0,0.023994917020900175,0,0,0,
annex,random,5041,optical,hash,1,15,15,True,3294.1659063637585,219.61106042425055,12565.829531818792,117,112,18,3,0.10391291699488647,0,0,0,
annex,random,5041,phased,hash,1,15,15,True,4376.521055373925,291.7680703582617,16567.605276869625,165,163,15,0,0.021089665999170393,0,0,0,
annex,random,5041,scenario,hash,1,15,15,True,3562.6466104838414,237.5097740322561,13738.233052419208,125,115,15,0,0.2831997500034049,23,7,0,
annex,random,5041,scenario_future,hash,1,15,15,True,3562.6466104838414,237.5097740322561,13738.233052419208,125,115,15,0,0.3306687499862164,23,7,0,
annex,random,5041,v2,hash,1,15,15,True,3181.8195023521084,212.12130015680722,11869.097511760541,123,118,15,0,0.22976716700941324,0,0,0,
annex,random,5041,v3,hash,1,15,15,True,3279.2548790425385,218.61699193616923,12476.274395212693,119,114,15,0,0.1205959590151906,0,0,0,
annex,random,5041,v3_origin20,hash,1,15,15,True,3229.8105338250216,215.32070225500144,11994.052669125107,127,121,15,0,0.12879158402211033,0,0,0,
annex,random,5042,future_cover,hash,0,12,12,True,3172.0620048167675,264.3385004013973,11700.310024083838,129,127,12,0,0.06219812500057742,0,0,0,
annex,random,5042,joint,hash,0,12,12,True,3719.18273811402,309.931894842835,13625.9136905701,159,139,12,0,0.015054249990498647,0,0,0,
annex,random,5042,optical,hash,0,12,12,True,3116.5841809026206,259.71534840855173,11617.920904513103,122,120,13,1,0.04905920798773877,0,0,0,
annex,random,5042,phased,hash,0,12,12,True,4246.998632601149,353.91655271676245,15704.993163005747,176,166,12,0,0.014483834005659446,0,0,0,
annex,random,5042,scenario,hash,0,12,12,True,3290.3023744616703,274.19186453847254,12616.511872308352,119,112,12,0,0.23956391602405347,20,8,0,
annex,random,5042,scenario_future,hash,0,12,12,True,3290.3023744616703,274.19186453847254,12616.511872308352,119,112,12,0,0.27307533400016837,20,8,0,
annex,random,5042,v2,hash,0,12,12,True,3215.1372254147964,267.9281021178997,11650.686127073981,138,135,12,0,0.10344554198672995,0,0,0,
annex,random,5042,v3,hash,0,12,12,True,3172.0620048167675,264.3385004013973,11700.310024083838,129,127,12,0,0.04368945799069479,0,0,0,
annex,random,5042,v3_origin20,hash,0,12,12,True,3175.288771467653,264.6073976223044,11711.443857338265,130,123,12,0,0.052698457991937175,0,0,0,
annex,random,5042,future_cover,hash,1,12,12,True,3172.0620048167675,264.3385004013973,11700.310024083838,129,127,12,0,0.09601158299483359,0,0,0,
annex,random,5042,joint,hash,1,12,12,True,3719.18273811402,309.931894842835,13625.9136905701,159,139,12,0,0.015892208990408108,0,0,0,
annex,random,5042,optical,hash,1,12,12,True,3116.5841809026206,259.71534840855173,11617.920904513103,122,120,13,1,0.05812266599969007,0,0,0,
annex,random,5042,phased,hash,1,12,12,True,4246.998632601149,353.91655271676245,15704.993163005747,176,166,12,0,0.015112416993360966,0,0,0,
annex,random,5042,scenario,hash,1,12,12,True,3290.3023744616703,274.19186453847254,12616.511872308352,119,112,12,0,0.30507320899050683,20,8,0,
annex,random,5042,scenario_future,hash,1,12,12,True,3290.3023744616703,274.19186453847254,12616.511872308352,119,112,12,0,0.39217154201469384,20,8,0,
annex,random,5042,v2,hash,1,12,12,True,3215.1372254147964,267.9281021178997,11650.686127073981,138,135,12,0,0.11643041699426249,0,0,0,
annex,random,5042,v3,hash,1,12,12,True,3172.0620048167675,264.3385004013973,11700.310024083838,129,127,12,0,0.05127233301755041,0,0,0,
annex,random,5042,v3_origin20,hash,1,12,12,True,3175.288771467653,264.6073976223044,11711.443857338265,130,123,12,0,0.06306187500013039,0,0,0,
annex,random,5043,future_cover,hash,0,14,14,True,3139.3986013877993,224.24275724198566,11796.993006938996,119,115,14,0,0.07421016701846384,0,0,1,
annex,random,5043,joint,hash,0,14,14,True,3888.4077370819464,277.7434097915676,14852.038685409732,146,118,14,0,0.01712879099068232,0,0,0,
annex,random,5043,optical,hash,0,14,14,True,3114.004531523926,222.42889510885183,11745.02265761963,116,112,15,1,0.06432445900281891,0,0,0,
annex,random,5043,phased,hash,0,14,14,True,4407.227286456833,314.80194903263094,16526.136432284165,173,167,14,0,0.015038124984130263,0,0,0,
annex,random,5043,scenario,hash,0,14,14,True,3244.232720979189,231.73090864137063,12361.163604895944,118,112,14,0,0.18676687497645617,22,4,0,
annex,random,5043,scenario_future,hash,0,14,14,True,3220.5616766352387,230.04011975965992,12312.808383176192,116,108,14,0,0.19902333299978636,21,4,1,
annex,random,5043,v2,hash,0,14,14,True,3121.276211067195,222.94830079051394,11356.381055335976,131,125,14,0,0.12936462499783374,0,0,0,
annex,random,5043,v3,hash,0,14,14,True,3142.146768363805,224.43905488312893,11715.733841819027,122,119,14,0,0.05649941600859165,0,0,0,
annex,random,5043,v3_origin20,hash,0,14,14,True,3177.0999718222192,226.93571227301567,11490.499859111096,136,129,14,0,0.06665620801504701,0,0,0,
annex,random,5043,future_cover,hash,1,14,14,True,3139.3986013877993,224.24275724198566,11796.993006938996,119,115,14,0,0.07979850002448075,0,0,1,
annex,random,5043,joint,hash,1,14,14,True,3888.4077370819464,277.7434097915676,14852.038685409732,146,118,14,0,0.017914833006216213,0,0,0,
annex,random,5043,optical,hash,1,14,14,True,3114.004531523926,222.42889510885183,11745.02265761963,116,112,15,1,0.07362595800077543,0,0,0,
annex,random,5043,phased,hash,1,14,14,True,4407.227286456833,314.80194903263094,16526.136432284165,173,167,14,0,0.016200165991904214,0,0,0,
annex,random,5043,scenario,hash,1,14,14,True,3244.232720979189,231.73090864137063,12361.163604895944,118,112,14,0,0.21907883300445974,22,4,0,
annex,random,5043,scenario_future,hash,1,14,14,True,3220.5616766352387,230.04011975965992,12312.808383176192,116,108,14,0,0.2383467500039842,21,4,1,
annex,random,5043,v2,hash,1,14,14,True,3121.276211067195,222.94830079051394,11356.381055335976,131,125,14,0,0.14053424997837283,0,0,0,
annex,random,5043,v3,hash,1,14,14,True,3142.146768363805,224.43905488312893,11715.733841819027,122,119,14,0,0.06229874998098239,0,0,0,
annex,random,5043,v3_origin20,hash,1,14,14,True,3177.0999718222192,226.93571227301567,11490.499859111096,136,129,14,0,0.07372358301654458,0,0,0,
annex,random,5044,future_cover,hash,0,10,10,True,3194.7726283847055,319.47726283847055,11588.863141923528,138,137,10,0,0.06099066699971445,0,0,0,
annex,random,5044,joint,hash,0,10,10,True,3590.212071859275,359.0212071859275,13421.060359296376,146,126,10,0,0.01035029100603424,0,0,0,
annex,random,5044,optical,hash,0,10,10,True,3208.6916115636973,320.8691611563697,11698.458057818487,136,133,12,2,0.060587832995224744,0,0,0,
annex,random,5044,phased,hash,0,10,10,True,4232.146122351235,423.2146122351235,15720.730611756177,175,163,10,0,0.01013108398183249,0,0,0,
annex,random,5044,scenario,hash,0,10,10,True,3257.4833187043196,325.74833187043197,11807.416593521597,142,136,10,0,0.18526850000489503,21,6,0,
annex,random,5044,scenario_future,hash,0,10,10,True,3257.4833187043196,325.74833187043197,11807.416593521597,142,136,10,0,0.1811024170019664,21,6,0,
annex,random,5044,v2,hash,0,10,10,True,3256.8073569258477,325.6807356925848,12004.036784629237,135,131,10,0,0.09102416699170135,0,0,0,
annex,random,5044,v3,hash,0,10,10,True,3194.7726283847055,319.47726283847055,11588.863141923528,138,137,10,0,0.04518733298755251,0,0,0,
annex,random,5044,v3_origin20,hash,0,10,10,True,3427.2935380377176,342.72935380377174,12796.467690188589,137,133,10,0,0.047104958997806534,0,0,0,
annex,random,5044,future_cover,hash,1,10,10,True,3194.7726283847055,319.47726283847055,11588.863141923528,138,137,10,0,0.0689254580065608,0,0,0,
annex,random,5044,joint,hash,1,10,10,True,3590.212071859275,359.0212071859275,13421.060359296376,146,126,10,0,0.012361291999695823,0,0,0,
annex,random,5044,optical,hash,1,10,10,True,3208.6916115636973,320.8691611563697,11698.458057818487,136,133,12,2,0.06756091600982472,0,0,0,
annex,random,5044,phased,hash,1,10,10,True,4232.146122351235,423.2146122351235,15720.730611756177,175,163,10,0,0.012557083973661065,0,0,0,
annex,random,5044,scenario,hash,1,10,10,True,3257.4833187043196,325.74833187043197,11807.416593521597,142,136,10,0,0.19595179098541848,21,6,0,
annex,random,5044,scenario_future,hash,1,10,10,True,3257.4833187043196,325.74833187043197,11807.416593521597,142,136,10,0,0.19629116699798033,21,6,0,
annex,random,5044,v2,hash,1,10,10,True,3256.8073569258477,325.6807356925848,12004.036784629237,135,131,10,0,0.1017965410137549,0,0,0,
annex,random,5044,v3,hash,1,10,10,True,3194.7726283847055,319.47726283847055,11588.863141923528,138,137,10,0,0.048707041976740584,0,0,0,
annex,random,5044,v3_origin20,hash,1,10,10,True,3427.2935380377176,342.72935380377174,12796.467690188589,137,133,10,0,0.05035424997913651,0,0,0,
annex,random,5045,future_cover,hash,0,10,10,True,2839.715743150055,283.9715743150055,10058.578715750275,130,128,10,0,0.061544124997453764,0,0,12,
annex,random,5045,joint,hash,0,10,10,True,3207.8550176019685,320.78550176019684,11554.275088009843,144,127,10,0,0.012584665993927047,0,0,0,
annex,random,5045,optical,hash,0,10,10,True,2817.3889307853547,281.73889307853545,10156.944653926774,123,118,11,1,0.04725433301064186,0,0,0,
annex,random,5045,phased,hash,0,10,10,True,3854.996602615266,385.4996602615266,14064.98301307633,166,162,10,0,0.008852250000927597,0,0,0,
annex,random,5045,scenario,hash,0,10,10,True,2973.2251263341673,297.32251263341675,10396.125631670837,142,134,10,0,0.14616129201021977,18,7,0,
annex,random,5045,scenario_future,hash,0,10,10,True,2973.2251263341673,297.32251263341675,10396.125631670837,142,134,10,0,0.16034108301391825,18,7,0,
annex,random,5045,v2,hash,0,10,10,True,2826.041399551349,282.6041399551349,9610.206997756746,143,139,10,0,0.08477233300800435,0,0,0,
annex,random,5045,v3,hash,0,10,10,True,2839.715743150055,283.9715743150055,10058.578715750275,130,128,10,0,0.04051345799234696,0,0,0,
annex,random,5045,v3_origin20,hash,0,10,10,True,2818.1097974592453,281.81097974592456,9670.548987296226,140,134,10,0,0.04413466699770652,0,0,0,
annex,random,5045,future_cover,hash,1,10,10,True,2839.715743150055,283.9715743150055,10058.578715750275,130,128,10,0,0.08966458300710656,0,0,12,
annex,random,5045,joint,hash,1,10,10,True,3207.8550176019685,320.78550176019684,11554.275088009843,144,127,10,0,0.014529000007314608,0,0,0,
annex,random,5045,optical,hash,1,10,10,True,2817.3889307853547,281.73889307853545,10156.944653926774,123,118,11,1,0.05948412499856204,0,0,0,
annex,random,5045,phased,hash,1,10,10,True,3854.996602615266,385.4996602615266,14064.98301307633,166,162,10,0,0.010835292021511123,0,0,0,
annex,random,5045,scenario,hash,1,10,10,True,2973.2251263341673,297.32251263341675,10396.125631670837,142,134,10,0,0.21292345799156465,18,7,0,
annex,random,5045,scenario_future,hash,1,10,10,True,2973.2251263341673,297.32251263341675,10396.125631670837,142,134,10,0,0.21277187499799766,18,7,0,
annex,random,5045,v2,hash,1,10,10,True,2826.041399551349,282.6041399551349,9610.206997756746,143,139,10,0,0.10047879099147394,0,0,0,
annex,random,5045,v3,hash,1,10,10,True,2839.715743150055,283.9715743150055,10058.578715750275,130,128,10,0,0.04822645799140446,0,0,0,
annex,random,5045,v3_origin20,hash,1,10,10,True,2818.1097974592453,281.81097974592456,9670.548987296226,140,134,10,0,0.05428191600367427,0,0,0,
annex,random,5046,future_cover,hash,0,12,12,True,2785.8130218786982,232.1510851565582,10289.06510939349,112,108,12,0,0.07386224999208935,0,0,0,
annex,random,5046,joint,hash,0,12,12,True,2819.537932675442,234.96149438962016,10352.68966337721,116,109,12,0,0.013793707999866456,0,0,0,
annex,random,5046,optical,hash,0,12,12,True,2787.3601030028253,232.2800085835688,10351.800515014127,109,106,14,2,0.06325487498543225,0,0,0,
annex,random,5046,phased,hash,0,12,12,True,3716.10493935063,309.6754116125525,13430.52469675315,162,160,12,0,0.01234362501418218,0,0,0,
annex,random,5046,scenario,hash,0,12,12,True,2861.2069556414813,238.43391297012343,10786.034778207406,108,104,12,0,0.1817871249804739,20,4,0,
annex,random,5046,scenario_future,hash,0,12,12,True,2861.2069556414813,238.43391297012343,10786.034778207406,108,104,12,0,0.21076325001195073,20,4,0,
annex,random,5046,v2,hash,0,12,12,True,2785.634938321823,232.13624486015192,9938.174691609114,124,118,12,0,0.1177014590066392,0,0,0,
annex,random,5046,v3,hash,0,12,12,True,2785.8130218786982,232.1510851565582,10289.06510939349,112,108,12,0,0.04890354201779701,0,0,0,
annex,random,5046,v3_origin20,hash,0,12,12,True,2929.293554021346,244.1077961684455,10221.46777010673,138,135,12,0,0.05914904200471938,0,0,0,
annex,random,5046,future_cover,hash,1,12,12,True,2785.8130218786982,232.1510851565582,10289.06510939349,112,108,12,0,0.0875667080108542,0,0,0,
annex,random,5046,joint,hash,1,12,12,True,2819.537932675442,234.96149438962016,10352.68966337721,116,109,12,0,0.013920958008384332,0,0,0,
annex,random,5046,optical,hash,1,12,12,True,2787.3601030028253,232.2800085835688,10351.800515014127,109,106,14,2,0.07537158401100896,0,0,0,
annex,random,5046,phased,hash,1,12,12,True,3716.10493935063,309.6754116125525,13430.52469675315,162,160,12,0,0.014096916012931615,0,0,0,
annex,random,5046,scenario,hash,1,12,12,True,2861.2069556414813,238.43391297012343,10786.034778207406,108,104,12,0,0.22141883400036022,20,4,0,
annex,random,5046,scenario_future,hash,1,12,12,True,2861.2069556414813,238.43391297012343,10786.034778207406,108,104,12,0,0.23385533300461248,20,4,0,
annex,random,5046,v2,hash,1,12,12,True,2785.634938321823,232.13624486015192,9938.174691609114,124,118,12,0,0.12256295900442638,0,0,0,
annex,random,5046,v3,hash,1,12,12,True,2785.8130218786982,232.1510851565582,10289.06510939349,112,108,12,0,0.054312541004037485,0,0,0,
annex,random,5046,v3_origin20,hash,1,12,12,True,2929.293554021346,244.1077961684455,10221.46777010673,138,135,12,0,0.06762712501222268,0,0,0,
annex,random,5047,future_cover,hash,0,11,11,True,3331.778987505125,302.88899886410223,12293.894937525623,137,133,11,0,0.05827683300594799,0,0,0,
annex,random,5047,joint,hash,0,11,11,True,3173.9868010587184,288.5442546417017,11624.934005293591,134,124,11,0,0.014657416002592072,0,0,0,
annex,random,5047,optical,hash,0,11,11,True,3259.147739391691,296.28615812651736,12095.738696958457,132,125,11,0,0.05158929101889953,0,0,0,
annex,random,5047,phased,hash,0,11,11,True,3876.8431214664934,352.44028376968123,14129.215607332468,167,161,11,0,0.012048125005094334,0,0,0,
annex,random,5047,scenario,hash,0,11,11,True,3188.873518983536,289.8975926348669,11904.36759491768,127,118,11,0,0.15149999997811392,19,7,0,
annex,random,5047,scenario_future,hash,0,11,11,True,3188.873518983536,289.8975926348669,11904.36759491768,127,118,11,0,0.1615361669973936,19,7,0,
annex,random,5047,v2,hash,0,11,11,True,3066.3151315298887,278.75592104817173,11341.575657649444,125,118,11,0,0.10217466700123623,0,0,0,
annex,random,5047,v3,hash,0,11,11,True,3331.778987505125,302.88899886410223,12293.894937525623,137,133,11,0,0.04302079198532738,0,0,0,
annex,random,5047,v3_origin20,hash,0,11,11,True,3146.3649708899966,286.0331791718179,11221.824854449982,142,137,11,0,0.06313904098351486,0,0,0,
annex,random,5047,future_cover,hash,1,11,11,True,3331.778987505125,302.88899886410223,12293.894937525623,137,133,11,0,0.05844487500144169,0,0,0,
annex,random,5047,joint,hash,1,11,11,True,3173.9868010587184,288.5442546417017,11624.934005293591,134,124,11,0,0.015093833004357293,0,0,0,
annex,random,5047,optical,hash,1,11,11,True,3259.147739391691,296.28615812651736,12095.738696958457,132,125,11,0,0.06227795800077729,0,0,0,
annex,random,5047,phased,hash,1,11,11,True,3876.8431214664934,352.44028376968123,14129.215607332468,167,161,11,0,0.011799250001786277,0,0,0,
annex,random,5047,scenario,hash,1,11,11,True,3188.873518983536,289.8975926348669,11904.36759491768,127,118,11,0,0.16997162500047125,19,7,0,
annex,random,5047,scenario_future,hash,1,11,11,True,3188.873518983536,289.8975926348669,11904.36759491768,127,118,11,0,0.16074333401047625,19,7,0,
annex,random,5047,v2,hash,1,11,11,True,3066.3151315298887,278.75592104817173,11341.575657649444,125,118,11,0,0.10430795801221393,0,0,0,
annex,random,5047,v3,hash,1,11,11,True,3331.778987505125,302.88899886410223,12293.894937525623,137,133,11,0,0.047433917003218085,0,0,0,
annex,random,5047,v3_origin20,hash,1,11,11,True,3146.3649708899966,286.0331791718179,11221.824854449982,142,137,11,0,0.07172079200972803,0,0,0,
annex,random,5048,future_cover,hash,0,12,12,True,2835.322198087819,236.27684984065158,10146.610990439094,125,121,12,0,0.04790095897624269,0,0,0,
annex,random,5048,joint,hash,0,12,12,True,3259.672851708561,271.63940430904677,12023.364258542806,135,120,12,0,0.01459566701669246,0,0,0,
annex,random,5048,optical,hash,0,12,12,True,2813.9710231058007,234.4975852588167,10174.855115529004,120,116,13,1,0.045396250003250316,0,0,0,
annex,random,5048,phased,hash,0,12,12,True,4008.999797096997,334.08331642474974,14759.998985484986,167,162,12,0,0.013134875014657155,0,0,0,
annex,random,5048,scenario,hash,0,12,12,True,3018.067554469559,251.50562953912993,11190.337772347795,121,115,12,0,0.1239709580258932,16,6,0,
annex,random,5048,scenario_future,hash,0,12,12,True,3018.067554469559,251.50562953912993,11190.337772347795,121,115,12,0,0.1332502500154078,16,6,0,
annex,random,5048,v2,hash,0,12,12,True,2868.932183922673,239.0776819935561,10534.660919613365,118,112,12,0,0.12279108300572261,0,0,0,
annex,random,5048,v3,hash,0,12,12,True,2835.322198087819,236.27684984065158,10146.610990439094,125,121,12,0,0.0372302089817822,0,0,0,
annex,random,5048,v3_origin20,hash,0,12,12,True,2894.792565288667,241.23271377405558,9963.962826443336,141,137,12,0,0.05519041701336391,0,0,0,
annex,random,5048,future_cover,hash,1,12,12,True,2835.322198087819,236.27684984065158,10146.610990439094,125,121,12,0,0.06429754101554863,0,0,0,
annex,random,5048,joint,hash,1,12,12,True,3259.672851708561,271.63940430904677,12023.364258542806,135,120,12,0,0.015229209006065503,0,0,0,
annex,random,5048,optical,hash,1,12,12,True,2813.9710231058007,234.4975852588167,10174.855115529004,120,116,13,1,0.06741091699223034,0,0,0,
annex,random,5048,phased,hash,1,12,12,True,4008.999797096997,334.08331642474974,14759.998985484986,167,162,12,0,0.013172042003134266,0,0,0,
annex,random,5048,scenario,hash,1,12,12,True,3018.067554469559,251.50562953912993,11190.337772347795,121,115,12,0,0.16787225002190098,16,6,0,
annex,random,5048,scenario_future,hash,1,12,12,True,3018.067554469559,251.50562953912993,11190.337772347795,121,115,12,0,0.1370840409945231,16,6,0,
annex,random,5048,v2,hash,1,12,12,True,2868.932183922673,239.0776819935561,10534.660919613365,118,112,12,0,0.12041012500412762,0,0,0,
annex,random,5048,v3,hash,1,12,12,True,2835.322198087819,236.27684984065158,10146.610990439094,125,121,12,0,0.0550866250123363,0,0,0,
annex,random,5048,v3_origin20,hash,1,12,12,True,2894.792565288667,241.23271377405558,9963.962826443336,141,137,12,0,0.07397729100193828,0,0,0,
annex,random,5049,future_cover,hash,0,16,16,True,2942.394482451236,183.89965515320225,11181.97241225618,105,101,16,0,0.07893591598258354,0,0,0,
annex,random,5049,joint,hash,0,16,16,True,3587.74194372309,224.23387148269313,14333.709718615451,110,91,16,0,0.017957292002392933,0,0,0,
annex,random,5049,optical,hash,0,16,16,True,2975.622958296025,185.97643489350156,11593.114791480124,97,92,16,0,0.07041379099246114,0,0,0,
annex,random,5049,phased,hash,0,16,16,True,3542.040418988924,221.37752618680776,13975.20209494462,113,102,16,0,0.016584416007390246,0,0,0,
annex,random,5049,scenario,hash,0,16,16,True,3227.0654369329195,201.69158980830747,12510.327184664597,109,100,16,0,0.20533262501703575,23,5,0,
annex,random,5049,scenario_future,hash,0,16,16,True,3343.217252876846,208.95107830480288,13811.08626438423,85,76,16,0,0.2173665830050595,15,8,1,
annex,random,5049,v2,hash,0,16,16,True,3310.971446722888,206.9357154201805,12309.857233614439,129,124,16,0,0.14893670901074074,0,0,0,
annex,random,5049,v3,hash,0,16,16,True,2942.394482451236,183.89965515320225,11181.97241225618,105,101,16,0,0.05621812501340173,0,0,0,
annex,random,5049,v3_origin20,hash,0,16,16,True,3039.5797122631625,189.97373201644766,10952.898561315813,129,124,16,0,0.07414204100496136,0,0,0,
annex,random,5049,future_cover,hash,1,16,16,True,2942.394482451236,183.89965515320225,11181.97241225618,105,101,16,0,0.08919008300290443,0,0,0,
annex,random,5049,joint,hash,1,16,16,True,3587.74194372309,224.23387148269313,14333.709718615451,110,91,16,0,0.02518695901380852,0,0,0,
annex,random,5049,optical,hash,1,16,16,True,2975.622958296025,185.97643489350156,11593.114791480124,97,92,16,0,0.07232312500127591,0,0,0,
annex,random,5049,phased,hash,1,16,16,True,3542.040418988924,221.37752618680776,13975.20209494462,113,102,16,0,0.022739666019333526,0,0,0,
annex,random,5049,scenario,hash,1,16,16,True,3227.0654369329195,201.69158980830747,12510.327184664597,109,100,16,0,0.2232133750221692,23,5,0,
annex,random,5049,scenario_future,hash,1,16,16,True,3343.217252876846,208.95107830480288,13811.08626438423,85,76,16,0,0.2690450840163976,15,8,1,
annex,random,5049,v2,hash,1,16,16,True,3310.971446722888,206.9357154201805,12309.857233614439,129,124,16,0,0.2013684169796761,0,0,0,
annex,random,5049,v3,hash,1,16,16,True,2942.394482451236,183.89965515320225,11181.97241225618,105,101,16,0,0.09210533401346765,0,0,0,
annex,random,5049,v3_origin20,hash,1,16,16,True,3039.5797122631625,189.97373201644766,10952.898561315813,129,124,16,0,0.07559070800198242,0,0,0,
