profile,kind,seed,mode,noise,repeat,true_sources,cleared,success,virtual_seconds,seconds_per_source,movement_metres,detects,switches,optical_attempts,failed_clears,local_runtime_seconds,scenario_decisions,changed_first_actions,accepted_future_plans,error
annex,boundary,91000,future_cover,alternating,0,15,15,True,4273.745115469786,284.91634103131906,16953.725577348927,136,128,15,0,0.08542087499517947,0,0,0,
annex,boundary,91000,joint,alternating,0,15,15,True,5015.618741410451,334.3745827606967,19503.093707052252,182,130,15,0,0.023638834012672305,0,0,0,
annex,boundary,91000,optical,alternating,0,15,15,True,4289.451161113537,285.9634107409025,16977.25580556768,133,127,24,9,0.08623645899933763,0,0,0,
annex,boundary,91000,phased,alternating,0,15,15,True,5504.065123978408,366.93767493189387,21100.325619892043,207,174,15,0,0.023039541993057355,0,0,0,
annex,boundary,91000,scenario,alternating,0,15,15,True,4281.008523685118,285.40056824567455,17015.042618425592,135,128,15,0,0.2679360829934012,32,6,0,
annex,boundary,91000,scenario_future,alternating,0,15,15,True,4281.008523685118,285.40056824567455,17015.042618425592,135,128,15,0,0.2864459170086775,32,6,0,
annex,boundary,91000,v2,alternating,0,15,15,True,4212.966066967785,280.864404464519,16369.830334838925,145,139,15,0,0.15516837500035763,0,0,0,
annex,boundary,91000,v3,alternating,0,15,15,True,4273.745115469786,284.91634103131906,16953.725577348927,136,128,15,0,0.061757874995237216,0,0,0,
annex,boundary,91000,v3_origin20,alternating,0,15,15,True,4180.655072588756,278.71033817258376,15938.275362943781,154,148,15,0,0.06092950000311248,0,0,0,
annex,boundary,91000,future_cover,hash,0,15,15,True,4257.262553244982,283.81750354966545,16926.31276622491,134,127,15,0,0.1575826659973245,0,0,0,
annex,boundary,91000,joint,hash,0,15,15,True,5582.398834153126,372.1599222768751,22066.99417076563,192,134,15,0,0.05255849999957718,0,0,0,
annex,boundary,91000,optical,hash,0,15,15,True,4247.867309606159,283.19115397374395,16944.336548030795,129,124,20,5,0.12123362498823553,0,0,0,
annex,boundary,91000,phased,hash,0,15,15,True,5476.707287024963,365.1138191349975,21053.536435124817,204,171,15,0,0.04871083400212228,0,0,0,
annex,boundary,91000,scenario,hash,0,15,15,True,4243.88727112247,282.92581807483134,16924.436355612354,132,124,15,0,0.4553102499921806,30,6,0,
annex,boundary,91000,scenario_future,hash,0,15,15,True,4243.88727112247,282.92581807483134,16924.436355612354,132,124,15,0,0.49979429101222195,30,6,0,
annex,boundary,91000,v2,hash,0,15,15,True,4217.938909428027,281.1959272952018,16259.694547140134,150,141,15,0,0.27479691698681563,0,0,0,
annex,boundary,91000,v3,hash,0,15,15,True,4257.262553244982,283.81750354966545,16926.31276622491,134,127,15,0,0.11933579199831001,0,0,0,
annex,boundary,91000,v3_origin20,hash,0,15,15,True,4184.565832753404,278.9710555168936,16037.829163767017,151,147,15,0,0.11337258398998529,0,0,0,
annex,boundary,91000,future_cover,minus,0,15,15,True,4125.493904607243,275.0329269738162,16122.469523036216,139,131,15,0,0.14545737497974187,0,0,0,
annex,boundary,91000,joint,minus,0,15,15,True,5055.804705150948,337.05364701006323,19714.023525754743,182,128,15,0,0.031015583022963256,0,0,0,
annex,boundary,91000,optical,minus,0,15,15,True,4137.275287863412,275.81835252422746,16141.376439317059,136,127,24,9,0.10916279099183157,0,0,0,
annex,boundary,91000,phased,minus,0,15,15,True,5519.091926978361,367.9394617985574,21175.459634891802,207,174,15,0,0.029313958017155528,0,0,0,
annex,boundary,91000,scenario,minus,0,15,15,True,4277.792492603013,285.18616617353416,17003.962463015065,135,127,15,0,0.41942162497434765,31,7,0,
annex,boundary,91000,scenario_future,minus,0,15,15,True,4277.792492603013,285.18616617353416,17003.962463015065,135,127,15,0,0.4200436660030391,31,7,0,
annex,boundary,91000,v2,minus,0,15,15,True,4217.271713264332,281.1514475509555,16446.35856632166,143,138,15,0,0.19028329200227745,0,0,0,
annex,boundary,91000,v3,minus,0,15,15,True,4125.493904607243,275.0329269738162,16122.469523036216,139,131,15,0,0.07894695800496265,0,0,0,
annex,boundary,91000,v3_origin20,minus,0,15,15,True,4192.735885487641,279.5157256991761,15943.679427438205,156,149,15,0,0.08427129199844785,0,0,0,
annex,boundary,91000,future_cover,plus,0,15,15,True,4433.3020997317,295.55347331544664,18231.5104986585,120,112,15,0,0.08702754098339938,0,0,0,
annex,boundary,91000,joint,plus,0,15,15,True,5676.776225282331,378.45174835215545,22478.881126411656,194,136,15,0,0.030946207989472896,0,0,0,
annex,boundary,91000,optical,plus,0,15,15,True,4448.345467280034,296.5563644853356,18261.72733640017,118,110,22,7,0.08279691700590774,0,0,0,
annex,boundary,91000,phased,plus,0,15,15,True,5478.887695884578,365.2591797256385,20974.438479422886,207,174,15,0,0.03036679097567685,0,0,0,
annex,boundary,91000,scenario,plus,0,15,15,True,4372.094233028627,291.47294886857514,17740.471165143135,127,114,15,0,0.359233833005419,30,6,0,
annex,boundary,91000,scenario_future,plus,0,15,15,True,4372.094233028627,291.47294886857514,17740.471165143135,127,114,15,0,0.3871207920019515,30,6,0,
annex,boundary,91000,v2,plus,0,15,15,True,4216.197873748177,281.07985824987844,16300.989368740882,148,141,15,0,0.17061029098113067,0,0,0,
annex,boundary,91000,v3,plus,0,15,15,True,4433.3020997317,295.55347331544664,18231.5104986585,120,112,15,0,0.07416120800189674,0,0,0,
annex,boundary,91000,v3_origin20,plus,0,15,15,True,4130.97567586798,275.39837839119866,16019.878379339898,143,137,15,0,0.085879666992696,0,0,0,
annex,boundary,91000,future_cover,smooth,0,15,15,True,4249.833515735535,283.322234382369,17124.167578677676,126,120,15,0,0.26237745900289156,0,0,0,
annex,boundary,91000,joint,smooth,0,15,15,True,5059.472211058861,337.2981474039241,19732.361055294303,182,128,15,0,0.08184395800344646,0,0,0,
annex,boundary,91000,optical,smooth,0,15,15,True,4231.30459152495,282.08697276833004,17181.52295762475,119,113,19,4,0.2230397920066025,0,0,0,
annex,boundary,91000,phased,smooth,0,15,15,True,5491.450158327082,366.09667722180546,21067.25079163541,206,173,15,0,0.07670020801015198,0,0,0,
annex,boundary,91000,scenario,smooth,0,15,15,True,4256.211606548014,283.74744043653425,16961.05803274007,133,124,15,0,0.7872870829887688,27,8,0,
annex,boundary,91000,scenario_future,smooth,0,15,15,True,4256.211606548014,283.74744043653425,16961.05803274007,133,124,15,0,0.7355633749975823,27,8,0,
annex,boundary,91000,v2,smooth,0,15,15,True,4228.058632601862,281.8705755067908,16390.29316300931,147,140,15,0,0.6249302919895854,0,0,0,
annex,boundary,91000,v3,smooth,0,15,15,True,4249.833515735535,283.322234382369,17124.167578677676,126,120,15,0,0.25499587500235066,0,0,0,
annex,boundary,91000,v3_origin20,smooth,0,15,15,True,3930.8480730871424,262.0565382058095,14924.240365435711,146,141,15,0,0.24928008299320936,0,0,0,
annex,boundary,91001,future_cover,alternating,0,11,11,True,4091.426087570299,371.9478261427544,16462.130437851494,126,114,11,0,0.057842166017508134,0,0,0,
annex,boundary,91001,joint,alternating,0,11,11,True,4279.845688008755,389.07688072806866,16014.228440043775,177,137,11,0,0.01904520799871534,0,0,0,
annex,boundary,91001,optical,alternating,0,11,11,True,4101.126085793826,372.8296441630751,16460.63042896913,125,114,16,5,0.062399374990491197,0,0,0,
annex,boundary,91001,phased,alternating,0,11,11,True,4705.767689810182,427.7970627100165,17738.83844905091,187,168,11,0,0.01740441599395126,0,0,0,
annex,boundary,91001,scenario,alternating,0,11,11,True,3782.2007122828213,343.8364283893474,14896.003561414107,126,118,11,0,0.2494770830089692,26,4,0,
annex,boundary,91001,scenario_future,alternating,0,11,11,True,3782.2007122828213,343.8364283893474,14896.003561414107,126,118,11,0,0.26558337500318885,26,4,0,
annex,boundary,91001,v2,alternating,0,11,11,True,3697.128110279146,336.10255547992233,13680.640551395729,152,146,11,0,0.1276542500127107,0,0,0,
annex,boundary,91001,v3,alternating,0,11,11,True,4091.426087570299,371.9478261427544,16462.130437851494,126,114,11,0,0.05054758398910053,0,0,0,
annex,boundary,91001,v3_origin20,alternating,0,11,11,True,4202.766113039874,382.06964663998855,16423.83056519937,146,133,11,0,0.055871666001621634,0,0,0,
annex,boundary,91001,future_cover,hash,0,11,11,True,4099.691506934794,372.6992279031631,16468.457534673973,127,116,11,0,0.10255758301354945,0,0,0,
annex,boundary,91001,joint,hash,0,11,11,True,4801.498596620155,436.49987242001407,18642.492983100776,177,133,11,0,0.03563087500515394,0,0,0,
annex,boundary,91001,optical,hash,0,11,11,True,4101.878518375227,372.89804712502064,16499.392591876134,124,112,16,5,0.11486329097533599,0,0,0,
annex,boundary,91001,phased,hash,0,11,11,True,4683.556895748325,425.77789961348407,17717.78447874162,184,165,11,0,0.02591291698627174,0,0,0,
annex,boundary,91001,scenario,hash,0,11,11,True,4097.671977033966,372.5156342758151,16498.35988516983,126,113,11,0,0.3506789169914555,19,4,0,
annex,boundary,91001,scenario_future,hash,0,11,11,True,4097.671977033966,372.5156342758151,16498.35988516983,126,113,11,0,0.4352154999796767,19,4,0,
annex,boundary,91001,v2,hash,0,11,11,True,4185.740814394965,380.5218922177241,16208.704071974826,150,139,11,0,0.2509937919967342,0,0,0,
annex,boundary,91001,v3,hash,0,11,11,True,4099.691506934794,372.6992279031631,16468.457534673973,127,116,11,0,0.0866997909906786,0,0,0,
annex,boundary,91001,v3_origin20,hash,0,11,11,True,4201.731622446497,381.9756020405906,16443.658112232482,145,133,11,0,0.09356879099505022,0,0,0,
annex,boundary,91001,future_cover,minus,0,11,11,True,3685.3977646557623,335.03616042325115,14466.98882327881,124,117,11,0,0.09086025002761744,0,0,0,
annex,boundary,91001,joint,minus,0,11,11,True,4798.823221759481,436.25665652358924,18629.116108797407,177,133,11,0,0.026173624995863065,0,0,0,
annex,boundary,91001,optical,minus,0,11,11,True,3689.2362477670285,335.38511343336626,14471.181238835143,122,115,16,5,0.085521291999612,0,0,0,
annex,boundary,91001,phased,minus,0,11,11,True,5003.393320608991,454.853938237181,19226.96660304496,187,168,11,0,0.028042833000654355,0,0,0,
annex,boundary,91001,scenario,minus,0,11,11,True,3798.8966453773514,345.3542404888501,14949.483226886758,127,119,11,0,0.3534397500043269,28,6,0,
annex,boundary,91001,scenario_future,minus,0,11,11,True,3798.8966453773514,345.3542404888501,14949.483226886758,127,119,11,0,0.4259064999932889,28,6,0,
annex,boundary,91001,v2,minus,0,11,11,True,4193.242075802205,381.20382507292777,16271.210379011025,149,139,11,0,0.16951237499597482,0,0,0,
annex,boundary,91001,v3,minus,0,11,11,True,3685.3977646557623,335.03616042325115,14466.98882327881,124,117,11,0,0.07581629100604914,0,0,0,
annex,boundary,91001,v3_origin20,minus,0,11,11,True,3787.7040350571197,344.33673045973813,14383.520175285597,144,136,11,0,0.08106133399996907,0,0,0,
annex,boundary,91001,future_cover,plus,0,11,11,True,4088.7797562237092,371.70725056579175,16473.898781118547,125,114,11,0,0.0784037499979604,0,0,0,
annex,boundary,91001,joint,plus,0,11,11,True,4282.5087061140575,389.3189732830961,16027.543530570289,177,137,11,0,0.018518958997447044,0,0,0,
annex,boundary,91001,optical,plus,0,11,11,True,4095.30669659628,372.30060878148,16471.5334829814,124,114,15,4,0.07645712498924695,0,0,0,
annex,boundary,91001,phased,plus,0,11,11,True,4856.294241328402,441.48129466621833,18491.47120664201,187,168,11,0,0.01820762499119155,0,0,0,
annex,boundary,91001,scenario,plus,0,11,11,True,4109.7931197734015,373.6175563430365,16478.965598867006,129,114,11,0,0.2642063329985831,19,2,0,
annex,boundary,91001,scenario_future,plus,0,11,11,True,4109.7931197734015,373.6175563430365,16478.965598867006,129,114,11,0,0.26408770799753256,19,2,0,
annex,boundary,91001,v2,plus,0,11,11,True,3678.0044303037603,334.36403911852364,13645.022151518802,150,144,11,0,0.16299520901520737,0,0,0,
annex,boundary,91001,v3,plus,0,11,11,True,4088.7797562237092,371.70725056579175,16473.898781118547,125,114,11,0,0.06350391599698924,0,0,0,
annex,boundary,91001,v3_origin20,plus,0,11,11,True,4199.49104759952,381.7719134181382,16432.4552379976,145,133,11,0,0.07581249999930151,0,0,0,
annex,boundary,91001,future_cover,smooth,0,11,11,True,4117.6752921110265,374.3341174646388,16493.376460555133,129,119,11,0,0.14320049999514595,0,0,0,
annex,boundary,91001,joint,smooth,0,11,11,True,4800.918348828424,436.44712262076587,18639.591744142122,177,133,11,0,0.04535883301286958,0,0,0,
annex,boundary,91001,optical,smooth,0,11,11,True,4117.4690833240375,374.31537121127616,16492.34541662019,127,117,15,4,0.1649157910142094,0,0,0,
annex,boundary,91001,phased,smooth,0,11,11,True,5007.715245029964,455.2468404572694,19248.57622514982,187,168,11,0,0.040421834011795,0,0,0,
annex,boundary,91001,scenario,smooth,0,11,11,True,3748.1980895408515,340.7452808673501,14900.990447704256,120,113,11,0,0.5964872500044294,24,4,0,
annex,boundary,91001,scenario_future,smooth,0,11,11,True,3748.1980895408515,340.7452808673501,14900.990447704256,120,113,11,0,0.5734313339926302,24,4,0,
annex,boundary,91001,v2,smooth,0,11,11,True,4199.196113620152,381.7451012381956,16205.98056810076,152,143,11,0,0.3683991669968236,0,0,0,
annex,boundary,91001,v3,smooth,0,11,11,True,4117.6752921110265,374.3341174646388,16493.376460555133,129,119,11,0,0.13460687498445623,0,0,0,
annex,boundary,91001,v3_origin20,smooth,0,11,11,True,4216.816732486457,383.34697568058704,16424.083662432287,148,137,11,0,0.14249412500066683,0,0,0,
annex,boundary,91002,future_cover,alternating,0,11,11,True,3942.369308321176,358.39720984737966,15476.84654160588,133,127,11,0,0.06462170800659806,0,0,0,
annex,boundary,91002,joint,alternating,0,11,11,True,4501.085691912594,409.1896083556903,17105.42845956297,178,135,11,0,0.018138958024792373,0,0,0,
annex,boundary,91002,optical,alternating,0,11,11,True,3955.813129844477,359.619375440407,15524.065649222384,131,126,16,5,0.06058412499260157,0,0,0,
annex,boundary,91002,phased,alternating,0,11,11,True,4898.468528048779,445.31532073170723,18707.342640243896,187,167,11,0,0.015077374991960824,0,0,0,
annex,boundary,91002,scenario,alternating,0,11,11,True,3940.5833254627023,358.23484776933657,15472.91662731351,133,126,11,0,0.25991541700204834,29,4,0,
annex,boundary,91002,scenario_future,alternating,0,11,11,True,3940.5833254627023,358.23484776933657,15472.91662731351,133,126,11,0,0.27696683298563585,29,4,0,
annex,boundary,91002,v2,alternating,0,11,11,True,3924.1869880145687,356.7442716376881,14845.934940072844,151,145,11,0,0.13235987498774193,0,0,0,
annex,boundary,91002,v3,alternating,0,11,11,True,3942.369308321176,358.39720984737966,15476.84654160588,133,127,11,0,0.050235125003382564,0,0,0,
annex,boundary,91002,v3_origin20,alternating,0,11,11,True,3701.9071018250356,336.5370092568214,13729.535509125179,151,146,11,0,0.052560542011633515,0,0,0,
annex,boundary,91002,future_cover,hash,0,11,11,True,3916.8578001352735,356.0779818304794,15329.289000676368,134,126,11,0,0.11496229202020913,0,0,0,
annex,boundary,91002,joint,hash,0,11,11,True,4503.718751338507,409.42897739440974,17163.593756692535,176,136,11,0,0.028989332990022376,0,0,0,
annex,boundary,91002,optical,hash,0,11,11,True,3910.868552512932,355.5335047739029,15324.342762564662,130,123,17,6,0.09978887499892153,0,0,0,
annex,boundary,91002,phased,hash,0,11,11,True,4737.910315355673,430.7191195777885,17984.551576778365,184,166,11,0,0.027216542017413303,0,0,0,
annex,boundary,91002,scenario,hash,0,11,11,True,3905.7553836359534,355.0686712396321,15433.776918179767,129,119,11,0,0.4014428750087973,25,4,0,
annex,boundary,91002,scenario_future,hash,0,11,11,True,3905.7553836359534,355.0686712396321,15433.776918179767,129,119,11,0,0.4274589169945102,25,4,0,
annex,boundary,91002,v2,hash,0,11,11,True,3927.5324939588836,357.0484085417167,14857.662469794419,151,146,11,0,0.37931333400774747,0,0,0,
annex,boundary,91002,v3,hash,0,11,11,True,3916.8578001352735,356.0779818304794,15329.289000676368,134,126,11,0,0.1805731670174282,0,0,0,
annex,boundary,91002,v3_origin20,hash,0,11,11,True,3863.017417137991,351.18340155799916,14385.087085689955,156,151,11,0,0.09623999998439103,0,0,0,
annex,boundary,91002,future_cover,minus,0,11,11,True,3948.7412446459675,358.976476785997,15478.706223229838,134,128,11,0,0.09548925000126474,0,0,0,
annex,boundary,91002,joint,minus,0,11,11,True,4502.052686315071,409.2775169377337,17155.263431575353,176,136,11,0,0.028034667018800974,0,0,0,
annex,boundary,91002,optical,minus,0,11,11,True,3931.808080619918,357.43709823817437,15519.04040309959,129,122,13,2,0.09518820801167749,0,0,0,
annex,boundary,91002,phased,minus,0,11,11,True,4829.014392757588,439.00130843250804,18345.07196378794,187,170,11,0,0.029773250018479303,0,0,0,
annex,boundary,91002,scenario,minus,0,11,11,True,3948.4390427672347,358.9490038879304,15552.195213836174,132,123,11,0,0.35225745898787864,27,4,0,
annex,boundary,91002,scenario_future,minus,0,11,11,True,3948.4390427672347,358.9490038879304,15552.195213836174,132,123,11,0,0.3662145000125747,27,4,0,
annex,boundary,91002,v2,minus,0,11,11,True,3913.2127871158905,355.7466170105355,14936.063935579452,146,141,11,0,0.18888183400849812,0,0,0,
annex,boundary,91002,v3,minus,0,11,11,True,3948.7412446459675,358.976476785997,15478.706223229838,134,128,11,0,0.07566258299630135,0,0,0,
annex,boundary,91002,v3_origin20,minus,0,11,11,True,3707.7297518045316,337.06634107313926,13733.648759022657,152,146,11,0,0.07704858301440254,0,0,0,
annex,boundary,91002,future_cover,plus,0,11,11,True,3885.7290333741194,353.24809394310176,15283.645166870596,130,124,11,0,0.07995404198300093,0,0,0,
annex,boundary,91002,joint,plus,0,11,11,True,4497.85663387216,408.89605762474184,17089.283169360802,178,135,11,0,0.021418207994429395,0,0,0,
annex,boundary,91002,optical,plus,0,11,11,True,3885.990163690166,353.27183306274236,15289.95081845083,128,121,15,4,0.0758896250044927,0,0,0,
annex,boundary,91002,phased,plus,0,11,11,True,4754.5557777572485,432.23234343247714,17977.778888786244,187,169,11,0,0.02449833301943727,0,0,0,
annex,boundary,91002,scenario,plus,0,11,11,True,3911.031127179685,355.5482842890623,15425.155635898425,130,121,11,0,0.30396816701977514,25,5,0,
annex,boundary,91002,scenario_future,plus,0,11,11,True,3911.031127179685,355.5482842890623,15425.155635898425,130,121,11,0,0.31845950000570156,25,5,0,
annex,boundary,91002,v2,plus,0,11,11,True,3906.4344995920114,355.1304090538192,14817.172497960057,149,143,11,0,0.16608200001064688,0,0,0,
annex,boundary,91002,v3,plus,0,11,11,True,3885.7290333741194,353.24809394310176,15283.645166870596,130,124,11,0,0.06447466599638574,0,0,0,
annex,boundary,91002,v3_origin20,plus,0,11,11,True,3829.8065817948286,348.16423470862077,14374.032908974143,151,145,11,0,0.06900908300303854,0,0,0,
annex,boundary,91002,future_cover,smooth,0,11,11,True,3951.2608026089392,359.20552750990356,15496.304013044697,134,127,11,0,0.12797704100375995,0,0,0,
annex,boundary,91002,joint,smooth,0,11,11,True,4501.825156406913,409.25683240062847,17109.125782034567,178,135,11,0,0.03506029199343175,0,0,0,
annex,boundary,91002,optical,smooth,0,11,11,True,3960.104389595111,360.0094899631919,15510.521947975556,132,125,17,6,0.12340695800958201,0,0,0,
annex,boundary,91002,phased,smooth,0,11,11,True,4822.138607919254,438.3762370835686,18370.693039596274,185,168,11,0,0.028329334018053487,0,0,0,
annex,boundary,91002,scenario,smooth,0,11,11,True,3961.056162225972,360.0960147478156,15580.28081112986,133,125,11,0,0.45064541601459496,29,4,0,
annex,boundary,91002,scenario_future,smooth,0,11,11,True,3961.056162225972,360.0960147478156,15580.28081112986,133,125,11,0,0.48788641701685265,29,4,0,
annex,boundary,91002,v2,smooth,0,11,11,True,3924.1853008116036,356.7441182556003,14815.926504058018,152,146,11,0,0.24847083300119266,0,0,0,
annex,boundary,91002,v3,smooth,0,11,11,True,3951.2608026089392,359.20552750990356,15496.304013044697,134,127,11,0,0.0943735420005396,0,0,0,
annex,boundary,91002,v3_origin20,smooth,0,11,11,True,3711.663004551811,337.4239095047101,13733.315022759054,153,145,11,0,0.10900445899460465,0,0,0,
annex,boundary,91003,future_cover,alternating,0,10,10,True,3891.1541808897,389.11541808897,15170.7709044485,136,127,10,0,0.09144683298654854,0,0,0,
annex,boundary,91003,joint,alternating,0,10,10,True,4484.757767056348,448.47577670563476,17148.78883528174,174,135,10,0,0.014680583000881597,0,0,0,
annex,boundary,91003,optical,alternating,0,10,10,True,3881.5887530208843,388.1588753020884,15192.94376510442,131,126,14,4,0.050916167005198076,0,0,0,
annex,boundary,91003,phased,alternating,0,10,10,True,4705.285448650329,470.5285448650329,17886.427243251648,182,168,10,0,0.014176541997585446,0,0,0,
annex,boundary,91003,scenario,alternating,0,10,10,True,3909.836164810624,390.98361648106237,15294.180824053119,135,126,10,0,0.2875417920004111,26,2,0,
annex,boundary,91003,scenario_future,alternating,0,10,10,True,3909.836164810624,390.98361648106237,15294.180824053119,135,126,10,0,0.26354962500045076,26,2,0,
annex,boundary,91003,v2,alternating,0,10,10,True,3834.1498617339985,383.4149861733998,14475.749308669992,149,144,10,0,0.11798516698763706,0,0,0,
annex,boundary,91003,v3,alternating,0,10,10,True,3891.1541808897,389.11541808897,15170.7709044485,136,127,10,0,0.04193487501470372,0,0,0,
annex,boundary,91003,v3_origin20,alternating,0,10,10,True,3831.2795712999987,383.12795712999986,14156.397856499992,160,150,10,0,0.04940037499181926,0,0,0,
annex,boundary,91003,future_cover,hash,0,10,10,True,3824.9031404208285,382.49031404208284,15104.515702104143,127,119,10,0,0.10739391599781811,0,0,0,
annex,boundary,91003,joint,hash,0,10,10,True,4486.893421845018,448.68934218450175,17159.46710922509,174,135,10,0,0.02995370901771821,0,0,0,
annex,boundary,91003,optical,hash,0,10,10,True,3814.4495804729786,381.44495804729786,15092.247902364894,123,116,15,5,0.09425454199663363,0,0,0,
annex,boundary,91003,phased,hash,0,10,10,True,4700.105631452615,470.0105631452615,17895.528157263074,181,166,10,0,0.023335291974944994,0,0,0,
annex,boundary,91003,scenario,hash,0,10,10,True,3812.7098587231944,381.27098587231944,15098.549293615972,125,118,10,0,0.3916444579954259,25,6,0,
annex,boundary,91003,scenario_future,hash,0,10,10,True,3812.7098587231944,381.27098587231944,15098.549293615972,125,118,10,0,0.43476312499842606,25,6,0,
annex,boundary,91003,v2,hash,0,10,10,True,4060.1503787622487,406.0150378762249,15535.751893811244,152,143,10,0,0.17969679197994992,0,0,0,
annex,boundary,91003,v3,hash,0,10,10,True,3824.9031404208285,382.49031404208284,15104.515702104143,127,119,10,0,0.07722941599786282,0,0,0,
annex,boundary,91003,v3_origin20,hash,0,10,10,True,3735.189179557309,373.5189179557309,14020.945897786547,148,141,10,0,0.08807233301922679,0,0,0,
annex,boundary,91003,future_cover,minus,0,10,10,True,3895.1732751510226,389.51732751510224,15160.866375755113,137,128,10,0,0.07470495798042975,0,0,0,
annex,boundary,91003,joint,minus,0,10,10,True,4486.37754696501,448.637754696501,17156.88773482505,174,135,10,0,0.0281181670143269,0,0,0,
annex,boundary,91003,optical,minus,0,10,10,True,3881.947108144013,388.1947108144013,15204.735540720065,131,124,14,4,0.0605533329944592,0,0,0,
annex,boundary,91003,phased,minus,0,10,10,True,4615.982922618607,461.59829226186065,17439.914613093035,182,168,10,0,0.026898625015746802,0,0,0,
annex,boundary,91003,scenario,minus,0,10,10,True,3908.7675920593815,390.87675920593813,15293.837960296907,135,125,10,0,0.3060975410044193,25,1,0,
annex,boundary,91003,scenario_future,minus,0,10,10,True,3908.7675920593815,390.87675920593813,15293.837960296907,135,125,10,0,0.30556329200044274,25,1,0,
annex,boundary,91003,v2,minus,0,10,10,True,3832.6090715455975,383.26090715455973,14503.045357727988,148,142,10,0,0.15849841700401157,0,0,0,
annex,boundary,91003,v3,minus,0,10,10,True,3895.1732751510226,389.51732751510224,15160.866375755113,137,128,10,0,0.05967437502113171,0,0,0,
annex,boundary,91003,v3_origin20,minus,0,10,10,True,3823.9657816022855,382.39657816022856,14154.828908011428,159,148,10,0,0.06756037499872036,0,0,0,
annex,boundary,91003,future_cover,plus,0,10,10,True,3817.322698432573,381.7322698432573,15086.613492162864,126,120,10,0,0.08393587497994304,0,0,0,
annex,boundary,91003,joint,plus,0,10,10,True,4346.967926560543,434.6967926560543,16429.839632802716,175,136,10,0,0.019280832988442853,0,0,0,
annex,boundary,91003,optical,plus,0,10,10,True,3834.619349837635,383.4619349837635,15108.096749188175,125,120,16,6,0.17438120799488388,0,0,0,
annex,boundary,91003,phased,plus,0,10,10,True,4722.334250462509,472.2334250462509,17971.671252312546,182,168,10,0,0.016587749996688217,0,0,0,
annex,boundary,91003,scenario,plus,0,10,10,True,3846.8845886238314,384.68845886238313,15229.422943119158,126,121,10,0,0.4313118749996647,24,3,0,
annex,boundary,91003,scenario_future,plus,0,10,10,True,3846.8845886238314,384.68845886238313,15229.422943119158,126,121,10,0,0.32018583299941383,24,3,0,
annex,boundary,91003,v2,plus,0,10,10,True,3735.5035248714003,373.55035248714,13987.517624357,149,143,10,0,0.12825445900671184,0,0,0,
annex,boundary,91003,v3,plus,0,10,10,True,3817.322698432573,381.7322698432573,15086.613492162864,126,120,10,0,0.05727904199738987,0,0,0,
annex,boundary,91003,v3_origin20,plus,0,10,10,True,3713.7389788363826,371.3738978836383,13998.694894181912,145,139,10,0,0.05982829097774811,0,0,0,
annex,boundary,91003,future_cover,smooth,0,10,10,True,3885.5790301357565,388.55790301357564,15192.895150678782,134,127,10,0,0.0916914590052329,0,0,0,
annex,boundary,91003,joint,smooth,0,10,10,True,4345.173165542713,434.5173165542713,16420.865827713566,175,136,10,0,0.025922875007381663,0,0,0,
annex,boundary,91003,optical,smooth,0,10,10,True,3900.2904852031525,390.02904852031526,15211.452426015763,133,125,16,6,0.08980395799153484,0,0,0,
annex,boundary,91003,phased,smooth,0,10,10,True,4697.79228161026,469.779228161026,17908.9614080513,180,166,10,0,0.021044166991487145,0,0,0,
annex,boundary,91003,scenario,smooth,0,10,10,True,3815.7503446661894,381.57503446661894,15178.751723330948,123,115,10,0,0.38522666599601507,23,5,0,
annex,boundary,91003,scenario_future,smooth,0,10,10,True,3815.7503446661894,381.57503446661894,15178.751723330948,123,115,10,0,0.41627716697985306,23,5,0,
annex,boundary,91003,v2,smooth,0,10,10,True,3747.862863721095,374.7862863721095,13974.314318605475,152,143,10,0,0.2309648750233464,0,0,0,
annex,boundary,91003,v3,smooth,0,10,10,True,3885.5790301357565,388.55790301357564,15192.895150678782,134,127,10,0,0.08180975000141189,0,0,0,
annex,boundary,91003,v3_origin20,smooth,0,10,10,True,3838.708781876103,383.8708781876103,14193.543909380514,160,150,10,0,0.09910945800947957,0,0,0,
annex,boundary,91004,future_cover,alternating,0,12,12,True,3810.3367633680296,317.52806361400246,14846.683816840148,132,121,12,0,0.06847249998827465,0,0,0,
annex,boundary,91004,joint,alternating,0,12,12,True,4619.4542269715685,384.95451891429735,17827.27113485784,173,129,12,0,0.022877167008118704,0,0,0,
annex,boundary,91004,optical,alternating,0,12,12,True,3815.5884236308293,317.9657019692358,14857.942118154147,130,119,17,5,0.06456766699557193,0,0,0,
annex,boundary,91004,phased,alternating,0,12,12,True,4937.699026669472,411.47491888912265,18743.49513334736,192,169,12,0,0.019617874990217388,0,0,0,
annex,boundary,91004,scenario,alternating,0,12,12,True,3998.9172230745985,333.2431019228832,15699.586115372993,135,124,12,0,0.25045766599942,27,6,0,
annex,boundary,91004,scenario_future,alternating,0,12,12,True,3998.9172230745985,333.2431019228832,15699.586115372993,135,124,12,0,0.30896841699723154,27,6,0,
annex,boundary,91004,v2,alternating,0,12,12,True,3900.163232622624,325.013602718552,14645.81616311312,153,146,12,0,0.12941166700329632,0,0,0,
annex,boundary,91004,v3,alternating,0,12,12,True,3810.3367633680296,317.52806361400246,14846.683816840148,132,121,12,0,0.051126291014952585,0,0,0,
annex,boundary,91004,v3_origin20,alternating,0,12,12,True,3828.139933584211,319.0116611320176,14290.699667921055,153,145,12,0,0.057194875000277534,0,0,0,
annex,boundary,91004,future_cover,hash,0,12,12,True,4023.311574475504,335.27596453962536,16041.55787237752,127,120,12,0,0.1266087499971036,0,0,0,
annex,boundary,91004,joint,hash,0,12,12,True,4536.332829043426,378.0277357536188,17401.664145217128,173,131,12,0,0.0335413750144653,0,0,0,
annex,boundary,91004,optical,hash,0,12,12,True,4023.1163455527358,335.25969546272796,16055.58172776368,124,120,16,4,0.10058691701851785,0,0,0,
annex,boundary,91004,phased,hash,0,12,12,True,5105.120485932284,425.42670716102367,19600.602429661423,191,170,12,0,0.030860583996400237,0,0,0,
annex,boundary,91004,scenario,hash,0,12,12,True,3965.6838942296745,330.47365785247285,15698.419471148372,129,121,12,0,0.41535791600472294,25,5,0,
annex,boundary,91004,scenario_future,hash,0,12,12,True,3965.6838942296745,330.47365785247285,15698.419471148372,129,121,12,0,0.4645865839847829,25,5,0,
annex,boundary,91004,v2,hash,0,12,12,True,3851.947138902375,320.99559490853125,14469.735694511875,151,143,12,0,0.22681225000997074,0,0,0,
annex,boundary,91004,v3,hash,0,12,12,True,4023.311574475504,335.27596453962536,16041.55787237752,127,120,12,0,0.08614416597993113,0,0,0,
annex,boundary,91004,v3_origin20,hash,0,12,12,True,3591.834586312681,299.31954885939007,13274.172931563406,147,142,12,0,0.09210095799062401,0,0,0,
annex,boundary,91004,future_cover,minus,0,12,12,True,3956.4923238161236,329.7076936513436,15627.461619080617,130,121,12,0,0.12711945798946545,0,0,0,
annex,boundary,91004,joint,minus,0,12,12,True,4613.946230827629,384.49551923563575,17799.731154138142,173,129,12,0,0.02445695799542591,0,0,0,
annex,boundary,91004,optical,minus,0,12,12,True,3956.533348388993,329.71111236574944,15662.666741944966,127,117,16,4,0.11247541700140573,0,0,0,
annex,boundary,91004,phased,minus,0,12,12,True,4926.052185921833,410.50434882681947,18685.26092960917,192,169,12,0,0.027111875009723008,0,0,0,
annex,boundary,91004,scenario,minus,0,12,12,True,3988.804161451671,332.40034678763925,15649.020807258355,135,124,12,0,0.44252887499169447,20,8,0,
annex,boundary,91004,scenario_future,minus,0,12,12,True,3988.804161451671,332.40034678763925,15649.020807258355,135,124,12,0,0.4769633329997305,20,8,0,
annex,boundary,91004,v2,minus,0,12,12,True,3822.1532414059266,318.5127701171605,14570.766207029632,143,133,12,0,0.16877129199565388,0,0,0,
annex,boundary,91004,v3,minus,0,12,12,True,3956.4923238161236,329.7076936513436,15627.461619080617,130,121,12,0,0.06576583400601521,0,0,0,
annex,boundary,91004,v3_origin20,minus,0,12,12,True,3830.864527583689,319.2387106319741,14329.322637918445,152,145,12,0,0.09056224999949336,0,0,0,
annex,boundary,91004,future_cover,plus,0,12,12,True,3556.6460812480095,296.3871734373341,13608.230406240047,130,125,12,0,0.11157208299846388,0,0,0,
annex,boundary,91004,joint,plus,0,12,12,True,4616.950791734224,384.7458993111854,17814.75395867112,173,129,12,0,0.029316083004232496,0,0,0,
annex,boundary,91004,optical,plus,0,12,12,True,3548.6617256764666,295.7218104730389,13633.308628382334,127,121,14,2,0.09843591702519916,0,0,0,
annex,boundary,91004,phased,plus,0,12,12,True,5102.499000625116,425.20825005209304,19557.495003125583,192,171,12,0,0.02333116700174287,0,0,0,
annex,boundary,91004,scenario,plus,0,12,12,True,3983.601156061028,331.9667630050857,15848.00578030514,127,119,12,0,0.3818606249988079,28,4,0,
annex,boundary,91004,scenario_future,plus,0,12,12,True,3983.601156061028,331.9667630050857,15848.00578030514,127,119,12,0,0.5237199160037562,28,4,0,
annex,boundary,91004,v2,plus,0,12,12,True,3889.622491671863,324.1352076393219,14728.112458359314,149,139,12,0,0.15360866600531153,0,0,0,
annex,boundary,91004,v3,plus,0,12,12,True,3556.6460812480095,296.3871734373341,13608.230406240047,130,125,12,0,0.07608912498108111,0,0,0,
annex,boundary,91004,v3_origin20,plus,0,12,12,True,3589.099695565531,299.0916412971276,13235.498477827656,148,142,12,0,0.0711532499990426,0,0,0,
annex,boundary,91004,future_cover,smooth,0,12,12,True,3958.3962844282473,329.86635703568726,15641.981422141236,130,120,12,0,0.12243041698820889,0,0,0,
annex,boundary,91004,joint,smooth,0,12,12,True,4611.022693210558,384.25189110087985,17810.11346605279,172,129,12,0,0.03487320800195448,0,0,0,
annex,boundary,91004,optical,smooth,0,12,12,True,3811.412928298435,317.6177440248696,14897.064641492174,128,120,16,4,0.10531683301087469,0,0,0,
annex,boundary,91004,phased,smooth,0,12,12,True,4919.175868417393,409.93132236811607,18710.879342086962,190,167,12,0,0.03293824999127537,0,0,0,
annex,boundary,91004,scenario,smooth,0,12,12,True,3969.9796523214195,330.8316376934516,15694.898261607097,130,121,12,0,0.44251383299706504,26,5,0,
annex,boundary,91004,scenario_future,smooth,0,12,12,True,3969.9796523214195,330.8316376934516,15694.898261607097,130,121,12,0,0.4673893750004936,26,5,0,
annex,boundary,91004,v2,smooth,0,12,12,True,3885.554856106719,323.7962380088932,14737.774280533595,148,138,12,0,0.23018291700282134,0,0,0,
annex,boundary,91004,v3,smooth,0,12,12,True,3958.3962844282473,329.86635703568726,15641.981422141236,130,120,12,0,0.09975779100204818,0,0,0,
annex,boundary,91004,v3_origin20,smooth,0,12,12,True,3834.3984399627925,319.5332033302327,14346.992199813962,152,145,12,0,0.10459812500630505,0,0,0,
annex,boundary,91005,future_cover,alternating,0,14,14,True,4041.195266251408,288.6568047322434,15720.976331257041,139,132,14,0,0.11729324999032542,0,0,0,
annex,boundary,91005,joint,alternating,0,14,14,True,4838.502772343567,345.60734088168334,18642.513861717835,182,130,14,0,0.026692708022892475,0,0,0,
annex,boundary,91005,optical,alternating,0,14,14,True,4042.7080994826233,288.7648642487588,15748.540497413116,135,130,20,6,0.1038699579949025,0,0,0,
annex,boundary,91005,phased,alternating,0,14,14,True,5320.267567208748,380.019111943482,20331.337836043742,202,174,14,0,0.022633125016000122,0,0,0,
annex,boundary,91005,scenario,alternating,0,14,14,True,4287.843210910287,306.27451506502047,17429.216054551434,124,112,14,0,0.3636065000027884,31,4,0,
annex,boundary,91005,scenario_future,alternating,0,14,14,True,4287.843210910287,306.27451506502047,17429.216054551434,124,112,14,0,0.3497140830149874,31,4,0,
annex,boundary,91005,v2,alternating,0,14,14,True,4188.949003027957,299.2106430734255,16289.745015139782,145,136,14,0,0.1995295420056209,0,0,0,
annex,boundary,91005,v3,alternating,0,14,14,True,4041.195266251408,288.6568047322434,15720.976331257041,139,132,14,0,0.07206791700446047,0,0,0,
annex,boundary,91005,v3_origin20,alternating,0,14,14,True,3953.759745387489,282.41141038482067,14708.798726937446,158,152,14,0,0.09384295798372477,0,0,0,
annex,boundary,91005,future_cover,hash,0,14,14,True,4016.981098311311,286.9272213079508,15719.905491556556,135,128,14,0,0.11838712499593385,0,0,0,
annex,boundary,91005,joint,hash,0,14,14,True,4824.505483627715,344.60753454483677,18602.527418138576,181,129,14,0,0.04233837500214577,0,0,0,
annex,boundary,91005,optical,hash,0,14,14,True,4027.5634267612236,287.68310191151596,15742.817133806118,133,126,20,6,0.13224479198106565,0,0,0,
annex,boundary,91005,phased,hash,0,14,14,True,5297.598391195524,378.39988508539454,20307.991955977617,199,171,14,0,0.0344485419918783,0,0,0,
annex,boundary,91005,scenario,hash,0,14,14,True,4037.1808160151963,288.37005828679975,15785.904080075981,136,130,14,0,0.5405495000013616,31,5,0,
annex,boundary,91005,scenario_future,hash,0,14,14,True,4037.1808160151963,288.37005828679975,15785.904080075981,136,130,14,0,0.5590122079884168,31,5,0,
annex,boundary,91005,v2,hash,0,14,14,True,4202.659259317384,300.18994709409884,16358.29629658692,145,136,14,0,0.2607094999984838,0,0,0,
annex,boundary,91005,v3,hash,0,14,14,True,4016.981098311311,286.9272213079508,15719.905491556556,135,128,14,0,0.09345629101153463,0,0,0,
annex,boundary,91005,v3_origin20,hash,0,14,14,True,3930.2635633637183,280.733111668837,14731.317816818591,153,149,14,0,0.09192199999233708,0,0,0,
annex,boundary,91005,future_cover,minus,0,14,14,True,4027.513382428615,287.67952731632965,15707.566912143075,137,131,14,0,0.1146287500159815,0,0,0,
annex,boundary,91005,joint,minus,0,14,14,True,4830.4667605529685,345.0333400394978,18602.333802764842,182,130,14,0,0.03741608400014229,0,0,0,
annex,boundary,91005,optical,minus,0,14,14,True,4028.1941771236884,287.7281555088349,15725.970885618442,134,128,19,5,0.1170317500072997,0,0,0,
annex,boundary,91005,phased,minus,0,14,14,True,5339.552073107382,381.39657665052727,20427.76036553691,202,174,14,0,0.040251667000120506,0,0,0,
annex,boundary,91005,scenario,minus,0,14,14,True,4048.8899177161734,289.20642269401236,15769.449588580866,139,130,14,0,0.45015070799854584,34,4,0,
annex,boundary,91005,scenario_future,minus,0,14,14,True,4048.8899177161734,289.20642269401236,15769.449588580866,139,130,14,0,0.4613418339868076,34,4,0,
annex,boundary,91005,v2,minus,0,14,14,True,4439.031442117162,317.07367443694017,17620.15721058581,143,130,14,0,0.24448454199591652,0,0,0,
annex,boundary,91005,v3,minus,0,14,14,True,4027.513382428615,287.67952731632965,15707.566912143075,137,131,14,0,0.11435383401112631,0,0,0,
annex,boundary,91005,v3_origin20,minus,0,14,14,True,3935.9762033260963,281.14115738043546,14704.881016630481,155,150,14,0,0.1235091250273399,0,0,0,
annex,boundary,91005,future_cover,plus,0,14,14,True,4263.537590323025,304.5383993087875,17247.687951615128,125,119,14,0,0.14078820799477398,0,0,0,
annex,boundary,91005,joint,plus,0,14,14,True,4838.314447892273,345.5938891351624,18641.572239461366,182,130,14,0,0.05055558300227858,0,0,0,
annex,boundary,91005,optical,plus,0,14,14,True,4264.585828433003,304.61327345950025,17252.929142165016,122,116,20,6,0.1268720000225585,0,0,0,
annex,boundary,91005,phased,plus,0,14,14,True,5313.051456870894,379.50367549077816,20295.25728435447,202,174,14,0,0.04208616598043591,0,0,0,
annex,boundary,91005,scenario,plus,0,14,14,True,4285.600904746797,306.1143503390569,17353.004523733984,126,115,14,0,0.44064200000138953,29,4,0,
annex,boundary,91005,scenario_future,plus,0,14,14,True,4285.600904746797,306.1143503390569,17353.004523733984,126,115,14,0,0.47096149998833425,29,4,0,
annex,boundary,91005,v2,plus,0,14,14,True,4177.806280747058,298.41473433907555,16299.031403735287,143,133,14,0,0.2983151660009753,0,0,0,
annex,boundary,91005,v3,plus,0,14,14,True,4263.537590323025,304.5383993087875,17247.687951615128,125,119,14,0,0.11700075000408106,0,0,0,
annex,boundary,91005,v3_origin20,plus,0,14,14,True,4127.614750089419,294.8296250063871,15863.073750447096,149,140,14,0,0.11843620802392252,0,0,0,
annex,boundary,91005,future_cover,smooth,0,14,14,True,4296.036893775016,306.85977812678686,17265.184468875083,130,123,14,0,0.14743670797906816,0,0,0,
annex,boundary,91005,joint,smooth,0,14,14,True,4835.608018485952,345.4005727489966,18628.04009242976,182,130,14,0,0.04005270800553262,0,0,0,
annex,boundary,91005,optical,smooth,0,14,14,True,4272.696554586997,305.1926110419284,17268.482772934985,123,116,20,6,0.12646075000520796,0,0,0,
annex,boundary,91005,phased,smooth,0,14,14,True,5307.09481893805,379.0782013527178,20325.47409469025,200,172,14,0,0.03912724999827333,0,0,0,
annex,boundary,91005,scenario,smooth,0,14,14,True,4284.584032863764,306.041716633126,17337.92016431882,126,117,14,0,0.44305883301422,28,4,0,
annex,boundary,91005,scenario_future,smooth,0,14,14,True,4284.584032863764,306.041716633126,17337.92016431882,126,117,14,0,0.4961566250131,28,4,0,
annex,boundary,91005,v2,smooth,0,14,14,True,4450.2581886255775,317.875584901827,17626.290943127886,145,130,14,0,0.2893770829832647,0,0,0,
annex,boundary,91005,v3,smooth,0,14,14,True,4296.036893775016,306.85977812678686,17265.184468875083,130,123,14,0,0.12089416600065306,0,0,0,
annex,boundary,91005,v3_origin20,smooth,0,14,14,True,4142.522128950546,295.89443778218185,15857.61064475273,152,141,14,0,0.12401441601105034,0,0,0,
annex,boundary,91006,future_cover,alternating,0,10,10,True,3749.3173402104594,374.93173402104594,14606.586701052298,131,123,10,0,0.06282266601920128,0,0,0,
annex,boundary,91006,joint,alternating,0,10,10,True,4452.948838734697,445.29488387346976,17149.744193673487,169,128,10,0,0.018389833014225587,0,0,0,
annex,boundary,91006,optical,alternating,0,10,10,True,3751.477091138481,375.14770911384807,14642.385455692403,127,123,15,5,0.05414666701108217,0,0,0,
annex,boundary,91006,phased,alternating,0,10,10,True,4860.909691998269,486.09096919982693,18664.548459991347,182,168,10,0,0.014929958007996902,0,0,0,
annex,boundary,91006,scenario,alternating,0,10,10,True,3747.4985055096236,374.7498505509624,14627.492527548118,130,122,10,0,0.22740025000530295,24,5,0,
annex,boundary,91006,scenario_future,alternating,0,10,10,True,3747.4985055096236,374.7498505509624,14627.492527548118,130,122,10,0,0.2377842080022674,24,5,0,
annex,boundary,91006,v2,alternating,0,10,10,True,3822.028181664512,382.2028181664512,14560.140908322559,145,135,10,0,0.1289957920089364,0,0,0,
annex,boundary,91006,v3,alternating,0,10,10,True,3749.3173402104594,374.93173402104594,14606.586701052298,131,123,10,0,0.049295792006887496,0,0,0,
annex,boundary,91006,v3_origin20,alternating,0,10,10,True,3668.970742555938,366.8970742555938,13504.85371277969,154,148,10,0,0.05459462499129586,0,0,0,
annex,boundary,91006,future_cover,hash,0,10,10,True,3757.481613219435,375.7481613219435,14647.408066097176,131,123,10,0,0.10995204199571162,0,0,0,
annex,boundary,91006,joint,hash,0,10,10,True,4174.219215222697,417.4219215222697,15341.096076113487,182,146,10,0,0.0256916249927599,0,0,0,
annex,boundary,91006,optical,hash,0,10,10,True,3749.2942040613416,374.92942040613417,14651.471020306708,127,122,14,4,0.10521000000881031,0,0,0,
annex,boundary,91006,phased,hash,0,10,10,True,4678.440168815114,467.8440168815114,17862.200844075567,178,166,10,0,0.02171895798528567,0,0,0,
annex,boundary,91006,scenario,hash,0,10,10,True,3793.2894645584247,379.32894645584247,14791.447322792124,133,120,10,0,0.45041479100473225,26,7,0,
annex,boundary,91006,scenario_future,hash,0,10,10,True,3793.2894645584247,379.32894645584247,14791.447322792124,133,120,10,0,0.4832568330166396,26,7,0,
annex,boundary,91006,v2,hash,0,10,10,True,3636.858186872062,363.6858186872062,13174.290934360311,160,152,10,0,0.2202786669950001,0,0,0,
annex,boundary,91006,v3,hash,0,10,10,True,3757.481613219435,375.7481613219435,14647.408066097176,131,123,10,0,0.08407937499578111,0,0,0,
annex,boundary,91006,v3_origin20,hash,0,10,10,True,3634.6647171053028,363.4664717105303,13508.323585526514,148,143,10,0,0.0866563750023488,0,0,0,
annex,boundary,91006,future_cover,minus,0,10,10,True,3739.5972782277804,373.95972782277806,14582.986391138902,130,123,10,0,0.08775337500264868,0,0,0,
annex,boundary,91006,joint,minus,0,10,10,True,4458.482161169993,445.84821611699925,17177.410805849962,169,128,10,0,0.029248708015074953,0,0,0,
annex,boundary,91006,optical,minus,0,10,10,True,3727.220302959796,372.7220302959796,14611.101514798978,125,121,13,3,0.07202399999368936,0,0,0,
annex,boundary,91006,phased,minus,0,10,10,True,4855.80429226068,485.580429226068,18639.0214613034,182,168,10,0,0.01860674997442402,0,0,0,
annex,boundary,91006,scenario,minus,0,10,10,True,3752.198925146751,375.2198925146751,14715.994625733756,128,119,10,0,0.30699862499022856,25,3,0,
annex,boundary,91006,scenario_future,minus,0,10,10,True,3752.198925146751,375.2198925146751,14715.994625733756,128,119,10,0,0.31960987497586757,25,3,0,
annex,boundary,91006,v2,minus,0,10,10,True,3800.1098381881257,380.0109838188126,14540.549190940628,142,132,10,0,0.15712637497927062,0,0,0,
annex,boundary,91006,v3,minus,0,10,10,True,3739.5972782277804,373.95972782277806,14582.986391138902,130,123,10,0,0.07033062502159737,0,0,0,
annex,boundary,91006,v3_origin20,minus,0,10,10,True,3647.1009570519586,364.71009570519584,13490.504785259793,151,144,10,0,0.07122666700161062,0,0,0,
annex,boundary,91006,future_cover,plus,0,10,10,True,3769.129224096466,376.91292240964657,14655.646120482328,133,123,10,0,0.09138195900595747,0,0,0,
annex,boundary,91006,joint,plus,0,10,10,True,4138.53798625159,413.853798625159,15157.689931257952,182,147,10,0,0.022651291015790775,0,0,0,
annex,boundary,91006,optical,plus,0,10,10,True,3760.99194921359,376.099194921359,14684.95974606795,129,123,12,2,0.0780356669856701,0,0,0,
annex,boundary,91006,phased,plus,0,10,10,True,4653.157779838114,465.3157779838114,17605.78889919057,182,172,10,0,0.021481749980011955,0,0,0,
annex,boundary,91006,scenario,plus,0,10,10,True,3788.3572221674976,378.8357222167498,14776.786110837487,132,123,10,0,0.32453608300420456,25,3,0,
annex,boundary,91006,scenario_future,plus,0,10,10,True,3788.3572221674976,378.8357222167498,14776.786110837487,132,123,10,0,0.34243866699398495,25,3,0,
annex,boundary,91006,v2,plus,0,10,10,True,3614.8863912121196,361.488639121212,13179.431956060598,156,149,10,0,0.1873081249941606,0,0,0,
annex,boundary,91006,v3,plus,0,10,10,True,3769.129224096466,376.91292240964657,14655.646120482328,133,123,10,0,0.06654012500075623,0,0,0,
annex,boundary,91006,v3_origin20,plus,0,10,10,True,3699.8071555564143,369.98071555564144,13619.035777782072,156,146,10,0,0.07534162499359809,0,0,0,
annex,boundary,91006,future_cover,smooth,0,10,10,True,3740.651624377623,374.0651624377623,14593.258121888117,130,122,10,0,0.12960616700001992,0,0,0,
annex,boundary,91006,joint,smooth,0,10,10,True,4455.516975547498,445.5516975547498,17162.584877737492,169,128,10,0,0.028698833019006997,0,0,0,
annex,boundary,91006,optical,smooth,0,10,10,True,3745.936659838492,374.5936659838492,14609.683299192458,127,121,16,6,0.11283929200726561,0,0,0,
annex,boundary,91006,phased,smooth,0,10,10,True,4844.75390350405,484.475390350405,18673.76951752025,179,165,10,0,0.022342250013025478,0,0,0,
annex,boundary,91006,scenario,smooth,0,10,10,True,3747.7469822926532,374.7746982292653,14743.734911463267,126,119,10,0,0.6258761659846641,24,4,0,
annex,boundary,91006,scenario_future,smooth,0,10,10,True,3747.7469822926532,374.7746982292653,14743.734911463267,126,119,10,0,0.641384416987421,24,4,0,
annex,boundary,91006,v2,smooth,0,10,10,True,3808.678762414836,380.8678762414836,14548.39381207418,143,134,10,0,0.2034817919775378,0,0,0,
annex,boundary,91006,v3,smooth,0,10,10,True,3740.651624377623,374.0651624377623,14593.258121888117,130,122,10,0,0.07575983298011124,0,0,0,
annex,boundary,91006,v3_origin20,smooth,0,10,10,True,3636.2571198863084,363.6257119886308,13466.285599431541,150,143,10,0,0.0910997910250444,0,0,0,
annex,boundary,91007,future_cover,alternating,0,16,16,True,3963.9377051786423,247.74610657366514,15584.68852589321,129,122,16,0,0.14616541701252572,0,0,0,
annex,boundary,91007,joint,alternating,0,16,16,True,5028.819056780974,314.3011910488109,19459.095283904873,185,132,16,0,0.028828000009525567,0,0,0,
annex,boundary,91007,optical,alternating,0,16,16,True,3962.1673213686963,247.63545758554352,15625.836606843483,123,118,24,8,0.08839195899781771,0,0,0,
annex,boundary,91007,phased,alternating,0,16,16,True,5678.46291834902,354.90393239681373,21827.314591745097,212,173,16,0,0.02651216700905934,0,0,0,
annex,boundary,91007,scenario,alternating,0,16,16,True,3953.3394995249123,247.08371872030702,15561.697497624562,129,116,16,0,0.40931066701887175,33,5,0,
annex,boundary,91007,scenario_future,alternating,0,16,16,True,3953.3394995249123,247.08371872030702,15561.697497624562,129,116,16,0,0.41989212497719564,33,5,0,
annex,boundary,91007,v2,alternating,0,16,16,True,4157.020850245765,259.81380314036033,16150.104251228828,142,137,16,0,0.1477817500126548,0,0,0,
annex,boundary,91007,v3,alternating,0,16,16,True,3963.9377051786423,247.74610657366514,15584.68852589321,129,122,16,0,0.07360900001367554,0,0,0,
annex,boundary,91007,v3_origin20,alternating,0,16,16,True,3969.0627448609084,248.06642155380678,14945.313724304542,151,145,16,0,0.07327633301611058,0,0,0,
annex,boundary,91007,future_cover,hash,0,16,16,True,4063.550650826009,253.97191567662557,16322.753254130046,121,114,16,0,0.13931379199493676,0,0,0,
annex,boundary,91007,joint,hash,0,16,16,True,5031.5220474772705,314.4701279673294,19472.61023738635,185,132,16,0,0.0504696250136476,0,0,0,
annex,boundary,91007,optical,hash,0,16,16,True,4083.3067977174373,255.20667485733983,16321.533988587187,122,114,21,5,0.1321626249991823,0,0,0,
annex,boundary,91007,phased,hash,0,16,16,True,5377.224101360379,336.0765063350237,20331.120506801893,211,176,16,0,0.04360416697454639,0,0,0,
annex,boundary,91007,scenario,hash,0,16,16,True,3887.893000401003,242.9933125250627,15474.465002005016,120,113,16,0,0.5616977500030771,29,6,0,
annex,boundary,91007,scenario_future,hash,0,16,16,True,3887.893000401003,242.9933125250627,15474.465002005016,120,113,16,0,0.6471507499809377,29,6,0,
annex,boundary,91007,v2,hash,0,16,16,True,4157.768179541669,259.86051122135433,16178.840897708345,141,137,16,0,0.2751304160046857,0,0,0,
annex,boundary,91007,v3,hash,0,16,16,True,4063.550650826009,253.97191567662557,16322.753254130046,121,114,16,0,0.10625366700696759,0,0,0,
annex,boundary,91007,v3_origin20,hash,0,16,16,True,3982.0472006289224,248.87795003930765,15265.236003144611,143,134,16,0,0.1331623750156723,0,0,0,
annex,boundary,91007,future_cover,minus,0,16,16,True,4043.4899108131403,252.71811942582127,16382.4495540657,116,107,16,0,0.10519270799704827,0,0,0,
annex,boundary,91007,joint,minus,0,16,16,True,5822.920059693253,363.93250373082833,23144.600298466266,196,134,16,0,0.03522791698924266,0,0,0,
annex,boundary,91007,optical,minus,0,16,16,True,4050.568865837852,253.16055411486576,16402.84432918926,113,104,23,7,0.09377129198401235,0,0,0,
annex,boundary,91007,phased,minus,0,16,16,True,5665.459990087862,354.0912493804914,21762.29995043931,212,173,16,0,0.045415333006531,0,0,0,
annex,boundary,91007,scenario,minus,0,16,16,True,3954.780882902301,247.17380518139382,16043.904414511506,112,106,16,0,0.39391704098670743,31,5,0,
annex,boundary,91007,scenario_future,minus,0,16,16,True,3954.780882902301,247.17380518139382,16043.904414511506,112,106,16,0,0.4628060000250116,31,5,0,
annex,boundary,91007,v2,minus,0,16,16,True,4444.9078261447075,277.8067391340442,17529.539130723537,144,139,16,0,0.15682241698959842,0,0,0,
annex,boundary,91007,v3,minus,0,16,16,True,4043.4899108131403,252.71811942582127,16382.4495540657,116,107,16,0,0.0732153749850113,0,0,0,
annex,boundary,91007,v3_origin20,minus,0,16,16,True,4147.524125177339,259.22025782358367,16307.620625886691,136,126,16,0,0.0804995000071358,0,0,0,
annex,boundary,91007,future_cover,plus,0,16,16,True,4100.321258507811,256.2700786567382,16291.606292539054,128,122,16,0,0.11145841699908487,0,0,0,
annex,boundary,91007,joint,plus,0,16,16,True,5015.506316428694,313.46914477679337,19382.53158214347,185,134,16,0,0.03215033299056813,0,0,0,
annex,boundary,91007,optical,plus,0,16,16,True,4100.56630898748,256.2853943117175,16317.831544937399,124,119,22,6,0.12800883300951682,0,0,0,
annex,boundary,91007,phased,plus,0,16,16,True,5584.262398829315,349.0163999268322,21356.311994146577,212,173,16,0,0.0343733330082614,0,0,0,
annex,boundary,91007,scenario,plus,0,16,16,True,3971.0380674751977,248.18987921719986,16050.190337375989,115,106,16,0,0.4602016660210211,33,6,0,
annex,boundary,91007,scenario_future,plus,0,16,16,True,3971.0380674751977,248.18987921719986,16050.190337375989,115,106,16,0,0.48633024998707697,33,6,0,
annex,boundary,91007,v2,plus,0,16,16,True,4136.932312332163,258.5582695207602,16159.661561660812,138,135,16,0,0.19665633401018567,0,0,0,
annex,boundary,91007,v3,plus,0,16,16,True,4100.321258507811,256.2700786567382,16291.606292539054,128,122,16,0,0.10894091599038802,0,0,0,
annex,boundary,91007,v3_origin20,plus,0,16,16,True,4203.462900891003,262.7164313056877,16212.314504455015,148,141,16,0,0.10491212501074187,0,0,0,
annex,boundary,91007,future_cover,smooth,0,16,16,True,4078.6207516997956,254.91379698123723,16333.103758498977,123,117,16,0,0.14934483298566192,0,0,0,
annex,boundary,91007,joint,smooth,0,16,16,True,5027.137691571756,314.1961057232347,19450.688457858778,185,132,16,0,0.050164957996457815,0,0,0,
annex,boundary,91007,optical,smooth,0,16,16,True,4081.3988977841386,255.08743111150866,16361.994488920693,120,114,21,5,0.15610395799740218,0,0,0,
annex,boundary,91007,phased,smooth,0,16,16,True,5376.125102995431,336.00781893721444,20355.625514977157,210,175,16,0,0.04216737500973977,0,0,0,
annex,boundary,91007,scenario,smooth,0,16,16,True,3886.606836929447,242.91292730809045,15483.034184647237,120,110,16,0,0.5925094579870347,30,5,0,
annex,boundary,91007,scenario_future,smooth,0,16,16,True,3886.606836929447,242.91292730809045,15483.034184647237,120,110,16,0,0.6670142500079237,30,5,0,
annex,boundary,91007,v2,smooth,0,16,16,True,4177.255668923745,261.0784793077341,16156.278344618726,145,141,16,0,0.3272812920040451,0,0,0,
annex,boundary,91007,v3,smooth,0,16,16,True,4078.6207516997956,254.91379698123723,16333.103758498977,123,117,16,0,0.12245979200815782,0,0,0,
annex,boundary,91007,v3_origin20,smooth,0,16,16,True,4179.330581644809,261.2081613528006,16216.652908224047,144,136,16,0,0.149121374997776,0,0,0,
annex,boundary,91008,future_cover,alternating,0,10,10,True,3890.57004179507,389.05700417950703,15292.850208975351,132,122,10,0,0.05359858300653286,0,0,0,
annex,boundary,91008,joint,alternating,0,10,10,True,4320.70088528166,432.07008852816597,16268.504426408299,176,137,10,0,0.015660583012504503,0,0,0,
annex,boundary,91008,optical,alternating,0,10,10,True,3894.2866647489323,389.42866647489325,15301.43332374466,130,122,14,4,0.04906216700328514,0,0,0,
annex,boundary,91008,phased,alternating,0,10,10,True,4781.301496106519,478.1301496106519,18271.507480532597,182,167,10,0,0.014062832982745022,0,0,0,
annex,boundary,91008,scenario,alternating,0,10,10,True,3839.328735671488,383.9328735671488,15091.64367835744,130,121,10,0,0.20426820899592713,24,2,0,
annex,boundary,91008,scenario_future,alternating,0,10,10,True,3839.328735671488,383.9328735671488,15091.64367835744,130,121,10,0,0.22642170899780467,24,2,0,
annex,boundary,91008,v2,alternating,0,10,10,True,3800.014785074917,380.0014785074917,14275.073925374585,150,145,10,0,0.11959895899053663,0,0,0,
annex,boundary,91008,v3,alternating,0,10,10,True,3890.57004179507,389.05700417950703,15292.850208975351,132,122,10,0,0.04275387502275407,0,0,0,
annex,boundary,91008,v3_origin20,alternating,0,10,10,True,3718.0069302110273,371.80069302110275,13880.034651055137,150,142,10,0,0.046017375017981976,0,0,0,
annex,boundary,91008,future_cover,hash,0,10,10,True,3888.568128704745,388.8568128704745,15312.840643523725,131,121,10,0,0.09810999999172054,0,0,0,
annex,boundary,91008,joint,hash,0,10,10,True,4317.674442146438,431.76744421464383,16253.372210732192,176,137,10,0,0.03317141698789783,0,0,0,
annex,boundary,91008,optical,hash,0,10,10,True,3878.777343236922,387.8777343236922,15328.886716184612,128,120,11,1,0.0932488749967888,0,0,0,
annex,boundary,91008,phased,hash,0,10,10,True,4768.415816291057,476.8415816291057,18207.079081455286,182,167,10,0,0.02316345801227726,0,0,0,
annex,boundary,91008,scenario,hash,0,10,10,True,3839.5708851217382,383.9570885121738,15122.854425608692,129,120,10,0,0.3663648329966236,25,3,0,
annex,boundary,91008,scenario_future,hash,0,10,10,True,3839.5708851217382,383.9570885121738,15122.854425608692,129,120,10,0,0.3818643330014311,25,3,0,
annex,boundary,91008,v2,hash,0,10,10,True,3795.8542230624353,379.5854223062435,14194.271115312176,152,147,10,0,0.22302170901093632,0,0,0,
annex,boundary,91008,v3,hash,0,10,10,True,3888.568128704745,388.8568128704745,15312.840643523725,131,121,10,0,0.07352691699634306,0,0,0,
annex,boundary,91008,v3_origin20,hash,0,10,10,True,3947.793535317842,394.7793535317842,15388.967676589209,138,130,10,0,0.077830541995354,0,0,0,
annex,boundary,91008,future_cover,minus,0,10,10,True,3896.385041509593,389.6385041509593,15296.925207547965,133,122,10,0,0.07111904199700803,0,0,0,
annex,boundary,91008,joint,minus,0,10,10,True,4317.53540807042,431.753540807042,16252.677040352099,176,137,10,0,0.019947583001339808,0,0,0,
annex,boundary,91008,optical,minus,0,10,10,True,3891.6165067749216,389.16165067749216,15328.082533874609,129,122,13,3,0.06294166701263748,0,0,0,
annex,boundary,91008,phased,minus,0,10,10,True,4784.873829887047,478.48738298870467,18289.369149435235,182,167,10,0,0.016328833007719368,0,0,0,
annex,boundary,91008,scenario,minus,0,10,10,True,3846.2989722228494,384.62989722228497,15101.494861114248,131,121,10,0,0.26602191699203104,25,1,0,
annex,boundary,91008,scenario_future,minus,0,10,10,True,3846.2989722228494,384.62989722228497,15101.494861114248,131,121,10,0,0.2813549170095939,25,1,0,
annex,boundary,91008,v2,minus,0,10,10,True,3790.7311196492105,379.07311196492105,14228.655598246052,150,145,10,0,0.16941545900772326,0,0,0,
annex,boundary,91008,v3,minus,0,10,10,True,3896.385041509593,389.6385041509593,15296.925207547965,133,122,10,0,0.05816112499451265,0,0,0,
annex,boundary,91008,v3_origin20,minus,0,10,10,True,3738.1414449801555,373.81414449801554,13895.707224900778,153,144,10,0,0.06092633301159367,0,0,0,
annex,boundary,91008,future_cover,plus,0,10,10,True,3936.0573658067347,393.60573658067347,15745.286829033674,124,117,10,0,0.08335808300762437,0,0,0,
annex,boundary,91008,joint,plus,0,10,10,True,4429.007788149169,442.90077881491686,16900.038940745846,173,134,10,0,0.02179537498159334,0,0,0,
annex,boundary,91008,optical,plus,0,10,10,True,3938.2106253396446,393.82106253396444,15746.053126698223,122,117,14,4,0.06833341598394327,0,0,0,
annex,boundary,91008,phased,plus,0,10,10,True,4762.188096785256,476.2188096785256,18175.94048392628,182,167,10,0,0.019290666008600965,0,0,0,
annex,boundary,91008,scenario,plus,0,10,10,True,3869.374290679455,386.9374290679455,15156.871453397274,133,123,10,0,0.3289752080163453,28,4,0,
annex,boundary,91008,scenario_future,plus,0,10,10,True,3869.374290679455,386.9374290679455,15156.871453397274,133,123,10,0,0.34344595900620334,28,4,0,
annex,boundary,91008,v2,plus,0,10,10,True,4000.6174220482026,400.06174220482023,15368.087110241013,147,142,10,0,0.1535020420269575,0,0,0,
annex,boundary,91008,v3,plus,0,10,10,True,3936.0573658067347,393.60573658067347,15745.286829033674,124,117,10,0,0.05632462500943802,0,0,0,
annex,boundary,91008,v3_origin20,plus,0,10,10,True,3857.603990222279,385.76039902222794,14718.019951111395,145,139,10,0,0.0734226249915082,0,0,0,
annex,boundary,91008,future_cover,smooth,0,10,10,True,3951.898655137175,395.1898655137175,15764.493275685874,126,119,10,0,0.14562191697768867,0,0,0,
annex,boundary,91008,joint,smooth,0,10,10,True,4429.684579058743,442.9684579058743,16903.422895293716,173,134,10,0,0.030742667004233226,0,0,0,
annex,boundary,91008,optical,smooth,0,10,10,True,3946.245815331594,394.62458153315936,15761.22907665797,123,117,14,4,0.1213424580055289,0,0,0,
annex,boundary,91008,phased,smooth,0,10,10,True,4750.13239307024,475.01323930702404,18205.661965351203,179,164,10,0,0.02741904099821113,0,0,0,
annex,boundary,91008,scenario,smooth,0,10,10,True,3839.3289861957533,383.9328986195753,15146.644930978766,128,120,10,0,0.5748705419828184,25,3,0,
annex,boundary,91008,scenario_future,smooth,0,10,10,True,3839.3289861957533,383.9328986195753,15146.644930978766,128,120,10,0,0.6438559170055669,25,3,0,
annex,boundary,91008,v2,smooth,0,10,10,True,3995.3160766576457,399.53160766576457,15306.580383288228,148,144,10,0,0.23597166701802053,0,0,0,
annex,boundary,91008,v3,smooth,0,10,10,True,3951.898655137175,395.1898655137175,15764.493275685874,126,119,10,0,0.08677008299855515,0,0,0,
annex,boundary,91008,v3_origin20,smooth,0,10,10,True,3865.925693640871,386.5925693640871,14734.628468204355,146,139,10,0,0.0956960839976091,0,0,0,
annex,boundary,91009,future_cover,alternating,0,16,16,True,4292.168310413183,268.2605194008239,17475.841552065915,121,112,16,0,0.09097708298941143,0,0,0,
annex,boundary,91009,joint,alternating,0,16,16,True,5501.825260115262,343.86407875720386,21984.126300576307,181,120,16,0,0.03289370899437927,0,0,0,
annex,boundary,91009,optical,alternating,0,16,16,True,4306.28937754111,269.1430860963194,17481.44688770555,120,112,22,6,0.09202662500320002,0,0,0,
annex,boundary,91009,phased,alternating,0,16,16,True,5540.188968759654,346.2618105474784,21215.944843798272,209,172,16,0,0.02908083301736042,0,0,0,
annex,boundary,91009,scenario,alternating,0,16,16,True,4313.533562972511,269.59584768578196,17537.667814862558,123,111,16,0,0.30158141697756946,33,4,0,
annex,boundary,91009,scenario_future,alternating,0,16,16,True,4313.533562972511,269.59584768578196,17537.667814862558,123,111,16,0,0.3244810840114951,33,4,0,
annex,boundary,91009,v2,alternating,0,16,16,True,4690.558415538854,293.1599009711784,18717.79207769427,146,137,16,0,0.19408745798864402,0,0,0,
annex,boundary,91009,v3,alternating,0,16,16,True,4292.168310413183,268.2605194008239,17475.841552065915,121,112,16,0,0.07837050000671297,0,0,0,
annex,boundary,91009,v3_origin20,alternating,0,16,16,True,4089.3642192815028,255.58526370509392,15916.821096407513,139,131,16,0,0.08745070800068788,0,0,0,
annex,boundary,91009,future_cover,hash,0,16,16,True,4798.850968665956,299.92818554162227,19919.25484332978,123,120,16,0,0.14567145801265724,0,0,0,
annex,boundary,91009,joint,hash,0,16,16,True,5612.712099786246,350.79450623664036,22398.560498931227,186,123,16,0,0.0443089579930529,0,0,0,
annex,boundary,91009,optical,hash,0,16,16,True,4796.881896562245,299.8051185351403,19944.409482811225,119,115,22,6,0.12586983299115673,0,0,0,
annex,boundary,91009,phased,hash,0,16,16,True,5535.949755308685,345.9968597067928,21224.748776543423,208,171,16,0,0.042516416986472905,0,0,0,
annex,boundary,91009,scenario,hash,0,16,16,True,4336.625209623044,271.03907560144023,17603.126048115217,125,111,16,0,0.5591213340230752,33,3,0,
annex,boundary,91009,scenario_future,hash,0,16,16,True,4336.625209623044,271.03907560144023,17603.126048115217,125,111,16,0,0.5831017909804359,33,3,0,
annex,boundary,91009,v2,hash,0,16,16,True,3984.2847734408288,249.0177983400518,15436.423867204143,137,132,16,0,0.23179841600358486,0,0,0,
annex,boundary,91009,v3,hash,0,16,16,True,4798.850968665956,299.92818554162227,19919.25484332978,123,120,16,0,0.11193729197839275,0,0,0,
annex,boundary,91009,v3_origin20,hash,0,16,16,True,4637.058204873737,289.81613780460856,18630.291024368686,140,131,16,0,0.1066232500015758,0,0,0,
annex,boundary,91009,future_cover,minus,0,16,16,True,4854.500089680892,303.4062556050558,19957.500448404462,132,123,16,0,0.11465795899857767,0,0,0,
annex,boundary,91009,joint,minus,0,16,16,True,5607.923870956164,350.49524193476026,22374.61935478082,186,123,16,0,0.03512733298703097,0,0,0,
annex,boundary,91009,optical,minus,0,16,16,True,4872.001224727533,304.5000765454708,19980.006123637664,128,120,28,12,0.11199195799417794,0,0,0,
annex,boundary,91009,phased,minus,0,16,16,True,5526.343287858329,345.39645549114556,21146.716439291646,209,172,16,0,0.03506270900834352,0,0,0,
annex,boundary,91009,scenario,minus,0,16,16,True,4315.596735737015,269.7247959835634,17542.983678685072,123,112,16,0,0.3601485419785604,33,4,0,
annex,boundary,91009,scenario_future,minus,0,16,16,True,4315.596735737015,269.7247959835634,17542.983678685072,123,112,16,0,0.357824625010835,33,4,0,
annex,boundary,91009,v2,minus,0,16,16,True,4700.816402615963,293.8010251634977,18714.082013079817,148,138,16,0,0.1886120829731226,0,0,0,
annex,boundary,91009,v3,minus,0,16,16,True,4854.500089680892,303.4062556050558,19957.500448404462,132,123,16,0,0.08854245801921934,0,0,0,
annex,boundary,91009,v3_origin20,minus,0,16,16,True,4674.015225329655,292.1259515831034,18670.076126648273,145,135,16,0,0.08839770799386315,0,0,0,
annex,boundary,91009,future_cover,plus,0,16,16,True,4335.50759547906,270.96922471744125,17547.5379773953,126,116,16,0,0.12778541698935442,0,0,0,
annex,boundary,91009,joint,plus,0,16,16,True,5492.0124926561775,343.2507807910111,21930.062463280887,181,121,16,0,0.033042707975255325,0,0,0,
annex,boundary,91009,optical,plus,0,16,16,True,4335.09426949381,270.94339184336314,17575.47134746905,121,111,24,8,0.11352212500059977,0,0,0,
annex,boundary,91009,phased,plus,0,16,16,True,5571.993131521519,348.24957072009494,21374.965657607594,209,172,16,0,0.030583374988054857,0,0,0,
annex,boundary,91009,scenario,plus,0,16,16,True,4333.399658538119,270.83747865863245,17556.998292690594,126,112,16,0,0.46016658400185406,36,3,0,
annex,boundary,91009,scenario_future,plus,0,16,16,True,4333.399658538119,270.83747865863245,17556.998292690594,126,112,16,0,0.47991733299568295,36,3,0,
annex,boundary,91009,v2,plus,0,16,16,True,3974.372769696572,248.39829810603575,15441.86384848286,135,131,16,0,0.1701487910177093,0,0,0,
annex,boundary,91009,v3,plus,0,16,16,True,4335.50759547906,270.96922471744125,17547.5379773953,126,116,16,0,0.09458487501251511,0,0,0,
annex,boundary,91009,v3_origin20,plus,0,16,16,True,4102.136883948904,256.3835552468065,15925.684419744519,141,132,16,0,0.09898087498731911,0,0,0,
annex,boundary,91009,future_cover,smooth,0,16,16,True,4809.705423456782,300.6065889660489,19898.527117283913,126,120,16,0,0.16575537499738857,0,0,0,
annex,boundary,91009,joint,smooth,0,16,16,True,5612.77979721084,350.7987373256775,22398.898986054202,186,123,16,0,0.06426354101859033,0,0,0,
annex,boundary,91009,optical,smooth,0,16,16,True,4797.263823437789,299.8289889648618,19911.319117188945,121,115,21,5,0.13362574999337085,0,0,0,
annex,boundary,91009,phased,smooth,0,16,16,True,5540.964070417913,346.31025440111955,21219.820352089566,209,172,16,0,0.0729167090030387,0,0,0,
annex,boundary,91009,scenario,smooth,0,16,16,True,4326.191701702381,270.3869813563988,17585.958508511903,124,109,16,0,0.579961125011323,34,3,0,
annex,boundary,91009,scenario_future,smooth,0,16,16,True,4326.191701702381,270.3869813563988,17585.958508511903,124,109,16,0,0.6303771669918206,34,3,0,
annex,boundary,91009,v2,smooth,0,16,16,True,4686.4254613237845,292.90159133273653,18722.127306618924,145,137,16,0,0.34471620799740776,0,0,0,
annex,boundary,91009,v3,smooth,0,16,16,True,4809.705423456782,300.6065889660489,19898.527117283913,126,120,16,0,0.15974316600477323,0,0,0,
annex,boundary,91009,v3_origin20,smooth,0,16,16,True,4664.523624467974,291.53272652924835,18622.618122339867,145,135,16,0,0.1247065830102656,0,0,0,
annex,boundary,91010,future_cover,alternating,0,10,10,True,3923.473160965791,392.3473160965791,15247.365804828956,139,129,10,0,0.061608583986526355,0,0,0,
annex,boundary,91010,joint,alternating,0,10,10,True,4441.564886653739,444.15648866537396,16872.8244332687,176,137,10,0,0.016720625018933788,0,0,0,
annex,boundary,91010,optical,alternating,0,10,10,True,3943.7677360657744,394.37677360657744,15268.838680328872,138,129,17,7,0.06150316700222902,0,0,0,
annex,boundary,91010,phased,alternating,0,10,10,True,4746.959650282821,474.6959650282821,18099.798251414104,182,167,10,0,0.014062792004551739,0,0,0,
annex,boundary,91010,scenario,alternating,0,10,10,True,3922.1471463810008,392.2147146381001,15635.735731905004,126,115,10,0,0.20923012497951277,25,2,0,
annex,boundary,91010,scenario_future,alternating,0,10,10,True,3922.1471463810008,392.2147146381001,15635.735731905004,126,115,10,0,0.2253552500042133,25,2,0,
annex,boundary,91010,v2,alternating,0,10,10,True,4016.3197152432504,401.631971524325,15341.59857621625,151,143,10,0,0.12594808300491422,0,0,0,
annex,boundary,91010,v3,alternating,0,10,10,True,3923.473160965791,392.3473160965791,15247.365804828956,139,129,10,0,0.047952541994163767,0,0,0,
annex,boundary,91010,v3_origin20,alternating,0,10,10,True,3766.033676202672,376.6033676202672,13880.168381013358,158,150,10,0,0.051615500007756054,0,0,0,
annex,boundary,91010,future_cover,hash,0,10,10,True,3894.526250810282,389.4526250810282,15217.63125405141,135,126,10,0,0.09038170802523382,0,0,0,
annex,boundary,91010,joint,hash,0,10,10,True,4440.297345656405,444.0297345656405,16866.486728282023,176,137,10,0,0.025808082980802283,0,0,0,
annex,boundary,91010,optical,hash,0,10,10,True,3891.0035322295294,389.10035322295295,15245.017661147647,132,126,12,2,0.08043558298959397,0,0,0,
annex,boundary,91010,phased,hash,0,10,10,True,4745.801441614973,474.5801441614973,18094.00720807486,182,167,10,0,0.020636417000787333,0,0,0,
annex,boundary,91010,scenario,hash,0,10,10,True,3894.57039733813,389.457039733813,15217.85198669065,135,126,10,0,0.3974682920088526,27,2,0,
annex,boundary,91010,scenario_future,hash,0,10,10,True,3894.57039733813,389.457039733813,15217.85198669065,135,126,10,0,0.40913600000203587,27,2,0,
annex,boundary,91010,v2,hash,0,10,10,True,3987.368261411607,398.7368261411607,15231.841307058035,150,141,10,0,0.20733387500513345,0,0,0,
annex,boundary,91010,v3,hash,0,10,10,True,3894.526250810282,389.4526250810282,15217.63125405141,135,126,10,0,0.07255187499686144,0,0,0,
annex,boundary,91010,v3_origin20,hash,0,10,10,True,3735.0245398215125,373.5024539821512,13865.122699107562,153,147,10,0,0.08115545799955726,0,0,0,
annex,boundary,91010,future_cover,minus,0,10,10,True,3899.9141143827833,389.9914114382783,15214.570571913917,136,127,10,0,0.056041125004412606,0,0,0,
annex,boundary,91010,joint,minus,0,10,10,True,4321.2475296168295,432.12475296168293,16361.237648084147,173,134,10,0,0.01570683400495909,0,0,0,
annex,boundary,91010,optical,minus,0,10,10,True,3890.1395854517095,389.01395854517096,15250.697927258547,132,127,11,1,0.05355708301067352,0,0,0,
annex,boundary,91010,phased,minus,0,10,10,True,4762.803354891671,476.2803354891671,18179.016774458356,182,167,10,0,0.01446887498605065,0,0,0,
annex,boundary,91010,scenario,minus,0,10,10,True,3923.8231731959418,392.38231731959416,15289.11586597971,138,126,10,0,0.2464751669904217,30,2,0,
annex,boundary,91010,scenario_future,minus,0,10,10,True,3923.8231731959418,392.38231731959416,15289.11586597971,138,126,10,0,0.2668406250013504,30,2,0,
annex,boundary,91010,v2,minus,0,10,10,True,3808.046943185547,380.8046943185547,14370.234715927736,148,144,10,0,0.1216980000026524,0,0,0,
annex,boundary,91010,v3,minus,0,10,10,True,3899.9141143827833,389.9914114382783,15214.570571913917,136,127,10,0,0.04174824999063276,0,0,0,
annex,boundary,91010,v3_origin20,minus,0,10,10,True,3735.074348351112,373.5074348351112,13840.37174175556,154,147,10,0,0.04364129199529998,0,0,0,
annex,boundary,91010,future_cover,plus,0,10,10,True,4043.830349597127,404.38303495971275,16274.151747985636,124,119,10,0,0.06775325001217425,0,0,0,
annex,boundary,91010,joint,plus,0,10,10,True,4438.71501994557,443.871501994557,16858.575099727852,176,137,10,0,0.019994665984995663,0,0,0,
annex,boundary,91010,optical,plus,0,10,10,True,4042.641657371377,404.26416573713766,16288.208286856885,121,118,14,4,0.06353187499917112,0,0,0,
annex,boundary,91010,phased,plus,0,10,10,True,4740.314860565799,474.03148605657987,18066.574302828994,182,167,10,0,0.020199499995214865,0,0,0,
annex,boundary,91010,scenario,plus,0,10,10,True,4068.95733832066,406.89573383206596,16399.786691603298,124,119,10,0,0.26293462500325404,22,1,0,
annex,boundary,91010,scenario_future,plus,0,10,10,True,4068.95733832066,406.89573383206596,16399.786691603298,124,119,10,0,0.29019329202128574,22,1,0,
annex,boundary,91010,v2,plus,0,10,10,True,3998.5868570579687,399.85868570579686,15302.934285289844,149,143,10,0,0.1498133749992121,0,0,0,
annex,boundary,91010,v3,plus,0,10,10,True,4043.830349597127,404.38303495971275,16274.151747985636,124,119,10,0,0.05351250001695007,0,0,0,
annex,boundary,91010,v3_origin20,plus,0,10,10,True,3969.4075543342506,396.94075543342507,15247.037771671252,146,140,10,0,0.06009183300193399,0,0,0,
annex,boundary,91010,future_cover,smooth,0,10,10,True,3902.860023453024,390.2860023453024,15279.30011726512,134,127,10,0,0.10790387500310317,0,0,0,
annex,boundary,91010,joint,smooth,0,10,10,True,4441.441777160982,444.1441777160982,16872.208885804914,176,137,10,0,0.03383562501403503,0,0,0,
annex,boundary,91010,optical,smooth,0,10,10,True,3894.3795811526957,389.43795811526957,15276.897905763479,132,126,11,1,0.0930835840117652,0,0,0,
annex,boundary,91010,phased,smooth,0,10,10,True,4734.823111617478,473.4823111617478,18099.115558087393,180,165,10,0,0.022059999988414347,0,0,0,
annex,boundary,91010,scenario,smooth,0,10,10,True,3906.606593674193,390.66065936741927,15308.032968370964,134,125,10,0,0.41771479198359884,27,3,0,
annex,boundary,91010,scenario_future,smooth,0,10,10,True,3906.606593674193,390.66065936741927,15308.032968370964,134,125,10,0,0.4319527080224361,27,3,0,
annex,boundary,91010,v2,smooth,0,10,10,True,4000.7532750222667,400.0753275022267,15278.766375111334,150,145,10,0,0.23396604199660942,0,0,0,
annex,boundary,91010,v3,smooth,0,10,10,True,3902.860023453024,390.2860023453024,15279.30011726512,134,127,10,0,0.07899970799917355,0,0,0,
annex,boundary,91010,v3_origin20,smooth,0,10,10,True,3751.5606511906703,375.156065119067,13887.803255953351,155,149,10,0,0.09136208301060833,0,0,0,
annex,boundary,91011,future_cover,alternating,0,14,14,True,4369.266386209363,312.0904561578117,17551.331931046814,133,124,14,0,0.06645116698928177,0,0,0,
annex,boundary,91011,joint,alternating,0,14,14,True,4967.409013301097,354.81492952150694,19487.045066505485,175,125,14,0,0.020121000008657575,0,0,0,
annex,boundary,91011,optical,alternating,0,14,14,True,4376.774020642794,312.6267157601996,17558.870103213972,130,124,21,7,0.06263308401685208,0,0,0,
annex,boundary,91011,phased,alternating,0,14,14,True,5229.834037299139,373.55957409279563,19869.170186495692,202,176,14,0,0.01970549998804927,0,0,0,
annex,boundary,91011,scenario,alternating,0,14,14,True,4137.7495721836,295.55354087025717,16433.747860918,132,121,14,0,0.24936450002132915,30,3,0,
annex,boundary,91011,scenario_future,alternating,0,14,14,True,4137.7495721836,295.55354087025717,16433.747860918,132,121,14,0,0.26477366700419225,30,3,0,
annex,boundary,91011,v2,alternating,0,14,14,True,4002.619354607249,285.90138247194636,15438.096773036246,142,135,14,0,0.12821708401315846,0,0,0,
annex,boundary,91011,v3,alternating,0,14,14,True,4369.266386209363,312.0904561578117,17551.331931046814,133,124,14,0,0.051920375000918284,0,0,0,
annex,boundary,91011,v3_origin20,alternating,0,14,14,True,3902.7771897514804,278.76979926796287,14578.885948757401,154,147,14,0,0.05827895799302496,0,0,0,
annex,boundary,91011,future_cover,hash,0,14,14,True,4178.614414263398,298.47245816167134,16873.07207131699,123,119,14,0,0.13631224998971447,0,0,0,
annex,boundary,91011,joint,hash,0,14,14,True,5052.037858614016,360.8598470438583,19955.18929307008,174,121,14,0,0.0410295840119943,0,0,0,
annex,boundary,91011,optical,hash,0,14,14,True,4179.039635880739,298.5028311343385,16820.198179403695,123,118,18,4,0.1184842080110684,0,0,0,
annex,boundary,91011,phased,hash,0,14,14,True,5132.335496654331,366.5953926181665,19406.677483271655,201,176,14,0,0.04059849999612197,0,0,0,
annex,boundary,91011,scenario,hash,0,14,14,True,4174.903954675751,298.20742533398226,16924.519773378757,121,115,14,0,0.4962777089967858,30,4,0,
annex,boundary,91011,scenario_future,hash,0,14,14,True,4174.903954675751,298.20742533398226,16924.519773378757,121,115,14,0,0.5730138749931939,30,4,0,
annex,boundary,91011,v2,hash,0,14,14,True,3956.412007511989,282.6008576794278,15407.060037559946,136,125,14,0,0.24655254097888246,0,0,0,
annex,boundary,91011,v3,hash,0,14,14,True,4178.614414263398,298.47245816167134,16873.07207131699,123,119,14,0,0.10150212500593625,0,0,0,
annex,boundary,91011,v3_origin20,hash,0,14,14,True,4019.9768489088397,287.14120349348855,15404.884244544199,146,139,14,0,0.10200212500058115,0,0,0,
annex,boundary,91011,future_cover,minus,0,14,14,True,4369.174738366433,312.08390988331666,17605.873691832167,131,123,14,0,0.06619904199033044,0,0,0,
annex,boundary,91011,joint,minus,0,14,14,True,5053.794331237386,360.985309374099,19938.97165618693,175,121,14,0,0.022514083015266806,0,0,0,
annex,boundary,91011,optical,minus,0,14,14,True,4372.307967485676,312.3077119632626,17621.53983742838,128,123,19,5,0.0620888750127051,0,0,0,
annex,boundary,91011,phased,minus,0,14,14,True,5260.020211848567,375.71572941775474,20025.101059242832,202,175,14,0,0.022703666996676475,0,0,0,
annex,boundary,91011,scenario,minus,0,14,14,True,4386.626658006632,313.3304755719023,17643.13329003316,133,123,14,0,0.2696220829966478,30,4,0,
annex,boundary,91011,scenario_future,minus,0,14,14,True,4386.626658006632,313.3304755719023,17643.13329003316,133,123,14,0,0.29716862499481067,30,4,0,
annex,boundary,91011,v2,minus,0,14,14,True,4014.8104057884075,286.7721718420291,15439.052028942038,144,137,14,0,0.14627120798104443,0,0,0,
annex,boundary,91011,v3,minus,0,14,14,True,4369.174738366433,312.08390988331666,17605.873691832167,131,123,14,0,0.052948374999687076,0,0,0,
annex,boundary,91011,v3_origin20,minus,0,14,14,True,3895.8639211755603,278.2759943696829,14574.319605877801,153,146,14,0,0.06176095799310133,0,0,0,
annex,boundary,91011,future_cover,plus,0,14,14,True,4185.048683071896,298.93204879084976,16850.243415359484,125,120,14,0,0.09592358398367651,0,0,0,
annex,boundary,91011,joint,plus,0,14,14,True,5063.384901432934,361.6703501023525,19986.924507164673,175,121,14,0,0.02934041601838544,0,0,0,
annex,boundary,91011,optical,plus,0,14,14,True,4181.208614054488,298.65775814674913,16841.04307027244,122,118,19,5,0.08708887500688434,0,0,0,
annex,boundary,91011,phased,plus,0,14,14,True,5137.6224948086765,366.9730353434769,19403.112474043384,202,177,14,0,0.028648167004575953,0,0,0,
annex,boundary,91011,scenario,plus,0,14,14,True,4184.776631442361,298.91261653159717,16918.883157211803,123,116,14,0,0.33048187498934567,28,8,0,
annex,boundary,91011,scenario_future,plus,0,14,14,True,4184.776631442361,298.91261653159717,16918.883157211803,123,116,14,0,0.3773745000071358,28,8,0,
annex,boundary,91011,v2,plus,0,14,14,True,3962.690609205007,283.0493292289291,15383.453046025035,137,131,14,0,0.18832504100282677,0,0,0,
annex,boundary,91011,v3,plus,0,14,14,True,4185.048683071896,298.93204879084976,16850.243415359484,125,120,14,0,0.07037850000779144,0,0,0,
annex,boundary,91011,v3_origin20,plus,0,14,14,True,4033.5144641642164,288.10817601172977,15432.572320821082,147,142,14,0,0.08641150000039488,0,0,0,
annex,boundary,91011,future_cover,smooth,0,14,14,True,4178.189772232339,298.4421265880242,16875.948861161694,123,118,14,0,0.12789737500133924,0,0,0,
annex,boundary,91011,joint,smooth,0,14,14,True,5053.0445518944125,360.93175370674373,19960.222759472064,174,121,14,0,0.04251887500868179,0,0,0,
annex,boundary,91011,optical,smooth,0,14,14,True,4180.072559900263,298.57661142144735,16895.362799501312,121,117,17,3,0.11912645801203325,0,0,0,
annex,boundary,91011,phased,smooth,0,14,14,True,5083.971780484937,363.14084146320977,19284.858902424687,197,172,14,0,0.03903375001391396,0,0,0,
annex,boundary,91011,scenario,smooth,0,14,14,True,3946.0278966097844,281.85913547212743,15750.139483048923,122,116,14,0,0.49901754199527204,30,7,0,
annex,boundary,91011,scenario_future,smooth,0,14,14,True,3946.0278966097844,281.85913547212743,15750.139483048923,122,116,14,0,0.6838419159757905,30,7,0,
annex,boundary,91011,v2,smooth,0,14,14,True,3935.757917807543,281.1255655576816,15398.789589037715,132,126,14,0,0.2514269579842221,0,0,0,
annex,boundary,91011,v3,smooth,0,14,14,True,4178.189772232339,298.4421265880242,16875.948861161694,123,118,14,0,0.08903170799021609,0,0,0,
annex,boundary,91011,v3_origin20,smooth,0,14,14,True,4016.335193389893,286.8810852421352,15461.675966949464,143,139,14,0,0.10285795902018435,0,0,0,
annex,boundary,91012,future_cover,alternating,0,13,13,True,4296.546954220738,330.5036118631337,17532.734771103693,122,115,13,0,0.0720920410240069,0,0,0,
annex,boundary,91012,joint,alternating,0,13,13,True,4641.926498847288,357.0712691420991,17674.632494236437,181,137,13,0,0.023357207974186167,0,0,0,
annex,boundary,91012,optical,alternating,0,13,13,True,4303.879564279769,331.0676587907514,17589.397821398845,119,114,17,4,0.062492708006175235,0,0,0,
annex,boundary,91012,phased,alternating,0,13,13,True,5057.764530599754,389.0588100461349,19188.82265299877,197,170,13,0,0.01941479099332355,0,0,0,
annex,boundary,91012,scenario,alternating,0,13,13,True,4292.135343494002,330.16425719184633,17500.67671747001,122,117,13,0,0.24875491700368002,29,4,0,
annex,boundary,91012,scenario_future,alternating,0,13,13,True,4292.135343494002,330.16425719184633,17500.67671747001,122,117,13,0,0.2720285419782158,29,4,0,
annex,boundary,91012,v2,alternating,0,13,13,True,3830.1056652224443,294.6235127094188,14540.528326112222,144,137,13,0,0.13995466599590145,0,0,0,
annex,boundary,91012,v3,alternating,0,13,13,True,4296.546954220738,330.5036118631337,17532.734771103693,122,115,13,0,0.05102545800036751,0,0,0,
annex,boundary,91012,v3_origin20,alternating,0,13,13,True,4096.704600628345,315.1311231252573,15948.523003141729,141,137,13,0,0.054469791997689754,0,0,0,
annex,boundary,91012,future_cover,hash,0,13,13,True,4151.373627733285,319.3364329025604,16361.868138666425,137,129,13,0,0.14142070800880902,0,0,0,
annex,boundary,91012,joint,hash,0,13,13,True,4622.789177300181,355.59916748462933,17568.945886500904,181,139,13,0,0.041499000013573095,0,0,0,
annex,boundary,91012,optical,hash,0,13,13,True,4141.612847074609,318.58560362112377,16358.064235373044,133,125,18,5,0.11869779200060293,0,0,0,
annex,boundary,91012,phased,hash,0,13,13,True,5048.736354402619,388.36433495404765,19173.681772013097,196,169,13,0,0.03454079199582338,0,0,0,
annex,boundary,91012,scenario,hash,0,13,13,True,3882.927508105222,298.68673139270936,15109.63754052611,134,126,13,0,0.43776312499539927,30,7,0,
annex,boundary,91012,scenario_future,hash,0,13,13,True,3882.927508105222,298.68673139270936,15109.63754052611,134,126,13,0,0.4633920000051148,30,7,0,
annex,boundary,91012,v2,hash,0,13,13,True,3794.998888654455,291.9229914349581,14299.994443272275,146,140,13,0,0.27338462497573346,0,0,0,
annex,boundary,91012,v3,hash,0,13,13,True,4151.373627733285,319.3364329025604,16361.868138666425,137,129,13,0,0.11598000000230968,0,0,0,
annex,boundary,91012,v3_origin20,hash,0,13,13,True,3901.8950794932216,300.14577534563244,14659.475397466107,152,145,13,0,0.11428337497636676,0,0,0,
annex,boundary,91012,future_cover,minus,0,13,13,True,4291.440210988943,330.11078546068796,17502.201054944715,122,116,13,0,0.0742761250003241,0,0,0,
annex,boundary,91012,joint,minus,0,13,13,True,4655.319286793236,358.10148359947965,17741.596433966177,181,137,13,0,0.02859345800243318,0,0,0,
annex,boundary,91012,optical,minus,0,13,13,True,4291.022035670853,330.0786181285272,17510.110178354265,119,114,18,5,0.07013212502351962,0,0,0,
annex,boundary,91012,phased,minus,0,13,13,True,5175.905541402351,398.1465801078732,19779.52770701176,197,170,13,0,0.02524033299414441,0,0,0,
annex,boundary,91012,scenario,minus,0,13,13,True,4299.967669602617,330.7667438155859,17569.838348013087,121,116,13,0,0.23567745898617432,28,5,0,
annex,boundary,91012,scenario_future,minus,0,13,13,True,4299.967669602617,330.7667438155859,17569.838348013087,121,116,13,0,0.25815120799234137,28,5,0,
annex,boundary,91012,v2,minus,0,13,13,True,3797.158300898904,292.08910006914647,14490.79150449452,140,134,13,0,0.14597237500129268,0,0,0,
annex,boundary,91012,v3,minus,0,13,13,True,4291.440210988943,330.11078546068796,17502.201054944715,122,116,13,0,0.05383491699467413,0,0,0,
annex,boundary,91012,v3_origin20,minus,0,13,13,True,4112.435661585829,316.3412047373714,15972.178307929144,143,138,13,0,0.062089707993436605,0,0,0,
annex,boundary,91012,future_cover,plus,0,13,13,True,4144.7872174851145,318.82978596039345,16338.936087425573,137,127,13,0,0.10752450002473779,0,0,0,
annex,boundary,91012,joint,plus,0,13,13,True,4622.200596589095,355.55389204531497,17571.002982945476,181,138,13,0,0.027869207988260314,0,0,0,
annex,boundary,91012,optical,plus,0,13,13,True,4140.0980116689125,318.4690778206856,16340.490058344561,134,125,17,4,0.0965365840238519,0,0,0,
annex,boundary,91012,phased,plus,0,13,13,True,5047.961441976338,388.3047263058722,19139.807209881692,197,170,13,0,0.0247015829954762,0,0,0,
annex,boundary,91012,scenario,plus,0,13,13,True,3888.7225365278855,299.1325028098373,15133.612682639427,134,127,13,0,0.3218063749955036,28,5,0,
annex,boundary,91012,scenario_future,plus,0,13,13,True,3888.7225365278855,299.1325028098373,15133.612682639427,134,127,13,0,0.3495385420101229,28,5,0,
annex,boundary,91012,v2,plus,0,13,13,True,3820.0240827526504,293.8480063655885,14360.120413763252,148,143,13,0,0.20037595799658448,0,0,0,
annex,boundary,91012,v3,plus,0,13,13,True,4144.7872174851145,318.82978596039345,16338.936087425573,137,127,13,0,0.08561058400664479,0,0,0,
annex,boundary,91012,v3_origin20,plus,0,13,13,True,3919.508005729449,301.5006158253422,14657.540028647245,155,148,13,0,0.07978262499091215,0,0,0,
annex,boundary,91012,future_cover,smooth,0,13,13,True,4132.515021946379,317.8857709189523,16367.575109731897,134,124,13,0,0.1201561670168303,0,0,0,
annex,boundary,91012,joint,smooth,0,13,13,True,4644.018545110742,357.2321957777494,17690.09272555371,181,136,13,0,0.05725291700218804,0,0,0,
annex,boundary,91012,optical,smooth,0,13,13,True,4129.887944172668,317.6836880132821,16359.43972086334,132,124,16,3,0.11722108299727552,0,0,0,
annex,boundary,91012,phased,smooth,0,13,13,True,5178.82769047414,398.37136080570303,19824.1384523707,196,169,13,0,0.12026470800628886,0,0,0,
annex,boundary,91012,scenario,smooth,0,13,13,True,3865.9339879291883,297.3795375330145,15139.669939645943,130,123,13,0,0.4178511670033913,28,3,0,
annex,boundary,91012,scenario_future,smooth,0,13,13,True,3865.9339879291883,297.3795375330145,15139.669939645943,130,123,13,0,0.46072841598652303,28,3,0,
annex,boundary,91012,v2,smooth,0,13,13,True,3813.380046333731,293.33692664105627,14486.900231668656,143,136,13,0,0.30014866701094434,0,0,0,
annex,boundary,91012,v3,smooth,0,13,13,True,4132.515021946379,317.8857709189523,16367.575109731897,134,124,13,0,0.11355416601873003,0,0,0,
annex,boundary,91012,v3_origin20,smooth,0,13,13,True,3914.587479841142,301.122113833934,14702.93739920571,153,144,13,0,0.11430149999796413,0,0,0,
annex,boundary,91013,future_cover,alternating,0,13,13,True,4293.097195908621,330.2382458391247,17570.485979543104,120,114,13,0,0.05973441700916737,0,0,0,
annex,boundary,91013,joint,alternating,0,13,13,True,4957.019708475352,381.30920834425785,19190.09854237676,184,134,13,0,0.021547084004851058,0,0,0,
annex,boundary,91013,optical,alternating,0,13,13,True,4304.908081743789,331.146775518753,17609.540408718945,118,113,18,5,0.06402187500498258,0,0,0,
annex,boundary,91013,phased,alternating,0,13,13,True,5074.336612226891,390.3335855559147,19271.683061134452,197,170,13,0,0.018618709000293165,0,0,0,
annex,boundary,91013,scenario,alternating,0,13,13,True,4449.296186251756,342.2535527885966,18276.48093125878,123,114,13,0,0.25203820900060236,27,3,0,
annex,boundary,91013,scenario_future,alternating,0,13,13,True,4449.296186251756,342.2535527885966,18276.48093125878,123,114,13,0,0.2704923329874873,27,3,0,
annex,boundary,91013,v2,alternating,0,13,13,True,3970.2078816313597,305.40060627933536,15121.039408156797,148,141,13,0,0.1375422080163844,0,0,0,
annex,boundary,91013,v3,alternating,0,13,13,True,4293.097195908621,330.2382458391247,17570.485979543104,120,114,13,0,0.04881550002028234,0,0,0,
annex,boundary,91013,v3_origin20,alternating,0,13,13,True,4083.0728112902334,314.08252394540256,15925.364056451166,140,133,13,0,0.05448658301611431,0,0,0,
annex,boundary,91013,future_cover,hash,0,13,13,True,4307.588515944566,331.3529627649666,17557.94257972283,123,116,13,0,0.12784687499515712,0,0,0,
annex,boundary,91013,joint,hash,0,13,13,True,4948.045697437395,380.6188998028765,19145.228487186974,184,134,13,0,0.03675825000391342,0,0,0,
annex,boundary,91013,optical,hash,0,13,13,True,4314.464228076526,331.88186369819425,17597.321140382628,120,115,18,5,0.10482400000910275,0,0,0,
annex,boundary,91013,phased,hash,0,13,13,True,5136.10607493613,395.0850826873947,19610.530374680653,196,169,13,0,0.03084158300771378,0,0,0,
annex,boundary,91013,scenario,hash,0,13,13,True,4179.547821884278,321.50367860648294,17072.739109421393,118,110,13,0,0.43738600000506267,27,7,0,
annex,boundary,91013,scenario_future,hash,0,13,13,True,4179.547821884278,321.50367860648294,17072.739109421393,118,110,13,0,0.46508829199592583,27,7,0,
annex,boundary,91013,v2,hash,0,13,13,True,3970.7693563241764,305.44379664032124,15038.846781620883,151,143,13,0,0.2164846670057159,0,0,0,
annex,boundary,91013,v3,hash,0,13,13,True,4307.588515944566,331.3529627649666,17557.94257972283,123,116,13,0,0.09921733298688196,0,0,0,
annex,boundary,91013,v3_origin20,hash,0,13,13,True,4089.806867071784,314.6005282362911,15924.03433535892,141,135,13,0,0.10878558299737051,0,0,0,
annex,boundary,91013,future_cover,minus,0,13,13,True,4027.8000276948746,309.83077136114423,15929.000138474374,131,122,13,0,0.07229570799972862,0,0,0,
annex,boundary,91013,joint,minus,0,13,13,True,4944.749105019606,380.3653157707389,19128.74552509803,184,134,13,0,0.018685874994844198,0,0,0,
annex,boundary,91013,optical,minus,0,13,13,True,4021.39310859509,309.3379314303915,15951.96554297545,127,122,16,3,0.06998299999395385,0,0,0,
annex,boundary,91013,phased,minus,0,13,13,True,5135.963940226478,395.0741492481906,19579.81970113239,197,170,13,0,0.017919792007887736,0,0,0,
annex,boundary,91013,scenario,minus,0,13,13,True,4470.2261313293375,343.8635485637952,18331.13065664669,125,114,13,0,0.25463300000410527,29,3,0,
annex,boundary,91013,scenario_future,minus,0,13,13,True,4470.2261313293375,343.8635485637952,18331.13065664669,125,114,13,0,0.27151895800489,29,3,0,
annex,boundary,91013,v2,minus,0,13,13,True,3952.923146410924,304.07101126237876,15064.615732054619,147,140,13,0,0.1315523750090506,0,0,0,
annex,boundary,91013,v3,minus,0,13,13,True,4027.8000276948746,309.83077136114423,15929.000138474374,131,122,13,0,0.05555766701581888,0,0,0,
annex,boundary,91013,v3_origin20,minus,0,13,13,True,4129.930729793222,317.68697921486324,15844.65364896611,151,141,13,0,0.060358041984727606,0,0,0,
annex,boundary,91013,future_cover,plus,0,13,13,True,4320.632686570784,332.35636050544497,17568.163432853922,125,117,13,0,0.09437616600189358,0,0,0,
annex,boundary,91013,joint,plus,0,13,13,True,4804.632254195933,369.5870964766102,18538.161270979665,180,132,13,0,0.02357995801139623,0,0,0,
annex,boundary,91013,optical,plus,0,13,13,True,4322.571476584945,332.50549819884196,17592.857382924725,121,113,20,7,0.08843091598828323,0,0,0,
annex,boundary,91013,phased,plus,0,13,13,True,5062.066185983341,389.38970661410315,19210.330929916705,197,170,13,0,0.02452412500861101,0,0,0,
annex,boundary,91013,scenario,plus,0,13,13,True,4463.457522820057,343.34288637077367,18262.28761410029,126,116,13,0,0.3818867079971824,30,4,0,
annex,boundary,91013,scenario_future,plus,0,13,13,True,4463.457522820057,343.34288637077367,18262.28761410029,126,116,13,0,0.4084120829938911,30,4,0,
annex,boundary,91013,v2,plus,0,13,13,True,4094.850664099165,314.9885126230127,15709.253320495825,149,143,13,0,0.18142308300593868,0,0,0,
annex,boundary,91013,v3,plus,0,13,13,True,4320.632686570784,332.35636050544497,17568.163432853922,125,117,13,0,0.07307187499827705,0,0,0,
annex,boundary,91013,v3_origin20,plus,0,13,13,True,4104.673425439977,315.744109649229,15953.367127199886,143,134,13,0,0.08993495799950324,0,0,0,
annex,boundary,91013,future_cover,smooth,0,13,13,True,4294.906394457369,330.3774149582592,17579.531972286844,120,114,13,0,0.11370395898120478,0,0,0,
annex,boundary,91013,joint,smooth,0,13,13,True,4809.910396399102,369.99310741531554,18564.55198199551,180,132,13,0,0.03797416700399481,0,0,0,
annex,boundary,91013,optical,smooth,0,13,13,True,4287.191831449975,329.78398703461346,17570.959157249876,117,111,17,4,0.11102820798987523,0,0,0,
annex,boundary,91013,phased,smooth,0,13,13,True,5128.206291469641,394.47740703612624,19601.031457348203,195,168,13,0,0.031060958019224927,0,0,0,
annex,boundary,91013,scenario,smooth,0,13,13,True,4446.862188671324,342.0663222054864,18274.310943356617,123,112,13,0,0.5134029590117279,29,3,0,
annex,boundary,91013,scenario_future,smooth,0,13,13,True,4446.862188671324,342.0663222054864,18274.310943356617,123,112,13,0,0.5348518749815412,29,3,0,
annex,boundary,91013,v2,smooth,0,13,13,True,4117.841960528219,316.7570738867861,15679.209802641093,154,147,13,0,0.2667577920074109,0,0,0,
annex,boundary,91013,v3,smooth,0,13,13,True,4294.906394457369,330.3774149582592,17579.531972286844,120,114,13,0,0.09484720797627233,0,0,0,
annex,boundary,91013,v3_origin20,smooth,0,13,13,True,4095.4220415566897,315.03246473512996,15927.110207783448,142,135,13,0,0.11324366697226651,0,0,0,
annex,boundary,91014,future_cover,alternating,0,12,12,True,3932.895265271757,327.74127210597976,15384.476326358785,134,126,12,0,0.06333391700172797,0,0,0,
annex,boundary,91014,joint,alternating,0,12,12,True,4832.964297998971,402.7470248332476,18684.821489994854,181,131,12,0,0.018262708006659523,0,0,0,
annex,boundary,91014,optical,alternating,0,12,12,True,3944.865011934572,328.7387509945477,15379.325059672861,133,126,18,6,0.060544958017999306,0,0,0,
annex,boundary,91014,phased,alternating,0,12,12,True,4884.871454811621,407.0726212343018,18479.357274058108,192,169,12,0,0.015781166002852842,0,0,0,
annex,boundary,91014,scenario,alternating,0,12,12,True,4234.456231625607,352.87135263546725,17112.281158128033,127,117,12,0,0.24083991700899787,28,4,0,
annex,boundary,91014,scenario_future,alternating,0,12,12,True,4234.456231625607,352.87135263546725,17112.281158128033,127,117,12,0,0.2526179160049651,28,4,0,
annex,boundary,91014,v2,alternating,0,12,12,True,4366.813030210446,363.9010858508705,17289.065151052233,143,134,12,0,0.12906350000412203,0,0,0,
annex,boundary,91014,v3,alternating,0,12,12,True,3932.895265271757,327.74127210597976,15384.476326358785,134,126,12,0,0.049487166019389406,0,0,0,
annex,boundary,91014,v3_origin20,alternating,0,12,12,True,3839.7489730284146,319.97908108570124,14258.744865142073,156,148,12,0,0.05455829098355025,0,0,0,
annex,boundary,91014,future_cover,hash,0,12,12,True,3932.6213224458143,327.7184435371512,15373.10661222907,134,128,12,0,0.11636520799947903,0,0,0,
annex,boundary,91014,joint,hash,0,12,12,True,4883.668160530946,406.9723467109122,19188.34080265473,172,126,12,0,0.035253083013230935,0,0,0,
annex,boundary,91014,optical,hash,0,12,12,True,3942.5744962076674,328.5478746839723,15387.872481038337,132,127,18,6,0.11195429199142382,0,0,0,
annex,boundary,91014,phased,hash,0,12,12,True,4871.0851938248,405.92376615206666,18440.425969124,191,168,12,0,0.03073033399414271,0,0,0,
annex,boundary,91014,scenario,hash,0,12,12,True,4001.572124269543,333.4643436891286,15817.860621347716,131,123,12,0,0.4161019579914864,28,6,0,
annex,boundary,91014,scenario_future,hash,0,12,12,True,4001.572124269543,333.4643436891286,15817.860621347716,131,123,12,0,0.4936186670092866,28,6,0,
annex,boundary,91014,v2,hash,0,12,12,True,4337.250558417168,361.43754653476395,17196.252792085837,141,133,12,0,0.22787925001466647,0,0,0,
annex,boundary,91014,v3,hash,0,12,12,True,3932.6213224458143,327.7184435371512,15373.10661222907,134,128,12,0,0.088499082979979,0,0,0,
annex,boundary,91014,v3_origin20,hash,0,12,12,True,3884.5002009053164,323.70835007544304,14682.501004526583,149,143,12,0,0.09451399999670684,0,0,0,
annex,boundary,91014,future_cover,minus,0,12,12,True,3978.510265305861,331.54252210882174,15727.551326529307,130,123,12,0,0.07412979198852554,0,0,0,
annex,boundary,91014,joint,minus,0,12,12,True,4987.340833545149,415.6117361287624,19641.704167725744,174,129,12,0,0.018706667004153132,0,0,0,
annex,boundary,91014,optical,minus,0,12,12,True,3965.9189388801306,330.49324490667755,15739.594694400654,126,122,14,2,0.051427084021270275,0,0,0,
annex,boundary,91014,phased,minus,0,12,12,True,4898.347132988872,408.1955944157393,18546.735664944357,192,169,12,0,0.018173249991377816,0,0,0,
annex,boundary,91014,scenario,minus,0,12,12,True,4006.741038762456,333.895086563538,15878.70519381228,130,121,12,0,0.27159825002308935,28,3,0,
annex,boundary,91014,scenario_future,minus,0,12,12,True,4006.741038762456,333.895086563538,15878.70519381228,130,121,12,0,0.29436133298440836,28,3,0,
annex,boundary,91014,v2,minus,0,12,12,True,4359.259811006082,363.2716509171735,17276.29905503041,142,134,12,0,0.1289587500214111,0,0,0,
annex,boundary,91014,v3,minus,0,12,12,True,3978.510265305861,331.54252210882174,15727.551326529307,130,123,12,0,0.04756679100682959,0,0,0,
annex,boundary,91014,v3_origin20,minus,0,12,12,True,3828.821943206603,319.0684952672169,14259.109716033016,154,147,12,0,0.05404774998896755,0,0,0,
annex,boundary,91014,future_cover,plus,0,12,12,True,4226.574417012001,352.21453475100003,17017.872085060004,128,123,12,0,0.08465416598482989,0,0,0,
annex,boundary,91014,joint,plus,0,12,12,True,4891.320307358939,407.61002561324494,19226.601536794697,172,126,12,0,0.02613866701722145,0,0,0,
annex,boundary,91014,optical,plus,0,12,12,True,4240.943205625286,353.41193380210717,17034.71602812643,126,123,19,7,0.07914354099193588,0,0,0,
annex,boundary,91014,phased,plus,0,12,12,True,4868.820183599127,405.7350152999272,18399.100917995635,192,169,12,0,0.02119095899979584,0,0,0,
annex,boundary,91014,scenario,plus,0,12,12,True,4233.573203906132,352.7977669921777,17112.866019530662,126,121,12,0,0.31071691698161885,26,6,0,
annex,boundary,91014,scenario_future,plus,0,12,12,True,4233.573203906132,352.7977669921777,17112.866019530662,126,121,12,0,0.32656950000091456,26,6,0,
annex,boundary,91014,v2,plus,0,12,12,True,3908.3965159612585,325.6997096634382,14826.982579806292,148,143,12,0,0.17334475001553074,0,0,0,
annex,boundary,91014,v3,plus,0,12,12,True,4226.574417012001,352.21453475100003,17017.872085060004,128,123,12,0,0.06922049997956492,0,0,0,
annex,boundary,91014,v3_origin20,plus,0,12,12,True,4101.376157974374,341.7813464978645,15706.88078987187,151,145,12,0,0.07294549999642186,0,0,0,
annex,boundary,91014,future_cover,smooth,0,12,12,True,3984.2137104478907,332.0178092039909,15746.068552239452,130,125,12,0,0.1416748329938855,0,0,0,
annex,boundary,91014,joint,smooth,0,12,12,True,4829.943460831393,402.4952884026161,18669.717304156966,181,131,12,0,0.032480458001373336,0,0,0,
annex,boundary,91014,optical,smooth,0,12,12,True,3981.9712067601113,331.83093389667596,15744.856033800555,128,124,15,3,0.10310220802784897,0,0,0,
annex,boundary,91014,phased,smooth,0,12,12,True,4872.873230044259,406.0727691703549,18449.366150221296,191,168,12,0,0.02715941600035876,0,0,0,
annex,boundary,91014,scenario,smooth,0,12,12,True,3979.350873495564,331.612572791297,15801.754367477819,128,119,12,0,0.46528237499296665,28,5,0,
annex,boundary,91014,scenario_future,smooth,0,12,12,True,3979.350873495564,331.612572791297,15801.754367477819,128,119,12,0,0.5281194169947412,28,5,0,
annex,boundary,91014,v2,smooth,0,12,12,True,3915.6296144117696,326.30246786764747,14873.148072058848,148,141,12,0,0.25225041597150266,0,0,0,
annex,boundary,91014,v3,smooth,0,12,12,True,3984.2137104478907,332.0178092039909,15746.068552239452,130,125,12,0,0.0848800000094343,0,0,0,
annex,boundary,91014,v3_origin20,smooth,0,12,12,True,3840.7152941834674,320.0596078486223,14328.576470917336,154,145,12,0,0.10062033301801421,0,0,0,
annex,boundary,91015,future_cover,alternating,0,14,14,True,4243.9990552819245,303.14278966299463,17244.995276409623,122,115,14,0,0.07539783298852853,0,0,0,
annex,boundary,91015,joint,alternating,0,14,14,True,4818.925014049178,344.20892957494124,18499.62507024589,183,134,14,0,0.02274870901601389,0,0,0,
annex,boundary,91015,optical,alternating,0,14,14,True,4228.841290610775,302.0600921864839,17264.206453053877,117,112,17,3,0.07543974998407066,0,0,0,
annex,boundary,91015,phased,alternating,0,14,14,True,5290.504673047817,377.8931909319869,20187.523365239085,202,173,14,0,0.021632834017509595,0,0,0,
annex,boundary,91015,scenario,alternating,0,14,14,True,4249.945247677226,303.5675176912304,17334.72623838613,120,113,14,0,0.2633734160044696,30,4,0,
annex,boundary,91015,scenario_future,alternating,0,14,14,True,4249.945247677226,303.5675176912304,17334.72623838613,120,113,14,0,0.2826126660220325,30,4,0,
annex,boundary,91015,v2,alternating,0,14,14,True,4124.319778356021,294.5942698825729,16201.598891780104,137,129,14,0,0.1288508750149049,0,0,0,
annex,boundary,91015,v3,alternating,0,14,14,True,4243.9990552819245,303.14278966299463,17244.995276409623,122,115,14,0,0.05577758399886079,0,0,0,
annex,boundary,91015,v3_origin20,alternating,0,14,14,True,4084.901215255072,291.77865823250517,15834.506076275362,143,133,14,0,0.0608584999863524,0,0,0,
annex,boundary,91015,future_cover,hash,0,14,14,True,4121.483268185618,294.39166201325844,16297.416340928088,133,127,14,0,0.13259266701061279,0,0,0,
annex,boundary,91015,joint,hash,0,14,14,True,4822.127424722696,344.43767319447824,18515.637123613476,183,134,14,0,0.04806875000940636,0,0,0,
annex,boundary,91015,optical,hash,0,14,14,True,4120.851108266051,294.34650773328934,16304.255541330254,130,125,19,5,0.17795266601024196,0,0,0,
annex,boundary,91015,phased,hash,0,14,14,True,5328.121278207015,380.58009130050107,20475.606391035075,199,168,14,0,0.045028749998891726,0,0,0,
annex,boundary,91015,scenario,hash,0,14,14,True,4150.86654286086,296.4904673472043,16459.3327143043,133,124,14,0,0.5225495000195224,30,5,0,
annex,boundary,91015,scenario_future,hash,0,14,14,True,4150.86654286086,296.4904673472043,16459.3327143043,133,124,14,0,0.5301360420126002,30,5,0,
annex,boundary,91015,v2,hash,0,14,14,True,4122.105470415642,294.43610502968875,16170.52735207821,138,128,14,0,0.38395820898585953,0,0,0,
annex,boundary,91015,v3,hash,0,14,14,True,4121.483268185618,294.39166201325844,16297.416340928088,133,127,14,0,0.1052897089975886,0,0,0,
annex,boundary,91015,v3_origin20,hash,0,14,14,True,4129.844735265451,294.98890966181796,15564.223676327254,159,152,14,0,0.2495242919831071,0,0,0,
annex,boundary,91015,future_cover,minus,0,14,14,True,4267.479144482845,304.8199388916318,17272.395722414225,125,118,14,0,0.10218470802647062,0,0,0,
annex,boundary,91015,joint,minus,0,14,14,True,4813.3640938008175,343.8117209857727,18471.820469004087,183,134,14,0,0.026845707994652912,0,0,0,
annex,boundary,91015,optical,minus,0,14,14,True,4263.517420497081,304.5369586069343,17282.587102485406,120,116,21,7,0.09845970800961368,0,0,0,
annex,boundary,91015,phased,minus,0,14,14,True,5124.686409813253,366.0490292723752,19348.432049066265,202,175,14,0,0.02660845799255185,0,0,0,
annex,boundary,91015,scenario,minus,0,14,14,True,4268.804651399798,304.9146179571284,17349.02325699899,123,114,14,0,0.3409135419933591,32,4,0,
annex,boundary,91015,scenario_future,minus,0,14,14,True,4268.804651399798,304.9146179571284,17349.02325699899,123,114,14,0,0.3640179589856416,32,4,0,
annex,boundary,91015,v2,minus,0,14,14,True,4107.382501751593,293.38446441082806,16181.912508757963,135,126,14,0,0.2015247920062393,0,0,0,
annex,boundary,91015,v3,minus,0,14,14,True,4267.479144482845,304.8199388916318,17272.395722414225,125,118,14,0,0.0927067500015255,0,0,0,
annex,boundary,91015,v3_origin20,minus,0,14,14,True,4115.626155534085,293.9732968238632,15863.130777670425,147,138,14,0,0.08972512499894947,0,0,0,
annex,boundary,91015,future_cover,plus,0,14,14,True,4142.4860888504445,295.8918634893175,16317.430444252223,136,129,14,0,0.10110108298249543,0,0,0,
annex,boundary,91015,joint,plus,0,14,14,True,4824.054353239755,344.5753109456968,18525.271766198774,183,134,14,0,0.035145083005772904,0,0,0,
annex,boundary,91015,optical,plus,0,14,14,True,4144.203203072251,296.0145145051608,16351.016015361256,132,129,19,5,0.08722954100812785,0,0,0,
annex,boundary,91015,phased,plus,0,14,14,True,5268.728560525169,376.33775432322636,20078.642802625847,202,173,14,0,0.027969707996817306,0,0,0,
annex,boundary,91015,scenario,plus,0,14,14,True,4156.642328519313,296.9030234656652,16403.211642596565,136,126,14,0,0.33822866700938903,30,3,0,
annex,boundary,91015,scenario_future,plus,0,14,14,True,4156.642328519313,296.9030234656652,16403.211642596565,136,126,14,0,0.3561236249806825,30,3,0,
annex,boundary,91015,v2,plus,0,14,14,True,4028.726538930296,287.766181352164,15693.63269465148,138,130,14,0,0.19957345898728818,0,0,0,
annex,boundary,91015,v3,plus,0,14,14,True,4142.4860888504445,295.8918634893175,16317.430444252223,136,129,14,0,0.07081908400868997,0,0,0,
annex,boundary,91015,v3_origin20,plus,0,14,14,True,4145.630270225995,296.1164478732854,15583.151351129978,161,154,14,0,0.080832499981625,0,0,0,
annex,boundary,91015,future_cover,smooth,0,14,14,True,4247.489688667403,303.39212061910024,17247.448443337016,122,118,14,0,0.16027491699787788,0,0,0,
annex,boundary,91015,joint,smooth,0,14,14,True,4818.696144441467,344.1925817458191,18498.480722207336,183,134,14,0,0.04860245800227858,0,0,0,
annex,boundary,91015,optical,smooth,0,14,14,True,4223.33652963624,301.6668949740171,17266.6826481812,116,111,17,3,0.13946920898160897,0,0,0,
annex,boundary,91015,phased,smooth,0,14,14,True,5264.312433460578,376.0223166757556,20146.56216730289,199,170,14,0,0.04451750000589527,0,0,0,
annex,boundary,91015,scenario,smooth,0,14,14,True,4225.710637303481,301.8364740931058,17323.553186517405,116,111,14,0,0.48002233300940134,26,2,0,
annex,boundary,91015,scenario_future,smooth,0,14,14,True,4225.710637303481,301.8364740931058,17323.553186517405,116,111,14,0,0.533463625004515,26,2,0,
annex,boundary,91015,v2,smooth,0,14,14,True,4094.9935705485136,292.4995407534653,16174.967852742568,133,125,14,0,0.2837244170077611,0,0,0,
annex,boundary,91015,v3,smooth,0,14,14,True,4247.489688667403,303.39212061910024,17247.448443337016,122,118,14,0,0.1281158750061877,0,0,0,
annex,boundary,91015,v3_origin20,smooth,0,14,14,True,4090.8002738648474,292.2000195617748,15814.001369324238,144,138,14,0,0.12624716697609983,0,0,0,
annex,boundary,91016,future_cover,alternating,0,14,14,True,3996.9895335868146,285.4992523990582,15804.947667934073,129,121,14,0,0.07262191697373055,0,0,0,
annex,boundary,91016,joint,alternating,0,14,14,True,5000.71823981857,357.1941599870407,19763.591199092847,172,118,14,0,0.022514916985528544,0,0,0,
annex,boundary,91016,optical,alternating,0,14,14,True,4005.9417833520874,286.1386988108634,15814.708916760437,127,120,20,6,0.06901399997877888,0,0,0,
annex,boundary,91016,phased,alternating,0,14,14,True,5179.10655071347,369.93618219381926,19620.53275356735,202,175,14,0,0.022272542002610862,0,0,0,
annex,boundary,91016,scenario,alternating,0,14,14,True,3935.7110140795717,281.122215291398,15593.555070397859,126,117,14,0,0.2584551250038203,32,3,0,
annex,boundary,91016,scenario_future,alternating,0,14,14,True,3935.7110140795717,281.122215291398,15593.555070397859,126,117,14,0,0.2742895419942215,32,3,0,
annex,boundary,91016,v2,alternating,0,14,14,True,4166.220868243484,297.58720487453456,15986.104341217419,151,144,14,0,0.14998729198123328,0,0,0,
annex,boundary,91016,v3,alternating,0,14,14,True,3996.9895335868146,285.4992523990582,15804.947667934073,129,121,14,0,0.05474770799628459,0,0,0,
annex,boundary,91016,v3_origin20,alternating,0,14,14,True,3778.809055283221,269.9149325202301,14189.045276416104,147,136,14,0,0.05858599999919534,0,0,0,
annex,boundary,91016,future_cover,hash,0,14,14,True,4020.538713242583,287.1813366601845,15937.693566212916,129,118,14,0,0.2530023750150576,0,0,0,
annex,boundary,91016,joint,hash,0,14,14,True,5062.729924432411,361.62356603088654,19713.64962216206,184,130,14,0,0.0531964169931598,0,0,0,
annex,boundary,91016,optical,hash,0,14,14,True,4012.510552015564,286.60789657254026,15907.55276007782,125,115,21,7,0.1674465840042103,0,0,0,
annex,boundary,91016,phased,hash,0,14,14,True,5169.326918437217,369.2376370312298,19571.634592186085,202,175,14,0,0.050095624988898635,0,0,0,
annex,boundary,91016,scenario,hash,0,14,14,True,3937.295688323321,281.23540630880865,15626.478441616606,125,117,14,0,0.6460929590102751,32,5,0,
annex,boundary,91016,scenario_future,hash,0,14,14,True,3937.295688323321,281.23540630880865,15626.478441616606,125,117,14,0,0.5808814170013648,32,5,0,
annex,boundary,91016,v2,hash,0,14,14,True,4114.775236432712,293.91251688805085,15848.876182163556,147,140,14,0,0.2777346659859177,0,0,0,
annex,boundary,91016,v3,hash,0,14,14,True,4020.538713242583,287.1813366601845,15937.693566212916,129,118,14,0,0.12274150000303052,0,0,0,
annex,boundary,91016,v3_origin20,hash,0,14,14,True,3774.17251012554,269.5837507232529,14210.8625506277,145,137,14,0,0.13878508302150294,0,0,0,
annex,boundary,91016,future_cover,minus,0,14,14,True,4059.7391712337007,289.9813693738358,16353.695856168504,121,114,14,0,0.10288979101460427,0,0,0,
annex,boundary,91016,joint,minus,0,14,14,True,5055.663942664729,361.1188530474806,19678.319713323643,184,130,14,0,0.030282458988949656,0,0,0,
annex,boundary,91016,optical,minus,0,14,14,True,4053.498368618093,289.53559775843524,16387.491843090465,116,111,19,5,0.08466958400094882,0,0,0,
annex,boundary,91016,phased,minus,0,14,14,True,5195.723776230176,371.123126873584,19703.618881150876,202,175,14,0,0.02969916697475128,0,0,0,
annex,boundary,91016,scenario,minus,0,14,14,True,3945.968684899367,281.8549060642405,15644.843424496834,126,117,14,0,0.3432767079793848,32,3,0,
annex,boundary,91016,scenario_future,minus,0,14,14,True,3945.968684899367,281.8549060642405,15644.843424496834,126,117,14,0,0.39281333299004473,32,3,0,
annex,boundary,91016,v2,minus,0,14,14,True,4150.790856539186,296.48506118137044,15938.954282695931,150,143,14,0,0.17961279198061675,0,0,0,
annex,boundary,91016,v3,minus,0,14,14,True,4059.7391712337007,289.9813693738358,16353.695856168504,121,114,14,0,0.07199487500474788,0,0,0,
annex,boundary,91016,v3_origin20,minus,0,14,14,True,4008.298297703541,286.3070212645386,15406.491488517704,144,137,14,0,0.07949395800824277,0,0,0,
annex,boundary,91016,future_cover,plus,0,14,14,True,3996.6948624269603,285.4782044590686,15928.474312134802,125,116,14,0,0.13325549999717623,0,0,0,
annex,boundary,91016,joint,plus,0,14,14,True,5065.010207753507,361.78644341096475,19725.05103876753,184,130,14,0,0.02768625001772307,0,0,0,
annex,boundary,91016,optical,plus,0,14,14,True,4008.120955332752,286.29435395233946,15950.60477666376,124,116,18,4,0.11665958401863463,0,0,0,
annex,boundary,91016,phased,plus,0,14,14,True,5162.356226701297,368.73973047866406,19536.781133506483,202,175,14,0,0.02631287497933954,0,0,0,
annex,boundary,91016,scenario,plus,0,14,14,True,3929.6046460996704,280.68604614997645,15613.023230498351,124,117,14,0,0.5369617090036627,30,4,0,
annex,boundary,91016,scenario_future,plus,0,14,14,True,3929.6046460996704,280.68604614997645,15613.023230498351,124,117,14,0,0.6948452079959679,30,4,0,
annex,boundary,91016,v2,plus,0,14,14,True,3797.7675859540623,271.269113282433,14593.83792977031,136,129,14,0,0.17810612500761636,0,0,0,
annex,boundary,91016,v3,plus,0,14,14,True,3996.6948624269603,285.4782044590686,15928.474312134802,125,116,14,0,0.06966387497959659,0,0,0,
annex,boundary,91016,v3_origin20,plus,0,14,14,True,3794.125715035491,271.00897964539223,14225.628575177454,148,139,14,0,0.09198345799813978,0,0,0,
annex,boundary,91016,future_cover,smooth,0,14,14,True,4056.7969308216075,289.7712093444005,16333.984654108037,121,115,14,0,0.2150356250058394,0,0,0,
annex,boundary,91016,joint,smooth,0,14,14,True,5058.2399280221825,361.3028520015845,19691.199640110914,184,130,14,0,0.04508404099033214,0,0,0,
annex,boundary,91016,optical,smooth,0,14,14,True,4051.4837249249445,289.391694637496,16352.418624624723,117,111,19,5,0.13294704200234264,0,0,0,
annex,boundary,91016,phased,smooth,0,14,14,True,5162.209248303036,368.7292320216454,19596.046241515178,200,173,14,0,0.03831158298999071,0,0,0,
annex,boundary,91016,scenario,smooth,0,14,14,True,3928.1456645225817,280.5818331801844,15665.728322612908,122,115,14,0,0.5458930000022519,30,3,0,
annex,boundary,91016,scenario_future,smooth,0,14,14,True,3928.1456645225817,280.5818331801844,15665.728322612908,122,115,14,0,0.8523564580245875,30,3,0,
annex,boundary,91016,v2,smooth,0,14,14,True,3796.2931956138086,271.1637996867006,14641.465978069044,134,128,14,0,0.23611162501038052,0,0,0,
annex,boundary,91016,v3,smooth,0,14,14,True,4056.7969308216075,289.7712093444005,16333.984654108037,121,115,14,0,0.12907716698828153,0,0,0,
annex,boundary,91016,v3_origin20,smooth,0,14,14,True,4012.6735909864406,286.6195422133172,15423.367954932202,144,138,14,0,0.14083370901062153,0,0,0,
annex,boundary,91017,future_cover,alternating,0,12,12,True,3935.521883853963,327.96015698783026,15447.609419269815,132,126,12,0,0.07201087498106062,0,0,0,
annex,boundary,91017,joint,alternating,0,12,12,True,4736.61742982098,394.71811915174834,18253.0871491049,179,131,12,0,0.017573458986589685,0,0,0,
annex,boundary,91017,optical,alternating,0,12,12,True,3937.0598904418284,328.0883242034857,15470.299452209141,129,123,17,5,0.06424108298961073,0,0,0,
annex,boundary,91017,phased,alternating,0,12,12,True,4816.579581434829,401.3816317862358,18132.89790717415,192,170,12,0,0.016083624999737367,0,0,0,
annex,boundary,91017,scenario,alternating,0,12,12,True,4141.3690108694345,345.11408423911956,16596.845054347174,128,122,12,0,0.2539792080060579,27,4,0,
annex,boundary,91017,scenario_future,alternating,0,12,12,True,4141.3690108694345,345.11408423911956,16596.845054347174,128,122,12,0,0.26744895800948143,27,4,0,
annex,boundary,91017,v2,alternating,0,12,12,True,3959.0596317036116,329.92163597530094,15235.298158518057,143,137,12,0,0.11058749997755513,0,0,0,
annex,boundary,91017,v3,alternating,0,12,12,True,3935.521883853963,327.96015698783026,15447.609419269815,132,126,12,0,0.04960258299252018,0,0,0,
annex,boundary,91017,v3_origin20,alternating,0,12,12,True,3860.0193785409415,321.66828154507846,14410.096892704707,154,148,12,0,0.05635162501130253,0,0,0,
annex,boundary,91017,future_cover,hash,0,12,12,True,4383.690551367612,365.307545947301,17928.45275683806,124,118,12,0,0.1367168330179993,0,0,0,
annex,boundary,91017,joint,hash,0,12,12,True,4748.871060443495,395.7392550369579,18449.355302217475,174,129,12,0,0.03566070899250917,0,0,0,
annex,boundary,91017,optical,hash,0,12,12,True,4389.037840700183,365.7531533916819,17930.189203500915,122,115,18,6,0.1328310000244528,0,0,0,
annex,boundary,91017,phased,hash,0,12,12,True,4926.178226286517,410.5148521905431,18745.891131432585,190,167,12,0,0.029343375004827976,0,0,0,
annex,boundary,91017,scenario,hash,0,12,12,True,4340.2894737091065,361.6907894757589,17721.44736854553,124,116,12,0,0.458849167014705,27,3,0,
annex,boundary,91017,scenario_future,hash,0,12,12,True,4340.2894737091065,361.6907894757589,17721.44736854553,124,116,12,0,0.4724327080184594,27,3,0,
annex,boundary,91017,v2,hash,0,12,12,True,3877.029891012965,323.0858242510804,14730.149455064824,146,141,12,0,0.23963250001543202,0,0,0,
annex,boundary,91017,v3,hash,0,12,12,True,4383.690551367612,365.307545947301,17928.45275683806,124,118,12,0,0.12452545799897052,0,0,0,
annex,boundary,91017,v3_origin20,hash,0,12,12,True,3927.577594176363,327.29813284803026,15082.887970881815,143,136,12,0,0.1266321250004694,0,0,0,
annex,boundary,91017,future_cover,minus,0,12,12,True,3918.7057927238393,326.55881606031994,15448.528963619196,129,124,12,0,0.0866645000060089,0,0,0,
annex,boundary,91017,joint,minus,0,12,12,True,4746.44329556546,395.5369412971217,18437.2164778273,174,129,12,0,0.02276479100692086,0,0,0,
annex,boundary,91017,optical,minus,0,12,12,True,3915.424653780973,326.2853878150811,15477.123268904867,126,121,15,3,0.07546966700465418,0,0,0,
annex,boundary,91017,phased,minus,0,12,12,True,4795.229233615491,399.6024361346242,18031.146168077452,192,169,12,0,0.021522625000216067,0,0,0,
annex,boundary,91017,scenario,minus,0,12,12,True,4383.56637507415,365.2971979228458,17812.83187537075,128,121,12,0,0.3494077500072308,28,3,0,
annex,boundary,91017,scenario_future,minus,0,12,12,True,4383.56637507415,365.2971979228458,17812.83187537075,128,121,12,0,0.38318108301609755,28,3,0,
annex,boundary,91017,v2,minus,0,12,12,True,3973.4712739271886,331.12260616059905,15227.356369635943,146,138,12,0,0.17505575000541285,0,0,0,
annex,boundary,91017,v3,minus,0,12,12,True,3918.7057927238393,326.55881606031994,15448.528963619196,129,124,12,0,0.07265499999630265,0,0,0,
annex,boundary,91017,v3_origin20,minus,0,12,12,True,3848.267692164823,320.6889743470686,14436.338460824116,151,146,12,0,0.06903045900980942,0,0,0,
annex,boundary,91017,future_cover,plus,0,12,12,True,4180.050588889679,348.3375490741399,16745.25294444839,130,121,12,0,0.15181558299809694,0,0,0,
annex,boundary,91017,joint,plus,0,12,12,True,4752.88937506895,396.0741145890792,18469.44687534475,174,129,12,0,0.04968295799335465,0,0,0,
annex,boundary,91017,optical,plus,0,12,12,True,4383.757389864202,365.31311582201687,17948.78694932101,121,114,17,5,0.12028945799102075,0,0,0,
annex,boundary,91017,phased,plus,0,12,12,True,4832.306528078303,402.69221067319194,18211.532640391513,192,170,12,0,0.04279987499467097,0,0,0,
annex,boundary,91017,scenario,plus,0,12,12,True,4159.781980071652,346.6484983393043,16618.909900358256,131,121,12,0,0.4742140829912387,29,3,0,
annex,boundary,91017,scenario_future,plus,0,12,12,True,4159.781980071652,346.6484983393043,16618.909900358256,131,121,12,0,0.457401249994291,29,3,0,
annex,boundary,91017,v2,plus,0,12,12,True,3875.7772566725407,322.9814380560451,14698.886283362703,147,141,12,0,0.34876729201641865,0,0,0,
annex,boundary,91017,v3,plus,0,12,12,True,4180.050588889679,348.3375490741399,16745.25294444839,130,121,12,0,0.10489820802467875,0,0,0,
annex,boundary,91017,v3_origin20,plus,0,12,12,True,3967.858892786185,330.6549077321821,15114.294463930926,149,140,12,0,0.12877041700994596,0,0,0,
annex,boundary,91017,future_cover,smooth,0,12,12,True,3933.1544790907337,327.7628732575611,15455.772395453669,131,127,12,0,0.17371462500886992,0,0,0,
annex,boundary,91017,joint,smooth,0,12,12,True,4747.5116840119745,395.62597366766454,18442.55842005987,174,129,12,0,0.1327560829813592,0,0,0,
annex,boundary,91017,optical,smooth,0,12,12,True,3927.952812972129,327.32940108101076,15474.764064860645,127,123,17,5,0.20088304197997786,0,0,0,
annex,boundary,91017,phased,smooth,0,12,12,True,4805.6597605686,400.47164671405,18108.298802843,191,169,12,0,0.03309895898564719,0,0,0,
annex,boundary,91017,scenario,smooth,0,12,12,True,4141.7167197893905,345.1430599824492,16628.583598946952,127,121,12,0,0.5951514999906067,27,6,0,
annex,boundary,91017,scenario_future,smooth,0,12,12,True,4141.7167197893905,345.1430599824492,16628.583598946952,127,121,12,0,0.5774451660108753,27,6,0,
annex,boundary,91017,v2,smooth,0,12,12,True,3973.282866788098,331.1069055656748,15186.41433394049,147,141,12,0,0.4619400830124505,0,0,0,
annex,boundary,91017,v3,smooth,0,12,12,True,3933.1544790907337,327.7628732575611,15455.772395453669,131,127,12,0,0.11327750000054948,0,0,0,
annex,boundary,91017,v3_origin20,smooth,0,12,12,True,3878.797840500779,323.2331533750649,14433.989202503893,156,152,12,0,0.17069800000172108,0,0,0,
annex,boundary,91018,future_cover,alternating,0,10,10,True,3827.463936128856,382.7463936128856,14947.31968064428,133,123,10,0,0.05867074997513555,0,0,0,
annex,boundary,91018,joint,alternating,0,10,10,True,4222.046100487337,422.2046100487337,15950.230502436685,170,132,10,0,0.015814583020983264,0,0,0,
annex,boundary,91018,optical,alternating,0,10,10,True,3831.1749204843154,383.11749204843153,14940.874602421578,131,123,15,5,0.052965540991863236,0,0,0,
annex,boundary,91018,phased,alternating,0,10,10,True,4722.683599075812,472.26835990758116,17978.41799537906,182,167,10,0,0.013342208985704929,0,0,0,
annex,boundary,91018,scenario,alternating,0,10,10,True,3837.7295387750432,383.77295387750434,15083.647693875217,130,121,10,0,0.2079186250048224,24,3,0,
annex,boundary,91018,scenario_future,alternating,0,10,10,True,3837.7295387750432,383.77295387750434,15083.647693875217,130,121,10,0,0.219396250002319,24,3,0,
annex,boundary,91018,v2,alternating,0,10,10,True,3687.7917068432453,368.7791706843245,13878.958534216226,145,137,10,0,0.11235854201368056,0,0,0,
annex,boundary,91018,v3,alternating,0,10,10,True,3827.463936128856,382.7463936128856,14947.31968064428,133,123,10,0,0.04450070799794048,0,0,0,
annex,boundary,91018,v3_origin20,alternating,0,10,10,True,3740.551233101613,374.0551233101613,13882.756165508064,154,144,10,0,0.047358041018014774,0,0,0,
annex,boundary,91018,future_cover,hash,0,10,10,True,3790.419457340539,379.0419457340539,14952.097286702694,126,120,10,0,0.12151816702680662,0,0,0,
annex,boundary,91018,joint,hash,0,10,10,True,4413.9518628851165,441.39518628851164,16644.75931442558,179,140,10,0,0.033128707989817485,0,0,0,
annex,boundary,91018,optical,hash,0,10,10,True,3782.5377471371926,378.2537747137193,14952.688735685962,123,118,13,3,0.0883508340048138,0,0,0,
annex,boundary,91018,phased,hash,0,10,10,True,4793.196233926685,479.31962339266846,18360.98116963342,181,166,10,0,0.025210874999174848,0,0,0,
annex,boundary,91018,scenario,hash,0,10,10,True,3840.230998523219,384.02309985232193,15111.154992616095,130,118,10,0,0.4381316670041997,25,4,0,
annex,boundary,91018,scenario_future,hash,0,10,10,True,3840.230998523219,384.02309985232193,15111.154992616095,130,118,10,0,0.4714977910043672,25,4,0,
annex,boundary,91018,v2,hash,0,10,10,True,3727.9485886747557,372.79485886747557,13889.742943373778,151,145,10,0,0.18745070800650865,0,0,0,
annex,boundary,91018,v3,hash,0,10,10,True,3790.419457340539,379.0419457340539,14952.097286702694,126,120,10,0,0.09828704100800678,0,0,0,
annex,boundary,91018,v3_origin20,hash,0,10,10,True,3718.328697613369,371.8328697613369,13901.643488066846,149,143,10,0,0.11063495799317025,0,0,0,
annex,boundary,91018,future_cover,minus,0,10,10,True,3822.8251980211153,382.28251980211155,14924.125990105576,133,123,10,0,0.0891620840120595,0,0,0,
annex,boundary,91018,joint,minus,0,10,10,True,4221.758816009882,422.1758816009882,15948.794080049413,170,132,10,0,0.020859084004769102,0,0,0,
annex,boundary,91018,optical,minus,0,10,10,True,3815.746659168829,381.5746659168829,14958.733295844144,129,123,12,2,0.06986666700686328,0,0,0,
annex,boundary,91018,phased,minus,0,10,10,True,4714.876590309064,471.48765903090646,17939.38295154532,182,167,10,0,0.020185375004075468,0,0,0,
annex,boundary,91018,scenario,minus,0,10,10,True,3841.6809191427237,384.1680919142724,15073.404595713619,131,122,10,0,0.3357886660087388,25,3,0,
annex,boundary,91018,scenario_future,minus,0,10,10,True,3841.6809191427237,384.1680919142724,15073.404595713619,131,122,10,0,0.34841745800804347,25,3,0,
annex,boundary,91018,v2,minus,0,10,10,True,3680.50764437335,368.05076443733503,13867.538221866751,144,137,10,0,0.13994900000398047,0,0,0,
annex,boundary,91018,v3,minus,0,10,10,True,3822.8251980211153,382.28251980211155,14924.125990105576,133,123,10,0,0.05808466702001169,0,0,0,
annex,boundary,91018,v3_origin20,minus,0,10,10,True,3735.6826849381114,373.56826849381116,13883.413424690556,153,144,10,0,0.06108587500057183,0,0,0,
annex,boundary,91018,future_cover,plus,0,10,10,True,3806.8634010536225,380.68634010536226,14919.317005268113,130,123,10,0,0.08602625000639819,0,0,0,
annex,boundary,91018,joint,plus,0,10,10,True,4410.914830485934,441.0914830485934,16629.574152429668,179,140,10,0,0.022381291986675933,0,0,0,
annex,boundary,91018,optical,plus,0,10,10,True,3804.832576029754,380.4832576029754,14944.16288014877,126,121,15,5,0.07917012501275167,0,0,0,
annex,boundary,91018,phased,plus,0,10,10,True,4794.176748462622,479.4176748462622,18335.883742313108,182,167,10,0,0.02156495800591074,0,0,0,
annex,boundary,91018,scenario,plus,0,10,10,True,3823.1953515420664,382.3195351542066,15055.976757710332,128,122,10,0,0.32505074999062344,24,1,0,
annex,boundary,91018,scenario_future,plus,0,10,10,True,3823.1953515420664,382.3195351542066,15055.976757710332,128,122,10,0,0.34361566600273363,24,1,0,
annex,boundary,91018,v2,plus,0,10,10,True,3733.6555030272057,373.3655503027206,13893.27751513603,152,145,10,0,0.15629095799522474,0,0,0,
annex,boundary,91018,v3,plus,0,10,10,True,3806.8634010536225,380.68634010536226,14919.317005268113,130,123,10,0,0.07145829198998399,0,0,0,
annex,boundary,91018,v3_origin20,plus,0,10,10,True,3729.930510502023,372.9930510502023,13879.652552510115,152,144,10,0,0.0769267079886049,0,0,0,
annex,boundary,91018,future_cover,smooth,0,10,10,True,3824.6344492059593,382.4634449205959,14938.172246029797,133,122,10,0,0.11152979198959656,0,0,0,
annex,boundary,91018,joint,smooth,0,10,10,True,4217.753345272057,421.7753345272057,15953.766726360285,169,132,10,0,0.03210124999168329,0,0,0,
annex,boundary,91018,optical,smooth,0,10,10,True,3829.0705421979383,382.90705421979385,14960.352710989691,130,122,15,5,0.11836612501065247,0,0,0,
annex,boundary,91018,phased,smooth,0,10,10,True,4779.527310853388,477.9527310853388,18352.63655426694,179,164,10,0,0.024217041995143518,0,0,0,
annex,boundary,91018,scenario,smooth,0,10,10,True,3850.5562268184935,385.05562268184934,15092.781134092467,132,122,10,0,0.4309226250043139,26,5,0,
annex,boundary,91018,scenario_future,smooth,0,10,10,True,3850.5562268184935,385.05562268184934,15092.781134092467,132,122,10,0,0.4404692499956582,26,5,0,
annex,boundary,91018,v2,smooth,0,10,10,True,3716.5632488996566,371.6563248899657,13912.816244498283,149,139,10,0,0.2531552079890389,0,0,0,
annex,boundary,91018,v3,smooth,0,10,10,True,3824.6344492059593,382.4634449205959,14938.172246029797,133,122,10,0,0.0881839579960797,0,0,0,
annex,boundary,91018,v3_origin20,smooth,0,10,10,True,3737.085089203996,373.7085089203996,13895.42544601998,153,143,10,0,0.10130208299960941,0,0,0,
annex,boundary,91019,future_cover,alternating,0,12,12,True,4116.957650597626,343.0798042164688,16319.78825298813,134,123,12,0,0.07010083299246617,0,0,0,
annex,boundary,91019,joint,alternating,0,12,12,True,4481.136435528448,373.4280362940373,17105.682177642237,174,130,12,0,0.0198164579924196,0,0,0,
annex,boundary,91019,optical,alternating,0,12,12,True,4130.284840686852,344.19040339057096,16336.424203434257,133,123,17,5,0.07263758301269263,0,0,0,
annex,boundary,91019,phased,alternating,0,12,12,True,4945.386407305779,412.11553394214826,18766.932036528895,192,172,12,0,0.017353833973174915,0,0,0,
annex,boundary,91019,scenario,alternating,0,12,12,True,4035.95332190899,336.3294434924158,16059.76660954495,129,119,12,0,0.23712408301071264,29,2,0,
annex,boundary,91019,scenario_future,alternating,0,12,12,True,4035.95332190899,336.3294434924158,16059.76660954495,129,119,12,0,0.25995758300996386,29,2,0,
annex,boundary,91019,v2,alternating,0,12,12,True,3676.936845573601,306.4114037978001,13799.684227868005,144,137,12,0,0.13270062499213964,0,0,0,
annex,boundary,91019,v3,alternating,0,12,12,True,4116.957650597626,343.0798042164688,16319.78825298813,134,123,12,0,0.05092845900799148,0,0,0,
annex,boundary,91019,v3_origin20,alternating,0,12,12,True,3916.5025308539944,326.3752109044995,14722.51265426997,154,142,12,0,0.06099458399694413,0,0,0,
annex,boundary,91019,future_cover,hash,0,12,12,True,4079.4154739752025,339.95128949793354,16262.077369876013,129,122,12,0,0.11456845799693838,0,0,0,
annex,boundary,91019,joint,hash,0,12,12,True,4557.078371919343,379.7565309932786,17490.391859596715,174,129,12,0,0.04793833300936967,0,0,0,
annex,boundary,91019,optical,hash,0,12,12,True,4078.209005627552,339.85075046896264,16266.04502813776,127,121,15,3,0.09661962499376386,0,0,0,
annex,boundary,91019,phased,hash,0,12,12,True,5118.9244256197,426.57703546830834,19654.622128098497,191,173,12,0,0.03546716697746888,0,0,0,
annex,boundary,91019,scenario,hash,0,12,12,True,4104.965621853056,342.0804684877547,16279.82810926528,133,124,12,0,0.488340124982642,26,4,0,
annex,boundary,91019,scenario_future,hash,0,12,12,True,4104.965621853056,342.0804684877547,16279.82810926528,133,124,12,0,0.4837981669988949,26,4,0,
annex,boundary,91019,v2,hash,0,12,12,True,3787.46861661679,315.6223847180658,14422.34308308395,142,133,12,0,0.22167791600804776,0,0,0,
annex,boundary,91019,v3,hash,0,12,12,True,4079.4154739752025,339.95128949793354,16262.077369876013,129,122,12,0,0.09198262498830445,0,0,0,
annex,boundary,91019,v3_origin20,hash,0,12,12,True,3919.546289062154,326.62885742184613,14702.73144531077,155,144,12,0,0.10402358399005607,0,0,0,
annex,boundary,91019,future_cover,minus,0,12,12,True,4109.706413253614,342.4755344378012,16283.532066268072,134,123,12,0,0.09525379101978615,0,0,0,
annex,boundary,91019,joint,minus,0,12,12,True,4563.664048607361,380.3053373839468,17523.320243036807,174,129,12,0,0.028579458012245595,0,0,0,
annex,boundary,91019,optical,minus,0,12,12,True,4098.162983946096,341.513581995508,16310.814919730477,129,122,15,3,0.0818520000029821,0,0,0,
annex,boundary,91019,phased,minus,0,12,12,True,4974.150767655671,414.51256397130595,18900.753838278357,192,174,12,0,0.02348108301521279,0,0,0,
annex,boundary,91019,scenario,minus,0,12,12,True,4127.377482566736,343.948123547228,16381.88741283368,134,121,12,0,0.3114031669974793,29,3,0,
annex,boundary,91019,scenario_future,minus,0,12,12,True,4127.377482566736,343.948123547228,16381.88741283368,134,121,12,0,0.3329312500136439,29,3,0,
annex,boundary,91019,v2,minus,0,12,12,True,3668.0449721638342,305.6704143469862,13780.224860819171,143,137,12,0,0.16664358400157653,0,0,0,
annex,boundary,91019,v3,minus,0,12,12,True,4109.706413253614,342.4755344378012,16283.532066268072,134,123,12,0,0.0658562499738764,0,0,0,
annex,boundary,91019,v3_origin20,minus,0,12,12,True,3905.202929914206,325.4335774928505,14691.014649571029,153,142,12,0,0.06850787499570288,0,0,0,
annex,boundary,91019,future_cover,plus,0,12,12,True,4007.9541869208974,333.9961822434081,15944.770934604487,128,119,12,0,0.08916000000317581,0,0,0,
annex,boundary,91019,joint,plus,0,12,12,True,4554.9343039783835,379.5778586648653,17479.671519891916,174,129,12,0,0.02778599999146536,0,0,0,
annex,boundary,91019,optical,plus,0,12,12,True,4014.56646743872,334.5472056198933,15957.8323371936,127,119,15,3,0.08157045798725449,0,0,0,
annex,boundary,91019,phased,plus,0,12,12,True,4953.9798468688,412.8316539057334,18789.899234344004,192,176,12,0,0.03227125000557862,0,0,0,
annex,boundary,91019,scenario,plus,0,12,12,True,4046.4991301650084,337.20826084708403,16022.495650825042,132,122,12,0,0.30827170799602754,27,4,0,
annex,boundary,91019,scenario_future,plus,0,12,12,True,4046.4991301650084,337.20826084708403,16022.495650825042,132,122,12,0,0.3090820409997832,27,4,0,
annex,boundary,91019,v2,plus,0,12,12,True,3798.3140663350573,316.5261721945881,14451.570331675286,143,133,12,0,0.14996554199024104,0,0,0,
annex,boundary,91019,v3,plus,0,12,12,True,4007.9541869208974,333.9961822434081,15944.770934604487,128,119,12,0,0.06560724999872036,0,0,0,
annex,boundary,91019,v3_origin20,plus,0,12,12,True,3797.3919206405726,316.44932672004774,14331.959603202864,147,136,12,0,0.06868204200873151,0,0,0,
annex,boundary,91019,future_cover,smooth,0,12,12,True,4031.638563397402,335.9698802831168,16003.19281698701,130,121,12,0,0.14292033400852233,0,0,0,
annex,boundary,91019,joint,smooth,0,12,12,True,4556.734349189009,379.7278624324174,17488.671745945045,174,129,12,0,0.03497445798711851,0,0,0,
annex,boundary,91019,optical,smooth,0,12,12,True,4032.4996884266297,336.0416407022191,15987.498442133148,128,120,17,5,0.14144612499512732,0,0,0,
annex,boundary,91019,phased,smooth,0,12,12,True,5125.884161112212,427.1570134260176,19659.420805561058,192,174,12,0,0.03143508400535211,0,0,0,
annex,boundary,91019,scenario,smooth,0,12,12,True,4028.952124057433,335.74601033811945,15979.760620287165,131,118,12,0,0.4375139169860631,29,4,0,
annex,boundary,91019,scenario_future,smooth,0,12,12,True,4028.952124057433,335.74601033811945,15979.760620287165,131,118,12,0,0.4195520000066608,29,4,0,
annex,boundary,91019,v2,smooth,0,12,12,True,3676.1316817163142,306.34430680969285,13760.658408581572,145,139,12,0,0.26373154201428406,0,0,0,
annex,boundary,91019,v3,smooth,0,12,12,True,4031.638563397402,335.9698802831168,16003.19281698701,130,121,12,0,0.10409120901022106,0,0,0,
annex,boundary,91019,v3_origin20,smooth,0,12,12,True,3834.3903927368183,319.5325327280682,14391.951963684092,151,141,12,0,0.12308324998593889,0,0,0,
annex,boundary,91020,future_cover,alternating,0,13,13,True,4223.814422670795,324.90880174390725,16869.072113353974,132,125,13,0,0.0789139169792179,0,0,0,
annex,boundary,91020,joint,alternating,0,13,13,True,5100.876679980002,392.37512922923094,19939.383399900013,183,133,13,0,0.021300374995917082,0,0,0,
annex,boundary,91020,optical,alternating,0,13,13,True,4239.4781608823905,326.11370468326083,16907.390804411953,129,121,22,9,0.0781448750058189,0,0,0,
annex,boundary,91020,phased,alternating,0,13,13,True,5158.091390538862,396.77626081068166,19690.45695269431,197,170,13,0,0.01790579201770015,0,0,0,
annex,boundary,91020,scenario,alternating,0,13,13,True,4117.8294069246485,316.756108224973,16354.147034623242,132,122,13,0,0.27541641701827757,30,5,0,
annex,boundary,91020,scenario_future,alternating,0,13,13,True,4117.8294069246485,316.756108224973,16354.147034623242,132,122,13,0,0.31485004199203104,30,5,0,
annex,boundary,91020,v2,alternating,0,13,13,True,4485.231040811495,345.01777237011504,17816.15520405748,144,137,13,0,0.1401929589919746,0,0,0,
annex,boundary,91020,v3,alternating,0,13,13,True,4223.814422670795,324.90880174390725,16869.072113353974,132,125,13,0,0.060007208987371996,0,0,0,
annex,boundary,91020,v3_origin20,alternating,0,13,13,True,4175.3298304635355,321.17921772796427,15941.649152317677,155,147,13,0,0.06707116699544713,0,0,0,
annex,boundary,91020,future_cover,hash,0,13,13,True,4195.499695714176,322.73074582416734,16847.49847857088,128,121,13,0,0.13015995800378732,0,0,0,
annex,boundary,91020,joint,hash,0,13,13,True,4996.83298169619,384.3717678227838,19509.164908480947,180,130,13,0,0.036816125008044764,0,0,0,
annex,boundary,91020,optical,hash,0,13,13,True,4181.558337558054,321.6583336583118,16877.791687790268,122,116,18,5,0.10509362499578856,0,0,0,
annex,boundary,91020,phased,hash,0,13,13,True,5057.876707744724,389.06743905728644,19219.383538723618,196,169,13,0,0.030058583011850715,0,0,0,
annex,boundary,91020,scenario,hash,0,13,13,True,4100.905742352512,315.4542878732701,16279.528711762561,131,125,13,0,0.43314641699544154,19,8,0,
annex,boundary,91020,scenario_future,hash,0,13,13,True,4100.905742352512,315.4542878732701,16279.528711762561,131,125,13,0,0.43287799999234267,19,8,0,
annex,boundary,91020,v2,hash,0,13,13,True,4434.375188273913,341.10578371337795,17651.875941369566,141,134,13,0,0.2439670000167098,0,0,0,
annex,boundary,91020,v3,hash,0,13,13,True,4195.499695714176,322.73074582416734,16847.49847857088,128,121,13,0,0.08230550002190284,0,0,0,
annex,boundary,91020,v3_origin20,hash,0,13,13,True,4159.556802309439,319.9659078699569,15942.784011547197,152,146,13,0,0.10337633400922641,0,0,0,
annex,boundary,91020,future_cover,minus,0,13,13,True,4220.865681995199,324.6819755380923,16884.328409976,131,124,13,0,0.10314125000149943,0,0,0,
annex,boundary,91020,joint,minus,0,13,13,True,5009.975028306114,385.38269448508566,19544.87514153057,181,131,13,0,0.031087833980564028,0,0,0,
annex,boundary,91020,optical,minus,0,13,13,True,4207.8731062858005,323.6825466373693,16909.365531429,125,118,19,6,0.08226016699336469,0,0,0,
annex,boundary,91020,phased,minus,0,13,13,True,5053.126151847217,388.7020116805552,19165.630759236086,197,170,13,0,0.024653625005157664,0,0,0,
annex,boundary,91020,scenario,minus,0,13,13,True,4228.201609078854,325.2462776214503,17036.00804539427,127,121,13,0,0.3160737500002142,27,6,0,
annex,boundary,91020,scenario_future,minus,0,13,13,True,4228.201609078854,325.2462776214503,17036.00804539427,127,121,13,0,0.3181521660008002,27,6,0,
annex,boundary,91020,v2,minus,0,13,13,True,4457.699339761352,342.89994921241174,17648.49669880676,145,138,13,0,0.2012338750064373,0,0,0,
annex,boundary,91020,v3,minus,0,13,13,True,4220.865681995199,324.6819755380923,16884.328409976,131,124,13,0,0.07208716598688625,0,0,0,
annex,boundary,91020,v3_origin20,minus,0,13,13,True,4162.131799633977,320.163984587229,15960.658998169882,152,145,13,0,0.0723961670009885,0,0,0,
annex,boundary,91020,future_cover,plus,0,13,13,True,4095.409267523583,315.03148211719866,16222.046337617914,132,126,13,0,0.10771316700265743,0,0,0,
annex,boundary,91020,joint,plus,0,13,13,True,5100.706411557319,392.3620316582553,19938.532057786597,183,133,13,0,0.029219374991953373,0,0,0,
annex,boundary,91020,optical,plus,0,13,13,True,4088.227417549743,314.479032119211,16241.137087748717,128,123,17,4,0.09278154201456346,0,0,0,
annex,boundary,91020,phased,plus,0,13,13,True,5152.0123665545,396.30864358111535,19660.0618327725,197,170,13,0,0.028806290996726602,0,0,0,
annex,boundary,91020,scenario,plus,0,13,13,True,4122.499721997326,317.1153632305635,16362.498609986627,132,125,13,0,0.3611893329943996,30,6,0,
annex,boundary,91020,scenario_future,plus,0,13,13,True,4122.499721997326,317.1153632305635,16362.498609986627,132,125,13,0,0.3779882499948144,30,6,0,
annex,boundary,91020,v2,plus,0,13,13,True,4437.0980529662875,341.3152348435606,17700.49026483144,140,132,13,0,0.1873921660007909,0,0,0,
annex,boundary,91020,v3,plus,0,13,13,True,4095.409267523583,315.03148211719866,16222.046337617914,132,126,13,0,0.07214425000711344,0,0,0,
annex,boundary,91020,v3_origin20,plus,0,13,13,True,3918.1420757886194,301.39554429143226,14675.710378943097,154,148,13,0,0.0816957920033019,0,0,0,
annex,boundary,91020,future_cover,smooth,0,13,13,True,4130.207418096634,317.7082629305103,16326.037090483169,134,130,13,0,0.1280833330238238,0,0,0,
annex,boundary,91020,joint,smooth,0,13,13,True,5002.400977905361,384.80007522348933,19507.004889526805,181,131,13,0,0.03619558297214098,0,0,0,
annex,boundary,91020,optical,smooth,0,13,13,True,4119.1286584118425,316.8560506470648,16325.643292059212,130,127,17,4,0.11970416601980105,0,0,0,
annex,boundary,91020,phased,smooth,0,13,13,True,5037.177964709148,387.47522805454986,19205.889823545742,193,166,13,0,0.029344625014346093,0,0,0,
annex,boundary,91020,scenario,smooth,0,13,13,True,4121.706806369915,317.05436972076274,16298.534031849576,134,127,13,0,0.4654963329958264,33,6,0,
annex,boundary,91020,scenario_future,smooth,0,13,13,True,4121.706806369915,317.05436972076274,16298.534031849576,134,127,13,0,0.47653233297751285,33,6,0,
annex,boundary,91020,v2,smooth,0,13,13,True,4434.631700758018,341.1255154429245,17658.15850379009,141,133,13,0,0.24148666599649005,0,0,0,
annex,boundary,91020,v3,smooth,0,13,13,True,4130.207418096634,317.7082629305103,16326.037090483169,134,130,13,0,0.09750166701269336,0,0,0,
annex,boundary,91020,v3_origin20,smooth,0,13,13,True,3924.9591564646753,301.9199351126673,14679.795782323377,155,149,13,0,0.10883554199244827,0,0,0,
annex,boundary,91021,future_cover,alternating,0,12,12,True,4075.657486543393,339.6381238786161,15983.287432716967,138,129,12,0,0.07498637499520555,0,0,0,
annex,boundary,91021,joint,alternating,0,12,12,True,4644.161771093008,387.0134809244173,17725.80885546504,181,134,12,0,0.019453124987194315,0,0,0,
annex,boundary,91021,optical,alternating,0,12,12,True,4083.0927214053945,340.25772678378286,15980.463607026973,135,128,20,8,0.07228320802096277,0,0,0,
annex,boundary,91021,phased,alternating,0,12,12,True,4967.700958938177,413.97507991151474,18873.504794690885,192,173,12,0,0.018313582986593246,0,0,0,
annex,boundary,91021,scenario,alternating,0,12,12,True,4231.900401768997,352.6583668140831,17129.502008844986,126,116,12,0,0.24790187500184402,29,5,0,
annex,boundary,91021,scenario_future,alternating,0,12,12,True,4231.900401768997,352.6583668140831,17129.502008844986,126,116,12,0,0.26501116598956287,29,5,0,
annex,boundary,91021,v2,alternating,0,12,12,True,3830.42556058118,319.2021300484317,14407.1278029059,149,144,12,0,0.14445424999576062,0,0,0,
annex,boundary,91021,v3,alternating,0,12,12,True,4075.657486543393,339.6381238786161,15983.287432716967,138,129,12,0,0.062217791011789814,0,0,0,
annex,boundary,91021,v3_origin20,alternating,0,12,12,True,3879.008888905876,323.2507407421563,14455.04444452938,156,148,12,0,0.06237474997760728,0,0,0,
annex,boundary,91021,future_cover,hash,0,12,12,True,4053.5373867468597,337.794782228905,16012.686933734298,133,126,12,0,0.15227579098427668,0,0,0,
annex,boundary,91021,joint,hash,0,12,12,True,4496.288696226658,374.69072468555487,17236.443481133294,172,129,12,0,0.03614387501147576,0,0,0,
annex,boundary,91021,optical,hash,0,12,12,True,4054.4082003451213,337.8673500287601,16012.041001725607,131,125,16,4,0.11540287500247359,0,0,0,
annex,boundary,91021,phased,hash,0,12,12,True,4955.175793226708,412.9313161022257,18930.87896613354,188,169,12,0,0.02964045898988843,0,0,0,
annex,boundary,91021,scenario,hash,0,12,12,True,4040.3322174908444,336.69435145757035,16066.661087454222,129,122,12,0,0.48383612500038,28,6,0,
annex,boundary,91021,scenario_future,hash,0,12,12,True,4040.3322174908444,336.69435145757035,16066.661087454222,129,122,12,0,0.4654597500048112,28,6,0,
annex,boundary,91021,v2,hash,0,12,12,True,3790.468379790645,315.87236498255373,14517.341898953226,139,132,12,0,0.2125427499995567,0,0,0,
annex,boundary,91021,v3,hash,0,12,12,True,4053.5373867468597,337.794782228905,16012.686933734298,133,126,12,0,0.08812650002073497,0,0,0,
annex,boundary,91021,v3_origin20,hash,0,12,12,True,3875.7494880717886,322.9791240059824,14488.747440358944,154,148,12,0,0.09514237500843592,0,0,0,
annex,boundary,91021,future_cover,minus,0,12,12,True,4045.0503638642467,337.08753032202054,15945.251819321233,134,126,12,0,0.0701003750145901,0,0,0,
annex,boundary,91021,joint,minus,0,12,12,True,4498.800902923528,374.9000752436273,17249.00451461764,172,129,12,0,0.027540124981896952,0,0,0,
annex,boundary,91021,optical,minus,0,12,12,True,4036.0529972748373,336.3377497729031,15965.264986374186,130,124,15,3,0.06430779199581593,0,0,0,
annex,boundary,91021,phased,minus,0,12,12,True,4889.237633264942,407.4364694387452,18491.188166324708,192,171,12,0,0.028543374995933846,0,0,0,
annex,boundary,91021,scenario,minus,0,12,12,True,4050.392109962504,337.5326758302087,16026.96054981252,132,125,12,0,0.2622351250029169,28,5,0,
annex,boundary,91021,scenario_future,minus,0,12,12,True,4050.392109962504,337.5326758302087,16026.96054981252,132,125,12,0,0.27932541599147953,28,5,0,
annex,boundary,91021,v2,minus,0,12,12,True,3799.2443355199425,316.6036946266619,14531.221677599713,140,133,12,0,0.13679324998520315,0,0,0,
annex,boundary,91021,v3,minus,0,12,12,True,4045.0503638642467,337.08753032202054,15945.251819321233,134,126,12,0,0.053519291017437354,0,0,0,
annex,boundary,91021,v3_origin20,minus,0,12,12,True,3855.914350786866,321.3261958989055,14454.571753934331,152,145,12,0,0.05550924999988638,0,0,0,
annex,boundary,91021,future_cover,plus,0,12,12,True,4232.5516140763075,352.71263450635894,17037.758070381537,129,120,12,0,0.09430858300765976,0,0,0,
annex,boundary,91021,joint,plus,0,12,12,True,4646.5685420043665,387.2140451670305,17737.842710021832,181,134,12,0,0.02395512498333119,0,0,0,
annex,boundary,91021,optical,plus,0,12,12,True,4225.764229926337,352.1470191605281,17053.821149631684,124,120,17,5,0.08625087499967776,0,0,0,
annex,boundary,91021,phased,plus,0,12,12,True,4971.905071559506,414.32542262995884,18894.525357797527,192,173,12,0,0.0253392499871552,0,0,0,
annex,boundary,91021,scenario,plus,0,12,12,True,4239.7501116673075,353.31250930560896,17153.75055833654,126,119,12,0,0.3077444169903174,27,3,0,
annex,boundary,91021,scenario_future,plus,0,12,12,True,4239.7501116673075,353.31250930560896,17153.75055833654,126,119,12,0,0.3151918340008706,27,3,0,
annex,boundary,91021,v2,plus,0,12,12,True,3823.557317200974,318.6297764334145,14407.78658600487,148,142,12,0,0.17261316598160192,0,0,0,
annex,boundary,91021,v3,plus,0,12,12,True,4232.5516140763075,352.71263450635894,17037.758070381537,129,120,12,0,0.07350158301414922,0,0,0,
annex,boundary,91021,v3_origin20,plus,0,12,12,True,4079.253441617001,339.93778680141673,15706.267208085006,148,138,12,0,0.07293458300409839,0,0,0,
annex,boundary,91021,future_cover,smooth,0,12,12,True,4023.9065231413215,335.3255435951101,15979.532615706608,129,123,12,0,0.08894250000594184,0,0,0,
annex,boundary,91021,joint,smooth,0,12,12,True,4496.674806372962,374.72290053108014,17263.37403186481,171,129,12,0,0.02922991698142141,0,0,0,
annex,boundary,91021,optical,smooth,0,12,12,True,4012.5398704553418,334.37832253794517,15972.69935227671,126,122,14,2,0.07489679200807586,0,0,0,
annex,boundary,91021,phased,smooth,0,12,12,True,4881.827964147973,406.81899701233107,18514.139820739863,190,169,12,0,0.027763166988734156,0,0,0,
annex,boundary,91021,scenario,smooth,0,12,12,True,4021.0367316237016,335.08639430197513,16005.183658118507,128,120,12,0,0.38657733297441155,27,5,0,
annex,boundary,91021,scenario_future,smooth,0,12,12,True,4021.0367316237016,335.08639430197513,16005.183658118507,128,120,12,0,0.4099713330215309,27,5,0,
annex,boundary,91021,v2,smooth,0,12,12,True,3835.992810442649,319.6660675368874,14414.964052213245,150,143,12,0,0.21354774999781512,0,0,0,
annex,boundary,91021,v3,smooth,0,12,12,True,4023.9065231413215,335.3255435951101,15979.532615706608,129,123,12,0,0.06989654101198539,0,0,0,
annex,boundary,91021,v3_origin20,smooth,0,12,12,True,3872.649599895524,322.72079999129363,14473.247999477619,154,148,12,0,0.09697441599564627,0,0,0,
annex,boundary,91022,future_cover,alternating,0,14,14,True,3849.177039005058,274.9412170717898,15425.88519502529,117,109,14,0,0.08440704198437743,0,0,0,
annex,boundary,91022,joint,alternating,0,14,14,True,5186.094662552421,370.43533303945867,20245.473312762108,187,132,14,0,0.021659416990587488,0,0,0,
annex,boundary,91022,optical,alternating,0,14,14,True,3845.2286501614008,274.6591892972429,15431.143250807005,113,106,20,6,0.07528170800651424,0,0,0,
annex,boundary,91022,phased,alternating,0,14,14,True,5227.538396444082,373.3955997460058,19862.691982220407,202,175,14,0,0.021558959007961676,0,0,0,
annex,boundary,91022,scenario,alternating,0,14,14,True,3934.7356483486396,281.0525463106171,15613.678241743199,126,112,14,0,0.24110416599432938,25,5,0,
annex,boundary,91022,scenario_future,alternating,0,14,14,True,3934.7356483486396,281.0525463106171,15613.678241743199,126,112,14,0,0.25697858398780227,25,5,0,
annex,boundary,91022,v2,alternating,0,14,14,True,3963.6977634599034,283.12126881856454,15358.488817299518,139,127,14,0,0.13791104199481197,0,0,0,
annex,boundary,91022,v3,alternating,0,14,14,True,3849.177039005058,274.9412170717898,15425.88519502529,117,109,14,0,0.06587950000539422,0,0,0,
annex,boundary,91022,v3_origin20,alternating,0,14,14,True,3950.7208456694434,282.19434611924595,15343.604228347216,137,127,14,0,0.07073920901166275,0,0,0,
annex,boundary,91022,future_cover,hash,0,14,14,True,3824.296129189876,273.1640092278483,15456.48064594938,112,103,14,0,0.13492470799246803,0,0,0,
annex,boundary,91022,joint,hash,0,14,14,True,5181.622939199167,370.115924228512,20223.11469599584,187,132,14,0,0.040669042005902156,0,0,0,
annex,boundary,91022,optical,hash,0,14,14,True,3824.620675257006,273.18719108978615,15468.10337628503,110,102,17,3,0.13879212498432025,0,0,0,
annex,boundary,91022,phased,hash,0,14,14,True,5127.287214494535,366.2348010353239,19411.436072472676,200,175,14,0,0.04091929199057631,0,0,0,
annex,boundary,91022,scenario,hash,0,14,14,True,3920.972745229081,280.0694818020772,15589.863726145404,124,113,14,0,0.4654477500007488,26,6,0,
annex,boundary,91022,scenario_future,hash,0,14,14,True,3920.972745229081,280.0694818020772,15589.863726145404,124,113,14,0,0.4756835409789346,26,6,0,
annex,boundary,91022,v2,hash,0,14,14,True,3979.8528613741605,284.2752043838686,15424.264306870802,139,130,14,0,0.2516195840144064,0,0,0,
annex,boundary,91022,v3,hash,0,14,14,True,3824.296129189876,273.1640092278483,15456.48064594938,112,103,14,0,0.10044508299324661,0,0,0,
annex,boundary,91022,v3_origin20,hash,0,14,14,True,3936.9875633550832,281.21339738250595,15359.937816775417,134,125,14,0,0.11493112501921132,0,0,0,
annex,boundary,91022,future_cover,minus,0,14,14,True,3833.8522652632482,273.8465903759463,15449.261326316242,114,104,14,0,0.10002470802282915,0,0,0,
annex,boundary,91022,joint,minus,0,14,14,True,5178.060228382925,369.86144488449463,20205.301141914624,187,132,14,0,0.026172875019256026,0,0,0,
annex,boundary,91022,optical,minus,0,14,14,True,3846.781088961198,274.7700777829427,15448.905444805989,113,104,20,6,0.07950979200541042,0,0,0,
annex,boundary,91022,phased,minus,0,14,14,True,5221.541867418889,372.96727624420635,19832.709337094442,202,175,14,0,0.025795416993787512,0,0,0,
annex,boundary,91022,scenario,minus,0,14,14,True,3768.4368849692755,269.1740632120911,14802.184424846379,125,113,14,0,0.29236525000305846,25,7,0,
annex,boundary,91022,scenario_future,minus,0,14,14,True,3768.4368849692755,269.1740632120911,14802.184424846379,125,113,14,0,0.2750123339938,25,7,0,
annex,boundary,91022,v2,minus,0,14,14,True,4174.775060164036,298.19821858314543,16173.875300820184,147,135,14,0,0.11479737499030307,0,0,0,
annex,boundary,91022,v3,minus,0,14,14,True,3833.8522652632482,273.8465903759463,15449.261326316242,114,104,14,0,0.06463037498178892,0,0,0,
annex,boundary,91022,v3_origin20,minus,0,14,14,True,3930.8563524893566,280.7754537492398,15344.281762446783,134,122,14,0,0.07128762500360608,0,0,0,
annex,boundary,91022,future_cover,plus,0,14,14,True,3930.092277008648,280.72087692918916,15530.46138504324,128,114,14,0,0.11792804099968635,0,0,0,
annex,boundary,91022,joint,plus,0,14,14,True,5190.082962601344,370.7202116143817,20265.41481300672,187,132,14,0,0.03059037498314865,0,0,0,
annex,boundary,91022,optical,plus,0,14,14,True,3934.5966197221783,281.0426156944413,15552.983098610892,125,111,20,6,0.10570937499869615,0,0,0,
annex,boundary,91022,phased,plus,0,14,14,True,5374.0262572827105,383.85901837733644,20600.13128641355,202,174,14,0,0.02988879199256189,0,0,0,
annex,boundary,91022,scenario,plus,0,14,14,True,3937.3831255007526,281.2416518214823,15626.915627503762,126,112,14,0,0.3587640000041574,27,6,0,
annex,boundary,91022,scenario_future,plus,0,14,14,True,3937.3831255007526,281.2416518214823,15626.915627503762,126,112,14,0,0.3974316249950789,27,6,0,
annex,boundary,91022,v2,plus,0,14,14,True,3830.233913362977,273.5881366687841,14686.169566814886,138,133,14,0,0.17248466701130383,0,0,0,
annex,boundary,91022,v3,plus,0,14,14,True,3930.092277008648,280.72087692918916,15530.46138504324,128,114,14,0,0.08376433301600628,0,0,0,
annex,boundary,91022,v3_origin20,plus,0,14,14,True,4032.360975140565,288.0257839386118,15441.804875702826,148,134,14,0,0.10555950002162717,0,0,0,
annex,boundary,91022,future_cover,smooth,0,14,14,True,3840.1268738110343,274.2947767007882,15480.634369055171,114,104,14,0,0.1253057089925278,0,0,0,
annex,boundary,91022,joint,smooth,0,14,14,True,5112.767475729304,365.1976768378075,19868.83737864652,187,134,14,0,0.03846791700925678,0,0,0,
annex,boundary,91022,optical,smooth,0,14,14,True,3837.9051308704015,274.1360807764573,15474.525654352008,112,104,17,3,0.13337387499632314,0,0,0,
annex,boundary,91022,phased,smooth,0,14,14,True,5260.963393265743,375.78309951898166,20089.81696632872,200,173,14,0,0.038878041988937184,0,0,0,
annex,boundary,91022,scenario,smooth,0,14,14,True,3921.652010394914,280.11800074249385,16028.260051974572,109,101,14,0,0.3473892500041984,22,5,0,
annex,boundary,91022,scenario_future,smooth,0,14,14,True,3921.652010394914,280.11800074249385,16028.260051974572,109,101,14,0,0.3948383330134675,22,5,0,
annex,boundary,91022,v2,smooth,0,14,14,True,4194.98112250603,299.6415087504307,16134.90561253015,152,138,14,0,0.23518170902389102,0,0,0,
annex,boundary,91022,v3,smooth,0,14,14,True,3840.1268738110343,274.2947767007882,15480.634369055171,114,104,14,0,0.10346570800174959,0,0,0,
annex,boundary,91022,v3_origin20,smooth,0,14,14,True,3940.3231372584123,281.45165266131517,15391.615686292062,134,122,14,0,0.1481856250029523,0,0,0,
annex,boundary,91023,future_cover,alternating,0,12,12,True,4044.6921775569526,337.0576814630794,15833.460887784764,138,128,12,0,0.07099316699896008,0,0,0,
annex,boundary,91023,joint,alternating,0,12,12,True,4566.364616990674,380.53038474922283,17591.823084953372,172,128,12,0,0.020301166019635275,0,0,0,
annex,boundary,91023,optical,alternating,0,12,12,True,4046.1227489404046,337.17689574503373,15850.613744702023,134,122,20,8,0.06948762500542216,0,0,0,
annex,boundary,91023,phased,alternating,0,12,12,True,4860.739984217645,405.06166535147037,18358.699921088224,192,169,12,0,0.018884875025833026,0,0,0,
annex,boundary,91023,scenario,alternating,0,12,12,True,4150.570028318022,345.88083569316854,16607.850141590112,130,119,12,0,0.25774283398641273,28,4,0,
annex,boundary,91023,scenario_future,alternating,0,12,12,True,4150.570028318022,345.88083569316854,16607.850141590112,130,119,12,0,0.27541170801850967,28,4,0,
annex,boundary,91023,v2,alternating,0,12,12,True,3886.200373797249,323.85003114977076,14901.001868986246,142,136,12,0,0.12541849998524413,0,0,0,
annex,boundary,91023,v3,alternating,0,12,12,True,4044.6921775569526,337.0576814630794,15833.460887784764,138,128,12,0,0.054011749976780266,0,0,0,
annex,boundary,91023,v3_origin20,alternating,0,12,12,True,3952.414257696303,329.36785480802524,14827.071288481515,156,147,12,0,0.060422959009883925,0,0,0,
annex,boundary,91023,future_cover,hash,0,12,12,True,3996.1307868634963,333.01089890529136,15820.65393431748,130,122,12,0,0.11230929201701656,0,0,0,
annex,boundary,91023,joint,hash,0,12,12,True,4568.7324516496,380.72770430413334,17603.662258248,172,128,12,0,0.03639766699052416,0,0,0,
annex,boundary,91023,optical,hash,0,12,12,True,4010.3017262239446,334.19181051866207,15841.508631119723,129,122,17,5,0.11346704099560156,0,0,0,
annex,boundary,91023,phased,hash,0,12,12,True,4842.673418982913,403.55611824857607,18298.367094914567,191,168,12,0,0.030191625002771616,0,0,0,
annex,boundary,91023,scenario,hash,0,12,12,True,4014.4205950189194,334.5350495849099,15992.102975094596,127,121,12,0,0.38028241600841284,25,8,0,
annex,boundary,91023,scenario_future,hash,0,12,12,True,4014.4205950189194,334.5350495849099,15992.102975094596,127,121,12,0,0.42020170800969936,25,8,0,
annex,boundary,91023,v2,hash,0,12,12,True,3863.2768200874702,321.9397350072892,14876.384100437352,139,133,12,0,0.2094848330016248,0,0,0,
annex,boundary,91023,v3,hash,0,12,12,True,3996.1307868634963,333.01089890529136,15820.65393431748,130,122,12,0,0.08925912500126287,0,0,0,
annex,boundary,91023,v3_origin20,hash,0,12,12,True,3935.611194283711,327.9675995236426,14823.055971418555,153,146,12,0,0.10263366700382903,0,0,0,
annex,boundary,91023,future_cover,minus,0,12,12,True,4034.4557655061794,336.20464712551495,15812.278827530898,137,127,12,0,0.06558649998623878,0,0,0,
annex,boundary,91023,joint,minus,0,12,12,True,4570.32695268883,380.86057939073584,17611.634763444148,172,128,12,0,0.019367583008715883,0,0,0,
annex,boundary,91023,optical,minus,0,12,12,True,4033.8498292051745,336.1541524337645,15849.249146025872,132,123,19,7,0.06478354200953618,0,0,0,
annex,boundary,91023,phased,minus,0,12,12,True,4842.773575851201,403.5644646542667,18268.867879256002,192,169,12,0,0.017795040999772027,0,0,0,
annex,boundary,91023,scenario,minus,0,12,12,True,4032.332865715918,336.02773880965987,16031.66432857959,129,121,12,0,0.20838166700559668,25,4,0,
annex,boundary,91023,scenario_future,minus,0,12,12,True,4032.332865715918,336.02773880965987,16031.66432857959,129,121,12,0,0.22337270798743702,25,4,0,
annex,boundary,91023,v2,minus,0,12,12,True,3886.009299521166,323.8341082934305,14900.04649760583,142,136,12,0,0.13048358299420215,0,0,0,
annex,boundary,91023,v3,minus,0,12,12,True,4034.4557655061794,336.20464712551495,15812.278827530898,137,127,12,0,0.04992987497826107,0,0,0,
annex,boundary,91023,v3_origin20,minus,0,12,12,True,3933.740432225519,327.8117026854599,14813.702161127594,153,146,12,0,0.05320587501046248,0,0,0,
annex,boundary,91023,future_cover,plus,0,12,12,True,4285.5773767933815,357.1314480661151,17237.88688396691,131,123,12,0,0.0925546659855172,0,0,0,
annex,boundary,91023,joint,plus,0,12,12,True,4940.107412473893,411.67561770615777,19025.53706236947,187,140,12,0,0.02863575000083074,0,0,0,
annex,boundary,91023,optical,plus,0,12,12,True,4291.178885071708,357.5982404226423,17270.89442535854,127,118,20,8,0.09002191698527895,0,0,0,
annex,boundary,91023,phased,plus,0,12,12,True,5031.057737942141,419.25481149517844,19205.288689710706,192,170,12,0,0.027792458015028387,0,0,0,
annex,boundary,91023,scenario,plus,0,12,12,True,4294.129494145064,357.8441245120887,17350.647470725322,129,119,12,0,0.32692275001318194,26,5,0,
annex,boundary,91023,scenario_future,plus,0,12,12,True,4294.129494145064,357.8441245120887,17350.647470725322,129,119,12,0,0.35108399999444373,26,5,0,
annex,boundary,91023,v2,plus,0,12,12,True,3947.26506478231,328.93875539852587,14771.325323911551,157,148,12,0,0.1980190830072388,0,0,0,
annex,boundary,91023,v3,plus,0,12,12,True,4285.5773767933815,357.1314480661151,17237.88688396691,131,123,12,0,0.07928258401807398,0,0,0,
annex,boundary,91023,v3_origin20,plus,0,12,12,True,3961.1207241282855,330.09339367735714,14980.603620641428,152,145,12,0,0.08060262497747317,0,0,0,
annex,boundary,91023,future_cover,smooth,0,12,12,True,4124.698207673291,343.72485063944094,16433.491038366454,131,123,12,0,0.11949629100854509,0,0,0,
annex,boundary,91023,joint,smooth,0,12,12,True,4944.001240561743,412.0001033801452,19045.006202808712,187,140,12,0,0.033680374996038154,0,0,0,
annex,boundary,91023,optical,smooth,0,12,12,True,4273.487988877583,356.1239990731319,17257.439944387916,125,116,19,7,0.09931812499416992,0,0,0,
annex,boundary,91023,phased,smooth,0,12,12,True,4839.084772210976,403.2570643509146,18310.42386105488,190,167,12,0,0.026100457995198667,0,0,0,
annex,boundary,91023,scenario,smooth,0,12,12,True,4294.098044012995,357.8415036677496,17315.490220064974,130,121,12,0,0.4549723750096746,27,5,0,
annex,boundary,91023,scenario_future,smooth,0,12,12,True,4294.098044012995,357.8415036677496,17315.490220064974,130,121,12,0,0.5672082079981919,27,5,0,
annex,boundary,91023,v2,smooth,0,12,12,True,3964.8785097864115,330.40654248220096,14924.392548932057,155,145,12,0,0.22809720801888034,0,0,0,
annex,boundary,91023,v3,smooth,0,12,12,True,4124.698207673291,343.72485063944094,16433.491038366454,131,123,12,0,0.09112450000247918,0,0,0,
annex,boundary,91023,v3_origin20,smooth,0,12,12,True,3931.0234504229256,327.5852875352438,14915.117252114627,149,143,12,0,0.0962165420060046,0,0,0,
annex,boundary,91024,future_cover,alternating,0,15,15,True,4273.287217388145,284.88581449254303,17321.436086940725,124,114,15,0,0.07263174999388866,0,0,0,
annex,boundary,91024,joint,alternating,0,15,15,True,5071.647392630136,338.1098261753424,19743.23696315068,184,128,15,0,0.021924291009781882,0,0,0,
annex,boundary,91024,optical,alternating,0,15,15,True,4242.43608749746,282.82907249983066,17307.1804374873,117,112,18,3,0.06942133299889974,0,0,0,
annex,boundary,91024,phased,alternating,0,15,15,True,5541.887952861406,369.45919685742706,21299.43976430703,207,172,15,0,0.021732832974521443,0,0,0,
annex,boundary,91024,scenario,alternating,0,15,15,True,4233.170513261919,282.2113675507946,16870.852566309597,132,124,15,0,0.26657033298397437,32,4,0,
annex,boundary,91024,scenario_future,alternating,0,15,15,True,4233.170513261919,282.2113675507946,16870.852566309597,132,124,15,0,0.28082129202084616,32,4,0,
annex,boundary,91024,v2,alternating,0,15,15,True,4117.795025312073,274.5196683541382,15918.975126560366,144,139,15,0,0.14351079100742936,0,0,0,
annex,boundary,91024,v3,alternating,0,15,15,True,4273.287217388145,284.88581449254303,17321.436086940725,124,114,15,0,0.05990495899459347,0,0,0,
annex,boundary,91024,v3_origin20,alternating,0,15,15,True,4359.784525783307,290.65230171888714,17178.922628916534,143,134,15,0,0.06084474999806844,0,0,0,
annex,boundary,91024,future_cover,hash,0,15,15,True,4237.5210533253585,282.5014035550239,17252.605266626793,120,112,15,0,0.12192154201329686,0,0,0,
annex,boundary,91024,joint,hash,0,15,15,True,5058.498775889619,337.2332517259746,19677.493879448095,184,128,15,0,0.04431729202042334,0,0,0,
annex,boundary,91024,optical,hash,0,15,15,True,4233.014608153675,282.2009738769117,17275.073040768373,116,108,20,5,0.12683133297832683,0,0,0,
annex,boundary,91024,phased,hash,0,15,15,True,5530.837901869427,368.72252679129514,21274.189509347132,206,171,15,0,0.03739108398440294,0,0,0,
annex,boundary,91024,scenario,hash,0,15,15,True,4155.2845784793935,277.01897189862626,16811.422892396968,121,113,15,0,0.5231261250155512,29,5,0,
annex,boundary,91024,scenario_future,hash,0,15,15,True,4155.2845784793935,277.01897189862626,16811.422892396968,121,113,15,0,0.5844291250105016,29,5,0,
annex,boundary,91024,v2,hash,0,15,15,True,4127.303796714693,275.1535864476462,15886.518983573464,147,140,15,0,0.29957066700444557,0,0,0,
annex,boundary,91024,v3,hash,0,15,15,True,4237.5210533253585,282.5014035550239,17252.605266626793,120,112,15,0,0.1083355420269072,0,0,0,
annex,boundary,91024,v3_origin20,hash,0,15,15,True,4348.893336271661,289.92622241811074,17124.466681358303,143,134,15,0,0.12645908401464112,0,0,0,
annex,boundary,91024,future_cover,minus,0,15,15,True,4254.651599078225,283.64343993854834,17318.257995391126,121,111,15,0,0.0708753329818137,0,0,0,
annex,boundary,91024,joint,minus,0,15,15,True,5059.161618313733,337.27744122091553,19680.808091568666,184,128,15,0,0.021148791012819856,0,0,0,
annex,boundary,91024,optical,minus,0,15,15,True,4269.773558649763,284.65157057665084,17298.867793248814,121,112,21,6,0.07431270799133927,0,0,0,
annex,boundary,91024,phased,minus,0,15,15,True,5559.272556431187,370.61817042874577,21386.362782155935,207,172,15,0,0.021754916990175843,0,0,0,
annex,boundary,91024,scenario,minus,0,15,15,True,4214.6744332691815,280.9782955512788,16858.372166345907,129,123,15,0,0.233293124998454,29,3,0,
annex,boundary,91024,scenario_future,minus,0,15,15,True,4214.6744332691815,280.9782955512788,16858.372166345907,129,123,15,0,0.2474293329869397,29,3,0,
annex,boundary,91024,v2,minus,0,15,15,True,4102.303611624535,273.48690744163565,15901.518058122676,142,137,15,0,0.13248558397754095,0,0,0,
annex,boundary,91024,v3,minus,0,15,15,True,4254.651599078225,283.64343993854834,17318.257995391126,121,111,15,0,0.05846554200979881,0,0,0,
annex,boundary,91024,v3_origin20,minus,0,15,15,True,4349.554973623288,289.97033157488585,17217.77486811644,140,131,15,0,0.061077124992152676,0,0,0,
annex,boundary,91024,future_cover,plus,0,15,15,True,4196.156898011889,279.7437932007926,16720.784490059446,131,122,15,0,0.11071466701105237,0,0,0,
annex,boundary,91024,joint,plus,0,15,15,True,5439.4392842400575,362.6292856160038,21412.19642120029,190,132,15,0,0.032313708012225106,0,0,0,
annex,boundary,91024,optical,plus,0,15,15,True,4179.0028190129715,278.6001879341981,16700.014095064857,126,119,20,5,0.10739408398512751,0,0,0,
annex,boundary,91024,phased,plus,0,15,15,True,5515.690857324472,367.71272382163147,21168.45428662236,207,172,15,0,0.031071499979589134,0,0,0,
annex,boundary,91024,scenario,plus,0,15,15,True,4188.721953998162,279.2481302665441,16853.609769990806,125,118,15,0,0.4068555000121705,30,4,0,
annex,boundary,91024,scenario_future,plus,0,15,15,True,4188.721953998162,279.2481302665441,16853.609769990806,125,118,15,0,0.4373897910118103,30,4,0,
annex,boundary,91024,v2,plus,0,15,15,True,4299.575368782176,286.6383579188117,16682.87684391088,149,143,15,0,0.18823766702553257,0,0,0,
annex,boundary,91024,v3,plus,0,15,15,True,4196.156898011889,279.7437932007926,16720.784490059446,131,122,15,0,0.0878612500091549,0,0,0,
annex,boundary,91024,v3_origin20,plus,0,15,15,True,4283.788309789774,285.58588731931826,16658.941548948867,148,137,15,0,0.09266908402787521,0,0,0,
annex,boundary,91024,future_cover,smooth,0,15,15,True,4146.5567865816565,276.43711910544374,16642.78393290828,125,118,15,0,0.19146029200055636,0,0,0,
annex,boundary,91024,joint,smooth,0,15,15,True,5064.517708335929,337.6345138890619,19707.588541679645,184,128,15,0,0.033883166004670784,0,0,0,
annex,boundary,91024,optical,smooth,0,15,15,True,4139.530044504429,275.96866963362856,16657.65022252214,122,117,17,2,0.17580941700725816,0,0,0,
annex,boundary,91024,phased,smooth,0,15,15,True,5522.249194462618,368.1499462975079,21231.245972313092,206,171,15,0,0.03274479100946337,0,0,0,
annex,boundary,91024,scenario,smooth,0,15,15,True,4165.428067110068,277.6952044740045,16862.14033555034,121,113,15,0,0.7000485410098918,29,6,0,
annex,boundary,91024,scenario_future,smooth,0,15,15,True,4165.428067110068,277.6952044740045,16862.14033555034,121,113,15,0,0.767850542004453,29,6,0,
annex,boundary,91024,v2,smooth,0,15,15,True,4120.679612283684,274.7119741522456,15908.398061418422,145,139,15,0,0.34494562502368353,0,0,0,
annex,boundary,91024,v3,smooth,0,15,15,True,4146.5567865816565,276.43711910544374,16642.78393290828,125,118,15,0,0.11263220899854787,0,0,0,
annex,boundary,91024,v3_origin20,smooth,0,15,15,True,4269.562865071178,284.63752433807855,16602.81432535589,147,139,15,0,0.16938116599339992,0,0,0,
annex,boundary,91025,future_cover,alternating,0,10,10,True,3828.2980644628706,382.8298064462871,15211.490322314354,124,116,10,0,0.057600416999775916,0,0,0,
annex,boundary,91025,joint,alternating,0,10,10,True,4139.251097514456,413.9251097514456,15371.255487572282,175,140,10,0,0.01691037497948855,0,0,0,
annex,boundary,91025,optical,alternating,0,10,10,True,3826.030170303344,382.6030170303344,15215.15085151672,122,114,13,3,0.04657325000152923,0,0,0,
annex,boundary,91025,phased,alternating,0,10,10,True,4528.272819527154,452.8272819527154,16976.364097635767,182,173,10,0,0.013901124999392778,0,0,0,
annex,boundary,91025,scenario,alternating,0,10,10,True,3859.775336743006,385.9775336743006,15323.876683715029,126,115,10,0,0.207218625000678,23,3,0,
annex,boundary,91025,scenario_future,alternating,0,10,10,True,3859.775336743006,385.9775336743006,15323.876683715029,126,115,10,0,0.2164314590045251,23,3,0,
annex,boundary,91025,v2,alternating,0,10,10,True,3579.375194852438,357.9375194852438,13116.875974262191,152,146,10,0,0.11144891701405868,0,0,0,
annex,boundary,91025,v3,alternating,0,10,10,True,3828.2980644628706,382.8298064462871,15211.490322314354,124,116,10,0,0.041806875000474975,0,0,0,
annex,boundary,91025,v3_origin20,alternating,0,10,10,True,3775.8404400179434,377.5840440017943,14174.202200089716,150,141,10,0,0.04933533401344903,0,0,0,
annex,boundary,91025,future_cover,hash,0,10,10,True,3701.8787055820376,370.18787055820377,14094.393527910188,140,133,10,0,0.08617020800011232,0,0,0,
annex,boundary,91025,joint,hash,0,10,10,True,4141.72810671255,414.172810671255,15383.640533562746,175,140,10,0,0.028474582999479026,0,0,0,
annex,boundary,91025,optical,hash,0,10,10,True,3698.767631391813,369.8767631391813,14108.838156959066,138,131,12,2,0.08314866700675339,0,0,0,
annex,boundary,91025,phased,hash,0,10,10,True,4699.644063200389,469.96440632003885,17903.22031600194,180,169,10,0,0.02198741599568166,0,0,0,
annex,boundary,91025,scenario,hash,0,10,10,True,3814.7888154591374,381.47888154591374,14718.944077295688,139,126,10,0,0.45533745898865163,28,2,0,
annex,boundary,91025,scenario_future,hash,0,10,10,True,3814.7888154591374,381.47888154591374,14718.944077295688,139,126,10,0,0.45275679099722765,28,2,0,
annex,boundary,91025,v2,hash,0,10,10,True,3590.2489249222804,359.02489249222805,13176.244624611401,152,145,10,0,0.24967054100125097,0,0,0,
annex,boundary,91025,v3,hash,0,10,10,True,3701.8787055820376,370.18787055820377,14094.393527910188,140,133,10,0,0.07237829099176452,0,0,0,
annex,boundary,91025,v3_origin20,hash,0,10,10,True,3620.0375745933065,362.00375745933064,13030.187872966533,162,154,10,0,0.09215695798047818,0,0,0,
annex,boundary,91025,future_cover,minus,0,10,10,True,3711.0597964442804,371.10597964442803,14100.298982221402,142,131,10,0,0.053034915996249765,0,0,0,
annex,boundary,91025,joint,minus,0,10,10,True,4144.624330742314,414.4624330742314,15398.121653711567,175,140,10,0,0.013922874990385026,0,0,0,
annex,boundary,91025,optical,minus,0,10,10,True,3714.806238587767,371.4806238587767,14164.031192938835,138,130,14,4,0.05331333298818208,0,0,0,
annex,boundary,91025,phased,minus,0,10,10,True,4519.905183173059,451.99051831730594,16934.5259158653,182,173,10,0,0.012573416985105723,0,0,0,
annex,boundary,91025,scenario,minus,0,10,10,True,3690.9474281637267,369.0947428163727,14264.737140818634,133,123,10,0,0.19785770800081082,24,3,0,
annex,boundary,91025,scenario_future,minus,0,10,10,True,3690.9474281637267,369.0947428163727,14264.737140818634,133,123,10,0,0.2037657920154743,24,3,0,
annex,boundary,91025,v2,minus,0,10,10,True,3581.034427597898,358.1034427597898,13155.172137989488,151,145,10,0,0.10515641700476408,0,0,0,
annex,boundary,91025,v3,minus,0,10,10,True,3711.0597964442804,371.10597964442803,14100.298982221402,142,131,10,0,0.04363708299933933,0,0,0,
annex,boundary,91025,v3_origin20,minus,0,10,10,True,3598.5917461882104,359.85917461882104,12987.958730941053,160,151,10,0,0.0474368340219371,0,0,0,
annex,boundary,91025,future_cover,plus,0,10,10,True,3820.2189642024673,382.0218964202467,15196.094821012337,123,116,10,0,0.07990879198769107,0,0,0,
annex,boundary,91025,joint,plus,0,10,10,True,4484.991419367994,448.49914193679945,17139.95709683997,174,137,10,0,0.02093279201653786,0,0,0,
annex,boundary,91025,optical,plus,0,10,10,True,3826.5217242758995,382.65217242758996,15207.608621379497,122,116,13,3,0.07096316697425209,0,0,0,
annex,boundary,91025,phased,plus,0,10,10,True,4716.954410547018,471.69544105470175,17929.772052735087,182,171,10,0,0.021441833989229053,0,0,0,
annex,boundary,91025,scenario,plus,0,10,10,True,3857.7834024572,385.77834024571996,15328.917012286,125,117,10,0,0.2753789589914959,22,2,0,
annex,boundary,91025,scenario_future,plus,0,10,10,True,3857.7834024572,385.77834024571996,15328.917012286,125,117,10,0,0.3013910829904489,22,2,0,
annex,boundary,91025,v2,plus,0,10,10,True,3823.086990394874,382.3086990394874,14310.434951974372,153,146,10,0,0.15821991598932073,0,0,0,
annex,boundary,91025,v3,plus,0,10,10,True,3820.2189642024673,382.0218964202467,15196.094821012337,123,116,10,0,0.06527937497594394,0,0,0,
annex,boundary,91025,v3_origin20,plus,0,10,10,True,3763.594737259344,376.35947372593444,14162.97368629672,148,141,10,0,0.06329037499381229,0,0,0,
annex,boundary,91025,future_cover,smooth,0,10,10,True,3865.755432310193,386.5755432310193,15218.777161550965,130,122,10,0,0.09891558298841119,0,0,0,
annex,boundary,91025,joint,smooth,0,10,10,True,4487.31688673574,448.731688673574,17151.5844336787,174,137,10,0,0.05572083298466168,0,0,0,
annex,boundary,91025,optical,smooth,0,10,10,True,3865.416581842414,386.5416581842414,15232.08290921207,127,119,15,5,0.10250083400751464,0,0,0,
annex,boundary,91025,phased,smooth,0,10,10,True,4746.629008409144,474.6629008409144,18088.145042045722,182,169,10,0,0.05569695800659247,0,0,0,
annex,boundary,91025,scenario,smooth,0,10,10,True,3699.892902750699,369.9892902750699,14259.464513753494,135,123,10,0,0.35985733300913125,25,4,0,
annex,boundary,91025,scenario_future,smooth,0,10,10,True,3699.892902750699,369.9892902750699,14259.464513753494,135,123,10,0,0.355661790992599,25,4,0,
annex,boundary,91025,v2,smooth,0,10,10,True,3821.75817120189,382.175817120189,14248.790856009451,155,147,10,0,0.5943959169962909,0,0,0,
annex,boundary,91025,v3,smooth,0,10,10,True,3865.755432310193,386.5755432310193,15218.777161550965,130,122,10,0,0.35636558398255147,0,0,0,
annex,boundary,91025,v3_origin20,smooth,0,10,10,True,3785.465172501901,378.5465172501901,14187.325862509506,151,143,10,0,0.10994954098714516,0,0,0,
annex,boundary,91026,future_cover,alternating,0,14,14,True,4367.014132731234,311.92958090937384,17945.07066365617,119,113,14,0,0.07748612502473406,0,0,0,
annex,boundary,91026,joint,alternating,0,14,14,True,5158.359153395347,368.4542252425248,20416.795766976735,176,125,14,0,0.020904250006424263,0,0,0,
annex,boundary,91026,optical,alternating,0,14,14,True,4376.873505857893,312.63382184699236,17979.367529289466,116,113,20,6,0.06440595799358562,0,0,0,
annex,boundary,91026,phased,alternating,0,14,14,True,5082.281540615747,363.0201100439819,19116.407703078734,202,179,14,0,0.019284041016362607,0,0,0,
annex,boundary,91026,scenario,alternating,0,14,14,True,4111.785715018267,293.69897964416197,16333.928575091337,131,120,14,0,0.26739758398616686,29,8,0,
annex,boundary,91026,scenario_future,alternating,0,14,14,True,4111.785715018267,293.69897964416197,16333.928575091337,131,120,14,0,0.3087014160118997,29,8,0,
annex,boundary,91026,v2,alternating,0,14,14,True,4522.09934778178,323.00709627012714,18200.4967389089,137,127,14,0,0.14278045800165273,0,0,0,
annex,boundary,91026,v3,alternating,0,14,14,True,4367.014132731234,311.92958090937384,17945.07066365617,119,113,14,0,0.05165670899441466,0,0,0,
annex,boundary,91026,v3_origin20,alternating,0,14,14,True,4293.300584467992,306.66432746199945,16926.50292233996,141,133,14,0,0.0601979999919422,0,0,0,
annex,boundary,91026,future_cover,hash,0,14,14,True,4367.866086319682,311.99043473712015,17944.33043159841,119,114,14,0,0.13542279199464247,0,0,0,
annex,boundary,91026,joint,hash,0,14,14,True,5125.605073144517,366.11464808175117,20278.025365722584,175,125,14,0,0.03984662497532554,0,0,0,
annex,boundary,91026,optical,hash,0,14,14,True,4383.522918920728,313.10877992290915,17967.61459460364,117,114,21,7,0.11319079098757356,0,0,0,
annex,boundary,91026,phased,hash,0,14,14,True,5061.042810693265,361.5030579066618,19105.214053466323,199,175,14,0,0.03561095899203792,0,0,0,
annex,boundary,91026,scenario,hash,0,14,14,True,4138.474084562831,295.60529175448795,16572.370422814158,127,119,14,0,0.40212566702393815,26,7,0,
annex,boundary,91026,scenario_future,hash,0,14,14,True,4138.474084562831,295.60529175448795,16572.370422814158,127,119,14,0,0.43686233297921717,26,7,0,
annex,boundary,91026,v2,hash,0,14,14,True,4503.843243785619,321.7030888418299,18139.216218928097,136,126,14,0,0.22611400001915172,0,0,0,
annex,boundary,91026,v3,hash,0,14,14,True,4367.866086319682,311.99043473712015,17944.33043159841,119,114,14,0,0.08916574998875149,0,0,0,
annex,boundary,91026,v3_origin20,hash,0,14,14,True,4299.547525597796,307.1105375426997,16922.737627988983,142,135,14,0,0.09834266698453575,0,0,0,
annex,boundary,91026,future_cover,minus,0,14,14,True,4388.540064482173,313.46714746301234,17992.700322410867,121,115,14,0,0.08410237499629147,0,0,0,
annex,boundary,91026,joint,minus,0,14,14,True,5116.9678847819205,365.49770605585144,20189.8394239096,176,129,14,0,0.022051041974918917,0,0,0,
annex,boundary,91026,optical,minus,0,14,14,True,4400.218869882076,314.30134784871973,17996.09434941038,119,115,21,7,0.06523008298245259,0,0,0,
annex,boundary,91026,phased,minus,0,14,14,True,5279.916158123846,377.13686843741755,20104.58079061923,202,179,14,0,0.02108983401558362,0,0,0,
annex,boundary,91026,scenario,minus,0,14,14,True,4133.230314532453,295.2307367523181,16406.151572662264,132,122,14,0,0.2761442079790868,31,7,0,
annex,boundary,91026,scenario_future,minus,0,14,14,True,4133.230314532453,295.2307367523181,16406.151572662264,132,122,14,0,0.2886944579950068,31,7,0,
annex,boundary,91026,v2,minus,0,14,14,True,4021.226310195954,287.2304507282824,15551.13155097977,142,131,14,0,0.1371514170023147,0,0,0,
annex,boundary,91026,v3,minus,0,14,14,True,4388.540064482173,313.46714746301234,17992.700322410867,121,115,14,0,0.05436370801180601,0,0,0,
annex,boundary,91026,v3_origin20,minus,0,14,14,True,4313.407473279717,308.10053380569406,16997.037366398585,142,134,14,0,0.05630391600425355,0,0,0,
annex,boundary,91026,future_cover,plus,0,14,14,True,4133.5845747790245,295.25604105564463,16292.92287389512,136,125,14,0,0.10514208301901817,0,0,0,
annex,boundary,91026,joint,plus,0,14,14,True,5129.165024133206,366.368930295229,20250.82512066603,176,129,14,0,0.034537875006208196,0,0,0,
annex,boundary,91026,optical,plus,0,14,14,True,4122.9619896969325,294.4972849783523,16319.80994848466,130,121,20,6,0.09116350000840612,0,0,0,
annex,boundary,91026,phased,plus,0,14,14,True,5066.1657094704315,361.868979247888,19035.828547352157,202,179,14,0,0.02727029100060463,0,0,0,
annex,boundary,91026,scenario,plus,0,14,14,True,4098.9350427609625,292.7810744829259,16214.675213804814,133,121,14,0,0.3399559579847846,30,8,0,
annex,boundary,91026,scenario_future,plus,0,14,14,True,4098.9350427609625,292.7810744829259,16214.675213804814,133,121,14,0,0.36091604200191796,30,8,0,
annex,boundary,91026,v2,plus,0,14,14,True,4531.507047562939,323.6790748259242,18162.535237814696,140,129,14,0,0.20537854099529795,0,0,0,
annex,boundary,91026,v3,plus,0,14,14,True,4133.5845747790245,295.25604105564463,16292.92287389512,136,125,14,0,0.0744137080037035,0,0,0,
annex,boundary,91026,v3_origin20,plus,0,14,14,True,3972.871630235738,283.77654501683844,14854.35815117869,157,147,14,0,0.08576112499576993,0,0,0,
annex,boundary,91026,future_cover,smooth,0,14,14,True,4376.280404188561,312.59145744204005,17931.402020942805,121,115,14,0,0.11718245898373425,0,0,0,
annex,boundary,91026,joint,smooth,0,14,14,True,5121.779668047587,365.8414048605419,20213.898340237934,176,129,14,0,0.031615749991033226,0,0,0,
annex,boundary,91026,optical,smooth,0,14,14,True,4361.301081848176,311.5215058462983,17951.505409240883,115,111,19,5,0.10050483301165514,0,0,0,
annex,boundary,91026,phased,smooth,0,14,14,True,5288.408952505481,377.7434966075343,20177.044762527403,201,178,14,0,0.030122083000605926,0,0,0,
annex,boundary,91026,scenario,smooth,0,14,14,True,4154.416683034893,296.74404878820667,16577.083415174468,130,119,14,0,0.3917911660100799,30,7,0,
annex,boundary,91026,scenario_future,smooth,0,14,14,True,4154.416683034893,296.74404878820667,16577.083415174468,130,119,14,0,0.41359483398264274,30,7,0,
annex,boundary,91026,v2,smooth,0,14,14,True,4521.389864543673,322.95641889597664,18131.949322718363,139,130,14,0,0.21317812500637956,0,0,0,
annex,boundary,91026,v3,smooth,0,14,14,True,4376.280404188561,312.59145744204005,17931.402020942805,121,115,14,0,0.07686920900596306,0,0,0,
annex,boundary,91026,v3_origin20,smooth,0,14,14,True,4301.873545066908,307.27668179049346,16904.36772533454,143,136,14,0,0.08447729199542664,0,0,0,
annex,boundary,91027,future_cover,alternating,0,16,16,True,4452.934360837366,278.30839755233535,18209.671804186826,123,116,16,0,0.09491275000618771,0,0,0,
annex,boundary,91027,joint,alternating,0,16,16,True,4823.032768908243,301.4395480567652,18755.163844541217,174,122,16,0,0.02413879201048985,0,0,0,
annex,boundary,91027,optical,alternating,0,16,16,True,4437.405202950961,277.3378251844351,18182.026014754807,119,111,21,5,0.08903354199719615,0,0,0,
annex,boundary,91027,phased,alternating,0,16,16,True,5334.600474943863,333.41252968399147,20098.00237471932,211,180,16,0,0.02411066700005904,0,0,0,
annex,boundary,91027,scenario,alternating,0,16,16,True,4250.875341937346,265.67970887108413,17109.37670968673,127,114,16,0,0.2630977910012007,31,8,0,
annex,boundary,91027,scenario_future,alternating,0,16,16,True,4250.875341937346,265.67970887108413,17109.37670968673,127,114,16,0,0.28465112499543466,31,8,0,
annex,boundary,91027,v2,alternating,0,16,16,True,4350.392429843976,271.8995268652485,17246.962149219882,138,131,16,0,0.16007787501439452,0,0,0,
annex,boundary,91027,v3,alternating,0,16,16,True,4452.934360837366,278.30839755233535,18209.671804186826,123,116,16,0,0.06588050001300871,0,0,0,
annex,boundary,91027,v3_origin20,alternating,0,16,16,True,4248.772199108521,265.54826244428256,16678.860995542604,140,133,16,0,0.06847887500771321,0,0,0,
annex,boundary,91027,future_cover,hash,0,16,16,True,4456.587454110382,278.5367158818989,18197.93727055191,124,117,16,0,0.1678335829928983,0,0,0,
annex,boundary,91027,joint,hash,0,16,16,True,5546.582967949718,346.6614354968574,22052.91483974859,186,126,16,0,0.046571292012231424,0,0,0,
annex,boundary,91027,optical,hash,0,16,16,True,4442.616052884955,277.6635033053097,18223.080264424774,118,113,21,5,0.14142045899643563,0,0,0,
annex,boundary,91027,phased,hash,0,16,16,True,5317.199591691306,332.3249744807066,20070.99795845653,209,178,16,0,0.04472249999525957,0,0,0,
annex,boundary,91027,scenario,hash,0,16,16,True,4244.717214895766,265.2948259309854,17103.58607447883,126,114,16,0,0.437087457976304,29,5,0,
annex,boundary,91027,scenario_future,hash,0,16,16,True,4244.717214895766,265.2948259309854,17103.58607447883,126,114,16,0,0.4736691250000149,29,5,0,
annex,boundary,91027,v2,hash,0,16,16,True,3749.469446822269,234.34184042639183,14512.347234111347,129,122,16,0,0.2591191249957774,0,0,0,
annex,boundary,91027,v3,hash,0,16,16,True,4456.587454110382,278.5367158818989,18197.93727055191,124,117,16,0,0.11143766698660329,0,0,0,
annex,boundary,91027,v3_origin20,hash,0,16,16,True,4256.277965341512,266.0173728338445,16671.38982670756,142,132,16,0,0.11961212501046248,0,0,0,
annex,boundary,91027,future_cover,minus,0,16,16,True,4298.639544472093,268.6649715295058,17138.197722360466,134,121,16,0,0.10639887501019984,0,0,0,
annex,boundary,91027,joint,minus,0,16,16,True,5563.9577280492695,347.74735800307934,22139.78864024635,186,126,16,0,0.025945875007892027,0,0,0,
annex,boundary,91027,optical,minus,0,16,16,True,4294.018604674135,268.3761627921334,17160.09302337067,129,119,22,6,0.08645099998102523,0,0,0,
annex,boundary,91027,phased,minus,0,16,16,True,5318.715091000503,332.41969318753144,20018.575455002516,211,180,16,0,0.022324707999359816,0,0,0,
annex,boundary,91027,scenario,minus,0,16,16,True,4244.762998055949,265.2976873784968,17078.814990279745,127,114,16,0,0.35209316699183546,30,5,0,
annex,boundary,91027,scenario_future,minus,0,16,16,True,4244.762998055949,265.2976873784968,17078.814990279745,127,114,16,0,0.36666508301277645,30,5,0,
annex,boundary,91027,v2,minus,0,16,16,True,4375.733085186365,273.48331782414783,17263.665425931827,142,133,16,0,0.16762387499329634,0,0,0,
annex,boundary,91027,v3,minus,0,16,16,True,4298.639544472093,268.6649715295058,17138.197722360466,134,121,16,0,0.06584833300439641,0,0,0,
annex,boundary,91027,v3_origin20,minus,0,16,16,True,4099.754768028836,256.23467300180226,15678.773840144182,149,139,16,0,0.06938974998774938,0,0,0,
annex,boundary,91027,future_cover,plus,0,16,16,True,4460.5891247021955,278.7868202938872,18192.94562351098,125,117,16,0,0.13287562498589978,0,0,0,
annex,boundary,91027,joint,plus,0,16,16,True,5545.328978440286,346.58306115251787,22046.644892201428,186,126,16,0,0.03420920798089355,0,0,0,
annex,boundary,91027,optical,plus,0,16,16,True,4478.429399352803,279.90183745955017,18197.14699676401,123,117,25,9,0.12194420900777914,0,0,0,
annex,boundary,91027,phased,plus,0,16,16,True,5349.293983166625,334.3308739479141,20171.469915833128,211,180,16,0,0.03568287499365397,0,0,0,
annex,boundary,91027,scenario,plus,0,16,16,True,4253.4410679789235,265.8400667486827,17012.20533989462,131,116,16,0,0.34694341602153145,24,8,0,
annex,boundary,91027,scenario_future,plus,0,16,16,True,4253.4410679789235,265.8400667486827,17012.20533989462,131,116,16,0,0.3825463750108611,24,8,0,
annex,boundary,91027,v2,plus,0,16,16,True,3760.4092530537664,235.0255783158604,14562.046265268831,129,123,16,0,0.183862208010396,0,0,0,
annex,boundary,91027,v3,plus,0,16,16,True,4460.5891247021955,278.7868202938872,18192.94562351098,125,117,16,0,0.08274583300226368,0,0,0,
annex,boundary,91027,v3_origin20,plus,0,16,16,True,4240.206693852842,265.01291836580265,16641.03346926421,140,132,16,0,0.09092124999733642,0,0,0,
annex,boundary,91027,future_cover,smooth,0,16,16,True,4255.912180114325,265.9945112571453,17114.560900571625,127,118,16,0,0.11030037500313483,0,0,0,
annex,boundary,91027,joint,smooth,0,16,16,True,5550.87290158801,346.9295563492506,22079.36450794005,186,125,16,0,0.03858837499865331,0,0,0,
annex,boundary,91027,optical,smooth,0,16,16,True,4253.481618326822,265.8426011454264,17122.40809163411,124,117,20,4,0.10125199999311008,0,0,0,
annex,boundary,91027,phased,smooth,0,16,16,True,5303.515429337656,331.4697143336035,20037.577146688283,208,176,16,0,0.040543625014834106,0,0,0,
annex,boundary,91027,scenario,smooth,0,16,16,True,4275.864615234682,267.2415384521676,17194.32307617341,128,117,16,0,0.3481285420130007,29,8,0,
annex,boundary,91027,scenario_future,smooth,0,16,16,True,4275.864615234682,267.2415384521676,17194.32307617341,128,117,16,0,0.370408334012609,29,8,0,
annex,boundary,91027,v2,smooth,0,16,16,True,3749.7063427880084,234.35664642425053,14508.531713940043,129,123,16,0,0.19963499999721535,0,0,0,
annex,boundary,91027,v3,smooth,0,16,16,True,4255.912180114325,265.9945112571453,17114.560900571625,127,118,16,0,0.0774559169949498,0,0,0,
annex,boundary,91027,v3_origin20,smooth,0,16,16,True,4099.402592243488,256.212662015218,15677.012961217437,149,139,16,0,0.09412125000380911,0,0,0,
annex,boundary,91028,future_cover,alternating,0,10,10,True,4074.18851757882,407.418851757882,16180.942587894102,133,123,10,0,0.062303499988047406,0,0,0,
annex,boundary,91028,joint,alternating,0,10,10,True,4192.0641448654005,419.20641448654004,15665.320724327003,174,139,10,0,0.016458792000776157,0,0,0,
annex,boundary,91028,optical,alternating,0,10,10,True,4078.9685036454575,407.89685036454574,16194.842518227288,130,122,16,6,0.054379417008021846,0,0,0,
annex,boundary,91028,phased,alternating,0,10,10,True,4634.3490443738,463.43490443738,17536.745221869,182,167,10,0,0.01307258300948888,0,0,0,
annex,boundary,91028,scenario,alternating,0,10,10,True,3749.060834841825,374.9060834841825,14840.304174209125,123,116,10,0,0.21783520898316056,23,4,0,
annex,boundary,91028,scenario_future,alternating,0,10,10,True,3749.060834841825,374.9060834841825,14840.304174209125,123,116,10,0,0.229862125008367,23,4,0,
annex,boundary,91028,v2,alternating,0,10,10,True,3721.722563268412,372.1722563268412,13833.61281634206,152,145,10,0,0.11608399997930974,0,0,0,
annex,boundary,91028,v3,alternating,0,10,10,True,4074.18851757882,407.418851757882,16180.942587894102,133,123,10,0,0.04644220901536755,0,0,0,
annex,boundary,91028,v3_origin20,alternating,0,10,10,True,3700.169390450067,370.0169390450067,13700.846952250335,153,145,10,0,0.053679500008001924,0,0,0,
annex,boundary,91028,future_cover,hash,0,10,10,True,4070.289307605389,407.02893076053886,16161.446538026945,133,123,10,0,0.10850662499433383,0,0,0,
annex,boundary,91028,joint,hash,0,10,10,True,4553.661954543106,455.36619545431057,17463.30977271553,175,136,10,0,0.02996037498814985,0,0,0,
annex,boundary,91028,optical,hash,0,10,10,True,4050.860722411113,405.0860722411113,16194.303612055564,127,118,13,3,0.09521179102011956,0,0,0,
annex,boundary,91028,phased,hash,0,10,10,True,4621.394320197649,462.1394320197649,17501.971600988243,181,166,10,0,0.025596708001103252,0,0,0,
annex,boundary,91028,scenario,hash,0,10,10,True,3777.588736789404,377.7588736789404,14877.94368394702,127,117,10,0,0.4309900829975959,24,8,0,
annex,boundary,91028,scenario_future,hash,0,10,10,True,3777.588736789404,377.7588736789404,14877.94368394702,127,117,10,0,0.4813440420257393,24,8,0,
annex,boundary,91028,v2,hash,0,10,10,True,3824.580721750369,382.4580721750369,14457.903608751843,148,143,10,0,0.21451766701648012,0,0,0,
annex,boundary,91028,v3,hash,0,10,10,True,4070.289307605389,407.02893076053886,16161.446538026945,133,123,10,0,0.08286945897270925,0,0,0,
annex,boundary,91028,v3_origin20,hash,0,10,10,True,3711.655301527446,371.1655301527446,13758.27650763723,153,145,10,0,0.08903183302027173,0,0,0,
annex,boundary,91028,future_cover,minus,0,10,10,True,4052.8613283957247,405.2861328395725,16164.306641978625,130,120,10,0,0.08682887500617653,0,0,0,
annex,boundary,91028,joint,minus,0,10,10,True,4551.750373134046,455.1750373134046,17453.75186567023,175,136,10,0,0.018003457982558757,0,0,0,
annex,boundary,91028,optical,minus,0,10,10,True,4048.464893480688,404.84648934806876,16202.32446740344,126,119,13,3,0.05662712498451583,0,0,0,
annex,boundary,91028,phased,minus,0,10,10,True,4830.720230324591,483.07202303245913,18518.601151622956,182,167,10,0,0.01708145800512284,0,0,0,
annex,boundary,91028,scenario,minus,0,10,10,True,3785.5674609034313,378.55674609034315,14877.837304517157,128,120,10,0,0.2933449170086533,27,6,0,
annex,boundary,91028,scenario_future,minus,0,10,10,True,3785.5674609034313,378.55674609034315,14877.837304517157,128,120,10,0,0.285147542017512,27,6,0,
annex,boundary,91028,v2,minus,0,10,10,True,3836.201041106092,383.6201041106092,14516.005205530459,148,143,10,0,0.13132829099777155,0,0,0,
annex,boundary,91028,v3,minus,0,10,10,True,4052.8613283957247,405.2861328395725,16164.306641978625,130,120,10,0,0.04694654201739468,0,0,0,
annex,boundary,91028,v3_origin20,minus,0,10,10,True,3675.692285826876,367.5692285826876,13663.461429134379,150,143,10,0,0.051615333009976894,0,0,0,
annex,boundary,91028,future_cover,plus,0,10,10,True,3794.2949247997667,379.42949247997666,15036.474623998833,124,117,10,0,0.08749629199155606,0,0,0,
annex,boundary,91028,joint,plus,0,10,10,True,4185.980529867167,418.5980529867167,15634.902649335834,174,139,10,0,0.019325917004607618,0,0,0,
annex,boundary,91028,optical,plus,0,10,10,True,3802.029545206737,380.2029545206737,15065.147726033685,122,117,14,4,0.06627424998441711,0,0,0,
annex,boundary,91028,phased,plus,0,10,10,True,4826.098231123197,482.60982311231976,18495.491155615986,182,167,10,0,0.01947179198032245,0,0,0,
annex,boundary,91028,scenario,plus,0,10,10,True,3759.6634478559454,375.9663447855945,14873.317239279726,124,115,10,0,0.4102202079957351,24,4,0,
annex,boundary,91028,scenario_future,plus,0,10,10,True,3759.6634478559454,375.9663447855945,14873.317239279726,124,115,10,0,0.4557821249763947,24,4,0,
annex,boundary,91028,v2,plus,0,10,10,True,3709.208303285922,370.92083032859216,13821.04151642961,150,145,10,0,0.1451994169910904,0,0,0,
annex,boundary,91028,v3,plus,0,10,10,True,3794.2949247997667,379.42949247997666,15036.474623998833,124,117,10,0,0.05205612498684786,0,0,0,
annex,boundary,91028,v3_origin20,plus,0,10,10,True,3696.2477775535676,369.6247777553568,13981.238887767839,143,135,10,0,0.0627198750153184,0,0,0,
annex,boundary,91028,future_cover,smooth,0,10,10,True,3813.9750601997775,381.39750601997775,15044.875300998889,127,120,10,0,0.10229545898619108,0,0,0,
annex,boundary,91028,joint,smooth,0,10,10,True,4552.502515437283,455.2502515437283,17457.51257718642,175,136,10,0,0.025020083994604647,0,0,0,
annex,boundary,91028,optical,smooth,0,10,10,True,3807.7347563739977,380.77347563739977,15048.67378186999,123,118,15,5,0.0846376660047099,0,0,0,
annex,boundary,91028,phased,smooth,0,10,10,True,4608.593954871344,460.8593954871344,17497.96977435672,179,164,10,0,0.01684845902491361,0,0,0,
annex,boundary,91028,scenario,smooth,0,10,10,True,3762.283507015528,376.2283507015528,14906.41753507764,123,116,10,0,0.31609254199429415,23,4,0,
annex,boundary,91028,scenario_future,smooth,0,10,10,True,3762.283507015528,376.2283507015528,14906.41753507764,123,116,10,0,0.31618983298540115,23,4,0,
annex,boundary,91028,v2,smooth,0,10,10,True,3842.6491688228257,384.2649168822826,14493.245844114128,150,144,10,0,0.1750574160250835,0,0,0,
annex,boundary,91028,v3,smooth,0,10,10,True,3813.9750601997775,381.39750601997775,15044.875300998889,127,120,10,0,0.06393975001992658,0,0,0,
annex,boundary,91028,v3_origin20,smooth,0,10,10,True,3707.8067458625665,370.7806745862566,14004.033729312832,144,137,10,0,0.0784757919900585,0,0,0,
annex,boundary,91029,future_cover,alternating,0,16,16,True,4039.342285482664,252.4588928426665,15926.71142741332,130,124,16,0,0.08475858299061656,0,0,0,
annex,boundary,91029,joint,alternating,0,16,16,True,5396.671044829735,337.29194030185846,21453.355224148676,181,121,16,0,0.026911041990388185,0,0,0,
annex,boundary,91029,optical,alternating,0,16,16,True,4021.6016851698596,251.35010532311622,15958.008425849297,125,119,18,2,0.08758079199469648,0,0,0,
annex,boundary,91029,phased,alternating,0,16,16,True,5449.785947803159,340.6116217376974,20713.92973901579,211,172,16,0,0.023520707996794954,0,0,0,
annex,boundary,91029,scenario,alternating,0,16,16,True,4019.7213783741618,251.2325861483851,15968.60689187081,126,116,16,0,0.24502233299426734,28,6,0,
annex,boundary,91029,scenario_future,alternating,0,16,16,True,4019.7213783741618,251.2325861483851,15968.60689187081,126,116,16,0,0.2983159169962164,28,6,0,
annex,boundary,91029,v2,alternating,0,16,16,True,4294.400434579153,268.40002716119704,16897.002172895765,140,135,16,0,0.1671044160029851,0,0,0,
annex,boundary,91029,v3,alternating,0,16,16,True,4039.342285482664,252.4588928426665,15926.71142741332,130,124,16,0,0.0676005000132136,0,0,0,
annex,boundary,91029,v3_origin20,alternating,0,16,16,True,4111.968337501379,256.9980210938362,15754.841687506894,148,141,16,0,0.07326979201752692,0,0,0,
annex,boundary,91029,future_cover,hash,0,16,16,True,4096.529138875363,256.0330711797102,16392.645694376817,124,118,16,0,0.1278084579971619,0,0,0,
annex,boundary,91029,joint,hash,0,16,16,True,5401.2605344096655,337.5787834006041,21476.30267204833,181,121,16,0,0.04806875000940636,0,0,0,
annex,boundary,91029,optical,hash,0,16,16,True,4094.47721754806,255.90482609675374,16412.3860877403,122,116,18,2,0.1413696249946952,0,0,0,
annex,boundary,91029,phased,hash,0,16,16,True,5432.132512228088,339.5082820142555,20715.662561140438,208,169,16,0,0.04254808399127796,0,0,0,
annex,boundary,91029,scenario,hash,0,16,16,True,4024.0053405963818,251.50033378727386,16080.026702981908,123,113,16,0,0.6878276669885963,27,7,0,
annex,boundary,91029,scenario_future,hash,0,16,16,True,4024.0053405963818,251.50033378727386,16080.026702981908,123,113,16,0,0.766140916995937,27,7,0,
annex,boundary,91029,v2,hash,0,16,16,True,4043.8356252457606,252.73972657786004,15424.178126228804,147,144,16,0,0.3274196660204325,0,0,0,
annex,boundary,91029,v3,hash,0,16,16,True,4096.529138875363,256.0330711797102,16392.645694376817,124,118,16,0,0.13691641701734625,0,0,0,
annex,boundary,91029,v3_origin20,hash,0,16,16,True,4194.196322896899,262.1372701810562,16285.981614484495,144,137,16,0,0.12692404200788587,0,0,0,
annex,boundary,91029,future_cover,minus,0,16,16,True,4226.96466900845,264.18529181302813,17224.823345042252,119,107,16,0,0.09062091700616293,0,0,0,
annex,boundary,91029,joint,minus,0,16,16,True,5396.079630399984,337.254976899999,21450.39815199992,181,121,16,0,0.02669866700307466,0,0,0,
annex,boundary,91029,optical,minus,0,16,16,True,4206.329103245324,262.8955689528328,17241.64551622662,112,103,21,5,0.09880579099990427,0,0,0,
annex,boundary,91029,phased,minus,0,16,16,True,5430.5644651417415,339.41027907135884,20617.82232570871,211,172,16,0,0.02620937500614673,0,0,0,
annex,boundary,91029,scenario,minus,0,16,16,True,4003.8138482411546,250.23836551507216,15949.069241205772,124,114,16,0,0.28206954200868495,29,6,0,
annex,boundary,91029,scenario_future,minus,0,16,16,True,4003.8138482411546,250.23836551507216,15949.069241205772,124,114,16,0,0.3134052499954123,29,6,0,
annex,boundary,91029,v2,minus,0,16,16,True,4278.509859018615,267.40686618866346,16912.549295093075,137,131,16,0,0.17606279198662378,0,0,0,
annex,boundary,91029,v3,minus,0,16,16,True,4226.96466900845,264.18529181302813,17224.823345042252,119,107,16,0,0.07299420901108533,0,0,0,
annex,boundary,91029,v3_origin20,minus,0,16,16,True,3742.1752297254416,233.8859518578401,14305.876148627209,135,126,16,0,0.07960287501919083,0,0,0,
annex,boundary,91029,future_cover,plus,0,16,16,True,4024.107113697445,251.50669460609032,15940.535568487227,127,121,16,0,0.16426733299158514,0,0,0,
annex,boundary,91029,joint,plus,0,16,16,True,5405.73857442065,337.85866090129065,21498.692872103253,181,121,16,0,0.059569125005509704,0,0,0,
annex,boundary,91029,optical,plus,0,16,16,True,4034.944757674304,252.184047354644,15929.72378837152,126,121,22,6,0.16706529198563658,0,0,0,
annex,boundary,91029,phased,plus,0,16,16,True,5472.70129427927,342.04383089245437,20828.506471396347,211,172,16,0,0.0577886670071166,0,0,0,
annex,boundary,91029,scenario,plus,0,16,16,True,4028.2384915537787,251.76490572211117,16056.192457768893,125,112,16,0,0.48474708301364444,28,4,0,
annex,boundary,91029,scenario_future,plus,0,16,16,True,4028.2384915537787,251.76490572211117,16056.192457768893,125,112,16,0,0.5267415420094039,28,4,0,
annex,boundary,91029,v2,plus,0,16,16,True,4050.7504915063664,253.1719057191479,15473.752457531833,147,141,16,0,0.22317133299657144,0,0,0,
annex,boundary,91029,v3,plus,0,16,16,True,4024.107113697445,251.50669460609032,15940.535568487227,127,121,16,0,0.10635858398745768,0,0,0,
annex,boundary,91029,v3_origin20,plus,0,16,16,True,4097.483938143237,256.0927461339523,15772.419690716184,145,138,16,0,0.12980362499365583,0,0,0,
annex,boundary,91029,future_cover,smooth,0,16,16,True,4204.603296317362,262.7877060198351,17233.016481586812,115,103,16,0,0.10938700000406243,0,0,0,
annex,boundary,91029,joint,smooth,0,16,16,True,5401.479263082523,337.5924539426577,21477.396315412618,181,121,16,0,0.0355719159997534,0,0,0,
annex,boundary,91029,optical,smooth,0,16,16,True,4194.224758335356,262.1390473959597,17251.12379167678,109,101,22,6,0.11991787501028739,0,0,0,
annex,boundary,91029,phased,smooth,0,16,16,True,5442.732470987157,340.17077943669733,20708.662354935786,210,171,16,0,0.030485750001389533,0,0,0,
annex,boundary,91029,scenario,smooth,0,16,16,True,4182.482484548734,261.40515528429586,17202.41242274367,112,102,16,0,0.3842299579991959,27,5,0,
annex,boundary,91029,scenario_future,smooth,0,16,16,True,4182.482484548734,261.40515528429586,17202.41242274367,112,102,16,0,0.490582833008375,27,5,0,
annex,boundary,91029,v2,smooth,0,16,16,True,4060.0354047793912,253.75221279871195,15465.177023896957,149,142,16,0,0.2031377910170704,0,0,0,
annex,boundary,91029,v3,smooth,0,16,16,True,4204.603296317362,262.7877060198351,17233.016481586812,115,103,16,0,0.09341941701131873,0,0,0,
annex,boundary,91029,v3_origin20,smooth,0,16,16,True,3712.14252796164,232.0089079976025,14310.7126398082,130,120,16,0,0.09533766598906368,0,0,0,
annex,boundary,91030,future_cover,alternating,0,15,15,True,4183.338873766828,278.8892582511219,16651.69436883414,131,123,15,0,0.07969616597983986,0,0,0,
annex,boundary,91030,joint,alternating,0,15,15,True,4910.173941376101,327.34492942507336,18935.869706880505,183,133,15,0,0.023071834002621472,0,0,0,
annex,boundary,91030,optical,alternating,0,15,15,True,4179.999978150711,278.6666652100474,16639.999890753556,128,122,20,5,0.083015666983556,0,0,0,
annex,boundary,91030,phased,alternating,0,15,15,True,5527.547386088836,368.5031590725891,21222.736930444178,207,173,15,0,0.021609416988212615,0,0,0,
annex,boundary,91030,scenario,alternating,0,15,15,True,4185.360972013367,279.02406480089115,16591.804860066837,133,127,15,0,0.2863252079987433,33,6,0,
annex,boundary,91030,scenario_future,alternating,0,15,15,True,4185.360972013367,279.02406480089115,16591.804860066837,133,127,15,0,0.3052017499867361,33,6,0,
annex,boundary,91030,v2,alternating,0,15,15,True,4135.908049203965,275.7272032802643,15929.540246019822,147,140,15,0,0.19917733300826512,0,0,0,
annex,boundary,91030,v3,alternating,0,15,15,True,4183.338873766828,278.8892582511219,16651.69436883414,131,123,15,0,0.07230349999736063,0,0,0,
annex,boundary,91030,v3_origin20,alternating,0,15,15,True,4074.088701988249,271.60591346588325,15455.443509941244,153,143,15,0,0.08244854200165719,0,0,0,
annex,boundary,91030,future_cover,hash,0,15,15,True,4184.593777862852,278.97291852419016,16647.96888931426,131,125,15,0,0.21038425000733696,0,0,0,
annex,boundary,91030,joint,hash,0,15,15,True,5404.825893495748,360.32172623304984,21594.12946747874,178,121,15,0,0.06629466699087061,0,0,0,
annex,boundary,91030,optical,hash,0,15,15,True,4218.419229297956,281.22794861986375,16682.09614648978,132,123,23,8,0.21834279200993478,0,0,0,
annex,boundary,91030,phased,hash,0,15,15,True,5134.056705179929,342.27044701199526,19235.283525899646,207,177,15,0,0.06470554100815207,0,0,0,
annex,boundary,91030,scenario,hash,0,15,15,True,4190.255879959741,279.3503919973161,16721.279399798703,130,121,15,0,0.6981608750065789,32,4,0,
annex,boundary,91030,scenario_future,hash,0,15,15,True,4190.255879959741,279.3503919973161,16721.279399798703,130,121,15,0,0.6899214579898398,32,4,0,
annex,boundary,91030,v2,hash,0,15,15,True,4144.9848817969505,276.33232545313,15819.924408984753,152,146,15,0,0.3974890410027001,0,0,0,
annex,boundary,91030,v3,hash,0,15,15,True,4184.593777862852,278.97291852419016,16647.96888931426,131,125,15,0,0.1273431250010617,0,0,0,
annex,boundary,91030,v3_origin20,hash,0,15,15,True,4096.55588866557,273.103725911038,15522.779443327849,154,147,15,0,0.14824558299733326,0,0,0,
annex,boundary,91030,future_cover,minus,0,15,15,True,4434.8947749366525,295.6596516624435,17944.473874683263,130,121,15,0,0.0771972079819534,0,0,0,
annex,boundary,91030,joint,minus,0,15,15,True,5399.7684304085205,359.9845620272347,21568.8421520426,178,121,15,0,0.02446683298330754,0,0,0,
annex,boundary,91030,optical,minus,0,15,15,True,4419.703386411109,294.6468924274073,17958.516932055547,123,117,22,7,0.06765383298625238,0,0,0,
annex,boundary,91030,phased,minus,0,15,15,True,5145.409815066752,343.02732100445013,19292.04907533376,207,177,15,0,0.025684916006866843,0,0,0,
annex,boundary,91030,scenario,minus,0,15,15,True,4464.858044263747,297.6572029509164,18139.290221318734,129,117,15,0,0.2566401660151314,30,6,0,
annex,boundary,91030,scenario_future,minus,0,15,15,True,4464.858044263747,297.6572029509164,18139.290221318734,129,117,15,0,0.27328033398953266,30,6,0,
annex,boundary,91030,v2,minus,0,15,15,True,4121.459234402778,274.7639489601852,15827.296172013888,148,141,15,0,0.17671362499822862,0,0,0,
annex,boundary,91030,v3,minus,0,15,15,True,4434.8947749366525,295.6596516624435,17944.473874683263,130,121,15,0,0.061064665991580114,0,0,0,
annex,boundary,91030,v3_origin20,minus,0,15,15,True,4041.761911839032,269.45079412260213,15303.80955919516,152,146,15,0,0.06448645799537189,0,0,0,
annex,boundary,91030,future_cover,plus,0,15,15,True,4173.85104898092,278.25673659872797,16619.255244904598,130,125,15,0,0.14919658299186267,0,0,0,
annex,boundary,91030,joint,plus,0,15,15,True,5409.18764158183,360.61250943878866,21615.93820790915,178,121,15,0,0.048431416013045236,0,0,0,
annex,boundary,91030,optical,plus,0,15,15,True,4175.113812505293,278.3409208336862,16660.569062526465,127,121,19,4,0.13300191701273434,0,0,0,
annex,boundary,91030,phased,plus,0,15,15,True,5555.987190558879,370.3991460372586,21364.935952794396,207,173,15,0,0.0517870000039693,0,0,0,
annex,boundary,91030,scenario,plus,0,15,15,True,4194.875867525561,279.65839116837077,16709.379337627808,131,123,15,0,0.4967707499745302,31,7,0,
annex,boundary,91030,scenario_future,plus,0,15,15,True,4194.875867525561,279.65839116837077,16709.379337627808,131,123,15,0,0.5381690409849398,31,7,0,
annex,boundary,91030,v2,plus,0,15,15,True,4032.0897167755033,268.8059811183669,15500.448583877516,144,137,15,0,0.25003016702248715,0,0,0,
annex,boundary,91030,v3,plus,0,15,15,True,4173.85104898092,278.25673659872797,16619.255244904598,130,125,15,0,0.12020779200247489,0,0,0,
annex,boundary,91030,v3_origin20,plus,0,15,15,True,4077.093982114099,271.8062654742733,15490.469910570495,152,144,15,0,0.12320816601277329,0,0,0,
annex,boundary,91030,future_cover,smooth,0,15,15,True,4204.144812431333,280.2763208287555,16655.724062156663,134,128,15,0,0.14228825000463985,0,0,0,
annex,boundary,91030,joint,smooth,0,15,15,True,5401.895479990477,360.12636533269847,21579.477399952386,178,121,15,0,0.05043537501478568,0,0,0,
annex,boundary,91030,optical,smooth,0,15,15,True,4174.245617704655,278.28304118031036,16666.228088523276,127,122,18,3,0.12803024999448098,0,0,0,
annex,boundary,91030,phased,smooth,0,15,15,True,5513.606744690516,367.57378297936776,21248.033723452583,204,169,15,0,0.044621999986702576,0,0,0,
annex,boundary,91030,scenario,smooth,0,15,15,True,4166.426008954361,277.76173393029075,16587.130044771806,130,124,15,0,0.4637518330127932,32,7,0,
annex,boundary,91030,scenario_future,smooth,0,15,15,True,4166.426008954361,277.76173393029075,16587.130044771806,130,124,15,0,0.49734737499966286,32,7,0,
annex,boundary,91030,v2,smooth,0,15,15,True,4053.9907449963034,270.2660496664202,15569.953724981517,146,135,15,0,0.27400116602075286,0,0,0,
annex,boundary,91030,v3,smooth,0,15,15,True,4204.144812431333,280.2763208287555,16655.724062156663,134,128,15,0,0.10722079200786538,0,0,0,
annex,boundary,91030,v3_origin20,smooth,0,15,15,True,4103.01304003607,273.53420266907136,15500.06520018035,156,148,15,0,0.11203016599756666,0,0,0,
annex,boundary,91031,future_cover,alternating,0,13,13,True,4184.433740129295,321.87951847148423,16762.168700646474,129,122,13,0,0.06721450001350604,0,0,0,
annex,boundary,91031,joint,alternating,0,13,13,True,4926.85068754872,378.9885144268246,19249.2534377436,177,127,13,0,0.023305917013203725,0,0,0,
annex,boundary,91031,optical,alternating,0,13,13,True,4186.407751773378,322.03136552102904,16797.03875886689,125,119,19,6,0.06403666699770838,0,0,0,
annex,boundary,91031,phased,alternating,0,13,13,True,5107.247067756945,392.8651590582266,19436.235338784725,197,170,13,0,0.020693250000476837,0,0,0,
annex,boundary,91031,scenario,alternating,0,13,13,True,4207.9872134107745,323.69132410852114,16964.936067053874,126,120,13,0,0.24089333397569135,27,6,0,
annex,boundary,91031,scenario_future,alternating,0,13,13,True,4207.9872134107745,323.69132410852114,16964.936067053874,126,120,13,0,0.253774084005272,27,6,0,
annex,boundary,91031,v2,alternating,0,13,13,True,3926.775651689133,302.0596655145487,14983.878258445666,145,140,13,0,0.14847745801671408,0,0,0,
annex,boundary,91031,v3,alternating,0,13,13,True,4184.433740129295,321.87951847148423,16762.168700646474,129,122,13,0,0.051139791001332924,0,0,0,
annex,boundary,91031,v3_origin20,alternating,0,13,13,True,4050.204507268715,311.5541928668242,15446.022536343575,151,141,13,0,0.05907345801824704,0,0,0,
annex,boundary,91031,future_cover,hash,0,13,13,True,4036.637396611142,310.51056897008783,16048.18698305571,128,122,13,0,0.13349383301101625,0,0,0,
annex,boundary,91031,joint,hash,0,13,13,True,4915.1552493990785,378.08886533839063,19220.776246995392,176,126,13,0,0.042529166996246204,0,0,0,
annex,boundary,91031,optical,hash,0,13,13,True,4022.930002304145,309.45615402339575,16059.650011520725,123,119,17,4,0.11668924998957664,0,0,0,
annex,boundary,91031,phased,hash,0,13,13,True,5147.048723669868,395.9268248976822,19665.24361834934,196,169,13,0,0.0455531659827102,0,0,0,
annex,boundary,91031,scenario,hash,0,13,13,True,4155.721795252402,319.6709073271079,16733.608976262014,125,119,13,0,0.44127933398704045,26,4,0,
annex,boundary,91031,scenario_future,hash,0,13,13,True,4155.721795252402,319.6709073271079,16733.608976262014,125,119,13,0,0.4418336660019122,26,4,0,
annex,boundary,91031,v2,hash,0,13,13,True,3921.322335662565,301.6401796663512,14956.611678312825,145,140,13,0,0.29250770900398493,0,0,0,
annex,boundary,91031,v3,hash,0,13,13,True,4036.637396611142,310.51056897008783,16048.18698305571,128,122,13,0,0.17321116602397524,0,0,0,
annex,boundary,91031,v3_origin20,hash,0,13,13,True,4113.216322952477,316.40125561172897,15831.081614762385,148,142,13,0,0.1673286670120433,0,0,0,
annex,boundary,91031,future_cover,minus,0,13,13,True,4168.921528572888,320.68627142868365,16629.60764286444,131,123,13,0,0.07073125001625158,0,0,0,
annex,boundary,91031,joint,minus,0,13,13,True,4903.975881805053,377.2289139850041,19029.879409025267,181,128,13,0,0.022876375005580485,0,0,0,
annex,boundary,91031,optical,minus,0,13,13,True,4166.422701020067,320.4940539246205,16662.113505100333,126,121,19,6,0.06122004200005904,0,0,0,
annex,boundary,91031,phased,minus,0,13,13,True,5115.341494763152,393.4878072894732,19466.707473815757,197,172,13,0,0.018549041997175664,0,0,0,
annex,boundary,91031,scenario,minus,0,13,13,True,4195.827505492774,322.75596196098263,16769.13752746387,131,122,13,0,0.25368416600394994,29,4,0,
annex,boundary,91031,scenario_future,minus,0,13,13,True,4195.827505492774,322.75596196098263,16769.13752746387,131,122,13,0,0.27240512499702163,29,4,0,
annex,boundary,91031,v2,minus,0,13,13,True,4109.608036078037,316.1236950829259,16023.040180390186,141,135,13,0,0.11929904200951569,0,0,0,
annex,boundary,91031,v3,minus,0,13,13,True,4168.921528572888,320.68627142868365,16629.60764286444,131,123,13,0,0.05307070800336078,0,0,0,
annex,boundary,91031,v3_origin20,minus,0,13,13,True,4133.796182574793,317.9843217365226,15823.980912873969,152,144,13,0,0.056481707986677065,0,0,0,
annex,boundary,91031,future_cover,plus,0,13,13,True,4202.776329847422,323.29048691134017,16803.88164923711,131,122,13,0,0.13374608298181556,0,0,0,
annex,boundary,91031,joint,plus,0,13,13,True,4897.374255943039,376.721096611003,18996.871279715197,181,128,13,0,0.0358447500038892,0,0,0,
annex,boundary,91031,optical,plus,0,13,13,True,4206.494455016053,323.57649653969634,16827.472275080265,127,120,20,7,0.13493662502150983,0,0,0,
annex,boundary,91031,phased,plus,0,13,13,True,5138.992262075144,395.30709708270336,19584.96131037572,197,172,13,0,0.040635333978571,0,0,0,
annex,boundary,91031,scenario,plus,0,13,13,True,4201.9825369672935,323.229425920561,16934.91268483647,126,120,13,0,0.4463286660029553,26,5,0,
annex,boundary,91031,scenario_future,plus,0,13,13,True,4201.9825369672935,323.229425920561,16934.91268483647,126,120,13,0,0.4728689169860445,26,5,0,
annex,boundary,91031,v2,plus,0,13,13,True,3919.4657951965714,301.4973688612747,14947.328975982857,145,140,13,0,0.22199295900645666,0,0,0,
annex,boundary,91031,v3,plus,0,13,13,True,4202.776329847422,323.29048691134017,16803.88164923711,131,122,13,0,0.101556958979927,0,0,0,
annex,boundary,91031,v3_origin20,plus,0,13,13,True,4039.9695483317846,310.7668883332142,15439.847741658923,149,142,13,0,0.11646520800422877,0,0,0,
annex,boundary,91031,future_cover,smooth,0,13,13,True,4186.104323276669,322.00802486743606,16790.521616383343,128,123,13,0,0.09061195800313726,0,0,0,
annex,boundary,91031,joint,smooth,0,13,13,True,4922.52604868518,378.65584989886,19227.6302434259,177,127,13,0,0.03332295798463747,0,0,0,
annex,boundary,91031,optical,smooth,0,13,13,True,4180.525471090133,321.5788823915487,16807.627355450662,125,120,16,3,0.08474341599503532,0,0,0,
annex,boundary,91031,phased,smooth,0,13,13,True,5096.929728081129,392.0715175447022,19414.648640405645,196,169,13,0,0.04931045800913125,0,0,0,
annex,boundary,91031,scenario,smooth,0,13,13,True,4180.058622036137,321.5429709258567,16750.293110180686,129,120,13,0,0.38626695799757726,27,7,0,
annex,boundary,91031,scenario_future,smooth,0,13,13,True,4180.058622036137,321.5429709258567,16750.293110180686,129,120,13,0,0.41240208299132064,27,7,0,
annex,boundary,91031,v2,smooth,0,13,13,True,3916.9126523010855,301.30097325392967,14904.563261505427,146,141,13,0,0.21555041597457603,0,0,0,
annex,boundary,91031,v3,smooth,0,13,13,True,4186.104323276669,322.00802486743606,16790.521616383343,128,123,13,0,0.06799112498993054,0,0,0,
annex,boundary,91031,v3_origin20,smooth,0,13,13,True,4057.111963451088,312.08553565008367,15455.55981725544,151,146,13,0,0.084015417000046,0,0,0,
annex,boundary,91032,future_cover,alternating,0,16,16,True,4192.314561447319,262.0196600904574,16521.572807236593,136,128,16,0,0.0860484579752665,0,0,0,
annex,boundary,91032,joint,alternating,0,16,16,True,5216.409021074019,326.02556381712617,20432.045105370093,185,125,16,0,0.027505415986524895,0,0,0,
annex,boundary,91032,optical,alternating,0,16,16,True,4209.142287758132,263.07139298488323,16560.71143879066,134,126,23,7,0.08730024998658337,0,0,0,
annex,boundary,91032,phased,alternating,0,16,16,True,5149.087218746246,321.8179511716404,19205.43609373123,209,183,16,0,0.02841612498741597,0,0,0,
annex,boundary,91032,scenario,alternating,0,16,16,True,4129.950363620239,258.12189772626493,16329.751818101193,132,124,16,0,0.26915445798658766,33,6,0,
annex,boundary,91032,scenario_future,alternating,0,16,16,True,4129.950363620239,258.12189772626493,16329.751818101193,132,124,16,0,0.28960120800184086,33,6,0,
annex,boundary,91032,v2,alternating,0,16,16,True,3984.387160153671,249.02419750960445,15311.935800768357,141,137,16,0,0.15014150002389215,0,0,0,
annex,boundary,91032,v3,alternating,0,16,16,True,4192.314561447319,262.0196600904574,16521.572807236593,136,128,16,0,0.070254666992696,0,0,0,
annex,boundary,91032,v3_origin20,alternating,0,16,16,True,3999.7474099969722,249.98421312481076,15048.737049984862,153,145,16,0,0.06869837499107234,0,0,0,
annex,boundary,91032,future_cover,hash,0,16,16,True,4143.80377739094,258.98773608693375,16849.018886954702,117,109,16,0,0.21552470800816081,0,0,0,
annex,boundary,91032,joint,hash,0,16,16,True,5172.4331288284675,323.2770705517792,20202.165644142337,185,127,16,0,0.046632374986074865,0,0,0,
annex,boundary,91032,optical,hash,0,16,16,True,4145.245099319405,259.0778187074628,16876.225496597028,112,106,24,8,0.1602539170125965,0,0,0,
annex,boundary,91032,phased,hash,0,16,16,True,5125.7245068196335,320.3577816762271,19148.622534098165,207,181,16,0,0.045283749990630895,0,0,0,
annex,boundary,91032,scenario,hash,0,16,16,True,4148.769340085534,259.2980837553459,16398.84670042767,133,124,16,0,0.5224497079907451,33,5,0,
annex,boundary,91032,scenario_future,hash,0,16,16,True,4148.769340085534,259.2980837553459,16398.84670042767,133,124,16,0,0.543847791996086,33,5,0,
annex,boundary,91032,v2,hash,0,16,16,True,3959.0710959136877,247.44194349460548,15185.355479568438,141,137,16,0,0.243257750000339,0,0,0,
annex,boundary,91032,v3,hash,0,16,16,True,4143.80377739094,258.98773608693375,16849.018886954702,117,109,16,0,0.12745475000701845,0,0,0,
annex,boundary,91032,v3_origin20,hash,0,16,16,True,4008.6973893717577,250.54358683573486,15838.486946858788,128,121,16,0,0.14525316702201962,0,0,0,
annex,boundary,91032,future_cover,minus,0,16,16,True,4200.06840129694,262.5042750810587,16535.342006484698,137,128,16,0,0.22601779099204578,0,0,0,
annex,boundary,91032,joint,minus,0,16,16,True,5175.128829904632,323.4455518690395,20215.64414952316,185,127,16,0,0.02292816701810807,0,0,0,
annex,boundary,91032,optical,minus,0,16,16,True,4198.549530146876,262.4093456341798,16582.74765073438,132,124,22,6,0.12134400001377799,0,0,0,
annex,boundary,91032,phased,minus,0,16,16,True,5127.475380227651,320.4672112642282,19097.376901138254,209,183,16,0,0.022599541989620775,0,0,0,
annex,boundary,91032,scenario,minus,0,16,16,True,4133.132366813114,258.3207729258196,16355.661834065568,132,122,16,0,0.6753296670212876,31,6,0,
annex,boundary,91032,scenario_future,minus,0,16,16,True,4133.132366813114,258.3207729258196,16355.661834065568,132,122,16,0,0.7697976249910425,31,6,0,
annex,boundary,91032,v2,minus,0,16,16,True,3962.9336409675716,247.68335256047322,15239.668204837857,140,135,16,0,0.14035758300451562,0,0,0,
annex,boundary,91032,v3,minus,0,16,16,True,4200.06840129694,262.5042750810587,16535.342006484698,137,128,16,0,0.06389049999415874,0,0,0,
annex,boundary,91032,v3_origin20,minus,0,16,16,True,3989.400718042352,249.337544877647,15027.00359021176,152,144,16,0,0.07771170799969696,0,0,0,
annex,boundary,91032,future_cover,plus,0,16,16,True,4090.7708756063753,255.67317972539846,16848.854378031876,108,101,16,0,0.14888887500273995,0,0,0,
annex,boundary,91032,joint,plus,0,16,16,True,5773.822773862604,360.86392336641273,23059.11386931302,190,132,16,0,0.051896958000725135,0,0,0,
annex,boundary,91032,optical,plus,0,16,16,True,4081.070741346979,255.0669213341862,16885.353706734895,103,97,20,4,0.11716120800701901,0,0,0,
annex,boundary,91032,phased,plus,0,16,16,True,5160.991194414006,322.56194965087536,19264.955972070027,209,183,16,0,0.054619125003227964,0,0,0,
annex,boundary,91032,scenario,plus,0,16,16,True,4169.685465103568,260.605341568973,16443.42732551784,135,126,16,0,0.46336420899024233,31,4,0,
annex,boundary,91032,scenario_future,plus,0,16,16,True,4169.685465103568,260.605341568973,16443.42732551784,135,126,16,0,0.49286779199610464,31,4,0,
annex,boundary,91032,v2,plus,0,16,16,True,4210.094150059559,263.13088437872244,16135.470750297794,152,143,16,0,0.2765241249871906,0,0,0,
annex,boundary,91032,v3,plus,0,16,16,True,4090.7708756063753,255.67317972539846,16848.854378031876,108,101,16,0,0.1148429160239175,0,0,0,
annex,boundary,91032,v3_origin20,plus,0,16,16,True,3961.9622796856806,247.62264248035504,15789.811398428403,122,114,16,0,0.10291112499544397,0,0,0,
annex,boundary,91032,future_cover,smooth,0,16,16,True,4158.135211471383,259.8834507169614,17155.676057356915,109,102,16,0,0.1383839159971103,0,0,0,
annex,boundary,91032,joint,smooth,0,16,16,True,5776.5740721286265,361.03587950803916,23077.870360643134,190,131,16,0,0.03397591601242311,0,0,0,
annex,boundary,91032,optical,smooth,0,16,16,True,4166.45701175753,260.40356323484565,17182.285058787653,107,100,21,5,0.11172783302026801,0,0,0,
annex,boundary,91032,phased,smooth,0,16,16,True,5119.147741353985,319.94673383462407,19150.738706769927,206,179,16,0,0.041428708005696535,0,0,0,
annex,boundary,91032,scenario,smooth,0,16,16,True,4135.34316444927,258.4589477780794,16391.71582224635,131,122,16,0,0.4173857499845326,32,6,0,
annex,boundary,91032,scenario_future,smooth,0,16,16,True,4135.34316444927,258.4589477780794,16391.71582224635,131,122,16,0,0.5324277920008171,32,6,0,
annex,boundary,91032,v2,smooth,0,16,16,True,4169.559502817472,260.597468926092,16157.797514087362,144,138,16,0,0.19445158302551135,0,0,0,
annex,boundary,91032,v3,smooth,0,16,16,True,4158.135211471383,259.8834507169614,17155.676057356915,109,102,16,0,0.08319512501475401,0,0,0,
annex,boundary,91032,v3_origin20,smooth,0,16,16,True,4044.6649036024724,252.79155647515452,16123.324518012361,125,115,16,0,0.10004349998780526,0,0,0,
annex,boundary,91033,future_cover,alternating,0,14,14,True,4213.4231275048805,300.9587948217772,17237.115637524403,118,106,14,0,0.0782415829889942,0,0,0,
annex,boundary,91033,joint,alternating,0,14,14,True,5197.738522118523,371.2670372941802,20338.692610592614,186,130,14,0,0.02300454198848456,0,0,0,
annex,boundary,91033,optical,alternating,0,14,14,True,4213.0613254193795,300.93295181567,17250.306627096896,114,105,20,6,0.08113474998390302,0,0,0,
annex,boundary,91033,phased,alternating,0,14,14,True,5283.406186931694,377.3861562094067,20162.03093465847,202,171,14,0,0.02209616600885056,0,0,0,
annex,boundary,91033,scenario,alternating,0,14,14,True,4223.469412910876,301.67638663649115,17257.34706455438,119,107,14,0,0.26277854200452566,23,8,0,
annex,boundary,91033,scenario_future,alternating,0,14,14,True,4223.469412910876,301.67638663649115,17257.34706455438,119,107,14,0,0.28157816699240357,23,8,0,
annex,boundary,91033,v2,alternating,0,14,14,True,4064.3623539558384,290.3115967111313,15506.811769779193,150,143,14,0,0.13048337498912588,0,0,0,
annex,boundary,91033,v3,alternating,0,14,14,True,4213.4231275048805,300.9587948217772,17237.115637524403,118,106,14,0,0.06280366599094123,0,0,0,
annex,boundary,91033,v3_origin20,alternating,0,14,14,True,4328.420775255451,309.1729125182465,17217.103876277255,138,125,14,0,0.06793266700697131,0,0,0,
annex,boundary,91033,future_cover,hash,0,14,14,True,4141.2229982960525,295.8016427354323,16471.114991480263,131,122,14,0,0.1682185830140952,0,0,0,
annex,boundary,91033,joint,hash,0,14,14,True,5192.813115484271,370.9152225345908,20314.065577421356,186,130,14,0,0.0417679579986725,0,0,0,
annex,boundary,91033,optical,hash,0,14,14,True,4160.134332119278,297.15245229423414,16525.671660596392,129,122,20,6,0.17890516700572334,0,0,0,
annex,boundary,91033,phased,hash,0,14,14,True,5264.069025353972,376.0049303824266,20155.345126769862,199,168,14,0,0.038213708001421764,0,0,0,
annex,boundary,91033,scenario,hash,0,14,14,True,4201.709743163957,300.1221245117112,17313.548715819783,113,104,14,0,0.4711778330092784,21,5,0,
annex,boundary,91033,scenario_future,hash,0,14,14,True,4201.709743163957,300.1221245117112,17313.548715819783,113,104,14,0,0.453074041986838,21,5,0,
annex,boundary,91033,v2,hash,0,14,14,True,4062.8774165141076,290.2055297510077,15524.387082570538,149,143,14,0,0.23905095798545517,0,0,0,
annex,boundary,91033,v3,hash,0,14,14,True,4141.2229982960525,295.8016427354323,16471.114991480263,131,122,14,0,0.1065938750107307,0,0,0,
annex,boundary,91033,v3_origin20,hash,0,14,14,True,4224.936749462724,301.78119639019457,16354.683747313622,149,139,14,0,0.13228587500634603,0,0,0,
annex,boundary,91033,future_cover,minus,0,14,14,True,4185.781322359901,298.98438016856437,17193.906611799506,114,107,14,0,0.11908037500688806,0,0,0,
annex,boundary,91033,joint,minus,0,14,14,True,5192.136758256942,370.8669113040673,20310.683791284708,186,130,14,0,0.05825295898830518,0,0,0,
annex,boundary,91033,optical,minus,0,14,14,True,4175.753564590874,298.268111756491,17198.76782295437,110,104,18,4,0.11988675000611693,0,0,0,
annex,boundary,91033,phased,minus,0,14,14,True,5268.869350987811,376.34781078484366,20089.346754939055,202,171,14,0,0.05597304200637154,0,0,0,
annex,boundary,91033,scenario,minus,0,14,14,True,4210.932763778068,300.78091169843344,17329.663818890338,114,105,14,0,0.4456434590101708,22,5,0,
annex,boundary,91033,scenario_future,minus,0,14,14,True,4210.932763778068,300.78091169843344,17329.663818890338,114,105,14,0,0.47325095898122527,22,5,0,
annex,boundary,91033,v2,minus,0,14,14,True,4047.657240386363,289.1183743133116,15513.286201931815,147,140,14,0,0.3499511669797357,0,0,0,
annex,boundary,91033,v3,minus,0,14,14,True,4185.781322359901,298.98438016856437,17193.906611799506,114,107,14,0,0.1374493750045076,0,0,0,
annex,boundary,91033,v3_origin20,minus,0,14,14,True,4285.64446668189,306.11746190584927,17158.22233340945,132,124,14,0,0.11232316700625233,0,0,0,
annex,boundary,91033,future_cover,plus,0,14,14,True,4140.156779696131,295.72548426400937,16430.783898480655,132,124,14,0,0.10789524999563582,0,0,0,
annex,boundary,91033,joint,plus,0,14,14,True,5168.421566137395,369.1729690098139,20267.107830686975,183,130,14,0,0.03458191701793112,0,0,0,
annex,boundary,91033,optical,plus,0,14,14,True,4143.010944622214,295.929353187301,16455.054723111072,129,122,19,5,0.10869641602039337,0,0,0,
annex,boundary,91033,phased,plus,0,14,14,True,5298.9457774683415,378.4961269620244,20239.72888734171,202,171,14,0,0.028395083005307242,0,0,0,
annex,boundary,91033,scenario,plus,0,14,14,True,4205.520202813731,300.3943002009808,17272.601014068656,115,106,14,0,0.3723304999875836,23,5,0,
annex,boundary,91033,scenario_future,plus,0,14,14,True,4205.520202813731,300.3943002009808,17272.601014068656,115,106,14,0,0.39461541699711233,23,5,0,
annex,boundary,91033,v2,plus,0,14,14,True,4351.683511321223,310.83453652294446,17173.417556606113,142,137,14,0,0.1863389170030132,0,0,0,
annex,boundary,91033,v3,plus,0,14,14,True,4140.156779696131,295.72548426400937,16430.783898480655,132,124,14,0,0.09634941699914634,0,0,0,
annex,boundary,91033,v3_origin20,plus,0,14,14,True,4242.965909487522,303.06899353482305,16349.829547437612,152,143,14,0,0.09812075001536869,0,0,0,
annex,boundary,91033,future_cover,smooth,0,14,14,True,4139.2036890481095,295.6574063605793,16461.01844524055,131,122,14,0,0.1327982500079088,0,0,0,
annex,boundary,91033,joint,smooth,0,14,14,True,5188.326757492634,370.594768392331,20316.63378746317,185,130,14,0,0.04531129100359976,0,0,0,
annex,boundary,91033,optical,smooth,0,14,14,True,4139.435154654756,295.67393961819687,16507.17577327378,127,118,19,5,0.1363730840093922,0,0,0,
annex,boundary,91033,phased,smooth,0,14,14,True,5251.954318202779,375.1395941573414,20154.771591013894,197,166,14,0,0.03816012499737553,0,0,0,
annex,boundary,91033,scenario,smooth,0,14,14,True,4192.601577784677,299.47154127033406,17218.007888923385,115,104,14,0,0.42146812501596287,22,7,0,
annex,boundary,91033,scenario_future,smooth,0,14,14,True,4192.601577784677,299.47154127033406,17218.007888923385,115,104,14,0,0.39399354200577363,22,7,0,
annex,boundary,91033,v2,smooth,0,14,14,True,4039.603571453962,288.5431122467116,15463.01785726981,147,142,14,0,0.2399943750060629,0,0,0,
annex,boundary,91033,v3,smooth,0,14,14,True,4139.2036890481095,295.6574063605793,16461.01844524055,131,122,14,0,0.10260845901211724,0,0,0,
annex,boundary,91033,v3_origin20,smooth,0,14,14,True,4215.198765040782,301.0856260743416,16330.99382520391,148,139,14,0,0.10488116601482034,0,0,0,
annex,boundary,91034,future_cover,alternating,0,10,10,True,3938.0010106337522,393.8001010633752,15300.005053168761,140,128,10,0,0.05863600000157021,0,0,0,
annex,boundary,91034,joint,alternating,0,10,10,True,4391.22072313611,439.122072313611,16756.10361568055,172,130,10,0,0.018148584000300616,0,0,0,
annex,boundary,91034,optical,alternating,0,10,10,True,3943.805239151189,394.38052391511894,15344.026195755945,137,128,14,4,0.056886208010837436,0,0,0,
annex,boundary,91034,phased,alternating,0,10,10,True,4812.057451912103,481.20574519121027,18425.287259560515,182,167,10,0,0.013771416997769848,0,0,0,
annex,boundary,91034,scenario,alternating,0,10,10,True,3947.3991538599234,394.73991538599233,15371.995769299618,139,128,10,0,0.23334062501089647,30,4,0,
annex,boundary,91034,scenario_future,alternating,0,10,10,True,3947.3991538599234,394.73991538599233,15371.995769299618,139,128,10,0,0.27593579099630006,30,4,0,
annex,boundary,91034,v2,alternating,0,10,10,True,3690.474557179883,369.0474557179883,13862.372785899415,146,138,10,0,0.12172424999880604,0,0,0,
annex,boundary,91034,v3,alternating,0,10,10,True,3938.0010106337522,393.8001010633752,15300.005053168761,140,128,10,0,0.047261792002245784,0,0,0,
annex,boundary,91034,v3_origin20,alternating,0,10,10,True,3738.4263086494557,373.8426308649456,13717.131543247278,159,150,10,0,0.05405274999793619,0,0,0,
annex,boundary,91034,future_cover,hash,0,10,10,True,4240.893661567143,424.0893661567143,17129.468307835716,129,120,10,0,0.11359929098398425,0,0,0,
annex,boundary,91034,joint,hash,0,10,10,True,4188.802921747278,418.88029217472774,15749.014608736386,171,134,10,0,0.02879650000249967,0,0,0,
annex,boundary,91034,optical,hash,0,10,10,True,4236.727051785617,423.67270517856167,17123.635258928083,125,119,16,6,0.09637312500854023,0,0,0,
annex,boundary,91034,phased,hash,0,10,10,True,4800.701804450853,480.0701804450853,18428.509022254268,180,165,10,0,0.02318983300938271,0,0,0,
annex,boundary,91034,scenario,hash,0,10,10,True,4278.231744652749,427.82317446527486,17271.158723263743,131,119,10,0,0.4873854589823168,26,4,0,
annex,boundary,91034,scenario_future,hash,0,10,10,True,4278.231744652749,427.82317446527486,17271.158723263743,131,119,10,0,0.4942458749865182,26,4,0,
annex,boundary,91034,v2,hash,0,10,10,True,3696.593140622059,369.6593140622059,13852.965703110294,147,141,10,0,0.2252327080059331,0,0,0,
annex,boundary,91034,v3,hash,0,10,10,True,4240.893661567143,424.0893661567143,17129.468307835716,129,120,10,0,0.08929312499822117,0,0,0,
annex,boundary,91034,v3_origin20,hash,0,10,10,True,4161.082800300311,416.1082800300311,16100.414001501555,150,141,10,0,0.09728891699342057,0,0,0,
annex,boundary,91034,future_cover,minus,0,10,10,True,4250.944497256054,425.0944497256054,17154.72248628027,130,120,10,0,0.11643437499878928,0,0,0,
annex,boundary,91034,joint,minus,0,10,10,True,4200.537576968524,420.0537576968524,15807.68788484262,171,134,10,0,0.03309204199467786,0,0,0,
annex,boundary,91034,optical,minus,0,10,10,True,4257.613265896083,425.7613265896083,17158.066329480418,127,120,17,7,0.07977458299137652,0,0,0,
annex,boundary,91034,phased,minus,0,10,10,True,4810.499567423986,481.04995674239865,18417.497837119932,182,167,10,0,0.031345583993243054,0,0,0,
annex,boundary,91034,scenario,minus,0,10,10,True,4273.7057681637,427.37057681637,17273.528840818497,130,119,10,0,0.4258016249805223,25,4,0,
annex,boundary,91034,scenario_future,minus,0,10,10,True,4273.7057681637,427.37057681637,17273.528840818497,130,119,10,0,0.42308208299800754,25,4,0,
annex,boundary,91034,v2,minus,0,10,10,True,3681.17171276359,368.11717127635904,13810.85856381795,146,139,10,0,0.18486337500507943,0,0,0,
annex,boundary,91034,v3,minus,0,10,10,True,4250.944497256054,425.0944497256054,17154.72248628027,130,120,10,0,0.06186237500514835,0,0,0,
annex,boundary,91034,v3_origin20,minus,0,10,10,True,4171.4994204529685,417.1499420452968,16127.49710226484,151,141,10,0,0.06951066700275987,0,0,0,
annex,boundary,91034,future_cover,plus,0,10,10,True,3931.8782842811856,393.18782842811856,15349.391421405928,137,127,10,0,0.07630991699988954,0,0,0,
annex,boundary,91034,joint,plus,0,10,10,True,4115.592567478667,411.5592567478667,15372.962837393332,171,136,10,0,0.019173417007550597,0,0,0,
annex,boundary,91034,optical,plus,0,10,10,True,3930.8714761268284,393.0871476126828,15374.357380634141,134,127,13,3,0.07529916701605543,0,0,0,
annex,boundary,91034,phased,plus,0,10,10,True,4594.875756888492,459.48757568884923,17339.378784442462,182,167,10,0,0.016949167009443045,0,0,0,
annex,boundary,91034,scenario,plus,0,10,10,True,3944.2548499382356,394.42548499382355,15386.274249691178,138,127,10,0,0.34533737497986294,29,6,0,
annex,boundary,91034,scenario_future,plus,0,10,10,True,3944.2548499382356,394.42548499382355,15386.274249691178,138,127,10,0,0.3375021670071874,29,6,0,
annex,boundary,91034,v2,plus,0,10,10,True,3609.999424607939,360.99994246079393,13474.997123039695,145,140,10,0,0.15905133399064653,0,0,0,
annex,boundary,91034,v3,plus,0,10,10,True,3931.8782842811856,393.18782842811856,15349.391421405928,137,127,10,0,0.060918834002222866,0,0,0,
annex,boundary,91034,v3_origin20,plus,0,10,10,True,3732.9065690993198,373.29065690993195,13754.532845496598,157,147,10,0,0.06569229098386131,0,0,0,
annex,boundary,91034,future_cover,smooth,0,10,10,True,3945.8149438606806,394.5814943860681,15389.074719303402,138,128,10,0,0.08484520899946801,0,0,0,
annex,boundary,91034,joint,smooth,0,10,10,True,4199.124641586007,419.9124641586007,15800.623207930035,171,134,10,0,0.023431833018548787,0,0,0,
annex,boundary,91034,optical,smooth,0,10,10,True,3930.04985572443,393.004985572443,15390.24927862215,134,126,12,2,0.0800353329977952,0,0,0,
annex,boundary,91034,phased,smooth,0,10,10,True,4805.674664795037,480.56746647950365,18423.373323975185,181,166,10,0,0.023696167016169056,0,0,0,
annex,boundary,91034,scenario,smooth,0,10,10,True,3947.654551867855,394.7654551867855,15398.272759339274,138,128,10,0,0.5104034160031006,27,3,0,
annex,boundary,91034,scenario_future,smooth,0,10,10,True,3947.654551867855,394.7654551867855,15398.272759339274,138,128,10,0,0.7632157079933677,27,3,0,
annex,boundary,91034,v2,smooth,0,10,10,True,3698.4796776970115,369.84796776970114,13812.398388485059,149,141,10,0,0.19666783302091062,0,0,0,
annex,boundary,91034,v3,smooth,0,10,10,True,3945.8149438606806,394.5814943860681,15389.074719303402,138,128,10,0,0.0655072089866735,0,0,0,
annex,boundary,91034,v3_origin20,smooth,0,10,10,True,3728.2311154489075,372.82311154489076,13781.155577244537,155,147,10,0,0.06602312499308027,0,0,0,
annex,boundary,91035,future_cover,alternating,0,15,15,True,4516.194790859629,301.0796527239753,18515.973954298148,124,118,15,0,0.09723108398611657,0,0,0,
annex,boundary,91035,joint,alternating,0,15,15,True,5157.045211392758,343.8030140928505,20305.226056963787,179,126,15,0,0.02696391599602066,0,0,0,
annex,boundary,91035,optical,alternating,0,15,15,True,4559.793305099038,303.98622033993587,18598.96652549519,124,118,24,9,0.0959448330104351,0,0,0,
annex,boundary,91035,phased,alternating,0,15,15,True,5357.203417534525,357.1468945023017,20356.017087672626,207,176,15,0,0.02558108401717618,0,0,0,
annex,boundary,91035,scenario,alternating,0,15,15,True,4480.118088740356,298.67453924935705,18405.59044370178,122,114,15,0,0.29814333299873397,31,6,0,
annex,boundary,91035,scenario_future,alternating,0,15,15,True,4480.118088740356,298.67453924935705,18405.59044370178,122,114,15,0,0.30900358301005326,31,6,0,
annex,boundary,91035,v2,alternating,0,15,15,True,3963.494543560543,264.2329695707029,15337.472717802717,138,131,15,0,0.18149704099050723,0,0,0,
annex,boundary,91035,v3,alternating,0,15,15,True,4516.194790859629,301.0796527239753,18515.973954298148,124,118,15,0,0.0676473340135999,0,0,0,
annex,boundary,91035,v3_origin20,alternating,0,15,15,True,4311.13446244897,287.40896416326467,16915.672312244853,143,138,15,0,0.08039699998334982,0,0,0,
annex,boundary,91035,future_cover,hash,0,15,15,True,4495.945497710258,299.7296998473505,18504.72748855129,121,115,15,0,0.15261729201301932,0,0,0,
annex,boundary,91035,joint,hash,0,15,15,True,5114.509999959342,340.9673333306228,20077.54999979671,179,129,15,0,0.04494225000962615,0,0,0,
annex,boundary,91035,optical,hash,0,15,15,True,4488.959278669166,299.2639519112778,18509.796393345834,117,112,20,5,0.1182419579999987,0,0,0,
annex,boundary,91035,phased,hash,0,15,15,True,5366.9341180417705,357.7956078694514,20404.67059020885,207,176,15,0,0.048591499973554164,0,0,0,
annex,boundary,91035,scenario,hash,0,15,15,True,4472.826549532413,298.1884366354942,18364.132747662065,122,115,15,0,0.4917943330074195,31,3,0,
annex,boundary,91035,scenario_future,hash,0,15,15,True,4472.826549532413,298.1884366354942,18364.132747662065,122,115,15,0,0.5844496670179069,31,3,0,
annex,boundary,91035,v2,hash,0,15,15,True,3979.2983510146723,265.2865567343115,15271.491755073363,143,135,15,0,0.27972658301587217,0,0,0,
annex,boundary,91035,v3,hash,0,15,15,True,4495.945497710258,299.7296998473505,18504.72748855129,121,115,15,0,0.10457937500905246,0,0,0,
annex,boundary,91035,v3_origin20,hash,0,15,15,True,4294.263203718327,286.28421358122176,16976.31601859163,138,134,15,0,0.11139258299954236,0,0,0,
annex,boundary,91035,future_cover,minus,0,15,15,True,4504.455691899495,300.297046126633,18517.278459497473,122,116,15,0,0.10127975000068545,0,0,0,
annex,boundary,91035,joint,minus,0,15,15,True,5113.774197446932,340.91827982979544,20073.87098723466,179,129,15,0,0.04232570799649693,0,0,0,
annex,boundary,91035,optical,minus,0,15,15,True,4499.337096038871,299.9558064025914,18561.685480194355,118,113,18,3,0.09391708299517632,0,0,0,
annex,boundary,91035,phased,minus,0,15,15,True,5232.924974923414,348.8616649948943,19724.62487461707,207,178,15,0,0.05041679201531224,0,0,0,
annex,boundary,91035,scenario,minus,0,15,15,True,4470.7718727329175,298.0514581821945,18383.85936366459,121,114,15,0,0.31922537498758174,32,6,0,
annex,boundary,91035,scenario_future,minus,0,15,15,True,4470.7718727329175,298.0514581821945,18383.85936366459,121,114,15,0,0.3338778750039637,32,6,0,
annex,boundary,91035,v2,minus,0,15,15,True,3948.2142552590803,263.2142836839387,15266.071276295403,138,130,15,0,0.1549022090039216,0,0,0,
annex,boundary,91035,v3,minus,0,15,15,True,4504.455691899495,300.297046126633,18517.278459497473,122,116,15,0,0.06801770901074633,0,0,0,
annex,boundary,91035,v3_origin20,minus,0,15,15,True,4309.968222508467,287.33121483389783,16949.841112542334,142,135,15,0,0.07299220800632611,0,0,0,
annex,boundary,91035,future_cover,plus,0,15,15,True,4157.928448250232,277.19522988334876,16579.642241251157,129,122,15,0,0.1752846660092473,0,0,0,
annex,boundary,91035,joint,plus,0,15,15,True,5122.237697457405,341.48251316382704,20116.188487287025,179,129,15,0,0.03827416698914021,0,0,0,
annex,boundary,91035,optical,plus,0,15,15,True,4154.078386007887,276.9385590671925,16595.391930039437,124,119,22,7,0.15102641700650565,0,0,0,
annex,boundary,91035,phased,plus,0,15,15,True,5362.574926799553,357.5049951199702,20372.874633997766,207,178,15,0,0.03014079201966524,0,0,0,
annex,boundary,91035,scenario,plus,0,15,15,True,4473.300900374796,298.22006002498637,18396.50450187398,121,114,15,0,0.5591420830169227,31,4,0,
annex,boundary,91035,scenario_future,plus,0,15,15,True,4473.300900374796,298.22006002498637,18396.50450187398,121,114,15,0,0.5929865000071004,31,4,0,
annex,boundary,91035,v2,plus,0,15,15,True,4190.71016252682,279.380677501788,16233.5508126341,146,139,15,0,0.22761158298817463,0,0,0,
annex,boundary,91035,v3,plus,0,15,15,True,4157.928448250232,277.19522988334876,16579.642241251157,129,122,15,0,0.11586508300388232,0,0,0,
annex,boundary,91035,v3_origin20,plus,0,15,15,True,4077.6463355817586,271.8430890387839,15543.231677908792,150,144,15,0,0.11957429099129513,0,0,0,
annex,boundary,91035,future_cover,smooth,0,15,15,True,4164.02856772824,277.601904515216,16575.1428386412,130,124,15,0,0.2748465839831624,0,0,0,
annex,boundary,91035,joint,smooth,0,15,15,True,5103.843873404438,340.2562582269626,20054.219367022193,178,128,15,0,0.09255129098892212,0,0,0,
annex,boundary,91035,optical,smooth,0,15,15,True,4149.3358515786,276.62239010524,16601.679257893004,124,119,20,5,0.22537291698972695,0,0,0,
annex,boundary,91035,phased,smooth,0,15,15,True,5317.598877467182,354.5065918311455,20267.99438733591,203,174,15,0,0.09408604199416004,0,0,0,
annex,boundary,91035,scenario,smooth,0,15,15,True,4487.435855740055,299.1623903826703,18557.179278700274,118,111,15,0,0.8510818750073668,30,5,0,
annex,boundary,91035,scenario_future,smooth,0,15,15,True,4487.435855740055,299.1623903826703,18557.179278700274,118,111,15,0,0.8544116249831859,30,5,0,
annex,boundary,91035,v2,smooth,0,15,15,True,4218.899657042373,281.2599771361582,16289.498285211868,149,141,15,0,0.4660184170061257,0,0,0,
annex,boundary,91035,v3,smooth,0,15,15,True,4164.02856772824,277.601904515216,16575.1428386412,130,124,15,0,0.20893350002006628,0,0,0,
annex,boundary,91035,v3_origin20,smooth,0,15,15,True,4092.315262926709,272.82101752844727,15556.576314633545,152,146,15,0,0.2168814999749884,0,0,0,
annex,boundary,91036,future_cover,alternating,0,12,12,True,3846.965863171743,320.5804885976452,15164.829315858715,127,119,12,0,0.07463824999285862,0,0,0,
annex,boundary,91036,joint,alternating,0,12,12,True,4595.204713955931,382.9337261629942,17436.023569779656,182,138,12,0,0.020754333992954344,0,0,0,
annex,boundary,91036,optical,alternating,0,12,12,True,3843.280680710346,320.2733900591955,15206.40340355173,123,118,15,3,0.06430116700357758,0,0,0,
annex,boundary,91036,phased,alternating,0,12,12,True,4956.446609980756,413.03721749839633,18827.233049903778,192,171,12,0,0.01864312498946674,0,0,0,
annex,boundary,91036,scenario,alternating,0,12,12,True,4134.1513194480995,344.51260995400827,16700.7565972405,124,114,12,0,0.26313150001806207,29,5,0,
annex,boundary,91036,scenario_future,alternating,0,12,12,True,4134.1513194480995,344.51260995400827,16700.7565972405,124,114,12,0,0.2851211249944754,29,5,0,
annex,boundary,91036,v2,alternating,0,12,12,True,3968.1625711383485,330.68021426152904,14985.812855691742,153,146,12,0,0.13064595899777487,0,0,0,
annex,boundary,91036,v3,alternating,0,12,12,True,3846.965863171743,320.5804885976452,15164.829315858715,127,119,12,0,0.05226437500095926,0,0,0,
annex,boundary,91036,v3_origin20,alternating,0,12,12,True,3846.512731590123,320.54272763251026,14507.563657950615,149,140,12,0,0.05619608299457468,0,0,0,
annex,boundary,91036,future_cover,hash,0,12,12,True,4157.5154283713255,346.45961903094377,16807.57714185663,124,116,12,0,0.12644870800431818,0,0,0,
annex,boundary,91036,joint,hash,0,12,12,True,4590.243627258468,382.52030227153904,17441.21813629234,181,137,12,0,0.04531712498283014,0,0,0,
annex,boundary,91036,optical,hash,0,12,12,True,4161.986693616569,346.8322244680474,16804.933468082843,121,115,19,7,0.1101882919901982,0,0,0,
annex,boundary,91036,phased,hash,0,12,12,True,4850.841720810294,404.23681006752446,18379.20860405147,189,170,12,0,0.030890458001522347,0,0,0,
annex,boundary,91036,scenario,hash,0,12,12,True,4095.2335013344136,341.26945844453445,16581.167506672067,121,114,12,0,0.45389441601582803,28,2,0,
annex,boundary,91036,scenario_future,hash,0,12,12,True,4095.2335013344136,341.26945844453445,16581.167506672067,121,114,12,0,0.48929845800739713,28,2,0,
annex,boundary,91036,v2,hash,0,12,12,True,3957.5258293408597,329.7938191117383,14962.6291467043,152,145,12,0,0.28367487498326227,0,0,0,
annex,boundary,91036,v3,hash,0,12,12,True,4157.5154283713255,346.45961903094377,16807.57714185663,124,116,12,0,0.09407725001801737,0,0,0,
annex,boundary,91036,v3_origin20,hash,0,12,12,True,3987.682111370867,332.3068426142389,15358.410556854335,144,136,12,0,0.10740695800632238,0,0,0,
annex,boundary,91036,future_cover,minus,0,12,12,True,4138.736239748382,344.8946866456985,16768.68119874191,122,115,12,0,0.06408270800602622,0,0,0,
annex,boundary,91036,joint,minus,0,12,12,True,4594.835268003237,382.9029390002697,17434.176340016184,182,138,12,0,0.01984358299523592,0,0,0,
annex,boundary,91036,optical,minus,0,12,12,True,4139.913990295418,344.9928325246182,16789.569951477093,119,115,16,4,0.05545491699012928,0,0,0,
annex,boundary,91036,phased,minus,0,12,12,True,4862.304868834778,405.1920724028982,18346.52434417389,192,173,12,0,0.020084082992980257,0,0,0,
annex,boundary,91036,scenario,minus,0,12,12,True,4104.985374217366,342.0821145181139,16604.92687108683,122,114,12,0,0.26202179200481623,29,3,0,
annex,boundary,91036,scenario_future,minus,0,12,12,True,4104.985374217366,342.0821145181139,16604.92687108683,122,114,12,0,0.27193662500940263,29,3,0,
annex,boundary,91036,v2,minus,0,12,12,True,3963.9069139730254,330.3255761644188,15049.534569865127,150,144,12,0,0.13911854202160612,0,0,0,
annex,boundary,91036,v3,minus,0,12,12,True,4138.736239748382,344.8946866456985,16768.68119874191,122,115,12,0,0.049957541981711984,0,0,0,
annex,boundary,91036,v3_origin20,minus,0,12,12,True,3989.8858176476065,332.4904848039672,15364.429088238032,144,137,12,0,0.06000591698102653,0,0,0,
annex,boundary,91036,future_cover,plus,0,12,12,True,3850.996772254101,320.91639768784177,15174.983861270504,127,121,12,0,0.14763429202139378,0,0,0,
annex,boundary,91036,joint,plus,0,12,12,True,4708.693119436196,392.39109328634964,18163.46559718098,177,131,12,0,0.037673709011869505,0,0,0,
annex,boundary,91036,optical,plus,0,12,12,True,3851.4438238942375,320.95365199118646,15197.219119471189,124,120,16,4,0.10471029201289639,0,0,0,
annex,boundary,91036,phased,plus,0,12,12,True,4946.25723529487,412.18810294123915,18776.28617647435,192,171,12,0,0.030928208987461403,0,0,0,
annex,boundary,91036,scenario,plus,0,12,12,True,4124.056350798443,343.67136256653697,16700.281753992218,122,114,12,0,0.48954875001800247,27,5,0,
annex,boundary,91036,scenario_future,plus,0,12,12,True,4124.056350798443,343.67136256653697,16700.281753992218,122,114,12,0,0.5559884160174988,27,5,0,
annex,boundary,91036,v2,plus,0,12,12,True,4022.8542369824027,335.2378530818669,15494.271184912013,145,139,12,0,0.21580683399224654,0,0,0,
annex,boundary,91036,v3,plus,0,12,12,True,3850.996772254101,320.91639768784177,15174.983861270504,127,121,12,0,0.08274787501432002,0,0,0,
annex,boundary,91036,v3_origin20,plus,0,12,12,True,3855.295277737144,321.27460647809534,14541.47638868572,149,142,12,0,0.09186187500017695,0,0,0,
annex,boundary,91036,future_cover,smooth,0,12,12,True,4146.814445619133,345.5678704682611,16779.072228095665,123,116,12,0,0.16933674999745563,0,0,0,
annex,boundary,91036,joint,smooth,0,12,12,True,4599.754042501665,383.31283687513877,17458.770212508323,182,138,12,0,0.04737325001042336,0,0,0,
annex,boundary,91036,optical,smooth,0,12,12,True,4153.4353462442405,346.11961218702004,16797.176731221203,121,114,17,5,0.1419230829924345,0,0,0,
annex,boundary,91036,phased,smooth,0,12,12,True,4866.420688386165,405.53505736551375,18367.103441930827,192,173,12,0,0.03781854099361226,0,0,0,
annex,boundary,91036,scenario,smooth,0,12,12,True,4089.126169857005,340.7605141547504,16610.630849285026,119,112,12,0,0.5010617499938235,26,3,0,
annex,boundary,91036,scenario_future,smooth,0,12,12,True,4089.126169857005,340.7605141547504,16610.630849285026,119,112,12,0,0.4658829170220997,26,3,0,
annex,boundary,91036,v2,smooth,0,12,12,True,3968.540098628263,330.7116748856886,15072.700493141316,150,144,12,0,0.2989272080012597,0,0,0,
annex,boundary,91036,v3,smooth,0,12,12,True,4146.814445619133,345.5678704682611,16779.072228095665,123,116,12,0,0.10812529199756682,0,0,0,
annex,boundary,91036,v3_origin20,smooth,0,12,12,True,3985.2996624981556,332.1083052081796,15371.498312490778,143,136,12,0,0.12403179198736325,0,0,0,
annex,boundary,91037,future_cover,alternating,0,15,15,True,4375.214317312273,291.6809544874849,17861.071586561367,122,118,15,0,0.0786857909988612,0,0,0,
annex,boundary,91037,joint,alternating,0,15,15,True,5351.181127468384,356.7454084978923,21305.905637341923,179,120,15,0,0.025756999995792285,0,0,0,
annex,boundary,91037,optical,alternating,0,15,15,True,4392.668159539369,292.8445439692913,17888.34079769685,121,117,21,6,0.07518516699201427,0,0,0,
annex,boundary,91037,phased,alternating,0,15,15,True,5368.2434529041475,357.8828968602765,20431.217264520736,207,172,15,0,0.02369954201276414,0,0,0,
annex,boundary,91037,scenario,alternating,0,15,15,True,4254.494170422967,283.6329446948645,17327.470852114835,121,109,15,0,0.2711085409973748,30,3,0,
annex,boundary,91037,scenario_future,alternating,0,15,15,True,4254.494170422967,283.6329446948645,17327.470852114835,121,109,15,0,0.295728708995739,30,3,0,
annex,boundary,91037,v2,alternating,0,15,15,True,4332.315707566026,288.82104717106836,17056.57853783013,142,136,15,0,0.15974787500454113,0,0,0,
annex,boundary,91037,v3,alternating,0,15,15,True,4375.214317312273,291.6809544874849,17861.071586561367,122,118,15,0,0.05723012497765012,0,0,0,
annex,boundary,91037,v3_origin20,alternating,0,15,15,True,4102.6824498156675,273.5121633210445,15823.412249078337,146,133,15,0,0.06508054098230787,0,0,0,
annex,boundary,91037,future_cover,hash,0,15,15,True,4257.049377770903,283.80329185139357,17215.24688885452,125,114,15,0,0.16638733298168518,0,0,0,
annex,boundary,91037,joint,hash,0,15,15,True,5349.698316471788,356.6465544314525,21298.491582358936,179,120,15,0,0.04300141701241955,0,0,0,
annex,boundary,91037,optical,hash,0,15,15,True,4245.639623480903,283.0426415653935,17228.198117404514,119,109,22,7,0.1241038329899311,0,0,0,
annex,boundary,91037,phased,hash,0,15,15,True,5350.261153947775,356.68407692985164,20401.305769738876,205,170,15,0,0.038145124999573454,0,0,0,
annex,boundary,91037,scenario,hash,0,15,15,True,4214.723047668995,280.9815365112663,17173.615238344973,119,110,15,0,0.5067846669990104,26,5,0,
annex,boundary,91037,scenario_future,hash,0,15,15,True,4214.723047668995,280.9815365112663,17173.615238344973,119,110,15,0,0.5419581669848412,26,5,0,
annex,boundary,91037,v2,hash,0,15,15,True,4049.533580062208,269.9689053374805,15857.667900311038,135,128,15,0,0.26146479198359884,0,0,0,
annex,boundary,91037,v3,hash,0,15,15,True,4257.049377770903,283.80329185139357,17215.24688885452,125,114,15,0,0.11305095799616538,0,0,0,
annex,boundary,91037,v3_origin20,hash,0,15,15,True,4088.5882317872934,272.57254878581955,15767.941158936466,145,135,15,0,0.11099083299632184,0,0,0,
annex,boundary,91037,future_cover,minus,0,15,15,True,4250.812247106788,283.38748314045256,17209.06123553394,124,114,15,0,0.08066300000064075,0,0,0,
annex,boundary,91037,joint,minus,0,15,15,True,5347.913196740213,356.52754644934754,21289.565983701064,179,120,15,0,0.022306958999251947,0,0,0,
annex,boundary,91037,optical,minus,0,15,15,True,4264.01091135466,284.26739409031063,17245.0545567733,121,111,23,8,0.07585520800785162,0,0,0,
annex,boundary,91037,phased,minus,0,15,15,True,5354.1069446372,356.9404629758134,20360.534723186003,207,172,15,0,0.022308000014163554,0,0,0,
annex,boundary,91037,scenario,minus,0,15,15,True,4234.767307789103,282.31782051927354,17223.836538945518,121,110,15,0,0.2554370829893742,30,6,0,
annex,boundary,91037,scenario_future,minus,0,15,15,True,4234.767307789103,282.31782051927354,17223.836538945518,121,110,15,0,0.28016875000321306,30,6,0,
annex,boundary,91037,v2,minus,0,15,15,True,4333.173139492157,288.87820929947713,17030.865697460787,143,137,15,0,0.16605170798720792,0,0,0,
annex,boundary,91037,v3,minus,0,15,15,True,4250.812247106788,283.38748314045256,17209.06123553394,124,114,15,0,0.05664574998081662,0,0,0,
annex,boundary,91037,v3_origin20,minus,0,15,15,True,4106.557586326728,273.77050575511515,15797.787931633637,147,137,15,0,0.06501629098784178,0,0,0,
annex,boundary,91037,future_cover,plus,0,15,15,True,4388.6075462919625,292.57383641946416,17873.03773145981,124,119,15,0,0.17171679198509082,0,0,0,
annex,boundary,91037,joint,plus,0,15,15,True,5353.779421245567,356.91862808303785,21318.897106227836,179,120,15,0,0.05544512500637211,0,0,0,
annex,boundary,91037,optical,plus,0,15,15,True,4390.468460122549,292.6978973415033,17892.342300612745,121,117,20,5,0.1449281249952037,0,0,0,
annex,boundary,91037,phased,plus,0,15,15,True,5392.233385568959,359.4822257045973,20551.166927844795,207,172,15,0,0.07642291698721237,0,0,0,
annex,boundary,91037,scenario,plus,0,15,15,True,4247.20566900839,283.14704460055935,17311.02834504195,120,110,15,0,0.5097592500096653,28,4,0,
annex,boundary,91037,scenario_future,plus,0,15,15,True,4247.20566900839,283.14704460055935,17311.02834504195,120,110,15,0,0.4815262499905657,28,4,0,
annex,boundary,91037,v2,plus,0,15,15,True,4062.702697587355,270.8468465058237,15863.513487936776,137,130,15,0,0.3015451669925824,0,0,0,
annex,boundary,91037,v3,plus,0,15,15,True,4388.6075462919625,292.57383641946416,17873.03773145981,124,119,15,0,0.160268207982881,0,0,0,
annex,boundary,91037,v3_origin20,plus,0,15,15,True,4177.57049303096,278.5046995353974,16302.8524651548,141,137,15,0,0.13206929099396802,0,0,0,
annex,boundary,91037,future_cover,smooth,0,15,15,True,4270.467756774553,284.69785045163684,17217.338783872765,127,117,15,0,0.11402929201722145,0,0,0,
annex,boundary,91037,joint,smooth,0,15,15,True,5350.367753188857,356.6911835459238,21301.838765944285,179,120,15,0,0.040519375004805624,0,0,0,
annex,boundary,91037,optical,smooth,0,15,15,True,4261.3734366932895,284.0915624462193,17211.867183466446,122,113,22,7,0.13316254198434763,0,0,0,
annex,boundary,91037,phased,smooth,0,15,15,True,5349.3782963396425,356.62521975597616,20426.89148169821,204,169,15,0,0.03719654199085198,0,0,0,
annex,boundary,91037,scenario,smooth,0,15,15,True,4245.379745359427,283.02531635729514,17386.898726797135,117,108,15,0,0.3842117089952808,31,4,0,
annex,boundary,91037,scenario_future,smooth,0,15,15,True,4245.379745359427,283.02531635729514,17386.898726797135,117,108,15,0,0.403905749990372,31,4,0,
annex,boundary,91037,v2,smooth,0,15,15,True,4350.474160813383,290.03161072089216,17152.370804066915,142,135,15,0,0.2941629999841098,0,0,0,
annex,boundary,91037,v3,smooth,0,15,15,True,4270.467756774553,284.69785045163684,17217.338783872765,127,117,15,0,0.11272562498925254,0,0,0,
annex,boundary,91037,v3_origin20,smooth,0,15,15,True,4126.237804973464,275.0825203315643,15816.18902486732,150,138,15,0,0.12432704100501724,0,0,0,
annex,boundary,91038,future_cover,alternating,0,13,13,True,3771.0327635874773,290.0794433528829,14675.163817937388,130,121,13,0,0.07570758400834166,0,0,0,
annex,boundary,91038,joint,alternating,0,13,13,True,4605.657670228069,354.281359248313,17938.288351140345,167,118,13,0,0.019253917009336874,0,0,0,
annex,boundary,91038,optical,alternating,0,13,13,True,3771.194636997353,290.09189515364255,14685.973184986764,127,119,18,5,0.06768533398280852,0,0,0,
annex,boundary,91038,phased,alternating,0,13,13,True,5062.542760518207,389.4263661937082,19202.71380259103,197,172,13,0,0.019083082996075973,0,0,0,
annex,boundary,91038,scenario,alternating,0,13,13,True,4052.8981710834896,311.76139777565305,16154.490855417447,128,117,13,0,0.24068166699726135,30,4,0,
annex,boundary,91038,scenario_future,alternating,0,13,13,True,4052.8981710834896,311.76139777565305,16154.490855417447,128,117,13,0,0.2569291250256356,30,4,0,
annex,boundary,91038,v2,alternating,0,13,13,True,3674.6726106846363,282.6671238988182,14038.363053423182,135,127,13,0,0.13918320799712092,0,0,0,
annex,boundary,91038,v3,alternating,0,13,13,True,3771.0327635874773,290.0794433528829,14675.163817937388,130,121,13,0,0.05390270799398422,0,0,0,
annex,boundary,91038,v3_origin20,alternating,0,13,13,True,3819.7405033415534,293.82619256473487,14408.702516707768,147,138,13,0,0.058428749995073304,0,0,0,
annex,boundary,91038,future_cover,hash,0,13,13,True,3744.0712868904825,288.0054836069602,14730.356434452413,123,118,13,0,0.13297841598978266,0,0,0,
annex,boundary,91038,joint,hash,0,13,13,True,4596.246875228804,353.55745194067725,17891.23437614402,167,118,13,0,0.04110066598514095,0,0,0,
annex,boundary,91038,optical,hash,0,13,13,True,3755.435677574257,288.87966750571206,14757.178387871285,122,117,17,4,0.10648799999034964,0,0,0,
annex,boundary,91038,phased,hash,0,13,13,True,5114.799422220848,393.4461094016037,19553.99711110424,194,169,13,0,0.034275832993444055,0,0,0,
annex,boundary,91038,scenario,hash,0,13,13,True,3923.217431702767,301.7859562848282,15731.087158513836,120,112,13,0,0.40930558400577866,25,3,0,
annex,boundary,91038,scenario_future,hash,0,13,13,True,3923.217431702767,301.7859562848282,15731.087158513836,120,112,13,0,0.44908616598695517,25,3,0,
annex,boundary,91038,v2,hash,0,13,13,True,3656.1847419216865,281.24498014782205,14010.923709608433,133,124,13,0,0.26638562500011176,0,0,0,
annex,boundary,91038,v3,hash,0,13,13,True,3744.0712868904825,288.0054836069602,14730.356434452413,123,118,13,0,0.09195658299722709,0,0,0,
annex,boundary,91038,v3_origin20,hash,0,13,13,True,3791.8873172471494,291.68363978824226,14439.436586235748,141,134,13,0,0.09529866700177081,0,0,0,
annex,boundary,91038,future_cover,minus,0,13,13,True,3762.622292471926,289.432484036302,14698.11146235963,128,118,13,0,0.07095279102213681,0,0,0,
annex,boundary,91038,joint,minus,0,13,13,True,4597.827272544791,353.679020964984,17899.13636272396,167,118,13,0,0.020035083987750113,0,0,0,
annex,boundary,91038,optical,minus,0,13,13,True,3742.982869499886,287.9217591922989,14714.914347499429,122,116,16,3,0.05810533300973475,0,0,0,
annex,boundary,91038,phased,minus,0,13,13,True,5003.289996507873,384.8684612698364,18911.449982539365,197,171,13,0,0.01790354200056754,0,0,0,
annex,boundary,91038,scenario,minus,0,13,13,True,4029.2019507317673,309.9386115947513,16186.009753658836,123,112,13,0,0.20852370801731013,28,3,0,
annex,boundary,91038,scenario_future,minus,0,13,13,True,4029.2019507317673,309.9386115947513,16186.009753658836,123,112,13,0,0.226123665983323,28,3,0,
annex,boundary,91038,v2,minus,0,13,13,True,3671.6970363928617,282.43823356868165,14033.485181964308,135,125,13,0,0.14654054198763333,0,0,0,
annex,boundary,91038,v3,minus,0,13,13,True,3762.622292471926,289.432484036302,14698.11146235963,128,118,13,0,0.05168758300715126,0,0,0,
annex,boundary,91038,v3_origin20,minus,0,13,13,True,3804.1946988912377,292.63036145317216,14425.973494456188,144,134,13,0,0.051229875010903925,0,0,0,
annex,boundary,91038,future_cover,plus,0,13,13,True,3987.948948581388,306.76530373702985,15719.74474290694,131,124,13,0,0.10463137499755248,0,0,0,
annex,boundary,91038,joint,plus,0,13,13,True,4599.816299057652,353.83202300443475,17909.08149528826,167,118,13,0,0.03962374999537133,0,0,0,
annex,boundary,91038,optical,plus,0,13,13,True,3982.8872133386167,306.3759394875859,15734.436066693082,128,122,16,3,0.09916199999861419,0,0,0,
annex,boundary,91038,phased,plus,0,13,13,True,5131.955976377326,394.76584433671735,19549.77988188663,197,172,13,0,0.03353558300295845,0,0,0,
annex,boundary,91038,scenario,plus,0,13,13,True,3993.5019313841085,307.192456260316,15832.509656920542,128,122,13,0,0.3349582079972606,27,3,0,
annex,boundary,91038,scenario_future,plus,0,13,13,True,3993.5019313841085,307.192456260316,15832.509656920542,128,122,13,0,0.3570395830029156,27,3,0,
annex,boundary,91038,v2,plus,0,13,13,True,3691.6012967904817,283.96933052234476,14183.006483952408,133,125,13,0,0.23970199999166653,0,0,0,
annex,boundary,91038,v3,plus,0,13,13,True,3987.948948581388,306.76530373702985,15719.74474290694,131,124,13,0,0.08434083400061354,0,0,0,
annex,boundary,91038,v3_origin20,plus,0,13,13,True,3760.0140588231143,289.2318506787011,14060.07029411557,148,143,13,0,0.08247020898852497,0,0,0,
annex,boundary,91038,future_cover,smooth,0,13,13,True,3979.543044661565,306.1186957431973,15732.715223307825,129,123,13,0,0.09579199997824617,0,0,0,
annex,boundary,91038,joint,smooth,0,13,13,True,4600.869913787579,353.91307029135226,17914.349568937898,167,118,13,0,0.03329270798712969,0,0,0,
annex,boundary,91038,optical,smooth,0,13,13,True,3995.9700324296896,307.3823101868992,15759.850162148448,129,122,17,4,0.09054029200342484,0,0,0,
annex,boundary,91038,phased,smooth,0,13,13,True,5043.285185212515,387.94501424711655,19166.425926062577,195,170,13,0,0.02777466698898934,0,0,0,
annex,boundary,91038,scenario,smooth,0,13,13,True,3988.0973834163647,306.7767218012588,15780.486917081824,129,122,13,0,0.3391832089982927,28,2,0,
annex,boundary,91038,scenario_future,smooth,0,13,13,True,3988.0973834163647,306.7767218012588,15780.486917081824,129,122,13,0,0.36532062498736195,28,2,0,
annex,boundary,91038,v2,smooth,0,13,13,True,3677.849550406364,282.9115038774126,14024.247752031819,136,128,13,0,0.22907787500298582,0,0,0,
annex,boundary,91038,v3,smooth,0,13,13,True,3979.543044661565,306.1186957431973,15732.715223307825,129,123,13,0,0.08183429198106751,0,0,0,
annex,boundary,91038,v3_origin20,smooth,0,13,13,True,3777.337084800509,290.5643911385007,14116.685424002544,149,144,13,0,0.07669704200816341,0,0,0,
annex,boundary,91039,future_cover,alternating,0,11,11,True,3693.4878614582826,335.7716237689348,14362.439307291414,129,121,11,0,0.0637417079997249,0,0,0,
annex,boundary,91039,joint,alternating,0,11,11,True,4538.121569935992,412.55650635781745,17190.60784967996,181,140,11,0,0.017610790993785486,0,0,0,
annex,boundary,91039,optical,alternating,0,11,11,True,3710.7709006729647,337.3428091520877,14403.854503364822,128,120,16,5,0.06516408300376497,0,0,0,
annex,boundary,91039,phased,alternating,0,11,11,True,4897.107710630053,445.1916100572775,18695.53855315026,187,168,11,0,0.015540166001301259,0,0,0,
annex,boundary,91039,scenario,alternating,0,11,11,True,3645.8360366547404,331.4396396958855,14014.180183273702,133,123,11,0,0.26729995899950154,29,4,0,
annex,boundary,91039,scenario_future,alternating,0,11,11,True,3645.8360366547404,331.4396396958855,14014.180183273702,133,123,11,0,0.28341237499262206,29,4,0,
annex,boundary,91039,v2,alternating,0,11,11,True,3864.5743601770764,351.3249418342797,14462.871800885381,154,147,11,0,0.12195062500541098,0,0,0,
annex,boundary,91039,v3,alternating,0,11,11,True,3693.4878614582826,335.7716237689348,14362.439307291414,129,121,11,0,0.049579333019210026,0,0,0,
annex,boundary,91039,v3_origin20,alternating,0,11,11,True,3985.4551375476467,362.3141034134224,15382.275687738234,144,134,11,0,0.048919666005531326,0,0,0,
annex,boundary,91039,future_cover,hash,0,11,11,True,3690.83059859846,335.5300544180418,14344.1529929923,129,122,11,0,0.11447870900155976,0,0,0,
annex,boundary,91039,joint,hash,0,11,11,True,4538.932803193953,412.6302548358139,17194.664015969764,181,140,11,0,0.03508000000147149,0,0,0,
annex,boundary,91039,optical,hash,0,11,11,True,3706.22852210273,336.9298656457027,14381.14261051365,128,123,15,4,0.10534704200108536,0,0,0,
annex,boundary,91039,phased,hash,0,11,11,True,4804.484352449153,436.77130476810487,18282.421762245765,185,168,11,0,0.03233854100108147,0,0,0,
annex,boundary,91039,scenario,hash,0,11,11,True,3627.6512915160583,329.7864810469144,14013.256457580292,130,120,11,0,0.48965108397533186,29,6,0,
annex,boundary,91039,scenario_future,hash,0,11,11,True,3627.6512915160583,329.7864810469144,14013.256457580292,130,120,11,0,0.541842959006317,29,6,0,
annex,boundary,91039,v2,hash,0,11,11,True,3879.248446277267,352.6589496615697,14481.242231386334,156,148,11,0,0.23525104200234637,0,0,0,
annex,boundary,91039,v3,hash,0,11,11,True,3690.83059859846,335.5300544180418,14344.1529929923,129,122,11,0,0.09361695797997527,0,0,0,
annex,boundary,91039,v3_origin20,hash,0,11,11,True,3774.2447818036426,343.11316198214934,14226.223909018214,147,139,11,0,0.09906387500814162,0,0,0,
annex,boundary,91039,future_cover,minus,0,11,11,True,3905.8002849156023,355.07275317414565,15529.001424578011,126,115,11,0,0.05954308301443234,0,0,0,
annex,boundary,91039,joint,minus,0,11,11,True,4592.568914604868,417.5062649640789,17717.84457302434,173,129,11,0,0.015831500000786036,0,0,0,
annex,boundary,91039,optical,minus,0,11,11,True,3913.274074107434,355.75218855522127,15531.37037053717,125,115,15,4,0.05664808300207369,0,0,0,
annex,boundary,91039,phased,minus,0,11,11,True,4812.852402176062,437.5320365614602,18264.262010880313,187,170,11,0,0.014181375008774921,0,0,0,
annex,boundary,91039,scenario,minus,0,11,11,True,3641.357018973446,331.0324562703133,13996.78509486723,133,122,11,0,0.2551242080226075,29,3,0,
annex,boundary,91039,scenario_future,minus,0,11,11,True,3641.357018973446,331.0324562703133,13996.78509486723,133,122,11,0,0.2651293329836335,29,3,0,
annex,boundary,91039,v2,minus,0,11,11,True,3631.8708936347475,330.1700812395225,13619.354468173738,143,138,11,0,0.11925283298478462,0,0,0,
annex,boundary,91039,v3,minus,0,11,11,True,3905.8002849156023,355.07275317414565,15529.001424578011,126,115,11,0,0.051386167004238814,0,0,0,
annex,boundary,91039,v3_origin20,minus,0,11,11,True,4005.370835140304,364.12462137639125,15431.85417570152,146,134,11,0,0.057164958998328075,0,0,0,
annex,boundary,91039,future_cover,plus,0,11,11,True,3700.7436888956227,336.4312444450566,14368.718444478114,130,122,11,0,0.09269091600435786,0,0,0,
annex,boundary,91039,joint,plus,0,11,11,True,4537.434389845549,412.49403544050443,17187.171949227744,181,140,11,0,0.02149183300207369,0,0,0,
annex,boundary,91039,optical,plus,0,11,11,True,3716.9861429130633,337.9078311739149,14384.930714565317,129,122,17,6,0.10880049999104813,0,0,0,
annex,boundary,91039,phased,plus,0,11,11,True,4886.429687440385,444.2208806763987,18642.148437201926,187,168,11,0,0.022676833003060892,0,0,0,
annex,boundary,91039,scenario,plus,0,11,11,True,3629.74882729506,329.97716611773274,14018.7441364753,130,121,11,0,0.3980279160023201,29,5,0,
annex,boundary,91039,scenario_future,plus,0,11,11,True,3629.74882729506,329.97716611773274,14018.7441364753,130,121,11,0,0.41976312501356006,29,5,0,
annex,boundary,91039,v2,plus,0,11,11,True,3858.7891614425735,350.7990146765976,14463.945807212867,153,146,11,0,0.17386341700330377,0,0,0,
annex,boundary,91039,v3,plus,0,11,11,True,3700.7436888956227,336.4312444450566,14368.718444478114,130,122,11,0,0.08175854099681601,0,0,0,
annex,boundary,91039,v3_origin20,plus,0,11,11,True,3796.3227771800184,345.12025247091077,14251.613885900091,150,141,11,0,0.09473166699171998,0,0,0,
annex,boundary,91039,future_cover,smooth,0,11,11,True,3911.3391669859893,355.57628790781723,15551.695834929946,126,116,11,0,0.07477100001415238,0,0,0,
annex,boundary,91039,joint,smooth,0,11,11,True,4591.091707824862,417.37197343862385,17710.45853912431,173,129,11,0,0.021085207990836352,0,0,0,
annex,boundary,91039,optical,smooth,0,11,11,True,3914.169104967953,355.83355499708665,15545.845524839766,125,116,14,3,0.07570466701872647,0,0,0,
annex,boundary,91039,phased,smooth,0,11,11,True,4809.444344988077,437.2222131807343,18307.221724940388,185,168,11,0,0.018405541981337592,0,0,0,
annex,boundary,91039,scenario,smooth,0,11,11,True,3593.4668373348527,326.67880339407753,13992.334186674263,125,115,11,0,0.32744420898961835,26,4,0,
annex,boundary,91039,scenario_future,smooth,0,11,11,True,3593.4668373348527,326.67880339407753,13992.334186674263,125,115,11,0,0.33364720799727365,26,4,0,
annex,boundary,91039,v2,smooth,0,11,11,True,3649.932729431066,331.8120663119151,13649.66364715533,145,140,11,0,0.17221958297886886,0,0,0,
annex,boundary,91039,v3,smooth,0,11,11,True,3911.3391669859893,355.57628790781723,15551.695834929946,126,116,11,0,0.06267787498654798,0,0,0,
annex,boundary,91039,v3_origin20,smooth,0,11,11,True,3991.3457471945153,362.84961338131956,15446.728735972576,143,132,11,0,0.06893958398723044,0,0,0,
annex,boundary,91040,future_cover,alternating,0,12,12,True,4116.887359095037,343.0739465912531,16459.436795475187,129,120,12,0,0.06483733298955485,0,0,0,
annex,boundary,91040,joint,alternating,0,12,12,True,4818.11402569197,401.5095021409975,18550.57012845985,182,138,12,0,0.020268958993256092,0,0,0,
annex,boundary,91040,optical,alternating,0,12,12,True,4116.283412281837,343.02361769015306,16466.41706140918,125,117,19,7,0.06249233297421597,0,0,0,
annex,boundary,91040,phased,alternating,0,12,12,True,5016.468207490283,418.0390172908569,19132.341037451417,192,170,12,0,0.01724975000252016,0,0,0,
annex,boundary,91040,scenario,alternating,0,12,12,True,4054.0944811896925,337.8412067658077,16050.472405948462,132,124,12,0,0.2434899580257479,27,4,0,
annex,boundary,91040,scenario_future,alternating,0,12,12,True,4054.0944811896925,337.8412067658077,16050.472405948462,132,124,12,0,0.2569554999936372,27,4,0,
annex,boundary,91040,v2,alternating,0,12,12,True,4270.701411029067,355.8917842524222,16533.507055145332,152,144,12,0,0.1297564159904141,0,0,0,
annex,boundary,91040,v3,alternating,0,12,12,True,4116.887359095037,343.0739465912531,16459.436795475187,129,120,12,0,0.05278091601212509,0,0,0,
annex,boundary,91040,v3_origin20,alternating,0,12,12,True,4232.158734437652,352.679894536471,16380.79367218826,151,141,12,0,0.06113104199175723,0,0,0,
annex,boundary,91040,future_cover,hash,0,12,12,True,4419.105035348826,368.2587529457355,18075.525176744133,126,114,12,0,0.10854991700034589,0,0,0,
annex,boundary,91040,joint,hash,0,12,12,True,4640.093008657734,386.6744173881445,17820.465043288666,177,131,12,0,0.037035209010355175,0,0,0,
annex,boundary,91040,optical,hash,0,12,12,True,4433.7608681922375,369.4800723493531,18108.804340961186,124,114,18,6,0.10089129098923877,0,0,0,
annex,boundary,91040,phased,hash,0,12,12,True,4999.935295988487,416.66127466570725,19109.676479942435,190,168,12,0,0.03028216600068845,0,0,0,
annex,boundary,91040,scenario,hash,0,12,12,True,4023.0948166252524,335.2579013854377,16135.474083126262,124,116,12,0,0.4861664169875439,26,4,0,
annex,boundary,91040,scenario_future,hash,0,12,12,True,4023.0948166252524,335.2579013854377,16135.474083126262,124,116,12,0,0.4980551250046119,26,4,0,
annex,boundary,91040,v2,hash,0,12,12,True,3759.613150195414,313.30109584961787,14168.065750977072,145,141,12,0,0.2505158330022823,0,0,0,
annex,boundary,91040,v3,hash,0,12,12,True,4419.105035348826,368.2587529457355,18075.525176744133,126,114,12,0,0.08611929099424742,0,0,0,
annex,boundary,91040,v3_origin20,hash,0,12,12,True,4549.9703014495035,379.1641917874586,18074.851507247517,148,135,12,0,0.09772841600351967,0,0,0,
annex,boundary,91040,future_cover,minus,0,12,12,True,4105.558314266749,342.1298595222291,16472.791571333746,127,116,12,0,0.06535220801015384,0,0,0,
annex,boundary,91040,joint,minus,0,12,12,True,4816.6873515803545,401.39061263169623,18543.43675790177,182,138,12,0,0.018201208004029468,0,0,0,
annex,boundary,91040,optical,minus,0,12,12,True,4122.007039105832,343.5005865921526,16500.03519552916,125,116,19,7,0.06797004098189063,0,0,0,
annex,boundary,91040,phased,minus,0,12,12,True,4942.621767885425,411.88514732378536,18758.10883942712,192,171,12,0,0.016901541996048763,0,0,0,
annex,boundary,91040,scenario,minus,0,12,12,True,4056.6816372998946,338.0568031083246,16158.408186499473,129,120,12,0,0.2548733750008978,27,4,0,
annex,boundary,91040,scenario_future,minus,0,12,12,True,4056.6816372998946,338.0568031083246,16158.408186499473,129,120,12,0,0.2710331669950392,27,4,0,
annex,boundary,91040,v2,minus,0,12,12,True,4270.224307795608,355.852025649634,16501.12153897804,153,145,12,0,0.12789225002052262,0,0,0,
annex,boundary,91040,v3,minus,0,12,12,True,4105.558314266749,342.1298595222291,16472.791571333746,127,116,12,0,0.052418500010389835,0,0,0,
annex,boundary,91040,v3_origin20,minus,0,12,12,True,4203.6607954764595,350.30506628970494,16368.303977382298,147,135,12,0,0.05600287500419654,0,0,0,
annex,boundary,91040,future_cover,plus,0,12,12,True,4430.3715244014,369.19762703345003,18106.857622007003,127,114,12,0,0.08041841600788757,0,0,0,
annex,boundary,91040,joint,plus,0,12,12,True,4632.338308554588,386.028192379549,17781.691542772944,177,131,12,0,0.023493583023082465,0,0,0,
annex,boundary,91040,optical,plus,0,12,12,True,4446.674952567919,370.55624604732657,18133.374762839594,125,114,19,7,0.0917384999920614,0,0,0,
annex,boundary,91040,phased,plus,0,12,12,True,5032.953394400818,419.41278286673486,19214.76697200409,192,170,12,0,0.022931208979571238,0,0,0,
annex,boundary,91040,scenario,plus,0,12,12,True,4049.302347360396,337.44186228003304,16096.51173680198,130,120,12,0,0.3557888329960406,26,4,0,
annex,boundary,91040,scenario_future,plus,0,12,12,True,4049.302347360396,337.44186228003304,16096.51173680198,130,120,12,0,0.3998326669970993,26,4,0,
annex,boundary,91040,v2,plus,0,12,12,True,3770.717215013806,314.2264345844838,14198.58607506903,146,141,12,0,0.1753807909844909,0,0,0,
annex,boundary,91040,v3,plus,0,12,12,True,4430.3715244014,369.19762703345003,18106.857622007003,127,114,12,0,0.07569487497676164,0,0,0,
annex,boundary,91040,v3_origin20,plus,0,12,12,True,4541.077978414163,378.42316486784694,18060.389892070816,147,134,12,0,0.07200912502594292,0,0,0,
annex,boundary,91040,future_cover,smooth,0,12,12,True,4117.650672253317,343.13755602110973,16488.253361266583,128,120,12,0,0.07764804098405875,0,0,0,
annex,boundary,91040,joint,smooth,0,12,12,True,4634.171155255985,386.1809296046654,17790.855776279925,177,131,12,0,0.023677250021137297,0,0,0,
annex,boundary,91040,optical,smooth,0,12,12,True,4103.155314433699,341.9296095361415,16480.776572168492,124,118,15,3,0.09414170801755972,0,0,0,
annex,boundary,91040,phased,smooth,0,12,12,True,4938.157865883604,411.51315549030033,18765.78932941802,191,170,12,0,0.021886833012104034,0,0,0,
annex,boundary,91040,scenario,smooth,0,12,12,True,4050.4115938474874,337.53429948729064,16177.057969237438,127,120,12,0,0.34305658302037045,26,4,0,
annex,boundary,91040,scenario_future,smooth,0,12,12,True,4050.4115938474874,337.53429948729064,16177.057969237438,127,120,12,0,0.4392373750160914,26,4,0,
annex,boundary,91040,v2,smooth,0,12,12,True,3786.7928639532374,315.5660719961031,14213.964319766188,148,144,12,0,0.19046858401270583,0,0,0,
annex,boundary,91040,v3,smooth,0,12,12,True,4117.650672253317,343.13755602110973,16488.253361266583,128,120,12,0,0.07000820801476948,0,0,0,
annex,boundary,91040,v3_origin20,smooth,0,12,12,True,4220.136905541369,351.67807546178074,16405.684527706842,148,139,12,0,0.07956441698479466,0,0,0,
annex,boundary,91041,future_cover,alternating,0,11,11,True,3953.443382654959,359.4039438777235,15627.216913274795,130,123,11,0,0.07610245799878612,0,0,0,
annex,boundary,91041,joint,alternating,0,11,11,True,4647.404061435535,422.4912783123214,17967.020307177678,174,129,11,0,0.018559707998065278,0,0,0,
annex,boundary,91041,optical,alternating,0,11,11,True,3964.990980030729,360.45372545733903,15634.954900153645,129,123,16,5,0.05816499999491498,0,0,0,
annex,boundary,91041,phased,alternating,0,11,11,True,4953.778409427019,450.34349176609265,18978.892047135098,187,168,11,0,0.0162642500072252,0,0,0,
annex,boundary,91041,scenario,alternating,0,11,11,True,3906.6039297028833,355.1458117911712,15518.019648514417,126,118,11,0,0.2197410830121953,25,3,0,
annex,boundary,91041,scenario_future,alternating,0,11,11,True,3906.6039297028833,355.1458117911712,15518.019648514417,126,118,11,0,0.21770141701563261,25,3,0,
annex,boundary,91041,v2,alternating,0,11,11,True,3745.392917407309,340.4902652188463,14136.964587036546,145,138,11,0,0.11569629202131182,0,0,0,
annex,boundary,91041,v3,alternating,0,11,11,True,3953.443382654959,359.4039438777235,15627.216913274795,130,123,11,0,0.046038542001042515,0,0,0,
annex,boundary,91041,v3_origin20,alternating,0,11,11,True,3775.853410269126,343.2594009335569,14119.26705134563,151,142,11,0,0.050891916995169595,0,0,0,
annex,boundary,91041,future_cover,hash,0,11,11,True,3963.61266937771,360.3284244888827,15713.06334688855,129,121,11,0,0.13077120800153352,0,0,0,
annex,boundary,91041,joint,hash,0,11,11,True,4648.948460837426,422.63167825794784,17974.74230418713,174,129,11,0,0.032999415998347104,0,0,0,
annex,boundary,91041,optical,hash,0,11,11,True,3963.9530827077565,360.3593711552506,15739.765413538782,127,120,13,2,0.11153966697747819,0,0,0,
annex,boundary,91041,phased,hash,0,11,11,True,4739.576519671505,430.8705926974095,17997.882598357523,184,165,11,0,0.02811041599488817,0,0,0,
annex,boundary,91041,scenario,hash,0,11,11,True,3937.912745485905,357.9920677714459,15529.563727429524,131,122,11,0,0.4939678329974413,28,5,0,
annex,boundary,91041,scenario_future,hash,0,11,11,True,3937.912745485905,357.9920677714459,15529.563727429524,131,122,11,0,0.5180077910190448,28,5,0,
annex,boundary,91041,v2,hash,0,11,11,True,4006.1004085892287,364.19094623538444,15355.502042946144,148,140,11,0,0.2717987079813611,0,0,0,
annex,boundary,91041,v3,hash,0,11,11,True,3963.61266937771,360.3284244888827,15713.06334688855,129,121,11,0,0.09192887501558289,0,0,0,
annex,boundary,91041,v3_origin20,hash,0,11,11,True,3774.2713776441456,343.1155797858314,14141.356888220727,150,141,11,0,0.09015995799563825,0,0,0,
annex,boundary,91041,future_cover,minus,0,11,11,True,3955.0903656491,359.55366960446366,15645.4518282455,130,121,11,0,0.07963104199734516,0,0,0,
annex,boundary,91041,joint,minus,0,11,11,True,4651.095814352235,422.8268922138395,17985.479071761172,174,129,11,0,0.018284041987499222,0,0,0,
annex,boundary,91041,optical,minus,0,11,11,True,3955.7578355482738,359.6143486862067,15678.78917774137,127,121,14,3,0.05678725001052953,0,0,0,
annex,boundary,91041,phased,minus,0,11,11,True,4748.4261341480815,431.67510310437103,17952.130670740407,187,168,11,0,0.014208250009687617,0,0,0,
annex,boundary,91041,scenario,minus,0,11,11,True,3901.9925230976546,354.72659300887767,15524.962615488274,125,117,11,0,0.2573042500007432,24,4,0,
annex,boundary,91041,scenario_future,minus,0,11,11,True,3901.9925230976546,354.72659300887767,15524.962615488274,125,117,11,0,0.2765330000256654,24,4,0,
annex,boundary,91041,v2,minus,0,11,11,True,3749.6897066823813,340.880882425671,14158.448533411907,145,138,11,0,0.10791970798163675,0,0,0,
annex,boundary,91041,v3,minus,0,11,11,True,3955.0903656491,359.55366960446366,15645.4518282455,130,121,11,0,0.04584166599670425,0,0,0,
annex,boundary,91041,v3_origin20,minus,0,11,11,True,3772.7770755717943,342.9797341428904,14138.885377858971,150,140,11,0,0.04985666699940339,0,0,0,
annex,boundary,91041,future_cover,plus,0,11,11,True,4142.0827470434,376.55297700394544,16665.413735217,127,119,11,0,0.11104899999918416,0,0,0,
annex,boundary,91041,joint,plus,0,11,11,True,4642.209918904477,422.0190835367706,17941.049594522385,174,129,11,0,0.02478304097894579,0,0,0,
annex,boundary,91041,optical,plus,0,11,11,True,4135.170464699067,375.9245876999152,16675.85232349534,123,118,15,4,0.08335858301143162,0,0,0,
annex,boundary,91041,phased,plus,0,11,11,True,4936.424391443511,448.7658537675919,18892.121957217554,187,168,11,0,0.022225167020224035,0,0,0,
annex,boundary,91041,scenario,plus,0,11,11,True,3930.100819178433,357.2818926525848,15525.504095892165,130,120,11,0,0.3551228750147857,28,3,0,
annex,boundary,91041,scenario_future,plus,0,11,11,True,3930.100819178433,357.2818926525848,15525.504095892165,130,120,11,0,0.38900670799193904,28,3,0,
annex,boundary,91041,v2,plus,0,11,11,True,3990.489231704576,362.77174833677964,15362.44615852288,145,138,11,0,0.1622311660030391,0,0,0,
annex,boundary,91041,v3,plus,0,11,11,True,4142.0827470434,376.55297700394544,16665.413735217,127,119,11,0,0.07654795900452882,0,0,0,
annex,boundary,91041,v3_origin20,plus,0,11,11,True,4001.0681907759263,363.73347188872054,15300.340953879631,149,141,11,0,0.0842950830119662,0,0,0,
annex,boundary,91041,future_cover,smooth,0,11,11,True,4167.3565506229,378.8505955111727,16766.782753114498,128,119,11,0,0.13380279199918732,0,0,0,
annex,boundary,91041,joint,smooth,0,11,11,True,4644.556017263679,422.232365205789,17952.780086318395,174,129,11,0,0.02444649999961257,0,0,0,
annex,boundary,91041,optical,smooth,0,11,11,True,4164.037892234443,378.5488992940402,16760.189461172213,125,117,16,5,0.11149683297844604,0,0,0,
annex,boundary,91041,phased,smooth,0,11,11,True,4734.5014518493535,430.40922289539577,17972.50725924677,184,165,11,0,0.022330540989059955,0,0,0,
annex,boundary,91041,scenario,smooth,0,11,11,True,3924.270941660026,356.75190378727507,15576.35470830013,127,119,11,0,0.40990191700984724,26,4,0,
annex,boundary,91041,scenario_future,smooth,0,11,11,True,3924.270941660026,356.75190378727507,15576.35470830013,127,119,11,0,0.5533029589860234,26,4,0,
annex,boundary,91041,v2,smooth,0,11,11,True,3992.8905760423954,362.9900523674905,15314.452880211977,147,140,11,0,0.27364537498215213,0,0,0,
annex,boundary,91041,v3,smooth,0,11,11,True,4167.3565506229,378.8505955111727,16766.782753114498,128,119,11,0,0.10304212500341237,0,0,0,
annex,boundary,91041,v3_origin20,smooth,0,11,11,True,4018.7358640975017,365.3396240088638,15393.679320487508,149,140,11,0,0.10726254200562835,0,0,0,
annex,boundary,91042,future_cover,alternating,0,15,15,True,3885.5939730890236,259.0395982059349,15097.969865445119,133,126,15,0,0.08276925000245683,0,0,0,
annex,boundary,91042,joint,alternating,0,15,15,True,4986.463558112906,332.43090387419375,19542.31779056453,176,123,15,0,0.023776666988851503,0,0,0,
annex,boundary,91042,optical,alternating,0,15,15,True,3900.347513073625,260.0231675382417,15131.737565368125,131,126,21,6,0.07810370801598765,0,0,0,
annex,boundary,91042,phased,alternating,0,15,15,True,5007.752468452741,333.85016456351605,18553.762342263704,207,187,15,0,0.021131000015884638,0,0,0,
annex,boundary,91042,scenario,alternating,0,15,15,True,4525.749402403109,301.71662682687395,18478.747012015545,127,120,15,0,0.2791110420075711,30,7,0,
annex,boundary,91042,scenario_future,alternating,0,15,15,True,4525.749402403109,301.71662682687395,18478.747012015545,127,120,15,0,0.29895024999859743,30,7,0,
annex,boundary,91042,v2,alternating,0,15,15,True,3953.2195158625264,263.5479677241684,15291.097579312633,138,130,15,0,0.14278237501275726,0,0,0,
annex,boundary,91042,v3,alternating,0,15,15,True,3885.5939730890236,259.0395982059349,15097.969865445119,133,126,15,0,0.06357841700082645,0,0,0,
annex,boundary,91042,v3_origin20,alternating,0,15,15,True,3841.6399832503967,256.10933221669313,14253.199916251982,154,146,15,0,0.06683545900159515,0,0,0,
annex,boundary,91042,future_cover,hash,0,15,15,True,3861.611608880136,257.4407739253424,15148.05804440068,127,122,15,0,0.15054108301410452,0,0,0,
annex,boundary,91042,joint,hash,0,15,15,True,4898.90973874082,326.59398258272137,19124.548693704102,175,124,15,0,0.047951624990673736,0,0,0,
annex,boundary,91042,optical,hash,0,15,15,True,3872.5732201213395,258.1715480080893,15177.866100606698,126,120,19,4,0.13124037499073893,0,0,0,
annex,boundary,91042,phased,hash,0,15,15,True,5023.990327557979,334.9326885038653,18669.951637789894,206,185,15,0,0.04152395800338127,0,0,0,
annex,boundary,91042,scenario,hash,0,15,15,True,3819.7463713945867,254.64975809297246,14948.731856972934,127,120,15,0,0.5188004999945406,28,4,0,
annex,boundary,91042,scenario_future,hash,0,15,15,True,3819.7463713945867,254.64975809297246,14948.731856972934,127,120,15,0,0.5530871250084601,28,4,0,
annex,boundary,91042,v2,hash,0,15,15,True,4159.37146916402,277.2914312776013,16021.857345820099,148,140,15,0,0.3067484999774024,0,0,0,
annex,boundary,91042,v3,hash,0,15,15,True,3861.611608880136,257.4407739253424,15148.05804440068,127,122,15,0,0.12450270898989402,0,0,0,
annex,boundary,91042,v3_origin20,hash,0,15,15,True,3836.965405605947,255.79769370706313,14249.827028029735,153,147,15,0,0.13912549999076873,0,0,0,
annex,boundary,91042,future_cover,minus,0,15,15,True,3863.1134820968336,257.5408988064556,15035.567410484167,131,126,15,0,0.0941820000007283,0,0,0,
annex,boundary,91042,joint,minus,0,15,15,True,4882.637973707363,325.50919824715754,19008.189868536814,176,126,15,0,0.028195416991366073,0,0,0,
annex,boundary,91042,optical,minus,0,15,15,True,3864.9620816433185,257.66413877622125,15064.810408216592,128,122,20,5,0.08465020899893716,0,0,0,
annex,boundary,91042,phased,minus,0,15,15,True,5028.170907017621,335.2113938011747,18665.854535088107,207,185,15,0,0.029338665975956246,0,0,0,
annex,boundary,91042,scenario,minus,0,15,15,True,3791.157558656728,252.74383724378185,14890.78779328364,124,118,15,0,0.29560962499817833,28,4,0,
annex,boundary,91042,scenario_future,minus,0,15,15,True,3791.157558656728,252.74383724378185,14890.78779328364,124,118,15,0,0.31602741600363515,28,4,0,
annex,boundary,91042,v2,minus,0,15,15,True,3937.3964631818844,262.49309754545897,15271.982315909421,136,128,15,0,0.14954245800618082,0,0,0,
annex,boundary,91042,v3,minus,0,15,15,True,3863.1134820968336,257.5408988064556,15035.567410484167,131,126,15,0,0.07132479199208319,0,0,0,
annex,boundary,91042,v3_origin20,minus,0,15,15,True,3827.49432460716,255.166288307144,14232.471623035799,152,146,15,0,0.07574050000403076,0,0,0,
annex,boundary,91042,future_cover,plus,0,15,15,True,4498.004890927249,299.8669927284833,18455.024454636245,123,117,15,0,0.11842137499479577,0,0,0,
annex,boundary,91042,joint,plus,0,15,15,True,4887.438822359779,325.82925482398525,19032.194111798894,176,126,15,0,0.04014020800241269,0,0,0,
annex,boundary,91042,optical,plus,0,15,15,True,4495.729434396564,299.7152956264376,18463.647171982822,120,113,20,5,0.09161733300425112,0,0,0,
annex,boundary,91042,phased,plus,0,15,15,True,5048.361813230804,336.55745421538694,18761.80906615402,207,186,15,0,0.03353495799819939,0,0,0,
annex,boundary,91042,scenario,plus,0,15,15,True,3820.6481013292932,254.7098734219529,14918.240506646467,128,122,15,0,0.3907146669807844,31,6,0,
annex,boundary,91042,scenario_future,plus,0,15,15,True,3820.6481013292932,254.7098734219529,14918.240506646467,128,122,15,0,0.5002220830065198,31,6,0,
annex,boundary,91042,v2,plus,0,15,15,True,4171.784637034924,278.1189758023283,16048.923185174623,149,142,15,0,0.3171915000129957,0,0,0,
annex,boundary,91042,v3,plus,0,15,15,True,4498.004890927249,299.8669927284833,18455.024454636245,123,117,15,0,0.16731499999877997,0,0,0,
annex,boundary,91042,v3_origin20,plus,0,15,15,True,4089.5590902647546,272.637272684317,15737.795451323773,146,137,15,0,0.08807604099274613,0,0,0,
annex,boundary,91042,future_cover,smooth,0,15,15,True,3852.574474552936,256.8382983035291,15047.87237276468,129,123,15,0,0.11234500000136904,0,0,0,
annex,boundary,91042,joint,smooth,0,15,15,True,4880.1960175639,325.34640117092664,18995.9800878195,176,126,15,0,0.0546959999774117,0,0,0,
annex,boundary,91042,optical,smooth,0,15,15,True,3842.202235751001,256.1468157167334,15036.011178755005,125,120,20,5,0.10034595799515955,0,0,0,
annex,boundary,91042,phased,smooth,0,15,15,True,5410.36730143003,360.69115342866866,20631.83650715015,206,179,15,0,0.049937167001189664,0,0,0,
annex,boundary,91042,scenario,smooth,0,15,15,True,3815.743829878766,254.38292199191773,14958.71914939383,126,119,15,0,0.4002990419976413,29,3,0,
annex,boundary,91042,scenario_future,smooth,0,15,15,True,3815.743829878766,254.38292199191773,14958.71914939383,126,119,15,0,0.4326122910133563,29,3,0,
annex,boundary,91042,v2,smooth,0,15,15,True,3943.5250322517395,262.90166881678266,15272.625161258697,137,129,15,0,0.32286520799971186,0,0,0,
annex,boundary,91042,v3,smooth,0,15,15,True,3852.574474552936,256.8382983035291,15047.87237276468,129,123,15,0,0.10403683301410638,0,0,0,
annex,boundary,91042,v3_origin20,smooth,0,15,15,True,3818.248092247711,254.54987281651407,14221.240461238556,151,144,15,0,0.09788216598099098,0,0,0,
annex,boundary,91043,future_cover,alternating,0,14,14,True,4042.752979173284,288.76806994094886,15953.764895866421,132,122,14,0,0.08620316701126285,0,0,0,
annex,boundary,91043,joint,alternating,0,14,14,True,4804.384975098953,343.17035536421093,18651.924875494766,175,129,14,0,0.02173933299491182,0,0,0,
annex,boundary,91043,optical,alternating,0,14,14,True,4010.5084090191735,286.4648863585124,15997.542045095868,122,116,19,5,0.0731976660026703,0,0,0,
annex,boundary,91043,phased,alternating,0,14,14,True,5202.973363224754,371.6409545160539,19854.866816123773,198,172,14,0,0.01965662502334453,0,0,0,
annex,boundary,91043,scenario,alternating,0,14,14,True,3952.2489397502436,282.30349569644596,15791.244698751218,122,114,14,0,0.26721308298874646,29,7,0,
annex,boundary,91043,scenario_future,alternating,0,14,14,True,3952.2489397502436,282.30349569644596,15791.244698751218,122,114,14,0,0.2867675000161398,29,7,0,
annex,boundary,91043,v2,alternating,0,14,14,True,4148.271991970115,296.30514228357964,16261.359959850575,139,131,14,0,0.1429915409826208,0,0,0,
annex,boundary,91043,v3,alternating,0,14,14,True,4042.752979173284,288.76806994094886,15953.764895866421,132,122,14,0,0.06462570899748243,0,0,0,
annex,boundary,91043,v3_origin20,alternating,0,14,14,True,4103.2919047217365,293.09227890869545,15651.459523608684,152,143,14,0,0.06909954099683091,0,0,0,
annex,boundary,91043,future_cover,hash,0,14,14,True,4000.6487775220166,285.7606269658583,15938.243887610082,125,118,14,0,0.13724875001935288,0,0,0,
annex,boundary,91043,joint,hash,0,14,14,True,4801.721420147544,342.98010143911034,18638.60710073772,175,129,14,0,0.04693287500413135,0,0,0,
annex,boundary,91043,optical,hash,0,14,14,True,3984.503413842889,284.6073867030635,15932.517069214446,121,114,17,3,0.12962362502003089,0,0,0,
annex,boundary,91043,phased,hash,0,14,14,True,5194.094218041315,371.0067298600939,19870.471090206574,196,170,14,0,0.03744524999638088,0,0,0,
annex,boundary,91043,scenario,hash,0,14,14,True,3933.2552399774727,280.94680285553375,15761.276199887363,119,116,14,0,0.5390353330003563,27,4,0,
annex,boundary,91043,scenario_future,hash,0,14,14,True,3933.2552399774727,280.94680285553375,15761.276199887363,119,116,14,0,0.5823997499828693,27,4,0,
annex,boundary,91043,v2,hash,0,14,14,True,4151.512343655233,296.5365959753738,16167.561718276163,143,133,14,0,0.2544255419925321,0,0,0,
annex,boundary,91043,v3,hash,0,14,14,True,4000.6487775220166,285.7606269658583,15938.243887610082,125,118,14,0,0.09000674998969771,0,0,0,
annex,boundary,91043,v3_origin20,hash,0,14,14,True,4081.6280172830166,291.5448583773583,15598.140086415082,150,142,14,0,0.12218458301504143,0,0,0,
annex,boundary,91043,future_cover,minus,0,14,14,True,4028.2144608748176,287.72960434820124,15941.072304374087,130,120,14,0,0.11546000000089407,0,0,0,
annex,boundary,91043,joint,minus,0,14,14,True,4804.014559205885,343.14389708613464,18650.072796029424,175,129,14,0,0.03006983399973251,0,0,0,
annex,boundary,91043,optical,minus,0,14,14,True,4019.4136536224105,287.10097525874363,15997.068268112052,123,117,20,6,0.07609658400178887,0,0,0,
annex,boundary,91043,phased,minus,0,14,14,True,5192.900108764566,370.9214363403261,19804.50054382283,198,172,14,0,0.02327662499737926,0,0,0,
annex,boundary,91043,scenario,minus,0,14,14,True,3974.672094165301,283.9051495832358,15818.360470826505,125,116,14,0,0.44330162499682046,30,5,0,
annex,boundary,91043,scenario_future,minus,0,14,14,True,3974.672094165301,283.9051495832358,15818.360470826505,125,116,14,0,0.5271362079947721,30,5,0,
annex,boundary,91043,v2,minus,0,14,14,True,4122.3681338390215,294.4548667027872,16096.840669195108,140,133,14,0,0.19117862501298077,0,0,0,
annex,boundary,91043,v3,minus,0,14,14,True,4028.2144608748176,287.72960434820124,15941.072304374087,130,120,14,0,0.07528220801032148,0,0,0,
annex,boundary,91043,v3_origin20,minus,0,14,14,True,4103.118117871374,293.079865562241,15620.590589356869,153,144,14,0,0.07652695899014361,0,0,0,
annex,boundary,91043,future_cover,plus,0,14,14,True,4153.369837809036,296.66927412921683,16711.849189045177,125,116,14,0,0.16518216600525193,0,0,0,
annex,boundary,91043,joint,plus,0,14,14,True,4799.2017518181765,342.80012512986974,18626.00875909088,175,129,14,0,0.03414275002432987,0,0,0,
annex,boundary,91043,optical,plus,0,14,14,True,4147.2262957590265,296.2304496970733,16736.131478795134,121,113,18,4,0.1358039160259068,0,0,0,
annex,boundary,91043,phased,plus,0,14,14,True,5221.660754905923,372.9757682075659,19948.303774529613,198,172,14,0,0.026684583019232377,0,0,0,
annex,boundary,91043,scenario,plus,0,14,14,True,3999.4027574325933,285.6716255308995,15937.013787162967,125,117,14,0,0.5478385409805924,29,6,0,
annex,boundary,91043,scenario_future,plus,0,14,14,True,3999.4027574325933,285.6716255308995,15937.013787162967,125,117,14,0,0.6208802089968231,29,6,0,
annex,boundary,91043,v2,plus,0,14,14,True,4157.077686276795,296.9341204483425,16120.388431383975,146,133,14,0,0.29224779101787135,0,0,0,
annex,boundary,91043,v3,plus,0,14,14,True,4153.369837809036,296.66927412921683,16711.849189045177,125,116,14,0,0.1252411660098005,0,0,0,
annex,boundary,91043,v3_origin20,plus,0,14,14,True,3925.9207657337406,280.4229118381243,15004.603828668703,144,135,14,0,0.1153275829856284,0,0,0,
annex,boundary,91043,future_cover,smooth,0,14,14,True,4148.3367302710885,296.3097664479349,16701.683651355444,124,118,14,0,0.1107356249995064,0,0,0,
annex,boundary,91043,joint,smooth,0,14,14,True,4801.247737447728,342.94626696055195,18636.238687238638,175,129,14,0,0.03467225001077168,0,0,0,
annex,boundary,91043,optical,smooth,0,14,14,True,4136.1440225368915,295.4388587526351,16720.72011268446,120,113,17,3,0.09787883301032707,0,0,0,
annex,boundary,91043,phased,smooth,0,14,14,True,5086.688897242867,363.33492123163336,19303.444486214335,197,171,14,0,0.03379766701254994,0,0,0,
annex,boundary,91043,scenario,smooth,0,14,14,True,3950.7188195154004,282.19420139395714,15808.594097577,121,114,14,0,0.36127925000619143,29,7,0,
annex,boundary,91043,scenario_future,smooth,0,14,14,True,3950.7188195154004,282.19420139395714,15808.594097577,121,114,14,0,0.4203818329842761,29,7,0,
annex,boundary,91043,v2,smooth,0,14,14,True,4114.17379824115,293.86955701722496,16090.868991205747,139,131,14,0,0.23252983301063068,0,0,0,
annex,boundary,91043,v3,smooth,0,14,14,True,4148.3367302710885,296.3097664479349,16701.683651355444,124,118,14,0,0.0864925839996431,0,0,0,
annex,boundary,91043,v3_origin20,smooth,0,14,14,True,3946.785704139893,281.91326458142095,15038.928520699465,146,139,14,0,0.08931799998390488,0,0,0,
annex,boundary,91044,future_cover,alternating,0,12,12,True,4275.96154004221,356.3301283368508,17164.807700211048,131,128,12,0,0.06211604201234877,0,0,0,
annex,boundary,91044,joint,alternating,0,12,12,True,5021.1257049325295,418.4271420777108,19695.628524662647,178,132,12,0,0.018974083999637514,0,0,0,
annex,boundary,91044,optical,alternating,0,12,12,True,4287.923687080068,357.326973923339,17134.618435400338,130,127,20,8,0.05904358401312493,0,0,0,
annex,boundary,91044,phased,alternating,0,12,12,True,4764.67926231078,397.05660519256503,17878.3963115539,192,169,12,0,0.01581812498625368,0,0,0,
annex,boundary,91044,scenario,alternating,0,12,12,True,4275.908451537795,356.32570429481626,17269.542257688976,128,122,12,0,0.23020066702156328,27,5,0,
annex,boundary,91044,scenario_future,alternating,0,12,12,True,4275.908451537795,356.32570429481626,17269.542257688976,128,122,12,0,0.24452733300859109,27,5,0,
annex,boundary,91044,v2,alternating,0,12,12,True,4633.258902804589,386.10490856704905,18331.294514022942,153,142,12,0,0.14363504099310376,0,0,0,
annex,boundary,91044,v3,alternating,0,12,12,True,4275.96154004221,356.3301283368508,17164.807700211048,131,128,12,0,0.047107167018111795,0,0,0,
annex,boundary,91044,v3_origin20,alternating,0,12,12,True,4121.14556636627,343.42879719718917,15750.72783183135,153,146,12,0,0.055234083003597334,0,0,0,
annex,boundary,91044,future_cover,hash,0,12,12,True,3664.490896848521,305.3742414040434,14132.454484242606,130,128,12,0,0.14371262499480508,0,0,0,
annex,boundary,91044,joint,hash,0,12,12,True,5014.776668736281,417.8980557280234,19693.883343681406,177,131,12,0,0.03155408400925808,0,0,0,
annex,boundary,91044,optical,hash,0,12,12,True,3669.9949549851162,305.83291291542633,14179.974774925582,128,125,15,3,0.11310079199029133,0,0,0,
annex,boundary,91044,phased,hash,0,12,12,True,4747.141348971051,395.5951124142543,17850.706744855255,190,167,12,0,0.031237208982929587,0,0,0,
annex,boundary,91044,scenario,hash,0,12,12,True,4257.387298838688,354.78227490322405,17201.93649419344,127,122,12,0,0.42254095899988897,26,4,0,
annex,boundary,91044,scenario_future,hash,0,12,12,True,4257.387298838688,354.78227490322405,17201.93649419344,127,122,12,0,0.4531484999752138,26,4,0,
annex,boundary,91044,v2,hash,0,12,12,True,4612.754299780014,384.3961916483345,18303.77149890007,150,142,12,0,0.2462775000021793,0,0,0,
annex,boundary,91044,v3,hash,0,12,12,True,3664.490896848521,305.3742414040434,14132.454484242606,130,128,12,0,0.09162866600672714,0,0,0,
annex,boundary,91044,v3_origin20,hash,0,12,12,True,3701.9137268472914,308.4928105706076,13869.568634236457,145,143,12,0,0.09466166701167822,0,0,0,
annex,boundary,91044,future_cover,minus,0,12,12,True,4239.263256019748,353.27193800164565,17106.31628009874,127,123,12,0,0.12270537501899526,0,0,0,
annex,boundary,91044,joint,minus,0,12,12,True,5019.309462703942,418.2757885586618,19686.54731351971,178,132,12,0,0.027305875002639368,0,0,0,
annex,boundary,91044,optical,minus,0,12,12,True,4235.968828332936,352.997402361078,17124.844141664682,124,122,15,3,0.07595395800308324,0,0,0,
annex,boundary,91044,phased,minus,0,12,12,True,4775.513476970328,397.959456414194,17932.56738485164,192,169,12,0,0.034357500000623986,0,0,0,
annex,boundary,91044,scenario,minus,0,12,12,True,4271.185479501111,355.9321232917593,17240.927397505555,128,123,12,0,0.3968564590031747,27,5,0,
annex,boundary,91044,scenario_future,minus,0,12,12,True,4271.185479501111,355.9321232917593,17240.927397505555,128,123,12,0,0.3584366670111194,27,5,0,
annex,boundary,91044,v2,minus,0,12,12,True,4606.331198828112,383.860933235676,18301.65599414056,149,141,12,0,0.20238595898263156,0,0,0,
annex,boundary,91044,v3,minus,0,12,12,True,4239.263256019748,353.27193800164565,17106.31628009874,127,123,12,0,0.0637499580043368,0,0,0,
annex,boundary,91044,v3_origin20,minus,0,12,12,True,4113.940419479978,342.8283682899982,15709.70209739989,153,147,12,0,0.07203108401154168,0,0,0,
annex,boundary,91044,future_cover,plus,0,12,12,True,3676.5422502311603,306.3785208525967,14137.711251155803,132,129,12,0,0.12822441599564627,0,0,0,
annex,boundary,91044,joint,plus,0,12,12,True,4545.43895023639,378.7865791863658,17227.19475118195,181,135,12,0,0.03599741600919515,0,0,0,
annex,boundary,91044,optical,plus,0,12,12,True,3669.6357534039917,305.80297945033266,14153.17876701996,129,125,15,3,0.14282395798363723,0,0,0,
annex,boundary,91044,phased,plus,0,12,12,True,4747.604827877198,395.63373565643315,17793.02413938599,192,169,12,0,0.04004466699552722,0,0,0,
annex,boundary,91044,scenario,plus,0,12,12,True,3788.0389497972874,315.6699124831073,14830.194748986438,128,122,12,0,0.4317915000137873,25,3,0,
annex,boundary,91044,scenario_future,plus,0,12,12,True,3788.0389497972874,315.6699124831073,14830.194748986438,128,122,12,0,0.3976442920102272,25,3,0,
annex,boundary,91044,v2,plus,0,12,12,True,3806.804368410041,317.23369736750345,14284.021842050206,149,145,12,0,0.2767694170179311,0,0,0,
annex,boundary,91044,v3,plus,0,12,12,True,3676.5422502311603,306.3785208525967,14137.711251155803,132,129,12,0,0.1193994999921415,0,0,0,
annex,boundary,91044,v3_origin20,plus,0,12,12,True,3737.2148184084463,311.43456820070384,13871.074092042232,151,148,12,0,0.13845300002139993,0,0,0,
annex,boundary,91044,future_cover,smooth,0,12,12,True,4514.4684838708945,376.2057069892412,18382.34241935447,131,123,12,0,0.10645841699442826,0,0,0,
annex,boundary,91044,joint,smooth,0,12,12,True,4545.38198479595,378.7818320663292,17226.90992397975,181,135,12,0,0.02580562498769723,0,0,0,
annex,boundary,91044,optical,smooth,0,12,12,True,4510.993384318832,375.9161153599027,18409.966921594158,126,121,18,6,0.0916752089979127,0,0,0,
annex,boundary,91044,phased,smooth,0,12,12,True,4743.259661129736,395.27163842747797,17831.29830564868,190,167,12,0,0.02229320799233392,0,0,0,
annex,boundary,91044,scenario,smooth,0,12,12,True,4250.076087615051,354.17300730125424,17200.38043807525,126,120,12,0,0.3428775000211317,28,5,0,
annex,boundary,91044,scenario_future,smooth,0,12,12,True,4250.076087615051,354.17300730125424,17200.38043807525,126,120,12,0,0.34827645900077187,28,5,0,
annex,boundary,91044,v2,smooth,0,12,12,True,3830.112306110369,319.1760255091974,14315.561530551846,152,147,12,0,0.18618920797598548,0,0,0,
annex,boundary,91044,v3,smooth,0,12,12,True,4514.4684838708945,376.2057069892412,18382.34241935447,131,123,12,0,0.0750560000014957,0,0,0,
annex,boundary,91044,v3_origin20,smooth,0,12,12,True,4417.443617409377,368.1203014507814,17117.218087046887,157,149,12,0,0.0837950830173213,0,0,0,
annex,boundary,91045,future_cover,alternating,0,10,10,True,3750.7973754195705,375.07973754195706,14728.986877097852,127,120,10,0,0.09178120899014175,0,0,0,
annex,boundary,91045,joint,alternating,0,10,10,True,4353.279063985717,435.32790639857166,16431.395319928582,176,137,10,0,0.017047000001184642,0,0,0,
annex,boundary,91045,optical,alternating,0,10,10,True,3764.450350768358,376.4450350768358,14732.25175384179,126,120,16,6,0.08720887498930097,0,0,0,
annex,boundary,91045,phased,alternating,0,10,10,True,4757.226690097277,475.7226690097277,18151.133450486388,182,167,10,0,0.014097040984779596,0,0,0,
annex,boundary,91045,scenario,alternating,0,10,10,True,3875.238909712664,387.5238909712664,15271.194548563319,130,121,10,0,0.38555795801221393,26,6,0,
annex,boundary,91045,scenario_future,alternating,0,10,10,True,3875.238909712664,387.5238909712664,15271.194548563319,130,121,10,0,0.42562862500199117,26,6,0,
annex,boundary,91045,v2,alternating,0,10,10,True,3605.6651531670523,360.56651531670525,13283.325765835261,151,144,10,0,0.11984262499026954,0,0,0,
annex,boundary,91045,v3,alternating,0,10,10,True,3750.7973754195705,375.07973754195706,14728.986877097852,127,120,10,0,0.047783832997083664,0,0,0,
annex,boundary,91045,v3_origin20,alternating,0,10,10,True,3687.4156521757495,368.74156521757493,13697.078260878749,151,143,10,0,0.08279779201257043,0,0,0,
annex,boundary,91045,future_cover,hash,0,10,10,True,3839.2956199080722,383.9295619908072,15091.478099540362,130,121,10,0,0.10201058301026933,0,0,0,
annex,boundary,91045,joint,hash,0,10,10,True,4357.60007126892,435.760007126892,16453.0003563446,176,137,10,0,0.027565083000808954,0,0,0,
annex,boundary,91045,optical,hash,0,10,10,True,3832.5503168661144,383.25503168661146,15087.751584330572,126,120,15,5,0.08168533400748856,0,0,0,
annex,boundary,91045,phased,hash,0,10,10,True,4751.671526444819,475.1671526444819,18123.3576322241,182,167,10,0,0.023621375003131106,0,0,0,
annex,boundary,91045,scenario,hash,0,10,10,True,3843.909729294247,384.3909729294247,15109.548646471234,130,122,10,0,0.3890040419937577,25,3,0,
annex,boundary,91045,scenario_future,hash,0,10,10,True,3843.909729294247,384.3909729294247,15109.548646471234,130,122,10,0,0.3997810420114547,25,3,0,
annex,boundary,91045,v2,hash,0,10,10,True,3594.599430387999,359.4599430387999,13282.997151939995,149,143,10,0,0.20697249998920597,0,0,0,
annex,boundary,91045,v3,hash,0,10,10,True,3839.2956199080722,383.9295619908072,15091.478099540362,130,121,10,0,0.07983479200629517,0,0,0,
annex,boundary,91045,v3_origin20,hash,0,10,10,True,3835.6228143474063,383.5622814347406,14403.11407173703,152,145,10,0,0.08348391699837521,0,0,0,
annex,boundary,91045,future_cover,minus,0,10,10,True,3737.549535969095,373.7549535969095,14712.747679845474,125,120,10,0,0.07464633299969137,0,0,0,
annex,boundary,91045,joint,minus,0,10,10,True,4354.009902502536,435.4009902502536,16435.049512512676,176,137,10,0,0.01707929201074876,0,0,0,
annex,boundary,91045,optical,minus,0,10,10,True,3737.3363657804284,373.7336365780428,14726.681828902143,123,118,13,3,0.06514704201254062,0,0,0,
annex,boundary,91045,phased,minus,0,10,10,True,4708.04723704009,470.804723704009,17910.23618520045,182,166,10,0,0.0164920829993207,0,0,0,
annex,boundary,91045,scenario,minus,0,10,10,True,3868.8569512050644,386.88569512050645,15264.284756025323,129,121,10,0,0.31045250000897795,25,5,0,
annex,boundary,91045,scenario_future,minus,0,10,10,True,3868.8569512050644,386.88569512050645,15264.284756025323,129,121,10,0,0.33977429202059284,25,5,0,
annex,boundary,91045,v2,minus,0,10,10,True,3599.7966296079117,359.9796629607912,13303.983148039559,149,144,10,0,0.13627966601052321,0,0,0,
annex,boundary,91045,v3,minus,0,10,10,True,3737.549535969095,373.7549535969095,14712.747679845474,125,120,10,0,0.05526700001792051,0,0,0,
annex,boundary,91045,v3_origin20,minus,0,10,10,True,3641.948658472894,364.1948658472894,13664.74329236447,144,139,10,0,0.05566208399250172,0,0,0,
annex,boundary,91045,future_cover,plus,0,10,10,True,3847.4933375336263,384.74933375336263,15132.466687668131,130,121,10,0,0.0733902920037508,0,0,0,
annex,boundary,91045,joint,plus,0,10,10,True,4313.108846705523,431.31088467055235,16305.544233527617,173,137,10,0,0.02352575000259094,0,0,0,
annex,boundary,91045,optical,plus,0,10,10,True,3847.152527777352,384.7152527777352,15170.762638886761,127,119,13,3,0.07032749999780208,0,0,0,
annex,boundary,91045,phased,plus,0,10,10,True,4745.646083059233,474.56460830592334,18093.230415296166,182,167,10,0,0.021841499983565882,0,0,0,
annex,boundary,91045,scenario,plus,0,10,10,True,3842.69462352527,384.269462352527,15093.473117626349,130,124,10,0,0.30689950002124533,23,3,0,
annex,boundary,91045,scenario_future,plus,0,10,10,True,3842.69462352527,384.269462352527,15093.473117626349,130,124,10,0,0.3135876659944188,23,3,0,
annex,boundary,91045,v2,plus,0,10,10,True,3827.99465860565,382.79946586056496,14504.97329302825,147,142,10,0,0.1826371249917429,0,0,0,
annex,boundary,91045,v3,plus,0,10,10,True,3847.4933375336263,384.74933375336263,15132.466687668131,130,121,10,0,0.06603333397652023,0,0,0,
annex,boundary,91045,v3_origin20,plus,0,10,10,True,3832.656296356519,383.26562963565186,14453.281481782595,150,142,10,0,0.06190895798499696,0,0,0,
annex,boundary,91045,future_cover,smooth,0,10,10,True,3866.5070183170214,386.6507018317021,15167.535091585107,132,123,10,0,0.0924011250026524,0,0,0,
annex,boundary,91045,joint,smooth,0,10,10,True,4306.980596898013,430.69805968980125,16304.902984490063,172,136,10,0,0.02230141600011848,0,0,0,
annex,boundary,91045,optical,smooth,0,10,10,True,3866.4456929515445,386.64456929515444,15162.228464757722,130,119,15,5,0.07651879100012593,0,0,0,
annex,boundary,91045,phased,smooth,0,10,10,True,4692.235234530706,469.22352345307064,17856.176172653533,181,166,10,0,0.021301624976331368,0,0,0,
annex,boundary,91045,scenario,smooth,0,10,10,True,3868.5811426165974,386.85811426165975,15152.905713082986,133,123,10,0,0.6565532090025954,25,3,0,
annex,boundary,91045,scenario_future,smooth,0,10,10,True,3868.5811426165974,386.85811426165975,15152.905713082986,133,123,10,0,0.6770239170000423,25,3,0,
annex,boundary,91045,v2,smooth,0,10,10,True,3840.373158133246,384.0373158133246,14516.86579066623,149,142,10,0,0.163748624996515,0,0,0,
annex,boundary,91045,v3,smooth,0,10,10,True,3866.5070183170214,386.6507018317021,15167.535091585107,132,123,10,0,0.060308166983304545,0,0,0,
annex,boundary,91045,v3_origin20,smooth,0,10,10,True,3871.888491859756,387.1888491859756,14504.44245929878,155,146,10,0,0.0674551660194993,0,0,0,
annex,boundary,91046,future_cover,alternating,0,16,16,True,4310.069520587853,269.3793450367408,17040.347602939262,138,132,16,0,0.13253649999387562,0,0,0,
annex,boundary,91046,joint,alternating,0,16,16,True,5449.11203162988,340.5695019768675,21420.5601581494,191,130,16,0,0.040204624994657934,0,0,0,
annex,boundary,91046,optical,alternating,0,16,16,True,4298.601840474041,268.66261502962755,17033.009202370205,132,128,24,8,0.11468733299989253,0,0,0,
annex,boundary,91046,phased,alternating,0,16,16,True,5537.614278843392,346.100892427712,21093.071394216957,212,179,16,0,0.05991512499167584,0,0,0,
annex,boundary,91046,scenario,alternating,0,16,16,True,4084.815059204468,255.30094120027925,16609.07529602234,116,103,16,0,0.42095320802764036,31,7,0,
annex,boundary,91046,scenario_future,alternating,0,16,16,True,4084.815059204468,255.30094120027925,16609.07529602234,116,103,16,0,0.4166650419938378,31,7,0,
annex,boundary,91046,v2,alternating,0,16,16,True,4225.795806356741,264.1122378972963,16363.979031783705,146,143,16,0,0.19068020800477825,0,0,0,
annex,boundary,91046,v3,alternating,0,16,16,True,4310.069520587853,269.3793450367408,17040.347602939262,138,132,16,0,0.08865954098291695,0,0,0,
annex,boundary,91046,v3_origin20,alternating,0,16,16,True,4166.280280578385,260.39251753614906,15831.401402891925,154,150,16,0,0.0976790830027312,0,0,0,
annex,boundary,91046,future_cover,hash,0,16,16,True,4303.121721346695,268.94510758416845,17005.608606733476,138,132,16,0,0.15192470900365151,0,0,0,
annex,boundary,91046,joint,hash,0,16,16,True,5521.8578352839195,345.11611470524497,21794.2891764196,191,128,16,0,0.04741433300659992,0,0,0,
annex,boundary,91046,optical,hash,0,16,16,True,4299.3206448017,268.70754030010625,17016.6032240085,134,128,22,6,0.14480533401365392,0,0,0,
annex,boundary,91046,phased,hash,0,16,16,True,5549.435220496271,346.8397012810169,21192.176102481353,211,176,16,0,0.043915541988098994,0,0,0,
annex,boundary,91046,scenario,hash,0,16,16,True,4105.810592701355,256.6131620438347,16769.052963506772,114,102,16,0,0.6071060000103898,31,6,0,
annex,boundary,91046,scenario_future,hash,0,16,16,True,4105.810592701355,256.6131620438347,16769.052963506772,114,102,16,0,0.9328551249927841,31,6,0,
annex,boundary,91046,v2,hash,0,16,16,True,4247.757747859037,265.48485924118984,16428.788739295185,148,142,16,0,0.27850350001244806,0,0,0,
annex,boundary,91046,v3,hash,0,16,16,True,4303.121721346695,268.94510758416845,17005.608606733476,138,132,16,0,0.10652016699896194,0,0,0,
annex,boundary,91046,v3_origin20,hash,0,16,16,True,4170.34172554559,260.64635784659936,15861.70862772795,154,148,16,0,0.11356762499781325,0,0,0,
annex,boundary,91046,future_cover,minus,0,16,16,True,4277.519868119926,267.3449917574954,17002.59934059963,134,127,16,0,0.09944779198849574,0,0,0,
annex,boundary,91046,joint,minus,0,16,16,True,5447.513861016526,340.46961631353287,21412.56930508263,191,130,16,0,0.03569458401761949,0,0,0,
annex,boundary,91046,optical,minus,0,16,16,True,4276.370361178675,267.2731475736672,17006.851805893373,131,125,21,5,0.08917470800224692,0,0,0,
annex,boundary,91046,phased,minus,0,16,16,True,5540.374704828462,346.2734190517789,21116.87352414231,212,177,16,0,0.034664667007746175,0,0,0,
annex,boundary,91046,scenario,minus,0,16,16,True,4086.290016411675,255.39312602572969,16631.450082058374,115,105,16,0,0.370513584028231,31,7,0,
annex,boundary,91046,scenario_future,minus,0,16,16,True,4086.290016411675,255.39312602572969,16631.450082058374,115,105,16,0,0.40730533402529545,31,7,0,
annex,boundary,91046,v2,minus,0,16,16,True,4241.343573084046,265.08397331775285,16476.71786542023,145,141,16,0,0.19416487502167,0,0,0,
annex,boundary,91046,v3,minus,0,16,16,True,4277.519868119926,267.3449917574954,17002.59934059963,134,127,16,0,0.07779258300433867,0,0,0,
annex,boundary,91046,v3_origin20,minus,0,16,16,True,4153.989359281249,259.62433495507804,15799.946796406242,153,149,16,0,0.08764445799170062,0,0,0,
annex,boundary,91046,future_cover,plus,0,16,16,True,4100.9178487684085,256.30736554802553,16749.58924384204,113,106,16,0,0.11366487498162314,0,0,0,
annex,boundary,91046,joint,plus,0,16,16,True,5222.083515975171,326.3802197484482,20485.41757987586,184,125,16,0,0.038092375005362555,0,0,0,
annex,boundary,91046,optical,plus,0,16,16,True,4119.501785120086,257.4688615700054,16767.508925600432,112,105,23,7,0.10783895800705068,0,0,0,
annex,boundary,91046,phased,plus,0,16,16,True,5576.306279247112,348.5191424529445,21296.531396235558,212,177,16,0,0.03927070798818022,0,0,0,
annex,boundary,91046,scenario,plus,0,16,16,True,4080.0410368423313,255.0025648026457,16605.205184211656,115,104,16,0,0.3799363750149496,30,6,0,
annex,boundary,91046,scenario_future,plus,0,16,16,True,4080.0410368423313,255.0025648026457,16605.205184211656,115,104,16,0,0.4634642089949921,30,6,0,
annex,boundary,91046,v2,plus,0,16,16,True,4144.959812242334,259.0599882651459,16129.79906121167,141,134,16,0,0.18698241701349616,0,0,0,
annex,boundary,91046,v3,plus,0,16,16,True,4100.9178487684085,256.30736554802553,16749.58924384204,113,106,16,0,0.08894950000103563,0,0,0,
annex,boundary,91046,v3_origin20,plus,0,16,16,True,4087.442155004499,255.4651346877812,15997.210775022495,136,128,16,0,0.09206799999810755,0,0,0,
annex,boundary,91046,future_cover,smooth,0,16,16,True,4283.202042490126,267.70012765563285,16991.01021245063,135,130,16,0,0.134529000002658,0,0,0,
annex,boundary,91046,joint,smooth,0,16,16,True,5451.974860831151,340.74842880194694,21434.874304155757,191,130,16,0,0.052642583003034815,0,0,0,
annex,boundary,91046,optical,smooth,0,16,16,True,4251.216223278711,265.70101395491946,16986.081116393558,127,124,21,5,0.10539495799457654,0,0,0,
annex,boundary,91046,phased,smooth,0,16,16,True,5539.182454694104,346.1989034183815,21170.912273470523,210,175,16,0,0.04286750001483597,0,0,0,
annex,boundary,91046,scenario,smooth,0,16,16,True,4057.1292515002656,253.5705782187666,16630.64625750133,110,101,16,0,0.41267095899092965,29,6,0,
annex,boundary,91046,scenario_future,smooth,0,16,16,True,4057.1292515002656,253.5705782187666,16630.64625750133,110,101,16,0,0.45715325002674945,29,6,0,
annex,boundary,91046,v2,smooth,0,16,16,True,4238.690748753714,264.9181717971071,16428.45374376857,146,143,16,0,0.2856790829973761,0,0,0,
annex,boundary,91046,v3,smooth,0,16,16,True,4283.202042490126,267.70012765563285,16991.01021245063,135,130,16,0,0.11129104098654352,0,0,0,
annex,boundary,91046,v3_origin20,smooth,0,16,16,True,4159.50854773492,259.9692842334325,15802.542738674601,154,149,16,0,0.12647141600609757,0,0,0,
annex,boundary,91047,future_cover,alternating,0,11,11,True,3856.7052961901145,350.6095723809195,15278.526480950572,126,116,11,0,0.08429724999587052,0,0,0,
annex,boundary,91047,joint,alternating,0,11,11,True,4701.2605834472,427.3873257679272,18106.302917235997,178,135,11,0,0.020920292008668184,0,0,0,
annex,boundary,91047,optical,alternating,0,11,11,True,3869.457382689121,351.7688529717383,15292.286913445605,124,115,18,7,0.0844340409967117,0,0,0,
annex,boundary,91047,phased,alternating,0,11,11,True,4908.049138295219,446.1862852995653,18745.245691476095,187,169,11,0,0.01894174999324605,0,0,0,
annex,boundary,91047,scenario,alternating,0,11,11,True,3668.266279818816,333.4787527108015,14356.33139909408,125,117,11,0,0.272134458005894,21,3,0,
annex,boundary,91047,scenario_future,alternating,0,11,11,True,3668.266279818816,333.4787527108015,14356.33139909408,125,117,11,0,0.2828316669911146,21,3,0,
annex,boundary,91047,v2,alternating,0,11,11,True,3866.229042255885,351.4753674778077,14606.145211279425,150,140,11,0,0.14079299999866635,0,0,0,
annex,boundary,91047,v3,alternating,0,11,11,True,3856.7052961901145,350.6095723809195,15278.526480950572,126,116,11,0,0.0694190000067465,0,0,0,
annex,boundary,91047,v3_origin20,alternating,0,11,11,True,3965.9374782502523,360.5397707500229,15234.687391251262,146,134,11,0,0.07884983299300075,0,0,0,
annex,boundary,91047,future_cover,hash,0,11,11,True,3932.89205481493,357.5356413468118,15694.46027407465,125,114,11,0,0.09940874998574145,0,0,0,
annex,boundary,91047,joint,hash,0,11,11,True,4696.04601196063,426.9132738146027,18105.230059803147,177,135,11,0,0.04555891701602377,0,0,0,
annex,boundary,91047,optical,hash,0,11,11,True,3636.1331871753405,330.5575624704855,14325.665935876703,120,113,12,1,0.08659795898711309,0,0,0,
annex,boundary,91047,phased,hash,0,11,11,True,4945.64399016083,449.60399910553,19028.219950804152,184,165,11,0,0.036057042016182095,0,0,0,
annex,boundary,91047,scenario,hash,0,11,11,True,3914.1108098352106,355.8282554395646,15715.554049176053,121,111,11,0,0.3433311249827966,19,3,0,
annex,boundary,91047,scenario_future,hash,0,11,11,True,3914.1108098352106,355.8282554395646,15715.554049176053,121,111,11,0,0.40820241600158624,19,3,0,
annex,boundary,91047,v2,hash,0,11,11,True,4150.166489770865,377.2878627064423,16105.832448854326,147,139,11,0,0.3934654589975253,0,0,0,
annex,boundary,91047,v3,hash,0,11,11,True,3932.89205481493,357.5356413468118,15694.46027407465,125,114,11,0,0.11175683399778791,0,0,0,
annex,boundary,91047,v3_origin20,hash,0,11,11,True,3757.1883934148714,341.56258121953374,14250.941967074357,144,132,11,0,0.09537720898515545,0,0,0,
annex,boundary,91047,future_cover,minus,0,11,11,True,3840.2628014206825,349.11480012915297,15316.314007103412,122,112,11,0,0.06936083399341442,0,0,0,
annex,boundary,91047,joint,minus,0,11,11,True,4697.581113455961,427.05282849599644,18087.905567279802,178,135,11,0,0.028302791994065046,0,0,0,
annex,boundary,91047,optical,minus,0,11,11,True,3844.3285562351616,349.48441420319654,15316.642781175808,120,111,16,5,0.06427166701178066,0,0,0,
annex,boundary,91047,phased,minus,0,11,11,True,4898.7216837832075,445.3383348893825,18698.608418916036,187,169,11,0,0.03763062501093373,0,0,0,
annex,boundary,91047,scenario,minus,0,11,11,True,3665.961806605856,333.2692551459869,14379.80903302928,124,115,11,0,0.24172158300643787,21,3,0,
annex,boundary,91047,scenario_future,minus,0,11,11,True,3665.961806605856,333.2692551459869,14379.80903302928,124,115,11,0,0.25472912497934885,21,3,0,
annex,boundary,91047,v2,minus,0,11,11,True,4141.131850655799,376.4665318777999,16095.659253278995,146,137,11,0,0.11225637499592267,0,0,0,
annex,boundary,91047,v3,minus,0,11,11,True,3840.2628014206825,349.11480012915297,15316.314007103412,122,112,11,0,0.05636149999918416,0,0,0,
annex,boundary,91047,v3_origin20,minus,0,11,11,True,3947.3905850732435,358.85368955211305,15261.952925366217,142,130,11,0,0.061716958007309586,0,0,0,
annex,boundary,91047,future_cover,plus,0,11,11,True,3686.546405666964,335.1405823333603,14342.73202833482,129,118,11,0,0.12838058301713318,0,0,0,
annex,boundary,91047,joint,plus,0,11,11,True,4611.4084610231175,419.2189510021016,17717.04230511559,176,133,11,0,0.02024300000630319,0,0,0,
annex,boundary,91047,optical,plus,0,11,11,True,3692.8781422043776,335.71619474585253,14349.390711021888,127,118,16,5,0.11930408299667761,0,0,0,
annex,boundary,91047,phased,plus,0,11,11,True,4964.555438999993,451.32322172727214,19032.777194999966,187,168,11,0,0.0195048330060672,0,0,0,
annex,boundary,91047,scenario,plus,0,11,11,True,3638.4269276577625,330.76608433252386,14107.134638288811,129,117,11,0,0.4850967080274131,29,6,0,
annex,boundary,91047,scenario_future,plus,0,11,11,True,3638.4269276577625,330.76608433252386,14107.134638288811,129,117,11,0,0.5134418749948964,29,6,0,
annex,boundary,91047,v2,plus,0,11,11,True,3947.016040939359,358.81964008539626,15050.080204696795,148,142,11,0,0.15663062501698732,0,0,0,
annex,boundary,91047,v3,plus,0,11,11,True,3686.546405666964,335.1405823333603,14342.73202833482,129,118,11,0,0.09030308399815112,0,0,0,
annex,boundary,91047,v3_origin20,plus,0,11,11,True,3783.816455940917,343.983314176447,14234.082279704584,149,137,11,0,0.10767458297777921,0,0,0,
annex,boundary,91047,future_cover,smooth,0,11,11,True,3837.1135662182432,348.8285060198403,15295.567831091217,122,113,11,0,0.10068741699797101,0,0,0,
annex,boundary,91047,joint,smooth,0,11,11,True,4610.536031534172,419.1396392303793,17712.68015767086,176,133,11,0,0.026375416986411437,0,0,0,
annex,boundary,91047,optical,smooth,0,11,11,True,3840.611529170147,349.14650265183155,15308.057645850737,120,112,15,4,0.09656249999534339,0,0,0,
annex,boundary,91047,phased,smooth,0,11,11,True,4957.504804281622,450.6822549346929,19027.52402140811,186,167,11,0,0.021582791989203542,0,0,0,
annex,boundary,91047,scenario,smooth,0,11,11,True,3673.37376125432,333.9430692049382,14441.868806271601,123,115,11,0,0.3377494169981219,18,3,0,
annex,boundary,91047,scenario_future,smooth,0,11,11,True,3673.37376125432,333.9430692049382,14441.868806271601,123,115,11,0,0.353987042006338,18,3,0,
annex,boundary,91047,v2,smooth,0,11,11,True,3949.2706813306404,359.02460739369457,15031.353406653201,149,143,11,0,0.1870449159760028,0,0,0,
annex,boundary,91047,v3,smooth,0,11,11,True,3837.1135662182432,348.8285060198403,15295.567831091217,122,113,11,0,0.07619079100550152,0,0,0,
annex,boundary,91047,v3_origin20,smooth,0,11,11,True,3948.8403022543425,358.9854820231221,15264.201511271713,142,131,11,0,0.08402670800569467,0,0,0,
annex,boundary,91048,future_cover,alternating,0,16,16,True,4406.310707366663,275.39441921041646,17996.553536833315,123,112,16,0,0.08714641598635353,0,0,0,
annex,boundary,91048,joint,alternating,0,16,16,True,5252.027430295279,328.25171439345496,20825.137151476396,178,117,16,0,0.031248207989847288,0,0,0,
annex,boundary,91048,optical,alternating,0,16,16,True,4439.836016861847,277.48975105386546,18029.18008430924,123,112,25,9,0.087678790994687,0,0,0,
annex,boundary,91048,phased,alternating,0,16,16,True,5142.390056049139,321.3993785030712,19501.950280245695,200,162,16,0,0.030635333998361602,0,0,0,
annex,boundary,91048,scenario,alternating,0,16,16,True,3982.2755162156004,248.89221976347503,15711.377581078003,128,120,16,0,0.3352675000205636,29,8,0,
annex,boundary,91048,scenario_future,alternating,0,16,16,True,3982.2755162156004,248.89221976347503,15711.377581078003,128,120,16,0,0.3567982919921633,29,8,0,
annex,boundary,91048,v2,alternating,0,16,16,True,3991.0722979656903,249.44201862285564,15575.361489828452,134,126,16,0,0.22232829200220294,0,0,0,
annex,boundary,91048,v3,alternating,0,16,16,True,4406.310707366663,275.39441921041646,17996.553536833315,123,112,16,0,0.07867724998504855,0,0,0,
annex,boundary,91048,v3_origin20,alternating,0,16,16,True,4099.308561371423,256.20678508571393,15761.542806857115,146,137,16,0,0.09235183300916106,0,0,0,
annex,boundary,91048,future_cover,hash,0,16,16,True,3943.9471331687205,246.49669582304503,15649.735665843602,123,119,16,0,0.14123058301629499,0,0,0,
annex,boundary,91048,joint,hash,0,16,16,True,5081.68272853255,317.60517053328437,19328.41364266275,198,146,16,0,0.0650649169983808,0,0,0,
annex,boundary,91048,optical,hash,0,16,16,True,3969.34730478753,248.08420654922062,15631.73652393765,125,120,22,6,0.1459150840237271,0,0,0,
annex,boundary,91048,phased,hash,0,16,16,True,5142.662860142748,321.41642875892177,19568.31430071374,198,159,16,0,0.05977091699605808,0,0,0,
annex,boundary,91048,scenario,hash,0,16,16,True,4170.517370949301,260.6573356843313,16917.586854746507,120,107,16,0,0.47729225002694875,28,6,0,
annex,boundary,91048,scenario_future,hash,0,16,16,True,4170.517370949301,260.6573356843313,16917.586854746507,120,107,16,0,0.5164893339970149,28,6,0,
annex,boundary,91048,v2,hash,0,16,16,True,4124.876309709758,257.8047693568599,15594.381548548788,156,146,16,0,0.2534826249757316,0,0,0,
annex,boundary,91048,v3,hash,0,16,16,True,3943.9471331687205,246.49669582304503,15649.735665843602,123,119,16,0,0.10081287499633618,0,0,0,
annex,boundary,91048,v3_origin20,hash,0,16,16,True,3913.9979759103835,244.62487349439897,14969.989879551917,141,135,16,0,0.11567254201509058,0,0,0,
annex,boundary,91048,future_cover,minus,0,16,16,True,4364.972969498909,272.8108105936818,17994.864847494548,116,106,16,0,0.06803108399617486,0,0,0,
annex,boundary,91048,joint,minus,0,16,16,True,5220.2179391839945,326.26362119899966,20661.089695919974,178,118,16,0,0.028596374992048368,0,0,0,
annex,boundary,91048,optical,minus,0,16,16,True,4378.4753410734065,273.6547088170879,18002.37670536703,116,106,20,4,0.06171054200967774,0,0,0,
annex,boundary,91048,phased,minus,0,16,16,True,5178.60451342218,323.6627820888863,19688.022567110904,200,161,16,0,0.02993525000056252,0,0,0,
annex,boundary,91048,scenario,minus,0,16,16,True,4184.062203944135,261.50388774650844,16960.311019720677,121,107,16,0,0.26941391700529493,30,6,0,
annex,boundary,91048,scenario_future,minus,0,16,16,True,4184.062203944135,261.50388774650844,16960.311019720677,121,107,16,0,0.38126791699323803,30,6,0,
annex,boundary,91048,v2,minus,0,16,16,True,4106.191009756419,256.63693810977617,16305.955048782094,129,120,16,0,0.1490173749916721,0,0,0,
annex,boundary,91048,v3,minus,0,16,16,True,4364.972969498909,272.8108105936818,17994.864847494548,116,106,16,0,0.05162604199722409,0,0,0,
annex,boundary,91048,v3_origin20,minus,0,16,16,True,4102.803623738755,256.4252264836722,15794.018118693773,146,134,16,0,0.06869691700558178,0,0,0,
annex,boundary,91048,future_cover,plus,0,16,16,True,3952.7650742489786,247.04781714056116,15613.825371244893,126,120,16,0,0.14604612500988878,0,0,0,
annex,boundary,91048,joint,plus,0,16,16,True,5080.436260465436,317.52726627908976,19292.181302327182,199,147,16,0,0.03674820900778286,0,0,0,
annex,boundary,91048,optical,plus,0,16,16,True,3959.228267242467,247.4517667026542,15636.141336212335,123,119,22,6,0.1233934159972705,0,0,0,
annex,boundary,91048,phased,plus,0,16,16,True,5173.295689081105,323.33098056756904,19661.478445405523,200,161,16,0,0.044147999986307696,0,0,0,
annex,boundary,91048,scenario,plus,0,16,16,True,3977.8679784091987,248.61674865057492,15719.339892045993,127,119,16,0,0.43726266600424424,31,7,0,
annex,boundary,91048,scenario_future,plus,0,16,16,True,3977.8679784091987,248.61674865057492,15719.339892045993,127,119,16,0,0.42621291597606614,31,7,0,
annex,boundary,91048,v2,plus,0,16,16,True,4091.9065784976915,255.74416115610572,15539.532892488458,152,144,16,0,0.22665583400521427,0,0,0,
annex,boundary,91048,v3,plus,0,16,16,True,3952.7650742489786,247.04781714056116,15613.825371244893,126,120,16,0,0.10333375001209788,0,0,0,
annex,boundary,91048,v3_origin20,plus,0,16,16,True,3920.7596745082906,245.04747965676816,14723.798372541452,151,141,16,0,0.11674841700005345,0,0,0,
annex,boundary,91048,future_cover,smooth,0,16,16,True,4163.539988350888,260.2212492719305,16837.69994175444,121,111,16,0,0.13334437500452623,0,0,0,
annex,boundary,91048,joint,smooth,0,16,16,True,5087.475706197512,317.9672316373445,19327.378530987564,199,147,16,0,0.04866991698509082,0,0,0,
annex,boundary,91048,optical,smooth,0,16,16,True,4144.36230607926,259.02264412995373,16861.8115303963,115,105,20,4,0.09935283398954198,0,0,0,
annex,boundary,91048,phased,smooth,0,16,16,True,5257.191574663242,328.57447341645263,20075.957873316212,200,162,16,0,0.042031334014609456,0,0,0,
annex,boundary,91048,scenario,smooth,0,16,16,True,4197.3861336617365,262.33663335385853,16971.930668308683,122,113,16,0,0.42062512499978766,28,5,0,
annex,boundary,91048,scenario_future,smooth,0,16,16,True,4197.3861336617365,262.33663335385853,16971.930668308683,122,113,16,0,0.43689616600750014,28,5,0,
annex,boundary,91048,v2,smooth,0,16,16,True,4126.982267041467,257.9363916900917,15539.911335207336,158,149,16,0,0.2574590420117602,0,0,0,
annex,boundary,91048,v3,smooth,0,16,16,True,4163.539988350888,260.2212492719305,16837.69994175444,121,111,16,0,0.08869591698748991,0,0,0,
annex,boundary,91048,v3_origin20,smooth,0,16,16,True,4066.935520376319,254.18347002351993,15779.677601881594,140,131,16,0,0.10144716699142009,0,0,0,
annex,boundary,91049,future_cover,alternating,0,15,15,True,4376.661599770539,291.77743998470265,17863.3079988527,123,114,15,0,0.10633974999655038,0,0,0,
annex,boundary,91049,joint,alternating,0,15,15,True,5116.70990010023,341.1139933400153,20153.54950050115,178,121,15,0,0.02689945901511237,0,0,0,
annex,boundary,91049,optical,alternating,0,15,15,True,4371.375082148377,291.4250054765585,17861.875410741886,119,114,20,5,0.12302025000099093,0,0,0,
annex,boundary,91049,phased,alternating,0,15,15,True,5379.849805365493,358.6566536910329,20479.249026827463,207,174,15,0,0.024700833979295567,0,0,0,
annex,boundary,91049,scenario,alternating,0,15,15,True,4243.032184923587,282.86881232823913,16870.160924617936,134,124,15,0,0.33953279099659994,32,7,0,
annex,boundary,91049,scenario_future,alternating,0,15,15,True,4243.032184923587,282.86881232823913,16870.160924617936,134,124,15,0,0.32479924999643117,32,7,0,
annex,boundary,91049,v2,alternating,0,15,15,True,4199.601350903789,279.97342339358596,16643.00675451895,134,126,15,0,0.16736041702097282,0,0,0,
annex,boundary,91049,v3,alternating,0,15,15,True,4376.661599770539,291.77743998470265,17863.3079988527,123,114,15,0,0.07661249997909181,0,0,0,
annex,boundary,91049,v3_origin20,alternating,0,15,15,True,4191.457647446446,279.430509829763,16342.28823723223,143,133,15,0,0.10883450001711026,0,0,0,
annex,boundary,91049,future_cover,hash,0,15,15,True,4214.118664047217,280.9412442698145,16590.593320236083,138,131,15,0,0.12951029199757613,0,0,0,
annex,boundary,91049,joint,hash,0,15,15,True,5210.110892084596,347.3407261389731,20255.55446042298,190,134,15,0,0.046895167004549876,0,0,0,
annex,boundary,91049,optical,hash,0,15,15,True,4184.882970146286,278.9921980097524,16589.41485073143,132,126,17,2,0.12105354201048613,0,0,0,
annex,boundary,91049,phased,hash,0,15,15,True,5366.829127384041,357.7886084922694,20444.145636920206,206,173,15,0,0.04402770800516009,0,0,0,
annex,boundary,91049,scenario,hash,0,15,15,True,4377.803278098005,291.85355187320033,17979.016390490022,120,107,15,0,0.4939440420130268,30,3,0,
annex,boundary,91049,scenario_future,hash,0,15,15,True,4377.803278098005,291.85355187320033,17979.016390490022,120,107,15,0,0.5402219999814406,30,3,0,
annex,boundary,91049,v2,hash,0,15,15,True,4297.918087499924,286.52787249999494,16794.590437499617,145,139,15,0,0.24783145799301565,0,0,0,
annex,boundary,91049,v3,hash,0,15,15,True,4214.118664047217,280.9412442698145,16590.593320236083,138,131,15,0,0.1034494579944294,0,0,0,
annex,boundary,91049,v3_origin20,hash,0,15,15,True,4128.6998409807275,275.24665606538184,15528.499204903635,159,153,15,0,0.11066629097331315,0,0,0,
annex,boundary,91049,future_cover,minus,0,15,15,True,4356.919598320428,290.4613065546952,17854.59799160214,120,111,15,0,0.12354566599242389,0,0,0,
annex,boundary,91049,joint,minus,0,15,15,True,5199.301088167908,346.6200725445272,20201.50544083954,190,134,15,0,0.024711000005481765,0,0,0,
annex,boundary,91049,optical,minus,0,15,15,True,4356.534319414963,290.4356212943309,17852.671597074816,117,111,20,5,0.10315325000556186,0,0,0,
annex,boundary,91049,phased,minus,0,15,15,True,5405.455185549513,360.3636790366342,20597.275927747563,207,176,15,0,0.023308625008212402,0,0,0,
annex,boundary,91049,scenario,minus,0,15,15,True,4392.323839783874,292.82158931892496,17966.619198919372,123,109,15,0,0.41121320801903494,32,6,0,
annex,boundary,91049,scenario_future,minus,0,15,15,True,4392.323839783874,292.82158931892496,17966.619198919372,123,109,15,0,0.44355270799132995,32,6,0,
annex,boundary,91049,v2,minus,0,15,15,True,4204.723311387764,280.31488742585094,16668.616556938818,134,126,15,0,0.24148054199758917,0,0,0,
annex,boundary,91049,v3,minus,0,15,15,True,4356.919598320428,290.4613065546952,17854.59799160214,120,111,15,0,0.06626645801588893,0,0,0,
annex,boundary,91049,v3_origin20,minus,0,15,15,True,4167.109471808399,277.8072981205599,16335.547359041995,139,130,15,0,0.08905333298025653,0,0,0,
annex,boundary,91049,future_cover,plus,0,15,15,True,4233.324018897622,282.2216012598415,16596.620094488113,141,134,15,0,0.1069376670056954,0,0,0,
annex,boundary,91049,joint,plus,0,15,15,True,5214.052767751697,347.6035178501131,20275.26383875848,190,134,15,0,0.035075291991233826,0,0,0,
annex,boundary,91049,optical,plus,0,15,15,True,4210.939131455631,280.72927543037537,16589.695657278153,135,128,20,5,0.12904749999870546,0,0,0,
annex,boundary,91049,phased,plus,0,15,15,True,5364.440357392209,357.6293571594806,20402.201786961046,207,174,15,0,0.03140325000276789,0,0,0,
annex,boundary,91049,scenario,plus,0,15,15,True,4262.570589716792,284.17137264778614,16927.85294858396,135,127,15,0,0.37070670901448466,30,4,0,
annex,boundary,91049,scenario_future,plus,0,15,15,True,4262.570589716792,284.17137264778614,16927.85294858396,135,127,15,0,0.3785967910080217,30,4,0,
annex,boundary,91049,v2,plus,0,15,15,True,4319.810385054791,287.9873590036528,16819.051925273958,148,141,15,0,0.2359590419800952,0,0,0,
annex,boundary,91049,v3,plus,0,15,15,True,4233.324018897622,282.2216012598415,16596.620094488113,141,134,15,0,0.09691841699532233,0,0,0,
annex,boundary,91049,v3_origin20,plus,0,15,15,True,4164.044777658164,277.60298517721094,15535.223888290819,165,157,15,0,0.12531745800515637,0,0,0,
annex,boundary,91049,future_cover,smooth,0,15,15,True,4222.614327370583,281.50762182470555,16613.071636852914,139,130,15,0,0.13184862499474548,0,0,0,
annex,boundary,91049,joint,smooth,0,15,15,True,5207.5384967626405,347.16923311750935,20242.692483813204,190,134,15,0,0.040297666011611,0,0,0,
annex,boundary,91049,optical,smooth,0,15,15,True,4225.914543973925,281.7276362649283,16609.572719869626,137,129,20,5,0.11845329200150445,0,0,0,
annex,boundary,91049,phased,smooth,0,15,15,True,5410.214053919353,360.6809369279569,20651.070269596767,206,175,15,0,0.037944290990708396,0,0,0,
annex,boundary,91049,scenario,smooth,0,15,15,True,4358.852918158,290.59019454386663,17904.26459079,119,108,15,0,0.42505283301579766,30,4,0,
annex,boundary,91049,scenario_future,smooth,0,15,15,True,4358.852918158,290.59019454386663,17904.26459079,119,108,15,0,0.4930653750197962,30,4,0,
annex,boundary,91049,v2,smooth,0,15,15,True,4181.674131887367,278.77827545915784,16638.370659436838,131,124,15,0,0.2147152920078952,0,0,0,
annex,boundary,91049,v3,smooth,0,15,15,True,4222.614327370583,281.50762182470555,16613.071636852914,139,130,15,0,0.09072779197595082,0,0,0,
annex,boundary,91049,v3_origin20,smooth,0,15,15,True,4145.936286697713,276.39575244651417,15529.681433488564,162,155,15,0,0.10256620901054703,0,0,0,
annex,special,93000,future_cover,alternating,0,10,10,True,2126.8481433395777,212.68481433395777,7414.240716697889,100,94,10,0,0.05517212499398738,0,0,0,
annex,special,93000,joint,alternating,0,10,10,True,1823.0796529082575,182.30796529082573,6200.398264541287,90,83,10,0,0.00027325001428835094,0,0,0,
annex,special,93000,optical,alternating,0,10,10,True,2114.20284466419,211.420284466419,7426.014223320949,95,89,15,5,0.04086833298788406,0,0,0,
annex,special,93000,phased,alternating,0,10,10,True,1823.0796529082575,182.30796529082573,6200.398264541287,90,83,10,0,0.0001801659818738699,0,0,0,
annex,special,93000,scenario,alternating,0,10,10,True,2117.651075423475,211.7651075423475,7368.255377117376,100,94,10,0,0.08914783300133422,3,1,0,
annex,special,93000,scenario_future,alternating,0,10,10,True,2117.651075423475,211.7651075423475,7368.255377117376,100,94,10,0,0.1327082499919925,3,1,0,
annex,special,93000,v2,alternating,0,10,10,True,1823.0796529082575,182.30796529082573,6200.398264541287,90,83,10,0,0.007949417020427063,0,0,0,
annex,special,93000,v3,alternating,0,10,10,True,2126.8481433395777,212.68481433395777,7414.240716697889,100,94,10,0,0.03738774999510497,0,0,0,
annex,special,93000,v3_origin20,alternating,0,10,10,True,1823.0796529082575,182.30796529082573,6200.398264541287,90,83,10,0,0.005872125009773299,0,0,0,
annex,special,93000,future_cover,hash,0,10,10,True,2135.058736719267,213.5058736719267,7395.2936835963355,102,96,10,0,0.09504645798006095,0,0,0,
annex,special,93000,joint,hash,0,10,10,True,1823.0796529082575,182.30796529082573,6200.398264541287,90,83,10,0,0.0006174170121084899,0,0,0,
annex,special,93000,optical,hash,0,10,10,True,2156.690987417612,215.66909874176122,7403.45493708806,102,95,17,7,0.09339433399145491,0,0,0,
annex,special,93000,phased,hash,0,10,10,True,1823.0796529082575,182.30796529082573,6200.398264541287,90,83,10,0,0.00023791601415723562,0,0,0,
annex,special,93000,scenario,hash,0,10,10,True,2136.1509563991362,213.61509563991362,7435.754781995682,101,94,10,0,0.20100816700141877,6,4,0,
annex,special,93000,scenario_future,hash,0,10,10,True,2136.1509563991362,213.61509563991362,7435.754781995682,101,94,10,0,0.2340131659875624,6,4,0,
annex,special,93000,v2,hash,0,10,10,True,1823.0796529082575,182.30796529082573,6200.398264541287,90,83,10,0,0.013429082988295704,0,0,0,
annex,special,93000,v3,hash,0,10,10,True,2135.058736719267,213.5058736719267,7395.2936835963355,102,96,10,0,0.07315524999285117,0,0,0,
annex,special,93000,v3_origin20,hash,0,10,10,True,1823.0796529082575,182.30796529082573,6200.398264541287,90,83,10,0,0.012064791982993484,0,0,0,
annex,special,93000,future_cover,minus,0,10,10,True,2119.8436984518385,211.98436984518383,7384.218492259191,100,93,10,0,0.03923404199304059,0,0,0,
annex,special,93000,joint,minus,0,10,10,True,1823.0796529082575,182.30796529082573,6200.398264541287,90,83,10,0,0.0003752910124603659,0,0,0,
annex,special,93000,optical,minus,0,10,10,True,2158.075091017383,215.80750910173828,7425.375455086914,100,93,20,10,0.05622049997327849,0,0,0,
annex,special,93000,phased,minus,0,10,10,True,1823.0796529082575,182.30796529082573,6200.398264541287,90,83,10,0,0.0002446250000502914,0,0,0,
annex,special,93000,scenario,minus,0,10,10,True,2120.8436984518385,212.08436984518386,7384.218492259191,100,94,10,0,0.08299233298748732,2,2,0,
annex,special,93000,scenario_future,minus,0,10,10,True,2120.8436984518385,212.08436984518386,7384.218492259191,100,94,10,0,0.09645212499890476,2,2,0,
annex,special,93000,v2,minus,0,10,10,True,1823.0796529082575,182.30796529082573,6200.398264541287,90,83,10,0,0.012275709013920277,0,0,0,
annex,special,93000,v3,minus,0,10,10,True,2119.8436984518385,211.98436984518383,7384.218492259191,100,93,10,0,0.03553979200660251,0,0,0,
annex,special,93000,v3_origin20,minus,0,10,10,True,1823.0796529082575,182.30796529082573,6200.398264541287,90,83,10,0,0.008581833011703566,0,0,0,
annex,special,93000,future_cover,plus,0,10,10,True,2119.8436984518357,211.98436984518358,7384.21849225918,100,93,10,0,0.03894541601766832,0,0,0,
annex,special,93000,joint,plus,0,10,10,True,1823.0796529082575,182.30796529082573,6200.398264541287,90,83,10,0,0.0004124999977648258,0,0,0,
annex,special,93000,optical,plus,0,10,10,True,2158.07509101738,215.80750910173802,7425.375455086902,100,93,20,10,0.047335084003861994,0,0,0,
annex,special,93000,phased,plus,0,10,10,True,1823.0796529082575,182.30796529082573,6200.398264541287,90,83,10,0,0.00028812498203478754,0,0,0,
annex,special,93000,scenario,plus,0,10,10,True,2120.8436984518357,212.08436984518357,7384.21849225918,100,94,10,0,0.08243387498077936,2,1,0,
annex,special,93000,scenario_future,plus,0,10,10,True,2120.8436984518357,212.08436984518357,7384.21849225918,100,94,10,0,0.09376712501398288,2,1,0,
annex,special,93000,v2,plus,0,10,10,True,1823.0796529082575,182.30796529082573,6200.398264541287,90,83,10,0,0.011159000016050413,0,0,0,
annex,special,93000,v3,plus,0,10,10,True,2119.8436984518357,211.98436984518358,7384.21849225918,100,93,10,0,0.03047954200883396,0,0,0,
annex,special,93000,v3_origin20,plus,0,10,10,True,1823.0796529082575,182.30796529082573,6200.398264541287,90,83,10,0,0.00802633399143815,0,0,0,
annex,special,93000,future_cover,smooth,0,10,10,True,2132.7238642381853,213.27238642381855,7443.619321190926,100,94,10,0,0.12354466700344346,0,0,0,
annex,special,93000,joint,smooth,0,10,10,True,1823.0796529082575,182.30796529082573,6200.398264541287,90,83,10,0,0.0004305420152377337,0,0,0,
annex,special,93000,optical,smooth,0,10,10,True,2113.915888397365,211.3915888397365,7469.579441986826,94,88,14,4,0.06747854099376127,0,0,0,
annex,special,93000,phased,smooth,0,10,10,True,1823.0796529082575,182.30796529082573,6200.398264541287,90,83,10,0,0.00029712499235756695,0,0,0,
annex,special,93000,scenario,smooth,0,10,10,True,2174.6407733511005,217.46407733511006,7513.203866755503,105,97,10,0,0.3388326670101378,10,7,0,
annex,special,93000,scenario_future,smooth,0,10,10,True,2174.6407733511005,217.46407733511006,7513.203866755503,105,97,10,0,0.310287291998975,10,7,0,
annex,special,93000,v2,smooth,0,10,10,True,1823.0796529082575,182.30796529082573,6200.398264541287,90,83,10,0,0.013929667009506375,0,0,0,
annex,special,93000,v3,smooth,0,10,10,True,2132.7238642381853,213.27238642381855,7443.619321190926,100,94,10,0,0.06668483398971148,0,0,0,
annex,special,93000,v3_origin20,smooth,0,10,10,True,1823.0796529082575,182.30796529082573,6200.398264541287,90,83,10,0,0.009570166992489249,0,0,0,
annex,special,93001,future_cover,alternating,0,11,11,True,2136.1877327822,194.1988847983818,7555.938663911,96,90,11,0,0.04435425001429394,0,0,0,
annex,special,93001,joint,alternating,0,11,11,True,2832.070548533161,257.4609589575601,7805.352742665806,204,196,11,0,0.0390309999929741,0,0,0,
annex,special,93001,optical,alternating,0,11,11,True,2136.1540503095994,194.19582275541813,7555.770251547998,96,90,11,0,0.03737212499254383,0,0,0,
annex,special,93001,phased,alternating,0,11,11,True,2908.265938720355,264.38781261094135,7826.329693601775,215,213,11,0,0.03589841700159013,0,0,0,
annex,special,93001,scenario,alternating,0,11,11,True,2135.9073560926,194.17339600841817,7554.536780462999,96,90,11,0,0.1030272500065621,4,0,0,
annex,special,93001,scenario_future,alternating,0,11,11,True,2135.9073560926,194.17339600841817,7554.536780462999,96,90,11,0,0.11475791601696983,4,0,0,
annex,special,93001,v2,alternating,0,11,11,True,2542.9457320923657,231.1768847356696,7529.728660461829,165,157,11,0,0.05796791598550044,0,0,0,
annex,special,93001,v3,alternating,0,11,11,True,2136.1877327822,194.1988847983818,7555.938663911,96,90,11,0,0.03419516599387862,0,0,0,
annex,special,93001,v3_origin20,alternating,0,11,11,True,2254.4860397031794,204.95327633665266,7557.430198515896,116,108,11,0,0.03645958300330676,0,0,0,
annex,special,93001,future_cover,hash,0,11,11,True,2141.6835956173168,194.69850869248333,7583.417978086583,96,90,11,0,0.07162412500474602,0,0,0,
annex,special,93001,joint,hash,0,11,11,True,2802.533418161483,254.77576528740755,7652.667090807415,204,197,11,0,0.04124883300391957,0,0,0,
annex,special,93001,optical,hash,0,11,11,True,2134.0805190185297,194.00731991077544,7590.402595092648,94,88,12,1,0.05907529199612327,0,0,0,
annex,special,93001,phased,hash,0,11,11,True,2903.208132990565,263.92801209005137,7816.040664952826,215,210,11,0,0.036504708987195045,0,0,0,
annex,special,93001,scenario,hash,0,11,11,True,2161.05412814314,196.45946619483092,7535.270640715701,101,94,11,0,0.22112379199825227,7,4,0,
annex,special,93001,scenario_future,hash,0,11,11,True,2161.05412814314,196.45946619483092,7535.270640715701,101,94,11,0,0.28342162500484847,7,4,0,
annex,special,93001,v2,hash,0,11,11,True,2579.148839034776,234.4680762758887,7585.744195173879,169,162,11,0,0.11993350001284853,0,0,0,
annex,special,93001,v3,hash,0,11,11,True,2141.6835956173168,194.69850869248333,7583.417978086583,96,90,11,0,0.048620334011502564,0,0,0,
annex,special,93001,v3_origin20,hash,0,11,11,True,2286.7870436493085,207.88973124084623,7533.935218246544,122,115,11,0,0.05875612501404248,0,0,0,
annex,special,93001,future_cover,minus,0,11,11,True,2127.899094462524,193.4453722238658,7519.495472312619,96,89,11,0,0.04698258300777525,0,0,0,
annex,special,93001,joint,minus,0,11,11,True,2794.475353047986,254.0432139134533,7612.376765239931,204,197,11,0,0.024754250014666468,0,0,0,
annex,special,93001,optical,minus,0,11,11,True,2067.899094462524,187.99082676932036,7519.495472312619,86,79,11,0,0.04949220799608156,0,0,0,
annex,special,93001,phased,minus,0,11,11,True,2897.729265861153,263.42993326010486,7773.646329305765,215,213,11,0,0.024350499996216968,0,0,0,
annex,special,93001,scenario,minus,0,11,11,True,2126.899094462524,193.3544631329567,7519.495472312619,96,88,11,0,0.09873883301042952,2,1,0,
annex,special,93001,scenario_future,minus,0,11,11,True,2126.899094462524,193.3544631329567,7519.495472312619,96,88,11,0,0.0979267499933485,2,1,0,
annex,special,93001,v2,minus,0,11,11,True,2711.2574408005116,246.47794916368287,8186.287204002558,171,164,11,0,0.18144083299557678,0,0,0,
annex,special,93001,v3,minus,0,11,11,True,2127.899094462524,193.4453722238658,7519.495472312619,96,89,11,0,0.03487016700091772,0,0,0,
annex,special,93001,v3_origin20,minus,0,11,11,True,2247.8921784237646,204.3538344021604,7519.460892118822,116,109,11,0,0.040721792000113055,0,0,0,
annex,special,93001,future_cover,plus,0,11,11,True,2127.899094462524,193.4453722238658,7519.495472312619,96,89,11,0,0.036782832990866154,0,0,0,
annex,special,93001,joint,plus,0,11,11,True,2794.3191353355032,254.02901230322757,7611.595676677516,204,197,11,0,0.025811291008722037,0,0,0,
annex,special,93001,optical,plus,0,11,11,True,2067.899094462524,187.99082676932036,7519.495472312619,86,79,11,0,0.040987624990521,0,0,0,
annex,special,93001,phased,plus,0,11,11,True,2901.696086985215,263.79055336229226,7793.480434926075,215,213,11,0,0.025052042008610442,0,0,0,
annex,special,93001,scenario,plus,0,11,11,True,2126.899094462524,193.3544631329567,7519.495472312619,96,88,11,0,0.08138570800656453,2,1,0,
annex,special,93001,scenario_future,plus,0,11,11,True,2126.899094462524,193.3544631329567,7519.495472312619,96,88,11,0,0.08640504098730162,2,1,0,
annex,special,93001,v2,plus,0,11,11,True,2711.73110597517,246.52100963410638,8188.65552987585,171,164,11,0,0.1439011250040494,0,0,0,
annex,special,93001,v3,plus,0,11,11,True,2127.899094462524,193.4453722238658,7519.495472312619,96,89,11,0,0.02665458299452439,0,0,0,
annex,special,93001,v3_origin20,plus,0,11,11,True,2247.8921784237646,204.3538344021604,7519.460892118822,116,109,11,0,0.03776495798956603,0,0,0,
annex,special,93001,future_cover,smooth,0,11,11,True,2169.275891245621,197.20689920414736,7541.3794562281055,102,96,11,0,0.07926179200876504,0,0,0,
annex,special,93001,joint,smooth,0,11,11,True,2801.448774322684,254.6771613020622,7652.24387161342,204,196,11,0,0.02649141600704752,0,0,0,
annex,special,93001,optical,smooth,0,11,11,True,2142.1127196665184,194.7375199696835,7540.563598332592,97,91,12,1,0.06121083299512975,0,0,0,
annex,special,93001,phased,smooth,0,11,11,True,2902.9717395008465,263.90652177280424,7814.8586975042335,215,210,11,0,0.02594387499266304,0,0,0,
annex,special,93001,scenario,smooth,0,11,11,True,2139.054845460014,194.4595314054558,7570.2742273000695,96,90,11,0,0.1209462909901049,3,2,0,
annex,special,93001,scenario_future,smooth,0,11,11,True,2139.054845460014,194.4595314054558,7570.2742273000695,96,90,11,0,0.12884804198984057,3,2,0,
annex,special,93001,v2,smooth,0,11,11,True,2601.294682580453,236.48133478004118,7731.4734129022645,168,160,11,0,0.1233475000190083,0,0,0,
annex,special,93001,v3,smooth,0,11,11,True,2169.275891245621,197.20689920414736,7541.3794562281055,102,96,11,0,0.04393270899890922,0,0,0,
annex,special,93001,v3_origin20,smooth,0,11,11,True,2285.67928836745,207.78902621522275,7528.396441837251,122,115,11,0,0.05150875000981614,0,0,0,
annex,special,93002,future_cover,alternating,0,12,12,True,2961.0029976296737,246.7502498024728,11235.014988148369,110,104,12,0,0.10758820897899568,0,0,0,
annex,special,93002,joint,alternating,0,12,12,True,3072.2600655306574,256.0216721275548,11431.300327653287,122,116,12,0,0.025118582998402417,0,0,0,
annex,special,93002,optical,alternating,0,12,12,True,2958.2845987449427,246.52371656207856,11116.422993724713,112,109,14,2,0.09755737497471273,0,0,0,
annex,special,93002,phased,alternating,0,12,12,True,3269.765839036115,272.4804865863429,11168.829195180573,163,161,12,0,0.021288165997248143,0,0,0,
annex,special,93002,scenario,alternating,0,12,12,True,3186.3485433706533,265.5290452808878,12381.742716853267,109,105,12,0,0.2542564159957692,22,7,0,
annex,special,93002,scenario_future,alternating,0,12,12,True,3186.3485433706533,265.5290452808878,12381.742716853267,109,105,12,0,0.30299995801760815,22,7,0,
annex,special,93002,v2,alternating,0,12,12,True,2955.2793253448112,246.2732771120676,11056.396626724056,115,109,12,0,0.1962779579916969,0,0,0,
annex,special,93002,v3,alternating,0,12,12,True,2961.0029976296737,246.7502498024728,11235.014988148369,110,104,12,0,0.07190045801689848,0,0,0,
annex,special,93002,v3_origin20,alternating,0,12,12,True,2878.4886429624726,239.87405358020604,10497.443214812363,121,114,12,0,0.08301316600409336,0,0,0,
annex,special,93002,future_cover,hash,0,12,12,True,2968.6314265393653,247.38595221161378,11273.157132696826,110,104,12,0,0.16761079200659879,0,0,0,
annex,special,93002,joint,hash,0,12,12,True,2949.5951586281776,245.79959655234813,10852.975793140888,122,109,12,0,0.0399311660148669,0,0,0,
annex,special,93002,optical,hash,0,12,12,True,2908.753023473252,242.39608528943768,10948.76511736626,110,106,13,1,0.1346002500213217,0,0,0,
annex,special,93002,phased,hash,0,12,12,True,3268.418337610382,272.3681948008652,11162.091688051909,163,161,12,0,0.047910042019793764,0,0,0,
annex,special,93002,scenario,hash,0,12,12,True,3091.286056650756,257.607171387563,11906.430283253781,109,105,12,0,0.4254518329980783,21,4,0,
annex,special,93002,scenario_future,hash,0,12,12,True,3091.286056650756,257.607171387563,11906.430283253781,109,105,12,0,0.47808199998689815,21,4,0,
annex,special,93002,v2,hash,0,12,12,True,2873.707536915483,239.47562807629026,10613.537684577415,116,111,12,0,0.3639866249868646,0,0,0,
annex,special,93002,v3,hash,0,12,12,True,2968.6314265393653,247.38595221161378,11273.157132696826,110,104,12,0,0.11679758399259299,0,0,0,
annex,special,93002,v3_origin20,hash,0,12,12,True,2871.5818487334063,239.29848739445052,10507.909243667033,119,115,12,0,0.13038933399366215,0,0,0,
annex,special,93002,future_cover,minus,0,12,12,True,2937.5708212761274,244.7975684396773,11097.854106380637,110,108,12,0,0.1713842500175815,0,0,0,
annex,special,93002,joint,minus,0,12,12,True,2945.760276722122,245.48002306017682,10858.80138361061,121,109,12,0,0.026180208020377904,0,0,0,
annex,special,93002,optical,minus,0,12,12,True,2943.5774847143084,245.29812372619236,11097.887423571543,110,108,14,2,0.310564459010493,0,0,0,
annex,special,93002,phased,minus,0,12,12,True,3269.3631114548043,272.446925954567,11166.815557274022,163,161,12,0,0.02760858301189728,0,0,0,
annex,special,93002,scenario,minus,0,12,12,True,3057.9826819723103,254.83189016435918,11774.91340986155,108,103,12,0,0.2850179999950342,19,4,0,
annex,special,93002,scenario_future,minus,0,12,12,True,3057.9826819723103,254.83189016435918,11774.91340986155,108,103,12,0,0.2647105409996584,19,4,0,
annex,special,93002,v2,minus,0,12,12,True,3022.2697420442482,251.8558118370207,11436.348710221242,113,110,12,0,0.4897237500117626,0,0,0,
annex,special,93002,v3,minus,0,12,12,True,2937.5708212761274,244.7975684396773,11097.854106380637,110,108,12,0,0.09551037498749793,0,0,0,
annex,special,93002,v3_origin20,minus,0,12,12,True,2871.4679851426017,239.28899876188348,10497.339925713008,120,112,12,0,0.09608116699382663,0,0,0,
annex,special,93002,future_cover,plus,0,12,12,True,2937.832533147411,244.81937776228426,11099.162665737056,110,108,12,0,0.14883158399607055,0,0,0,
annex,special,93002,joint,plus,0,12,12,True,2843.3889136111447,236.94907613426207,10446.944568055724,117,109,12,0,0.023979959019925445,0,0,0,
annex,special,93002,optical,plus,0,12,12,True,2943.1777608499074,245.26481340415896,11095.888804249536,110,108,14,2,0.11116916700848378,0,0,0,
annex,special,93002,phased,plus,0,12,12,True,3272.4999154551674,272.7083262879306,11182.499577275838,163,161,12,0,0.02532033299212344,0,0,0,
annex,special,93002,scenario,plus,0,12,12,True,3003.313921496133,250.27616012467774,11461.569607480666,109,106,12,0,0.25972912498400547,19,3,0,
annex,special,93002,scenario_future,plus,0,12,12,True,3003.313921496133,250.27616012467774,11461.569607480666,109,106,12,0,0.42590241599828005,19,3,0,
annex,special,93002,v2,plus,0,12,12,True,3022.269742044248,251.85581183702064,11436.348710221238,113,110,12,0,0.3261670409992803,0,0,0,
annex,special,93002,v3,plus,0,12,12,True,2937.832533147411,244.81937776228426,11099.162665737056,110,108,12,0,0.09286345800501294,0,0,0,
annex,special,93002,v3_origin20,plus,0,12,12,True,2868.9044543866394,239.07537119888661,10514.522271933198,119,111,12,0,0.0979206660122145,0,0,0,
annex,special,93002,future_cover,smooth,0,12,12,True,2864.440975181598,238.70341459846648,10822.20487590799,107,105,12,0,0.14412574999732897,0,0,0,
annex,special,93002,joint,smooth,0,12,12,True,2932.0924705139296,244.34103920949414,10860.462352569648,119,105,12,0,0.028284792002523318,0,0,0,
annex,special,93002,optical,smooth,0,12,12,True,2879.82696869373,239.9855807244775,10854.134843468652,107,105,15,3,0.11336645801202394,0,0,0,
annex,special,93002,phased,smooth,0,12,12,True,3273.464541860457,272.78871182170474,11157.322709302285,164,162,12,0,0.03025579097447917,0,0,0,
annex,special,93002,scenario,smooth,0,12,12,True,3118.1945150507604,259.8495429208967,12125.972575253802,107,98,12,0,0.3210113749955781,15,4,0,
annex,special,93002,scenario_future,smooth,0,12,12,True,3118.1945150507604,259.8495429208967,12125.972575253802,107,98,12,0,0.3415563330054283,15,4,0,
annex,special,93002,v2,smooth,0,12,12,True,2980.5994288675365,248.38328573896138,11202.997144337683,114,110,12,0,0.3024868330103345,0,0,0,
annex,special,93002,v3,smooth,0,12,12,True,2864.440975181598,238.70341459846648,10822.20487590799,107,105,12,0,0.08272624999517575,0,0,0,
annex,special,93002,v3_origin20,smooth,0,12,12,True,2885.94842185767,240.4957018214725,10474.74210928835,123,116,12,0,0.11671162501443177,0,0,0,
annex,special,93003,future_cover,alternating,0,13,13,True,2168.6131781162967,166.8163983166382,7613.0658905814835,98,91,13,0,0.11405466601718217,0,0,0,
annex,special,93003,joint,alternating,0,13,13,True,3222.7948879140704,247.90729907031312,9558.974439570353,212,186,13,0,0.026981749979313463,0,0,0,
annex,special,93003,optical,alternating,0,13,13,True,2177.6131781162967,167.5087060089459,7613.0658905814835,98,91,16,3,0.06667045800713822,0,0,0,
annex,special,93003,phased,alternating,0,13,13,True,3045.3832647915847,234.2602511378142,8186.916323957923,225,218,13,0,0.027216792019316927,0,0,0,
annex,special,93003,scenario,alternating,0,13,13,True,2139.860483773417,164.60465259795515,7614.302418867085,93,87,13,0,0.12576241701026447,8,5,0,
annex,special,93003,scenario_future,alternating,0,13,13,True,2139.860483773417,164.60465259795515,7614.302418867085,93,87,13,0,0.17001483400235884,8,5,0,
annex,special,93003,v2,alternating,0,13,13,True,2581.3912644068405,198.5685588005262,7606.9563220342025,167,160,13,0,0.09055845797411166,0,0,0,
annex,special,93003,v3,alternating,0,13,13,True,2168.6131781162967,166.8163983166382,7613.0658905814835,98,91,13,0,0.05006812501233071,0,0,0,
annex,special,93003,v3_origin20,alternating,0,13,13,True,2287.666044719676,175.97431113228276,7613.330223598379,118,110,13,0,0.05737704099738039,0,0,0,
annex,special,93003,future_cover,hash,0,13,13,True,2169.2410308028648,166.86469467714343,7611.205154014325,98,92,13,0,0.1478273750108201,0,0,0,
annex,special,93003,joint,hash,0,13,13,True,3171.346845017004,243.9497573090003,9296.73422508502,212,187,13,0,0.044242250005481765,0,0,0,
annex,special,93003,optical,hash,0,13,13,True,2178.2410308028648,167.55700236945114,7611.205154014325,98,92,16,3,0.0912448329909239,0,0,0,
annex,special,93003,phased,hash,0,13,13,True,3036.95182829046,233.61167909926615,8144.759141452299,225,218,13,0,0.04476695801713504,0,0,0,
annex,special,93003,scenario,hash,0,13,13,True,2140.8833629659052,164.68333561276194,7589.416814829527,94,88,13,0,0.23232595800072886,10,8,0,
annex,special,93003,scenario_future,hash,0,13,13,True,2140.8833629659052,164.68333561276194,7589.416814829527,94,88,13,0,0.3269630830036476,10,8,0,
annex,special,93003,v2,hash,0,13,13,True,2599.0277716868814,199.92521320668317,7605.138858434408,170,163,13,0,0.17091862499364652,0,0,0,
annex,special,93003,v3,hash,0,13,13,True,2169.2410308028648,166.86469467714343,7611.205154014325,98,92,13,0,0.06871345898252912,0,0,0,
annex,special,93003,v3_origin20,hash,0,13,13,True,2225.8063846511245,171.2158757423942,7629.031923255623,107,100,13,0,0.06304474998614751,0,0,0,
annex,special,93003,future_cover,minus,0,13,13,True,2209.0304476037677,169.92541904644366,7630.152238018838,104,98,13,0,0.10091795900370926,0,0,0,
annex,special,93003,joint,minus,0,13,13,True,3481.920502913243,267.8400386856341,10919.602514566215,212,173,13,0,0.025722124992171302,0,0,0,
annex,special,93003,optical,minus,0,13,13,True,2221.0304476037677,170.8484959695206,7630.152238018838,104,98,17,4,0.06834920798428357,0,0,0,
annex,special,93003,phased,minus,0,13,13,True,3036.3230803620327,233.56331387400252,8141.615401810162,225,218,13,0,0.02577174999169074,0,0,0,
annex,special,93003,scenario,minus,0,13,13,True,2107.0845954406805,162.08343041851387,7600.422977203402,88,82,13,0,0.12670204197638668,10,4,0,
annex,special,93003,scenario_future,minus,0,13,13,True,2107.0845954406805,162.08343041851387,7600.422977203402,88,82,13,0,0.16800404101377353,10,4,0,
annex,special,93003,v2,minus,0,13,13,True,2616.8629703297324,201.29715156382557,7604.314851648662,173,166,13,0,0.09877033298835158,0,0,0,
annex,special,93003,v3,minus,0,13,13,True,2209.0304476037677,169.92541904644366,7630.152238018838,104,98,13,0,0.04775416699703783,0,0,0,
annex,special,93003,v3_origin20,minus,0,13,13,True,2322.6209139884027,178.66314722987713,7633.104569942013,123,116,13,0,0.05693308400805108,0,0,0,
annex,special,93003,future_cover,plus,0,13,13,True,2209.2131306874194,169.93947159133995,7631.065653437097,104,98,13,0,0.12111812498187646,0,0,0,
annex,special,93003,joint,plus,0,13,13,True,3520.435814617169,270.80275497055146,11117.179073085845,212,172,13,0,0.039312582986894995,0,0,0,
annex,special,93003,optical,plus,0,13,13,True,2221.2131306874194,170.8625485144169,7631.065653437097,104,98,17,4,0.08363758400082588,0,0,0,
annex,special,93003,phased,plus,0,13,13,True,3039.039634660309,233.77227958925454,8155.198173301545,225,218,13,0,0.03515166701981798,0,0,0,
annex,special,93003,scenario,plus,0,13,13,True,2186.4858765342424,168.1912212718648,7607.429382671213,101,95,13,0,0.21179762500105426,12,4,0,
annex,special,93003,scenario_future,plus,0,13,13,True,2186.4858765342424,168.1912212718648,7607.429382671213,101,95,13,0,0.2820212079968769,12,4,0,
annex,special,93003,v2,plus,0,13,13,True,2554.181425908484,196.47549430065263,7590.907129542419,163,156,13,0,0.11669037499814294,0,0,0,
annex,special,93003,v3,plus,0,13,13,True,2209.2131306874194,169.93947159133995,7631.065653437097,104,98,13,0,0.13913320799474604,0,0,0,
annex,special,93003,v3_origin20,plus,0,13,13,True,2305.918183565344,177.37832181271875,7609.59091782672,121,114,13,0,0.06567458299105056,0,0,0,
annex,special,93003,future_cover,smooth,0,13,13,True,2152.4387183085487,165.5722091006576,7617.193591542743,95,89,13,0,0.11199808400124311,0,0,0,
annex,special,93003,joint,smooth,0,13,13,True,3333.652814271017,256.4348318670013,10153.264071355086,212,178,13,0,0.030716874985955656,0,0,0,
annex,special,93003,optical,smooth,0,13,13,True,2145.804940435316,165.06191849502432,7619.02470217658,94,87,13,0,0.0703226660261862,0,0,0,
annex,special,93003,phased,smooth,0,13,13,True,3039.310706473894,233.7931312672226,8156.553532369469,225,218,13,0,0.030084375001024455,0,0,0,
annex,special,93003,scenario,smooth,0,13,13,True,2114.482221389784,162.65247856844493,7607.411106948921,89,83,13,0,0.1511920829943847,9,5,0,
annex,special,93003,scenario_future,smooth,0,13,13,True,2114.482221389784,162.65247856844493,7607.411106948921,89,83,13,0,0.21691424999153242,9,5,0,
annex,special,93003,v2,smooth,0,13,13,True,2594.112825272543,199.54714040558022,7610.564126362715,169,162,13,0,0.1259017499978654,0,0,0,
annex,special,93003,v3,smooth,0,13,13,True,2152.4387183085487,165.5722091006576,7617.193591542743,95,89,13,0,0.05759754200698808,0,0,0,
annex,special,93003,v3_origin20,smooth,0,13,13,True,2282.406102558898,175.5697001968383,7612.03051279449,117,110,13,0,0.05940629099495709,0,0,0,
annex,special,93004,future_cover,alternating,0,14,14,True,1832.2315218121655,130.8736801294404,6681.157609060828,72,66,14,0,0.054183792002731934,0,0,0,
annex,special,93004,joint,alternating,0,14,14,True,2322.1872470588046,165.87051764705748,7825.936235294023,118,97,14,0,0.032778041990241036,0,0,0,
annex,special,93004,optical,alternating,0,14,14,True,1835.2315218121655,131.0879658437261,6681.157609060828,72,66,15,1,0.038546750001842156,0,0,0,
annex,special,93004,phased,alternating,0,14,14,True,2507.0536849011437,179.07526320722454,7390.268424505719,160,159,14,0,0.022634708002442494,0,0,0,
annex,special,93004,scenario,alternating,0,14,14,True,1830.7666262965224,130.76904473546588,6673.833131482612,72,66,14,0,0.07907904201420024,6,2,0,
annex,special,93004,scenario_future,alternating,0,14,14,True,1830.7666262965224,130.76904473546588,6673.833131482612,72,66,14,0,0.10968004199094139,6,2,0,
annex,special,93004,v2,alternating,0,14,14,True,2019.224594066315,144.23032814759392,7076.122970331575,90,84,14,0,0.27745120899635367,0,0,0,
annex,special,93004,v3,alternating,0,14,14,True,1832.2315218121655,130.8736801294404,6681.157609060828,72,66,14,0,0.03152791698812507,0,0,0,
annex,special,93004,v3_origin20,alternating,0,14,14,True,1908.0468509572179,136.28906078265842,6520.23425478609,90,84,14,0,0.04843137500574812,0,0,0,
annex,special,93004,future_cover,hash,0,14,14,True,1818.5753960967372,129.89824257833837,6672.876980483686,70,64,14,0,0.1018782919854857,0,0,0,
annex,special,93004,joint,hash,0,14,14,True,2047.9340627092474,146.28100447923197,6709.670313546237,107,101,14,0,0.04665625002235174,0,0,0,
annex,special,93004,optical,hash,0,14,14,True,1821.2555321084415,130.08968086488866,6671.277660542208,70,64,15,1,0.05055350001202896,0,0,0,
annex,special,93004,phased,hash,0,14,14,True,2511.9516585847523,179.42511847033944,7414.758292923762,160,159,14,0,0.04163470902130939,0,0,0,
annex,special,93004,scenario,hash,0,14,14,True,1879.44939512465,134.24638536604644,6677.24697562325,80,74,14,0,0.12097779201576486,5,4,0,
annex,special,93004,scenario_future,hash,0,14,14,True,1879.44939512465,134.24638536604644,6677.24697562325,80,74,14,0,0.1676226670097094,5,4,0,
annex,special,93004,v2,hash,0,14,14,True,1905.4174369352968,136.10124549537835,6507.087184676484,90,84,14,0,0.2321798330231104,0,0,0,
annex,special,93004,v3,hash,0,14,14,True,1818.5753960967372,129.89824257833837,6672.876980483686,70,64,14,0,0.05048016700311564,0,0,0,
annex,special,93004,v3_origin20,hash,0,14,14,True,1929.0836642722873,137.79169030516337,6625.418321361436,90,84,14,0,0.061767791979946196,0,0,0,
annex,special,93004,future_cover,minus,0,14,14,True,1827.235317909845,130.5168084221318,6686.176589549224,71,65,14,0,0.03709729199181311,0,0,0,
annex,special,93004,joint,minus,0,14,14,True,2348.741626449022,167.767259032073,7983.708132245111,118,92,14,0,0.029577708017313853,0,0,0,
annex,special,93004,optical,minus,0,14,14,True,1857.806583877456,132.70047027696114,6754.032919387279,72,65,18,4,0.030868792004184797,0,0,0,
annex,special,93004,phased,minus,0,14,14,True,2507.0549182667455,179.07535130476754,7390.274591333728,160,159,14,0,0.021947832981823012,0,0,0,
annex,special,93004,scenario,minus,0,14,14,True,1904.2268421233393,136.01620300880995,7066.134210616697,71,66,14,0,0.08087641702149995,7,5,0,
annex,special,93004,scenario_future,minus,0,14,14,True,1904.2268421233393,136.01620300880995,7066.134210616697,71,66,14,0,0.1155569170077797,7,5,0,
annex,special,93004,v2,minus,0,14,14,True,2069.1109014587983,147.7936358184856,7325.554507293992,90,84,14,0,0.22408741700928658,0,0,0,
annex,special,93004,v3,minus,0,14,14,True,1827.235317909845,130.5168084221318,6686.176589549224,71,65,14,0,0.024944750010035932,0,0,0,
annex,special,93004,v3_origin20,minus,0,14,14,True,1924.3141819665207,137.45101299760861,6601.570909832603,90,84,14,0,0.031142332998570055,0,0,0,
annex,special,93004,future_cover,plus,0,14,14,True,1819.4113786808682,129.95795562006202,6677.056893404341,70,64,14,0,0.056341416988288984,0,0,0,
annex,special,93004,joint,plus,0,14,14,True,2409.46038130768,172.10431295054858,8302.301906538401,118,89,14,0,0.03712162500596605,0,0,0,
annex,special,93004,optical,plus,0,14,14,True,1855.4113786808682,132.52938419149058,6677.056893404341,70,64,26,12,0.03579545801039785,0,0,0,
annex,special,93004,phased,plus,0,14,14,True,2507.0510709852206,179.07507649894433,7390.255354926103,160,159,14,0,0.02524595899740234,0,0,0,
annex,special,93004,scenario,plus,0,14,14,True,1817.0669198268224,129.79049427334445,6665.334599134112,70,64,14,0,0.06219258299097419,3,1,0,
annex,special,93004,scenario_future,plus,0,14,14,True,1817.0669198268224,129.79049427334445,6665.334599134112,70,64,14,0,0.07622729198192246,3,1,0,
annex,special,93004,v2,plus,0,14,14,True,1910.6570580560617,136.47550414686154,6533.285290280309,90,84,14,0,0.17477687500650063,0,0,0,
annex,special,93004,v3,plus,0,14,14,True,1819.4113786808682,129.95795562006202,6677.056893404341,70,64,14,0,0.03268062500865199,0,0,0,
annex,special,93004,v3_origin20,plus,0,14,14,True,1920.2691151879285,137.1620796562806,6581.345575939642,90,84,14,0,0.04320704098790884,0,0,0,
annex,special,93004,future_cover,smooth,0,14,14,True,1824.8621810300303,130.34729864500216,6674.3109051501515,71,65,14,0,0.07243079200270586,0,0,0,
annex,special,93004,joint,smooth,0,14,14,True,2048.859674429619,146.34711960211567,6714.298372148097,107,101,14,0,0.035976665996713564,0,0,0,
annex,special,93004,optical,smooth,0,14,14,True,1830.8619183345597,130.7758513096114,6674.309591672799,71,65,16,2,0.04189950000727549,0,0,0,
annex,special,93004,phased,smooth,0,14,14,True,2513.460812574067,179.53291518386192,7422.304062870336,160,159,14,0,0.03467320799245499,0,0,0,
annex,special,93004,scenario,smooth,0,14,14,True,1819.8117774407403,129.98655553148146,6679.0588872037015,70,64,14,0,0.09027600000263192,5,2,0,
annex,special,93004,scenario_future,smooth,0,14,14,True,1819.8117774407403,129.98655553148146,6679.0588872037015,70,64,14,0,0.150091916002566,5,2,0,
annex,special,93004,v2,smooth,0,14,14,True,1906.6798961351137,136.19142115250813,6513.399480675569,90,84,14,0,0.16772674999083392,0,0,0,
annex,special,93004,v3,smooth,0,14,14,True,1824.8621810300303,130.34729864500216,6674.3109051501515,71,65,14,0,0.03826312502496876,0,0,0,
annex,special,93004,v3_origin20,smooth,0,14,14,True,1904.3341336181861,136.02386668701328,6501.670668090931,90,84,14,0,0.04983704199548811,0,0,0,
annex,special,93005,future_cover,alternating,0,15,15,True,2031.8481433395777,135.45654288930518,7414.240716697889,80,74,15,0,0.06916920799994841,0,0,0,
annex,special,93005,joint,alternating,0,15,15,True,1638.0796529082575,109.20531019388383,6200.398264541287,55,48,15,0,0.00029850000282749534,0,0,0,
annex,special,93005,optical,alternating,0,15,15,True,2034.2028446641898,135.61352297761266,7426.014223320949,75,69,25,10,0.0527050000091549,0,0,0,
annex,special,93005,phased,alternating,0,15,15,True,1638.0796529082575,109.20531019388383,6200.398264541287,55,48,15,0,0.00018924998585134745,0,0,0,
annex,special,93005,scenario,alternating,0,15,15,True,2023.087454612418,134.8724969741612,7370.43727306209,80,74,15,0,0.08712174999527633,4,2,0,
annex,special,93005,scenario_future,alternating,0,15,15,True,2023.087454612418,134.8724969741612,7370.43727306209,80,74,15,0,0.1048786659957841,4,2,0,
annex,special,93005,v2,alternating,0,15,15,True,1638.0796529082575,109.20531019388383,6200.398264541287,55,48,15,0,0.01002670798334293,0,0,0,
annex,special,93005,v3,alternating,0,15,15,True,2031.8481433395777,135.45654288930518,7414.240716697889,80,74,15,0,0.044663332984782755,0,0,0,
annex,special,93005,v3_origin20,alternating,0,15,15,True,1638.0796529082575,109.20531019388383,6200.398264541287,55,48,15,0,0.00606612500268966,0,0,0,
annex,special,93005,future_cover,hash,0,15,15,True,2041.018212566452,136.06788083776345,7430.091062832259,81,75,15,0,0.17520854200120084,0,0,0,
annex,special,93005,joint,hash,0,15,15,True,1638.0796529082575,109.20531019388383,6200.398264541287,55,48,15,0,0.0003485000052023679,0,0,0,
annex,special,93005,optical,hash,0,15,15,True,2029.7126245356885,135.3141749690459,7478.563122678443,74,68,22,7,0.11081045799073763,0,0,0,
annex,special,93005,phased,hash,0,15,15,True,1638.0796529082575,109.20531019388383,6200.398264541287,55,48,15,0,0.00022133399033918977,0,0,0,
annex,special,93005,scenario,hash,0,15,15,True,2490.015522165801,166.00103481105342,9280.077610829005,94,89,15,0,0.26815766701474786,9,8,0,
annex,special,93005,scenario_future,hash,0,15,15,True,2490.015522165801,166.00103481105342,9280.077610829005,94,89,15,0,0.36984116601524875,9,8,0,
annex,special,93005,v2,hash,0,15,15,True,1638.0796529082575,109.20531019388383,6200.398264541287,55,48,15,0,0.013478334003593773,0,0,0,
annex,special,93005,v3,hash,0,15,15,True,2041.018212566452,136.06788083776345,7430.091062832259,81,75,15,0,0.0819597500085365,0,0,0,
annex,special,93005,v3_origin20,hash,0,15,15,True,1638.0796529082575,109.20531019388383,6200.398264541287,55,48,15,0,0.0084773329726886,0,0,0,
annex,special,93005,future_cover,minus,0,15,15,True,2024.8436984518382,134.98957989678922,7384.218492259191,80,73,15,0,0.04018924999400042,0,0,0,
annex,special,93005,joint,minus,0,15,15,True,1638.0796529082575,109.20531019388383,6200.398264541287,55,48,15,0,0.0002627500216476619,0,0,0,
annex,special,93005,optical,minus,0,15,15,True,2078.075091017383,138.53833940115885,7425.375455086914,80,73,30,15,0.051395124988630414,0,0,0,
annex,special,93005,phased,minus,0,15,15,True,1638.0796529082575,109.20531019388383,6200.398264541287,55,48,15,0,0.00016237501404248178,0,0,0,
annex,special,93005,scenario,minus,0,15,15,True,2025.8436984518382,135.0562465634559,7384.218492259191,80,74,15,0,0.0597588749951683,2,2,0,
annex,special,93005,scenario_future,minus,0,15,15,True,2025.8436984518382,135.0562465634559,7384.218492259191,80,74,15,0,0.0653453340055421,2,2,0,
annex,special,93005,v2,minus,0,15,15,True,1638.0796529082575,109.20531019388383,6200.398264541287,55,48,15,0,0.00818816598621197,0,0,0,
annex,special,93005,v3,minus,0,15,15,True,2024.8436984518382,134.98957989678922,7384.218492259191,80,73,15,0,0.029278207977768034,0,0,0,
annex,special,93005,v3_origin20,minus,0,15,15,True,1638.0796529082575,109.20531019388383,6200.398264541287,55,48,15,0,0.005948834004811943,0,0,0,
annex,special,93005,future_cover,plus,0,15,15,True,2024.843698451836,134.98957989678905,7384.21849225918,80,73,15,0,0.0734217920107767,0,0,0,
annex,special,93005,joint,plus,0,15,15,True,1638.0796529082575,109.20531019388383,6200.398264541287,55,48,15,0,0.0003088329976890236,0,0,0,
annex,special,93005,optical,plus,0,15,15,True,2078.07509101738,138.53833940115868,7425.375455086902,80,73,30,15,0.07941633398877457,0,0,0,
annex,special,93005,phased,plus,0,15,15,True,1638.0796529082575,109.20531019388383,6200.398264541287,55,48,15,0,0.0001976249914150685,0,0,0,
annex,special,93005,scenario,plus,0,15,15,True,2025.843698451836,135.05624656345574,7384.21849225918,80,74,15,0,0.11299745802534744,2,2,0,
annex,special,93005,scenario_future,plus,0,15,15,True,2025.843698451836,135.05624656345574,7384.21849225918,80,74,15,0,0.12234504098887555,2,2,0,
annex,special,93005,v2,plus,0,15,15,True,1638.0796529082575,109.20531019388383,6200.398264541287,55,48,15,0,0.009054082998773083,0,0,0,
annex,special,93005,v3,plus,0,15,15,True,2024.843698451836,134.98957989678905,7384.21849225918,80,73,15,0,0.03951462500845082,0,0,0,
annex,special,93005,v3_origin20,plus,0,15,15,True,1638.0796529082575,109.20531019388383,6200.398264541287,55,48,15,0,0.006913249992066994,0,0,0,
annex,special,93005,future_cover,smooth,0,15,15,True,2042.0197391844522,136.13464927896348,7375.098695922261,83,77,15,0,0.1150394169962965,0,0,0,
annex,special,93005,joint,smooth,0,15,15,True,1638.0796529082575,109.20531019388383,6200.398264541287,55,48,15,0,0.0005885830032639205,0,0,0,
annex,special,93005,optical,smooth,0,15,15,True,2089.9596164901423,139.3306410993428,7404.798082450711,83,77,29,14,0.12071208300767466,0,0,0,
annex,special,93005,phased,smooth,0,15,15,True,1638.0796529082575,109.20531019388383,6200.398264541287,55,48,15,0,0.0002597089915070683,0,0,0,
annex,special,93005,scenario,smooth,0,15,15,True,2069.1504874734865,137.94336583156576,7395.752437367432,87,80,15,0,0.2082185000181198,10,7,0,
annex,special,93005,scenario_future,smooth,0,15,15,True,2069.1504874734865,137.94336583156576,7395.752437367432,87,80,15,0,0.3965373749961145,10,7,0,
annex,special,93005,v2,smooth,0,15,15,True,1638.0796529082575,109.20531019388383,6200.398264541287,55,48,15,0,0.012026542011881247,0,0,0,
annex,special,93005,v3,smooth,0,15,15,True,2042.0197391844522,136.13464927896348,7375.098695922261,83,77,15,0,0.07158437499310821,0,0,0,
annex,special,93005,v3_origin20,smooth,0,15,15,True,1638.0796529082575,109.20531019388383,6200.398264541287,55,48,15,0,0.010458083997946233,0,0,0,
annex,special,93006,future_cover,alternating,0,16,16,True,750.3553529306243,46.89720955816402,1826.776764653122,51,50,16,0,0.026310082990676165,0,0,0,
annex,special,93006,joint,alternating,0,16,16,True,2559.5358116068105,159.97098822542566,5947.679058034053,216,210,16,0,0.035909958998672664,0,0,0,
annex,special,93006,optical,alternating,0,16,16,True,750.3216792238765,46.89510495149228,1826.6083961193822,51,50,16,0,0.039835083996877074,0,0,0,
annex,special,93006,phased,alternating,0,16,16,True,1194.91161250338,74.68197578146125,1984.5580625168998,120,118,16,0,0.030039708013646305,0,0,0,
annex,special,93006,scenario,alternating,0,16,16,True,801.7551481059799,50.10969675662374,1968.7757405298992,55,53,16,0,0.07688512501772493,5,3,0,
annex,special,93006,scenario_future,alternating,0,16,16,True,801.7551481059799,50.10969675662374,1968.7757405298992,55,53,16,0,0.07723658299073577,5,3,0,
annex,special,93006,v2,alternating,0,16,16,True,2208.942404687866,138.05890029299164,5874.7120234393315,160,154,16,0,0.06791625000187196,0,0,0,
annex,special,93006,v3,alternating,0,16,16,True,750.3553529306243,46.89720955816402,1826.776764653122,51,50,16,0,0.026824874978046864,0,0,0,
annex,special,93006,v3_origin20,alternating,0,16,16,True,920.3887569455885,57.52429730909928,1811.9437847279423,80,78,16,0,0.030965334008214995,0,0,0,
annex,special,93006,future_cover,hash,0,16,16,True,747.4685046374583,46.71678153984114,1812.3425231872914,51,50,16,0,0.04019816700019874,0,0,0,
annex,special,93006,joint,hash,0,16,16,True,2556.5967727977654,159.78729829986034,5932.983863988828,216,210,16,0,0.07040579200838692,0,0,0,
annex,special,93006,optical,hash,0,16,16,True,726.4685046374583,45.40428153984114,1812.3425231872914,47,46,17,1,0.047940250020474195,0,0,0,
annex,special,93006,phased,hash,0,16,16,True,1190.28712903098,74.39294556443625,1981.4356451549004,120,114,16,0,0.05830612499266863,0,0,0,
annex,special,93006,scenario,hash,0,16,16,True,785.8064198139896,49.11290123837435,1799.0320990699477,58,56,16,0,0.13229187499382533,7,5,0,
annex,special,93006,scenario_future,hash,0,16,16,True,785.8064198139896,49.11290123837435,1799.0320990699477,58,56,16,0,0.1272184579866007,7,5,0,
annex,special,93006,v2,hash,0,16,16,True,2242.580898396505,140.16130614978155,6047.904491982525,160,153,16,0,0.1288314999837894,0,0,0,
annex,special,93006,v3,hash,0,16,16,True,747.4685046374583,46.71678153984114,1812.3425231872914,51,50,16,0,0.04290775000117719,0,0,0,
annex,special,93006,v3_origin20,hash,0,16,16,True,881.2624712805185,55.07890445503241,1856.3123564025927,72,70,16,0,0.04929754199110903,0,0,0,
annex,special,93006,future_cover,minus,0,16,16,True,743.0448983971712,46.4403061498232,1790.2244919858558,51,50,16,0,0.036152540997136384,0,0,0,
annex,special,93006,joint,minus,0,16,16,True,2554.2964075939494,159.64352547462184,5921.482037969747,216,210,16,0,0.029540000017732382,0,0,0,
annex,special,93006,optical,minus,0,16,16,True,653.0448983971712,40.8153061498232,1790.2244919858558,36,35,16,0,0.08570954098831862,0,0,0,
annex,special,93006,phased,minus,0,16,16,True,1184.374939644178,74.02343372776113,1931.8746982208897,120,118,16,0,0.026264916989021003,0,0,0,
annex,special,93006,scenario,minus,0,16,16,True,743.0448983971712,46.4403061498232,1790.2244919858558,51,50,16,0,0.09210191699094139,2,2,0,
annex,special,93006,scenario_future,minus,0,16,16,True,743.0448983971712,46.4403061498232,1790.2244919858558,51,50,16,0,0.057308125018607825,2,2,0,
annex,special,93006,v2,minus,0,16,16,True,2158.712683904045,134.91954274400283,5863.563419520226,152,146,16,0,0.06828649999806657,0,0,0,
annex,special,93006,v3,minus,0,16,16,True,743.0448983971712,46.4403061498232,1790.2244919858558,51,50,16,0,0.024546792003093287,0,0,0,
annex,special,93006,v3_origin20,minus,0,16,16,True,868.0386160419691,54.25241350262307,1790.1930802098457,72,70,16,0,0.05805491600767709,0,0,0,
annex,special,93006,future_cover,plus,0,16,16,True,743.0448983971712,46.4403061498232,1790.2244919858558,51,50,16,0,0.033117541985120624,0,0,0,
annex,special,93006,joint,plus,0,16,16,True,2542.2634777824715,158.89146736140447,5861.317388912356,216,210,16,0,0.06530120800016448,0,0,0,
annex,special,93006,optical,plus,0,16,16,True,653.0448983971712,40.8153061498232,1790.2244919858558,36,35,16,0,0.05337120802141726,0,0,0,
annex,special,93006,phased,plus,0,16,16,True,1184.374939644178,74.02343372776113,1931.8746982208897,120,118,16,0,0.04497387501760386,0,0,0,
annex,special,93006,scenario,plus,0,16,16,True,743.0448983971712,46.4403061498232,1790.2244919858558,51,50,16,0,0.09035225000116043,2,2,0,
annex,special,93006,scenario_future,plus,0,16,16,True,743.0448983971712,46.4403061498232,1790.2244919858558,51,50,16,0,0.10347724999883212,2,2,0,
annex,special,93006,v2,plus,0,16,16,True,2257.3525893444294,141.08453683402684,5876.762946722146,168,162,16,0,0.12432599999010563,0,0,0,
annex,special,93006,v3,plus,0,16,16,True,743.0448983971712,46.4403061498232,1790.2244919858558,51,50,16,0,0.038767792022554204,0,0,0,
annex,special,93006,v3_origin20,plus,0,16,16,True,868.0386160419691,54.25241350262307,1790.1930802098457,72,70,16,0,0.03906904099858366,0,0,0,
annex,special,93006,future_cover,smooth,0,16,16,True,746.3411545843879,46.646322161524246,1806.7057729219396,51,50,16,0,0.05101987498346716,0,0,0,
annex,special,93006,joint,smooth,0,16,16,True,2554.540572182745,159.65878576142157,5922.702860913726,216,210,16,0,0.07586220800294541,0,0,0,
annex,special,93006,optical,smooth,0,16,16,True,793.3807460438115,49.58629662773822,2131.9037302190577,47,46,18,2,0.05931929100188427,0,0,0,
annex,special,93006,phased,smooth,0,16,16,True,1190.587562174043,74.41172263587768,1972.9378108702138,120,116,16,0,0.05324083298910409,0,0,0,
annex,special,93006,scenario,smooth,0,16,16,True,784.8511576051853,49.05319735032408,1799.2557880259264,58,55,16,0,0.14030645799357444,4,3,0,
annex,special,93006,scenario_future,smooth,0,16,16,True,784.8511576051853,49.05319735032408,1799.2557880259264,58,55,16,0,0.11862608301453292,4,3,0,
annex,special,93006,v2,smooth,0,16,16,True,2259.5361500260583,141.22100937662864,6042.680750130292,163,156,16,0,0.1876356250140816,0,0,0,
annex,special,93006,v3,smooth,0,16,16,True,746.3411545843879,46.646322161524246,1806.7057729219396,51,50,16,0,0.06132587499450892,0,0,0,
annex,special,93006,v3_origin20,smooth,0,16,16,True,871.336945748861,54.45855910930381,1806.6847287443052,72,70,16,0,0.052860791998682544,0,0,0,
annex,special,93007,future_cover,alternating,0,10,10,True,2848.69534084663,284.86953408466303,10533.476704233151,116,112,10,0,0.09292558301240206,0,0,0,
annex,special,93007,joint,alternating,0,10,10,True,3234.172545202495,323.41725452024946,11930.862726012474,136,118,10,0,0.015635165997082368,0,0,0,
annex,special,93007,optical,alternating,0,10,10,True,2834.5442092432536,283.45442092432535,10537.721046216267,113,109,11,1,0.07269758300390095,0,0,0,
annex,special,93007,phased,alternating,0,10,10,True,3257.4747409841034,325.74747409841035,11242.373704920517,161,154,10,0,0.012069457996403798,0,0,0,
annex,special,93007,scenario,alternating,0,10,10,True,3270.7724163134417,327.0772416313442,12728.86208156721,113,110,10,0,0.17921133400523104,16,6,0,
annex,special,93007,scenario_future,alternating,0,10,10,True,3270.7724163134417,327.0772416313442,12728.86208156721,113,110,10,0,0.18743925000308082,16,6,0,
annex,special,93007,v2,alternating,0,10,10,True,3045.1673962405803,304.516739624058,11305.836981202901,123,119,10,0,0.13643854201654904,0,0,0,
annex,special,93007,v3,alternating,0,10,10,True,2848.69534084663,284.86953408466303,10533.476704233151,116,112,10,0,0.053031332994578406,0,0,0,
annex,special,93007,v3_origin20,alternating,0,10,10,True,2916.212827431107,291.6212827431107,10521.064137155536,128,122,10,0,0.07610829200712033,0,0,0,
annex,special,93007,future_cover,hash,0,10,10,True,2841.7693438641495,284.1769343864149,10503.846719320747,116,111,10,0,0.10974154100404121,0,0,0,
annex,special,93007,joint,hash,0,10,10,True,3226.123979004261,322.6123979004261,11965.619895021304,133,118,10,0,0.02557324999361299,0,0,0,
annex,special,93007,optical,hash,0,10,10,True,2843.908429564309,284.3908429564309,10514.542147821545,115,110,12,2,0.09292391702183522,0,0,0,
annex,special,93007,phased,hash,0,10,10,True,3257.4226028774538,325.74226028774535,11242.113014387269,161,154,10,0,0.0208038340206258,0,0,0,
annex,special,93007,scenario,hash,0,10,10,True,3230.962020471754,323.0962020471754,12374.81010235877,119,111,10,0,0.25399620897951536,18,5,0,
annex,special,93007,scenario_future,hash,0,10,10,True,3230.962020471754,323.0962020471754,12374.81010235877,119,111,10,0,0.2859724999871105,18,5,0,
annex,special,93007,v2,hash,0,10,10,True,3083.149340648174,308.3149340648174,11500.746703240871,123,118,10,0,0.23120937499334104,0,0,0,
annex,special,93007,v3,hash,0,10,10,True,2841.7693438641495,284.1769343864149,10503.846719320747,116,111,10,0,0.0714862080058083,0,0,0,
annex,special,93007,v3_origin20,hash,0,10,10,True,2927.364160939348,292.7364160939348,10526.820804696741,129,127,10,0,0.10317870799917728,0,0,0,
annex,special,93007,future_cover,minus,0,10,10,True,2838.608492488157,283.8608492488157,10513.042462440784,115,111,10,0,0.08703170900116675,0,0,0,
annex,special,93007,joint,minus,0,10,10,True,3272.164620658981,327.2164620658981,11830.823103294906,146,126,10,0,0.018356084008701146,0,0,0,
annex,special,93007,optical,minus,0,10,10,True,2824.9787358494004,282.49787358494007,10519.893679247003,112,108,11,1,0.08567941701039672,0,0,0,
annex,special,93007,phased,minus,0,10,10,True,3257.4747425762885,325.7474742576288,11242.373712881443,161,154,10,0,0.011597000004258007,0,0,0,
annex,special,93007,scenario,minus,0,10,10,True,3130.1011034097564,313.01011034097564,11895.505517048783,118,111,10,0,0.19020791701041162,17,3,0,
annex,special,93007,scenario_future,minus,0,10,10,True,3130.1011034097564,313.01011034097564,11895.505517048783,118,111,10,0,0.22567883299780078,17,3,0,
annex,special,93007,v2,minus,0,10,10,True,3087.958312905909,308.7958312905909,11544.791564529547,122,119,10,0,0.17913979099830613,0,0,0,
annex,special,93007,v3,minus,0,10,10,True,2838.608492488157,283.8608492488157,10513.042462440784,115,111,10,0,0.06469483298133127,0,0,0,
annex,special,93007,v3_origin20,minus,0,10,10,True,2935.1043106548536,293.51043106548536,10510.521553274268,131,128,10,0,0.08951720799086615,0,0,0,
annex,special,93007,future_cover,plus,0,10,10,True,2846.66739082181,284.666739082181,10523.336954109049,116,112,10,0,0.12198737499420531,0,0,0,
annex,special,93007,joint,plus,0,10,10,True,3272.1646206589817,327.21646206589816,11830.823103294908,146,126,10,0,0.03175354201812297,0,0,0,
annex,special,93007,optical,plus,0,10,10,True,2832.4240473999093,283.24240473999095,10527.120236999546,113,109,11,1,0.10110162501223385,0,0,0,
annex,special,93007,phased,plus,0,10,10,True,3261.4415637003767,326.14415637003765,11262.207818501884,161,154,10,0,0.022679834015434608,0,0,0,
annex,special,93007,scenario,plus,0,10,10,True,2987.9627906082283,298.7962790608228,11069.81395304114,122,114,10,0,0.25664295902242884,17,5,0,
annex,special,93007,scenario_future,plus,0,10,10,True,2987.9627906082283,298.7962790608228,11069.81395304114,122,114,10,0,0.2883240829978604,17,5,0,
annex,special,93007,v2,plus,0,10,10,True,3087.958312905909,308.7958312905909,11544.791564529547,122,119,10,0,0.235106416977942,0,0,0,
annex,special,93007,v3,plus,0,10,10,True,2846.66739082181,284.666739082181,10523.336954109049,116,112,10,0,0.09541391598759219,0,0,0,
annex,special,93007,v3_origin20,plus,0,10,10,True,2927.7489149497897,292.774891494979,10508.74457474895,130,126,10,0,0.11583708398393355,0,0,0,
annex,special,93007,future_cover,smooth,0,10,10,True,2833.5321222193065,283.3532122219307,10512.660611096533,114,111,10,0,0.10876787500455976,0,0,0,
annex,special,93007,joint,smooth,0,10,10,True,3267.5227064270184,326.75227064270183,12152.613532135092,134,117,10,0,0.022105957992607728,0,0,0,
annex,special,93007,optical,smooth,0,10,10,True,2825.845516871524,282.5845516871524,10514.22758435762,112,110,11,1,0.07959037501132116,0,0,0,
annex,special,93007,phased,smooth,0,10,10,True,3257.8821064664858,325.78821064664857,11244.41053233243,161,154,10,0,0.019692667003255337,0,0,0,
annex,special,93007,scenario,smooth,0,10,10,True,3133.65611227462,313.365611227462,11878.280561373102,119,113,10,0,0.26126916700741276,18,3,0,
annex,special,93007,scenario_future,smooth,0,10,10,True,3133.65611227462,313.365611227462,11878.280561373102,119,113,10,0,0.3268183339969255,18,3,0,
annex,special,93007,v2,smooth,0,10,10,True,3062.712663646178,306.2712663646178,11343.56331823089,125,119,10,0,0.22547787500661798,0,0,0,
annex,special,93007,v3,smooth,0,10,10,True,2833.5321222193065,283.3532122219307,10512.660611096533,114,111,10,0,0.07858833300997503,0,0,0,
annex,special,93007,v3_origin20,smooth,0,10,10,True,2928.9493538789748,292.8949353878975,10539.746769394873,129,126,10,0,0.08729199998197146,0,0,0,
annex,special,93008,future_cover,alternating,0,11,11,True,2146.6549067355363,195.15044606686695,7608.2745336776825,96,90,11,0,0.06155091698747128,0,0,0,
annex,special,93008,joint,alternating,0,11,11,True,3038.8077748704613,276.255252260951,8934.038874352307,204,177,11,0,0.026239916973281652,0,0,0,
annex,special,93008,optical,alternating,0,11,11,True,2155.6549067355363,195.96862788504876,7608.2745336776825,96,90,14,3,0.0403143749863375,0,0,0,
annex,special,93008,phased,alternating,0,11,11,True,2620.836420001708,238.25785636379166,7714.18210000854,171,168,11,0,0.015907541004708037,0,0,0,
annex,special,93008,scenario,alternating,0,11,11,True,2144.650474150694,194.96822492279037,7598.25237075347,96,90,11,0,0.13334599998779595,10,5,0,
annex,special,93008,scenario_future,alternating,0,11,11,True,2144.650474150694,194.96822492279037,7598.25237075347,96,90,11,0,0.16425087497918867,10,5,0,
annex,special,93008,v2,alternating,0,11,11,True,2529.5473116750854,229.95884651591686,7362.736558375427,168,162,11,0,0.08969870800501667,0,0,0,
annex,special,93008,v3,alternating,0,11,11,True,2146.6549067355363,195.15044606686695,7608.2745336776825,96,90,11,0,0.03560741699766368,0,0,0,
annex,special,93008,v3_origin20,alternating,0,11,11,True,2315.2373576056048,210.47612341869134,7616.186788028024,124,117,11,0,0.047269999980926514,0,0,0,
annex,special,93008,future_cover,hash,0,11,11,True,2200.2117890744435,200.01925355222212,7606.058945372218,105,99,11,0,0.11986445900402032,0,0,0,
annex,special,93008,joint,hash,0,11,11,True,2997.345905121106,272.485991374646,8701.729525605531,204,182,11,0,0.04058104200521484,0,0,0,
annex,special,93008,optical,hash,0,11,11,True,2187.8252567376558,198.8932051579687,7609.12628368828,103,96,11,0,0.07831549999536946,0,0,0,
annex,special,93008,phased,hash,0,11,11,True,2589.00627793912,235.36420708537455,7705.031389695601,166,163,11,0,0.019694084010552615,0,0,0,
annex,special,93008,scenario,hash,0,11,11,True,2186.5165795397606,198.7742345036146,7597.582897698802,103,97,11,0,0.2669854169944301,12,7,0,
annex,special,93008,scenario_future,hash,0,11,11,True,2186.5165795397606,198.7742345036146,7597.582897698802,103,97,11,0,0.3353431249852292,12,7,0,
annex,special,93008,v2,hash,0,11,11,True,2528.110797916287,229.8282543560261,7355.553989581436,168,162,11,0,0.13242050001281314,0,0,0,
annex,special,93008,v3,hash,0,11,11,True,2200.2117890744435,200.01925355222212,7606.058945372218,105,99,11,0,0.062061875010840595,0,0,0,
annex,special,93008,v3_origin20,hash,0,11,11,True,2265.3258469986,205.9387133635091,7606.629234992999,116,109,11,0,0.053996792004909366,0,0,0,
annex,special,93008,future_cover,minus,0,11,11,True,2227.7592466444057,202.52356787676416,7623.796233222029,109,103,11,0,0.08590458301478066,0,0,0,
annex,special,93008,joint,minus,0,11,11,True,3009.955419251838,273.63231084107616,8764.77709625919,204,182,11,0,0.025176541996188462,0,0,0,
annex,special,93008,optical,minus,0,11,11,True,2236.7592466444057,203.34174969494597,7623.796233222029,109,103,14,3,0.0706688330101315,0,0,0,
annex,special,93008,phased,minus,0,11,11,True,2615.4617853420195,237.76925321291085,7687.308926710098,171,168,11,0,0.017693707981379703,0,0,0,
annex,special,93008,scenario,minus,0,11,11,True,2179.604010657809,198.1458191507099,7593.020053289044,102,96,11,0,0.15556449998985045,10,5,0,
annex,special,93008,scenario_future,minus,0,11,11,True,2179.604010657809,198.1458191507099,7593.020053289044,102,96,11,0,0.19030108401784673,10,5,0,
annex,special,93008,v2,minus,0,11,11,True,2526.390810125715,229.67189182961044,7346.954050628575,168,162,11,0,0.12216566698043607,0,0,0,
annex,special,93008,v3,minus,0,11,11,True,2227.7592466444057,202.52356787676416,7623.796233222029,109,103,11,0,0.05631304101552814,0,0,0,
annex,special,93008,v3_origin20,minus,0,11,11,True,2349.3820673804516,213.58018794367743,7636.910336902258,129,122,11,0,0.05864241599920206,0,0,0,
annex,special,93008,future_cover,plus,0,11,11,True,2226.97118447513,202.45192586137546,7619.855922375651,109,103,11,0,0.11628129202290438,0,0,0,
annex,special,93008,joint,plus,0,11,11,True,2992.952795745496,272.08661779504513,8679.76397872748,204,182,11,0,0.0450944580079522,0,0,0,
annex,special,93008,optical,plus,0,11,11,True,2235.97118447513,203.27010767955727,7619.855922375651,109,103,14,3,0.09337612500530668,0,0,0,
annex,special,93008,phased,plus,0,11,11,True,2627.1746495380658,238.83405904891507,7745.87324769033,171,168,11,0,0.021932665986241773,0,0,0,
annex,special,93008,scenario,plus,0,11,11,True,2192.0330875510444,199.27573523191313,7600.165437755223,104,97,11,0,0.21416870900429785,10,5,0,
annex,special,93008,scenario_future,plus,0,11,11,True,2192.0330875510444,199.27573523191313,7600.165437755223,104,97,11,0,0.2382137080130633,10,5,0,
annex,special,93008,v2,plus,0,11,11,True,2542.797523359904,231.16341121453672,7338.987616799521,171,165,11,0,0.13391458301339298,0,0,0,
annex,special,93008,v3,plus,0,11,11,True,2226.97118447513,202.45192586137546,7619.855922375651,109,103,11,0,0.06394987500971183,0,0,0,
annex,special,93008,v3_origin20,plus,0,11,11,True,2331.917264414776,211.99247858316147,7609.58632207388,127,120,11,0,0.06960370799060911,0,0,0,
annex,special,93008,future_cover,smooth,0,11,11,True,2191.23482081742,199.20316552885635,7591.174104087098,104,98,11,0,0.11596883300808258,0,0,0,
annex,special,93008,joint,smooth,0,11,11,True,2888.667508244329,262.60613711312084,8103.337541221646,204,193,11,0,0.03798729198751971,0,0,0,
annex,special,93008,optical,smooth,0,11,11,True,2191.258780822189,199.20534371110807,7591.293904110944,103,97,13,2,0.07514091700431891,0,0,0,
annex,special,93008,phased,smooth,0,11,11,True,2609.9334802041967,237.26668001856333,7689.667401020983,170,167,11,0,0.02202191698597744,0,0,0,
annex,special,93008,scenario,smooth,0,11,11,True,2190.2988526653508,199.1180775150319,7586.494263326755,104,98,11,0,0.21681970902136527,9,3,0,
annex,special,93008,scenario_future,smooth,0,11,11,True,2190.2988526653508,199.1180775150319,7586.494263326755,104,98,11,0,0.229390708002029,9,3,0,
annex,special,93008,v2,smooth,0,11,11,True,2528.5323948159203,229.86658134690185,7357.661974079601,168,162,11,0,0.14080399999511428,0,0,0,
annex,special,93008,v3,smooth,0,11,11,True,2191.23482081742,199.20316552885635,7591.174104087098,104,98,11,0,0.055192874977365136,0,0,0,
annex,special,93008,v3_origin20,smooth,0,11,11,True,2323.7138305893645,211.24671187176043,7598.569152946822,126,119,11,0,0.06422491700504906,0,0,0,
annex,special,93009,future_cover,alternating,0,12,12,True,1982.8176829350984,165.2348069112582,7094.0884146754925,85,79,12,0,0.03917908400762826,0,0,0,
annex,special,93009,joint,alternating,0,12,12,True,2025.4539716168717,168.78783096807265,6677.269858084359,106,100,12,0,0.01822204198106192,0,0,0,
annex,special,93009,optical,alternating,0,12,12,True,1994.8176829350984,166.2348069112582,7094.0884146754925,85,79,16,4,0.03136183400056325,0,0,0,
annex,special,93009,phased,alternating,0,12,12,True,2497.2328714786804,208.10273928989002,7391.1643573934025,160,159,12,0,0.014449915994191542,0,0,0,
annex,special,93009,scenario,alternating,0,12,12,True,1907.7836867238486,158.98197389365404,6718.918433619243,85,79,12,0,0.05706370898406021,4,1,0,
annex,special,93009,scenario_future,alternating,0,12,12,True,1907.7836867238486,158.98197389365404,6718.918433619243,85,79,12,0,0.06913762498879805,4,1,0,
annex,special,93009,v2,alternating,0,12,12,True,2083.1789557205325,173.59824631004437,7085.894778602662,102,96,12,0,0.19077787498827092,0,0,0,
annex,special,93009,v3,alternating,0,12,12,True,1982.8176829350984,165.2348069112582,7094.0884146754925,85,79,12,0,0.03007095801876858,0,0,0,
annex,special,93009,v3_origin20,alternating,0,12,12,True,1959.1904835201524,163.26587362667937,6525.952417600762,100,94,12,0,0.04192320798756555,0,0,0,
annex,special,93009,future_cover,hash,0,12,12,True,1884.0997879554634,157.00831566295528,6670.498939777317,83,75,12,0,0.08924037500401028,0,0,0,
annex,special,93009,joint,hash,0,12,12,True,2068.9502795002168,172.41252329168472,6684.751397501084,113,107,12,0,0.03274112500366755,0,0,0,
annex,special,93009,optical,hash,0,12,12,True,1884.8085930755392,157.06738275629493,6669.0429653776955,82,75,14,2,0.05053904201486148,0,0,0,
annex,special,93009,phased,hash,0,12,12,True,2501.8205938318924,208.48504948599103,7414.102969159461,160,159,12,0,0.026668166974559426,0,0,0,
annex,special,93009,scenario,hash,0,12,12,True,1882.7017619177345,156.89181349314455,6683.508809588673,82,76,12,0,0.13618624999071471,7,5,0,
annex,special,93009,scenario_future,hash,0,12,12,True,1882.7017619177345,156.89181349314455,6683.508809588673,82,76,12,0,0.17654766701161861,7,5,0,
annex,special,93009,v2,hash,0,12,12,True,1955.382721401913,162.9485601168261,6506.913607009565,100,94,12,0,0.18023216701112688,0,0,0,
annex,special,93009,v3,hash,0,12,12,True,1884.0997879554634,157.00831566295528,6670.498939777317,83,75,12,0,0.045632708992343396,0,0,0,
annex,special,93009,v3_origin20,hash,0,12,12,True,1956.5489477738624,163.04574564782186,6512.744738869313,100,94,12,0,0.05794395800330676,0,0,0,
annex,special,93009,future_cover,minus,0,12,12,True,1913.3921466105053,159.44934555087545,6656.960733052526,88,82,12,0,0.03582250000908971,0,0,0,
annex,special,93009,joint,minus,0,12,12,True,1959.9708640927986,163.33090534106654,6529.854320463993,100,94,12,0,0.017703083023661748,0,0,0,
annex,special,93009,optical,minus,0,12,12,True,1904.3921466105053,158.69934555087545,6656.960733052526,86,80,13,1,0.029535084002418444,0,0,0,
annex,special,93009,phased,minus,0,12,12,True,2497.2501844425183,208.10418203687652,7391.250922212592,160,159,12,0,0.014323417010018602,0,0,0,
annex,special,93009,scenario,minus,0,12,12,True,1907.8997291667133,158.9916440972261,6784.498645833567,83,76,12,0,0.04860624999855645,2,2,0,
annex,special,93009,scenario_future,minus,0,12,12,True,1907.8997291667133,158.9916440972261,6784.498645833567,83,76,12,0,0.057792749983491376,2,2,0,
annex,special,93009,v2,minus,0,12,12,True,2010.5556052708264,167.54630043923552,6782.778026354132,100,94,12,0,0.12329912499990314,0,0,0,
annex,special,93009,v3,minus,0,12,12,True,1913.3921466105053,159.44934555087545,6656.960733052526,88,82,12,0,0.023526750010205433,0,0,0,
annex,special,93009,v3_origin20,minus,0,12,12,True,1973.7663023823377,164.48052519852814,6598.831511911689,100,94,12,0,0.02818137500435114,0,0,0,
annex,special,93009,future_cover,plus,0,12,12,True,1868.497767389955,155.70814728249624,6672.488836949775,80,74,12,0,0.055144542013294995,0,0,0,
annex,special,93009,joint,plus,0,12,12,True,2441.7198647670607,203.47665539725506,8323.599323835304,124,97,12,0,0.03196000002208166,0,0,0,
annex,special,93009,optical,plus,0,12,12,True,1895.497767389955,157.95814728249624,6672.488836949775,80,74,21,9,0.03151037500356324,0,0,0,
annex,special,93009,phased,plus,0,12,12,True,2497.2327416968756,208.10272847473962,7391.163708484378,160,159,12,0,0.017283041001064703,0,0,0,
annex,special,93009,scenario,plus,0,12,12,True,1870.244027438675,155.85366895322292,6686.220137193375,80,73,12,0,0.1179526670021005,6,3,0,
annex,special,93009,scenario_future,plus,0,12,12,True,1870.244027438675,155.85366895322292,6686.220137193375,80,73,12,0,0.14371991698862985,6,3,0,
annex,special,93009,v2,plus,0,12,12,True,1961.5073040990496,163.45894200825413,6537.536520495248,100,94,12,0,0.17973754199920222,0,0,0,
annex,special,93009,v3,plus,0,12,12,True,1868.497767389955,155.70814728249624,6672.488836949775,80,74,12,0,0.028588374989340082,0,0,0,
annex,special,93009,v3_origin20,plus,0,12,12,True,1952.1651378945148,162.68042815787624,6490.825689472575,100,94,12,0,0.05141370798810385,0,0,0,
annex,special,93009,future_cover,smooth,0,12,12,True,1870.4523410251913,155.87102841876595,6682.261705125957,80,74,12,0,0.05337895901175216,0,0,0,
annex,special,93009,joint,smooth,0,12,12,True,2079.743981110668,173.311998425889,6708.719905553338,114,108,12,0,0.032063125021522865,0,0,0,
annex,special,93009,optical,smooth,0,12,12,True,1870.4523410251913,155.87102841876595,6682.261705125957,80,74,12,0,0.040395624993834645,0,0,0,
annex,special,93009,phased,smooth,0,12,12,True,2502.431088464852,208.53592403873768,7417.15544232426,160,159,12,0,0.021685708983568475,0,0,0,
annex,special,93009,scenario,smooth,0,12,12,True,1902.2766071136434,158.52305059280363,6666.383035568217,86,79,12,0,0.0809259999950882,4,3,0,
annex,special,93009,scenario_future,smooth,0,12,12,True,1902.2766071136434,158.52305059280363,6666.383035568217,86,79,12,0,0.10490891698282212,4,3,0,
annex,special,93009,v2,smooth,0,12,12,True,1954.9648777850505,162.91373981542088,6504.824388925253,100,94,12,0,0.1829282079997938,0,0,0,
annex,special,93009,v3,smooth,0,12,12,True,1870.4523410251913,155.87102841876595,6682.261705125957,80,74,12,0,0.03272937500150874,0,0,0,
annex,special,93009,v3_origin20,smooth,0,12,12,True,1976.657709416207,164.72147578468392,6613.288547081034,100,94,12,0,0.048840041999937966,0,0,0,
annex,special,93010,future_cover,alternating,0,13,13,True,2069.8481433395777,159.2190879491983,7414.240716697889,88,82,13,0,0.05435533300624229,0,0,0,
annex,special,93010,joint,alternating,0,13,13,True,1711.0796529082575,131.62151176217364,6200.398264541287,69,61,13,0,0.00023329199757426977,0,0,0,
annex,special,93010,optical,alternating,0,13,13,True,2057.20284466419,158.24637266647613,7426.014223320949,82,76,20,7,0.04039612499764189,0,0,0,
annex,special,93010,phased,alternating,0,13,13,True,1711.0796529082575,131.62151176217364,6200.398264541287,69,61,13,0,0.00015133299166336656,0,0,0,
annex,special,93010,scenario,alternating,0,13,13,True,2061.087454612418,158.54518881633982,7370.43727306209,88,82,13,0,0.07630670798243955,4,2,0,
annex,special,93010,scenario_future,alternating,0,13,13,True,2061.087454612418,158.54518881633982,7370.43727306209,88,82,13,0,0.0889761250000447,4,2,0,
annex,special,93010,v2,alternating,0,13,13,True,1711.0796529082575,131.62151176217364,6200.398264541287,69,61,13,0,0.007276207994436845,0,0,0,
annex,special,93010,v3,alternating,0,13,13,True,2069.8481433395777,159.2190879491983,7414.240716697889,88,82,13,0,0.034822999994503334,0,0,0,
annex,special,93010,v3_origin20,alternating,0,13,13,True,1711.0796529082575,131.62151176217364,6200.398264541287,69,61,13,0,0.004680459009250626,0,0,0,
annex,special,93010,future_cover,hash,0,13,13,True,2081.549526984315,160.11919438340885,7382.747634921574,91,85,13,0,0.10094074998050928,0,0,0,
annex,special,93010,joint,hash,0,13,13,True,1711.0796529082575,131.62151176217364,6200.398264541287,69,61,13,0,0.0003490000090096146,0,0,0,
annex,special,93010,optical,hash,0,13,13,True,2093.0412097558346,161.00316998121804,7410.206048779172,88,82,21,8,0.1023799589893315,0,0,0,
annex,special,93010,phased,hash,0,13,13,True,1711.0796529082575,131.62151176217364,6200.398264541287,69,61,13,0,0.00022575000184588134,0,0,0,
annex,special,93010,scenario,hash,0,13,13,True,2144.3446738005887,164.94959029235298,7486.7233690029425,98,92,13,0,0.22241541600669734,8,5,0,
annex,special,93010,scenario_future,hash,0,13,13,True,2144.3446738005887,164.94959029235298,7486.7233690029425,98,92,13,0,0.2698381250083912,8,5,0,
annex,special,93010,v2,hash,0,13,13,True,1711.0796529082575,131.62151176217364,6200.398264541287,69,61,13,0,0.012129292008467019,0,0,0,
annex,special,93010,v3,hash,0,13,13,True,2081.549526984315,160.11919438340885,7382.747634921574,91,85,13,0,0.05474724998930469,0,0,0,
annex,special,93010,v3_origin20,hash,0,13,13,True,1711.0796529082575,131.62151176217364,6200.398264541287,69,61,13,0,0.00930541698471643,0,0,0,
annex,special,93010,future_cover,minus,0,13,13,True,2062.8436984518385,158.68028449629526,7384.218492259191,88,81,13,0,0.03783991700038314,0,0,0,
annex,special,93010,joint,minus,0,13,13,True,1711.0796529082575,131.62151176217364,6200.398264541287,69,61,13,0,0.00026450000586919487,0,0,0,
annex,special,93010,optical,minus,0,13,13,True,2110.075091017383,162.3134685397987,7425.375455086914,88,81,26,13,0.04416966697317548,0,0,0,
annex,special,93010,phased,minus,0,13,13,True,1711.0796529082575,131.62151176217364,6200.398264541287,69,61,13,0,0.0001709159987512976,0,0,0,
annex,special,93010,scenario,minus,0,13,13,True,2063.8436984518385,158.75720757321835,7384.218492259191,88,82,13,0,0.06291208398761228,2,1,0,
annex,special,93010,scenario_future,minus,0,13,13,True,2063.8436984518385,158.75720757321835,7384.218492259191,88,82,13,0,0.06648970799869858,2,1,0,
annex,special,93010,v2,minus,0,13,13,True,1711.0796529082575,131.62151176217364,6200.398264541287,69,61,13,0,0.008400207996601239,0,0,0,
annex,special,93010,v3,minus,0,13,13,True,2062.8436984518385,158.68028449629526,7384.218492259191,88,81,13,0,0.027649666997604072,0,0,0,
annex,special,93010,v3_origin20,minus,0,13,13,True,1711.0796529082575,131.62151176217364,6200.398264541287,69,61,13,0,0.005855000024894252,0,0,0,
annex,special,93010,future_cover,plus,0,13,13,True,2063.8436984518357,158.75720757321812,7384.21849225918,88,82,13,0,0.04856083300546743,0,0,0,
annex,special,93010,joint,plus,0,13,13,True,1711.0796529082575,131.62151176217364,6200.398264541287,69,61,13,0,0.00037312498898245394,0,0,0,
annex,special,93010,optical,plus,0,13,13,True,2111.07509101738,162.39039161672156,7425.375455086902,88,82,26,13,0.059802916017360985,0,0,0,
annex,special,93010,phased,plus,0,13,13,True,1711.0796529082575,131.62151176217364,6200.398264541287,69,61,13,0,0.00024058399139903486,0,0,0,
annex,special,93010,scenario,plus,0,13,13,True,2063.8436984518357,158.75720757321812,7384.21849225918,88,82,13,0,0.08572958299191669,2,1,0,
annex,special,93010,scenario_future,plus,0,13,13,True,2063.8436984518357,158.75720757321812,7384.21849225918,88,82,13,0,0.09834008399047889,2,1,0,
annex,special,93010,v2,plus,0,13,13,True,1711.0796529082575,131.62151176217364,6200.398264541287,69,61,13,0,0.012148584006354213,0,0,0,
annex,special,93010,v3,plus,0,13,13,True,2063.8436984518357,158.75720757321812,7384.21849225918,88,82,13,0,0.0388669999956619,0,0,0,
annex,special,93010,v3_origin20,plus,0,13,13,True,1711.0796529082575,131.62151176217364,6200.398264541287,69,61,13,0,0.008942125015892088,0,0,0,
annex,special,93010,future_cover,smooth,0,13,13,True,2072.720157828182,159.4400121406294,7403.60078914091,89,82,13,0,0.084046459000092,0,0,0,
annex,special,93010,joint,smooth,0,13,13,True,1711.0796529082575,131.62151176217364,6200.398264541287,69,61,13,0,0.0003215409815311432,0,0,0,
annex,special,93010,optical,smooth,0,13,13,True,2079.8940724700838,159.991851728468,7424.470362350418,86,79,20,7,0.07197545800590888,0,0,0,
annex,special,93010,phased,smooth,0,13,13,True,1711.0796529082575,131.62151176217364,6200.398264541287,69,61,13,0,0.00021912500960752368,0,0,0,
annex,special,93010,scenario,smooth,0,13,13,True,2128.913078202111,163.76254447708547,7474.565391010555,96,89,13,0,0.21579445799579844,9,8,0,
annex,special,93010,scenario_future,smooth,0,13,13,True,2128.913078202111,163.76254447708547,7474.565391010555,96,89,13,0,0.3231755000015255,9,8,0,
annex,special,93010,v2,smooth,0,13,13,True,1711.0796529082575,131.62151176217364,6200.398264541287,69,61,13,0,0.009845334017882124,0,0,0,
annex,special,93010,v3,smooth,0,13,13,True,2072.720157828182,159.4400121406294,7403.60078914091,89,82,13,0,0.04432350001297891,0,0,0,
annex,special,93010,v3_origin20,smooth,0,13,13,True,1711.0796529082575,131.62151176217364,6200.398264541287,69,61,13,0,0.00871045800158754,0,0,0,
annex,special,93011,future_cover,alternating,0,14,14,True,2079.1877327822,148.51340948444286,7555.938663911,84,78,14,0,0.04485316600766964,0,0,0,
annex,special,93011,joint,alternating,0,14,14,True,2926.12600319752,209.00900022839429,7835.630015987599,216,209,14,0,0.021971291018417105,0,0,0,
annex,special,93011,optical,alternating,0,14,14,True,2079.1540503095994,148.51100359354282,7555.770251547998,84,78,14,0,0.036704584024846554,0,0,0,
annex,special,93011,phased,alternating,0,14,14,True,3019.3213933847137,215.66581381319384,7856.6069669235685,230,228,14,0,0.0222737499861978,0,0,0,
annex,special,93011,scenario,alternating,0,14,14,True,2079.1877327822,148.51340948444286,7555.938663911,84,78,14,0,0.07022312498884276,4,2,0,
annex,special,93011,scenario_future,alternating,0,14,14,True,2079.1877327822,148.51340948444286,7555.938663911,84,78,14,0,0.0832306670199614,4,2,0,
annex,special,93011,v2,alternating,0,14,14,True,2564.9457320923657,183.21040943516897,7529.728660461829,166,159,14,0,0.05779150000307709,0,0,0,
annex,special,93011,v3,alternating,0,14,14,True,2079.1877327822,148.51340948444286,7555.938663911,84,78,14,0,0.028879416990093887,0,0,0,
annex,special,93011,v3_origin20,alternating,0,14,14,True,2197.4860397031794,156.9632885502271,7557.430198515896,104,96,14,0,0.034974707989022136,0,0,0,
annex,special,93011,future_cover,hash,0,14,14,True,2113.6438961577314,150.97456401126652,7728.219480788656,84,78,14,0,0.10467541599064134,0,0,0,
annex,special,93011,joint,hash,0,14,14,True,2895.501835576105,206.8215596840075,7682.509177880524,216,209,14,0,0.05483379197539762,0,0,0,
annex,special,93011,optical,hash,0,14,14,True,2107.937173284878,150.56694094891986,7714.68586642439,83,77,15,1,0.0658132079988718,0,0,0,
annex,special,93011,phased,hash,0,14,14,True,3015.3259900821145,215.38042786300818,7846.629950410572,230,226,14,0,0.047757792024640366,0,0,0,
annex,special,93011,scenario,hash,0,14,14,True,2090.2274049024486,149.30195749303203,7556.1370245122425,86,79,14,0,0.1224951250187587,3,3,0,
annex,special,93011,scenario_future,hash,0,14,14,True,2090.2274049024486,149.30195749303203,7556.1370245122425,86,79,14,0,0.15054154201061465,3,3,0,
annex,special,93011,v2,hash,0,14,14,True,2582.472269994471,184.46230499960507,7527.361349972354,169,162,14,0,0.1027357499988284,0,0,0,
annex,special,93011,v3,hash,0,14,14,True,2113.6438961577314,150.97456401126652,7728.219480788656,84,78,14,0,0.059502167016034946,0,0,0,
annex,special,93011,v3_origin20,hash,0,14,14,True,2246.508726563089,160.46490904022065,7557.543632815446,112,105,14,0,0.07012374998885207,0,0,0,
annex,special,93011,future_cover,minus,0,14,14,True,2071.899094462524,147.99279246160884,7519.495472312619,84,78,14,0,0.03201608298695646,0,0,0,
annex,special,93011,joint,minus,0,14,14,True,2887.530807712345,206.25220055088178,7642.6540385617245,216,209,14,0,0.022250583017012104,0,0,0,
annex,special,93011,optical,minus,0,14,14,True,1993.8990944625239,142.4213638901803,7519.495472312619,71,65,14,0,0.03298116600490175,0,0,0,
annex,special,93011,phased,minus,0,14,14,True,3008.7847205255116,214.91319432325082,7803.9236026275585,230,228,14,0,0.023295541992411017,0,0,0,
annex,special,93011,scenario,minus,0,14,14,True,2071.899094462524,147.99279246160884,7519.495472312619,84,78,14,0,0.05544587498297915,2,0,0,
annex,special,93011,scenario_future,minus,0,14,14,True,2071.899094462524,147.99279246160884,7519.495472312619,84,78,14,0,0.06372716699843295,2,0,0,
annex,special,93011,v2,minus,0,14,14,True,2783.9013032306157,198.85009308790112,8384.506516153078,174,167,14,0,0.14408287502010353,0,0,0,
annex,special,93011,v3,minus,0,14,14,True,2071.899094462524,147.99279246160884,7519.495472312619,84,78,14,0,0.023531459009973332,0,0,0,
annex,special,93011,v3_origin20,minus,0,14,14,True,2189.8921784237646,156.42086988741175,7519.460892118822,104,96,14,0,0.027743250015191734,0,0,0,
annex,special,93011,future_cover,plus,0,14,14,True,2071.899094462524,147.99279246160884,7519.495472312619,84,78,14,0,0.046113082993542776,0,0,0,
annex,special,93011,joint,plus,0,14,14,True,2887.374589999862,206.2410421428473,7641.87294999931,216,209,14,0,0.03324020799482241,0,0,0,
annex,special,93011,optical,plus,0,14,14,True,1993.8990944625239,142.4213638901803,7519.495472312619,71,65,14,0,0.05469433299731463,0,0,0,
annex,special,93011,phased,plus,0,14,14,True,3012.7515416495735,215.19653868925525,7823.757708247868,230,228,14,0,0.03158770900336094,0,0,0,
annex,special,93011,scenario,plus,0,14,14,True,2071.899094462524,147.99279246160884,7519.495472312619,84,78,14,0,0.08023895800579339,2,0,0,
annex,special,93011,scenario_future,plus,0,14,14,True,2071.899094462524,147.99279246160884,7519.495472312619,84,78,14,0,0.0906483749859035,2,0,0,
annex,special,93011,v2,plus,0,14,14,True,2784.5697031309846,198.89783593792748,8387.848515654923,174,167,14,0,0.23067449999507517,0,0,0,
annex,special,93011,v3,plus,0,14,14,True,2071.899094462524,147.99279246160884,7519.495472312619,84,78,14,0,0.03996799999731593,0,0,0,
annex,special,93011,v3_origin20,plus,0,14,14,True,2189.8921784237646,156.42086988741175,7519.460892118822,104,96,14,0,0.04924079202464782,0,0,0,
annex,special,93011,future_cover,smooth,0,14,14,True,2111.6469953462984,150.83192823902132,7718.234976731491,84,78,14,0,0.10838145899469964,0,0,0,
annex,special,93011,joint,smooth,0,14,14,True,2895.0276314608755,206.78768796149112,7680.138157304376,216,209,14,0,0.0423745829903055,0,0,0,
annex,special,93011,optical,smooth,0,14,14,True,2097.0149903259717,149.7867850232837,7765.074951629858,79,73,16,2,0.05674191701109521,0,0,0,
annex,special,93011,phased,smooth,0,14,14,True,3015.947829003525,215.4248449288232,7844.739145017624,230,227,14,0,0.037786625005537644,0,0,0,
annex,special,93011,scenario,smooth,0,14,14,True,2084.227090309144,148.87336359351028,7556.135451545721,85,78,14,0,0.12227816600352526,3,3,0,
annex,special,93011,scenario_future,smooth,0,14,14,True,2084.227090309144,148.87336359351028,7556.135451545721,85,78,14,0,0.14108183298958465,3,3,0,
annex,special,93011,v2,smooth,0,14,14,True,2628.410694133644,187.743621009546,7697.05347066822,171,164,14,0,0.13349891701363958,0,0,0,
annex,special,93011,v3,smooth,0,14,14,True,2111.6469953462984,150.83192823902132,7718.234976731491,84,78,14,0,0.05012754097697325,0,0,0,
annex,special,93011,v3_origin20,smooth,0,14,14,True,2230.669703176713,159.33355022690807,7718.348515883565,104,97,14,0,0.06025424998369999,0,0,0,
annex,special,93012,future_cover,alternating,0,15,15,True,2932.5797654997446,195.50531769998298,11307.898827498722,100,96,15,0,0.1145433750061784,0,0,0,
annex,special,93012,joint,alternating,0,15,15,True,2979.111081974537,198.6074054649691,11375.555409872684,106,99,15,0,0.01970766598242335,0,0,0,
annex,special,93012,optical,alternating,0,15,15,True,2940.2440049786187,196.0162669985746,11316.220024893093,100,96,17,2,0.08313762498437427,0,0,0,
annex,special,93012,phased,alternating,0,15,15,True,3254.227915573117,216.94852770487446,11191.139577865586,157,156,15,0,0.020126874995185062,0,0,0,
annex,special,93012,scenario,alternating,0,15,15,True,3302.5442168673494,220.1696144578233,12977.721084336747,106,102,15,0,0.19042208301834762,11,8,0,
annex,special,93012,scenario_future,alternating,0,15,15,True,3302.5442168673494,220.1696144578233,12977.721084336747,106,102,15,0,0.2545512079959735,11,8,0,
annex,special,93012,v2,alternating,0,15,15,True,2933.423842595255,195.56158950635032,11262.119212976275,102,96,15,0,0.21671287500066683,0,0,0,
annex,special,93012,v3,alternating,0,15,15,True,2932.5797654997446,195.50531769998298,11307.898827498722,100,96,15,0,0.0712084999831859,0,0,0,
annex,special,93012,v3_origin20,alternating,0,15,15,True,2876.208277520575,191.74721850137166,10941.041387602874,103,98,15,0,0.07002287500654347,0,0,0,
annex,special,93012,future_cover,hash,0,15,15,True,3090.753333424271,206.05022222828475,12073.766667121356,101,96,15,0,0.20485650000046007,0,0,0,
annex,special,93012,joint,hash,0,15,15,True,3339.463927854364,222.63092852362428,12852.31963927182,120,94,15,0,0.04323145898524672,0,0,0,
annex,special,93012,optical,hash,0,15,15,True,3017.6962022313883,201.1797468154259,12013.481011156942,90,87,16,1,0.1442499169788789,0,0,0,
annex,special,93012,phased,hash,0,15,15,True,3244.0972172813613,216.27314781875742,11170.486086406807,156,155,15,0,0.03449358401121572,0,0,0,
annex,special,93012,scenario,hash,0,15,15,True,3285.375562072096,219.02503747147304,13076.877810360478,100,95,15,0,0.4354342500155326,19,8,0,
annex,special,93012,scenario_future,hash,0,15,15,True,3285.375562072096,219.02503747147304,13076.877810360478,100,95,15,0,0.5022654999920633,19,8,0,
annex,special,93012,v2,hash,0,15,15,True,2847.859296953994,189.8572864635996,10949.296484769971,98,93,15,0,0.3295261250168551,0,0,0,
annex,special,93012,v3,hash,0,15,15,True,3090.753333424271,206.05022222828475,12073.766667121356,101,96,15,0,0.12661262499750592,0,0,0,
annex,special,93012,v3_origin20,hash,0,15,15,True,2877.839741275008,191.8559827516672,10909.198706375038,104,101,15,0,0.15172745799645782,0,0,0,
annex,special,93012,future_cover,minus,0,15,15,True,2945.5107078796377,196.3673805253092,11497.553539398188,96,91,15,0,0.10542816601810046,0,0,0,
annex,special,93012,joint,minus,0,15,15,True,2952.3905696190777,196.82603797460519,10986.952848095389,115,105,15,0,0.023450125008821487,0,0,0,
annex,special,93012,optical,minus,0,15,15,True,2941.1971315550404,196.07980877033603,11505.985657775202,95,90,15,0,0.08142379199853167,0,0,0,
annex,special,93012,phased,minus,0,15,15,True,3249.4261531748043,216.62841021165363,11167.13076587402,157,156,15,0,0.019920375023502856,0,0,0,
annex,special,93012,scenario,minus,0,15,15,True,3399.2521695461855,226.61681130307903,13561.260847730928,103,97,15,0,0.22549645797698759,19,4,0,
annex,special,93012,scenario_future,minus,0,15,15,True,3399.2521695461855,226.61681130307903,13561.260847730928,103,97,15,0,0.25889704198925756,19,4,0,
annex,special,93012,v2,minus,0,15,15,True,2926.88072760755,195.12538184050334,11259.40363803775,101,95,15,0,0.22682420900673606,0,0,0,
annex,special,93012,v3,minus,0,15,15,True,2945.5107078796377,196.3673805253092,11497.553539398188,96,91,15,0,0.07005087501602247,0,0,0,
annex,special,93012,v3_origin20,minus,0,15,15,True,2886.194944756099,192.41299631707327,10980.974723780497,103,100,15,0,0.07940162500017323,0,0,0,
annex,special,93012,future_cover,plus,0,15,15,True,2961.199151145179,197.41327674301192,11580.995755725893,96,90,15,0,0.15213041700189933,0,0,0,
annex,special,93012,joint,plus,0,15,15,True,2886.2999204906164,192.41999469937443,10861.499602453081,108,99,15,0,0.03372666600625962,0,0,0,
annex,special,93012,optical,plus,0,15,15,True,2964.191567901383,197.61277119342554,11580.957839506917,96,90,16,1,0.11330475000431761,0,0,0,
annex,special,93012,phased,plus,0,15,15,True,3252.5629571751692,216.8375304783446,11182.814785875846,157,156,15,0,0.025290333025623113,0,0,0,
annex,special,93012,scenario,plus,0,15,15,True,3364.998520479121,224.33323469860807,13409.992602395605,102,98,15,0,0.3308990000223275,20,6,0,
annex,special,93012,scenario_future,plus,0,15,15,True,3364.998520479121,224.33323469860807,13409.992602395605,102,98,15,0,0.3901261250139214,20,6,0,
annex,special,93012,v2,plus,0,15,15,True,2926.880727607549,195.12538184050328,11259.403638037746,101,95,15,0,0.3153119169874117,0,0,0,
annex,special,93012,v3,plus,0,15,15,True,2961.199151145179,197.41327674301192,11580.995755725893,96,90,15,0,0.09993170900270343,0,0,0,
annex,special,93012,v3_origin20,plus,0,15,15,True,2887.585893308723,192.50572622058152,10987.929466543614,103,100,15,0,0.11231887500616722,0,0,0,
annex,special,93012,future_cover,smooth,0,15,15,True,2955.4411933894885,197.02941289263256,11517.205966947442,97,92,15,0,0.1627208339923527,0,0,0,
annex,special,93012,joint,smooth,0,15,15,True,2934.077140622291,195.60514270815275,11100.385703111455,109,94,15,0,0.03215629101032391,0,0,0,
annex,special,93012,optical,smooth,0,15,15,True,2966.269251257263,197.75128341715086,11556.346256286315,96,91,18,3,0.12478433302021585,0,0,0,
annex,special,93012,phased,smooth,0,15,15,True,3247.858796434825,216.52391976232167,11159.293982174124,157,156,15,0,0.02943408300052397,0,0,0,
annex,special,93012,scenario,smooth,0,15,15,True,3302.126812652894,220.14178751019293,13075.63406326447,103,97,15,0,0.41447749998769723,23,6,0,
annex,special,93012,scenario_future,smooth,0,15,15,True,3302.126812652894,220.14178751019293,13075.63406326447,103,97,15,0,0.6458788749878295,23,6,0,
annex,special,93012,v2,smooth,0,15,15,True,2855.2728087708692,190.35152058472462,10946.364043854346,99,96,15,0,0.30276170899742283,0,0,0,
annex,special,93012,v3,smooth,0,15,15,True,2955.4411933894885,197.02941289263256,11517.205966947442,97,92,15,0,0.09957362498971634,0,0,0,
annex,special,93012,v3_origin20,smooth,0,15,15,True,2889.575347339439,192.63835648929592,10937.876736697193,105,102,15,0,0.11883637501159683,0,0,0,
annex,special,93013,future_cover,alternating,0,16,16,True,878.6081662245922,54.91301038903701,1898.0408311229612,70,69,16,0,0.032340459001716226,0,0,0,
annex,special,93013,joint,alternating,0,16,16,True,2719.2771724079425,169.9548232754964,6651.385862039712,220,209,16,0,0.02744412500760518,0,0,0,
annex,special,93013,optical,alternating,0,16,16,True,896.6081662245922,56.03801038903701,1898.0408311229612,70,69,22,6,0.05156283397809602,0,0,0,
annex,special,93013,phased,alternating,0,16,16,True,1257.37746165106,78.58609135319125,2316.8873082553,120,114,16,0,0.028205665992572904,0,0,0,
annex,special,93013,scenario,alternating,0,16,16,True,820.5763941036951,51.28602463148094,1877.8819705184753,61,60,16,0,0.08589770901016891,11,8,0,
annex,special,93013,scenario_future,alternating,0,16,16,True,820.5763941036951,51.28602463148094,1877.8819705184753,61,60,16,0,0.08697820798261091,11,8,0,
annex,special,93013,v2,alternating,0,16,16,True,2329.9167445760863,145.6197965360054,6214.583722880432,169,162,16,0,0.0705946660018526,0,0,0,
annex,special,93013,v3,alternating,0,16,16,True,878.6081662245922,54.91301038903701,1898.0408311229612,70,69,16,0,0.031698000006144866,0,0,0,
annex,special,93013,v3_origin20,alternating,0,16,16,True,941.0280508995991,58.81425318122494,1885.140254497995,81,79,16,0,0.03197604199522175,0,0,0,
annex,special,93013,future_cover,hash,0,16,16,True,857.3712505420482,53.58570315887801,1881.8562527102408,67,66,16,0,0.0645078329835087,0,0,0,
annex,special,93013,joint,hash,0,16,16,True,2715.506790065889,169.71917437911807,6627.533950329445,220,210,16,0,0.05854324999381788,0,0,0,
annex,special,93013,optical,hash,0,16,16,True,865.9569274217808,54.1223079638613,1879.7846371089042,67,66,19,3,0.09549658300238661,0,0,0,
annex,special,93013,phased,hash,0,16,16,True,1252.6070793090075,78.28794245681297,2293.0353965450377,120,114,16,0,0.05478020801092498,0,0,0,
annex,special,93013,scenario,hash,0,16,16,True,850.1181206705437,53.13238254190898,1875.5906033527187,66,65,16,0,0.18956237498787232,11,6,0,
annex,special,93013,scenario_future,hash,0,16,16,True,850.1181206705437,53.13238254190898,1875.5906033527187,66,65,16,0,0.19623550001415424,11,6,0,
annex,special,93013,v2,hash,0,16,16,True,2332.93269361995,145.80829335124687,6199.6634680997495,170,163,16,0,0.13550608299556188,0,0,0,
annex,special,93013,v3,hash,0,16,16,True,857.3712505420482,53.58570315887801,1881.8562527102408,67,66,16,0,0.057521624985383824,0,0,0,
annex,special,93013,v3_origin20,hash,0,16,16,True,935.2125919614543,58.450786997590896,1861.062959807272,81,78,16,0,0.06132941698888317,0,0,0,
annex,special,93013,future_cover,minus,0,16,16,True,889.9620801459558,55.62263000912224,1894.8104007297793,72,71,16,0,0.03454079199582338,0,0,0,
annex,special,93013,joint,minus,0,16,16,True,2714.6848031191416,169.66780019494635,6628.424015595708,220,209,16,0,0.029579750000266358,0,0,0,
annex,special,93013,optical,minus,0,16,16,True,904.9620801459558,56.56013000912224,1894.8104007297793,72,71,21,5,0.05521783299627714,0,0,0,
annex,special,93013,phased,minus,0,16,16,True,1251.7850923622598,78.23656827264124,2293.925461811299,120,113,16,0,0.028815666999435052,0,0,0,
annex,special,93013,scenario,minus,0,16,16,True,859.9991841656413,53.74994901035258,1894.9959208282066,67,66,16,0,0.08810483300476335,10,4,0,
annex,special,93013,scenario_future,minus,0,16,16,True,859.9991841656413,53.74994901035258,1894.9959208282066,67,66,16,0,0.087612542003626,10,4,0,
annex,special,93013,v2,minus,0,16,16,True,2336.918054534127,146.05737840838293,6219.590272670634,170,163,16,0,0.07825945797958411,0,0,0,
annex,special,93013,v3,minus,0,16,16,True,889.9620801459558,55.62263000912224,1894.8104007297793,72,71,16,0,0.034058041987009346,0,0,0,
annex,special,93013,v3_origin20,minus,0,16,16,True,1009.6263744482922,63.10164840301826,1903.1318722414605,92,89,16,0,0.03837787499651313,0,0,0,
annex,special,93013,future_cover,plus,0,16,16,True,891.6399741757731,55.72749838598582,1903.1998708788656,72,71,16,0,0.06449191700085066,0,0,0,
annex,special,93013,joint,plus,0,16,16,True,2714.6848031191416,169.66780019494635,6628.424015595708,220,209,16,0,0.04240412500803359,0,0,0,
annex,special,93013,optical,plus,0,16,16,True,906.6399741757731,56.66499838598582,1903.1998708788656,72,71,21,5,0.09799341601319611,0,0,0,
annex,special,93013,phased,plus,0,16,16,True,1252.7850923622598,78.29906827264124,2293.9254618112986,120,114,16,0,0.040177458024118096,0,0,0,
annex,special,93013,scenario,plus,0,16,16,True,861.219128326118,53.82619552038238,1876.09564163059,68,66,16,0,0.19875875001889654,13,5,0,
annex,special,93013,scenario_future,plus,0,16,16,True,861.219128326118,53.82619552038238,1876.09564163059,68,66,16,0,0.2016642919916194,13,5,0,
annex,special,93013,v2,plus,0,16,16,True,2344.654581277675,146.54091132985468,6198.272906388374,172,165,16,0,0.1031017919885926,0,0,0,
annex,special,93013,v3,plus,0,16,16,True,891.6399741757731,55.72749838598582,1903.1998708788656,72,71,16,0,0.04356341701350175,0,0,0,
annex,special,93013,v3_origin20,plus,0,16,16,True,984.5231041387344,61.5326940086709,1892.6155206936724,88,86,16,0,0.05522916599875316,0,0,0,
annex,special,93013,future_cover,smooth,0,16,16,True,769.1904374344263,48.07440233965164,1890.952187172131,52,51,16,0,0.06254933300078847,0,0,0,
annex,special,93013,joint,smooth,0,16,16,True,2715.68910017457,169.73056876091061,6633.445500872849,220,209,16,0,0.04630725001334213,0,0,0,
annex,special,93013,optical,smooth,0,16,16,True,772.1904374344263,48.26190233965164,1890.952187172131,52,51,17,1,0.07712066598469391,0,0,0,
annex,special,93013,phased,smooth,0,16,16,True,1253.7893894176882,78.36183683860551,2298.9469470884414,120,114,16,0,0.04033616598462686,0,0,0,
annex,special,93013,scenario,smooth,0,16,16,True,827.498126988185,51.718632936761566,1882.4906349409255,62,61,16,0,0.21420441698865034,11,4,0,
annex,special,93013,scenario_future,smooth,0,16,16,True,827.498126988185,51.718632936761566,1882.4906349409255,62,61,16,0,0.17942566602141596,11,4,0,
annex,special,93013,v2,smooth,0,16,16,True,2346.120852330811,146.6325532706757,6205.604261654054,172,165,16,0,0.15017258300213143,0,0,0,
annex,special,93013,v3,smooth,0,16,16,True,769.1904374344263,48.07440233965164,1890.952187172131,52,51,16,0,0.047223208006471395,0,0,0,
annex,special,93013,v3_origin20,smooth,0,16,16,True,964.3636040187246,60.272725251170286,1911.818020093623,84,82,16,0,0.05897141699097119,0,0,0,
annex,special,93014,future_cover,alternating,0,10,10,True,1925.8722501930304,192.58722501930305,6679.361250965152,91,85,10,0,0.031470750021981075,0,0,0,
annex,special,93014,joint,alternating,0,10,10,True,2465.1522252816058,246.51522252816056,8295.76112640803,130,106,10,0,0.013070583023363724,0,0,0,
annex,special,93014,optical,alternating,0,10,10,True,1940.7256910605386,194.07256910605386,6678.628455302693,91,85,15,5,0.023795041983248666,0,0,0,
annex,special,93014,phased,alternating,0,10,10,True,2487.142037510165,248.71420375101653,7390.710187550825,160,159,10,0,0.013089624990243465,0,0,0,
annex,special,93014,scenario,alternating,0,10,10,True,1946.5897860811854,194.65897860811853,6692.948930405927,94,88,10,0,0.0670072499779053,4,2,0,
annex,special,93014,scenario_future,alternating,0,10,10,True,1946.5897860811854,194.65897860811853,6692.948930405927,94,88,10,0,0.07744774999446236,4,2,0,
annex,special,93014,v2,alternating,0,10,10,True,2082.1744299669344,208.21744299669345,6890.872149834671,110,104,10,0,0.11188887499156408,0,0,0,
annex,special,93014,v3,alternating,0,10,10,True,1925.8722501930304,192.58722501930305,6679.361250965152,91,85,10,0,0.020588459010468796,0,0,0,
annex,special,93014,v3_origin20,alternating,0,10,10,True,2021.7066258191503,202.17066258191502,6588.533129095751,110,104,10,0,0.02348875001189299,0,0,0,
annex,special,93014,future_cover,hash,0,10,10,True,1921.120742491604,192.1120742491604,6685.60371245802,90,84,10,0,0.07764691699412651,0,0,0,
annex,special,93014,joint,hash,0,10,10,True,2110.544076812868,211.0544076812868,6682.72038406434,122,114,10,0,0.02715045801596716,0,0,0,
annex,special,93014,optical,hash,0,10,10,True,1920.96240452443,192.096240452443,6684.81202262215,90,84,10,0,0.04457900000852533,0,0,0,
annex,special,93014,phased,hash,0,10,10,True,2493.643307802527,249.36433078025271,7423.216539012636,160,159,10,0,0.03141833300469443,0,0,0,
annex,special,93014,scenario,hash,0,10,10,True,1923.7190228445884,192.37190228445883,6668.595114222941,91,85,10,0,0.1773789169965312,7,4,0,
annex,special,93014,scenario_future,hash,0,10,10,True,1923.7190228445884,192.37190228445883,6668.595114222941,91,85,10,0,0.22808275002171285,7,4,0,
annex,special,93014,v2,hash,0,10,10,True,2028.6422995486255,202.86422995486254,6593.211497743127,111,105,10,0,0.20920583300176077,0,0,0,
annex,special,93014,v3,hash,0,10,10,True,1921.120742491604,192.1120742491604,6685.60371245802,90,84,10,0,0.04685683301067911,0,0,0,
annex,special,93014,v3_origin20,hash,0,10,10,True,2029.9779421090482,202.99779421090483,6629.889710545241,110,104,10,0,0.062249125010566786,0,0,0,
annex,special,93014,future_cover,minus,0,10,10,True,1913.369558721272,191.3369558721272,6646.84779360636,90,84,10,0,0.019720542011782527,0,0,0,
annex,special,93014,joint,minus,0,10,10,True,2325.999479832963,232.59994798329632,7559.997399164816,130,114,10,0,0.01580387499416247,0,0,0,
annex,special,93014,optical,minus,0,10,10,True,1913.369558721272,191.3369558721272,6646.84779360636,90,84,10,0,0.016404833004344255,0,0,0,
annex,special,93014,phased,minus,0,10,10,True,2487.137928581713,248.7137928581713,7390.689642908565,160,159,10,0,0.013652666995767504,0,0,0,
annex,special,93014,scenario,minus,0,10,10,True,1913.3278378009595,191.33278378009595,6651.639189004798,90,83,10,0,0.04850033298134804,3,2,0,
annex,special,93014,scenario_future,minus,0,10,10,True,1913.3278378009595,191.33278378009595,6651.639189004798,90,83,10,0,0.056116124993423,3,2,0,
annex,special,93014,v2,minus,0,10,10,True,2132.487734185392,213.2487734185392,7142.438670926961,110,104,10,0,0.13489012498757802,0,0,0,
annex,special,93014,v3,minus,0,10,10,True,1913.369558721272,191.3369558721272,6646.84779360636,90,84,10,0,0.014109000010648742,0,0,0,
annex,special,93014,v3_origin20,minus,0,10,10,True,2023.5533487709652,202.3553348770965,6597.766743854826,110,104,10,0,0.023069542017765343,0,0,0,
annex,special,93014,future_cover,plus,0,10,10,True,1917.6941819678425,191.76941819678424,6668.470909839212,90,84,10,0,0.04636733399820514,0,0,0,
annex,special,93014,joint,plus,0,10,10,True,2316.9687151318126,231.69687151318126,7519.8435756590625,130,113,10,0,0.028280708007514477,0,0,0,
annex,special,93014,optical,plus,0,10,10,True,1926.6941819678425,192.66941819678425,6668.470909839212,90,84,13,3,0.030717500019818544,0,0,0,
annex,special,93014,phased,plus,0,10,10,True,2487.1417140355566,248.71417140355567,7390.708570177782,160,159,10,0,0.025016875006258488,0,0,0,
annex,special,93014,scenario,plus,0,10,10,True,1921.2911098268728,192.12911098268728,6686.4555491343635,90,84,10,0,0.11530033298186027,5,5,0,
annex,special,93014,scenario_future,plus,0,10,10,True,1921.2911098268728,192.12911098268728,6686.4555491343635,90,84,10,0,0.13710458399145864,5,5,0,
annex,special,93014,v2,plus,0,10,10,True,2011.2709369004212,201.12709369004213,6536.3546845021065,110,104,10,0,0.14841187500860542,0,0,0,
annex,special,93014,v3,plus,0,10,10,True,1917.6941819678425,191.76941819678424,6668.470909839212,90,84,10,0,0.03207183297490701,0,0,0,
annex,special,93014,v3_origin20,plus,0,10,10,True,2004.9836679662892,200.49836679662891,6504.918339831446,110,104,10,0,0.04981224998482503,0,0,0,
annex,special,93014,future_cover,smooth,0,10,10,True,2061.9880630481885,206.19880630481885,7119.940315240942,99,93,10,0,0.08744879200821742,0,0,0,
annex,special,93014,joint,smooth,0,10,10,True,2123.9469945456844,212.39469945456844,6664.734972728422,125,116,10,0,0.030957499984651804,0,0,0,
annex,special,93014,optical,smooth,0,10,10,True,2030.76158478409,203.076158478409,7118.80792392045,94,87,10,0,0.0648221249866765,0,0,0,
annex,special,93014,phased,smooth,0,10,10,True,2491.4159094314437,249.14159094314437,7412.079547157218,160,159,10,0,0.028542833984829485,0,0,0,
annex,special,93014,scenario,smooth,0,10,10,True,1942.0474742241472,194.20474742241473,6675.2373711207365,94,87,10,0,0.13935929199215025,3,3,0,
annex,special,93014,scenario_future,smooth,0,10,10,True,1942.0474742241472,194.20474742241473,6675.2373711207365,94,87,10,0,0.12122812500456348,3,3,0,
annex,special,93014,v2,smooth,0,10,10,True,2018.1645566516854,201.81645566516855,6545.822783258427,111,104,10,0,0.18578679198981263,0,0,0,
annex,special,93014,v3,smooth,0,10,10,True,2061.9880630481885,206.19880630481885,7119.940315240942,99,93,10,0,0.06518845798564143,0,0,0,
annex,special,93014,v3_origin20,smooth,0,10,10,True,2007.2445417990805,200.72445417990804,6521.222708995402,110,103,10,0,0.0639403749955818,0,0,0,
annex,special,93015,future_cover,alternating,0,11,11,True,2107.8481433395777,191.62255848541616,7414.240716697889,96,90,11,0,0.04642316699028015,0,0,0,
annex,special,93015,joint,alternating,0,11,11,True,1786.0796529082575,162.37087753711432,6200.398264541287,83,76,11,0,0.00024020799901336432,0,0,0,
annex,special,93015,optical,alternating,0,11,11,True,2107.20284466419,191.5638949694718,7426.014223320949,92,86,18,7,0.03564387501683086,0,0,0,
annex,special,93015,phased,alternating,0,11,11,True,1786.0796529082575,162.37087753711432,6200.398264541287,83,76,11,0,0.00015249999705702066,0,0,0,
annex,special,93015,scenario,alternating,0,11,11,True,2099.087454612418,190.82613223749252,7370.43727306209,96,90,11,0,0.07734150000032969,4,1,0,
annex,special,93015,scenario_future,alternating,0,11,11,True,2099.087454612418,190.82613223749252,7370.43727306209,96,90,11,0,0.08780949999345466,4,1,0,
annex,special,93015,v2,alternating,0,11,11,True,1786.0796529082575,162.37087753711432,6200.398264541287,83,76,11,0,0.006552457984071225,0,0,0,
annex,special,93015,v3,alternating,0,11,11,True,2107.8481433395777,191.62255848541616,7414.240716697889,96,90,11,0,0.031114582990994677,0,0,0,
annex,special,93015,v3_origin20,alternating,0,11,11,True,1786.0796529082575,162.37087753711432,6200.398264541287,83,76,11,0,0.005124999996041879,0,0,0,
annex,special,93015,future_cover,hash,0,11,11,True,2129.835855337298,193.62144139429984,7404.179276686492,100,94,11,0,0.10612712500733323,0,0,0,
annex,special,93015,joint,hash,0,11,11,True,1786.0796529082575,162.37087753711432,6200.398264541287,83,76,11,0,0.0005142499867361039,0,0,0,
annex,special,93015,optical,hash,0,11,11,True,2117.373155131781,192.48846864834374,7431.865775658905,94,88,17,6,0.1056508329929784,0,0,0,
annex,special,93015,phased,hash,0,11,11,True,1786.0796529082575,162.37087753711432,6200.398264541287,83,76,11,0,0.00034241698449477553,0,0,0,
annex,special,93015,scenario,hash,0,11,11,True,2134.029302708625,194.00266388260226,7395.1465135431245,101,95,11,0,0.2281121670093853,5,3,0,
annex,special,93015,scenario_future,hash,0,11,11,True,2134.029302708625,194.00266388260226,7395.1465135431245,101,95,11,0,0.2302250000066124,5,3,0,
annex,special,93015,v2,hash,0,11,11,True,1786.0796529082575,162.37087753711432,6200.398264541287,83,76,11,0,0.017435249988920987,0,0,0,
annex,special,93015,v3,hash,0,11,11,True,2129.835855337298,193.62144139429984,7404.179276686492,100,94,11,0,0.060662541014607996,0,0,0,
annex,special,93015,v3_origin20,hash,0,11,11,True,1786.0796529082575,162.37087753711432,6200.398264541287,83,76,11,0,0.010956792015349492,0,0,0,
annex,special,93015,future_cover,minus,0,11,11,True,2100.8436984518385,190.98579076834895,7384.218492259191,96,89,11,0,0.02924683300079778,0,0,0,
annex,special,93015,joint,minus,0,11,11,True,1786.0796529082575,162.37087753711432,6200.398264541287,83,76,11,0,0.00024429199402220547,0,0,0,
annex,special,93015,optical,minus,0,11,11,True,2142.075091017383,194.73409918339846,7425.375455086914,96,89,22,11,0.03568062500562519,0,0,0,
annex,special,93015,phased,minus,0,11,11,True,1786.0796529082575,162.37087753711432,6200.398264541287,83,76,11,0,0.00015654199523851275,0,0,0,
annex,special,93015,scenario,minus,0,11,11,True,2101.8436984518385,191.07669985925804,7384.218492259191,96,90,11,0,0.05608125001890585,2,0,0,
annex,special,93015,scenario_future,minus,0,11,11,True,2101.8436984518385,191.07669985925804,7384.218492259191,96,90,11,0,0.06382533299620263,2,0,0,
annex,special,93015,v2,minus,0,11,11,True,1786.0796529082575,162.37087753711432,6200.398264541287,83,76,11,0,0.00717024999903515,0,0,0,
annex,special,93015,v3,minus,0,11,11,True,2100.8436984518385,190.98579076834895,7384.218492259191,96,89,11,0,0.022200916020665318,0,0,0,
annex,special,93015,v3_origin20,minus,0,11,11,True,1786.0796529082575,162.37087753711432,6200.398264541287,83,76,11,0,0.004791416984517127,0,0,0,
annex,special,93015,future_cover,plus,0,11,11,True,2100.8436984518357,190.9857907683487,7384.21849225918,96,89,11,0,0.0500323330052197,0,0,0,
annex,special,93015,joint,plus,0,11,11,True,1786.0796529082575,162.37087753711432,6200.398264541287,83,76,11,0,0.0003698339860420674,0,0,0,
annex,special,93015,optical,plus,0,11,11,True,2142.07509101738,194.7340991833982,7425.375455086902,96,89,22,11,0.057888291019480675,0,0,0,
annex,special,93015,phased,plus,0,11,11,True,1786.0796529082575,162.37087753711432,6200.398264541287,83,76,11,0,0.00023845897521823645,0,0,0,
annex,special,93015,scenario,plus,0,11,11,True,2099.8436984518357,190.8948816774396,7384.21849225918,96,88,11,0,0.09910454202326946,2,1,0,
annex,special,93015,scenario_future,plus,0,11,11,True,2099.8436984518357,190.8948816774396,7384.21849225918,96,88,11,0,0.11005866702180356,2,1,0,
annex,special,93015,v2,plus,0,11,11,True,1786.0796529082575,162.37087753711432,6200.398264541287,83,76,11,0,0.011427791992900893,0,0,0,
annex,special,93015,v3,plus,0,11,11,True,2100.8436984518357,190.9857907683487,7384.21849225918,96,89,11,0,0.036399042000994086,0,0,0,
annex,special,93015,v3_origin20,plus,0,11,11,True,1786.0796529082575,162.37087753711432,6200.398264541287,83,76,11,0,0.008117833000142127,0,0,0,
annex,special,93015,future_cover,smooth,0,11,11,True,2112.142950963221,192.012995542111,7375.714754816106,98,92,11,0,0.10486716701416299,0,0,0,
annex,special,93015,joint,smooth,0,11,11,True,1786.0796529082575,162.37087753711432,6200.398264541287,83,76,11,0,0.00044249999336898327,0,0,0,
annex,special,93015,optical,smooth,0,11,11,True,2097.3479643343753,190.6679967576705,7466.739821671876,91,85,14,3,0.07616570900427178,0,0,0,
annex,special,93015,phased,smooth,0,11,11,True,1786.0796529082575,162.37087753711432,6200.398264541287,83,76,11,0,0.0002479999966453761,0,0,0,
annex,special,93015,scenario,smooth,0,11,11,True,2110.120767561808,191.82916068743708,7395.60383780904,97,91,11,0,0.23606270799064077,6,4,0,
annex,special,93015,scenario_future,smooth,0,11,11,True,2110.120767561808,191.82916068743708,7395.60383780904,97,91,11,0,0.21898679199512117,6,4,0,
annex,special,93015,v2,smooth,0,11,11,True,1786.0796529082575,162.37087753711432,6200.398264541287,83,76,11,0,0.014901582995662466,0,0,0,
annex,special,93015,v3,smooth,0,11,11,True,2112.142950963221,192.012995542111,7375.714754816106,98,92,11,0,0.05456704102107324,0,0,0,
annex,special,93015,v3_origin20,smooth,0,11,11,True,1786.0796529082575,162.37087753711432,6200.398264541287,83,76,11,0,0.009681208000984043,0,0,0,
annex,special,93016,future_cover,alternating,0,12,12,True,2117.1877327822,176.4323110651833,7555.938663911,92,86,12,0,0.04054470898699947,0,0,0,
annex,special,93016,joint,alternating,0,12,12,True,2871.015200867669,239.25126673897242,7855.076004338345,208,200,12,0,0.02061291699646972,0,0,0,
annex,special,93016,optical,alternating,0,12,12,True,2117.1540503095994,176.42950419246662,7555.770251547998,92,86,12,0,0.030702333024237305,0,0,0,
annex,special,93016,phased,alternating,0,12,12,True,2630.027668300098,219.1689723583415,7705.138341500489,172,169,12,0,0.011699791008140892,0,0,0,
annex,special,93016,scenario,alternating,0,12,12,True,2117.1877327822,176.4323110651833,7555.938663911,92,86,12,0,0.07482504099607468,4,2,0,
annex,special,93016,scenario_future,alternating,0,12,12,True,2117.1877327822,176.4323110651833,7555.938663911,92,86,12,0,0.08694458298850805,4,2,0,
annex,special,93016,v2,alternating,0,12,12,True,2569.671426271776,214.139285522648,7268.357131358879,177,171,12,0,0.06194958300329745,0,0,0,
annex,special,93016,v3,alternating,0,12,12,True,2117.1877327822,176.4323110651833,7555.938663911,92,86,12,0,0.025922416971297935,0,0,0,
annex,special,93016,v3_origin20,alternating,0,12,12,True,2236.4860397031794,186.3738366419316,7557.430198515896,112,105,12,0,0.030427582998527214,0,0,0,
annex,special,93016,future_cover,hash,0,12,12,True,2114.2610316444107,176.1884193037009,7541.305158222053,92,86,12,0,0.08310479199280962,0,0,0,
annex,special,93016,joint,hash,0,12,12,True,2814.3706908347885,234.53089090289905,7566.853454173942,208,201,12,0,0.05511545797344297,0,0,0,
annex,special,93016,optical,hash,0,12,12,True,2084.2477244441925,173.68731037034937,7541.238622220963,87,81,12,0,0.05557558301370591,0,0,0,
annex,special,93016,phased,hash,0,12,12,True,2575.377049839276,214.614754153273,7641.885249196381,165,162,12,0,0.025892042001942173,0,0,0,
annex,special,93016,scenario,hash,0,12,12,True,2146.7484789201912,178.8957065766826,7523.742394600956,98,92,12,0,0.20324312499724329,7,2,0,
annex,special,93016,scenario_future,hash,0,12,12,True,2146.7484789201912,178.8957065766826,7523.742394600956,98,92,12,0,0.22456299999612384,7,2,0,
annex,special,93016,v2,hash,0,12,12,True,2529.974794389669,210.83123286580576,7279.8739719483465,170,164,12,0,0.13593837499502115,0,0,0,
annex,special,93016,v3,hash,0,12,12,True,2114.2610316444107,176.1884193037009,7541.305158222053,92,86,12,0,0.04487179100397043,0,0,0,
annex,special,93016,v3_origin20,hash,0,12,12,True,2280.397188996257,190.0330990830214,7536.985944981283,120,113,12,0,0.06724720800411887,0,0,0,
annex,special,93016,future_cover,minus,0,12,12,True,2109.899094462524,175.82492453854366,7519.495472312619,92,86,12,0,0.028710583981592208,0,0,0,
annex,special,93016,joint,minus,0,12,12,True,2812.2417313309484,234.35347761091236,7556.208656654742,208,201,12,0,0.020174792007310316,0,0,0,
annex,special,93016,optical,minus,0,12,12,True,2043.8990944625239,170.32492453854366,7519.495472312619,81,75,12,0,0.029330958001082763,0,0,0,
annex,special,93016,phased,minus,0,12,12,True,2625.674148127364,218.80617901061365,7683.370740636819,172,169,12,0,0.012680333980824798,0,0,0,
annex,special,93016,scenario,minus,0,12,12,True,2109.899094462524,175.82492453854366,7519.495472312619,92,86,12,0,0.055752416024915874,2,0,0,
annex,special,93016,scenario_future,minus,0,12,12,True,2109.899094462524,175.82492453854366,7519.495472312619,92,86,12,0,0.06377429197891615,2,0,0,
annex,special,93016,v2,minus,0,12,12,True,2539.306137629452,211.60884480245434,7266.530688147262,172,166,12,0,0.052860791998682544,0,0,0,
annex,special,93016,v3,minus,0,12,12,True,2109.899094462524,175.82492453854366,7519.495472312619,92,86,12,0,0.02066308297798969,0,0,0,
annex,special,93016,v3_origin20,minus,0,12,12,True,2228.8921784237646,185.74101486864706,7519.460892118822,112,105,12,0,0.025172041001496837,0,0,0,
annex,special,93016,future_cover,plus,0,12,12,True,2109.899094462524,175.82492453854366,7519.495472312619,92,86,12,0,0.04773329201270826,0,0,0,
annex,special,93016,joint,plus,0,12,12,True,2803.1712900025573,233.59760750021312,7510.856450012786,208,201,12,0,0.045924584002932534,0,0,0,
annex,special,93016,optical,plus,0,12,12,True,2043.8990944625239,170.32492453854366,7519.495472312619,81,75,12,0,0.049771707999752834,0,0,0,
annex,special,93016,phased,plus,0,12,12,True,2628.8109521277033,219.06757934397527,7699.054760638517,172,169,12,0,0.019795000000158325,0,0,0,
annex,special,93016,scenario,plus,0,12,12,True,2109.899094462524,175.82492453854366,7519.495472312619,92,86,12,0,0.10043412499362603,2,0,0,
annex,special,93016,scenario_future,plus,0,12,12,True,2109.899094462524,175.82492453854366,7519.495472312619,92,86,12,0,0.11288375000003725,2,0,0,
annex,special,93016,v2,plus,0,12,12,True,2784.84287201791,232.07023933482583,8494.21436008955,172,166,12,0,0.18738116600434296,0,0,0,
annex,special,93016,v3,plus,0,12,12,True,2109.899094462524,175.82492453854366,7519.495472312619,92,86,12,0,0.03634745898307301,0,0,0,
annex,special,93016,v3_origin20,plus,0,12,12,True,2228.8921784237646,185.74101486864706,7519.460892118822,112,105,12,0,0.04321708297356963,0,0,0,
annex,special,93016,future_cover,smooth,0,12,12,True,2143.403013127767,178.61691776064723,7537.015065638833,97,91,12,0,0.0741525829944294,0,0,0,
annex,special,93016,joint,smooth,0,12,12,True,2815.1391110739055,234.59492592282547,7570.695555369528,208,201,12,0,0.042593207996105775,0,0,0,
annex,special,93016,optical,smooth,0,12,12,True,2121.79059296996,176.81588274749666,7533.952964849801,93,87,13,1,0.05710241699125618,0,0,0,
annex,special,93016,phased,smooth,0,12,12,True,2596.109676111071,216.34247300925594,7630.548380555357,169,165,12,0,0.025140957994153723,0,0,0,
annex,special,93016,scenario,smooth,0,12,12,True,2141.1995585263458,178.43329654386216,7525.99779263173,97,91,12,0,0.1646041669882834,7,5,0,
annex,special,93016,scenario_future,smooth,0,12,12,True,2141.1995585263458,178.43329654386216,7525.99779263173,97,91,12,0,0.20512779100681655,7,5,0,
annex,special,93016,v2,smooth,0,12,12,True,2595.7700288947485,216.3141690745624,7823.850144473743,163,156,12,0,0.10898241700488143,0,0,0,
annex,special,93016,v3,smooth,0,12,12,True,2143.403013127767,178.61691776064723,7537.015065638833,97,91,12,0,0.041535416996339336,0,0,0,
annex,special,93016,v3_origin20,smooth,0,12,12,True,2262.399169088461,188.53326409070507,7536.995845442304,117,110,12,0,0.04863141701207496,0,0,0,
annex,special,93017,future_cover,alternating,0,13,13,True,3081.055350823007,237.00425775561592,11825.276754115035,110,101,13,0,0.08277520898263901,0,0,0,
annex,special,93017,joint,alternating,0,13,13,True,3215.7768318066,247.3674486005077,11673.884159033001,138,126,13,0,0.01557083401712589,0,0,0,
annex,special,93017,optical,alternating,0,13,13,True,3104.3888180777285,238.79913985213295,11881.944090388643,110,101,17,4,0.07190595800057054,0,0,0,
annex,special,93017,phased,alternating,0,13,13,True,3299.1585558298266,253.78142737152513,11305.792779149133,163,158,13,0,0.01369020901620388,0,0,0,
annex,special,93017,scenario,alternating,0,13,13,True,3169.0986311744227,243.7768177826479,12115.493155872115,115,106,13,0,0.22834108298411593,23,3,0,
annex,special,93017,scenario_future,alternating,0,13,13,True,3169.0986311744227,243.7768177826479,12115.493155872115,115,106,13,0,0.2699370830086991,23,3,0,
annex,special,93017,v2,alternating,0,13,13,True,2942.9490787132263,226.38069836255588,11079.745393566132,111,107,13,0,0.1499971250013914,0,0,0,
annex,special,93017,v3,alternating,0,13,13,True,3081.055350823007,237.00425775561592,11825.276754115035,110,101,13,0,0.059925417008344084,0,0,0,
annex,special,93017,v3_origin20,alternating,0,13,13,True,2908.202752572238,223.7079040440183,10821.01376286119,114,109,13,0,0.0641819580050651,0,0,0,
annex,special,93017,future_cover,hash,0,13,13,True,2968.93407770307,228.3795444386977,11289.670388515351,109,101,13,0,0.20804345898795873,0,0,0,
annex,special,93017,joint,hash,0,13,13,True,3298.661607524937,253.7432005788413,12033.308037624685,140,127,13,0,0.028595832991413772,0,0,0,
annex,special,93017,optical,hash,0,13,13,True,2959.7645565306893,227.67419665620687,11313.822782653446,106,99,14,1,0.15215858301962726,0,0,0,
annex,special,93017,phased,hash,0,13,13,True,3359.5125192656196,258.42403994350923,11647.562596328098,162,155,13,0,0.025885207985993475,0,0,0,
annex,special,93017,scenario,hash,0,13,13,True,3104.8050757893207,238.83115967610158,12104.025378946602,104,99,13,0,0.4825941250019241,17,5,0,
annex,special,93017,scenario_future,hash,0,13,13,True,3104.8050757893207,238.83115967610158,12104.025378946602,104,99,13,0,0.4959348749835044,17,5,0,
annex,special,93017,v2,hash,0,13,13,True,2954.0336931337742,227.23336101029034,11080.16846566887,113,108,13,0,0.2990350420004688,0,0,0,
annex,special,93017,v3,hash,0,13,13,True,2968.93407770307,228.3795444386977,11289.670388515351,109,101,13,0,0.12072333300602622,0,0,0,
annex,special,93017,v3_origin20,hash,0,13,13,True,2981.2725446128247,229.3286572779096,11096.362723064123,117,112,13,0,0.14073079102672637,0,0,0,
annex,special,93017,future_cover,minus,0,13,13,True,2991.0527510123256,230.08098084710198,11455.26375506163,107,100,13,0,0.08435749998898245,0,0,0,
annex,special,93017,joint,minus,0,13,13,True,3150.9367007555006,242.3797462119616,11349.683503777504,138,126,13,0,0.01677066701813601,0,0,0,
annex,special,93017,optical,minus,0,13,13,True,3011.07632114033,231.62125547233308,11515.38160570165,107,99,16,3,0.07563545799348503,0,0,0,
annex,special,93017,phased,minus,0,13,13,True,3294.513586529429,253.4241220407253,11282.567932647145,163,158,13,0,0.013770374993328005,0,0,0,
annex,special,93017,scenario,minus,0,13,13,True,3184.749412787335,244.98072406056423,12413.747063936677,107,102,13,0,0.22918274998664856,18,3,0,
annex,special,93017,scenario_future,minus,0,13,13,True,3184.749412787335,244.98072406056423,12413.747063936677,107,102,13,0,0.2601235829934012,18,3,0,
annex,special,93017,v2,minus,0,13,13,True,3009.6165473852097,231.50896518347767,11363.08273692605,113,107,13,0,0.15147895802510902,0,0,0,
annex,special,93017,v3,minus,0,13,13,True,2991.0527510123256,230.08098084710198,11455.26375506163,107,100,13,0,0.060305791994323954,0,0,0,
annex,special,93017,v3_origin20,minus,0,13,13,True,2919.292928762231,224.56099452017162,10871.464643811154,114,110,13,0,0.06921158300247043,0,0,0,
annex,special,93017,future_cover,plus,0,13,13,True,2990.580179103475,230.04462916180577,11452.900895517376,107,100,13,0,0.11507541598984972,0,0,0,
annex,special,93017,joint,plus,0,13,13,True,3150.9367007555006,242.3797462119616,11349.683503777504,138,126,13,0,0.029989875009050593,0,0,0,
annex,special,93017,optical,plus,0,13,13,True,3017.887591828087,232.1451993713913,11504.437959140434,108,100,17,4,0.10520641700713895,0,0,0,
annex,special,93017,phased,plus,0,13,13,True,3298.48040765352,253.72926212719386,11302.4020382676,163,158,13,0,0.02179820797755383,0,0,0,
annex,special,93017,scenario,plus,0,13,13,True,3187.5888330671323,245.19914100516402,12397.94416533566,108,103,13,0,0.32207241700962186,17,1,0,
annex,special,93017,scenario_future,plus,0,13,13,True,3187.5888330671323,245.19914100516402,12397.94416533566,108,103,13,0,0.3604712920205202,17,1,0,
annex,special,93017,v2,plus,0,13,13,True,3009.6165473852084,231.50896518347756,11363.082736926042,113,107,13,0,0.22520983399590477,0,0,0,
annex,special,93017,v3,plus,0,13,13,True,2990.580179103475,230.04462916180577,11452.900895517376,107,100,13,0,0.08833329199114814,0,0,0,
annex,special,93017,v3_origin20,plus,0,13,13,True,2919.816854760247,224.60129652001902,10874.084273801236,114,110,13,0,0.10350520900101401,0,0,0,
annex,special,93017,future_cover,smooth,0,13,13,True,2978.628385458792,229.12526041990708,11333.141927293958,109,102,13,0,0.13352395800757222,0,0,0,
annex,special,93017,joint,smooth,0,13,13,True,3363.2463175552393,258.71125519655686,12541.231587776196,135,115,13,0,0.02451270801248029,0,0,0,
annex,special,93017,optical,smooth,0,13,13,True,2992.245984265875,230.1727680204519,11446.229921329375,106,99,16,3,0.13584741699742153,0,0,0,
annex,special,93017,phased,smooth,0,13,13,True,3359.043425242611,258.3879557878932,11645.217126213056,162,155,13,0,0.023094375006621704,0,0,0,
annex,special,93017,scenario,smooth,0,13,13,True,3099.23505126755,238.40269625135,11826.175256337749,113,104,13,0,0.3490595420007594,22,4,0,
annex,special,93017,scenario_future,smooth,0,13,13,True,3099.23505126755,238.40269625135,11826.175256337749,113,104,13,0,0.38865670797531493,22,4,0,
annex,special,93017,v2,smooth,0,13,13,True,2912.0043882696286,224.0003375592022,10950.021941348143,110,107,13,0,0.22266637501888908,0,0,0,
annex,special,93017,v3,smooth,0,13,13,True,2978.628385458792,229.12526041990708,11333.141927293958,109,102,13,0,0.09206024999730289,0,0,0,
annex,special,93017,v3_origin20,smooth,0,13,13,True,2915.1864191349987,224.24510916423066,10845.932095674994,114,111,13,0,0.11642516701249406,0,0,0,
annex,special,93018,future_cover,alternating,0,14,14,True,2135.9935004633444,152.57096431881033,7599.967502316722,92,86,14,0,0.08670891600195318,0,0,0,
annex,special,93018,joint,alternating,0,14,14,True,3131.0050376592017,223.64321697565725,8950.025188296007,216,191,14,0,0.03141374999540858,0,0,0,
annex,special,93018,optical,alternating,0,14,14,True,2138.9935004633444,152.78525003309602,7599.967502316722,91,85,17,3,0.052134875004412606,0,0,0,
annex,special,93018,phased,alternating,0,14,14,True,2663.382165326495,190.2415832376068,7756.910826632476,174,172,14,0,0.015980541007593274,0,0,0,
annex,special,93018,scenario,alternating,0,14,14,True,2129.2126173498737,152.08661552499098,7601.063086749369,91,84,14,0,0.10798162498394959,9,4,0,
annex,special,93018,scenario_future,alternating,0,14,14,True,2129.2126173498737,152.08661552499098,7601.063086749369,91,84,14,0,0.1571994160185568,9,4,0,
annex,special,93018,v2,alternating,0,14,14,True,2560.262110370861,182.8758650264901,7381.310551854306,170,164,14,0,0.119494125014171,0,0,0,
annex,special,93018,v3,alternating,0,14,14,True,2135.9935004633444,152.57096431881033,7599.967502316722,92,86,14,0,0.04227066700696014,0,0,0,
annex,special,93018,v3_origin20,alternating,0,14,14,True,2254.981569494622,161.0701121067587,7599.90784747311,112,105,14,0,0.04674758299370296,0,0,0,
annex,special,93018,future_cover,hash,0,14,14,True,2145.9344139818036,153.28102957012882,7619.672069909018,93,87,14,0,0.15963812501286156,0,0,0,
annex,special,93018,joint,hash,0,14,14,True,2992.508896732418,213.750635480887,8197.544483662092,216,203,14,0,0.062039292010013014,0,0,0,
annex,special,93018,optical,hash,0,14,14,True,2140.823701180108,152.915978655722,7609.118505900539,92,86,15,1,0.09925808300613426,0,0,0,
annex,special,93018,phased,hash,0,14,14,True,2620.417534189306,187.17268101352187,7752.08767094653,167,165,14,0,0.03344254198600538,0,0,0,
annex,special,93018,scenario,hash,0,14,14,True,2138.4310309687226,152.74507364062305,7587.155154843613,93,86,14,0,0.21744658300303854,8,4,0,
annex,special,93018,scenario_future,hash,0,14,14,True,2138.4310309687226,152.74507364062305,7587.155154843613,93,86,14,0,0.30585224999231286,8,4,0,
annex,special,93018,v2,hash,0,14,14,True,2550.397972741283,182.17128376723448,7366.989863706414,169,162,14,0,0.2414357909874525,0,0,0,
annex,special,93018,v3,hash,0,14,14,True,2145.9344139818036,153.28102957012882,7619.672069909018,93,87,14,0,0.0750714999740012,0,0,0,
annex,special,93018,v3_origin20,hash,0,14,14,True,2262.317060555546,161.5940757539676,7606.585302777729,113,106,14,0,0.08587504099705257,0,0,0,
annex,special,93018,future_cover,minus,0,14,14,True,2205.753241194599,157.55380294247135,7648.7662059729955,102,96,14,0,0.10472829200443812,0,0,0,
annex,special,93018,joint,minus,0,14,14,True,3010.8179669591227,215.0584262113659,8294.089834795614,216,202,14,0,0.03154825000092387,0,0,0,
annex,special,93018,optical,minus,0,14,14,True,2217.753241194599,158.4109457996142,7648.7662059729955,102,96,18,4,0.06686083399108611,0,0,0,
annex,special,93018,phased,minus,0,14,14,True,2652.067973515111,189.4334266796508,7700.339867575556,174,172,14,0,0.01884812500793487,0,0,0,
annex,special,93018,scenario,minus,0,14,14,True,2147.251423251566,153.37510166082615,7601.257116257831,94,87,14,0,0.12149808299727738,9,7,0,
annex,special,93018,scenario_future,minus,0,14,14,True,2147.251423251566,153.37510166082615,7601.257116257831,94,87,14,0,0.17810287501197308,9,7,0,
annex,special,93018,v2,minus,0,14,14,True,2553.2855084259295,182.37753631613782,7346.427542129647,170,164,14,0,0.12682158302050084,0,0,0,
annex,special,93018,v3,minus,0,14,14,True,2205.753241194599,157.55380294247135,7648.7662059729955,102,96,14,0,0.046939457999542356,0,0,0,
annex,special,93018,v3_origin20,minus,0,14,14,True,2324.7450977328367,166.0532212666312,7648.725488664183,122,115,14,0,0.05343454098328948,0,0,0,
annex,special,93018,future_cover,plus,0,14,14,True,2201.8151988918207,157.2725142065586,7629.075994459103,102,96,14,0,0.15487870801007375,0,0,0,
annex,special,93018,joint,plus,0,14,14,True,3062.235160169982,218.73108286928442,8561.17580084991,216,200,14,0,0.05010512500302866,0,0,0,
annex,special,93018,optical,plus,0,14,14,True,2213.8151988918207,158.12965706370147,7629.075994459103,102,96,18,4,0.09668474999489263,0,0,0,
annex,special,93018,phased,plus,0,14,14,True,2665.9152202490486,190.4225157320749,7769.576101245242,174,172,14,0,0.026418291992740706,0,0,0,
annex,special,93018,scenario,plus,0,14,14,True,2173.5937280116705,155.25669485797647,7607.968640058353,98,92,14,0,0.207593375002034,13,4,0,
annex,special,93018,scenario_future,plus,0,14,14,True,2173.5937280116705,155.25669485797647,7607.968640058353,98,92,14,0,0.3143985829956364,13,4,0,
annex,special,93018,v2,plus,0,14,14,True,2575.8480878135088,183.98914912953634,7339.240439067543,174,168,14,0,0.16407999998773448,0,0,0,
annex,special,93018,v3,plus,0,14,14,True,2201.8151988918207,157.2725142065586,7629.075994459103,102,96,14,0,0.07964650000212714,0,0,0,
annex,special,93018,v3_origin20,plus,0,14,14,True,2294.395774072139,163.8854124337242,7616.9788703606955,118,111,14,0,0.08124704202055,0,0,0,
annex,special,93018,future_cover,smooth,0,14,14,True,2138.796649804225,152.77118927173038,7643.9832490211265,91,85,14,0,0.12369387500802986,0,0,0,
annex,special,93018,joint,smooth,0,14,14,True,3108.2210811793825,222.01579151281302,8816.105405896913,216,195,14,0,0.047132750012679026,0,0,0,
annex,special,93018,optical,smooth,0,14,14,True,2146.780130708787,153.3414379077705,7638.900653543935,91,85,17,3,0.06409033300587907,0,0,0,
annex,special,93018,phased,smooth,0,14,14,True,2633.5870347328582,188.11335962377558,7697.935173664291,171,169,14,0,0.02649545800522901,0,0,0,
annex,special,93018,scenario,smooth,0,14,14,True,2122.6295512426595,151.61639651733282,7593.147756213299,90,84,14,0,0.18224545801058412,10,6,0,
annex,special,93018,scenario_future,smooth,0,14,14,True,2122.6295512426595,151.61639651733282,7593.147756213299,90,84,14,0,0.2567379589891061,10,6,0,
annex,special,93018,v2,smooth,0,14,14,True,2544.1029148899024,181.72163677785016,7360.514574449513,168,162,14,0,0.14304995798738673,0,0,0,
annex,special,93018,v3,smooth,0,14,14,True,2138.796649804225,152.77118927173038,7643.9832490211265,91,85,14,0,0.0479745409975294,0,0,0,
annex,special,93018,v3_origin20,smooth,0,14,14,True,2252.2116172081833,160.87225837201308,7646.058086040917,110,103,14,0,0.06834162498125806,0,0,0,
annex,special,93019,future_cover,alternating,0,15,15,True,1796.8231007949894,119.78820671966596,6689.115503974947,65,59,15,0,0.0544889580050949,0,0,0,
annex,special,93019,joint,alternating,0,15,15,True,2347.258567672936,156.48390451152906,8026.292838364679,115,92,15,0,0.02700341699528508,0,0,0,
annex,special,93019,optical,alternating,0,15,15,True,1817.8231007949894,121.18820671966596,6689.115503974947,65,59,22,7,0.03201687498949468,0,0,0,
annex,special,93019,phased,alternating,0,15,15,True,2512.0939349596733,167.47292899731156,7390.469674798367,160,159,15,0,0.01533054097671993,0,0,0,
annex,special,93019,scenario,alternating,0,15,15,True,2034.3238848200065,135.62159232133376,7876.619424100032,65,59,15,0,0.07727391697699204,10,6,0,
annex,special,93019,scenario_future,alternating,0,15,15,True,2034.3238848200065,135.62159232133376,7876.619424100032,65,59,15,0,0.10829758297768421,10,6,0,
annex,special,93019,v2,alternating,0,15,15,True,1933.508998530344,128.90059990202292,6772.544992651719,85,79,15,0,0.2058861659897957,0,0,0,
annex,special,93019,v3,alternating,0,15,15,True,1796.8231007949894,119.78820671966596,6689.115503974947,65,59,15,0,0.028766665986040607,0,0,0,
annex,special,93019,v3_origin20,alternating,0,15,15,True,1881.0229390026595,125.40152926684397,6510.114695013298,85,79,15,0,0.03958145799697377,0,0,0,
annex,special,93019,future_cover,hash,0,15,15,True,1811.2071134385155,120.74714089590104,6676.035567192578,68,61,15,0,0.1669259580085054,0,0,0,
annex,special,93019,joint,hash,0,15,15,True,2013.4929600726382,134.23286400484255,6722.464800363191,100,94,15,0,0.046090332994936034,0,0,0,
annex,special,93019,optical,hash,0,15,15,True,1800.2071679864941,120.0138111990996,6676.0358399324705,66,60,15,0,0.1256530419923365,0,0,0,
annex,special,93019,phased,hash,0,15,15,True,2519.319862250008,167.95465748333388,7426.599311250041,160,159,15,0,0.03543983300914988,0,0,0,
annex,special,93019,scenario,hash,0,15,15,True,2264.2690248929875,150.95126832619917,8941.345124464937,68,61,15,0,0.2861117499996908,12,6,0,
annex,special,93019,scenario_future,hash,0,15,15,True,2264.2690248929875,150.95126832619917,8941.345124464937,68,61,15,0,0.42095745899132453,12,6,0,
annex,special,93019,v2,hash,0,15,15,True,1889.973774150754,125.99825161005027,6524.86887075377,86,80,15,0,0.32588349998695776,0,0,0,
annex,special,93019,v3,hash,0,15,15,True,1811.2071134385155,120.74714089590104,6676.035567192578,68,61,15,0,0.08610995902563445,0,0,0,
annex,special,93019,v3_origin20,hash,0,15,15,True,1903.8987104713856,126.92658069809237,6624.4935523569275,85,79,15,0,0.1491858749941457,0,0,0,
annex,special,93019,future_cover,minus,0,15,15,True,1786.5089111999487,119.10059407999658,6642.544555999743,65,58,15,0,0.030882833991199732,0,0,0,
annex,special,93019,joint,minus,0,15,15,True,2209.602386367528,147.3068257578352,7318.011931837641,115,96,15,0,0.03614499999093823,0,0,0,
annex,special,93019,optical,minus,0,15,15,True,1786.5089111999487,119.10059407999658,6642.544555999743,65,58,15,0,0.02253341700998135,0,0,0,
annex,special,93019,phased,minus,0,15,15,True,2512.088193690329,167.47254624602192,7390.440968451644,160,159,15,0,0.017486249998910353,0,0,0,
annex,special,93019,scenario,minus,0,15,15,True,2484.6259285207875,165.6417285680525,10093.129642603937,66,61,15,0,0.06648429200868122,10,7,0,
annex,special,93019,scenario_future,minus,0,15,15,True,2484.6259285207875,165.6417285680525,10093.129642603937,66,61,15,0,0.08890116697875783,10,7,0,
annex,special,93019,v2,minus,0,15,15,True,2064.898299907669,137.65988666051126,7429.491499538343,85,79,15,0,0.2480778330063913,0,0,0,
annex,special,93019,v3,minus,0,15,15,True,1786.5089111999487,119.10059407999658,6642.544555999743,65,58,15,0,0.021071250026579946,0,0,0,
annex,special,93019,v3_origin20,minus,0,15,15,True,1876.1902203641505,125.0793480242767,6485.951101820752,85,79,15,0,0.035068416997091845,0,0,0,
annex,special,93019,future_cover,plus,0,15,15,True,1793.6171655485784,119.57447770323856,6678.085827742892,65,58,15,0,0.06716995799797587,0,0,0,
annex,special,93019,joint,plus,0,15,15,True,2279.43597683545,151.96239845569667,7682.179884177251,115,93,15,0,0.04739212500862777,0,0,0,
annex,special,93019,optical,plus,0,15,15,True,1829.6171655485784,121.97447770323856,6678.085827742892,65,58,27,12,0.03980508301174268,0,0,0,
annex,special,93019,phased,plus,0,15,15,True,2512.0969201524285,167.4731280101619,7390.484600762143,160,159,15,0,0.03404712499468587,0,0,0,
annex,special,93019,scenario,plus,0,15,15,True,2167.327573388753,144.48850489258353,8541.637866943765,65,59,15,0,0.0836888329940848,7,5,0,
annex,special,93019,scenario_future,plus,0,15,15,True,2167.327573388753,144.48850489258353,8541.637866943765,65,59,15,0,0.11174766600015573,7,5,0,
annex,special,93019,v2,plus,0,15,15,True,1885.0320165443484,125.66880110295656,6530.160082721742,85,79,15,0,0.27039191700168885,0,0,0,
annex,special,93019,v3,plus,0,15,15,True,1793.6171655485784,119.57447770323856,6678.085827742892,65,58,15,0,0.039335708017461,0,0,0,
annex,special,93019,v3_origin20,plus,0,15,15,True,1893.3933845723045,126.22622563815364,6571.966922861522,85,79,15,0,0.03655366599559784,0,0,0,
annex,special,93019,future_cover,smooth,0,15,15,True,1811.3385503012055,120.7559033534137,6676.692751506028,68,61,15,0,0.06166212499374524,0,0,0,
annex,special,93019,joint,smooth,0,15,15,True,2035.135386821564,135.67569245477094,6770.67693410782,102,96,15,0,0.041716459003509954,0,0,0,
annex,special,93019,optical,smooth,0,15,15,True,1800.6045812348934,120.04030541565956,6683.022906174467,66,59,15,0,0.042702000006102026,0,0,0,
annex,special,93019,phased,smooth,0,15,15,True,2517.0824228553074,167.8054948570205,7415.412114276537,160,159,15,0,0.028591500013135374,0,0,0,
annex,special,93019,scenario,smooth,0,15,15,True,1893.2188147077109,126.21458764718072,7086.094073538554,68,61,15,0,0.09149279198027216,8,3,0,
annex,special,93019,scenario_future,smooth,0,15,15,True,1893.2188147077109,126.21458764718072,7086.094073538554,68,61,15,0,0.1273816250031814,8,3,0,
annex,special,93019,v2,smooth,0,15,15,True,1914.6097147697901,127.64064765131934,6648.048573848951,86,80,15,0,0.26880516699748114,0,0,0,
annex,special,93019,v3,smooth,0,15,15,True,1811.3385503012055,120.7559033534137,6676.692751506028,68,61,15,0,0.04172649999964051,0,0,0,
annex,special,93019,v3_origin20,smooth,0,15,15,True,1901.8468216493413,126.78978810995609,6614.2341082467065,85,79,15,0,0.04922933300258592,0,0,0,
