{"seed": 618101, "strategy": "compact_baseline", "successful": true, "virtual_time_s": 5993.872952, "common_lower_bound_s": 2029.497588388375, "time_over_lower_bound": 2.953377715890629, "penalized_time_over_lower_bound": 2.953377715890629, "errors": []}
{"seed": 618101, "strategy": "compact_clear_before_probe", "successful": true, "virtual_time_s": 5843.872952, "common_lower_bound_s": 2029.497588388375, "time_over_lower_bound": 2.879467798057657, "penalized_time_over_lower_bound": 2.879467798057657, "errors": []}
{"seed": 618101, "strategy": "compact_combo", "successful": true, "virtual_time_s": 5843.872952, "common_lower_bound_s": 2029.497588388375, "time_over_lower_bound": 2.879467798057657, "penalized_time_over_lower_bound": 2.879467798057657, "errors": []}
{"seed": 618101, "strategy": "compact_joint_probe", "successful": true, "virtual_time_s": 5843.872952, "common_lower_bound_s": 2029.497588388375, "time_over_lower_bound": 2.879467798057657, "penalized_time_over_lower_bound": 2.879467798057657, "errors": []}
{"seed": 618102, "strategy": "compact_combo", "successful": true, "virtual_time_s": 6741.507779, "common_lower_bound_s": 1875.3185313672275, "time_over_lower_bound": 3.5948601084238248, "penalized_time_over_lower_bound": 3.5948601084238248, "errors": []}
{"seed": 618102, "strategy": "compact_baseline", "successful": true, "virtual_time_s": 7742.84819, "common_lower_bound_s": 1875.3185313672275, "time_over_lower_bound": 4.128817617109007, "penalized_time_over_lower_bound": 4.128817617109007, "errors": []}
{"seed": 618102, "strategy": "compact_clear_before_probe", "successful": true, "virtual_time_s": 6646.930605, "common_lower_bound_s": 1875.3185313672275, "time_over_lower_bound": 3.544427516617116, "penalized_time_over_lower_bound": 3.544427516617116, "errors": []}
{"seed": 618103, "strategy": "compact_baseline", "successful": true, "virtual_time_s": 7762.273769, "common_lower_bound_s": 2537.0373003823215, "time_over_lower_bound": 3.0595820439180206, "penalized_time_over_lower_bound": 3.0595820439180206, "errors": []}
{"seed": 618103, "strategy": "compact_combo", "successful": true, "virtual_time_s": 7350.273769, "common_lower_bound_s": 2537.0373003823215, "time_over_lower_bound": 2.897187900190645, "penalized_time_over_lower_bound": 2.897187900190645, "errors": []}
{"seed": 618103, "strategy": "compact_clear_before_probe", "successful": true, "virtual_time_s": 7330.778083, "common_lower_bound_s": 2537.0373003823215, "time_over_lower_bound": 2.889503470010189, "penalized_time_over_lower_bound": 2.889503470010189, "errors": []}
{"seed": 618103, "strategy": "compact_joint_probe", "successful": true, "virtual_time_s": 7330.778083, "common_lower_bound_s": 2537.0373003823215, "time_over_lower_bound": 2.889503470010189, "penalized_time_over_lower_bound": 2.889503470010189, "errors": []}
{"seed": 618102, "strategy": "compact_joint_probe", "successful": true, "virtual_time_s": 5580.081401, "common_lower_bound_s": 1875.3185313672275, "time_over_lower_bound": 2.9755379193804283, "penalized_time_over_lower_bound": 2.9755379193804283, "errors": []}
{"seed": 618104, "strategy": "compact_baseline", "successful": true, "virtual_time_s": 7024.400868, "common_lower_bound_s": 2117.430654422084, "time_over_lower_bound": 3.3174171977392044, "penalized_time_over_lower_bound": 3.3174171977392044, "errors": []}
{"seed": 618104, "strategy": "compact_combo", "successful": true, "virtual_time_s": 5136.656609, "common_lower_bound_s": 2117.430654422084, "time_over_lower_bound": 2.425891302873369, "penalized_time_over_lower_bound": 2.425891302873369, "errors": []}
{"seed": 618105, "strategy": "compact_baseline", "successful": true, "virtual_time_s": 6984.535479, "common_lower_bound_s": 2058.882250173704, "time_over_lower_bound": 3.3923919050789464, "penalized_time_over_lower_bound": 3.3923919050789464, "errors": []}
{"seed": 618104, "strategy": "compact_clear_before_probe", "successful": true, "virtual_time_s": 5035.627714, "common_lower_bound_s": 2117.430654422084, "time_over_lower_bound": 2.378178337733751, "penalized_time_over_lower_bound": 2.378178337733751, "errors": []}
{"seed": 618105, "strategy": "compact_combo", "successful": true, "virtual_time_s": 6757.535479, "common_lower_bound_s": 2058.882250173704, "time_over_lower_bound": 3.2821379068326415, "penalized_time_over_lower_bound": 3.2821379068326415, "errors": []}
{"seed": 618105, "strategy": "compact_clear_before_probe", "successful": true, "virtual_time_s": 6738.572504, "common_lower_bound_s": 2058.882250173704, "time_over_lower_bound": 3.272927581667907, "penalized_time_over_lower_bound": 3.272927581667907, "errors": []}
{"seed": 618105, "strategy": "compact_joint_probe", "successful": true, "virtual_time_s": 6757.264854, "common_lower_bound_s": 2058.882250173704, "time_over_lower_bound": 3.2820064641530142, "penalized_time_over_lower_bound": 3.2820064641530142, "errors": []}
{"seed": 618104, "strategy": "compact_joint_probe", "successful": true, "virtual_time_s": 5085.556911, "common_lower_bound_s": 2117.430654422084, "time_over_lower_bound": 2.4017584237666636, "penalized_time_over_lower_bound": 2.4017584237666636, "errors": []}
{"seed": 618106, "strategy": "compact_baseline", "successful": true, "virtual_time_s": 6771.786994, "common_lower_bound_s": 2072.1250696928773, "time_over_lower_bound": 3.2680397013891103, "penalized_time_over_lower_bound": 3.2680397013891103, "errors": []}
{"seed": 618106, "strategy": "compact_combo", "successful": true, "virtual_time_s": 6496.11342, "common_lower_bound_s": 2072.1250696928773, "time_over_lower_bound": 3.1350006401702526, "penalized_time_over_lower_bound": 3.1350006401702526, "errors": []}
{"seed": 618106, "strategy": "compact_clear_before_probe", "successful": true, "virtual_time_s": 6479.074817, "common_lower_bound_s": 2072.1250696928773, "time_over_lower_bound": 3.126777872515342, "penalized_time_over_lower_bound": 3.126777872515342, "errors": []}
{"seed": 618107, "strategy": "compact_baseline", "successful": true, "virtual_time_s": 7374.088108, "common_lower_bound_s": 1949.099453274754, "time_over_lower_bound": 3.783330858571902, "penalized_time_over_lower_bound": 3.783330858571902, "errors": []}
{"seed": 618106, "strategy": "compact_joint_probe", "successful": true, "virtual_time_s": 6340.980589, "common_lower_bound_s": 2072.1250696928773, "time_over_lower_bound": 3.0601341018183987, "penalized_time_over_lower_bound": 3.0601341018183987, "errors": []}
{"seed": 618107, "strategy": "compact_combo", "successful": true, "virtual_time_s": 7530.845159, "common_lower_bound_s": 1949.099453274754, "time_over_lower_bound": 3.863756231806001, "penalized_time_over_lower_bound": 3.863756231806001, "errors": []}
{"seed": 618108, "strategy": "compact_baseline", "successful": true, "virtual_time_s": 7312.042529, "common_lower_bound_s": 2044.3436643220793, "time_over_lower_bound": 3.5767188543736026, "penalized_time_over_lower_bound": 3.5767188543736026, "errors": []}
{"seed": 618108, "strategy": "compact_combo", "successful": true, "virtual_time_s": 7077.042529, "common_lower_bound_s": 2044.3436643220793, "time_over_lower_bound": 3.4617675357175353, "penalized_time_over_lower_bound": 3.4617675357175353, "errors": []}
{"seed": 618108, "strategy": "compact_clear_before_probe", "successful": true, "virtual_time_s": 7069.854464, "common_lower_bound_s": 2044.3436643220793, "time_over_lower_bound": 3.458251461035256, "penalized_time_over_lower_bound": 3.458251461035256, "errors": []}
{"seed": 618107, "strategy": "compact_clear_before_probe", "successful": true, "virtual_time_s": 7454.78826, "common_lower_bound_s": 1949.099453274754, "time_over_lower_bound": 3.8247346729664997, "penalized_time_over_lower_bound": 3.8247346729664997, "errors": []}
{"seed": 618108, "strategy": "compact_joint_probe", "successful": true, "virtual_time_s": 6786.562071, "common_lower_bound_s": 2044.3436643220793, "time_over_lower_bound": 3.3196776987349033, "penalized_time_over_lower_bound": 3.3196776987349033, "errors": []}
{"seed": 618109, "strategy": "compact_baseline", "successful": true, "virtual_time_s": 6809.311686, "common_lower_bound_s": 2199.8856203015202, "time_over_lower_bound": 3.0953026026265418, "penalized_time_over_lower_bound": 3.0953026026265418, "errors": []}
{"seed": 618107, "strategy": "compact_joint_probe", "successful": true, "virtual_time_s": 7869.90179, "common_lower_bound_s": 1949.099453274754, "time_over_lower_bound": 4.037711763131166, "penalized_time_over_lower_bound": 4.037711763131166, "errors": []}
{"seed": 618109, "strategy": "compact_combo", "successful": true, "virtual_time_s": 6658.311686, "common_lower_bound_s": 2199.8856203015202, "time_over_lower_bound": 3.0266626703471067, "penalized_time_over_lower_bound": 3.0266626703471067, "errors": []}
{"seed": 618109, "strategy": "compact_clear_before_probe", "successful": true, "virtual_time_s": 6658.311686, "common_lower_bound_s": 2199.8856203015202, "time_over_lower_bound": 3.0266626703471067, "penalized_time_over_lower_bound": 3.0266626703471067, "errors": []}
{"seed": 618110, "strategy": "compact_baseline", "successful": true, "virtual_time_s": 8286.343662, "common_lower_bound_s": 2186.750230983202, "time_over_lower_bound": 3.789341619629925, "penalized_time_over_lower_bound": 3.789341619629925, "errors": []}
{"seed": 618110, "strategy": "compact_combo", "successful": true, "virtual_time_s": 8016.562817, "common_lower_bound_s": 2186.750230983202, "time_over_lower_bound": 3.6659709478551696, "penalized_time_over_lower_bound": 3.6659709478551696, "errors": []}
{"seed": 618109, "strategy": "compact_joint_probe", "successful": true, "virtual_time_s": 6950.020475, "common_lower_bound_s": 2199.8856203015202, "time_over_lower_bound": 3.1592644685078755, "penalized_time_over_lower_bound": 3.1592644685078755, "errors": []}
{"seed": 618110, "strategy": "compact_clear_before_probe", "successful": true, "virtual_time_s": 8009.75225, "common_lower_bound_s": 2186.750230983202, "time_over_lower_bound": 3.6628564783087603, "penalized_time_over_lower_bound": 3.6628564783087603, "errors": []}
{"seed": 618110, "strategy": "compact_joint_probe", "successful": true, "virtual_time_s": 7696.380504, "common_lower_bound_s": 2186.750230983202, "time_over_lower_bound": 3.519551705061245, "penalized_time_over_lower_bound": 3.519551705061245, "errors": []}
{"seed": 618111, "strategy": "compact_baseline", "successful": true, "virtual_time_s": 7947.445607, "common_lower_bound_s": 1946.7292761475892, "time_over_lower_bound": 4.082460619653964, "penalized_time_over_lower_bound": 4.082460619653964, "errors": []}
{"seed": 618111, "strategy": "compact_combo", "successful": true, "virtual_time_s": 7068.897814, "common_lower_bound_s": 1946.7292761475892, "time_over_lower_bound": 3.6311663365893097, "penalized_time_over_lower_bound": 3.6311663365893097, "errors": []}
{"seed": 618112, "strategy": "compact_baseline", "successful": true, "virtual_time_s": 6937.282705, "common_lower_bound_s": 2208.6333555264946, "time_over_lower_bound": 3.1409843049057313, "penalized_time_over_lower_bound": 3.1409843049057313, "errors": []}
{"seed": 618111, "strategy": "compact_clear_before_probe", "successful": true, "virtual_time_s": 6996.232472, "common_lower_bound_s": 1946.7292761475892, "time_over_lower_bound": 3.593839450467887, "penalized_time_over_lower_bound": 3.593839450467887, "errors": []}
{"seed": 618112, "strategy": "compact_combo", "successful": true, "virtual_time_s": 6673.282705, "common_lower_bound_s": 2208.6333555264946, "time_over_lower_bound": 3.0214533744598007, "penalized_time_over_lower_bound": 3.0214533744598007, "errors": []}
{"seed": 618112, "strategy": "compact_clear_before_probe", "successful": true, "virtual_time_s": 6665.060886, "common_lower_bound_s": 2208.6333555264946, "time_over_lower_bound": 3.017730792357422, "penalized_time_over_lower_bound": 3.017730792357422, "errors": []}
{"seed": 618112, "strategy": "compact_joint_probe", "successful": true, "virtual_time_s": 6665.060886, "common_lower_bound_s": 2208.6333555264946, "time_over_lower_bound": 3.017730792357422, "penalized_time_over_lower_bound": 3.017730792357422, "errors": []}
{"seed": 618113, "strategy": "compact_baseline", "successful": true, "virtual_time_s": 7391.613672, "common_lower_bound_s": 2597.588766678483, "time_over_lower_bound": 2.8455673071960503, "penalized_time_over_lower_bound": 2.8455673071960503, "errors": []}
{"seed": 618111, "strategy": "compact_joint_probe", "successful": true, "virtual_time_s": 6996.232472, "common_lower_bound_s": 1946.7292761475892, "time_over_lower_bound": 3.593839450467887, "penalized_time_over_lower_bound": 3.593839450467887, "errors": []}
{"seed": 618113, "strategy": "compact_combo", "successful": true, "virtual_time_s": 6937.613672, "common_lower_bound_s": 2597.588766678483, "time_over_lower_bound": 2.670789834401338, "penalized_time_over_lower_bound": 2.670789834401338, "errors": []}
{"seed": 618113, "strategy": "compact_clear_before_probe", "successful": true, "virtual_time_s": 6907.547246, "common_lower_bound_s": 2597.588766678483, "time_over_lower_bound": 2.6592150900131233, "penalized_time_over_lower_bound": 2.6592150900131233, "errors": []}
{"seed": 618113, "strategy": "compact_joint_probe", "successful": true, "virtual_time_s": 6907.547246, "common_lower_bound_s": 2597.588766678483, "time_over_lower_bound": 2.6592150900131233, "penalized_time_over_lower_bound": 2.6592150900131233, "errors": []}
{"seed": 618114, "strategy": "compact_baseline", "successful": true, "virtual_time_s": 7709.416104, "common_lower_bound_s": 2361.8704485906455, "time_over_lower_bound": 3.2641147225497886, "penalized_time_over_lower_bound": 3.2641147225497886, "errors": []}
{"seed": 618114, "strategy": "compact_combo", "successful": true, "virtual_time_s": 7289.416104, "common_lower_bound_s": 2361.8704485906455, "time_over_lower_bound": 3.0862895584936405, "penalized_time_over_lower_bound": 3.0862895584936405, "errors": []}
{"seed": 618114, "strategy": "compact_clear_before_probe", "successful": true, "virtual_time_s": 7223.71491, "common_lower_bound_s": 2361.8704485906455, "time_over_lower_bound": 3.0584721165847477, "penalized_time_over_lower_bound": 3.0584721165847477, "errors": []}
{"seed": 618115, "strategy": "compact_baseline", "successful": true, "virtual_time_s": 6353.054716, "common_lower_bound_s": 2166.0074276141986, "time_over_lower_bound": 2.93307152829006, "penalized_time_over_lower_bound": 2.93307152829006, "errors": []}
{"seed": 618115, "strategy": "compact_combo", "successful": true, "virtual_time_s": 6119.054716, "common_lower_bound_s": 2166.0074276141986, "time_over_lower_bound": 2.825038657757504, "penalized_time_over_lower_bound": 2.825038657757504, "errors": []}
{"seed": 618115, "strategy": "compact_clear_before_probe", "successful": true, "virtual_time_s": 6119.054716, "common_lower_bound_s": 2166.0074276141986, "time_over_lower_bound": 2.825038657757504, "penalized_time_over_lower_bound": 2.825038657757504, "errors": []}
{"seed": 618114, "strategy": "compact_joint_probe", "successful": true, "virtual_time_s": 7223.71491, "common_lower_bound_s": 2361.8704485906455, "time_over_lower_bound": 3.0584721165847477, "penalized_time_over_lower_bound": 3.0584721165847477, "errors": []}
{"seed": 618115, "strategy": "compact_joint_probe", "successful": true, "virtual_time_s": 5981.802277, "common_lower_bound_s": 2166.0074276141986, "time_over_lower_bound": 2.761672098044835, "penalized_time_over_lower_bound": 2.761672098044835, "errors": []}
{"seed": 618116, "strategy": "compact_baseline", "successful": true, "virtual_time_s": 7676.421308, "common_lower_bound_s": 1971.5160635354632, "time_over_lower_bound": 3.8936640943386958, "penalized_time_over_lower_bound": 3.8936640943386958, "errors": []}
{"seed": 618116, "strategy": "compact_combo", "successful": true, "virtual_time_s": 7448.421308, "common_lower_bound_s": 1971.5160635354632, "time_over_lower_bound": 3.7780170528476242, "penalized_time_over_lower_bound": 3.7780170528476242, "errors": []}
{"seed": 618116, "strategy": "compact_clear_before_probe", "successful": true, "virtual_time_s": 7414.818193, "common_lower_bound_s": 1971.5160635354632, "time_over_lower_bound": 3.7609727509413338, "penalized_time_over_lower_bound": 3.7609727509413338, "errors": []}
{"seed": 618117, "strategy": "compact_baseline", "successful": true, "virtual_time_s": 5909.057242, "common_lower_bound_s": 2090.7148142940155, "time_over_lower_bound": 2.82633346336877, "penalized_time_over_lower_bound": 2.82633346336877, "errors": []}
{"seed": 618116, "strategy": "compact_joint_probe", "successful": true, "virtual_time_s": 6315.640177, "common_lower_bound_s": 1971.5160635354632, "time_over_lower_bound": 3.2034434280359574, "penalized_time_over_lower_bound": 3.2034434280359574, "errors": []}
{"seed": 618117, "strategy": "compact_combo", "successful": true, "virtual_time_s": 5741.057242, "common_lower_bound_s": 2090.7148142940155, "time_over_lower_bound": 2.745978171077636, "penalized_time_over_lower_bound": 2.745978171077636, "errors": []}
{"seed": 618117, "strategy": "compact_clear_before_probe", "successful": true, "virtual_time_s": 5741.057242, "common_lower_bound_s": 2090.7148142940155, "time_over_lower_bound": 2.745978171077636, "penalized_time_over_lower_bound": 2.745978171077636, "errors": []}
{"seed": 618117, "strategy": "compact_joint_probe", "successful": true, "virtual_time_s": 5741.057242, "common_lower_bound_s": 2090.7148142940155, "time_over_lower_bound": 2.745978171077636, "penalized_time_over_lower_bound": 2.745978171077636, "errors": []}
{"seed": 618118, "strategy": "compact_baseline", "successful": true, "virtual_time_s": 7301.950891, "common_lower_bound_s": 2044.4452319809236, "time_over_lower_bound": 3.5716050382650377, "penalized_time_over_lower_bound": 3.5716050382650377, "errors": []}
{"seed": 618118, "strategy": "compact_combo", "successful": true, "virtual_time_s": 7224.950891, "common_lower_bound_s": 2044.4452319809236, "time_over_lower_bound": 3.5339420092948792, "penalized_time_over_lower_bound": 3.5339420092948792, "errors": []}
{"seed": 618118, "strategy": "compact_clear_before_probe", "successful": true, "virtual_time_s": 7219.950891, "common_lower_bound_s": 2044.4452319809236, "time_over_lower_bound": 3.5314963580630505, "penalized_time_over_lower_bound": 3.5314963580630505, "errors": []}
{"seed": 618119, "strategy": "compact_baseline", "successful": true, "virtual_time_s": 8284.562902, "common_lower_bound_s": 2325.501266015458, "time_over_lower_bound": 3.5624847954586882, "penalized_time_over_lower_bound": 3.5624847954586882, "errors": []}
{"seed": 618119, "strategy": "compact_combo", "successful": true, "virtual_time_s": 7913.562902, "common_lower_bound_s": 2325.501266015458, "time_over_lower_bound": 3.402949298565291, "penalized_time_over_lower_bound": 3.402949298565291, "errors": []}
{"seed": 618118, "strategy": "compact_joint_probe", "successful": true, "virtual_time_s": 7159.210166, "common_lower_bound_s": 2044.4452319809236, "time_over_lower_bound": 3.5017862322793696, "penalized_time_over_lower_bound": 3.5017862322793696, "errors": []}
{"seed": 618119, "strategy": "compact_clear_before_probe", "successful": true, "virtual_time_s": 7883.962641, "common_lower_bound_s": 2325.501266015458, "time_over_lower_bound": 3.3902207477652664, "penalized_time_over_lower_bound": 3.3902207477652664, "errors": []}
{"seed": 618120, "strategy": "compact_baseline", "successful": true, "virtual_time_s": 6598.025404, "common_lower_bound_s": 2132.066720549734, "time_over_lower_bound": 3.094661785396078, "penalized_time_over_lower_bound": 3.094661785396078, "errors": []}
{"seed": 618119, "strategy": "compact_joint_probe", "successful": true, "virtual_time_s": 8506.835785, "common_lower_bound_s": 2325.501266015458, "time_over_lower_bound": 3.658065428438022, "penalized_time_over_lower_bound": 3.658065428438022, "errors": []}
{"seed": 618120, "strategy": "compact_combo", "successful": true, "virtual_time_s": 6340.025404, "common_lower_bound_s": 2132.066720549734, "time_over_lower_bound": 2.9736524391531622, "penalized_time_over_lower_bound": 2.9736524391531622, "errors": []}
{"seed": 618120, "strategy": "compact_clear_before_probe", "successful": true, "virtual_time_s": 6340.025404, "common_lower_bound_s": 2132.066720549734, "time_over_lower_bound": 2.9736524391531622, "penalized_time_over_lower_bound": 2.9736524391531622, "errors": []}
{"seed": 618121, "strategy": "compact_baseline", "successful": true, "virtual_time_s": 6142.06262, "common_lower_bound_s": 1955.1936439040187, "time_over_lower_bound": 3.1414088518290604, "penalized_time_over_lower_bound": 3.1414088518290604, "errors": []}
{"seed": 618121, "strategy": "compact_combo", "successful": true, "virtual_time_s": 6028.06262, "common_lower_bound_s": 1955.1936439040187, "time_over_lower_bound": 3.083102606636706, "penalized_time_over_lower_bound": 3.083102606636706, "errors": []}
{"seed": 618120, "strategy": "compact_joint_probe", "successful": true, "virtual_time_s": 6340.025404, "common_lower_bound_s": 2132.066720549734, "time_over_lower_bound": 2.9736524391531622, "penalized_time_over_lower_bound": 2.9736524391531622, "errors": []}
{"seed": 618121, "strategy": "compact_joint_probe", "successful": true, "virtual_time_s": 6028.06262, "common_lower_bound_s": 1955.1936439040187, "time_over_lower_bound": 3.083102606636706, "penalized_time_over_lower_bound": 3.083102606636706, "errors": []}
{"seed": 618121, "strategy": "compact_clear_before_probe", "successful": true, "virtual_time_s": 6028.06262, "common_lower_bound_s": 1955.1936439040187, "time_over_lower_bound": 3.083102606636706, "penalized_time_over_lower_bound": 3.083102606636706, "errors": []}
{"seed": 618122, "strategy": "compact_baseline", "successful": true, "virtual_time_s": 6176.516654, "common_lower_bound_s": 1923.9627242731021, "time_over_lower_bound": 3.2103099379607616, "penalized_time_over_lower_bound": 3.2103099379607616, "errors": []}
{"seed": 618122, "strategy": "compact_combo", "successful": true, "virtual_time_s": 5767.416499, "common_lower_bound_s": 1923.9627242731021, "time_over_lower_bound": 2.997675800179031, "penalized_time_over_lower_bound": 2.997675800179031, "errors": []}
{"seed": 618122, "strategy": "compact_clear_before_probe", "successful": true, "virtual_time_s": 5770.416499, "common_lower_bound_s": 1923.9627242731021, "time_over_lower_bound": 2.99923508194793, "penalized_time_over_lower_bound": 2.99923508194793, "errors": []}
{"seed": 618122, "strategy": "compact_joint_probe", "successful": true, "virtual_time_s": 5770.416499, "common_lower_bound_s": 1923.9627242731021, "time_over_lower_bound": 2.99923508194793, "penalized_time_over_lower_bound": 2.99923508194793, "errors": []}
{"seed": 618123, "strategy": "compact_baseline", "successful": true, "virtual_time_s": 8281.193814, "common_lower_bound_s": 1837.091740586859, "time_over_lower_bound": 4.507773689818328, "penalized_time_over_lower_bound": 4.507773689818328, "errors": []}
{"seed": 618123, "strategy": "compact_combo", "successful": true, "virtual_time_s": 8095.193814, "common_lower_bound_s": 1837.091740586859, "time_over_lower_bound": 4.40652670476543, "penalized_time_over_lower_bound": 4.40652670476543, "errors": []}
{"seed": 618123, "strategy": "compact_clear_before_probe", "successful": true, "virtual_time_s": 8053.193677, "common_lower_bound_s": 1837.091740586859, "time_over_lower_bound": 4.383664407759738, "penalized_time_over_lower_bound": 4.383664407759738, "errors": []}
{"seed": 618124, "strategy": "compact_baseline", "successful": true, "virtual_time_s": 7632.867557, "common_lower_bound_s": 1914.315474561215, "time_over_lower_bound": 3.987256885519116, "penalized_time_over_lower_bound": 3.987256885519116, "errors": []}
{"seed": 618124, "strategy": "compact_combo", "successful": true, "virtual_time_s": 7290.867557, "common_lower_bound_s": 1914.315474561215, "time_over_lower_bound": 3.8086029465290494, "penalized_time_over_lower_bound": 3.8086029465290494, "errors": []}
{"seed": 618123, "strategy": "compact_joint_probe", "successful": true, "virtual_time_s": 6932.746283, "common_lower_bound_s": 1837.091740586859, "time_over_lower_bound": 3.7737616090883597, "penalized_time_over_lower_bound": 3.7737616090883597, "errors": []}
{"seed": 618124, "strategy": "compact_clear_before_probe", "successful": true, "virtual_time_s": 7257.471858, "common_lower_bound_s": 1914.315474561215, "time_over_lower_bound": 3.7911577033370127, "penalized_time_over_lower_bound": 3.7911577033370127, "errors": []}
{"seed": 618124, "strategy": "compact_joint_probe", "successful": true, "virtual_time_s": 7314.90993, "common_lower_bound_s": 1914.315474561215, "time_over_lower_bound": 3.8211621998598053, "penalized_time_over_lower_bound": 3.8211621998598053, "errors": []}
{"seed": 618125, "strategy": "compact_baseline", "successful": true, "virtual_time_s": 7293.76737, "common_lower_bound_s": 2011.6513684436145, "time_over_lower_bound": 3.6257611455026035, "penalized_time_over_lower_bound": 3.6257611455026035, "errors": []}
{"seed": 618125, "strategy": "compact_combo", "successful": true, "virtual_time_s": 6022.886753, "common_lower_bound_s": 2011.6513684436145, "time_over_lower_bound": 2.994001270538155, "penalized_time_over_lower_bound": 2.994001270538155, "errors": []}
{"seed": 618125, "strategy": "compact_clear_before_probe", "successful": true, "virtual_time_s": 5998.886753, "common_lower_bound_s": 2011.6513684436145, "time_over_lower_bound": 2.9820707738445016, "penalized_time_over_lower_bound": 2.9820707738445016, "errors": []}
{"seed": 618126, "strategy": "compact_baseline", "successful": true, "virtual_time_s": 7733.521442, "common_lower_bound_s": 2010.1306636230872, "time_over_lower_bound": 3.8472730066517142, "penalized_time_over_lower_bound": 3.8472730066517142, "errors": []}
{"seed": 618126, "strategy": "compact_combo", "successful": true, "virtual_time_s": 7374.521442, "common_lower_bound_s": 2010.1306636230872, "time_over_lower_bound": 3.668677651386135, "penalized_time_over_lower_bound": 3.668677651386135, "errors": []}
{"seed": 618126, "strategy": "compact_clear_before_probe", "successful": true, "virtual_time_s": 7242.193263, "common_lower_bound_s": 2010.1306636230872, "time_over_lower_bound": 3.6028470158982455, "penalized_time_over_lower_bound": 3.6028470158982455, "errors": []}
{"seed": 618126, "strategy": "compact_joint_probe", "successful": true, "virtual_time_s": 7145.302466, "common_lower_bound_s": 2010.1306636230872, "time_over_lower_bound": 3.55464577268883, "penalized_time_over_lower_bound": 3.55464577268883, "errors": []}
{"seed": 618125, "strategy": "compact_joint_probe", "successful": true, "virtual_time_s": 5732.911059, "common_lower_bound_s": 2011.6513684436145, "time_over_lower_bound": 2.8498531847670354, "penalized_time_over_lower_bound": 2.8498531847670354, "errors": []}
{"seed": 618127, "strategy": "compact_baseline", "successful": true, "virtual_time_s": 7136.262139, "common_lower_bound_s": 1847.2380117428215, "time_over_lower_bound": 3.8632066326239793, "penalized_time_over_lower_bound": 3.8632066326239793, "errors": []}
{"seed": 618127, "strategy": "compact_combo", "successful": true, "virtual_time_s": 6442.088993, "common_lower_bound_s": 1847.2380117428215, "time_over_lower_bound": 3.487416863472864, "penalized_time_over_lower_bound": 3.487416863472864, "errors": []}
{"seed": 618127, "strategy": "compact_clear_before_probe", "successful": true, "virtual_time_s": 6353.989735, "common_lower_bound_s": 1847.2380117428215, "time_over_lower_bound": 3.439724439735394, "penalized_time_over_lower_bound": 3.439724439735394, "errors": []}
{"seed": 618128, "strategy": "compact_baseline", "successful": true, "virtual_time_s": 8264.922211, "common_lower_bound_s": 1977.5293194506976, "time_over_lower_bound": 4.179418292162548, "penalized_time_over_lower_bound": 4.179418292162548, "errors": []}
{"seed": 618128, "strategy": "compact_combo", "successful": true, "virtual_time_s": 7917.922211, "common_lower_bound_s": 1977.5293194506976, "time_over_lower_bound": 4.003946810355954, "penalized_time_over_lower_bound": 4.003946810355954, "errors": []}
{"seed": 618128, "strategy": "compact_clear_before_probe", "successful": true, "virtual_time_s": 7838.876918, "common_lower_bound_s": 1977.5293194506976, "time_over_lower_bound": 3.9639750677261367, "penalized_time_over_lower_bound": 3.9639750677261367, "errors": []}
{"seed": 618129, "strategy": "compact_baseline", "successful": true, "virtual_time_s": 7616.9018, "common_lower_bound_s": 2173.2732131899465, "time_over_lower_bound": 3.504806369384112, "penalized_time_over_lower_bound": 3.504806369384112, "errors": []}
{"seed": 618128, "strategy": "compact_joint_probe", "successful": true, "virtual_time_s": 7838.876918, "common_lower_bound_s": 1977.5293194506976, "time_over_lower_bound": 3.9639750677261367, "penalized_time_over_lower_bound": 3.9639750677261367, "errors": []}
{"seed": 618127, "strategy": "compact_joint_probe", "successful": true, "virtual_time_s": 6353.989735, "common_lower_bound_s": 1847.2380117428215, "time_over_lower_bound": 3.439724439735394, "penalized_time_over_lower_bound": 3.439724439735394, "errors": []}
{"seed": 618129, "strategy": "compact_combo", "successful": true, "virtual_time_s": 7329.9018, "common_lower_bound_s": 2173.2732131899465, "time_over_lower_bound": 3.3727475015629147, "penalized_time_over_lower_bound": 3.3727475015629147, "errors": []}
{"seed": 618129, "strategy": "compact_clear_before_probe", "successful": true, "virtual_time_s": 7323.757492, "common_lower_bound_s": 2173.2732131899465, "time_over_lower_bound": 3.3699202877718877, "penalized_time_over_lower_bound": 3.3699202877718877, "errors": []}
{"seed": 618130, "strategy": "compact_baseline", "successful": true, "virtual_time_s": 6863.343465, "common_lower_bound_s": 1922.9731128087728, "time_over_lower_bound": 3.5691312682864926, "penalized_time_over_lower_bound": 3.5691312682864926, "errors": []}
{"seed": 618130, "strategy": "compact_combo", "successful": true, "virtual_time_s": 6653.343465, "common_lower_bound_s": 1922.9731128087728, "time_over_lower_bound": 3.4599253732060014, "penalized_time_over_lower_bound": 3.4599253732060014, "errors": []}
{"seed": 618129, "strategy": "compact_joint_probe", "successful": true, "virtual_time_s": 7323.757492, "common_lower_bound_s": 2173.2732131899465, "time_over_lower_bound": 3.3699202877718877, "penalized_time_over_lower_bound": 3.3699202877718877, "errors": []}
{"seed": 618130, "strategy": "compact_clear_before_probe", "successful": true, "virtual_time_s": 6653.343465, "common_lower_bound_s": 1922.9731128087728, "time_over_lower_bound": 3.4599253732060014, "penalized_time_over_lower_bound": 3.4599253732060014, "errors": []}
{"seed": 618131, "strategy": "compact_baseline", "successful": true, "virtual_time_s": 6124.613127, "common_lower_bound_s": 1888.9549551832627, "time_over_lower_bound": 3.242328839125654, "penalized_time_over_lower_bound": 3.242328839125654, "errors": []}
{"seed": 618131, "strategy": "compact_combo", "successful": true, "virtual_time_s": 5920.613127, "common_lower_bound_s": 1888.9549551832627, "time_over_lower_bound": 3.134332616431075, "penalized_time_over_lower_bound": 3.134332616431075, "errors": []}
{"seed": 618130, "strategy": "compact_joint_probe", "successful": true, "virtual_time_s": 6653.343465, "common_lower_bound_s": 1922.9731128087728, "time_over_lower_bound": 3.4599253732060014, "penalized_time_over_lower_bound": 3.4599253732060014, "errors": []}
{"seed": 618131, "strategy": "compact_clear_before_probe", "successful": true, "virtual_time_s": 5920.613127, "common_lower_bound_s": 1888.9549551832627, "time_over_lower_bound": 3.134332616431075, "penalized_time_over_lower_bound": 3.134332616431075, "errors": []}
{"seed": 618131, "strategy": "compact_joint_probe", "successful": true, "virtual_time_s": 5920.613127, "common_lower_bound_s": 1888.9549551832627, "time_over_lower_bound": 3.134332616431075, "penalized_time_over_lower_bound": 3.134332616431075, "errors": []}
{"seed": 618132, "strategy": "compact_baseline", "successful": true, "virtual_time_s": 6667.998213, "common_lower_bound_s": 2052.38713502107, "time_over_lower_bound": 3.2488988550064875, "penalized_time_over_lower_bound": 3.2488988550064875, "errors": []}
{"seed": 618132, "strategy": "compact_clear_before_probe", "successful": true, "virtual_time_s": 6074.260846, "common_lower_bound_s": 2052.38713502107, "time_over_lower_bound": 2.9596077379122923, "penalized_time_over_lower_bound": 2.9596077379122923, "errors": []}
{"seed": 618132, "strategy": "compact_combo", "successful": true, "virtual_time_s": 6080.998213, "common_lower_bound_s": 2052.38713502107, "time_over_lower_bound": 2.962890435842442, "penalized_time_over_lower_bound": 2.962890435842442, "errors": []}
{"seed": 618133, "strategy": "compact_baseline", "successful": true, "virtual_time_s": 7233.22105, "common_lower_bound_s": 2271.4364164944095, "time_over_lower_bound": 3.18442594187307, "penalized_time_over_lower_bound": 3.18442594187307, "errors": []}
{"seed": 618133, "strategy": "compact_combo", "successful": true, "virtual_time_s": 6748.22105, "common_lower_bound_s": 2271.4364164944095, "time_over_lower_bound": 2.970904666754782, "penalized_time_over_lower_bound": 2.970904666754782, "errors": []}
{"seed": 618132, "strategy": "compact_joint_probe", "successful": true, "virtual_time_s": 6074.260846, "common_lower_bound_s": 2052.38713502107, "time_over_lower_bound": 2.9596077379122923, "penalized_time_over_lower_bound": 2.9596077379122923, "errors": []}
{"seed": 618133, "strategy": "compact_clear_before_probe", "successful": true, "virtual_time_s": 6711.416073, "common_lower_bound_s": 2271.4364164944095, "time_over_lower_bound": 2.954701273724392, "penalized_time_over_lower_bound": 2.954701273724392, "errors": []}
{"seed": 618134, "strategy": "compact_baseline", "successful": true, "virtual_time_s": 6546.691238, "common_lower_bound_s": 2138.8631140547423, "time_over_lower_bound": 3.0608275933980336, "penalized_time_over_lower_bound": 3.0608275933980336, "errors": []}
{"seed": 618134, "strategy": "compact_combo", "successful": true, "virtual_time_s": 6204.691238, "common_lower_bound_s": 2138.8631140547423, "time_over_lower_bound": 2.9009295626392277, "penalized_time_over_lower_bound": 2.9009295626392277, "errors": []}
{"seed": 618134, "strategy": "compact_clear_before_probe", "successful": true, "virtual_time_s": 6196.052757, "common_lower_bound_s": 2138.8631140547423, "time_over_lower_bound": 2.896890743631487, "penalized_time_over_lower_bound": 2.896890743631487, "errors": []}
{"seed": 618133, "strategy": "compact_joint_probe", "successful": true, "virtual_time_s": 6711.416073, "common_lower_bound_s": 2271.4364164944095, "time_over_lower_bound": 2.954701273724392, "penalized_time_over_lower_bound": 2.954701273724392, "errors": []}
{"seed": 618135, "strategy": "compact_baseline", "successful": true, "virtual_time_s": 7437.719709, "common_lower_bound_s": 2044.147933321238, "time_over_lower_bound": 3.6385427824274603, "penalized_time_over_lower_bound": 3.6385427824274603, "errors": []}
{"seed": 618135, "strategy": "compact_combo", "successful": true, "virtual_time_s": 6953.368348, "common_lower_bound_s": 2044.147933321238, "time_over_lower_bound": 3.4015974258293946, "penalized_time_over_lower_bound": 3.4015974258293946, "errors": []}
{"seed": 618134, "strategy": "compact_joint_probe", "successful": true, "virtual_time_s": 6196.052757, "common_lower_bound_s": 2138.8631140547423, "time_over_lower_bound": 2.896890743631487, "penalized_time_over_lower_bound": 2.896890743631487, "errors": []}
{"seed": 618135, "strategy": "compact_clear_before_probe", "successful": true, "virtual_time_s": 6938.186213, "common_lower_bound_s": 2044.147933321238, "time_over_lower_bound": 3.3941703043610705, "penalized_time_over_lower_bound": 3.3941703043610705, "errors": []}
{"seed": 618135, "strategy": "compact_joint_probe", "successful": true, "virtual_time_s": 6938.186213, "common_lower_bound_s": 2044.147933321238, "time_over_lower_bound": 3.3941703043610705, "penalized_time_over_lower_bound": 3.3941703043610705, "errors": []}
{"seed": 618136, "strategy": "compact_baseline", "successful": true, "virtual_time_s": 9433.580204, "common_lower_bound_s": 2191.000011768391, "time_over_lower_bound": 4.305604816672734, "penalized_time_over_lower_bound": 4.305604816672734, "errors": []}
{"seed": 618136, "strategy": "compact_combo", "successful": true, "virtual_time_s": 8685.724602, "common_lower_bound_s": 2191.000011768391, "time_over_lower_bound": 3.9642741010255014, "penalized_time_over_lower_bound": 3.9642741010255014, "errors": []}
{"seed": 618136, "strategy": "compact_clear_before_probe", "successful": true, "virtual_time_s": 8392.818654, "common_lower_bound_s": 2191.000011768391, "time_over_lower_bound": 3.8305881373437436, "penalized_time_over_lower_bound": 3.8305881373437436, "errors": []}
{"seed": 618136, "strategy": "compact_joint_probe", "successful": true, "virtual_time_s": 7244.458305, "common_lower_bound_s": 2191.000011768391, "time_over_lower_bound": 3.3064620109941867, "penalized_time_over_lower_bound": 3.3064620109941867, "errors": []}
{"seed": 618137, "strategy": "compact_baseline", "successful": true, "virtual_time_s": 7032.937161, "common_lower_bound_s": 1963.8073866498999, "time_over_lower_bound": 3.581276457564219, "penalized_time_over_lower_bound": 3.581276457564219, "errors": []}
{"seed": 618137, "strategy": "compact_combo", "successful": true, "virtual_time_s": 5756.084211, "common_lower_bound_s": 1963.8073866498999, "time_over_lower_bound": 2.931083898619724, "penalized_time_over_lower_bound": 2.931083898619724, "errors": []}
{"seed": 618138, "strategy": "compact_baseline", "successful": true, "virtual_time_s": 6104.703755, "common_lower_bound_s": 1828.7554170286573, "time_over_lower_bound": 3.3381739833306185, "penalized_time_over_lower_bound": 3.3381739833306185, "errors": []}
{"seed": 618138, "strategy": "compact_combo", "successful": true, "virtual_time_s": 6026.703755, "common_lower_bound_s": 1828.7554170286573, "time_over_lower_bound": 3.2955220249146957, "penalized_time_over_lower_bound": 3.2955220249146957, "errors": []}
{"seed": 618138, "strategy": "compact_clear_before_probe", "successful": true, "virtual_time_s": 6026.703755, "common_lower_bound_s": 1828.7554170286573, "time_over_lower_bound": 3.2955220249146957, "penalized_time_over_lower_bound": 3.2955220249146957, "errors": []}
{"seed": 618138, "strategy": "compact_joint_probe", "successful": true, "virtual_time_s": 6026.703755, "common_lower_bound_s": 1828.7554170286573, "time_over_lower_bound": 3.2955220249146957, "penalized_time_over_lower_bound": 3.2955220249146957, "errors": []}
{"seed": 618137, "strategy": "compact_clear_before_probe", "successful": true, "virtual_time_s": 5734.199088, "common_lower_bound_s": 1963.8073866498999, "time_over_lower_bound": 2.919939667699331, "penalized_time_over_lower_bound": 2.919939667699331, "errors": []}
{"seed": 618139, "strategy": "compact_baseline", "successful": true, "virtual_time_s": 6194.684205, "common_lower_bound_s": 1958.4314812322514, "time_over_lower_bound": 3.163084470589844, "penalized_time_over_lower_bound": 3.163084470589844, "errors": []}
{"seed": 618139, "strategy": "compact_combo", "successful": true, "virtual_time_s": 6026.684205, "common_lower_bound_s": 1958.4314812322514, "time_over_lower_bound": 3.0773015358229387, "penalized_time_over_lower_bound": 3.0773015358229387, "errors": []}
{"seed": 618139, "strategy": "compact_clear_before_probe", "successful": true, "virtual_time_s": 6026.684205, "common_lower_bound_s": 1958.4314812322514, "time_over_lower_bound": 3.0773015358229387, "penalized_time_over_lower_bound": 3.0773015358229387, "errors": []}
{"seed": 618137, "strategy": "compact_joint_probe", "successful": true, "virtual_time_s": 5866.899103, "common_lower_bound_s": 1963.8073866498999, "time_over_lower_bound": 2.9875124937830413, "penalized_time_over_lower_bound": 2.9875124937830413, "errors": []}
{"seed": 618139, "strategy": "compact_joint_probe", "successful": true, "virtual_time_s": 6026.684205, "common_lower_bound_s": 1958.4314812322514, "time_over_lower_bound": 3.0773015358229387, "penalized_time_over_lower_bound": 3.0773015358229387, "errors": []}
{"seed": 618140, "strategy": "compact_baseline", "successful": true, "virtual_time_s": 8771.178665, "common_lower_bound_s": 1685.5156147090281, "time_over_lower_bound": 5.203854884793918, "penalized_time_over_lower_bound": 5.203854884793918, "errors": []}
{"seed": 618140, "strategy": "compact_combo", "successful": true, "virtual_time_s": 7574.834368, "common_lower_bound_s": 1685.5156147090281, "time_over_lower_bound": 4.494075463850063, "penalized_time_over_lower_bound": 4.494075463850063, "errors": []}
{"seed": 618140, "strategy": "compact_clear_before_probe", "successful": true, "virtual_time_s": 7555.917457, "common_lower_bound_s": 1685.5156147090281, "time_over_lower_bound": 4.482852244774002, "penalized_time_over_lower_bound": 4.482852244774002, "errors": []}
{"seed": 618141, "strategy": "compact_baseline", "successful": true, "virtual_time_s": 6525.319568, "common_lower_bound_s": 2009.3522553983844, "time_over_lower_bound": 3.24747418003433, "penalized_time_over_lower_bound": 3.24747418003433, "errors": []}
{"seed": 618141, "strategy": "compact_combo", "successful": true, "virtual_time_s": 6057.495952, "common_lower_bound_s": 2009.3522553983844, "time_over_lower_bound": 3.0146510825693977, "penalized_time_over_lower_bound": 3.0146510825693977, "errors": []}
{"seed": 618141, "strategy": "compact_clear_before_probe", "successful": true, "virtual_time_s": 6057.495952, "common_lower_bound_s": 2009.3522553983844, "time_over_lower_bound": 3.0146510825693977, "penalized_time_over_lower_bound": 3.0146510825693977, "errors": []}
{"seed": 618141, "strategy": "compact_joint_probe", "successful": true, "virtual_time_s": 6057.495952, "common_lower_bound_s": 2009.3522553983844, "time_over_lower_bound": 3.0146510825693977, "penalized_time_over_lower_bound": 3.0146510825693977, "errors": []}
{"seed": 618140, "strategy": "compact_joint_probe", "successful": true, "virtual_time_s": 7339.320079, "common_lower_bound_s": 1685.5156147090281, "time_over_lower_bound": 4.354347129716145, "penalized_time_over_lower_bound": 4.354347129716145, "errors": []}
{"seed": 618142, "strategy": "compact_baseline", "successful": true, "virtual_time_s": 7804.876107, "common_lower_bound_s": 2182.7175943248662, "time_over_lower_bound": 3.575760843864053, "penalized_time_over_lower_bound": 3.575760843864053, "errors": []}
{"seed": 618142, "strategy": "compact_combo", "successful": true, "virtual_time_s": 8061.774411, "common_lower_bound_s": 2182.7175943248662, "time_over_lower_bound": 3.693457381734066, "penalized_time_over_lower_bound": 3.693457381734066, "errors": []}
{"seed": 618143, "strategy": "compact_baseline", "successful": true, "virtual_time_s": 6340.649203, "common_lower_bound_s": 2294.0706929766384, "time_over_lower_bound": 2.763929299307155, "penalized_time_over_lower_bound": 2.763929299307155, "errors": []}
{"seed": 618142, "strategy": "compact_clear_before_probe", "successful": true, "virtual_time_s": 8058.519671, "common_lower_bound_s": 2182.7175943248662, "time_over_lower_bound": 3.6919662405949363, "penalized_time_over_lower_bound": 3.6919662405949363, "errors": []}
{"seed": 618143, "strategy": "compact_combo", "successful": true, "virtual_time_s": 5956.649203, "common_lower_bound_s": 2294.0706929766384, "time_over_lower_bound": 2.596541257964041, "penalized_time_over_lower_bound": 2.596541257964041, "errors": []}
{"seed": 618143, "strategy": "compact_clear_before_probe", "successful": true, "virtual_time_s": 5956.649203, "common_lower_bound_s": 2294.0706929766384, "time_over_lower_bound": 2.596541257964041, "penalized_time_over_lower_bound": 2.596541257964041, "errors": []}
{"seed": 618143, "strategy": "compact_joint_probe", "successful": true, "virtual_time_s": 5956.649203, "common_lower_bound_s": 2294.0706929766384, "time_over_lower_bound": 2.596541257964041, "penalized_time_over_lower_bound": 2.596541257964041, "errors": []}
{"seed": 618144, "strategy": "compact_baseline", "successful": true, "virtual_time_s": 6525.916622, "common_lower_bound_s": 2169.871866714339, "time_over_lower_bound": 3.007512435230411, "penalized_time_over_lower_bound": 3.007512435230411, "errors": []}
{"seed": 618144, "strategy": "compact_combo", "successful": true, "virtual_time_s": 6166.916622, "common_lower_bound_s": 2169.871866714339, "time_over_lower_bound": 2.842064877931277, "penalized_time_over_lower_bound": 2.842064877931277, "errors": []}
{"seed": 618142, "strategy": "compact_joint_probe", "successful": true, "virtual_time_s": 6536.145922, "common_lower_bound_s": 2182.7175943248662, "time_over_lower_bound": 2.9944991230171887, "penalized_time_over_lower_bound": 2.9944991230171887, "errors": []}
{"seed": 618145, "strategy": "compact_baseline", "successful": true, "virtual_time_s": 6927.632922, "common_lower_bound_s": 2028.2429933838207, "time_over_lower_bound": 3.4155833125508686, "penalized_time_over_lower_bound": 3.4155833125508686, "errors": []}
{"seed": 618144, "strategy": "compact_clear_before_probe", "successful": true, "virtual_time_s": 6158.926494, "common_lower_bound_s": 2169.871866714339, "time_over_lower_bound": 2.8383825738641257, "penalized_time_over_lower_bound": 2.8383825738641257, "errors": []}
{"seed": 618145, "strategy": "compact_combo", "successful": true, "virtual_time_s": 6742.632922, "common_lower_bound_s": 2028.2429933838207, "time_over_lower_bound": 3.3243713618114974, "penalized_time_over_lower_bound": 3.3243713618114974, "errors": []}
{"seed": 618145, "strategy": "compact_clear_before_probe", "successful": true, "virtual_time_s": 6734.911833, "common_lower_bound_s": 2028.2429933838207, "time_over_lower_bound": 3.320564574841107, "penalized_time_over_lower_bound": 3.320564574841107, "errors": []}
{"seed": 618144, "strategy": "compact_joint_probe", "successful": true, "virtual_time_s": 6158.926494, "common_lower_bound_s": 2169.871866714339, "time_over_lower_bound": 2.8383825738641257, "penalized_time_over_lower_bound": 2.8383825738641257, "errors": []}
{"seed": 618145, "strategy": "compact_joint_probe", "successful": true, "virtual_time_s": 6734.911833, "common_lower_bound_s": 2028.2429933838207, "time_over_lower_bound": 3.320564574841107, "penalized_time_over_lower_bound": 3.320564574841107, "errors": []}
{"seed": 618146, "strategy": "compact_baseline", "successful": true, "virtual_time_s": 6840.475689, "common_lower_bound_s": 1968.055181675983, "time_over_lower_bound": 3.4757540096892483, "penalized_time_over_lower_bound": 3.4757540096892483, "errors": []}
{"seed": 618146, "strategy": "compact_combo", "successful": true, "virtual_time_s": 4798.317091, "common_lower_bound_s": 1968.055181675983, "time_over_lower_bound": 2.4381008905013446, "penalized_time_over_lower_bound": 2.4381008905013446, "errors": []}
{"seed": 618146, "strategy": "compact_clear_before_probe", "successful": true, "virtual_time_s": 4705.168174, "common_lower_bound_s": 1968.055181675983, "time_over_lower_bound": 2.3907704508534713, "penalized_time_over_lower_bound": 2.3907704508534713, "errors": []}
{"seed": 618147, "strategy": "compact_baseline", "successful": true, "virtual_time_s": 7367.094573, "common_lower_bound_s": 2144.9624317068874, "time_over_lower_bound": 3.4346030793357625, "penalized_time_over_lower_bound": 3.4346030793357625, "errors": []}
{"seed": 618147, "strategy": "compact_combo", "successful": true, "virtual_time_s": 7085.094573, "common_lower_bound_s": 2144.9624317068874, "time_over_lower_bound": 3.30313224524027, "penalized_time_over_lower_bound": 3.30313224524027, "errors": []}
{"seed": 618147, "strategy": "compact_clear_before_probe", "successful": true, "virtual_time_s": 7020.966906, "common_lower_bound_s": 2144.9624317068874, "time_over_lower_bound": 3.2732353733640713, "penalized_time_over_lower_bound": 3.2732353733640713, "errors": []}
{"seed": 618148, "strategy": "compact_baseline", "successful": true, "virtual_time_s": 7712.367251, "common_lower_bound_s": 2114.4270232181493, "time_over_lower_bound": 3.6474974857547027, "penalized_time_over_lower_bound": 3.6474974857547027, "errors": []}
{"seed": 618147, "strategy": "compact_joint_probe", "successful": true, "virtual_time_s": 7020.966906, "common_lower_bound_s": 2144.9624317068874, "time_over_lower_bound": 3.2732353733640713, "penalized_time_over_lower_bound": 3.2732353733640713, "errors": []}
{"seed": 618148, "strategy": "compact_combo", "successful": true, "virtual_time_s": 7194.873425, "common_lower_bound_s": 2114.4270232181493, "time_over_lower_bound": 3.402753249932188, "penalized_time_over_lower_bound": 3.402753249932188, "errors": []}
{"seed": 618148, "strategy": "compact_clear_before_probe", "successful": true, "virtual_time_s": 7086.954809, "common_lower_bound_s": 2114.4270232181493, "time_over_lower_bound": 3.351714072502575, "penalized_time_over_lower_bound": 3.351714072502575, "errors": []}
{"seed": 618149, "strategy": "compact_baseline", "successful": true, "virtual_time_s": 6943.533337, "common_lower_bound_s": 1848.2899720299029, "time_over_lower_bound": 3.7567337604359747, "penalized_time_over_lower_bound": 3.7567337604359747, "errors": []}
{"seed": 618148, "strategy": "compact_joint_probe", "successful": true, "virtual_time_s": 7086.954809, "common_lower_bound_s": 2114.4270232181493, "time_over_lower_bound": 3.351714072502575, "penalized_time_over_lower_bound": 3.351714072502575, "errors": []}
{"seed": 618149, "strategy": "compact_combo", "successful": true, "virtual_time_s": 6644.533337, "common_lower_bound_s": 1848.2899720299029, "time_over_lower_bound": 3.594962607356775, "penalized_time_over_lower_bound": 3.594962607356775, "errors": []}
{"seed": 618149, "strategy": "compact_clear_before_probe", "successful": true, "virtual_time_s": 6580.787502, "common_lower_bound_s": 1848.2899720299029, "time_over_lower_bound": 3.5604735196245128, "penalized_time_over_lower_bound": 3.5604735196245128, "errors": []}
{"seed": 618149, "strategy": "compact_joint_probe", "successful": true, "virtual_time_s": 6580.787502, "common_lower_bound_s": 1848.2899720299029, "time_over_lower_bound": 3.5604735196245128, "penalized_time_over_lower_bound": 3.5604735196245128, "errors": []}
{"seed": 618146, "strategy": "compact_joint_probe", "successful": true, "virtual_time_s": 4585.926903, "common_lower_bound_s": 1968.055181675983, "time_over_lower_bound": 2.330182072991802, "penalized_time_over_lower_bound": 2.330182072991802, "errors": []}
{"seed": 618150, "strategy": "compact_baseline", "successful": true, "virtual_time_s": 8120.940791, "common_lower_bound_s": 1945.7959704045813, "time_over_lower_bound": 4.173582901043549, "penalized_time_over_lower_bound": 4.173582901043549, "errors": []}
{"seed": 618150, "strategy": "compact_combo", "successful": true, "virtual_time_s": 7737.940791, "common_lower_bound_s": 1945.7959704045813, "time_over_lower_bound": 3.976748286404911, "penalized_time_over_lower_bound": 3.976748286404911, "errors": []}
{"seed": 618150, "strategy": "compact_clear_before_probe", "successful": true, "virtual_time_s": 7692.836328, "common_lower_bound_s": 1945.7959704045813, "time_over_lower_bound": 3.953567817493455, "penalized_time_over_lower_bound": 3.953567817493455, "errors": []}
{"seed": 618150, "strategy": "compact_joint_probe", "successful": true, "virtual_time_s": 7452.687182, "common_lower_bound_s": 1945.7959704045813, "time_over_lower_bound": 3.8301483276534865, "penalized_time_over_lower_bound": 3.8301483276534865, "errors": []}
{"seed": 618151, "strategy": "compact_combo", "successful": true, "virtual_time_s": 7059.688812, "common_lower_bound_s": 1949.3523240450486, "time_over_lower_bound": 3.6215561060561026, "penalized_time_over_lower_bound": 3.6215561060561026, "errors": []}
{"seed": 618151, "strategy": "compact_baseline", "successful": true, "virtual_time_s": 7318.937606, "common_lower_bound_s": 1949.3523240450486, "time_over_lower_bound": 3.7545483777979496, "penalized_time_over_lower_bound": 3.7545483777979496, "errors": []}
{"seed": 618151, "strategy": "compact_clear_before_probe", "successful": true, "virtual_time_s": 6681.91284, "common_lower_bound_s": 1949.3523240450486, "time_over_lower_bound": 3.4277604707878266, "penalized_time_over_lower_bound": 3.4277604707878266, "errors": []}
{"seed": 618152, "strategy": "compact_baseline", "successful": true, "virtual_time_s": 8204.329457, "common_lower_bound_s": 2062.0411308781813, "time_over_lower_bound": 3.978741904874586, "penalized_time_over_lower_bound": 3.978741904874586, "errors": []}
{"seed": 618151, "strategy": "compact_joint_probe", "successful": true, "virtual_time_s": 6681.91284, "common_lower_bound_s": 1949.3523240450486, "time_over_lower_bound": 3.4277604707878266, "penalized_time_over_lower_bound": 3.4277604707878266, "errors": []}
{"seed": 618152, "strategy": "compact_combo", "successful": true, "virtual_time_s": 7877.329457, "common_lower_bound_s": 2062.0411308781813, "time_over_lower_bound": 3.82016116897009, "penalized_time_over_lower_bound": 3.82016116897009, "errors": []}
{"seed": 618152, "strategy": "compact_clear_before_probe", "successful": true, "virtual_time_s": 7838.150498, "common_lower_bound_s": 2062.0411308781813, "time_over_lower_bound": 3.8011610828838758, "penalized_time_over_lower_bound": 3.8011610828838758, "errors": []}
{"seed": 618153, "strategy": "compact_baseline", "successful": true, "virtual_time_s": 7388.569816, "common_lower_bound_s": 1955.302838770255, "time_over_lower_bound": 3.778734255122792, "penalized_time_over_lower_bound": 3.778734255122792, "errors": []}
{"seed": 618153, "strategy": "compact_combo", "successful": true, "virtual_time_s": 6680.598643, "common_lower_bound_s": 1955.302838770255, "time_over_lower_bound": 3.4166567503178262, "penalized_time_over_lower_bound": 3.4166567503178262, "errors": []}
{"seed": 618152, "strategy": "compact_joint_probe", "successful": true, "virtual_time_s": 7838.150498, "common_lower_bound_s": 2062.0411308781813, "time_over_lower_bound": 3.8011610828838758, "penalized_time_over_lower_bound": 3.8011610828838758, "errors": []}
{"seed": 618154, "strategy": "compact_baseline", "successful": true, "virtual_time_s": 7359.44965, "common_lower_bound_s": 2296.7098492708674, "time_over_lower_bound": 3.204344533261958, "penalized_time_over_lower_bound": 3.204344533261958, "errors": []}
{"seed": 618153, "strategy": "compact_clear_before_probe", "successful": true, "virtual_time_s": 6550.550051, "common_lower_bound_s": 1955.302838770255, "time_over_lower_bound": 3.350146034217301, "penalized_time_over_lower_bound": 3.350146034217301, "errors": []}
{"seed": 618154, "strategy": "compact_combo", "successful": true, "virtual_time_s": 6999.44965, "common_lower_bound_s": 2296.7098492708674, "time_over_lower_bound": 3.047598568979927, "penalized_time_over_lower_bound": 3.047598568979927, "errors": []}
{"seed": 618154, "strategy": "compact_clear_before_probe", "successful": true, "virtual_time_s": 6928.941933, "common_lower_bound_s": 2296.7098492708674, "time_over_lower_bound": 3.016899124284123, "penalized_time_over_lower_bound": 3.016899124284123, "errors": []}
{"seed": 618155, "strategy": "compact_baseline", "successful": true, "virtual_time_s": 7320.549201, "common_lower_bound_s": 2190.485038961697, "time_over_lower_bound": 3.3419763526300934, "penalized_time_over_lower_bound": 3.3419763526300934, "errors": []}
{"seed": 618153, "strategy": "compact_joint_probe", "successful": true, "virtual_time_s": 6580.206341, "common_lower_bound_s": 1955.302838770255, "time_over_lower_bound": 3.3653131425608103, "penalized_time_over_lower_bound": 3.3653131425608103, "errors": []}
{"seed": 618154, "strategy": "compact_joint_probe", "successful": true, "virtual_time_s": 6928.941933, "common_lower_bound_s": 2296.7098492708674, "time_over_lower_bound": 3.016899124284123, "penalized_time_over_lower_bound": 3.016899124284123, "errors": []}
{"seed": 618155, "strategy": "compact_combo", "successful": true, "virtual_time_s": 6870.549201, "common_lower_bound_s": 2190.485038961697, "time_over_lower_bound": 3.1365423998771895, "penalized_time_over_lower_bound": 3.1365423998771895, "errors": []}
{"seed": 618155, "strategy": "compact_clear_before_probe", "successful": true, "virtual_time_s": 6854.059845, "common_lower_bound_s": 2190.485038961697, "time_over_lower_bound": 3.129014680807346, "penalized_time_over_lower_bound": 3.129014680807346, "errors": []}
{"seed": 618156, "strategy": "compact_baseline", "successful": true, "virtual_time_s": 7760.688965, "common_lower_bound_s": 2195.4426444374944, "time_over_lower_bound": 3.5349085455103775, "penalized_time_over_lower_bound": 3.5349085455103775, "errors": []}
{"seed": 618156, "strategy": "compact_combo", "successful": true, "virtual_time_s": 7358.688965, "common_lower_bound_s": 2195.4426444374944, "time_over_lower_bound": 3.3518019628726887, "penalized_time_over_lower_bound": 3.3518019628726887, "errors": []}
{"seed": 618156, "strategy": "compact_clear_before_probe", "successful": true, "virtual_time_s": 7353.604217, "common_lower_bound_s": 2195.4426444374944, "time_over_lower_bound": 3.3494859160322563, "penalized_time_over_lower_bound": 3.3494859160322563, "errors": []}
{"seed": 618155, "strategy": "compact_joint_probe", "successful": true, "virtual_time_s": 6854.059845, "common_lower_bound_s": 2190.485038961697, "time_over_lower_bound": 3.129014680807346, "penalized_time_over_lower_bound": 3.129014680807346, "errors": []}
{"seed": 618156, "strategy": "compact_joint_probe", "successful": true, "virtual_time_s": 7353.604217, "common_lower_bound_s": 2195.4426444374944, "time_over_lower_bound": 3.3494859160322563, "penalized_time_over_lower_bound": 3.3494859160322563, "errors": []}
{"seed": 618157, "strategy": "compact_baseline", "successful": true, "virtual_time_s": 7602.85825, "common_lower_bound_s": 2191.782953087107, "time_over_lower_bound": 3.4688007036880366, "penalized_time_over_lower_bound": 3.4688007036880366, "errors": []}
{"seed": 618157, "strategy": "compact_combo", "successful": true, "virtual_time_s": 7333.85825, "common_lower_bound_s": 2191.782953087107, "time_over_lower_bound": 3.3460695730251597, "penalized_time_over_lower_bound": 3.3460695730251597, "errors": []}
{"seed": 618157, "strategy": "compact_clear_before_probe", "successful": true, "virtual_time_s": 7292.604084, "common_lower_bound_s": 2191.782953087107, "time_over_lower_bound": 3.327247378089345, "penalized_time_over_lower_bound": 3.327247378089345, "errors": []}
{"seed": 618158, "strategy": "compact_baseline", "successful": true, "virtual_time_s": 7536.91541, "common_lower_bound_s": 2180.977919800934, "time_over_lower_bound": 3.455750441842126, "penalized_time_over_lower_bound": 3.455750441842126, "errors": []}
{"seed": 618158, "strategy": "compact_combo", "successful": true, "virtual_time_s": 7081.91541, "common_lower_bound_s": 2180.977919800934, "time_over_lower_bound": 3.247128430647474, "penalized_time_over_lower_bound": 3.247128430647474, "errors": []}
{"seed": 618157, "strategy": "compact_joint_probe", "successful": true, "virtual_time_s": 7292.604084, "common_lower_bound_s": 2191.782953087107, "time_over_lower_bound": 3.327247378089345, "penalized_time_over_lower_bound": 3.327247378089345, "errors": []}
{"seed": 618158, "strategy": "compact_clear_before_probe", "successful": true, "virtual_time_s": 6982.591137, "common_lower_bound_s": 2180.977919800934, "time_over_lower_bound": 3.201587266705262, "penalized_time_over_lower_bound": 3.201587266705262, "errors": []}
{"seed": 618159, "strategy": "compact_baseline", "successful": true, "virtual_time_s": 6385.937544, "common_lower_bound_s": 2202.7861695981583, "time_over_lower_bound": 2.8990274372228106, "penalized_time_over_lower_bound": 2.8990274372228106, "errors": []}
{"seed": 618159, "strategy": "compact_combo", "successful": true, "virtual_time_s": 6085.937544, "common_lower_bound_s": 2202.7861695981583, "time_over_lower_bound": 2.762836278888669, "penalized_time_over_lower_bound": 2.762836278888669, "errors": []}
{"seed": 618159, "strategy": "compact_clear_before_probe", "successful": true, "virtual_time_s": 6052.954955, "common_lower_bound_s": 2202.7861695981583, "time_over_lower_bound": 2.7478631555527726, "penalized_time_over_lower_bound": 2.7478631555527726, "errors": []}
{"seed": 618158, "strategy": "compact_joint_probe", "successful": true, "virtual_time_s": 6982.591137, "common_lower_bound_s": 2180.977919800934, "time_over_lower_bound": 3.201587266705262, "penalized_time_over_lower_bound": 3.201587266705262, "errors": []}
{"seed": 618159, "strategy": "compact_joint_probe", "successful": true, "virtual_time_s": 6052.954955, "common_lower_bound_s": 2202.7861695981583, "time_over_lower_bound": 2.7478631555527726, "penalized_time_over_lower_bound": 2.7478631555527726, "errors": []}
{"seed": 618160, "strategy": "compact_baseline", "successful": true, "virtual_time_s": 8126.385252, "common_lower_bound_s": 2341.3401536083616, "time_over_lower_bound": 3.4708264151520245, "penalized_time_over_lower_bound": 3.4708264151520245, "errors": []}
{"seed": 618160, "strategy": "compact_combo", "successful": true, "virtual_time_s": 7773.385252, "common_lower_bound_s": 2341.3401536083616, "time_over_lower_bound": 3.3200580616276665, "penalized_time_over_lower_bound": 3.3200580616276665, "errors": []}
{"seed": 618160, "strategy": "compact_clear_before_probe", "successful": true, "virtual_time_s": 7760.211936, "common_lower_bound_s": 2341.3401536083616, "time_over_lower_bound": 3.314431661730284, "penalized_time_over_lower_bound": 3.314431661730284, "errors": []}
{"seed": 618161, "strategy": "compact_baseline", "successful": true, "virtual_time_s": 6421.102125, "common_lower_bound_s": 2112.3536430974523, "time_over_lower_bound": 3.039785570935182, "penalized_time_over_lower_bound": 3.039785570935182, "errors": []}
{"seed": 618160, "strategy": "compact_joint_probe", "successful": true, "virtual_time_s": 7607.41627, "common_lower_bound_s": 2341.3401536083616, "time_over_lower_bound": 3.249171743915899, "penalized_time_over_lower_bound": 3.249171743915899, "errors": []}
{"seed": 618161, "strategy": "compact_combo", "successful": true, "virtual_time_s": 6128.102125, "common_lower_bound_s": 2112.3536430974523, "time_over_lower_bound": 2.9010777362137388, "penalized_time_over_lower_bound": 2.9010777362137388, "errors": []}
{"seed": 618162, "strategy": "compact_baseline", "successful": true, "virtual_time_s": 7307.36421, "common_lower_bound_s": 2073.9328766665985, "time_over_lower_bound": 3.523433324295923, "penalized_time_over_lower_bound": 3.523433324295923, "errors": []}
{"seed": 618161, "strategy": "compact_clear_before_probe", "successful": true, "virtual_time_s": 6083.169599, "common_lower_bound_s": 2112.3536430974523, "time_over_lower_bound": 2.8798064277153594, "penalized_time_over_lower_bound": 2.8798064277153594, "errors": []}
{"seed": 618161, "strategy": "compact_joint_probe", "successful": true, "virtual_time_s": 6083.169599, "common_lower_bound_s": 2112.3536430974523, "time_over_lower_bound": 2.8798064277153594, "penalized_time_over_lower_bound": 2.8798064277153594, "errors": []}
{"seed": 618162, "strategy": "compact_combo", "successful": true, "virtual_time_s": 7103.36421, "common_lower_bound_s": 2073.9328766665985, "time_over_lower_bound": 3.4250694850920786, "penalized_time_over_lower_bound": 3.4250694850920786, "errors": []}
{"seed": 618162, "strategy": "compact_clear_before_probe", "successful": true, "virtual_time_s": 7103.36421, "common_lower_bound_s": 2073.9328766665985, "time_over_lower_bound": 3.4250694850920786, "penalized_time_over_lower_bound": 3.4250694850920786, "errors": []}
{"seed": 618162, "strategy": "compact_joint_probe", "successful": true, "virtual_time_s": 6737.951091, "common_lower_bound_s": 2073.9328766665985, "time_over_lower_bound": 3.2488761650906506, "penalized_time_over_lower_bound": 3.2488761650906506, "errors": []}
{"seed": 618163, "strategy": "compact_baseline", "successful": true, "virtual_time_s": 8047.048465, "common_lower_bound_s": 2147.8651002572565, "time_over_lower_bound": 3.7465334596833757, "penalized_time_over_lower_bound": 3.7465334596833757, "errors": []}
{"seed": 618163, "strategy": "compact_combo", "successful": true, "virtual_time_s": 7395.393787, "common_lower_bound_s": 2147.8651002572565, "time_over_lower_bound": 3.4431369950162285, "penalized_time_over_lower_bound": 3.4431369950162285, "errors": []}
{"seed": 618163, "strategy": "compact_clear_before_probe", "successful": true, "virtual_time_s": 7343.677546, "common_lower_bound_s": 2147.8651002572565, "time_over_lower_bound": 3.419059020569041, "penalized_time_over_lower_bound": 3.419059020569041, "errors": []}
{"seed": 618164, "strategy": "compact_baseline", "successful": true, "virtual_time_s": 7012.903515, "common_lower_bound_s": 1726.9950414455293, "time_over_lower_bound": 4.060754864200455, "penalized_time_over_lower_bound": 4.060754864200455, "errors": []}
{"seed": 618164, "strategy": "compact_combo", "successful": true, "virtual_time_s": 6820.903515, "common_lower_bound_s": 1726.9950414455293, "time_over_lower_bound": 3.9495790962380344, "penalized_time_over_lower_bound": 3.9495790962380344, "errors": []}
{"seed": 618164, "strategy": "compact_clear_before_probe", "successful": true, "virtual_time_s": 6812.609454, "common_lower_bound_s": 1726.9950414455293, "time_over_lower_bound": 3.9447764993567733, "penalized_time_over_lower_bound": 3.9447764993567733, "errors": []}
{"seed": 618164, "strategy": "compact_joint_probe", "successful": true, "virtual_time_s": 6812.609454, "common_lower_bound_s": 1726.9950414455293, "time_over_lower_bound": 3.9447764993567733, "penalized_time_over_lower_bound": 3.9447764993567733, "errors": []}
{"seed": 618163, "strategy": "compact_joint_probe", "successful": true, "virtual_time_s": 7342.833737, "common_lower_bound_s": 2147.8651002572565, "time_over_lower_bound": 3.4186661611665117, "penalized_time_over_lower_bound": 3.4186661611665117, "errors": []}
{"seed": 618165, "strategy": "compact_baseline", "successful": true, "virtual_time_s": 6579.705822, "common_lower_bound_s": 2119.8748933294105, "time_over_lower_bound": 3.1038179860067667, "penalized_time_over_lower_bound": 3.1038179860067667, "errors": []}
{"seed": 618165, "strategy": "compact_combo", "successful": true, "virtual_time_s": 6381.705822, "common_lower_bound_s": 2119.8748933294105, "time_over_lower_bound": 3.0104162477140752, "penalized_time_over_lower_bound": 3.0104162477140752, "errors": []}
{"seed": 618166, "strategy": "compact_baseline", "successful": true, "virtual_time_s": 6231.404541, "common_lower_bound_s": 1763.9635927124273, "time_over_lower_bound": 3.53261516663053, "penalized_time_over_lower_bound": 3.53261516663053, "errors": []}
{"seed": 618165, "strategy": "compact_clear_before_probe", "successful": true, "virtual_time_s": 6381.705822, "common_lower_bound_s": 2119.8748933294105, "time_over_lower_bound": 3.0104162477140752, "penalized_time_over_lower_bound": 3.0104162477140752, "errors": []}
{"seed": 618166, "strategy": "compact_clear_before_probe", "successful": true, "virtual_time_s": 6084.287037, "common_lower_bound_s": 1763.9635927124273, "time_over_lower_bound": 3.4492134997209662, "penalized_time_over_lower_bound": 3.4492134997209662, "errors": []}
{"seed": 618166, "strategy": "compact_combo", "successful": true, "virtual_time_s": 6129.404541, "common_lower_bound_s": 1763.9635927124273, "time_over_lower_bound": 3.4747908439396316, "penalized_time_over_lower_bound": 3.4747908439396316, "errors": []}
{"seed": 618165, "strategy": "compact_joint_probe", "successful": true, "virtual_time_s": 6381.705822, "common_lower_bound_s": 2119.8748933294105, "time_over_lower_bound": 3.0104162477140752, "penalized_time_over_lower_bound": 3.0104162477140752, "errors": []}
{"seed": 618166, "strategy": "compact_joint_probe", "successful": true, "virtual_time_s": 6084.287037, "common_lower_bound_s": 1763.9635927124273, "time_over_lower_bound": 3.4492134997209662, "penalized_time_over_lower_bound": 3.4492134997209662, "errors": []}
{"seed": 618167, "strategy": "compact_baseline", "successful": true, "virtual_time_s": 7838.665808, "common_lower_bound_s": 2319.8042086032656, "time_over_lower_bound": 3.379020427210792, "penalized_time_over_lower_bound": 3.379020427210792, "errors": []}
{"seed": 618167, "strategy": "compact_combo", "successful": true, "virtual_time_s": 7598.665808, "common_lower_bound_s": 2319.8042086032656, "time_over_lower_bound": 3.2755634203177397, "penalized_time_over_lower_bound": 3.2755634203177397, "errors": []}
{"seed": 618168, "strategy": "compact_baseline", "successful": true, "virtual_time_s": 6310.267143, "common_lower_bound_s": 2440.0501610081315, "time_over_lower_bound": 2.5861218936551897, "penalized_time_over_lower_bound": 2.5861218936551897, "errors": []}
{"seed": 618167, "strategy": "compact_clear_before_probe", "successful": true, "virtual_time_s": 7496.49978, "common_lower_bound_s": 2319.8042086032656, "time_over_lower_bound": 3.2315226225551075, "penalized_time_over_lower_bound": 3.2315226225551075, "errors": []}
{"seed": 618168, "strategy": "compact_combo", "successful": true, "virtual_time_s": 5957.267143, "common_lower_bound_s": 2440.0501610081315, "time_over_lower_bound": 2.441452736585831, "penalized_time_over_lower_bound": 2.441452736585831, "errors": []}
{"seed": 618168, "strategy": "compact_clear_before_probe", "successful": true, "virtual_time_s": 5949.053143, "common_lower_bound_s": 2440.0501610081315, "time_over_lower_bound": 2.4380864123473955, "penalized_time_over_lower_bound": 2.4380864123473955, "errors": []}
{"seed": 618169, "strategy": "compact_baseline", "successful": true, "virtual_time_s": 7522.523042, "common_lower_bound_s": 2320.812625061122, "time_over_lower_bound": 3.241331489138156, "penalized_time_over_lower_bound": 3.241331489138156, "errors": []}
{"seed": 618168, "strategy": "compact_joint_probe", "successful": true, "virtual_time_s": 5949.053143, "common_lower_bound_s": 2440.0501610081315, "time_over_lower_bound": 2.4380864123473955, "penalized_time_over_lower_bound": 2.4380864123473955, "errors": []}
{"seed": 618167, "strategy": "compact_joint_probe", "successful": true, "virtual_time_s": 7534.646405, "common_lower_bound_s": 2319.8042086032656, "time_over_lower_bound": 3.2479665210783226, "penalized_time_over_lower_bound": 3.2479665210783226, "errors": []}
{"seed": 618169, "strategy": "compact_combo", "successful": true, "virtual_time_s": 7109.523042, "common_lower_bound_s": 2320.812625061122, "time_over_lower_bound": 3.0633765799221986, "penalized_time_over_lower_bound": 3.0633765799221986, "errors": []}
{"seed": 618169, "strategy": "compact_clear_before_probe", "successful": true, "virtual_time_s": 7085.146762, "common_lower_bound_s": 2320.812625061122, "time_over_lower_bound": 3.0528732416790443, "penalized_time_over_lower_bound": 3.0528732416790443, "errors": []}
{"seed": 618169, "strategy": "compact_joint_probe", "successful": true, "virtual_time_s": 7085.146762, "common_lower_bound_s": 2320.812625061122, "time_over_lower_bound": 3.0528732416790443, "penalized_time_over_lower_bound": 3.0528732416790443, "errors": []}
{"seed": 618170, "strategy": "compact_baseline", "successful": true, "virtual_time_s": 8254.858017, "common_lower_bound_s": 2304.235435169067, "time_over_lower_bound": 3.58247160468406, "penalized_time_over_lower_bound": 3.58247160468406, "errors": []}
{"seed": 618170, "strategy": "compact_combo", "successful": true, "virtual_time_s": 7646.168914, "common_lower_bound_s": 2304.235435169067, "time_over_lower_bound": 3.3183106193482277, "penalized_time_over_lower_bound": 3.3183106193482277, "errors": []}
{"seed": 618171, "strategy": "compact_baseline", "successful": true, "virtual_time_s": 7415.289195, "common_lower_bound_s": 2354.661297615721, "time_over_lower_bound": 3.1491956836885886, "penalized_time_over_lower_bound": 3.1491956836885886, "errors": []}
{"seed": 618170, "strategy": "compact_clear_before_probe", "successful": true, "virtual_time_s": 7630.642523, "common_lower_bound_s": 2304.235435169067, "time_over_lower_bound": 3.3115724229109094, "penalized_time_over_lower_bound": 3.3115724229109094, "errors": []}
{"seed": 618171, "strategy": "compact_clear_before_probe", "successful": true, "virtual_time_s": 6929.84551, "common_lower_bound_s": 2354.661297615721, "time_over_lower_bound": 2.943032833221921, "penalized_time_over_lower_bound": 2.943032833221921, "errors": []}
{"seed": 618171, "strategy": "compact_combo", "successful": true, "virtual_time_s": 6989.289195, "common_lower_bound_s": 2354.661297615721, "time_over_lower_bound": 2.968277943871249, "penalized_time_over_lower_bound": 2.968277943871249, "errors": []}
{"seed": 618172, "strategy": "compact_baseline", "successful": true, "virtual_time_s": 7162.385357, "common_lower_bound_s": 2123.9820661842864, "time_over_lower_bound": 3.3721496386582763, "penalized_time_over_lower_bound": 3.3721496386582763, "errors": []}
{"seed": 618170, "strategy": "compact_joint_probe", "successful": true, "virtual_time_s": 7602.849938, "common_lower_bound_s": 2304.235435169067, "time_over_lower_bound": 3.299510901516087, "penalized_time_over_lower_bound": 3.299510901516087, "errors": []}
{"seed": 618172, "strategy": "compact_combo", "successful": true, "virtual_time_s": 6779.385357, "common_lower_bound_s": 2123.9820661842864, "time_over_lower_bound": 3.1918279654682307, "penalized_time_over_lower_bound": 3.1918279654682307, "errors": []}
{"seed": 618172, "strategy": "compact_clear_before_probe", "successful": true, "virtual_time_s": 6747.780784, "common_lower_bound_s": 2123.9820661842864, "time_over_lower_bound": 3.17694809736427, "penalized_time_over_lower_bound": 3.17694809736427, "errors": []}
{"seed": 618171, "strategy": "compact_joint_probe", "successful": true, "virtual_time_s": 6929.84551, "common_lower_bound_s": 2354.661297615721, "time_over_lower_bound": 2.943032833221921, "penalized_time_over_lower_bound": 2.943032833221921, "errors": []}
{"seed": 618173, "strategy": "compact_baseline", "successful": true, "virtual_time_s": 6497.161045, "common_lower_bound_s": 1960.5309160226338, "time_over_lower_bound": 3.3139804080115773, "penalized_time_over_lower_bound": 3.3139804080115773, "errors": []}
{"seed": 618172, "strategy": "compact_joint_probe", "successful": true, "virtual_time_s": 6747.780784, "common_lower_bound_s": 2123.9820661842864, "time_over_lower_bound": 3.17694809736427, "penalized_time_over_lower_bound": 3.17694809736427, "errors": []}
{"seed": 618173, "strategy": "compact_combo", "successful": true, "virtual_time_s": 6227.161045, "common_lower_bound_s": 1960.5309160226338, "time_over_lower_bound": 3.176262610351057, "penalized_time_over_lower_bound": 3.176262610351057, "errors": []}
{"seed": 618174, "strategy": "compact_baseline", "successful": true, "virtual_time_s": 6263.57924, "common_lower_bound_s": 2363.7657465855937, "time_over_lower_bound": 2.649830783379275, "penalized_time_over_lower_bound": 2.649830783379275, "errors": []}
{"seed": 618173, "strategy": "compact_clear_before_probe", "successful": true, "virtual_time_s": 6189.598805, "common_lower_bound_s": 1960.5309160226338, "time_over_lower_bound": 3.157103391951072, "penalized_time_over_lower_bound": 3.157103391951072, "errors": []}
{"seed": 618174, "strategy": "compact_combo", "successful": true, "virtual_time_s": 6047.57924, "common_lower_bound_s": 2363.7657465855937, "time_over_lower_bound": 2.558451170017838, "penalized_time_over_lower_bound": 2.558451170017838, "errors": []}
{"seed": 618174, "strategy": "compact_clear_before_probe", "successful": true, "virtual_time_s": 5990.760399, "common_lower_bound_s": 2363.7657465855937, "time_over_lower_bound": 2.534413745377907, "penalized_time_over_lower_bound": 2.534413745377907, "errors": []}
{"seed": 618173, "strategy": "compact_joint_probe", "successful": true, "virtual_time_s": 6189.598805, "common_lower_bound_s": 1960.5309160226338, "time_over_lower_bound": 3.157103391951072, "penalized_time_over_lower_bound": 3.157103391951072, "errors": []}
{"seed": 618175, "strategy": "compact_baseline", "successful": true, "virtual_time_s": 6742.355328, "common_lower_bound_s": 2124.1096613940363, "time_over_lower_bound": 3.1742030322365964, "penalized_time_over_lower_bound": 3.1742030322365964, "errors": []}
{"seed": 618174, "strategy": "compact_joint_probe", "successful": true, "virtual_time_s": 5990.760399, "common_lower_bound_s": 2363.7657465855937, "time_over_lower_bound": 2.534413745377907, "penalized_time_over_lower_bound": 2.534413745377907, "errors": []}
{"seed": 618175, "strategy": "compact_combo", "successful": true, "virtual_time_s": 6360.876533, "common_lower_bound_s": 2124.1096613940363, "time_over_lower_bound": 2.994608352200332, "penalized_time_over_lower_bound": 2.994608352200332, "errors": []}
{"seed": 618175, "strategy": "compact_clear_before_probe", "successful": true, "virtual_time_s": 6344.128722, "common_lower_bound_s": 2124.1096613940363, "time_over_lower_bound": 2.9867237258534, "penalized_time_over_lower_bound": 2.9867237258534, "errors": []}
{"seed": 618175, "strategy": "compact_joint_probe", "successful": true, "virtual_time_s": 6344.128722, "common_lower_bound_s": 2124.1096613940363, "time_over_lower_bound": 2.9867237258534, "penalized_time_over_lower_bound": 2.9867237258534, "errors": []}
{"seed": 618176, "strategy": "compact_baseline", "successful": true, "virtual_time_s": 7628.610635, "common_lower_bound_s": 1968.6018115759355, "time_over_lower_bound": 3.875141529455887, "penalized_time_over_lower_bound": 3.875141529455887, "errors": []}
{"seed": 618176, "strategy": "compact_combo", "successful": true, "virtual_time_s": 7149.610635, "common_lower_bound_s": 1968.6018115759355, "time_over_lower_bound": 3.631821627389687, "penalized_time_over_lower_bound": 3.631821627389687, "errors": []}
{"seed": 618177, "strategy": "compact_baseline", "successful": true, "virtual_time_s": 7220.197892, "common_lower_bound_s": 2004.1354229413178, "time_over_lower_bound": 3.6026497058783895, "penalized_time_over_lower_bound": 3.6026497058783895, "errors": []}
{"seed": 618176, "strategy": "compact_clear_before_probe", "successful": true, "virtual_time_s": 7052.687082, "common_lower_bound_s": 1968.6018115759355, "time_over_lower_bound": 3.5825869104296286, "penalized_time_over_lower_bound": 3.5825869104296286, "errors": []}
{"seed": 618177, "strategy": "compact_combo", "successful": true, "virtual_time_s": 7016.197892, "common_lower_bound_s": 2004.1354229413178, "time_over_lower_bound": 3.5008601772543186, "penalized_time_over_lower_bound": 3.5008601772543186, "errors": []}
{"seed": 618177, "strategy": "compact_clear_before_probe", "successful": true, "virtual_time_s": 7011.197892, "common_lower_bound_s": 2004.1354229413178, "time_over_lower_bound": 3.4983653358664735, "penalized_time_over_lower_bound": 3.4983653358664735, "errors": []}
{"seed": 618177, "strategy": "compact_joint_probe", "successful": true, "virtual_time_s": 7011.197892, "common_lower_bound_s": 2004.1354229413178, "time_over_lower_bound": 3.4983653358664735, "penalized_time_over_lower_bound": 3.4983653358664735, "errors": []}
{"seed": 618176, "strategy": "compact_joint_probe", "successful": true, "virtual_time_s": 7052.687082, "common_lower_bound_s": 1968.6018115759355, "time_over_lower_bound": 3.5825869104296286, "penalized_time_over_lower_bound": 3.5825869104296286, "errors": []}
{"seed": 618178, "strategy": "compact_baseline", "successful": true, "virtual_time_s": 7145.706443, "common_lower_bound_s": 1950.679268600635, "time_over_lower_bound": 3.6631887968574857, "penalized_time_over_lower_bound": 3.6631887968574857, "errors": []}
{"seed": 618178, "strategy": "compact_combo", "successful": true, "virtual_time_s": 6922.289743, "common_lower_bound_s": 1950.679268600635, "time_over_lower_bound": 3.54865602686487, "penalized_time_over_lower_bound": 3.54865602686487, "errors": []}
{"seed": 618179, "strategy": "compact_baseline", "successful": true, "virtual_time_s": 6925.726682, "common_lower_bound_s": 2205.5158532672317, "time_over_lower_bound": 3.1401844932287792, "penalized_time_over_lower_bound": 3.1401844932287792, "errors": []}
{"seed": 618178, "strategy": "compact_clear_before_probe", "successful": true, "virtual_time_s": 6821.042108, "common_lower_bound_s": 1950.679268600635, "time_over_lower_bound": 3.496752243075425, "penalized_time_over_lower_bound": 3.496752243075425, "errors": []}
{"seed": 618179, "strategy": "compact_combo", "successful": true, "virtual_time_s": 6622.204331, "common_lower_bound_s": 2205.5158532672317, "time_over_lower_bound": 3.002564829080655, "penalized_time_over_lower_bound": 3.002564829080655, "errors": []}
{"seed": 618179, "strategy": "compact_clear_before_probe", "successful": true, "virtual_time_s": 6615.204331, "common_lower_bound_s": 2205.5158532672317, "time_over_lower_bound": 2.9993909684214217, "penalized_time_over_lower_bound": 2.9993909684214217, "errors": []}
{"seed": 618179, "strategy": "compact_joint_probe", "successful": true, "virtual_time_s": 6615.204331, "common_lower_bound_s": 2205.5158532672317, "time_over_lower_bound": 2.9993909684214217, "penalized_time_over_lower_bound": 2.9993909684214217, "errors": []}
{"seed": 618178, "strategy": "compact_joint_probe", "successful": true, "virtual_time_s": 6853.429863, "common_lower_bound_s": 1950.679268600635, "time_over_lower_bound": 3.5133555645549395, "penalized_time_over_lower_bound": 3.5133555645549395, "errors": []}
{"seed": 618180, "strategy": "compact_baseline", "successful": true, "virtual_time_s": 8425.809013, "common_lower_bound_s": 1807.8940239150259, "time_over_lower_bound": 4.660565775174014, "penalized_time_over_lower_bound": 4.660565775174014, "errors": []}
{"seed": 618180, "strategy": "compact_combo", "successful": true, "virtual_time_s": 8265.082771, "common_lower_bound_s": 1807.8940239150259, "time_over_lower_bound": 4.571663306404332, "penalized_time_over_lower_bound": 4.571663306404332, "errors": []}
{"seed": 618181, "strategy": "compact_baseline", "successful": true, "virtual_time_s": 6988.103096, "common_lower_bound_s": 1761.1995552390977, "time_over_lower_bound": 3.9678088012299697, "penalized_time_over_lower_bound": 3.9678088012299697, "errors": []}
{"seed": 618180, "strategy": "compact_clear_before_probe", "successful": true, "virtual_time_s": 8245.003597, "common_lower_bound_s": 1807.8940239150259, "time_over_lower_bound": 4.560556917570479, "penalized_time_over_lower_bound": 4.560556917570479, "errors": []}
{"seed": 618181, "strategy": "compact_combo", "successful": true, "virtual_time_s": 6688.103096, "common_lower_bound_s": 1761.1995552390977, "time_over_lower_bound": 3.7974703525813878, "penalized_time_over_lower_bound": 3.7974703525813878, "errors": []}
{"seed": 618181, "strategy": "compact_clear_before_probe", "successful": true, "virtual_time_s": 6679.82726, "common_lower_bound_s": 1761.1995552390977, "time_over_lower_bound": 3.7927713756963546, "penalized_time_over_lower_bound": 3.7927713756963546, "errors": []}
{"seed": 618181, "strategy": "compact_joint_probe", "successful": true, "virtual_time_s": 6679.82726, "common_lower_bound_s": 1761.1995552390977, "time_over_lower_bound": 3.7927713756963546, "penalized_time_over_lower_bound": 3.7927713756963546, "errors": []}
{"seed": 618182, "strategy": "compact_baseline", "successful": true, "virtual_time_s": 6253.113613, "common_lower_bound_s": 2087.768854169647, "time_over_lower_bound": 2.9951177787289125, "penalized_time_over_lower_bound": 2.9951177787289125, "errors": []}
{"seed": 618180, "strategy": "compact_joint_probe", "successful": true, "virtual_time_s": 7810.41875, "common_lower_bound_s": 1807.8940239150259, "time_over_lower_bound": 4.320175102457832, "penalized_time_over_lower_bound": 4.320175102457832, "errors": []}
{"seed": 618182, "strategy": "compact_combo", "successful": true, "virtual_time_s": 6024.793553, "common_lower_bound_s": 2087.768854169647, "time_over_lower_bound": 2.8857569845279625, "penalized_time_over_lower_bound": 2.8857569845279625, "errors": []}
{"seed": 618182, "strategy": "compact_clear_before_probe", "successful": true, "virtual_time_s": 6012.634661, "common_lower_bound_s": 2087.768854169647, "time_over_lower_bound": 2.87993311567595, "penalized_time_over_lower_bound": 2.87993311567595, "errors": []}
{"seed": 618183, "strategy": "compact_baseline", "successful": true, "virtual_time_s": 5865.602132, "common_lower_bound_s": 1790.1338231763023, "time_over_lower_bound": 3.2766277336698995, "penalized_time_over_lower_bound": 3.2766277336698995, "errors": []}
{"seed": 618182, "strategy": "compact_joint_probe", "successful": true, "virtual_time_s": 6012.634661, "common_lower_bound_s": 2087.768854169647, "time_over_lower_bound": 2.87993311567595, "penalized_time_over_lower_bound": 2.87993311567595, "errors": []}
{"seed": 618183, "strategy": "compact_combo", "successful": true, "virtual_time_s": 5865.602132, "common_lower_bound_s": 1790.1338231763023, "time_over_lower_bound": 3.2766277336698995, "penalized_time_over_lower_bound": 3.2766277336698995, "errors": []}
{"seed": 618183, "strategy": "compact_clear_before_probe", "successful": true, "virtual_time_s": 5865.602132, "common_lower_bound_s": 1790.1338231763023, "time_over_lower_bound": 3.2766277336698995, "penalized_time_over_lower_bound": 3.2766277336698995, "errors": []}
{"seed": 618183, "strategy": "compact_joint_probe", "successful": true, "virtual_time_s": 5865.602132, "common_lower_bound_s": 1790.1338231763023, "time_over_lower_bound": 3.2766277336698995, "penalized_time_over_lower_bound": 3.2766277336698995, "errors": []}
{"seed": 618184, "strategy": "compact_baseline", "successful": true, "virtual_time_s": 6894.281825, "common_lower_bound_s": 1919.5160054739813, "time_over_lower_bound": 3.5916771755688552, "penalized_time_over_lower_bound": 3.5916771755688552, "errors": []}
{"seed": 618184, "strategy": "compact_combo", "successful": true, "virtual_time_s": 6208.361178, "common_lower_bound_s": 1919.5160054739813, "time_over_lower_bound": 3.2343367600453976, "penalized_time_over_lower_bound": 3.2343367600453976, "errors": []}
{"seed": 618184, "strategy": "compact_clear_before_probe", "successful": true, "virtual_time_s": 6176.002688, "common_lower_bound_s": 1919.5160054739813, "time_over_lower_bound": 3.2174791303576415, "penalized_time_over_lower_bound": 3.2174791303576415, "errors": []}
{"seed": 618185, "strategy": "compact_baseline", "successful": true, "virtual_time_s": 7982.547996, "common_lower_bound_s": 1943.468558002588, "time_over_lower_bound": 4.10737182401557, "penalized_time_over_lower_bound": 4.10737182401557, "errors": []}
{"seed": 618185, "strategy": "compact_combo", "successful": true, "virtual_time_s": 7714.547996, "common_lower_bound_s": 1943.468558002588, "time_over_lower_bound": 3.969474043834635, "penalized_time_over_lower_bound": 3.969474043834635, "errors": []}
{"seed": 618185, "strategy": "compact_clear_before_probe", "successful": true, "virtual_time_s": 7706.579547, "common_lower_bound_s": 1943.468558002588, "time_over_lower_bound": 3.9653739265637955, "penalized_time_over_lower_bound": 3.9653739265637955, "errors": []}
{"seed": 618186, "strategy": "compact_baseline", "successful": true, "virtual_time_s": 6913.259537, "common_lower_bound_s": 1890.2629814748257, "time_over_lower_bound": 3.6573003887565525, "penalized_time_over_lower_bound": 3.6573003887565525, "errors": []}
{"seed": 618185, "strategy": "compact_joint_probe", "successful": true, "virtual_time_s": 6835.242814, "common_lower_bound_s": 1943.468558002588, "time_over_lower_bound": 3.5170328770458545, "penalized_time_over_lower_bound": 3.5170328770458545, "errors": []}
{"seed": 618186, "strategy": "compact_combo", "successful": true, "virtual_time_s": 6728.259537, "common_lower_bound_s": 1890.2629814748257, "time_over_lower_bound": 3.559430408857957, "penalized_time_over_lower_bound": 3.559430408857957, "errors": []}
{"seed": 618186, "strategy": "compact_clear_before_probe", "successful": true, "virtual_time_s": 6663.97698, "common_lower_bound_s": 1890.2629814748257, "time_over_lower_bound": 3.525423205823253, "penalized_time_over_lower_bound": 3.525423205823253, "errors": []}
{"seed": 618186, "strategy": "compact_joint_probe", "successful": true, "virtual_time_s": 6663.97698, "common_lower_bound_s": 1890.2629814748257, "time_over_lower_bound": 3.525423205823253, "penalized_time_over_lower_bound": 3.525423205823253, "errors": []}
{"seed": 618184, "strategy": "compact_joint_probe", "successful": true, "virtual_time_s": 6048.454264, "common_lower_bound_s": 1919.5160054739813, "time_over_lower_bound": 3.1510309092246773, "penalized_time_over_lower_bound": 3.1510309092246773, "errors": []}
{"seed": 618187, "strategy": "compact_baseline", "successful": true, "virtual_time_s": 7155.98796, "common_lower_bound_s": 2060.9092319975616, "time_over_lower_bound": 3.4722480004924674, "penalized_time_over_lower_bound": 3.4722480004924674, "errors": []}
{"seed": 618187, "strategy": "compact_combo", "successful": true, "virtual_time_s": 5477.65256, "common_lower_bound_s": 2060.9092319975616, "time_over_lower_bound": 2.657881518969527, "penalized_time_over_lower_bound": 2.657881518969527, "errors": []}
{"seed": 618188, "strategy": "compact_baseline", "successful": true, "virtual_time_s": 6321.172406, "common_lower_bound_s": 2266.7949549188775, "time_over_lower_bound": 2.788594703849699, "penalized_time_over_lower_bound": 2.788594703849699, "errors": []}
{"seed": 618187, "strategy": "compact_clear_before_probe", "successful": true, "virtual_time_s": 5374.504662, "common_lower_bound_s": 2060.9092319975616, "time_over_lower_bound": 2.607831814499999, "penalized_time_over_lower_bound": 2.607831814499999, "errors": []}
{"seed": 618188, "strategy": "compact_combo", "successful": true, "virtual_time_s": 5975.172406, "common_lower_bound_s": 2266.7949549188775, "time_over_lower_bound": 2.635956284018567, "penalized_time_over_lower_bound": 2.635956284018567, "errors": []}
{"seed": 618188, "strategy": "compact_clear_before_probe", "successful": true, "virtual_time_s": 5975.172406, "common_lower_bound_s": 2266.7949549188775, "time_over_lower_bound": 2.635956284018567, "penalized_time_over_lower_bound": 2.635956284018567, "errors": []}
{"seed": 618187, "strategy": "compact_joint_probe", "successful": true, "virtual_time_s": 5374.504662, "common_lower_bound_s": 2060.9092319975616, "time_over_lower_bound": 2.607831814499999, "penalized_time_over_lower_bound": 2.607831814499999, "errors": []}
{"seed": 618188, "strategy": "compact_joint_probe", "successful": true, "virtual_time_s": 5975.172406, "common_lower_bound_s": 2266.7949549188775, "time_over_lower_bound": 2.635956284018567, "penalized_time_over_lower_bound": 2.635956284018567, "errors": []}
{"seed": 618189, "strategy": "compact_baseline", "successful": true, "virtual_time_s": 7019.869625, "common_lower_bound_s": 1963.056778155014, "time_over_lower_bound": 3.5759890916643022, "penalized_time_over_lower_bound": 3.5759890916643022, "errors": []}
{"seed": 618189, "strategy": "compact_combo", "successful": true, "virtual_time_s": 4729.511208, "common_lower_bound_s": 1963.056778155014, "time_over_lower_bound": 2.4092584894284355, "penalized_time_over_lower_bound": 2.4092584894284355, "errors": []}
{"seed": 618190, "strategy": "compact_baseline", "successful": true, "virtual_time_s": 6600.210081, "common_lower_bound_s": 2190.220607617535, "time_over_lower_bound": 3.0134909963154524, "penalized_time_over_lower_bound": 3.0134909963154524, "errors": []}
{"seed": 618190, "strategy": "compact_combo", "successful": true, "virtual_time_s": 6283.333871, "common_lower_bound_s": 2190.220607617535, "time_over_lower_bound": 2.8688132369619366, "penalized_time_over_lower_bound": 2.8688132369619366, "errors": []}
{"seed": 618189, "strategy": "compact_clear_before_probe", "successful": true, "virtual_time_s": 4677.107683, "common_lower_bound_s": 1963.056778155014, "time_over_lower_bound": 2.3825636298690234, "penalized_time_over_lower_bound": 2.3825636298690234, "errors": []}
{"seed": 618190, "strategy": "compact_clear_before_probe", "successful": true, "virtual_time_s": 6283.333871, "common_lower_bound_s": 2190.220607617535, "time_over_lower_bound": 2.8688132369619366, "penalized_time_over_lower_bound": 2.8688132369619366, "errors": []}
{"seed": 618191, "strategy": "compact_baseline", "successful": true, "virtual_time_s": 8266.795744, "common_lower_bound_s": 2162.3744266500653, "time_over_lower_bound": 3.823017717059695, "penalized_time_over_lower_bound": 3.823017717059695, "errors": []}
{"seed": 618190, "strategy": "compact_joint_probe", "successful": true, "virtual_time_s": 6283.333871, "common_lower_bound_s": 2190.220607617535, "time_over_lower_bound": 2.8688132369619366, "penalized_time_over_lower_bound": 2.8688132369619366, "errors": []}
{"seed": 618191, "strategy": "compact_combo", "successful": true, "virtual_time_s": 7983.352075, "common_lower_bound_s": 2162.3744266500653, "time_over_lower_bound": 3.6919378885588054, "penalized_time_over_lower_bound": 3.6919378885588054, "errors": []}
{"seed": 618191, "strategy": "compact_clear_before_probe", "successful": true, "virtual_time_s": 7932.552024, "common_lower_bound_s": 2162.3744266500653, "time_over_lower_bound": 3.668445171305994, "penalized_time_over_lower_bound": 3.668445171305994, "errors": []}
{"seed": 618191, "strategy": "compact_joint_probe", "successful": true, "virtual_time_s": 8902.202305, "common_lower_bound_s": 2162.3744266500653, "time_over_lower_bound": 4.116864403909561, "penalized_time_over_lower_bound": 4.116864403909561, "errors": []}
{"seed": 618189, "strategy": "compact_joint_probe", "successful": true, "virtual_time_s": 4677.107683, "common_lower_bound_s": 1963.056778155014, "time_over_lower_bound": 2.3825636298690234, "penalized_time_over_lower_bound": 2.3825636298690234, "errors": []}
{"seed": 618192, "strategy": "compact_baseline", "successful": true, "virtual_time_s": 6481.884279, "common_lower_bound_s": 2268.0786229838495, "time_over_lower_bound": 2.85787459628385, "penalized_time_over_lower_bound": 2.85787459628385, "errors": []}
{"seed": 618192, "strategy": "compact_clear_before_probe", "successful": true, "virtual_time_s": 4739.607741, "common_lower_bound_s": 2268.0786229838495, "time_over_lower_bound": 2.089701694187587, "penalized_time_over_lower_bound": 2.089701694187587, "errors": []}
{"seed": 618193, "strategy": "compact_baseline", "successful": true, "virtual_time_s": 6913.897649, "common_lower_bound_s": 1792.1632895651771, "time_over_lower_bound": 3.857850280304247, "penalized_time_over_lower_bound": 3.857850280304247, "errors": []}
{"seed": 618192, "strategy": "compact_combo", "successful": true, "virtual_time_s": 4947.009323, "common_lower_bound_s": 2268.0786229838495, "time_over_lower_bound": 2.1811454298227946, "penalized_time_over_lower_bound": 2.1811454298227946, "errors": []}
{"seed": 618193, "strategy": "compact_combo", "successful": true, "virtual_time_s": 6439.897649, "common_lower_bound_s": 1792.1632895651771, "time_over_lower_bound": 3.5933654519630727, "penalized_time_over_lower_bound": 3.5933654519630727, "errors": []}
{"seed": 618193, "strategy": "compact_clear_before_probe", "successful": true, "virtual_time_s": 6342.723889, "common_lower_bound_s": 1792.1632895651771, "time_over_lower_bound": 3.5391439641300213, "penalized_time_over_lower_bound": 3.5391439641300213, "errors": []}
{"seed": 618194, "strategy": "compact_baseline", "successful": true, "virtual_time_s": 8518.338442, "common_lower_bound_s": 2129.7468842466815, "time_over_lower_bound": 3.9996952243519983, "penalized_time_over_lower_bound": 3.9996952243519983, "errors": []}
{"seed": 618193, "strategy": "compact_joint_probe", "successful": true, "virtual_time_s": 6342.723889, "common_lower_bound_s": 1792.1632895651771, "time_over_lower_bound": 3.5391439641300213, "penalized_time_over_lower_bound": 3.5391439641300213, "errors": []}
{"seed": 618194, "strategy": "compact_combo", "successful": true, "virtual_time_s": 8052.338442, "common_lower_bound_s": 2129.7468842466815, "time_over_lower_bound": 3.78088988018321, "penalized_time_over_lower_bound": 3.78088988018321, "errors": []}
{"seed": 618194, "strategy": "compact_clear_before_probe", "successful": true, "virtual_time_s": 7946.711154, "common_lower_bound_s": 2129.7468842466815, "time_over_lower_bound": 3.7312937104311588, "penalized_time_over_lower_bound": 3.7312937104311588, "errors": []}
{"seed": 618195, "strategy": "compact_baseline", "successful": true, "virtual_time_s": 6164.555203, "common_lower_bound_s": 2165.921408051901, "time_over_lower_bound": 2.846158304767207, "penalized_time_over_lower_bound": 2.846158304767207, "errors": []}
{"seed": 618192, "strategy": "compact_joint_probe", "successful": true, "virtual_time_s": 4739.607741, "common_lower_bound_s": 2268.0786229838495, "time_over_lower_bound": 2.089701694187587, "penalized_time_over_lower_bound": 2.089701694187587, "errors": []}
{"seed": 618195, "strategy": "compact_combo", "successful": true, "virtual_time_s": 5840.555203, "common_lower_bound_s": 2165.921408051901, "time_over_lower_bound": 2.6965683894565604, "penalized_time_over_lower_bound": 2.6965683894565604, "errors": []}
{"seed": 618195, "strategy": "compact_clear_before_probe", "successful": true, "virtual_time_s": 5840.555203, "common_lower_bound_s": 2165.921408051901, "time_over_lower_bound": 2.6965683894565604, "penalized_time_over_lower_bound": 2.6965683894565604, "errors": []}
{"seed": 618194, "strategy": "compact_joint_probe", "successful": true, "virtual_time_s": 6966.327508, "common_lower_bound_s": 2129.7468842466815, "time_over_lower_bound": 3.270964995666177, "penalized_time_over_lower_bound": 3.270964995666177, "errors": []}
{"seed": 618195, "strategy": "compact_joint_probe", "successful": true, "virtual_time_s": 5840.555203, "common_lower_bound_s": 2165.921408051901, "time_over_lower_bound": 2.6965683894565604, "penalized_time_over_lower_bound": 2.6965683894565604, "errors": []}
{"seed": 618196, "strategy": "compact_baseline", "successful": true, "virtual_time_s": 6608.794404, "common_lower_bound_s": 2018.3902155522078, "time_over_lower_bound": 3.2742897548142897, "penalized_time_over_lower_bound": 3.2742897548142897, "errors": []}
{"seed": 618196, "strategy": "compact_combo", "successful": true, "virtual_time_s": 5938.720837, "common_lower_bound_s": 2018.3902155522078, "time_over_lower_bound": 2.9423056013850304, "penalized_time_over_lower_bound": 2.9423056013850304, "errors": []}
{"seed": 618196, "strategy": "compact_clear_before_probe", "successful": true, "virtual_time_s": 5917.678031, "common_lower_bound_s": 2018.3902155522078, "time_over_lower_bound": 2.931880062340172, "penalized_time_over_lower_bound": 2.931880062340172, "errors": []}
{"seed": 618196, "strategy": "compact_joint_probe", "successful": true, "virtual_time_s": 5917.678031, "common_lower_bound_s": 2018.3902155522078, "time_over_lower_bound": 2.931880062340172, "penalized_time_over_lower_bound": 2.931880062340172, "errors": []}
{"seed": 618197, "strategy": "compact_baseline", "successful": true, "virtual_time_s": 6906.591504, "common_lower_bound_s": 1867.4462991117566, "time_over_lower_bound": 3.6984150533726687, "penalized_time_over_lower_bound": 3.6984150533726687, "errors": []}
{"seed": 618197, "strategy": "compact_combo", "successful": true, "virtual_time_s": 6602.591504, "common_lower_bound_s": 1867.4462991117566, "time_over_lower_bound": 3.5356259010716915, "penalized_time_over_lower_bound": 3.5356259010716915, "errors": []}
{"seed": 618197, "strategy": "compact_clear_before_probe", "successful": true, "virtual_time_s": 6594.492525, "common_lower_bound_s": 1867.4462991117566, "time_over_lower_bound": 3.5312889736838184, "penalized_time_over_lower_bound": 3.5312889736838184, "errors": []}
{"seed": 618197, "strategy": "compact_joint_probe", "successful": true, "virtual_time_s": 6594.492525, "common_lower_bound_s": 1867.4462991117566, "time_over_lower_bound": 3.5312889736838184, "penalized_time_over_lower_bound": 3.5312889736838184, "errors": []}
{"seed": 618198, "strategy": "compact_baseline", "successful": true, "virtual_time_s": 7574.319613, "common_lower_bound_s": 2227.479716085384, "time_over_lower_bound": 3.400398916453998, "penalized_time_over_lower_bound": 3.400398916453998, "errors": []}
{"seed": 618198, "strategy": "compact_combo", "successful": true, "virtual_time_s": 7053.319613, "common_lower_bound_s": 2227.479716085384, "time_over_lower_bound": 3.166502285998653, "penalized_time_over_lower_bound": 3.166502285998653, "errors": []}
{"seed": 618198, "strategy": "compact_clear_before_probe", "successful": true, "virtual_time_s": 7021.043023, "common_lower_bound_s": 2227.479716085384, "time_over_lower_bound": 3.1520121024217076, "penalized_time_over_lower_bound": 3.1520121024217076, "errors": []}
{"seed": 618199, "strategy": "compact_baseline", "successful": true, "virtual_time_s": 6833.337164, "common_lower_bound_s": 2188.952572928728, "time_over_lower_bound": 3.121738336640742, "penalized_time_over_lower_bound": 3.121738336640742, "errors": []}
{"seed": 618199, "strategy": "compact_combo", "successful": true, "virtual_time_s": 6559.337164, "common_lower_bound_s": 2188.952572928728, "time_over_lower_bound": 2.9965643135081166, "penalized_time_over_lower_bound": 2.9965643135081166, "errors": []}
{"seed": 618198, "strategy": "compact_joint_probe", "successful": true, "virtual_time_s": 7021.043023, "common_lower_bound_s": 2227.479716085384, "time_over_lower_bound": 3.1520121024217076, "penalized_time_over_lower_bound": 3.1520121024217076, "errors": []}
{"seed": 618199, "strategy": "compact_clear_before_probe", "successful": true, "virtual_time_s": 6553.337164, "common_lower_bound_s": 2188.952572928728, "time_over_lower_bound": 2.9938232765052124, "penalized_time_over_lower_bound": 2.9938232765052124, "errors": []}
{"seed": 618199, "strategy": "compact_joint_probe", "successful": true, "virtual_time_s": 6553.337164, "common_lower_bound_s": 2188.952572928728, "time_over_lower_bound": 2.9938232765052124, "penalized_time_over_lower_bound": 2.9938232765052124, "errors": []}
{"seed": 618200, "strategy": "compact_baseline", "successful": true, "virtual_time_s": 6617.549058, "common_lower_bound_s": 1782.5708269815482, "time_over_lower_bound": 3.7123624811057785, "penalized_time_over_lower_bound": 3.7123624811057785, "errors": []}
{"seed": 618200, "strategy": "compact_combo", "successful": true, "virtual_time_s": 3986.97058, "common_lower_bound_s": 1782.5708269815482, "time_over_lower_bound": 2.2366407660509022, "penalized_time_over_lower_bound": 2.2366407660509022, "errors": []}
{"seed": 618200, "strategy": "compact_clear_before_probe", "successful": true, "virtual_time_s": 3887.633661, "common_lower_bound_s": 1782.5708269815482, "time_over_lower_bound": 2.180913993517432, "penalized_time_over_lower_bound": 2.180913993517432, "errors": []}
{"seed": 618201, "strategy": "compact_baseline", "successful": true, "virtual_time_s": 6001.071702, "common_lower_bound_s": 2187.8349399230383, "time_over_lower_bound": 2.742927079412627, "penalized_time_over_lower_bound": 2.742927079412627, "errors": []}
{"seed": 618201, "strategy": "compact_combo", "successful": true, "virtual_time_s": 5696.071702, "common_lower_bound_s": 2187.8349399230383, "time_over_lower_bound": 2.6035198533763118, "penalized_time_over_lower_bound": 2.6035198533763118, "errors": []}
{"seed": 618201, "strategy": "compact_clear_before_probe", "successful": true, "virtual_time_s": 5696.071702, "common_lower_bound_s": 2187.8349399230383, "time_over_lower_bound": 2.6035198533763118, "penalized_time_over_lower_bound": 2.6035198533763118, "errors": []}
{"seed": 618202, "strategy": "compact_baseline", "successful": true, "virtual_time_s": 6000.265526, "common_lower_bound_s": 2198.0989419238103, "time_over_lower_bound": 2.7297522470705866, "penalized_time_over_lower_bound": 2.7297522470705866, "errors": []}
{"seed": 618200, "strategy": "compact_joint_probe", "successful": true, "virtual_time_s": 3887.633661, "common_lower_bound_s": 1782.5708269815482, "time_over_lower_bound": 2.180913993517432, "penalized_time_over_lower_bound": 2.180913993517432, "errors": []}
{"seed": 618201, "strategy": "compact_joint_probe", "successful": true, "virtual_time_s": 5696.071702, "common_lower_bound_s": 2187.8349399230383, "time_over_lower_bound": 2.6035198533763118, "penalized_time_over_lower_bound": 2.6035198533763118, "errors": []}
{"seed": 618202, "strategy": "compact_combo", "successful": true, "virtual_time_s": 5862.265526, "common_lower_bound_s": 2198.0989419238103, "time_over_lower_bound": 2.666970723742424, "penalized_time_over_lower_bound": 2.666970723742424, "errors": []}
{"seed": 618202, "strategy": "compact_joint_probe", "successful": true, "virtual_time_s": 5862.265526, "common_lower_bound_s": 2198.0989419238103, "time_over_lower_bound": 2.666970723742424, "penalized_time_over_lower_bound": 2.666970723742424, "errors": []}
{"seed": 618202, "strategy": "compact_clear_before_probe", "successful": true, "virtual_time_s": 5862.265526, "common_lower_bound_s": 2198.0989419238103, "time_over_lower_bound": 2.666970723742424, "penalized_time_over_lower_bound": 2.666970723742424, "errors": []}
{"seed": 618203, "strategy": "compact_baseline", "successful": true, "virtual_time_s": 6938.806682, "common_lower_bound_s": 2188.187561841277, "time_over_lower_bound": 3.1710292129442768, "penalized_time_over_lower_bound": 3.1710292129442768, "errors": []}
{"seed": 618203, "strategy": "compact_clear_before_probe", "successful": true, "virtual_time_s": 6479.664175, "common_lower_bound_s": 2188.187561841277, "time_over_lower_bound": 2.961201447259671, "penalized_time_over_lower_bound": 2.961201447259671, "errors": []}
{"seed": 618203, "strategy": "compact_combo", "successful": true, "virtual_time_s": 6517.806682, "common_lower_bound_s": 2188.187561841277, "time_over_lower_bound": 2.9786325430510687, "penalized_time_over_lower_bound": 2.9786325430510687, "errors": []}
{"seed": 618204, "strategy": "compact_baseline", "successful": true, "virtual_time_s": 6256.667075, "common_lower_bound_s": 2164.4327154607777, "time_over_lower_bound": 2.8906729372125772, "penalized_time_over_lower_bound": 2.8906729372125772, "errors": []}
{"seed": 618204, "strategy": "compact_combo", "successful": true, "virtual_time_s": 5909.033131, "common_lower_bound_s": 2164.4327154607777, "time_over_lower_bound": 2.7300609017740007, "penalized_time_over_lower_bound": 2.7300609017740007, "errors": []}
{"seed": 618204, "strategy": "compact_clear_before_probe", "successful": true, "virtual_time_s": 5904.033131, "common_lower_bound_s": 2164.4327154607777, "time_over_lower_bound": 2.7277508276542166, "penalized_time_over_lower_bound": 2.7277508276542166, "errors": []}
{"seed": 618204, "strategy": "compact_joint_probe", "successful": true, "virtual_time_s": 5904.033131, "common_lower_bound_s": 2164.4327154607777, "time_over_lower_bound": 2.7277508276542166, "penalized_time_over_lower_bound": 2.7277508276542166, "errors": []}
{"seed": 618205, "strategy": "compact_baseline", "successful": true, "virtual_time_s": 6111.329716, "common_lower_bound_s": 1822.555351012107, "time_over_lower_bound": 3.3531654951418832, "penalized_time_over_lower_bound": 3.3531654951418832, "errors": []}
{"seed": 618203, "strategy": "compact_joint_probe", "successful": true, "virtual_time_s": 6479.664175, "common_lower_bound_s": 2188.187561841277, "time_over_lower_bound": 2.961201447259671, "penalized_time_over_lower_bound": 2.961201447259671, "errors": []}
{"seed": 618205, "strategy": "compact_combo", "successful": true, "virtual_time_s": 6075.329716, "common_lower_bound_s": 1822.555351012107, "time_over_lower_bound": 3.3334130086234306, "penalized_time_over_lower_bound": 3.3334130086234306, "errors": []}
{"seed": 618205, "strategy": "compact_clear_before_probe", "successful": true, "virtual_time_s": 6075.329716, "common_lower_bound_s": 1822.555351012107, "time_over_lower_bound": 3.3334130086234306, "penalized_time_over_lower_bound": 3.3334130086234306, "errors": []}
{"seed": 618205, "strategy": "compact_joint_probe", "successful": true, "virtual_time_s": 6075.329716, "common_lower_bound_s": 1822.555351012107, "time_over_lower_bound": 3.3334130086234306, "penalized_time_over_lower_bound": 3.3334130086234306, "errors": []}
{"seed": 618206, "strategy": "compact_baseline", "successful": true, "virtual_time_s": 6510.964835, "common_lower_bound_s": 2320.8508612822793, "time_over_lower_bound": 2.8054214700390814, "penalized_time_over_lower_bound": 2.8054214700390814, "errors": []}
{"seed": 618206, "strategy": "compact_combo", "successful": true, "virtual_time_s": 6129.964835, "common_lower_bound_s": 2320.8508612822793, "time_over_lower_bound": 2.6412575393203723, "penalized_time_over_lower_bound": 2.6412575393203723, "errors": []}
{"seed": 618206, "strategy": "compact_clear_before_probe", "successful": true, "virtual_time_s": 6129.964835, "common_lower_bound_s": 2320.8508612822793, "time_over_lower_bound": 2.6412575393203723, "penalized_time_over_lower_bound": 2.6412575393203723, "errors": []}
{"seed": 618207, "strategy": "compact_baseline", "successful": true, "virtual_time_s": 8550.031967, "common_lower_bound_s": 2190.422490309633, "time_over_lower_bound": 3.9033711554848893, "penalized_time_over_lower_bound": 3.9033711554848893, "errors": []}
{"seed": 618207, "strategy": "compact_combo", "successful": true, "virtual_time_s": 7809.91813, "common_lower_bound_s": 2190.422490309633, "time_over_lower_bound": 3.565484816080394, "penalized_time_over_lower_bound": 3.565484816080394, "errors": []}
{"seed": 618206, "strategy": "compact_joint_probe", "successful": true, "virtual_time_s": 6129.964835, "common_lower_bound_s": 2320.8508612822793, "time_over_lower_bound": 2.6412575393203723, "penalized_time_over_lower_bound": 2.6412575393203723, "errors": []}
{"seed": 618207, "strategy": "compact_clear_before_probe", "successful": true, "virtual_time_s": 7769.646903, "common_lower_bound_s": 2190.422490309633, "time_over_lower_bound": 3.5470996747763035, "penalized_time_over_lower_bound": 3.5470996747763035, "errors": []}
{"seed": 618208, "strategy": "compact_baseline", "successful": true, "virtual_time_s": 7908.553572, "common_lower_bound_s": 2239.1589458033445, "time_over_lower_bound": 3.5319304093272588, "penalized_time_over_lower_bound": 3.5319304093272588, "errors": []}
{"seed": 618208, "strategy": "compact_combo", "successful": true, "virtual_time_s": 7507.553572, "common_lower_bound_s": 2239.1589458033445, "time_over_lower_bound": 3.3528453109908685, "penalized_time_over_lower_bound": 3.3528453109908685, "errors": []}
{"seed": 618208, "strategy": "compact_clear_before_probe", "successful": true, "virtual_time_s": 7440.620137, "common_lower_bound_s": 2239.1589458033445, "time_over_lower_bound": 3.322953089571997, "penalized_time_over_lower_bound": 3.322953089571997, "errors": []}
{"seed": 618207, "strategy": "compact_joint_probe", "successful": true, "virtual_time_s": 6771.10477, "common_lower_bound_s": 2190.422490309633, "time_over_lower_bound": 3.0912323079018664, "penalized_time_over_lower_bound": 3.0912323079018664, "errors": []}
{"seed": 618209, "strategy": "compact_baseline", "successful": true, "virtual_time_s": 6664.370557, "common_lower_bound_s": 1998.7612415823517, "time_over_lower_bound": 3.334250443901966, "penalized_time_over_lower_bound": 3.334250443901966, "errors": []}
{"seed": 618209, "strategy": "compact_combo", "successful": true, "virtual_time_s": 6223.689608, "common_lower_bound_s": 1998.7612415823517, "time_over_lower_bound": 3.11377341051146, "penalized_time_over_lower_bound": 3.11377341051146, "errors": []}
{"seed": 618209, "strategy": "compact_clear_before_probe", "successful": true, "virtual_time_s": 6216.669277, "common_lower_bound_s": 1998.7612415823517, "time_over_lower_bound": 3.1102610695404884, "penalized_time_over_lower_bound": 3.1102610695404884, "errors": []}
{"seed": 618208, "strategy": "compact_joint_probe", "successful": true, "virtual_time_s": 7189.408919, "common_lower_bound_s": 2239.1589458033445, "time_over_lower_bound": 3.210763100348221, "penalized_time_over_lower_bound": 3.210763100348221, "errors": []}
{"seed": 618210, "strategy": "compact_baseline", "successful": true, "virtual_time_s": 7809.959285, "common_lower_bound_s": 2126.217071363624, "time_over_lower_bound": 3.6731711875453876, "penalized_time_over_lower_bound": 3.6731711875453876, "errors": []}
{"seed": 618209, "strategy": "compact_joint_probe", "successful": true, "virtual_time_s": 6216.669277, "common_lower_bound_s": 1998.7612415823517, "time_over_lower_bound": 3.1102610695404884, "penalized_time_over_lower_bound": 3.1102610695404884, "errors": []}
{"seed": 618210, "strategy": "compact_combo", "successful": true, "virtual_time_s": 7046.087818, "common_lower_bound_s": 2126.217071363624, "time_over_lower_bound": 3.3139080260892997, "penalized_time_over_lower_bound": 3.3139080260892997, "errors": []}
{"seed": 618210, "strategy": "compact_clear_before_probe", "successful": true, "virtual_time_s": 7357.884722, "common_lower_bound_s": 2126.217071363624, "time_over_lower_bound": 3.4605519921261414, "penalized_time_over_lower_bound": 3.4605519921261414, "errors": []}
{"seed": 618210, "strategy": "compact_joint_probe", "successful": true, "virtual_time_s": 7349.940371, "common_lower_bound_s": 2126.217071363624, "time_over_lower_bound": 3.4568156139797157, "penalized_time_over_lower_bound": 3.4568156139797157, "errors": []}
{"seed": 618211, "strategy": "compact_baseline", "successful": true, "virtual_time_s": 7263.892962, "common_lower_bound_s": 2207.4167549690274, "time_over_lower_bound": 3.2906758298579284, "penalized_time_over_lower_bound": 3.2906758298579284, "errors": []}
{"seed": 618211, "strategy": "compact_combo", "successful": true, "virtual_time_s": 7632.223252, "common_lower_bound_s": 2207.4167549690274, "time_over_lower_bound": 3.457536160681669, "penalized_time_over_lower_bound": 3.457536160681669, "errors": []}
{"seed": 618211, "strategy": "compact_clear_before_probe", "successful": true, "virtual_time_s": 7604.534384, "common_lower_bound_s": 2207.4167549690274, "time_over_lower_bound": 3.44499259910107, "penalized_time_over_lower_bound": 3.44499259910107, "errors": []}
{"seed": 618212, "strategy": "compact_baseline", "successful": true, "virtual_time_s": 6125.148761, "common_lower_bound_s": 1794.7382956488364, "time_over_lower_bound": 3.412836721570945, "penalized_time_over_lower_bound": 3.412836721570945, "errors": []}
{"seed": 618212, "strategy": "compact_combo", "successful": true, "virtual_time_s": 5646.798962, "common_lower_bound_s": 1794.7382956488364, "time_over_lower_bound": 3.14630772391167, "penalized_time_over_lower_bound": 3.14630772391167, "errors": []}
{"seed": 618212, "strategy": "compact_clear_before_probe", "successful": true, "virtual_time_s": 5620.68158, "common_lower_bound_s": 1794.7382956488364, "time_over_lower_bound": 3.131755528717909, "penalized_time_over_lower_bound": 3.131755528717909, "errors": []}
{"seed": 618211, "strategy": "compact_joint_probe", "successful": true, "virtual_time_s": 6491.760993, "common_lower_bound_s": 2207.4167549690274, "time_over_lower_bound": 2.9408859828515195, "penalized_time_over_lower_bound": 2.9408859828515195, "errors": []}
{"seed": 618213, "strategy": "compact_baseline", "successful": true, "virtual_time_s": 6386.920267, "common_lower_bound_s": 2013.3415383058643, "time_over_lower_bound": 3.1722984627706556, "penalized_time_over_lower_bound": 3.1722984627706556, "errors": []}
{"seed": 618212, "strategy": "compact_joint_probe", "successful": true, "virtual_time_s": 5620.68158, "common_lower_bound_s": 1794.7382956488364, "time_over_lower_bound": 3.131755528717909, "penalized_time_over_lower_bound": 3.131755528717909, "errors": []}
{"seed": 618213, "strategy": "compact_combo", "successful": true, "virtual_time_s": 6260.920267, "common_lower_bound_s": 2013.3415383058643, "time_over_lower_bound": 3.109715936357366, "penalized_time_over_lower_bound": 3.109715936357366, "errors": []}
{"seed": 618213, "strategy": "compact_clear_before_probe", "successful": true, "virtual_time_s": 6253.234276, "common_lower_bound_s": 2013.3415383058643, "time_over_lower_bound": 3.1058984067163355, "penalized_time_over_lower_bound": 3.1058984067163355, "errors": []}
{"seed": 618213, "strategy": "compact_joint_probe", "successful": true, "virtual_time_s": 6253.234276, "common_lower_bound_s": 2013.3415383058643, "time_over_lower_bound": 3.1058984067163355, "penalized_time_over_lower_bound": 3.1058984067163355, "errors": []}
{"seed": 618214, "strategy": "compact_baseline", "successful": true, "virtual_time_s": 7106.835244, "common_lower_bound_s": 1816.349081346219, "time_over_lower_bound": 3.9127034098162694, "penalized_time_over_lower_bound": 3.9127034098162694, "errors": []}
{"seed": 618214, "strategy": "compact_combo", "successful": true, "virtual_time_s": 4966.869179, "common_lower_bound_s": 1816.349081346219, "time_over_lower_bound": 2.7345344735818724, "penalized_time_over_lower_bound": 2.7345344735818724, "errors": []}
{"seed": 618215, "strategy": "compact_baseline", "successful": true, "virtual_time_s": 6173.357158, "common_lower_bound_s": 1902.5746754190109, "time_over_lower_bound": 3.2447384261752665, "penalized_time_over_lower_bound": 3.2447384261752665, "errors": []}
{"seed": 618214, "strategy": "compact_clear_before_probe", "successful": true, "virtual_time_s": 4925.502057, "common_lower_bound_s": 1816.349081346219, "time_over_lower_bound": 2.7117595992887984, "penalized_time_over_lower_bound": 2.7117595992887984, "errors": []}
{"seed": 618215, "strategy": "compact_combo", "successful": true, "virtual_time_s": 6089.357158, "common_lower_bound_s": 1902.5746754190109, "time_over_lower_bound": 3.2005877281315747, "penalized_time_over_lower_bound": 3.2005877281315747, "errors": []}
{"seed": 618215, "strategy": "compact_clear_before_probe", "successful": true, "virtual_time_s": 6089.357158, "common_lower_bound_s": 1902.5746754190109, "time_over_lower_bound": 3.2005877281315747, "penalized_time_over_lower_bound": 3.2005877281315747, "errors": []}
{"seed": 618215, "strategy": "compact_joint_probe", "successful": true, "virtual_time_s": 6089.357158, "common_lower_bound_s": 1902.5746754190109, "time_over_lower_bound": 3.2005877281315747, "penalized_time_over_lower_bound": 3.2005877281315747, "errors": []}
{"seed": 618216, "strategy": "compact_baseline", "successful": true, "virtual_time_s": 6721.514493, "common_lower_bound_s": 1910.2369285912378, "time_over_lower_bound": 3.518681055944712, "penalized_time_over_lower_bound": 3.518681055944712, "errors": []}
{"seed": 618216, "strategy": "compact_combo", "successful": true, "virtual_time_s": 6305.133336, "common_lower_bound_s": 1910.2369285912378, "time_over_lower_bound": 3.3007074890180834, "penalized_time_over_lower_bound": 3.3007074890180834, "errors": []}
{"seed": 618216, "strategy": "compact_clear_before_probe", "successful": true, "virtual_time_s": 6279.808349, "common_lower_bound_s": 1910.2369285912378, "time_over_lower_bound": 3.28744997806698, "penalized_time_over_lower_bound": 3.28744997806698, "errors": []}
{"seed": 618214, "strategy": "compact_joint_probe", "successful": true, "virtual_time_s": 4925.502057, "common_lower_bound_s": 1816.349081346219, "time_over_lower_bound": 2.7117595992887984, "penalized_time_over_lower_bound": 2.7117595992887984, "errors": []}
{"seed": 618216, "strategy": "compact_joint_probe", "successful": true, "virtual_time_s": 6279.808349, "common_lower_bound_s": 1910.2369285912378, "time_over_lower_bound": 3.28744997806698, "penalized_time_over_lower_bound": 3.28744997806698, "errors": []}
{"seed": 618217, "strategy": "compact_baseline", "successful": true, "virtual_time_s": 6204.899525, "common_lower_bound_s": 2069.158708228907, "time_over_lower_bound": 2.9987547597598607, "penalized_time_over_lower_bound": 2.9987547597598607, "errors": []}
{"seed": 618217, "strategy": "compact_combo", "successful": true, "virtual_time_s": 5899.899525, "common_lower_bound_s": 2069.158708228907, "time_over_lower_bound": 2.8513518569341687, "penalized_time_over_lower_bound": 2.8513518569341687, "errors": []}
{"seed": 618217, "strategy": "compact_clear_before_probe", "successful": true, "virtual_time_s": 5868.823166, "common_lower_bound_s": 2069.158708228907, "time_over_lower_bound": 2.8363330191444858, "penalized_time_over_lower_bound": 2.8363330191444858, "errors": []}
{"seed": 618218, "strategy": "compact_baseline", "successful": true, "virtual_time_s": 7635.178044, "common_lower_bound_s": 2275.694713809476, "time_over_lower_bound": 3.3550976753023414, "penalized_time_over_lower_bound": 3.3550976753023414, "errors": []}
{"seed": 618218, "strategy": "compact_combo", "successful": true, "virtual_time_s": 6971.126339, "common_lower_bound_s": 2275.694713809476, "time_over_lower_bound": 3.0632959230855916, "penalized_time_over_lower_bound": 3.0632959230855916, "errors": []}
{"seed": 618218, "strategy": "compact_clear_before_probe", "successful": true, "virtual_time_s": 6372.955285, "common_lower_bound_s": 2275.694713809476, "time_over_lower_bound": 2.800443858452251, "penalized_time_over_lower_bound": 2.800443858452251, "errors": []}
{"seed": 618217, "strategy": "compact_joint_probe", "successful": true, "virtual_time_s": 5868.823166, "common_lower_bound_s": 2069.158708228907, "time_over_lower_bound": 2.8363330191444858, "penalized_time_over_lower_bound": 2.8363330191444858, "errors": []}
{"seed": 618219, "strategy": "compact_baseline", "successful": true, "virtual_time_s": 8260.841596, "common_lower_bound_s": 2105.1087282579983, "time_over_lower_bound": 3.9241876132621147, "penalized_time_over_lower_bound": 3.9241876132621147, "errors": []}
{"seed": 618218, "strategy": "compact_joint_probe", "successful": true, "virtual_time_s": 6372.955285, "common_lower_bound_s": 2275.694713809476, "time_over_lower_bound": 2.800443858452251, "penalized_time_over_lower_bound": 2.800443858452251, "errors": []}
{"seed": 618219, "strategy": "compact_combo", "successful": true, "virtual_time_s": 7774.794621, "common_lower_bound_s": 2105.1087282579983, "time_over_lower_bound": 3.6932983634692027, "penalized_time_over_lower_bound": 3.6932983634692027, "errors": []}
{"seed": 618220, "strategy": "compact_baseline", "successful": true, "virtual_time_s": 6702.620024, "common_lower_bound_s": 1635.6018794954712, "time_over_lower_bound": 4.09795324157217, "penalized_time_over_lower_bound": 4.09795324157217, "errors": []}
{"seed": 618220, "strategy": "compact_combo", "successful": true, "virtual_time_s": 6312.620024, "common_lower_bound_s": 1635.6018794954712, "time_over_lower_bound": 3.859508908089072, "penalized_time_over_lower_bound": 3.859508908089072, "errors": []}
{"seed": 618219, "strategy": "compact_clear_before_probe", "successful": true, "virtual_time_s": 7682.937599, "common_lower_bound_s": 2105.1087282579983, "time_over_lower_bound": 3.6496630771930336, "penalized_time_over_lower_bound": 3.6496630771930336, "errors": []}
{"seed": 618220, "strategy": "compact_clear_before_probe", "successful": true, "virtual_time_s": 6294.657047, "common_lower_bound_s": 1635.6018794954712, "time_over_lower_bound": 3.848526420709233, "penalized_time_over_lower_bound": 3.848526420709233, "errors": []}
{"seed": 618219, "strategy": "compact_joint_probe", "successful": true, "virtual_time_s": 7682.937599, "common_lower_bound_s": 2105.1087282579983, "time_over_lower_bound": 3.6496630771930336, "penalized_time_over_lower_bound": 3.6496630771930336, "errors": []}
{"seed": 618220, "strategy": "compact_joint_probe", "successful": true, "virtual_time_s": 6294.657047, "common_lower_bound_s": 1635.6018794954712, "time_over_lower_bound": 3.848526420709233, "penalized_time_over_lower_bound": 3.848526420709233, "errors": []}
{"seed": 618221, "strategy": "compact_combo", "successful": true, "virtual_time_s": 7978.613947, "common_lower_bound_s": 2149.86020309967, "time_over_lower_bound": 3.7112245417150516, "penalized_time_over_lower_bound": 3.7112245417150516, "errors": []}
{"seed": 618221, "strategy": "compact_baseline", "successful": true, "virtual_time_s": 8627.498575, "common_lower_bound_s": 2149.86020309967, "time_over_lower_bound": 4.013050970737942, "penalized_time_over_lower_bound": 4.013050970737942, "errors": []}
{"seed": 618222, "strategy": "compact_baseline", "successful": true, "virtual_time_s": 8339.346153, "common_lower_bound_s": 2424.481871933594, "time_over_lower_bound": 3.43964054734265, "penalized_time_over_lower_bound": 3.43964054734265, "errors": []}
{"seed": 618221, "strategy": "compact_clear_before_probe", "successful": true, "virtual_time_s": 7892.473323, "common_lower_bound_s": 2149.86020309967, "time_over_lower_bound": 3.6711565299086084, "penalized_time_over_lower_bound": 3.6711565299086084, "errors": []}
{"seed": 618222, "strategy": "compact_combo", "successful": true, "virtual_time_s": 7985.346153, "common_lower_bound_s": 2424.481871933594, "time_over_lower_bound": 3.2936299691246846, "penalized_time_over_lower_bound": 3.2936299691246846, "errors": []}
{"seed": 618222, "strategy": "compact_clear_before_probe", "successful": true, "virtual_time_s": 7932.759094, "common_lower_bound_s": 2424.481871933594, "time_over_lower_bound": 3.271939949657531, "penalized_time_over_lower_bound": 3.271939949657531, "errors": []}
{"seed": 618223, "strategy": "compact_baseline", "successful": true, "virtual_time_s": 6324.437485, "common_lower_bound_s": 1908.3849570167163, "time_over_lower_bound": 3.3140260625857585, "penalized_time_over_lower_bound": 3.3140260625857585, "errors": []}
{"seed": 618222, "strategy": "compact_joint_probe", "successful": true, "virtual_time_s": 7289.834314, "common_lower_bound_s": 2424.481871933594, "time_over_lower_bound": 3.006759670339852, "penalized_time_over_lower_bound": 3.006759670339852, "errors": []}
{"seed": 618223, "strategy": "compact_combo", "successful": true, "virtual_time_s": 6333.686905, "common_lower_bound_s": 1908.3849570167163, "time_over_lower_bound": 3.31887278911543, "penalized_time_over_lower_bound": 3.31887278911543, "errors": []}
{"seed": 618223, "strategy": "compact_clear_before_probe", "successful": true, "virtual_time_s": 6277.675626, "common_lower_bound_s": 1908.3849570167163, "time_over_lower_bound": 3.289522694526779, "penalized_time_over_lower_bound": 3.289522694526779, "errors": []}
{"seed": 618221, "strategy": "compact_joint_probe", "successful": true, "virtual_time_s": 7466.587696, "common_lower_bound_s": 2149.86020309967, "time_over_lower_bound": 3.4730573109984864, "penalized_time_over_lower_bound": 3.4730573109984864, "errors": []}
{"seed": 618224, "strategy": "compact_baseline", "successful": true, "virtual_time_s": 7618.345833, "common_lower_bound_s": 1862.2321939344847, "time_over_lower_bound": 4.090975259591083, "penalized_time_over_lower_bound": 4.090975259591083, "errors": []}
{"seed": 618224, "strategy": "compact_combo", "successful": true, "virtual_time_s": 7348.345833, "common_lower_bound_s": 1862.2321939344847, "time_over_lower_bound": 3.945987969134274, "penalized_time_over_lower_bound": 3.945987969134274, "errors": []}
{"seed": 618223, "strategy": "compact_joint_probe", "successful": true, "virtual_time_s": 6277.675626, "common_lower_bound_s": 1908.3849570167163, "time_over_lower_bound": 3.289522694526779, "penalized_time_over_lower_bound": 3.289522694526779, "errors": []}
{"seed": 618224, "strategy": "compact_clear_before_probe", "successful": true, "virtual_time_s": 7206.619364, "common_lower_bound_s": 1862.2321939344847, "time_over_lower_bound": 3.8698822775553072, "penalized_time_over_lower_bound": 3.8698822775553072, "errors": []}
{"seed": 618225, "strategy": "compact_baseline", "successful": true, "virtual_time_s": 6809.803319, "common_lower_bound_s": 2229.0388745228734, "time_over_lower_bound": 3.0550401775552887, "penalized_time_over_lower_bound": 3.0550401775552887, "errors": []}
{"seed": 618225, "strategy": "compact_combo", "successful": true, "virtual_time_s": 6449.803319, "common_lower_bound_s": 2229.0388745228734, "time_over_lower_bound": 2.8935355918279275, "penalized_time_over_lower_bound": 2.8935355918279275, "errors": []}
{"seed": 618224, "strategy": "compact_joint_probe", "successful": true, "virtual_time_s": 7206.619364, "common_lower_bound_s": 1862.2321939344847, "time_over_lower_bound": 3.8698822775553072, "penalized_time_over_lower_bound": 3.8698822775553072, "errors": []}
{"seed": 618225, "strategy": "compact_clear_before_probe", "successful": true, "virtual_time_s": 6442.252855, "common_lower_bound_s": 2229.0388745228734, "time_over_lower_bound": 2.8901482736046793, "penalized_time_over_lower_bound": 2.8901482736046793, "errors": []}
{"seed": 618225, "strategy": "compact_joint_probe", "successful": true, "virtual_time_s": 6442.252855, "common_lower_bound_s": 2229.0388745228734, "time_over_lower_bound": 2.8901482736046793, "penalized_time_over_lower_bound": 2.8901482736046793, "errors": []}
{"seed": 618226, "strategy": "compact_baseline", "successful": true, "virtual_time_s": 7152.39627, "common_lower_bound_s": 2209.398164710751, "time_over_lower_bound": 3.237259985203425, "penalized_time_over_lower_bound": 3.237259985203425, "errors": []}
{"seed": 618226, "strategy": "compact_combo", "successful": true, "virtual_time_s": 6435.333819, "common_lower_bound_s": 2209.398164710751, "time_over_lower_bound": 2.9127089547675524, "penalized_time_over_lower_bound": 2.9127089547675524, "errors": []}
{"seed": 618227, "strategy": "compact_baseline", "successful": true, "virtual_time_s": 6647.747088, "common_lower_bound_s": 2142.553364032849, "time_over_lower_bound": 3.102721826954728, "penalized_time_over_lower_bound": 3.102721826954728, "errors": []}
{"seed": 618226, "strategy": "compact_clear_before_probe", "successful": true, "virtual_time_s": 6383.509515, "common_lower_bound_s": 2209.398164710751, "time_over_lower_bound": 2.8892526557501292, "penalized_time_over_lower_bound": 2.8892526557501292, "errors": []}
{"seed": 618227, "strategy": "compact_combo", "successful": true, "virtual_time_s": 6054.747088, "common_lower_bound_s": 2142.553364032849, "time_over_lower_bound": 2.8259492573866973, "penalized_time_over_lower_bound": 2.8259492573866973, "errors": []}
{"seed": 618227, "strategy": "compact_clear_before_probe", "successful": true, "virtual_time_s": 6057.747088, "common_lower_bound_s": 2142.553364032849, "time_over_lower_bound": 2.827349455883669, "penalized_time_over_lower_bound": 2.827349455883669, "errors": []}
{"seed": 618226, "strategy": "compact_joint_probe", "successful": true, "virtual_time_s": 6383.509515, "common_lower_bound_s": 2209.398164710751, "time_over_lower_bound": 2.8892526557501292, "penalized_time_over_lower_bound": 2.8892526557501292, "errors": []}
{"seed": 618227, "strategy": "compact_joint_probe", "successful": true, "virtual_time_s": 6057.747088, "common_lower_bound_s": 2142.553364032849, "time_over_lower_bound": 2.827349455883669, "penalized_time_over_lower_bound": 2.827349455883669, "errors": []}
{"seed": 618228, "strategy": "compact_baseline", "successful": true, "virtual_time_s": 7846.290102, "common_lower_bound_s": 1883.064622137875, "time_over_lower_bound": 4.166766243577968, "penalized_time_over_lower_bound": 4.166766243577968, "errors": []}
{"seed": 618228, "strategy": "compact_clear_before_probe", "successful": true, "virtual_time_s": 7330.221175, "common_lower_bound_s": 1883.064622137875, "time_over_lower_bound": 3.892708242098392, "penalized_time_over_lower_bound": 3.892708242098392, "errors": []}
{"seed": 618228, "strategy": "compact_combo", "successful": true, "virtual_time_s": 7398.206862, "common_lower_bound_s": 1883.064622137875, "time_over_lower_bound": 3.9288119881943784, "penalized_time_over_lower_bound": 3.9288119881943784, "errors": []}
{"seed": 618228, "strategy": "compact_joint_probe", "successful": true, "virtual_time_s": 7161.444529, "common_lower_bound_s": 1883.064622137875, "time_over_lower_bound": 3.803079535777955, "penalized_time_over_lower_bound": 3.803079535777955, "errors": []}
{"summaries": {"compact_baseline": {"runs": 128, "successful": 128, "mean_time_s": 7136.753258328125, "mean_lower_bound_s": 2073.6725344560814, "mean_time_over_mean_lower_bound": 3.441600898764894, "mean_individual_ratio": 3.463178323865128, "p95_time_s": 8320.79528115, "max_time_s": 9433.580204, "mean_runtime_s": 0.11835592656393601, "mean_components_s": {"movement_s": 5194.034508328125, "switching_s": 289.140625, "detection_s": 1568.984375, "optical_s": 58.21875, "removal_s": 26.375}}, "compact_clear_before_probe": {"runs": 128, "successful": 128, "mean_time_s": 6638.915712773438, "mean_lower_bound_s": 2073.6725344560814, "mean_time_over_mean_lower_bound": 3.201525603711006, "mean_individual_ratio": 3.2192176685397524, "p95_time_s": 7932.6866195, "max_time_s": 8392.818654, "mean_runtime_s": 0.12110650234308196, "mean_components_s": {"movement_s": 5052.298525273438, "switching_s": 229.375, "detection_s": 1259.3359375, "optical_s": 71.53125, "removal_s": 26.375}}, "compact_combo": {"runs": 128, "successful": 128, "mean_time_s": 6681.2805908125, "mean_lower_bound_s": 2073.6725344560814, "mean_time_over_mean_lower_bound": 3.221955482264697, "mean_individual_ratio": 3.2397379595801237, "p95_time_s": 7984.648225700001, "max_time_s": 8685.724602, "mean_runtime_s": 0.12390615312551745, "mean_components_s": {"movement_s": 5073.9759033125, "switching_s": 231.265625, "detection_s": 1278.671875, "optical_s": 70.9921875, "removal_s": 26.375}}, "compact_joint_probe": {"runs": 128, "successful": 128, "mean_time_s": 6547.202623273438, "mean_lower_bound_s": 2073.6725344560814, "mean_time_over_mean_lower_bound": 3.1572982303065276, "mean_individual_ratio": 3.1742929160191284, "p95_time_s": 7691.67548725, "max_time_s": 8902.202305, "mean_runtime_s": 0.2982250937493518, "mean_components_s": {"movement_s": 4982.022935773438, "switching_s": 229.3828125, "detection_s": 1259.21875, "optical_s": 50.203125, "removal_s": 26.375}}}, "paired_vs_compact_baseline": {"compact_clear_before_probe": {"pairs": 128, "all_complete": true, "mean_saved_s": 497.8375455546875, "saving_ci95_s": [419.70831067968754, 586.69689578125], "mean_reduction_fraction": 0.06975686667795944, "wins": 124, "losses": 3, "ties": 1, "worst_regression_s": 340.6414219999997, "paired_ratio_p95": 0.9882286193991673}, "compact_combo": {"pairs": 128, "all_complete": true, "mean_saved_s": 455.472667515625, "saving_ci95_s": [381.015179734375, 539.8517246328125], "mean_reduction_fraction": 0.06382071104729847, "wins": 123, "losses": 4, "ties": 1, "worst_regression_s": 368.3302899999999, "paired_ratio_p95": 0.9886737059313166}, "compact_joint_probe": {"pairs": 128, "all_complete": true, "mean_saved_s": 589.5506350546875, "saving_ci95_s": [494.642709078125, 693.4511235390625], "mean_reduction_fraction": 0.08260768079192315, "wins": 123, "losses": 4, "ties": 1, "worst_regression_s": 635.4065610000016, "paired_ratio_p95": 0.9907220445669395}}}
