suite_group,case_id,original_case_group,strategy,batch,deduplication_status,replicate_count,action_count,all_cleared,analysis_success,audit_errors,audit_passed,certified_lower_bound_s,cleared_fraction,cleared_total,completion_certified,confirmation_length_lower_bound_m,confirmation_tail_s,correct_exit,cost_detection_s,cost_movement_s,cost_optical_s,cost_removal_s,cost_switching_s,error,failed_clear_count,guarantee_lower_bound_s,incorrect_exit,kind,mean_time_per_cleared_s,measurement_count,observation_robust_certified_lower_bound_s,observation_robust_guarantee_lower_bound_s,observation_robust_physical_lower_bound_s,original_suite_group,physical_lower_bound_s,planner_budget_fallbacks,planner_completed_rollouts,planner_continuation_failures,planner_fallbacks,planner_overrides,planner_planning_calls,planner_planning_wall_s,planner_sampling_failures,planner_speculative_choices,policy_cpu_s,policy_wall_s,scenario_sha256,simulator_stop_reason,source_total,source_visit_length_lower_bound_m,success,time_over_certified_lower_bound,time_over_guarantee_lower_bound,time_over_observation_robust_certified_lower_bound,time_over_observation_robust_guarantee_lower_bound,time_over_observation_robust_physical_lower_bound,time_over_physical_lower_bound,time_per_source_s,trace_file,virtual_time_s,wall_time_s
development_original_nominal,q3-random-910100,q3-random-910100,B,development_bc,primary,1,171,True,True,,True,2072.1703412489164,1.0,12,True,4425.599999999999,0.0,True,785.0,2904.535185,36.0,24.0,152.0,,0,2072.170341248916,False,local_research_only,325.12793208333335,157,,,,development_original_nominal,1832.1703412489164,,,,,,,,,,0.11399280200000003,0.11399439300294034,5b49f9835afc37290867e03a5fd809c5fc0267a15ecf979693e64bba924fe914,exited,12,8860.851706244583,True,1.8828255126209887,1.8828255126209892,,,,2.1294609443030725,325.12793208333335,development_bc/trace-000-B.json.gz,3901.535185,0.11396795000473503
development_original_nominal,q3-random-910100,q3-random-910100,C,development_bc,primary,1,171,True,True,,True,2072.1703412489164,1.0,12,True,4425.599999999999,0.0,True,785.0,2904.535185,36.0,24.0,152.0,,0,2072.170341248916,False,local_research_only,325.12793208333335,157,,,,development_original_nominal,1832.1703412489164,,,,,,,,,,0.081401318,0.08141046999662649,5b49f9835afc37290867e03a5fd809c5fc0267a15ecf979693e64bba924fe914,exited,12,8860.851706244583,True,1.8828255126209887,1.8828255126209892,,,,2.1294609443030725,325.12793208333335,development_bc/trace-000-C.json.gz,3901.535185,0.08138208399759606
development_original_nominal,q3-random-910101,q3-random-910101,B,development_bc,primary,1,151,True,True,,True,1952.6295868451732,1.0,14,True,4425.599999999999,0.0,True,675.0,2480.987002,42.0,28.0,127.0,,0,1952.629586845173,False,local_research_only,239.49907157142857,135,,,,development_original_nominal,1772.6295868451732,,,,,,,,,,0.09409667199999994,0.0941165300027933,292a68b7bc7a210016c392cbde920661d955a6871c7175607b69e8c812fc4fcc,exited,14,8513.147934225866,True,1.7171649065388574,1.7171649065388577,,,,1.8915327978742915,239.49907157142857,development_bc/trace-001-B.json.gz,3352.987002,0.09409924100327771
development_original_nominal,q3-random-910101,q3-random-910101,C,development_bc,primary,1,151,True,True,,True,1952.6295868451732,1.0,14,True,4425.599999999999,0.0,True,675.0,2480.987002,42.0,28.0,127.0,,0,1952.629586845173,False,local_research_only,239.49907157142857,135,,,,development_original_nominal,1772.6295868451732,,,,,,,,,,0.0625435350000001,0.06255815099575557,292a68b7bc7a210016c392cbde920661d955a6871c7175607b69e8c812fc4fcc,exited,14,8513.147934225866,True,1.7171649065388574,1.7171649065388577,,,,1.8915327978742915,239.49907157142857,development_bc/trace-001-C.json.gz,3352.987002,0.06253205699613318
development_original_nominal,q3-random-910102,q3-random-910102,B,development_bc,primary,1,154,True,True,,True,2176.01105931539,1.0,15,True,4425.599999999999,0.0,True,685.0,2750.914471,45.0,30.0,132.0,,0,2176.0110593153895,False,local_research_only,242.86096473333333,137,,,,development_original_nominal,2026.01105931539,,,,,,,,,,0.12612390400000006,0.1261351090070093,6f53eee5718914807c105563d3a735b6cf49bee254e958aa37b87cffa642dc13,exited,15,9755.05529657695,True,1.6741249799282376,1.6741249799282378,,,,1.798072352196823,242.86096473333333,development_bc/trace-002-B.json.gz,3642.914471,0.12611073999141809
development_original_nominal,q3-random-910102,q3-random-910102,C,development_bc,primary,1,154,True,True,,True,2176.01105931539,1.0,15,True,4425.599999999999,0.0,True,685.0,2750.914471,45.0,30.0,132.0,,0,2176.0110593153895,False,local_research_only,242.86096473333333,137,,,,development_original_nominal,2026.01105931539,,,,,,,,,,0.08583086000000018,0.08583291499235202,6f53eee5718914807c105563d3a735b6cf49bee254e958aa37b87cffa642dc13,exited,15,9755.05529657695,True,1.6741249799282376,1.6741249799282378,,,,1.798072352196823,242.86096473333333,development_bc/trace-002-C.json.gz,3642.914471,0.08580925999558531
development_original_nominal,q3-random-910103,q3-random-910103,B,development_bc,primary,1,154,True,True,,True,1964.4161277493852,1.0,13,True,4425.599999999999,101.15675499999998,True,695.0,2162.154314,39.0,26.0,130.0,,0,1964.416127749385,False,local_research_only,234.78110107692308,139,,,,development_original_nominal,1754.4161277493852,,,,,,,,,,0.072973862,0.07297528699564282,0bc0fea804ef1335e9e9a32713627cee6660f6e8b749e91aacd5313f062ae6b0,exited,13,8447.080638746926,True,1.5537208592849556,1.5537208592849558,,,,1.7396980486695537,234.78110107692308,development_bc/trace-003-B.json.gz,3052.154314,0.07295728399185464
development_original_nominal,q3-random-910103,q3-random-910103,C,development_bc,primary,1,156,True,True,,True,1964.4161277493852,1.0,13,True,4425.599999999999,0.0,True,705.0,2392.478458,39.0,26.0,130.0,,0,1964.416127749385,False,local_research_only,253.2675736923077,141,,,,development_original_nominal,1754.4161277493852,,,,,,,,,,0.06320652599999987,0.08205282900598831,0bc0fea804ef1335e9e9a32713627cee6660f6e8b749e91aacd5313f062ae6b0,exited,13,8447.080638746926,True,1.6760595738806954,1.6760595738806956,,,,1.876680455636078,253.2675736923077,development_bc/trace-003-C.json.gz,3292.478458,0.0820317920006346
development_original_nominal,q3-random-910104,q3-random-910104,B,development_bc,primary,1,190,True,True,,True,2134.1779942295793,1.0,16,True,0.0,0.0,True,860.0,2634.659492,48.0,32.0,167.0,,0,2134.177994229579,False,local_research_only,233.85371825,172,,,,development_original_nominal,2134.1779942295793,,,,,,,,,,0.1348936260000002,0.1349066800030414,8607ad57788a0b0ba6020f6c6313da64bc5995a41c9c677fe5495edc4771f089,exited,16,10270.889971147897,True,1.7532087305354809,1.7532087305354813,,,,1.7532087305354809,233.85371825,development_bc/trace-004-B.json.gz,3741.659492,0.13488559100369457
development_original_nominal,q3-random-910104,q3-random-910104,C,development_bc,primary,1,189,True,True,,True,2134.1779942295793,1.0,16,True,0.0,0.0,True,855.0,2628.125061,48.0,32.0,167.0,,0,2134.177994229579,False,local_research_only,233.1328163125,171,,,,development_original_nominal,2134.1779942295793,,,,,,,,,,0.10917221100000019,0.10918613099784125,8607ad57788a0b0ba6020f6c6313da64bc5995a41c9c677fe5495edc4771f089,exited,16,10270.889971147897,True,1.7478041058831855,1.747804105883186,,,,1.7478041058831855,233.1328163125,development_bc/trace-004-C.json.gz,3730.125061,0.10916502399777528
development_original_nominal,q3-random-910105,q3-random-910105,B,development_bc,primary,1,151,True,True,,True,1660.4226558780124,1.0,10,True,4425.599999999999,0.0,True,695.0,2214.45693,30.0,20.0,128.0,,0,1660.4226558780122,False,local_research_only,308.74569299999996,139,,,,development_original_nominal,1360.4226558780124,,,,,,,,,,0.083386344,0.08339630100817885,3e76f4cfbab23b979d069a2d82cd5cf65f67f5167633d1d7a65db79667aa3edf,exited,10,6552.1132793900615,True,1.8594403774666566,1.8594403774666568,,,,2.269483617212597,308.74569299999996,development_bc/trace-005-B.json.gz,3087.45693,0.08337906499218661
development_original_nominal,q3-random-910105,q3-random-910105,C,development_bc,primary,1,152,True,True,,True,1660.4226558780124,1.0,10,True,4425.599999999999,0.0,True,700.0,2221.038793,30.0,20.0,128.0,,0,1660.4226558780122,False,local_research_only,309.9038793,140,,,,development_original_nominal,1360.4226558780124,,,,,,,,,,0.05921197400000011,0.05923041299683973,3e76f4cfbab23b979d069a2d82cd5cf65f67f5167633d1d7a65db79667aa3edf,exited,10,6552.1132793900615,True,1.8664156273881147,1.866415627388115,,,,2.2779970471749387,309.9038793,development_bc/trace-005-C.json.gz,3099.038793,0.05920590501045808
development_original_nominal,q3-random-910106,q3-random-910106,B,development_bc,primary,1,157,True,True,,True,1900.5380674943597,1.0,15,True,4425.599999999999,295.21727599999986,True,700.0,2660.349906,45.0,30.0,136.0,,0,1900.5380674943594,False,local_research_only,238.08999373333333,140,,,,development_original_nominal,1750.5380674943597,,,,,,,,,,0.12033415199999986,0.12033627399068791,afe05a65890bebd2b2e2116411d31de7c124615db41d5c5ab154d49647e59b7a,exited,15,8377.690337471799,True,1.8791256892362136,1.8791256892362138,,,,2.0401440975870164,238.08999373333333,development_bc/trace-006-B.json.gz,3571.349906,0.12031771999318153
development_original_nominal,q3-random-910106,q3-random-910106,C,development_bc,primary,1,157,True,True,,True,1900.5380674943597,1.0,15,True,4425.599999999999,280.1864270000001,True,700.0,2645.319057,45.0,30.0,136.0,,0,1900.5380674943594,False,local_research_only,237.08793713333336,140,,,,development_original_nominal,1750.5380674943597,,,,,,,,,,0.08772952700000003,0.08773461100645363,afe05a65890bebd2b2e2116411d31de7c124615db41d5c5ab154d49647e59b7a,exited,15,8377.690337471799,True,1.8712169557795792,1.8712169557795795,,,,2.031557681056518,237.08793713333336,development_bc/trace-006-C.json.gz,3556.319057,0.08771386099397205
development_original_nominal,q3-random-910107,q3-random-910107,B,development_bc,primary,1,154,True,True,,True,2071.7883992002644,1.0,14,True,4425.599999999999,0.0,True,690.0,2437.541162,42.0,28.0,129.0,,0,2071.788399200264,False,local_research_only,237.610083,138,,,,development_original_nominal,1891.7883992002644,,,,,,,,,,0.10261361000000013,0.10262157300894614,c79e5cef8c657ae94ff60befb655ba66f1afd2610bc886c3f20bd3437444e076,exited,14,9108.941996001322,True,1.6056375078092364,1.6056375078092369,,,,1.7584108050383773,237.610083,development_bc/trace-007-B.json.gz,3326.541162,0.10260467699845321
development_original_nominal,q3-random-910107,q3-random-910107,C,development_bc,primary,1,154,True,True,,True,2071.7883992002644,1.0,14,True,4425.599999999999,0.0,True,690.0,2423.901384,42.0,28.0,129.0,,0,2071.788399200264,False,local_research_only,236.63581314285713,138,,,,development_original_nominal,1891.7883992002644,,,,,,,,,,0.07369311000000023,0.07370167200861033,c79e5cef8c657ae94ff60befb655ba66f1afd2610bc886c3f20bd3437444e076,exited,14,9108.941996001322,True,1.5990539310282943,1.5990539310282945,,,,1.7512008136853452,236.63581314285713,development_bc/trace-007-C.json.gz,3312.901384,0.07367824099492282
development_original_nominal,q3-random-910108,q3-random-910108,B,development_bc,primary,1,150,True,True,,True,2081.0674898469483,1.0,14,True,4425.599999999999,0.0,True,670.0,2484.695396,42.0,28.0,126.0,,0,2081.067489846948,False,local_research_only,239.33538542857144,134,,,,development_original_nominal,1901.0674898469483,,,,,,,,,,0.10519730499999991,0.10519902600208297,c4e24e847658f2f1056d278939a3c98738061575bedac46127e3f43d36c735f2,exited,14,9155.337449234741,True,1.610084926292528,1.6100849262925283,,,,1.7625336364411548,239.33538542857144,development_bc/trace-008-B.json.gz,3350.695396,0.10518094399594702
development_original_nominal,q3-random-910108,q3-random-910108,C,development_bc,primary,1,150,True,True,,True,2081.0674898469483,1.0,14,True,4425.599999999999,0.0,True,670.0,2486.440012,42.0,28.0,126.0,,0,2081.067489846948,False,local_research_only,239.46000085714286,134,,,,development_original_nominal,1901.0674898469483,,,,,,,,,,0.07771133000000008,0.07782481599133462,c4e24e847658f2f1056d278939a3c98738061575bedac46127e3f43d36c735f2,exited,14,9155.337449234741,True,1.6109232537415472,1.6109232537415474,,,,1.7634513397890461,239.46000085714286,development_bc/trace-008-C.json.gz,3352.440012,0.07780814300349448
development_original_nominal,q3-random-910109,q3-random-910109,B,development_bc,primary,1,150,True,True,,True,2057.6384695214974,1.0,16,True,0.0,0.0,True,660.0,2628.320632,48.0,32.0,127.0,,0,2057.638469521497,False,local_research_only,218.4575395,132,,,,development_original_nominal,2057.6384695214974,,,,,,,,,,0.12978860199999964,0.129790592007339,26562ec4912877a778e100ce77238c2f8b79f6a2f4b247e95d32dd6478a8c20c,exited,16,9888.192347607488,True,1.6987049395576448,1.6987049395576452,,,,1.6987049395576448,218.4575395,development_bc/trace-009-B.json.gz,3495.320632,0.12977000200771727
development_original_nominal,q3-random-910109,q3-random-910109,C,development_bc,primary,1,150,True,True,,True,2057.6384695214974,1.0,16,True,0.0,0.0,True,660.0,2628.320632,48.0,32.0,127.0,,0,2057.638469521497,False,local_research_only,218.4575395,132,,,,development_original_nominal,2057.6384695214974,,,,,,,,,,0.10302841999999934,0.1030360830045538,26562ec4912877a778e100ce77238c2f8b79f6a2f4b247e95d32dd6478a8c20c,exited,16,9888.192347607488,True,1.6987049395576448,1.6987049395576452,,,,1.6987049395576448,218.4575395,development_bc/trace-009-C.json.gz,3495.320632,0.10301486900425516
development_original_nominal,q3-random-910110,q3-random-910110,B,development_bc,primary,1,152,True,True,,True,1961.2177805839679,1.0,15,True,4425.599999999999,0.0,True,675.0,2589.882175,45.0,30.0,125.0,,0,1961.2177805839676,False,local_research_only,230.99214500000002,135,,,,development_original_nominal,1811.2177805839679,,,,,,,,,,0.10222209700000029,0.10226303899253253,7a5287892246d7ed44638f68bf3e3df4887a2379fe8d2486f229e13a3c52556f,exited,15,8681.088902919839,True,1.7666993483856264,1.7666993483856266,,,,1.91301245611826,230.99214500000002,development_bc/trace-010-B.json.gz,3464.882175,0.10224494300200604
development_original_nominal,q3-random-910110,q3-random-910110,C,development_bc,primary,1,152,True,True,,True,1961.2177805839679,1.0,15,True,4425.599999999999,0.0,True,675.0,2589.882175,45.0,30.0,125.0,,0,1961.2177805839676,False,local_research_only,230.99214500000002,135,,,,development_original_nominal,1811.2177805839679,,,,,,,,,,0.06241381900000054,0.062425588999758475,7a5287892246d7ed44638f68bf3e3df4887a2379fe8d2486f229e13a3c52556f,exited,15,8681.088902919839,True,1.7666993483856264,1.7666993483856266,,,,1.91301245611826,230.99214500000002,development_bc/trace-010-C.json.gz,3464.882175,0.062400571012403816
development_original_nominal,q3-random-910111,q3-random-910111,B,development_bc,primary,1,181,True,True,,True,2357.2659496510414,1.0,13,True,4425.599999999999,0.0,True,830.0,2539.415001,39.0,26.0,164.0,,0,2357.265949651041,False,local_research_only,276.8011539230769,166,,,,development_original_nominal,2147.2659496510414,,,,,,,,,,0.10821667299999937,0.10822969100263435,6fca6a038834f8e81bd54eba38aae5df89395ecb6d9e01099ecb9d46604c7914,exited,13,10411.329748255208,True,1.526520586925159,1.5265205869251592,,,,1.675812444930163,276.8011539230769,development_bc/trace-011-B.json.gz,3598.415001,0.10821177699835971
development_original_nominal,q3-random-910111,q3-random-910111,C,development_bc,primary,1,181,True,True,,True,2357.2659496510414,1.0,13,True,4425.599999999999,0.0,True,830.0,2539.415001,39.0,26.0,164.0,,0,2357.265949651041,False,local_research_only,276.8011539230769,166,,,,development_original_nominal,2147.2659496510414,,,,,,,,,,0.08861603799999962,0.08863844200095627,6fca6a038834f8e81bd54eba38aae5df89395ecb6d9e01099ecb9d46604c7914,exited,13,10411.329748255208,True,1.526520586925159,1.5265205869251592,,,,1.675812444930163,276.8011539230769,development_bc/trace-011-C.json.gz,3598.415001,0.08861743200395722
development_original_pressure,q3-hard-boundary_outward,q3-hard-boundary_outward,B,development_bc,primary,1,165,True,True,,True,2617.846834811964,1.0,12,True,4425.599999999999,0.0,True,755.0,3077.374467,36.0,24.0,132.0,,0,2617.8468348119636,False,local_research_only,335.3645389166667,151,,,,development_original_pressure,2377.846834811964,,,,,,,,,,0.09081377900000032,0.09081512100237887,62314f93e849ba0c40b2465c25c63df6a4127477f4f0e5a67e77c4673fa205a8,exited,12,11589.23417405982,True,1.5372841579133352,1.5372841579133354,,,,1.6924447815909223,335.3645389166667,development_bc/trace-012-B.json.gz,4024.374467,0.09079750601085834
development_original_pressure,q3-hard-boundary_outward,q3-hard-boundary_outward,C,development_bc,primary,1,167,True,True,,True,2617.846834811964,1.0,12,True,4425.599999999999,0.0,True,765.0,3060.730076,36.0,24.0,132.0,,0,2617.8468348119636,False,local_research_only,334.81083966666665,153,,,,development_original_pressure,2377.846834811964,,,,,,,,,,0.10653766599999948,0.10654752200935036,62314f93e849ba0c40b2465c25c63df6a4127477f4f0e5a67e77c4673fa205a8,exited,12,11589.23417405982,True,1.5347460449452106,1.5347460449452108,,,,1.6896504926978255,334.81083966666665,development_bc/trace-012-C.json.gz,4017.730076,0.10652554700209294
development_original_pressure,q3-hard-minimum_radius,q3-hard-minimum_radius,B,development_bc,primary,1,159,True,True,,True,1978.2795715633056,1.0,14,True,4425.599999999999,0.0,True,715.0,2652.497539,42.0,28.0,128.0,,0,1978.2795715633054,False,local_research_only,254.67839564285714,143,,,,development_original_pressure,1798.2795715633056,,,,,,,,,,0.09821093399999992,0.09821554600785021,f4db40ec59f1d40eb75ac981b5a6735156277c65d7a41a3d0a3cdf2d9d2b8884,exited,14,8641.397857816528,True,1.802322376600401,1.8023223766004013,,,,1.982727043882499,254.67839564285714,development_bc/trace-013-B.json.gz,3565.497539,0.0981955699971877
development_original_pressure,q3-hard-minimum_radius,q3-hard-minimum_radius,C,development_bc,primary,1,161,True,True,,True,1978.2795715633056,1.0,14,True,4425.599999999999,0.0,True,725.0,2667.93989,42.0,28.0,128.0,,0,1978.2795715633054,False,local_research_only,256.49570642857145,145,,,,development_original_pressure,1798.2795715633056,,,,,,,,,,0.07301824099999976,0.07302236399846151,f4db40ec59f1d40eb75ac981b5a6735156277c65d7a41a3d0a3cdf2d9d2b8884,exited,14,8641.397857816528,True,1.8151832236544374,1.8151832236544374,,,,1.9968752060494541,256.49570642857145,development_bc/trace-013-C.json.gz,3590.93989,0.07300226399092935
development_original_pressure,q3-hard-positive_error,q3-hard-positive_error,B,development_bc,primary,1,165,True,True,,True,1978.2795715633056,1.0,14,True,4425.599999999999,0.0,True,745.0,2668.410084,42.0,28.0,142.0,,0,1978.2795715633054,False,local_research_only,258.95786314285715,149,,,,development_original_pressure,1798.2795715633056,,,,,,,,,,0.0878902530000003,0.08789202399202622,de1667bff766c0c75e39ecc02e52cc21b5aa791a3fbb7ec8ff6aa3f45ecef0a8,exited,14,8641.397857816528,True,1.8326075525993903,1.8326075525993906,,,,2.0160436348883772,258.95786314285715,development_bc/trace-014-B.json.gz,3625.410084,0.0878728040115675
development_original_pressure,q3-hard-positive_error,q3-hard-positive_error,C,development_bc,primary,1,165,True,True,,True,1978.2795715633056,1.0,14,True,4425.599999999999,0.0,True,745.0,2668.410084,42.0,28.0,142.0,,0,1978.2795715633054,False,local_research_only,258.95786314285715,149,,,,development_original_pressure,1798.2795715633056,,,,,,,,,,0.06659544999999945,0.06659709700034,de1667bff766c0c75e39ecc02e52cc21b5aa791a3fbb7ec8ff6aa3f45ecef0a8,exited,14,8641.397857816528,True,1.8326075525993903,1.8326075525993906,,,,2.0160436348883772,258.95786314285715,development_bc/trace-014-C.json.gz,3625.410084,0.06657533900579438
development_original_pressure,q3-hard-negative_error,q3-hard-negative_error,B,development_bc,primary,1,158,True,True,,True,1978.2795715633056,1.0,14,True,4425.599999999999,0.0,True,710.0,2644.835354,42.0,28.0,127.0,,0,1978.2795715633054,False,local_research_only,253.70252528571427,142,,,,development_original_pressure,1798.2795715633056,,,,,,,,,,0.09487387900000055,0.09487776999594644,06bf6cf9e6d52406e720cc504c11c0e958f77aa226f894b6be81ec77115b78b6,exited,14,8641.397857816528,True,1.7954162824383895,1.7954162824383897,,,,1.975129679592739,253.70252528571427,development_bc/trace-015-B.json.gz,3551.835354,0.09485986300569493
development_original_pressure,q3-hard-negative_error,q3-hard-negative_error,C,development_bc,primary,1,159,True,True,,True,1978.2795715633056,1.0,14,True,4425.599999999999,0.0,True,715.0,2639.111487,42.0,28.0,127.0,,0,1978.2795715633054,False,local_research_only,253.6508205,143,,,,development_original_pressure,1798.2795715633056,,,,,,,,,,0.06802810900000011,0.0680404729937436,06bf6cf9e6d52406e720cc504c11c0e958f77aa226f894b6be81ec77115b78b6,exited,14,8641.397857816528,True,1.7950503751063798,1.79505037510638,,,,1.9747271465208818,253.6508205,development_bc/trace-015-C.json.gz,3551.111487,0.06801917399570812
development_original_pressure,q3-hard-alternating_error,q3-hard-alternating_error,B,development_bc,primary,1,156,True,True,,True,1978.2795715633056,1.0,14,True,4425.599999999999,0.0,True,700.0,2614.367706,42.0,28.0,126.0,,0,1978.2795715633054,False,local_research_only,250.74055042857142,140,,,,development_original_pressure,1798.2795715633056,,,,,,,,,,0.08390014999999984,0.08390080800745636,089c00b8bcce125f97ded73da8e89b3161dff20c1881cc8c9162a77fa070570e,exited,14,8641.397857816528,True,1.7744548123832593,1.7744548123832595,,,,1.9520700571315048,250.74055042857142,development_bc/trace-016-B.json.gz,3510.367706,0.08388014099909924
development_original_pressure,q3-hard-alternating_error,q3-hard-alternating_error,C,development_bc,primary,1,157,True,True,,True,1978.2795715633056,1.0,14,True,4425.599999999999,0.0,True,705.0,2608.661132,42.0,28.0,126.0,,0,1978.2795715633054,False,local_research_only,250.69008085714287,141,,,,development_original_pressure,1798.2795715633056,,,,,,,,,,0.06391310400000005,0.06392333999974653,089c00b8bcce125f97ded73da8e89b3161dff20c1881cc8c9162a77fa070570e,exited,14,8641.397857816528,True,1.774097646485094,1.774097646485094,,,,1.9516771404731759,250.69008085714287,development_bc/trace-016-C.json.gz,3509.661132,0.06390434999775607
development_original_pressure,q3-hard-close_targets,q3-hard-close_targets,B,development_bc,primary,1,100,True,True,,True,429.79784756506996,1.0,14,True,4425.599999999999,1284.137735,True,420.0,1448.461219,42.0,28.0,82.0,,0,1135.1199999999997,False,local_research_only,144.3186585,84,,,,development_original_pressure,249.79784756506996,,,,,,,,,,0.06897678700000043,0.06898101999831852,c512b6f68567f325c72a0445fd900a89c19e388cccd858c02b4c2f4779deb1e8,exited,14,898.9892378253498,True,4.700957043983588,1.7799538542180569,,,,8.088385223069983,144.3186585,development_bc/trace-017-B.json.gz,2020.461219,0.06896217798930593
development_original_pressure,q3-hard-close_targets,q3-hard-close_targets,C,development_bc,primary,1,100,True,True,,True,429.79784756506996,1.0,14,True,4425.599999999999,1213.946885,True,420.0,1378.270369,42.0,28.0,82.0,,0,1135.1199999999997,False,local_research_only,139.30502635714285,84,,,,development_original_pressure,249.79784756506996,,,,,,,,,,0.06255632200000072,0.06256543099880219,c512b6f68567f325c72a0445fd900a89c19e388cccd858c02b4c2f4779deb1e8,exited,14,898.9892378253498,True,4.537645732869185,1.71811823331454,,,,7.807394611324556,139.30502635714285,development_bc/trace-017-C.json.gz,1950.270369,0.06253988599928562
development_original_pressure,q3-hard-near_parallel,q3-hard-near_parallel,B,development_bc,primary,1,129,True,True,,True,446.00000379999994,1.0,14,True,4425.599999999999,1364.8424480000003,True,565.0,1834.316149,42.0,28.0,106.0,,0,1135.1199999999997,False,local_research_only,183.9511535,113,,,,development_original_pressure,266.00000379999994,,,,,,,,,,0.11756398200000007,0.11758792400360107,a590b42740983fe9210079e89c590e6da56965d424cb8b9d6a6209065d31afdd,exited,14,980.0000189999997,True,5.774251405959294,2.268761143315245,,,,9.681639519585604,183.9511535,development_bc/trace-018-B.json.gz,2575.316149,0.11756903400237206
development_original_pressure,q3-hard-near_parallel,q3-hard-near_parallel,C,development_bc,primary,1,126,True,True,,True,446.00000379999994,1.0,14,True,4425.599999999999,1294.218853,True,550.0,1642.51886,42.0,28.0,107.0,,0,1135.1199999999997,False,local_research_only,169.25134714285716,110,,,,development_original_pressure,266.00000379999994,,,,,,,,,,0.08093581499999924,0.08093736799492035,a590b42740983fe9210079e89c590e6da56965d424cb8b9d6a6209065d31afdd,exited,14,980.0000189999997,True,5.312822510787612,2.0874611142434287,,,,8.907965511841097,169.25134714285716,development_bc/trace-018-C.json.gz,2369.51886,0.08091447100741789
development_original_pressure,edge16-1000-positive_extreme,edge16-1000-positive_extreme,B,development_bc,primary,1,186,True,True,,True,2422.975474574185,1.0,16,True,0.0,0.0,True,840.0,3751.978607,48.0,32.0,149.0,,0,2422.9754745741843,False,local_research_only,301.3111629375,168,,,,development_original_pressure,2422.975474574185,,,,,,,,,,0.09300399299999995,0.093004557013046,b29000835259ac509e96a8549359f27593444aac67be258011d9c7cd73093117,exited,16,11714.877372870924,True,1.9896935225261583,1.9896935225261587,,,,1.9896935225261583,301.3111629375,development_bc/trace-019-B.json.gz,4820.978607,0.09297033099574037
development_original_pressure,edge16-1000-positive_extreme,edge16-1000-positive_extreme,C,development_bc,primary,1,186,True,True,,True,2422.975474574185,1.0,16,True,0.0,0.0,True,840.0,3730.593,48.0,32.0,151.0,,0,2422.9754745741843,False,local_research_only,300.0995625,168,,,,development_original_pressure,2422.975474574185,,,,,,,,,,0.10252039400000079,0.10252171399770305,b29000835259ac509e96a8549359f27593444aac67be258011d9c7cd73093117,exited,16,11714.877372870924,True,1.9816927783158163,1.9816927783158167,,,,1.9816927783158163,300.0995625,development_bc/trace-019-C.json.gz,4801.593,0.10250436600472312
development_original_pressure,edge16-1000-negative_extreme,edge16-1000-negative_extreme,B,development_bc,primary,1,186,True,True,,True,2422.975474574185,1.0,16,True,0.0,0.0,True,840.0,3751.978607,48.0,32.0,148.0,,0,2422.9754745741843,False,local_research_only,301.2486629375,168,,,,development_original_pressure,2422.975474574185,,,,,,,,,,0.09315284400000046,0.0931546430074377,a20624c3edef9a7958c9ad16e9f4b4d3981e06fd17bb12ae448f1f224f1e245c,exited,16,11714.877372870924,True,1.9892808068340295,1.98928080683403,,,,1.9892808068340295,301.2486629375,development_bc/trace-020-B.json.gz,4819.978607,0.09313416900113225
development_original_pressure,edge16-1000-negative_extreme,edge16-1000-negative_extreme,C,development_bc,primary,1,186,True,True,,True,2422.975474574185,1.0,16,True,0.0,0.0,True,840.0,3730.593,48.0,32.0,150.0,,0,2422.9754745741843,False,local_research_only,300.0370625,168,,,,development_original_pressure,2422.975474574185,,,,,,,,,,0.11299741900000093,0.11300829600077122,a20624c3edef9a7958c9ad16e9f4b4d3981e06fd17bb12ae448f1f224f1e245c,exited,16,11714.877372870924,True,1.9812800626236875,1.981280062623688,,,,1.9812800626236875,300.0370625,development_bc/trace-020-C.json.gz,4800.593,0.11298483899736311
development_original_pressure,edge16-1500-positive_extreme,edge16-1500-positive_extreme,B,development_bc,primary,1,160,True,True,,True,2422.975474574185,1.0,16,True,0.0,0.0,True,710.0,3233.212664,48.0,32.0,123.0,,0,2422.9754745741843,False,local_research_only,259.1382915,142,,,,development_original_pressure,2422.975474574185,,,,,,,,,,0.11165777399999932,0.11165862700727303,33b701501e0493d5cdb3e0800008602dc6dcab08cb44bcb23592dd369fe500d6,exited,16,11714.877372870924,True,1.7112070293359687,1.711207029335969,,,,1.7112070293359687,259.1382915,development_bc/trace-021-B.json.gz,4146.212664,0.11163784500968177
development_original_pressure,edge16-1500-positive_extreme,edge16-1500-positive_extreme,C,development_bc,primary,1,160,True,True,,True,2422.975474574185,1.0,16,True,0.0,0.0,True,710.0,2952.079571,48.0,32.0,124.0,,0,2422.9754745741843,False,local_research_only,241.6299731875,142,,,,development_original_pressure,2422.975474574185,,,,,,,,,,0.1243181730000007,0.12433102399518248,33b701501e0493d5cdb3e0800008602dc6dcab08cb44bcb23592dd369fe500d6,exited,16,11714.877372870924,True,1.5955917059702915,1.5955917059702918,,,,1.5955917059702915,241.6299731875,development_bc/trace-021-C.json.gz,3866.079571,0.12430981200304814
development_original_pressure,edge16-1500-negative_extreme,edge16-1500-negative_extreme,B,development_bc,primary,1,160,True,True,,True,2422.975474574185,1.0,16,True,0.0,0.0,True,710.0,3233.212664,48.0,32.0,123.0,,0,2422.9754745741843,False,local_research_only,259.1382915,142,,,,development_original_pressure,2422.975474574185,,,,,,,,,,0.1103768340000002,0.11038621599436738,2d608e6b8a9ced1c145e6a2b196295df588fff82f3b6e9e7bf8b72287bf9d62e,exited,16,11714.877372870924,True,1.7112070293359687,1.711207029335969,,,,1.7112070293359687,259.1382915,development_bc/trace-022-B.json.gz,4146.212664,0.11036309700284619
development_original_pressure,edge16-1500-negative_extreme,edge16-1500-negative_extreme,C,development_bc,primary,1,160,True,True,,True,2422.975474574185,1.0,16,True,0.0,0.0,True,710.0,2952.079571,48.0,32.0,124.0,,0,2422.9754745741843,False,local_research_only,241.6299731875,142,,,,development_original_pressure,2422.975474574185,,,,,,,,,,0.12467131700000067,0.12469472399970982,2d608e6b8a9ced1c145e6a2b196295df588fff82f3b6e9e7bf8b72287bf9d62e,exited,16,11714.877372870924,True,1.5955917059702915,1.5955917059702918,,,,1.5955917059702915,241.6299731875,development_bc/trace-022-C.json.gz,3866.079571,0.12467156001366675
development_original_pressure,smooth-spatial,smooth-spatial,B,development_bc,primary,1,139,True,True,,True,2244.834580127144,1.0,13,True,4425.599999999999,0.0,True,620.0,2649.621097,39.0,26.0,108.0,,0,2244.8345801271435,False,local_research_only,264.8170074615385,124,,,,development_original_pressure,2034.834580127144,,,,,,,,,,0.07710025999999992,0.07710567599860951,1c9e93f56c78c4609c510970b84a8b180dc72f5b9c993f7fde3934ca7ea029f3,exited,13,9849.17290063572,True,1.5335745125616407,1.5335745125616411,,,,1.691843224319931,264.8170074615385,development_bc/trace-023-B.json.gz,3442.621097,0.0770887629914796
development_original_pressure,smooth-spatial,smooth-spatial,C,development_bc,primary,1,139,True,True,,True,2244.834580127144,1.0,13,True,4425.599999999999,0.0,True,620.0,2649.621097,39.0,26.0,108.0,,0,2244.8345801271435,False,local_research_only,264.8170074615385,124,,,,development_original_pressure,2034.834580127144,,,,,,,,,,0.05487575299999925,0.0548855559900403,1c9e93f56c78c4609c510970b84a8b180dc72f5b9c993f7fde3934ca7ea029f3,exited,13,9849.17290063572,True,1.5335745125616407,1.5335745125616411,,,,1.691843224319931,264.8170074615385,development_bc/trace-023-C.json.gz,3442.621097,0.054865496000275016
development_added_pressure,q3-r2-cluster-14-960000,q3-r2-cluster-14-960000,B,development_bc,primary,1,100,True,True,,True,422.69742882423344,1.0,14,True,4425.599999999999,1258.377618,True,420.0,1457.727772,42.0,28.0,83.0,,0,1135.1199999999997,False,local_research_only,145.0519837142857,84,,,,development_added_pressure,242.69742882423344,,,,,,,,,,0.07199316099999997,0.07199364800180774,fe4c1f5c9ca3e5b2cf460708141e813dc7692ceac4c23b51dfa7b17780c8740d,exited,14,863.4871441211671,True,4.804211318835392,1.788998319120446,,,,8.367322974281262,145.0519837142857,development_bc/trace-024-B.json.gz,2030.727772,0.07196854900394101
development_added_pressure,q3-r2-cluster-14-960000,q3-r2-cluster-14-960000,C,development_bc,primary,1,100,True,True,,True,422.69742882423344,1.0,14,True,4425.599999999999,1188.117477,True,420.0,1387.467631,42.0,28.0,83.0,,0,1135.1199999999997,False,local_research_only,140.0334022142857,84,,,,development_added_pressure,242.69742882423344,,,,,,,,,,0.055247278999999594,0.05525154300266877,fe4c1f5c9ca3e5b2cf460708141e813dc7692ceac4c23b51dfa7b17780c8740d,exited,14,863.4871441211671,True,4.637992798899195,1.7271016553315954,,,,8.077826124889901,140.0334022142857,development_bc/trace-024-C.json.gz,1960.467631,0.05523161900055129
development_added_pressure,q3-r2-cluster-16-960001,q3-r2-cluster-16-960001,B,development_bc,primary,1,74,True,True,,True,252.69742882423344,1.0,16,True,0.0,0.0,True,280.0,189.177915,48.0,32.0,55.0,,0,252.6974288242334,False,local_research_only,37.7611196875,56,,,,development_added_pressure,252.69742882423344,,,,,,,,,,0.05392284000000025,0.05393149699375499,4d6e801386b64a4fddddd65751c0e6c57ede7d5098684088d042ae419e81e318,exited,16,863.4871441211671,True,2.3909143745987333,2.3909143745987333,,,,2.3909143745987333,37.7611196875,development_bc/trace-025-B.json.gz,604.177915,0.0539106409996748
development_added_pressure,q3-r2-cluster-16-960001,q3-r2-cluster-16-960001,C,development_bc,primary,1,74,True,True,,True,252.69742882423344,1.0,16,True,0.0,0.0,True,280.0,189.177915,48.0,32.0,55.0,,0,252.6974288242334,False,local_research_only,37.7611196875,56,,,,development_added_pressure,252.69742882423344,,,,,,,,,,0.05325802900000021,0.05325925099896267,4d6e801386b64a4fddddd65751c0e6c57ede7d5098684088d042ae419e81e318,exited,16,863.4871441211671,True,2.3909143745987333,2.3909143745987333,,,,2.3909143745987333,37.7611196875,development_bc/trace-025-C.json.gz,604.177915,0.05323759699240327
development_added_pressure,q3-r2-hiddenfar-14-960002,q3-r2-hiddenfar-14-960002,B,development_bc,primary,1,105,True,True,,True,927.6383364348831,1.0,14,True,4425.599999999999,806.465915,True,445.0,1605.313905,42.0,28.0,86.0,,0,1135.1199999999997,False,local_research_only,157.59385035714286,89,,,,development_added_pressure,747.6383364348831,,,,,,,,,,0.06439585999999942,0.06439670998952352,91af4256296306e31b219717e9f94a4d5ab3392b9d08c5aaec90ce54d892eb43,exited,14,3388.1916821744153,True,2.3784203588214634,1.9436834035168093,,,,2.951044371963078,157.59385035714286,development_bc/trace-026-B.json.gz,2206.313905,0.06437810898933094
development_added_pressure,q3-r2-hiddenfar-14-960002,q3-r2-hiddenfar-14-960002,C,development_bc,primary,1,107,True,True,,True,927.6383364348831,1.0,14,True,4425.599999999999,777.7739689999999,True,455.0,1542.645349,42.0,28.0,86.0,,0,1135.1199999999997,False,local_research_only,153.83181064285714,91,,,,development_added_pressure,747.6383364348831,,,,,,,,,,0.055855261999999684,0.05586023299838416,91af4256296306e31b219717e9f94a4d5ab3392b9d08c5aaec90ce54d892eb43,exited,14,3388.1916821744153,True,2.3216433219835757,1.897284295052506,,,,2.8805978025012307,153.83181064285714,development_bc/trace-026-C.json.gz,2153.645349,0.055840114000602625
development_added_pressure,q3-r2-hiddenfar-16-960003,q3-r2-hiddenfar-16-960003,B,development_bc,primary,1,91,True,True,,True,757.6383364348831,1.0,16,True,0.0,0.0,True,365.0,908.7602,48.0,32.0,69.0,,0,757.638336434883,False,local_research_only,88.9225125,73,,,,development_added_pressure,757.6383364348831,,,,,,,,,,0.07511600299999976,0.07512441101425793,1a4aa77ced2a7d6af633d7c791e753368d15ffcc215fd10391110a70d4bbd193,exited,16,3388.1916821744153,True,1.8778883427347295,1.8778883427347297,,,,1.8778883427347295,88.9225125,development_bc/trace-027-B.json.gz,1422.7602,0.07510282499424648
development_added_pressure,q3-r2-hiddenfar-16-960003,q3-r2-hiddenfar-16-960003,C,development_bc,primary,1,93,True,True,,True,757.6383364348831,1.0,16,True,0.0,0.0,True,375.0,874.503385,48.0,32.0,69.0,,0,757.638336434883,False,local_research_only,87.4064615625,75,,,,development_added_pressure,757.6383364348831,,,,,,,,,,0.062056329999998994,0.06206614201073535,1a4aa77ced2a7d6af633d7c791e753368d15ffcc215fd10391110a70d4bbd193,exited,16,3388.1916821744153,True,1.8458719916164084,1.8458719916164086,,,,1.8458719916164084,87.4064615625,development_bc/trace-027-C.json.gz,1398.503385,0.062045893995673396
development_added_pressure,q3-r2-collinear-14-960004,q3-r2-collinear-14-960004,B,development_bc,primary,1,114,True,True,,True,426.00000085518315,1.0,14,True,4425.599999999999,981.6651669999999,True,490.0,1522.406869,42.0,28.0,97.0,,0,1135.1199999999997,False,local_research_only,155.6719192142857,98,,,,development_added_pressure,246.00000085518315,,,,,,,,,,0.049583679999999575,0.04958425300719682,30f5cd7fc466df759d7a7399509030b52502e63f149418d8993e6abb88c82898,exited,14,880.0000042759157,True,5.115978555457515,1.9199792700331249,,,,8.859377485461827,155.6719192142857,development_bc/trace-028-B.json.gz,2179.406869,0.049564834000193514
development_added_pressure,q3-r2-collinear-14-960004,q3-r2-collinear-14-960004,C,development_bc,primary,1,114,True,True,,True,426.00000085518315,1.0,14,True,4425.599999999999,935.9165930000001,True,490.0,1476.658295,42.0,28.0,97.0,,0,1135.1199999999997,False,local_research_only,152.40416392857145,98,,,,development_added_pressure,246.00000085518315,,,,,,,,,,0.03567753299999943,0.03569668999989517,30f5cd7fc466df759d7a7399509030b52502e63f149418d8993e6abb88c82898,exited,14,880.0000042759157,True,5.008587536893757,1.8796764174712812,,,,8.673407673100195,152.40416392857145,development_bc/trace-028-C.json.gz,2133.658295,0.03567819399177097
development_added_pressure,q3-r2-collinear-16-960005,q3-r2-collinear-16-960005,B,development_bc,primary,1,95,True,True,,True,256.00000085518315,1.0,16,True,0.0,0.0,True,385.0,696.664653,48.0,32.0,76.0,,0,256.0000008551831,False,local_research_only,77.3540408125,77,,,,development_added_pressure,256.00000085518315,,,,,,,,,,0.03802036900000161,0.0380216679914156,fe05b034ddf2944a13ada8cd8d28fc350de586be4283a459b5e7b67f9f90baef,exited,16,880.0000042759157,True,4.834627534630891,4.834627534630892,,,,4.834627534630891,77.3540408125,development_bc/trace-029-B.json.gz,1237.664653,0.0380016700073611
development_added_pressure,q3-r2-collinear-16-960005,q3-r2-collinear-16-960005,C,development_bc,primary,1,95,True,True,,True,256.00000085518315,1.0,16,True,0.0,0.0,True,385.0,696.664653,48.0,32.0,76.0,,0,256.0000008551831,False,local_research_only,77.3540408125,77,,,,development_added_pressure,256.00000085518315,,,,,,,,,,0.035953076000000195,0.03595903101086151,fe05b034ddf2944a13ada8cd8d28fc350de586be4283a459b5e7b67f9f90baef,exited,16,880.0000042759157,True,4.834627534630891,4.834627534630892,,,,4.834627534630891,77.3540408125,development_bc/trace-029-C.json.gz,1237.664653,0.03593735900358297
development_added_pressure,q3-r2-boundary_min-10-960006,q3-r2-boundary_min-10-960006,B,development_bc,primary,1,163,True,True,,True,1887.9986294989158,1.0,10,True,4425.599999999999,282.3581830000003,True,755.0,2742.181982,30.0,20.0,140.0,,0,1887.9986294989155,False,local_research_only,368.7181982,151,,,,development_added_pressure,1587.9986294989158,,,,,,,,,,0.05526212300000033,0.05529255099827424,ec4c874c4ceee73bcc8af5e3e3e7ccb1a3f9c397e85f63ab844471166a6e4e05,exited,10,7689.993147494579,True,1.9529579759168556,1.9529579759168558,,,,2.321905015222507,368.7181982,development_bc/trace-030-B.json.gz,3687.181982,0.05527192199951969
development_added_pressure,q3-r2-boundary_min-10-960006,q3-r2-boundary_min-10-960006,C,development_bc,primary,1,167,True,True,,True,1887.9986294989158,1.0,10,True,4425.599999999999,263.3678719999998,True,775.0,2744.253643,30.0,20.0,143.0,,0,1887.9986294989155,False,local_research_only,371.2253643,155,,,,development_added_pressure,1587.9986294989158,,,,,,,,,,0.0666862100000003,0.06670062799821608,ec4c874c4ceee73bcc8af5e3e3e7ccb1a3f9c397e85f63ab844471166a6e4e05,exited,10,7689.993147494579,True,1.9662374670183158,1.966237467018316,,,,2.3376932284704686,371.2253643,development_bc/trace-030-C.json.gz,3712.253643,0.06667820000438951
development_added_pressure,q3-r2-boundary_min-16-960007,q3-r2-boundary_min-16-960007,B,development_bc,primary,1,174,True,True,,True,2405.9511886986925,1.0,16,True,0.0,0.0,True,780.0,3658.48159,48.0,32.0,139.0,,0,2405.951188698692,False,local_research_only,291.092599375,156,,,,development_added_pressure,2405.9511886986925,,,,,,,,,,0.08524431500000063,0.08531135199882556,3f1ed64ea4f1ecaa2f455b428a761c91c3353de052b89d2cb100fc0eecd0085e,exited,16,11629.755943493463,True,1.9358171570052067,1.935817157005207,,,,1.9358171570052067,291.092599375,development_bc/trace-031-B.json.gz,4657.48159,0.0852900559984846
development_added_pressure,q3-r2-boundary_min-16-960007,q3-r2-boundary_min-16-960007,C,development_bc,primary,1,182,True,True,,True,2405.9511886986925,1.0,16,True,0.0,0.0,True,820.0,3577.254276,48.0,32.0,144.0,,0,2405.951188698692,False,local_research_only,288.82839225,164,,,,development_added_pressure,2405.9511886986925,,,,,,,,,,0.09654203699999897,0.0965580729971407,3f1ed64ea4f1ecaa2f455b428a761c91c3353de052b89d2cb100fc0eecd0085e,exited,16,11629.755943493463,True,1.920759780043376,1.9207597800433764,,,,1.920759780043376,288.82839225,development_bc/trace-031-C.json.gz,4621.254276,0.09653699200134724
development_added_pressure,q3-r2-minimum_radius-10-960008,q3-r2-minimum_radius-10-960008,B,development_bc,primary,1,147,True,True,,True,1931.3726442327493,1.0,10,True,4425.599999999999,192.2534129999999,True,675.0,2440.105741,30.0,20.0,123.0,,0,1931.372644232749,False,local_research_only,328.8105741,135,,,,development_added_pressure,1631.3726442327493,,,,,,,,,,0.06256286600000038,0.0625711169996066,364f16af7c80bc73de1ca7e5e8d6e566a7d8508a70cd0e8ca1cda6566db8f461,exited,10,7906.863221163747,True,1.702470908873322,1.7024709088733223,,,,2.015545468795346,328.8105741,development_bc/trace-032-B.json.gz,3288.105741,0.06255270300607663
development_added_pressure,q3-r2-minimum_radius-10-960008,q3-r2-minimum_radius-10-960008,C,development_bc,primary,1,146,True,True,,True,1931.3726442327493,1.0,10,True,4425.599999999999,165.60629199999994,True,670.0,2404.298241,30.0,20.0,123.0,,0,1931.372644232749,False,local_research_only,324.7298241,134,,,,development_added_pressure,1631.3726442327493,,,,,,,,,,0.04835896700000042,0.04836968499876093,364f16af7c80bc73de1ca7e5e8d6e566a7d8508a70cd0e8ca1cda6566db8f461,exited,10,7906.863221163747,True,1.6813421535697535,1.6813421535697537,,,,1.9905312575148866,324.7298241,development_bc/trace-032-C.json.gz,3247.298241,0.048346067997044884
development_added_pressure,q3-r2-minimum_radius-16-960009,q3-r2-minimum_radius-16-960009,B,development_bc,primary,1,127,True,True,,True,1773.1449605174948,1.0,16,True,0.0,0.0,True,545.0,2529.62676,48.0,32.0,98.0,,0,1773.1449605174946,False,local_research_only,203.2891725,109,,,,development_added_pressure,1773.1449605174948,,,,,,,,,,0.07783189799999946,0.07783312600804493,c7de47702c5fbf73e6bee19c7968dcb8e15411c7d0825b09bc6f4fc33b587155,exited,16,8465.724802587474,True,1.8343828803769753,1.8343828803769755,,,,1.8343828803769753,203.2891725,development_bc/trace-033-B.json.gz,3252.62676,0.07781252499262337
development_added_pressure,q3-r2-minimum_radius-16-960009,q3-r2-minimum_radius-16-960009,C,development_bc,primary,1,128,True,True,,True,1773.1449605174948,1.0,16,True,0.0,0.0,True,550.0,2535.499387,48.0,32.0,100.0,,0,1773.1449605174946,False,local_research_only,204.0937116875,110,,,,development_added_pressure,1773.1449605174948,,,,,,,,,,0.06073393100000146,0.0607613530009985,c7de47702c5fbf73e6bee19c7968dcb8e15411c7d0825b09bc6f4fc33b587155,exited,16,8465.724802587474,True,1.8416426517361328,1.841642651736133,,,,1.8416426517361328,204.0937116875,development_bc/trace-033-C.json.gz,3265.499387,0.06074243699549697
development_added_pressure,q3-r2-correlated-12-960010,q3-r2-correlated-12-960010,B,development_bc,primary,1,165,True,True,,True,1817.8316402796747,1.0,12,True,4425.599999999999,0.0,True,755.0,2526.602916,36.0,24.0,145.0,,0,1817.8316402796745,False,local_research_only,290.55024299999997,151,,,,development_added_pressure,1577.8316402796747,,,,,,,,,,0.07408236499999887,0.0740972560015507,6acb04e29419f8eba72f3c863da0393f1ef45deba3f514bfa08afdfec3b72eab,exited,12,7589.158201398373,True,1.9180010066628521,1.9180010066628523,,,,2.209743312906306,290.55024299999997,development_bc/trace-034-B.json.gz,3486.602916,0.07407820998923853
development_added_pressure,q3-r2-correlated-12-960010,q3-r2-correlated-12-960010,C,development_bc,primary,1,166,True,True,,True,1817.8316402796747,1.0,12,True,4425.599999999999,0.0,True,760.0,2510.398559,36.0,24.0,145.0,,0,1817.8316402796745,False,local_research_only,289.61654658333333,152,,,,development_added_pressure,1577.8316402796747,,,,,,,,,,0.05406810299999876,0.0540689379995456,6acb04e29419f8eba72f3c863da0393f1ef45deba3f514bfa08afdfec3b72eab,exited,12,7589.158201398373,True,1.9118374232199564,1.9118374232199566,,,,2.2026422022973104,289.61654658333333,development_bc/trace-034-C.json.gz,3475.398559,0.05404777900548652
development_added_pressure,q3-r2-correlated_boundary-14-960011,q3-r2-correlated_boundary-14-960011,B,development_bc,primary,1,177,True,True,,True,2317.2782699004065,1.0,14,True,4425.599999999999,0.0,True,805.0,3502.701966,42.0,28.0,143.0,,0,2317.278269900406,False,local_research_only,322.90728328571424,161,,,,development_added_pressure,2137.2782699004065,,,,,,,,,,0.08139404599999978,0.08139502600533888,fdb8575ff9d52bded62e639fa20a071ded1cfb72618c863886b29cf78a16cfa7,exited,14,10336.391349502032,True,1.9508671119564305,1.9508671119564307,,,,2.115167701681942,322.90728328571424,development_bc/trace-035-B.json.gz,4520.701966,0.08136785900569521
development_added_pressure,q3-r2-correlated_boundary-14-960011,q3-r2-correlated_boundary-14-960011,C,development_bc,primary,1,179,True,True,,True,2317.2782699004065,1.0,14,True,4425.599999999999,0.0,True,815.0,3484.47222,42.0,28.0,143.0,,0,2317.278269900406,False,local_research_only,322.31944428571427,163,,,,development_added_pressure,2137.2782699004065,,,,,,,,,,0.09254205799999937,0.0925553389970446,fdb8575ff9d52bded62e639fa20a071ded1cfb72618c863886b29cf78a16cfa7,exited,14,10336.391349502032,True,1.9473156412043426,1.9473156412043429,,,,2.1113171286817383,322.31944428571427,development_bc/trace-035-C.json.gz,4512.47222,0.09253451999393292
development_original_nominal,q3-random-910100,q3-random-910100,R,development_r,primary,1,160,True,True,,True,2072.1703412489164,1.0,12,True,4425.599999999999,0.0,True,730.0,2894.730578,36.0,24.0,139.0,,0,2072.170341248916,False,local_research_only,318.64421483333336,146,,,,development_original_nominal,1832.1703412489164,0,428,0,8,4,12,25.426010163020692,0,0,25.511493188000003,25.513052080990747,5b49f9835afc37290867e03a5fd809c5fc0267a15ecf979693e64bba924fe914,exited,12,8860.851706244583,True,1.8452781134273941,1.8452781134273946,,,,2.08699512917206,318.64421483333336,development_r/trace-000-R.json.gz,3823.730578,25.511635709990514
development_original_nominal,q3-random-910101,q3-random-910101,R,development_r,primary,1,159,True,True,,True,1952.6295868451732,1.0,14,True,4425.599999999999,0.0,True,715.0,2651.636475,42.0,28.0,138.0,,0,1952.629586845173,False,local_research_only,255.33117678571426,143,,,,development_original_nominal,1772.6295868451732,0,432,0,5,7,12,22.10297734598862,0,0,22.176703267000004,22.177971833007177,292a68b7bc7a210016c392cbde920661d955a6871c7175607b69e8c812fc4fcc,exited,14,8513.147934225866,True,1.8306782295435113,1.8306782295435116,,,,2.016572724232781,255.33117678571426,development_r/trace-001-R.json.gz,3574.636475,22.177945567003917
development_original_nominal,q3-random-910102,q3-random-910102,R,development_r,primary,1,158,True,True,,True,2176.01105931539,1.0,15,True,4425.599999999999,107.24718099999973,True,705.0,2592.1058,45.0,30.0,136.0,,0,2176.0110593153895,False,local_research_only,233.87372,141,,,,development_original_nominal,2026.01105931539,0,424,0,8,4,12,19.374658971006284,0,0,19.461822319000007,19.46362273900013,6f53eee5718914807c105563d3a735b6cf49bee254e958aa37b87cffa642dc13,exited,15,9755.05529657695,True,1.6121727805481418,1.6121727805481423,,,,1.7315333911283906,233.87372,development_r/trace-002-R.json.gz,3508.1058,19.463598458009074
development_original_nominal,q3-random-910103,q3-random-910103,R,development_r,primary,1,151,True,True,,True,1964.4161277493852,1.0,13,True,4425.599999999999,0.0,True,680.0,2328.047461,39.0,26.0,125.0,,0,1964.416127749385,False,local_research_only,246.00365084615385,136,,,,development_original_nominal,1754.4161277493852,0,396,0,9,3,12,14.677008482976817,0,0,14.745193911000001,14.74718668499554,0bc0fea804ef1335e9e9a32713627cee6660f6e8b749e91aacd5313f062ae6b0,exited,13,8447.080638746926,True,1.627988803301048,1.6279888033010481,,,,1.8228557127450409,246.00365084615385,development_r/trace-003-R.json.gz,3198.047461,14.747162038998795
development_original_nominal,q3-random-910104,q3-random-910104,R,development_r,primary,1,176,True,True,,True,2134.1779942295793,1.0,16,True,0.0,0.0,True,790.0,2652.857377,48.0,32.0,150.0,,0,2134.177994229579,False,local_research_only,229.5535860625,158,,,,development_original_nominal,2134.1779942295793,0,432,0,7,5,12,32.755273171074805,0,0,32.884013807,32.885836306988494,8607ad57788a0b0ba6020f6c6313da64bc5995a41c9c677fe5495edc4771f089,exited,16,10270.889971147897,True,1.7209705033651006,1.7209705033651008,,,,1.7209705033651006,229.5535860625,development_r/trace-004-R.json.gz,3672.857377,32.885808229009854
development_original_nominal,q3-random-910105,q3-random-910105,R,development_r,primary,1,148,True,True,,True,1660.4226558780124,1.0,10,True,4425.599999999999,0.0,True,680.0,2225.61845,30.0,20.0,128.0,,0,1660.4226558780122,False,local_research_only,308.361845,136,,,,development_original_nominal,1360.4226558780124,0,340,0,8,2,10,12.501736702106427,0,0,12.572732858999984,12.573172996999347,3e76f4cfbab23b979d069a2d82cd5cf65f67f5167633d1d7a65db79667aa3edf,exited,10,6552.1132793900615,True,1.8571286287161735,1.8571286287161737,,,,2.2666620823142956,308.361845,development_r/trace-005-R.json.gz,3083.61845,12.573151869990397
development_original_nominal,q3-random-910106,q3-random-910106,R,development_r,primary,1,147,True,True,,True,1900.5380674943597,1.0,15,True,4425.599999999999,295.98773600000004,True,650.0,2666.898038,45.0,30.0,124.0,,0,1900.5380674943594,False,local_research_only,234.39320253333332,130,,,,development_original_nominal,1750.5380674943597,0,432,0,7,5,12,22.84794206600054,0,0,22.94277427,22.944139172992436,afe05a65890bebd2b2e2116411d31de7c124615db41d5c5ab154d49647e59b7a,exited,15,8377.690337471799,True,1.8499487582668135,1.8499487582668137,,,,2.0084670555222464,234.39320253333332,development_r/trace-006-R.json.gz,3515.898038,22.94411667199165
development_original_nominal,q3-random-910107,q3-random-910107,R,development_r,primary,1,148,True,True,,True,2071.7883992002644,1.0,14,True,4425.599999999999,0.0,True,660.0,2439.98161,42.0,28.0,122.0,,0,2071.788399200264,False,local_research_only,235.14154357142857,132,,,,development_original_nominal,1891.7883992002644,0,424,0,10,2,12,22.57811651598604,0,0,22.684263342999998,22.685067286001868,c79e5cef8c657ae94ff60befb655ba66f1afd2610bc886c3f20bd3437444e076,exited,14,9108.941996001322,True,1.588956483814054,1.5889564838140544,,,,1.7401426139369782,235.14154357142857,development_r/trace-007-R.json.gz,3291.98161,22.685041581993573
development_original_nominal,q3-random-910108,q3-random-910108,R,development_r,primary,1,141,True,True,,True,2081.0674898469483,1.0,14,True,4425.599999999999,0.0,True,625.0,2501.47877,42.0,28.0,117.0,,0,2081.067489846948,False,local_research_only,236.67705500000002,125,,,,development_original_nominal,1901.0674898469483,0,416,0,8,4,12,19.406499969030847,0,0,19.48498733699998,19.48584520899749,c4e24e847658f2f1056d278939a3c98738061575bedac46127e3f43d36c735f2,exited,14,9155.337449234741,True,1.5922014957062682,1.5922014957062685,,,,1.742956937455578,236.67705500000002,development_r/trace-008-R.json.gz,3313.47877,19.48582183200051
development_original_nominal,q3-random-910109,q3-random-910109,R,development_r,primary,1,115,True,True,,True,2057.6384695214974,1.0,16,True,0.0,0.0,True,485.0,2508.530669,48.0,32.0,89.0,,0,2057.638469521497,False,local_research_only,197.6581668125,97,,,,development_original_nominal,2057.6384695214974,0,376,0,7,4,11,22.418420311965747,0,0,22.540868353000008,22.541842665013974,26562ec4912877a778e100ce77238c2f8b79f6a2f4b247e95d32dd6478a8c20c,exited,16,9888.192347607488,True,1.5369710062504054,1.5369710062504058,,,,1.5369710062504054,197.6581668125,development_r/trace-009-R.json.gz,3162.530669,22.541815514006885
development_original_nominal,q3-random-910110,q3-random-910110,R,development_r,primary,1,144,True,True,,True,1961.2177805839679,1.0,15,True,4425.599999999999,0.0,True,635.0,2581.668709,45.0,30.0,118.0,,0,1961.2177805839676,False,local_research_only,227.31124726666667,127,,,,development_original_nominal,1811.2177805839679,0,412,0,10,2,12,15.81268276195624,0,0,15.894948528000015,15.895761859006598,7a5287892246d7ed44638f68bf3e3df4887a2379fe8d2486f229e13a3c52556f,exited,15,8681.088902919839,True,1.738546704377086,1.7385467043770861,,,,1.8825282887299528,227.31124726666667,development_r/trace-010-R.json.gz,3409.668709,15.8957374849997
development_original_nominal,q3-random-910111,q3-random-910111,R,development_r,primary,1,158,True,True,,True,2357.2659496510414,1.0,13,True,4425.599999999999,0.0,True,715.0,2547.073214,39.0,26.0,136.0,,0,2357.265949651041,False,local_research_only,266.3902472307692,143,,,,development_original_nominal,2147.2659496510414,0,432,0,7,5,12,25.090457645987044,0,0,25.187891541,25.189250618001097,6fca6a038834f8e81bd54eba38aae5df89395ecb6d9e01099ecb9d46604c7914,exited,13,10411.329748255208,True,1.4691058573652485,1.469105857365249,,,,1.612782624603531,266.3902472307692,development_r/trace-011-R.json.gz,3463.073214,25.18922638001095
development_original_pressure,q3-hard-boundary_outward,q3-hard-boundary_outward,R,development_r,primary,1,153,True,True,,True,2617.846834811964,1.0,12,True,4425.599999999999,0.0,True,695.0,3089.055232,36.0,24.0,126.0,,0,2617.8468348119636,False,local_research_only,330.837936,139,,,,development_original_pressure,2377.846834811964,0,368,0,8,4,12,15.094471215037629,0,0,15.152531882000005,15.153417077992344,62314f93e849ba0c40b2465c25c63df6a4127477f4f0e5a67e77c4673fa205a8,exited,12,11589.23417405982,True,1.5165345730722108,1.516534573072211,,,,1.6696009069541038,330.837936,development_r/trace-012-R.json.gz,3970.055232,15.15339073400537
development_original_pressure,q3-hard-minimum_radius,q3-hard-minimum_radius,R,development_r,primary,1,153,True,True,,True,1978.2795715633056,1.0,14,True,4425.599999999999,0.0,True,685.0,2589.67588,42.0,28.0,126.0,,0,1978.2795715633054,False,local_research_only,247.90542,137,,,,development_original_pressure,1798.2795715633056,0,428,0,10,2,12,16.07832724803302,0,0,16.17072951900002,16.172120880000875,f4db40ec59f1d40eb75ac981b5a6735156277c65d7a41a3d0a3cdf2d9d2b8884,exited,14,8641.397857816528,True,1.7543910021056077,1.7543910021056077,,,,1.9299979463053252,247.90542,development_r/trace-013-R.json.gz,3470.67588,16.172092253007577
development_original_pressure,q3-hard-positive_error,q3-hard-positive_error,R,development_r,primary,1,148,True,True,,True,1978.2795715633056,1.0,14,True,4425.599999999999,0.0,True,660.0,2331.569263,42.0,28.0,124.0,,0,1978.2795715633054,False,local_research_only,227.54066164285715,132,,,,development_original_pressure,1798.2795715633056,0,428,0,6,6,12,21.050872432999313,0,0,21.128870739999968,21.13009890000103,de1667bff766c0c75e39ecc02e52cc21b5aa791a3fbb7ec8ff6aa3f45ecef0a8,exited,14,8641.397857816528,True,1.6102725361929768,1.610272536192977,,,,1.7714538458726283,227.54066164285715,development_r/trace-014-R.json.gz,3185.569263,21.130070673010778
development_original_pressure,q3-hard-negative_error,q3-hard-negative_error,R,development_r,primary,1,158,True,True,,True,1978.2795715633056,1.0,14,True,4425.599999999999,0.0,True,710.0,2675.472073,42.0,28.0,127.0,,0,1978.2795715633054,False,local_research_only,255.89086235714285,142,,,,development_original_pressure,1798.2795715633056,0,428,0,11,1,12,17.287633744999766,0,0,17.381121339000003,17.382205593996332,06bf6cf9e6d52406e720cc504c11c0e958f77aa226f894b6be81ec77115b78b6,exited,14,8641.397857816528,True,1.810902829153215,1.810902829153215,,,,1.992166362589347,255.89086235714285,development_r/trace-015-R.json.gz,3582.472073,17.382180917993537
development_original_pressure,q3-hard-alternating_error,q3-hard-alternating_error,R,development_r,primary,1,151,True,True,,True,1978.2795715633056,1.0,14,True,4425.599999999999,0.0,True,675.0,2569.933216,42.0,28.0,125.0,,0,1978.2795715633054,False,local_research_only,245.70951542857142,135,,,,development_original_pressure,1798.2795715633056,0,428,0,9,3,12,15.383303251015604,0,0,15.465064004000055,15.465943529998185,089c00b8bcce125f97ded73da8e89b3161dff20c1881cc8c9162a77fa070570e,exited,14,8641.397857816528,True,1.738850901281685,1.7388509012816853,,,,1.9129023486651462,245.70951542857142,development_r/trace-016-R.json.gz,3439.933216,15.465920671995264
development_original_pressure,q3-hard-close_targets,q3-hard-close_targets,R,development_r,primary,1,100,True,True,,True,429.79784756506996,1.0,14,True,4425.599999999999,1284.137735,True,420.0,1448.461219,42.0,28.0,82.0,,0,1135.1199999999997,False,local_research_only,144.3186585,84,,,,development_original_pressure,249.79784756506996,0,276,0,9,0,9,11.19585955303046,0,0,11.263193801,11.264064881004742,c512b6f68567f325c72a0445fd900a89c19e388cccd858c02b4c2f4779deb1e8,exited,14,898.9892378253498,True,4.700957043983588,1.7799538542180569,,,,8.088385223069983,144.3186585,development_r/trace-017-R.json.gz,2020.461219,11.264040063004359
development_original_pressure,q3-hard-near_parallel,q3-hard-near_parallel,R,development_r,primary,1,127,True,True,,True,446.00000379999994,1.0,14,True,4425.599999999999,1361.8404839999998,True,555.0,1629.534084,42.0,28.0,110.0,,0,1135.1199999999997,False,local_research_only,168.89529171428572,111,,,,development_original_pressure,266.00000379999994,0,384,0,10,2,12,26.2256100379891,0,0,26.337770594000006,26.33943732199259,a590b42740983fe9210079e89c590e6da56965d424cb8b9d6a6209065d31afdd,exited,14,980.0000189999997,True,5.301645883080147,2.083069705405596,,,,8.88922575271031,168.89529171428572,development_r/trace-018-R.json.gz,2364.534084,26.339415198002825
development_original_pressure,edge16-1000-positive_extreme,edge16-1000-positive_extreme,R,development_r,primary,1,180,True,True,,True,2422.975474574185,1.0,16,True,0.0,0.0,True,810.0,3756.023216,48.0,32.0,145.0,,0,2422.9754745741843,False,local_research_only,299.438951,162,,,,development_original_pressure,2422.975474574185,0,400,0,9,3,12,14.499386422990938,0,0,14.58714396900001,14.58842990300036,b29000835259ac509e96a8549359f27593444aac67be258011d9c7cd73093117,exited,16,11714.877372870924,True,1.9773304625966044,1.9773304625966046,,,,1.9773304625966044,299.438951,development_r/trace-019-R.json.gz,4791.023216,14.588404171008733
development_original_pressure,edge16-1000-negative_extreme,edge16-1000-negative_extreme,R,development_r,primary,1,184,True,True,,True,2422.975474574185,1.0,16,True,0.0,0.0,True,830.0,3752.338259,48.0,32.0,144.0,,0,2422.9754745741843,False,local_research_only,300.3961411875,166,,,,development_original_pressure,2422.975474574185,0,356,0,11,1,12,13.632179262989666,0,0,13.725903003999974,13.727412655993248,a20624c3edef9a7958c9ad16e9f4b4d3981e06fd17bb12ae448f1f224f1e245c,exited,16,11714.877372870924,True,1.983651221168332,1.9836512211683321,,,,1.983651221168332,300.3961411875,development_r/trace-020-R.json.gz,4806.338259,13.727379276999272
development_original_pressure,edge16-1500-positive_extreme,edge16-1500-positive_extreme,R,development_r,primary,1,151,True,True,,True,2422.975474574185,1.0,16,True,0.0,0.0,True,665.0,3240.95792,48.0,32.0,116.0,,0,2422.9754745741843,False,local_research_only,256.37237,133,,,,development_original_pressure,2422.975474574185,0,388,0,9,3,12,11.557932858995628,0,0,11.648976163999976,11.649977009001304,33b701501e0493d5cdb3e0800008602dc6dcab08cb44bcb23592dd369fe500d6,exited,16,11714.877372870924,True,1.6929424020360258,1.692942402036026,,,,1.6929424020360258,256.37237,development_r/trace-021-R.json.gz,4101.95792,11.649947414000053
development_original_pressure,edge16-1500-negative_extreme,edge16-1500-negative_extreme,R,development_r,primary,1,151,True,True,,True,2422.975474574185,1.0,16,True,0.0,0.0,True,665.0,3237.96557,48.0,32.0,115.0,,0,2422.9754745741843,False,local_research_only,256.122848125,133,,,,development_original_pressure,2422.975474574185,0,364,0,10,2,12,12.119195233026403,0,0,12.213810254000009,12.21462985900871,2d608e6b8a9ced1c145e6a2b196295df588fff82f3b6e9e7bf8b72287bf9d62e,exited,16,11714.877372870924,True,1.6912946965425555,1.691294696542556,,,,1.6912946965425555,256.122848125,development_r/trace-022-R.json.gz,4097.96557,12.214602809006465
development_original_pressure,smooth-spatial,smooth-spatial,R,development_r,primary,1,138,True,True,,True,2244.834580127144,1.0,13,True,4425.599999999999,0.0,True,615.0,2607.623891,39.0,26.0,106.0,,0,2244.8345801271435,False,local_research_only,261.0479916153846,123,,,,development_original_pressure,2034.834580127144,0,432,0,9,3,12,17.893632292951224,0,0,17.967694927000025,17.968761095995433,1c9e93f56c78c4609c510970b84a8b180dc72f5b9c993f7fde3934ca7ea029f3,exited,13,9849.17290063572,True,1.5117478682138756,1.5117478682138759,,,,1.6677640158778677,261.0479916153846,development_r/trace-023-R.json.gz,3393.623891,17.968735636008205
development_added_pressure,q3-r2-cluster-14-960000,q3-r2-cluster-14-960000,R,development_r,primary,1,100,True,True,,True,422.69742882423344,1.0,14,True,4425.599999999999,1258.377618,True,420.0,1457.727772,42.0,28.0,83.0,,0,1135.1199999999997,False,local_research_only,145.0519837142857,84,,,,development_added_pressure,242.69742882423344,0,312,0,10,0,10,14.386919063021196,0,0,14.448105871999985,14.448881347008864,fe4c1f5c9ca3e5b2cf460708141e813dc7692ceac4c23b51dfa7b17780c8740d,exited,14,863.4871441211671,True,4.804211318835392,1.788998319120446,,,,8.367322974281262,145.0519837142857,development_r/trace-024-R.json.gz,2030.727772,14.448857568000676
development_added_pressure,q3-r2-cluster-16-960001,q3-r2-cluster-16-960001,R,development_r,primary,1,74,True,True,,True,252.69742882423344,1.0,16,True,0.0,0.0,True,280.0,247.266906,48.0,32.0,55.0,,0,252.6974288242334,False,local_research_only,41.391681625,56,,,,development_added_pressure,252.69742882423344,0,228,0,3,4,7,11.654363121007918,0,0,11.707362253999975,11.708465440009604,4d6e801386b64a4fddddd65751c0e6c57ede7d5098684088d042ae419e81e318,exited,16,863.4871441211671,True,2.620790045555419,2.620790045555419,,,,2.620790045555419,41.391681625,development_r/trace-025-R.json.gz,662.266906,11.708435370994266
development_added_pressure,q3-r2-hiddenfar-14-960002,q3-r2-hiddenfar-14-960002,R,development_r,primary,1,105,True,True,,True,927.6383364348831,1.0,14,True,4425.599999999999,806.465915,True,445.0,1605.313905,42.0,28.0,86.0,,0,1135.1199999999997,False,local_research_only,157.59385035714286,89,,,,development_added_pressure,747.6383364348831,0,316,0,11,0,11,14.814384589990368,0,0,14.871608593000019,14.87227001300198,91af4256296306e31b219717e9f94a4d5ab3392b9d08c5aaec90ce54d892eb43,exited,14,3388.1916821744153,True,2.3784203588214634,1.9436834035168093,,,,2.951044371963078,157.59385035714286,development_r/trace-026-R.json.gz,2206.313905,14.872244055004558
development_added_pressure,q3-r2-hiddenfar-16-960003,q3-r2-hiddenfar-16-960003,R,development_r,primary,1,91,True,True,,True,757.6383364348831,1.0,16,True,0.0,0.0,True,365.0,908.707109,48.0,32.0,69.0,,0,757.638336434883,False,local_research_only,88.9191943125,73,,,,development_added_pressure,757.6383364348831,0,292,0,8,1,9,18.60370839900861,0,0,18.667220008000015,18.668293782000546,1a4aa77ced2a7d6af633d7c791e753368d15ffcc215fd10391110a70d4bbd193,exited,16,3388.1916821744153,True,1.8778182684031561,1.8778182684031564,,,,1.8778182684031561,88.9191943125,development_r/trace-027-R.json.gz,1422.707109,18.668266590000712
development_added_pressure,q3-r2-collinear-14-960004,q3-r2-collinear-14-960004,R,development_r,primary,1,114,True,True,,True,426.00000085518315,1.0,14,True,4425.599999999999,981.6651669999999,True,490.0,1522.406869,42.0,28.0,97.0,,0,1135.1199999999997,False,local_research_only,155.6719192142857,98,,,,development_added_pressure,246.00000085518315,0,272,0,9,0,9,11.46639929500816,0,0,11.502090992000035,11.50299665700004,30f5cd7fc466df759d7a7399509030b52502e63f149418d8993e6abb88c82898,exited,14,880.0000042759157,True,5.115978555457515,1.9199792700331249,,,,8.859377485461827,155.6719192142857,development_r/trace-028-R.json.gz,2179.406869,11.502972632006276
development_added_pressure,q3-r2-collinear-16-960005,q3-r2-collinear-16-960005,R,development_r,primary,1,95,True,True,,True,256.00000085518315,1.0,16,True,0.0,0.0,True,385.0,696.664653,48.0,32.0,76.0,,0,256.0000008551831,False,local_research_only,77.3540408125,77,,,,development_added_pressure,256.00000085518315,0,228,0,7,0,7,10.922299686979386,0,0,10.96091810300004,10.961826804006705,fe05b034ddf2944a13ada8cd8d28fc350de586be4283a459b5e7b67f9f90baef,exited,16,880.0000042759157,True,4.834627534630891,4.834627534630892,,,,4.834627534630891,77.3540408125,development_r/trace-029-R.json.gz,1237.664653,10.961801630997797
development_added_pressure,q3-r2-boundary_min-10-960006,q3-r2-boundary_min-10-960006,R,development_r,primary,1,161,True,True,,True,1887.9986294989158,1.0,10,True,4425.599999999999,282.3581829999998,True,745.0,2749.142226,30.0,20.0,138.0,,0,1887.9986294989155,False,local_research_only,368.21422259999997,149,,,,development_added_pressure,1587.9986294989158,0,332,0,11,1,12,14.833912631002022,0,0,14.891480892000004,14.89207271799387,ec4c874c4ceee73bcc8af5e3e3e7ccb1a3f9c397e85f63ab844471166a6e4e05,exited,10,7689.993147494579,True,1.9502886116910259,1.950288611691026,,,,2.318731362609475,368.21422259999997,development_r/trace-030-R.json.gz,3682.142226,14.892041886996594
development_added_pressure,q3-r2-boundary_min-16-960007,q3-r2-boundary_min-16-960007,R,development_r,primary,1,172,True,True,,True,2405.9511886986925,1.0,16,True,0.0,0.0,True,770.0,3665.441834,48.0,32.0,137.0,,0,2405.951188698692,False,local_research_only,290.777614625,154,,,,development_added_pressure,2405.9511886986925,0,376,0,11,1,12,15.404229783060146,0,0,15.489794719999963,15.490718241999275,3f1ed64ea4f1ecaa2f455b428a761c91c3353de052b89d2cb100fc0eecd0085e,exited,16,11629.755943493463,True,1.9337224528301291,1.9337224528301293,,,,1.9337224528301291,290.777614625,development_r/trace-031-R.json.gz,4652.441834,15.490689465994365
development_added_pressure,q3-r2-minimum_radius-10-960008,q3-r2-minimum_radius-10-960008,R,development_r,primary,1,145,True,True,,True,1931.3726442327493,1.0,10,True,4425.599999999999,191.48697399999992,True,665.0,2473.17865,30.0,20.0,121.0,,0,1931.372644232749,False,local_research_only,330.917865,133,,,,development_added_pressure,1631.3726442327493,0,404,0,9,3,12,16.398850374025642,0,0,16.460814898999956,16.461813930000062,364f16af7c80bc73de1ca7e5e8d6e566a7d8508a70cd0e8ca1cda6566db8f461,exited,10,7906.863221163747,True,1.7133817546197012,1.7133817546197014,,,,2.0284627560101938,330.917865,development_r/trace-032-R.json.gz,3309.17865,16.46178268600488
development_added_pressure,q3-r2-minimum_radius-16-960009,q3-r2-minimum_radius-16-960009,R,development_r,primary,1,121,True,True,,True,1773.1449605174948,1.0,16,True,0.0,0.0,True,515.0,2532.316015,48.0,32.0,96.0,,0,1773.1449605174946,False,local_research_only,201.4572509375,103,,,,development_added_pressure,1773.1449605174948,0,380,0,9,2,11,15.995737624994945,0,0,16.062333775999946,16.063762507998035,c7de47702c5fbf73e6bee19c7968dcb8e15411c7d0825b09bc6f4fc33b587155,exited,16,8465.724802587474,True,1.8178525088322561,1.8178525088322564,,,,1.8178525088322561,201.4572509375,development_r/trace-033-R.json.gz,3223.316015,16.063734415991348
development_added_pressure,q3-r2-correlated-12-960010,q3-r2-correlated-12-960010,R,development_r,primary,1,149,True,True,,True,1817.8316402796747,1.0,12,True,4425.599999999999,0.0,True,675.0,2530.131149,36.0,24.0,129.0,,0,1817.8316402796745,False,local_research_only,282.84426241666665,135,,,,development_added_pressure,1577.8316402796747,0,416,0,7,5,12,17.06875464998302,0,0,17.124545443999978,17.12544045499817,6acb04e29419f8eba72f3c863da0393f1ef45deba3f514bfa08afdfec3b72eab,exited,12,7589.158201398373,True,1.867131737501175,1.8671317375011751,,,,2.1511364472310754,282.84426241666665,development_r/trace-034-R.json.gz,3394.131149,17.125411091008573
development_added_pressure,q3-r2-correlated_boundary-14-960011,q3-r2-correlated_boundary-14-960011,R,development_r,primary,1,174,True,True,,True,2317.2782699004065,1.0,14,True,4425.599999999999,0.0,True,790.0,3508.721031,42.0,28.0,141.0,,0,2317.278269900406,False,local_research_only,322.1229307857143,158,,,,development_added_pressure,2137.2782699004065,0,344,0,11,1,12,13.148372576979455,0,0,13.228776868000068,13.2295766229945,fdb8575ff9d52bded62e639fa20a071ded1cfb72618c863886b29cf78a16cfa7,exited,14,10336.391349502032,True,1.9461283910429203,1.9461283910429206,,,,2.1100298891871225,322.1229307857143,development_r/trace-035-R.json.gz,4509.721031,13.229545734997373
development_original_nominal,q3-random-910100,q3-random-910100,CR,development_cr,primary,1,160,True,True,,True,2072.1703412489164,1.0,12,True,4425.599999999999,0.0,True,730.0,2894.730578,36.0,24.0,139.0,,0,2072.170341248916,False,local_research_only,318.64421483333336,146,,,,development_original_nominal,1832.1703412489164,0,428,0,8,4,12,25.404550224004197,0,0,25.490288993999997,25.491951308998978,5b49f9835afc37290867e03a5fd809c5fc0267a15ecf979693e64bba924fe914,exited,12,8860.851706244583,True,1.8452781134273941,1.8452781134273946,,,,2.08699512917206,318.64421483333336,development_cr/trace-000-CR.json.gz,3823.730578,25.490269804999116
development_original_nominal,q3-random-910101,q3-random-910101,CR,development_cr,primary,1,159,True,True,,True,1952.6295868451732,1.0,14,True,4425.599999999999,0.0,True,715.0,2651.636475,42.0,28.0,138.0,,0,1952.629586845173,False,local_research_only,255.33117678571426,143,,,,development_original_nominal,1772.6295868451732,0,432,0,5,7,12,22.125030960989534,0,0,22.197849309000002,22.199426085004234,292a68b7bc7a210016c392cbde920661d955a6871c7175607b69e8c812fc4fcc,exited,14,8513.147934225866,True,1.8306782295435113,1.8306782295435116,,,,2.016572724232781,255.33117678571426,development_cr/trace-001-CR.json.gz,3574.636475,22.199396669995622
development_original_nominal,q3-random-910102,q3-random-910102,CR,development_cr,primary,1,158,True,True,,True,2176.01105931539,1.0,15,True,4425.599999999999,79.2223570000001,True,705.0,2564.080976,45.0,30.0,136.0,,0,2176.0110593153895,False,local_research_only,232.00539840000002,141,,,,development_original_nominal,2026.01105931539,0,424,0,8,4,12,19.420832458985387,0,0,19.51042469,19.512493675996666,6f53eee5718914807c105563d3a735b6cf49bee254e958aa37b87cffa642dc13,exited,15,9755.05529657695,True,1.5992937908573372,1.5992937908573377,,,,1.7177008782844234,232.00539840000002,development_cr/trace-002-CR.json.gz,3480.080976,19.512470614004997
development_original_nominal,q3-random-910103,q3-random-910103,CR,development_cr,primary,1,153,True,True,,True,1964.4161277493852,1.0,13,True,4425.599999999999,0.0,True,690.0,2392.478458,39.0,26.0,128.0,,0,1964.416127749385,False,local_research_only,251.9598813846154,138,,,,development_original_nominal,1754.4161277493852,0,408,0,10,2,12,15.394520682064467,0,0,15.465878990000007,15.468234995001694,0bc0fea804ef1335e9e9a32713627cee6660f6e8b749e91aacd5313f062ae6b0,exited,13,8447.080638746926,True,1.6674056029832578,1.667405602983258,,,,1.8669906222316122,251.9598813846154,development_cr/trace-003-CR.json.gz,3275.478458,15.468211628991412
development_original_nominal,q3-random-910104,q3-random-910104,CR,development_cr,primary,1,175,True,True,,True,2134.1779942295793,1.0,16,True,0.0,0.0,True,785.0,2646.322946,48.0,32.0,150.0,,0,2134.177994229579,False,local_research_only,228.832684125,157,,,,development_original_nominal,2134.1779942295793,0,432,0,7,5,12,32.79830647999188,0,0,32.93162517099999,32.933172678007395,8607ad57788a0b0ba6020f6c6313da64bc5995a41c9c677fe5495edc4771f089,exited,16,10270.889971147897,True,1.715565878712805,1.7155658787128052,,,,1.715565878712805,228.832684125,development_cr/trace-004-CR.json.gz,3661.322946,32.933145539005636
development_original_nominal,q3-random-910105,q3-random-910105,CR,development_cr,primary,1,148,True,True,,True,1660.4226558780124,1.0,10,True,4425.599999999999,0.0,True,680.0,2217.161757,30.0,20.0,128.0,,0,1660.4226558780122,False,local_research_only,307.51617569999996,136,,,,development_original_nominal,1360.4226558780124,0,340,0,8,2,10,12.52509237396589,0,0,12.59735795799999,12.597951401010505,3e76f4cfbab23b979d069a2d82cd5cf65f67f5167633d1d7a65db79667aa3edf,exited,10,6552.1132793900615,True,1.8520355321060646,1.8520355321060649,,,,2.2604458575524826,307.51617569999996,development_cr/trace-005-CR.json.gz,3075.161757,12.59792932900018
development_original_nominal,q3-random-910106,q3-random-910106,CR,development_cr,primary,1,147,True,True,,True,1900.5380674943597,1.0,15,True,4425.599999999999,280.96195000000034,True,650.0,2651.872252,45.0,30.0,124.0,,0,1900.5380674943594,False,local_research_only,233.39148346666667,130,,,,development_original_nominal,1750.5380674943597,0,432,0,7,5,12,22.876631653038203,0,0,22.973593616000016,22.974825771001633,afe05a65890bebd2b2e2116411d31de7c124615db41d5c5ab154d49647e59b7a,exited,15,8377.690337471799,True,1.842042688792599,1.8420426887925991,,,,1.9998835312453325,233.39148346666667,development_cr/trace-006-CR.json.gz,3500.872252,22.97480051299499
development_original_nominal,q3-random-910107,q3-random-910107,CR,development_cr,primary,1,148,True,True,,True,2071.7883992002644,1.0,14,True,4425.599999999999,0.0,True,660.0,2426.341832,42.0,28.0,122.0,,0,2071.788399200264,False,local_research_only,234.16727371428573,132,,,,development_original_nominal,1891.7883992002644,0,424,0,10,2,12,22.575961440976243,0,0,22.682626094,22.68380107700068,c79e5cef8c657ae94ff60befb655ba66f1afd2610bc886c3f20bd3437444e076,exited,14,9108.941996001322,True,1.582372907033112,1.5823729070331125,,,,1.7329326225839465,234.16727371428573,development_cr/trace-007-CR.json.gz,3278.341832,22.68377781601157
development_original_nominal,q3-random-910108,q3-random-910108,CR,development_cr,primary,1,138,True,True,,True,2081.0674898469483,1.0,14,True,4425.599999999999,0.0,True,610.0,2506.170278,42.0,28.0,117.0,,0,2081.067489846948,False,local_research_only,235.94073414285714,122,,,,development_original_nominal,1901.0674898469483,0,416,0,7,5,12,19.377070476984954,0,0,19.45409353300002,19.455399636994116,c4e24e847658f2f1056d278939a3c98738061575bedac46127e3f43d36c735f2,exited,14,9155.337449234741,True,1.5872480321351476,1.587248032135148,,,,1.7375344618964226,235.94073414285714,development_cr/trace-008-CR.json.gz,3303.170278,19.455373548000352
development_original_nominal,q3-random-910109,q3-random-910109,CR,development_cr,primary,1,115,True,True,,True,2057.6384695214974,1.0,16,True,0.0,0.0,True,485.0,2508.530669,48.0,32.0,89.0,,0,2057.638469521497,False,local_research_only,197.6581668125,97,,,,development_original_nominal,2057.6384695214974,0,376,0,7,4,11,22.407964198020636,0,0,22.526896512999997,22.528326985993772,26562ec4912877a778e100ce77238c2f8b79f6a2f4b247e95d32dd6478a8c20c,exited,16,9888.192347607488,True,1.5369710062504054,1.5369710062504058,,,,1.5369710062504054,197.6581668125,development_cr/trace-009-CR.json.gz,3162.530669,22.528301444996032
development_original_nominal,q3-random-910110,q3-random-910110,CR,development_cr,primary,1,144,True,True,,True,1961.2177805839679,1.0,15,True,4425.599999999999,0.0,True,635.0,2581.668709,45.0,30.0,118.0,,0,1961.2177805839676,False,local_research_only,227.31124726666667,127,,,,development_original_nominal,1811.2177805839679,0,412,0,10,2,12,15.7775871539925,0,0,15.859403356000001,15.86046815100417,7a5287892246d7ed44638f68bf3e3df4887a2379fe8d2486f229e13a3c52556f,exited,15,8681.088902919839,True,1.738546704377086,1.7385467043770861,,,,1.8825282887299528,227.31124726666667,development_cr/trace-010-CR.json.gz,3409.668709,15.860443892990588
development_original_nominal,q3-random-910111,q3-random-910111,CR,development_cr,primary,1,158,True,True,,True,2357.2659496510414,1.0,13,True,4425.599999999999,0.0,True,715.0,2547.073214,39.0,26.0,136.0,,0,2357.265949651041,False,local_research_only,266.3902472307692,143,,,,development_original_nominal,2147.2659496510414,0,432,0,7,5,12,25.076689652938512,0,0,25.174818125,25.17557387499255,6fca6a038834f8e81bd54eba38aae5df89395ecb6d9e01099ecb9d46604c7914,exited,13,10411.329748255208,True,1.4691058573652485,1.469105857365249,,,,1.612782624603531,266.3902472307692,development_cr/trace-011-CR.json.gz,3463.073214,25.175548621991766
development_original_pressure,q3-hard-boundary_outward,q3-hard-boundary_outward,CR,development_cr,primary,1,152,True,True,,True,2617.846834811964,1.0,12,True,4425.599999999999,0.0,True,690.0,3074.312879,36.0,24.0,124.0,,0,2617.8468348119636,False,local_research_only,329.02607325,138,,,,development_original_pressure,2377.846834811964,0,384,0,7,5,12,15.84949713300739,0,0,15.912759451,15.913217962995986,62314f93e849ba0c40b2465c25c63df6a4127477f4f0e5a67e77c4673fa205a8,exited,12,11589.23417405982,True,1.5082291394957037,1.508229139495704,,,,1.6604571922784193,329.02607325,development_cr/trace-012-CR.json.gz,3948.312879,15.913194132997887
development_original_pressure,q3-hard-minimum_radius,q3-hard-minimum_radius,CR,development_cr,primary,1,155,True,True,,True,1978.2795715633056,1.0,14,True,4425.599999999999,0.0,True,695.0,2605.118231,42.0,28.0,126.0,,0,1978.2795715633054,False,local_research_only,249.72273078571428,139,,,,development_original_pressure,1798.2795715633056,0,428,0,10,2,12,16.082780721990275,0,0,16.174060876,16.178846139999223,f4db40ec59f1d40eb75ac981b5a6735156277c65d7a41a3d0a3cdf2d9d2b8884,exited,14,8641.397857816528,True,1.7672518491596438,1.767251849159644,,,,1.9441461084722802,249.72273078571428,development_cr/trace-013-CR.json.gz,3496.118231,16.178819578999537
development_original_pressure,q3-hard-positive_error,q3-hard-positive_error,CR,development_cr,primary,1,148,True,True,,True,1978.2795715633056,1.0,14,True,4425.599999999999,0.0,True,660.0,2331.569263,42.0,28.0,124.0,,0,1978.2795715633054,False,local_research_only,227.54066164285715,132,,,,development_original_pressure,1798.2795715633056,0,428,0,6,6,12,21.04262559604831,0,0,21.120559827000022,21.121209038989036,de1667bff766c0c75e39ecc02e52cc21b5aa791a3fbb7ec8ff6aa3f45ecef0a8,exited,14,8641.397857816528,True,1.6102725361929768,1.610272536192977,,,,1.7714538458726283,227.54066164285715,development_cr/trace-014-CR.json.gz,3185.569263,21.12118151500181
development_original_pressure,q3-hard-negative_error,q3-hard-negative_error,CR,development_cr,primary,1,159,True,True,,True,1978.2795715633056,1.0,14,True,4425.599999999999,0.0,True,715.0,2669.748206,42.0,28.0,127.0,,0,1978.2795715633054,False,local_research_only,255.8391575714286,143,,,,development_original_pressure,1798.2795715633056,0,428,0,11,1,12,17.277302988019073,0,0,17.372531702999993,17.373125092999544,06bf6cf9e6d52406e720cc504c11c0e958f77aa226f894b6be81ec77115b78b6,exited,14,8641.397857816528,True,1.8105369218212053,1.8105369218212055,,,,1.9917638295174898,255.8391575714286,development_cr/trace-015-CR.json.gz,3581.748206,17.373097450996283
development_original_pressure,q3-hard-alternating_error,q3-hard-alternating_error,CR,development_cr,primary,1,152,True,True,,True,1978.2795715633056,1.0,14,True,4425.599999999999,0.0,True,680.0,2564.226642,42.0,28.0,125.0,,0,1978.2795715633054,False,local_research_only,245.65904585714287,136,,,,development_original_pressure,1798.2795715633056,0,428,0,9,3,12,15.353296809073072,0,0,15.43593055599996,15.436786414007656,089c00b8bcce125f97ded73da8e89b3161dff20c1881cc8c9162a77fa070570e,exited,14,8641.397857816528,True,1.7384937353835197,1.73849373538352,,,,1.9125094320068172,245.65904585714287,development_cr/trace-016-CR.json.gz,3439.226642,15.4367652820074
development_original_pressure,q3-hard-close_targets,q3-hard-close_targets,CR,development_cr,primary,1,100,True,True,,True,429.79784756506996,1.0,14,True,4425.599999999999,1213.946885,True,420.0,1378.270369,42.0,28.0,82.0,,0,1135.1199999999997,False,local_research_only,139.30502635714285,84,,,,development_original_pressure,249.79784756506996,0,276,0,9,0,9,11.321447362046456,0,0,11.394230570000047,11.394612522999523,c512b6f68567f325c72a0445fd900a89c19e388cccd858c02b4c2f4779deb1e8,exited,14,898.9892378253498,True,4.537645732869185,1.71811823331454,,,,7.807394611324556,139.30502635714285,development_cr/trace-017-CR.json.gz,1950.270369,11.394587759990827
development_original_pressure,q3-hard-near_parallel,q3-hard-near_parallel,CR,development_cr,primary,1,122,True,True,,True,446.00000379999994,1.0,14,True,4425.599999999999,1293.765949,True,530.0,1541.873664,42.0,28.0,104.0,,0,1135.1199999999997,False,local_research_only,160.41954742857143,106,,,,development_original_pressure,266.00000379999994,0,384,0,7,5,12,24.15273806199548,0,0,24.253310210999985,24.254259722001734,a590b42740983fe9210079e89c590e6da56965d424cb8b9d6a6209065d31afdd,exited,14,980.0000189999997,True,5.035591131983754,1.9785341320741427,,,,8.443133954571772,160.41954742857143,development_cr/trace-018-CR.json.gz,2245.873664,24.254231280996464
development_original_pressure,edge16-1000-positive_extreme,edge16-1000-positive_extreme,CR,development_cr,primary,1,180,True,True,,True,2422.975474574185,1.0,16,True,0.0,0.0,True,810.0,3734.367591,48.0,32.0,147.0,,0,2422.9754745741843,False,local_research_only,298.2104744375,162,,,,development_original_pressure,2422.975474574185,0,392,0,9,3,12,15.792205394041957,0,0,15.88678897699998,15.888000774997636,b29000835259ac509e96a8549359f27593444aac67be258011d9c7cd73093117,exited,16,11714.877372870924,True,1.9692182777205054,1.9692182777205056,,,,1.9692182777205054,298.2104744375,development_cr/trace-019-CR.json.gz,4771.367591,15.887970853000297
development_original_pressure,edge16-1000-negative_extreme,edge16-1000-negative_extreme,CR,development_cr,primary,1,183,True,True,,True,2422.975474574185,1.0,16,True,0.0,0.0,True,825.0,3718.041034,48.0,32.0,144.0,,0,2422.9754745741843,False,local_research_only,297.940064625,165,,,,development_original_pressure,2422.975474574185,0,356,0,10,2,12,14.821128037030576,0,0,14.922623115999954,14.923338580003474,a20624c3edef9a7958c9ad16e9f4b4d3981e06fd17bb12ae448f1f224f1e245c,exited,16,11714.877372870924,True,1.9674326397537154,1.9674326397537159,,,,1.9674326397537154,297.940064625,development_cr/trace-020-CR.json.gz,4767.041034,14.923313014005544
development_original_pressure,edge16-1500-positive_extreme,edge16-1500-positive_extreme,CR,development_cr,primary,1,148,True,True,,True,2422.975474574185,1.0,16,True,0.0,0.0,True,650.0,2971.253809,48.0,32.0,112.0,,0,2422.9754745741843,False,local_research_only,238.3283630625,130,,,,development_original_pressure,2422.975474574185,0,384,0,8,4,12,13.132220412022434,0,0,13.222931280000012,13.223858848999953,33b701501e0493d5cdb3e0800008602dc6dcab08cb44bcb23592dd369fe500d6,exited,16,11714.877372870924,True,1.57378968504423,1.5737896850442303,,,,1.57378968504423,238.3283630625,development_cr/trace-021-CR.json.gz,3813.253809,13.223831662005978
development_original_pressure,edge16-1500-negative_extreme,edge16-1500-negative_extreme,CR,development_cr,primary,1,147,True,True,,True,2422.975474574185,1.0,16,True,0.0,0.0,True,645.0,2969.077805,48.0,32.0,115.0,,0,2422.9754745741843,False,local_research_only,238.0673628125,129,,,,development_original_pressure,2422.975474574185,0,356,0,9,3,12,12.441951010987395,0,0,12.532038309999962,12.532754389001639,2d608e6b8a9ced1c145e6a2b196295df588fff82f3b6e9e7bf8b72287bf9d62e,exited,16,11714.877372870924,True,1.5720661826630373,1.5720661826630375,,,,1.5720661826630373,238.0673628125,development_cr/trace-022-CR.json.gz,3809.077805,12.532726645993534
development_original_pressure,smooth-spatial,smooth-spatial,CR,development_cr,primary,1,138,True,True,,True,2244.834580127144,1.0,13,True,4425.599999999999,0.0,True,615.0,2607.623891,39.0,26.0,106.0,,0,2244.8345801271435,False,local_research_only,261.0479916153846,123,,,,development_original_pressure,2034.834580127144,0,432,0,9,3,12,17.86678519002453,0,0,17.941752717000043,17.94253123900853,1c9e93f56c78c4609c510970b84a8b180dc72f5b9c993f7fde3934ca7ea029f3,exited,13,9849.17290063572,True,1.5117478682138756,1.5117478682138759,,,,1.6677640158778677,261.0479916153846,development_cr/trace-023-CR.json.gz,3393.623891,17.942502696998417
development_added_pressure,q3-r2-cluster-14-960000,q3-r2-cluster-14-960000,CR,development_cr,primary,1,100,True,True,,True,422.69742882423344,1.0,14,True,4425.599999999999,1188.117477,True,420.0,1387.467631,42.0,28.0,83.0,,0,1135.1199999999997,False,local_research_only,140.0334022142857,84,,,,development_added_pressure,242.69742882423344,0,312,0,10,0,10,14.544854426014354,0,0,14.608654764999983,14.609135499995318,fe4c1f5c9ca3e5b2cf460708141e813dc7692ceac4c23b51dfa7b17780c8740d,exited,14,863.4871441211671,True,4.637992798899195,1.7271016553315954,,,,8.077826124889901,140.0334022142857,development_cr/trace-024-CR.json.gz,1960.467631,14.609109198994702
development_added_pressure,q3-r2-cluster-16-960001,q3-r2-cluster-16-960001,CR,development_cr,primary,1,74,True,True,,True,252.69742882423344,1.0,16,True,0.0,0.0,True,280.0,247.266906,48.0,32.0,55.0,,0,252.6974288242334,False,local_research_only,41.391681625,56,,,,development_added_pressure,252.69742882423344,0,228,0,3,4,7,11.621893078976427,0,0,11.674713058999998,11.675485843996285,4d6e801386b64a4fddddd65751c0e6c57ede7d5098684088d042ae419e81e318,exited,16,863.4871441211671,True,2.620790045555419,2.620790045555419,,,,2.620790045555419,41.391681625,development_cr/trace-025-CR.json.gz,662.266906,11.675460854996345
development_added_pressure,q3-r2-hiddenfar-14-960002,q3-r2-hiddenfar-14-960002,CR,development_cr,primary,1,107,True,True,,True,927.6383364348831,1.0,14,True,4425.599999999999,777.7739689999999,True,455.0,1542.645349,42.0,28.0,86.0,,0,1135.1199999999997,False,local_research_only,153.83181064285714,91,,,,development_added_pressure,747.6383364348831,0,300,0,11,0,11,15.14051774397376,1,0,15.202458629999967,15.2035838120064,91af4256296306e31b219717e9f94a4d5ab3392b9d08c5aaec90ce54d892eb43,exited,14,3388.1916821744153,True,2.3216433219835757,1.897284295052506,,,,2.8805978025012307,153.83181064285714,development_cr/trace-026-CR.json.gz,2153.645349,15.203558943001553
development_added_pressure,q3-r2-hiddenfar-16-960003,q3-r2-hiddenfar-16-960003,CR,development_cr,primary,1,93,True,True,,True,757.6383364348831,1.0,16,True,0.0,0.0,True,375.0,874.449271,48.0,32.0,69.0,,0,757.638336434883,False,local_research_only,87.4030794375,75,,,,development_added_pressure,757.6383364348831,0,292,0,8,1,9,18.55591995899158,0,0,18.620760389999987,18.62212177600304,1a4aa77ced2a7d6af633d7c791e753368d15ffcc215fd10391110a70d4bbd193,exited,16,3388.1916821744153,True,1.845800567036371,1.8458005670363713,,,,1.845800567036371,87.4030794375,development_cr/trace-027-CR.json.gz,1398.449271,18.622092834993964
development_added_pressure,q3-r2-collinear-14-960004,q3-r2-collinear-14-960004,CR,development_cr,primary,1,114,True,True,,True,426.00000085518315,1.0,14,True,4425.599999999999,935.9165930000001,True,490.0,1476.658295,42.0,28.0,97.0,,0,1135.1199999999997,False,local_research_only,152.40416392857145,98,,,,development_added_pressure,246.00000085518315,0,248,0,9,0,9,11.435283478043857,1,0,11.474063101999946,11.474809126011678,30f5cd7fc466df759d7a7399509030b52502e63f149418d8993e6abb88c82898,exited,14,880.0000042759157,True,5.008587536893757,1.8796764174712812,,,,8.673407673100195,152.40416392857145,development_cr/trace-028-CR.json.gz,2133.658295,11.474782036006218
development_added_pressure,q3-r2-collinear-16-960005,q3-r2-collinear-16-960005,CR,development_cr,primary,1,95,True,True,,True,256.00000085518315,1.0,16,True,0.0,0.0,True,385.0,696.664653,48.0,32.0,76.0,,0,256.0000008551831,False,local_research_only,77.3540408125,77,,,,development_added_pressure,256.00000085518315,0,228,0,7,0,7,10.914595994006959,0,0,10.953974642000048,10.954806427995209,fe05b034ddf2944a13ada8cd8d28fc350de586be4283a459b5e7b67f9f90baef,exited,16,880.0000042759157,True,4.834627534630891,4.834627534630892,,,,4.834627534630891,77.3540408125,development_cr/trace-029-CR.json.gz,1237.664653,10.954634611000074
development_added_pressure,q3-r2-boundary_min-10-960006,q3-r2-boundary_min-10-960006,CR,development_cr,primary,1,167,True,True,,True,1887.9986294989158,1.0,10,True,4425.599999999999,263.36787200000026,True,775.0,2745.243554,30.0,20.0,143.0,,0,1887.9986294989155,False,local_research_only,371.3243554,155,,,,development_added_pressure,1587.9986294989158,0,344,0,11,1,12,18.04211804899387,0,0,18.117440756000065,18.118864563002717,ec4c874c4ceee73bcc8af5e3e3e7ccb1a3f9c397e85f63ab844471166a6e4e05,exited,10,7689.993147494579,True,1.9667617846658678,1.966761784665868,,,,2.338316598655815,371.3243554,development_cr/trace-030-CR.json.gz,3713.243554,18.118834616005188
development_added_pressure,q3-r2-boundary_min-16-960007,q3-r2-boundary_min-16-960007,CR,development_cr,primary,1,180,True,True,,True,2405.9511886986925,1.0,16,True,0.0,0.0,True,810.0,3573.662088,48.0,32.0,140.0,,0,2405.951188698692,False,local_research_only,287.7288805,162,,,,development_added_pressure,2405.9511886986925,0,392,0,11,1,12,16.16511585499393,0,0,16.260727919000033,16.261396347006666,3f1ed64ea4f1ecaa2f455b428a761c91c3353de052b89d2cb100fc0eecd0085e,exited,16,11629.755943493463,True,1.9134478328672928,1.913447832867293,,,,1.9134478328672928,287.7288805,development_cr/trace-031-CR.json.gz,4603.662088,16.261368483988917
development_added_pressure,q3-r2-minimum_radius-10-960008,q3-r2-minimum_radius-10-960008,CR,development_cr,primary,1,144,True,True,,True,1931.3726442327493,1.0,10,True,4425.599999999999,165.60629199999994,True,660.0,2404.298241,30.0,20.0,121.0,,0,1931.372644232749,False,local_research_only,323.5298241,132,,,,development_added_pressure,1631.3726442327493,0,404,0,10,2,12,16.46892360399943,0,0,16.530604351999955,16.531299423004384,364f16af7c80bc73de1ca7e5e8d6e566a7d8508a70cd0e8ca1cda6566db8f461,exited,10,7906.863221163747,True,1.6751289559065097,1.67512895590651,,,,1.983175488713428,323.5298241,development_cr/trace-032-CR.json.gz,3235.298241,16.531276726993383
development_added_pressure,q3-r2-minimum_radius-16-960009,q3-r2-minimum_radius-16-960009,CR,development_cr,primary,1,122,True,True,,True,1773.1449605174948,1.0,16,True,0.0,0.0,True,520.0,2538.188642,48.0,32.0,98.0,,0,1773.1449605174946,False,local_research_only,202.261790125,104,,,,development_added_pressure,1773.1449605174948,0,380,0,9,2,11,16.06645690597361,0,0,16.134611355999937,16.1357144240028,c7de47702c5fbf73e6bee19c7968dcb8e15411c7d0825b09bc6f4fc33b587155,exited,16,8465.724802587474,True,1.8251122801914141,1.8251122801914144,,,,1.8251122801914141,202.261790125,development_cr/trace-033-CR.json.gz,3236.188642,16.135688428999856
development_added_pressure,q3-r2-correlated-12-960010,q3-r2-correlated-12-960010,CR,development_cr,primary,1,150,True,True,,True,1817.8316402796747,1.0,12,True,4425.599999999999,0.0,True,680.0,2513.926792,36.0,24.0,129.0,,0,1817.8316402796745,False,local_research_only,281.910566,136,,,,development_added_pressure,1577.8316402796747,0,416,0,7,5,12,17.121966219041497,0,0,17.17954589899989,17.180146016005892,6acb04e29419f8eba72f3c863da0393f1ef45deba3f514bfa08afdfec3b72eab,exited,12,7589.158201398373,True,1.8609681540582792,1.8609681540582794,,,,2.1440353366220797,281.910566,development_cr/trace-034-CR.json.gz,3382.926792,17.180123469006503
development_added_pressure,q3-r2-correlated_boundary-14-960011,q3-r2-correlated_boundary-14-960011,CR,development_cr,primary,1,174,True,True,,True,2317.2782699004065,1.0,14,True,4425.599999999999,0.0,True,790.0,3473.64306,42.0,28.0,139.0,,0,2317.278269900406,False,local_research_only,319.4745042857143,158,,,,development_added_pressure,2137.2782699004065,0,344,0,9,3,12,14.49690041402937,0,0,14.588643196000021,14.589327882989892,fdb8575ff9d52bded62e639fa20a071ded1cfb72618c863886b29cf78a16cfa7,exited,14,10336.391349502032,True,1.9301277356699282,1.9301277356699287,,,,2.0926816704164675,319.4745042857143,development_cr/trace-035-CR.json.gz,4472.64306,14.589301772997715
development_original_nominal,q3-random-910100,q3-random-910100,CRA,development_cra,primary,1,162,True,True,,True,2072.1703412489164,1.0,12,True,4425.599999999999,0.0,True,735.0,2833.83788,39.0,24.0,141.0,,1,2072.170341248916,False,local_research_only,314.4031566666667,147,,,,development_original_nominal,1832.1703412489164,0,472,0,6,6,12,29.08274006296415,0,2,29.167930395,29.188320055996883,5b49f9835afc37290867e03a5fd809c5fc0267a15ecf979693e64bba924fe914,exited,12,8860.851706244583,True,1.8207180196035793,1.8207180196035797,,,,2.0592178549447584,314.4031566666667,development_cra/trace-000-CRA.json.gz,3772.83788,29.168337213995983
development_original_nominal,q3-random-910101,q3-random-910101,CRA,development_cra,primary,1,148,True,True,,True,1952.6295868451732,1.0,14,True,4425.599999999999,0.0,True,655.0,2656.135289,45.0,28.0,125.0,,1,1952.629586845173,False,local_research_only,250.65252064285713,131,,,,development_original_nominal,1772.6295868451732,0,472,0,4,8,12,23.305277928011492,0,3,23.368073172,23.36939445299504,292a68b7bc7a210016c392cbde920661d955a6871c7175607b69e8c812fc4fcc,exited,14,8513.147934225866,True,1.7971331135413366,1.7971331135413369,,,,1.9796213010555477,250.65252064285713,development_cra/trace-001-CRA.json.gz,3509.135289,23.369370782995247
development_original_nominal,q3-random-910102,q3-random-910102,CRA,development_cra,primary,1,155,True,True,,True,2176.01105931539,1.0,15,True,4425.599999999999,79.2223570000001,True,690.0,2563.95367,45.0,30.0,132.0,,0,2176.0110593153895,False,local_research_only,230.73024466666666,138,,,,development_original_nominal,2026.01105931539,0,444,0,6,6,12,19.534969097017893,0,2,19.618992841999997,19.620862488998682,6f53eee5718914807c105563d3a735b6cf49bee254e958aa37b87cffa642dc13,exited,15,9755.05529657695,True,1.5905037132894329,1.590503713289433,,,,1.7082600087925937,230.73024466666666,development_cra/trace-002-CRA.json.gz,3460.95367,19.62084034900181
development_original_nominal,q3-random-910103,q3-random-910103,CRA,development_cra,primary,1,153,True,True,,True,1964.4161277493852,1.0,13,True,4425.599999999999,0.0,True,690.0,2392.478458,39.0,26.0,128.0,,0,1964.416127749385,False,local_research_only,251.9598813846154,138,,,,development_original_nominal,1754.4161277493852,0,432,0,10,2,12,15.971475429003476,0,0,16.042826351000002,16.043992502003675,0bc0fea804ef1335e9e9a32713627cee6660f6e8b749e91aacd5313f062ae6b0,exited,13,8447.080638746926,True,1.6674056029832578,1.667405602983258,,,,1.8669906222316122,251.9598813846154,development_cra/trace-003-CRA.json.gz,3275.478458,16.04396605900547
development_original_nominal,q3-random-910104,q3-random-910104,CRA,development_cra,primary,1,160,True,True,,True,2134.1779942295793,1.0,16,True,0.0,0.0,True,710.0,2642.014193,48.0,32.0,136.0,,0,2134.177994229579,False,local_research_only,223.0008870625,142,,,,development_original_nominal,2134.1779942295793,0,476,0,4,8,12,31.786309832968982,0,2,31.896980784999997,31.898898095008917,8607ad57788a0b0ba6020f6c6313da64bc5995a41c9c677fe5495edc4771f089,exited,16,10270.889971147897,True,1.6718447114754473,1.6718447114754478,,,,1.6718447114754473,223.0008870625,development_cra/trace-004-CRA.json.gz,3568.014193,31.898872862002463
development_original_nominal,q3-random-910105,q3-random-910105,CRA,development_cra,primary,1,147,True,True,,True,1660.4226558780124,1.0,10,True,4425.599999999999,0.0,True,675.0,2217.105342,30.0,20.0,128.0,,0,1660.4226558780122,False,local_research_only,307.0105342,135,,,,development_original_nominal,1360.4226558780124,0,368,0,7,3,10,12.936228088015923,0,1,12.999964209999987,13.001440563006327,3e76f4cfbab23b979d069a2d82cd5cf65f67f5167633d1d7a65db79667aa3edf,exited,10,6552.1132793900615,True,1.8489902743326299,1.84899027433263,,,,2.2567290604393557,307.0105342,development_cra/trace-005-CRA.json.gz,3070.105342,13.001418037005351
development_original_nominal,q3-random-910106,q3-random-910106,CRA,development_cra,primary,1,142,True,True,,True,1900.5380674943597,1.0,15,True,4425.599999999999,280.9619499999999,True,620.0,2644.201936,48.0,30.0,118.0,,1,1900.5380674943594,False,local_research_only,230.68012906666667,124,,,,development_original_nominal,1750.5380674943597,0,468,0,4,8,12,22.207479541029898,0,3,22.291354711999986,22.293104868993396,afe05a65890bebd2b2e2116411d31de7c124615db41d5c5ab154d49647e59b7a,exited,15,8377.690337471799,True,1.8206433194794553,1.8206433194794556,,,,1.9766504940693892,230.68012906666667,development_cra/trace-006-CRA.json.gz,3460.201936,22.293080267991172
development_original_nominal,q3-random-910107,q3-random-910107,CRA,development_cra,primary,1,148,True,True,,True,2071.7883992002644,1.0,14,True,4425.599999999999,0.0,True,660.0,2426.341832,42.0,28.0,122.0,,0,2071.788399200264,False,local_research_only,234.16727371428573,132,,,,development_original_nominal,1891.7883992002644,0,464,0,10,2,12,23.098700103990268,0,0,23.202291019,23.203676910998183,c79e5cef8c657ae94ff60befb655ba66f1afd2610bc886c3f20bd3437444e076,exited,14,9108.941996001322,True,1.582372907033112,1.5823729070331125,,,,1.7329326225839465,234.16727371428573,development_cra/trace-007-CRA.json.gz,3278.341832,23.20365278799727
development_original_nominal,q3-random-910108,q3-random-910108,CRA,development_cra,primary,1,137,True,True,,True,2081.0674898469483,1.0,14,True,4425.599999999999,0.0,True,605.0,2506.170278,42.0,28.0,117.0,,0,2081.067489846948,False,local_research_only,235.58359128571428,121,,,,development_original_nominal,1901.0674898469483,0,456,0,6,6,12,20.235272135934792,0,1,20.30731683800002,20.30840752000222,c4e24e847658f2f1056d278939a3c98738061575bedac46127e3f43d36c735f2,exited,14,9155.337449234741,True,1.5848454190414378,1.5848454190414383,,,,1.7349043606366286,235.58359128571428,development_cra/trace-008-CRA.json.gz,3298.170278,20.308384424992255
development_original_nominal,q3-random-910109,q3-random-910109,CRA,development_cra,primary,1,127,True,True,,True,2057.6384695214974,1.0,16,True,0.0,0.0,True,545.0,2711.209475,48.0,32.0,101.0,,0,2057.638469521497,False,local_research_only,214.8255921875,109,,,,development_original_nominal,2057.6384695214974,0,444,0,10,2,12,21.963342832998023,0,0,22.07784876599999,22.081018231998314,26562ec4912877a778e100ce77238c2f8b79f6a2f4b247e95d32dd6478a8c20c,exited,16,9888.192347607488,True,1.670463264520575,1.6704632645205753,,,,1.670463264520575,214.8255921875,development_cra/trace-009-CRA.json.gz,3437.209475,22.080991812006687
development_original_nominal,q3-random-910110,q3-random-910110,CRA,development_cra,primary,1,144,True,True,,True,1961.2177805839679,1.0,15,True,4425.599999999999,0.0,True,635.0,2581.668709,45.0,30.0,118.0,,0,1961.2177805839676,False,local_research_only,227.31124726666667,127,,,,development_original_nominal,1811.2177805839679,0,440,0,10,2,12,16.342268194959615,0,0,16.420013533000002,16.42182970799331,7a5287892246d7ed44638f68bf3e3df4887a2379fe8d2486f229e13a3c52556f,exited,15,8681.088902919839,True,1.738546704377086,1.7385467043770861,,,,1.8825282887299528,227.31124726666667,development_cra/trace-010-CRA.json.gz,3409.668709,16.421804883997538
development_original_nominal,q3-random-910111,q3-random-910111,CRA,development_cra,primary,1,158,True,True,,True,2357.2659496510414,1.0,13,True,4425.599999999999,0.0,True,715.0,2547.073214,39.0,26.0,136.0,,0,2357.265949651041,False,local_research_only,266.3902472307692,143,,,,development_original_nominal,2147.2659496510414,0,476,0,7,5,12,25.928319238999393,0,0,26.021703986000006,26.02289204200497,6fca6a038834f8e81bd54eba38aae5df89395ecb6d9e01099ecb9d46604c7914,exited,13,10411.329748255208,True,1.4691058573652485,1.469105857365249,,,,1.612782624603531,266.3902472307692,development_cra/trace-011-CRA.json.gz,3463.073214,26.02286847399955
development_original_pressure,q3-hard-boundary_outward,q3-hard-boundary_outward,CRA,development_cra,primary,1,154,True,True,,True,2617.846834811964,1.0,12,True,4425.599999999999,0.0,True,695.0,3074.346908,39.0,24.0,124.0,,1,2617.8468348119636,False,local_research_only,329.6955756666667,139,,,,development_original_pressure,2377.846834811964,0,380,0,7,5,12,14.62851259103627,0,1,14.689195206000022,14.689835703000426,62314f93e849ba0c40b2465c25c63df6a4127477f4f0e5a67e77c4673fa205a8,exited,12,11589.23417405982,True,1.511298084895092,1.5112980848950923,,,,1.6638358913949396,329.6955756666667,development_cra/trace-012-CRA.json.gz,3956.346908,14.689800072010257
development_original_pressure,q3-hard-minimum_radius,q3-hard-minimum_radius,CRA,development_cra,primary,1,158,True,True,,True,1978.2795715633056,1.0,14,True,4425.599999999999,0.0,True,710.0,2606.499932,42.0,28.0,128.0,,0,1978.2795715633054,False,local_research_only,251.03570942857144,142,,,,development_original_pressure,1798.2795715633056,0,468,0,9,3,12,17.3663436290517,0,0,17.455370423000033,17.45639232499525,f4db40ec59f1d40eb75ac981b5a6735156277c65d7a41a3d0a3cdf2d9d2b8884,exited,14,8641.397857816528,True,1.7765436101747336,1.7765436101747338,,,,1.9543679345390805,251.03570942857144,development_cra/trace-013-CRA.json.gz,3514.499932,17.45636915799696
development_original_pressure,q3-hard-positive_error,q3-hard-positive_error,CRA,development_cra,primary,1,148,True,True,,True,1978.2795715633056,1.0,14,True,4425.599999999999,0.0,True,660.0,2331.569263,42.0,28.0,124.0,,0,1978.2795715633054,False,local_research_only,227.54066164285715,132,,,,development_original_pressure,1798.2795715633056,0,472,0,6,6,12,21.845967771994765,0,0,21.91825158200004,21.92053881099855,de1667bff766c0c75e39ecc02e52cc21b5aa791a3fbb7ec8ff6aa3f45ecef0a8,exited,14,8641.397857816528,True,1.6102725361929768,1.610272536192977,,,,1.7714538458726283,227.54066164285715,development_cra/trace-014-CRA.json.gz,3185.569263,21.920513557997765
development_original_pressure,q3-hard-negative_error,q3-hard-negative_error,CRA,development_cra,primary,1,159,True,True,,True,1978.2795715633056,1.0,14,True,4425.599999999999,0.0,True,715.0,2669.748206,42.0,28.0,127.0,,0,1978.2795715633054,False,local_research_only,255.8391575714286,143,,,,development_original_pressure,1798.2795715633056,0,472,0,11,1,12,17.787640810958692,0,0,17.877568455000016,17.87839422900288,06bf6cf9e6d52406e720cc504c11c0e958f77aa226f894b6be81ec77115b78b6,exited,14,8641.397857816528,True,1.8105369218212053,1.8105369218212055,,,,1.9917638295174898,255.8391575714286,development_cra/trace-015-CRA.json.gz,3581.748206,17.878372684994247
development_original_pressure,q3-hard-alternating_error,q3-hard-alternating_error,CRA,development_cra,primary,1,151,True,True,,True,1978.2795715633056,1.0,14,True,4425.599999999999,0.0,True,675.0,2564.042046,42.0,28.0,124.0,,0,1978.2795715633054,False,local_research_only,245.217289,135,,,,development_original_pressure,1798.2795715633056,0,456,0,9,3,12,15.181136823972338,0,1,15.257261787999994,15.25820420900709,089c00b8bcce125f97ded73da8e89b3161dff20c1881cc8c9162a77fa070570e,exited,14,8641.397857816528,True,1.7353674856416226,1.7353674856416228,,,,1.9090702581999193,245.217289,development_cra/trace-016-CRA.json.gz,3433.042046,15.258181445999071
development_original_pressure,q3-hard-close_targets,q3-hard-close_targets,CRA,development_cra,primary,1,102,True,True,,True,429.79784756506996,1.0,14,True,4425.599999999999,1214.077287,True,420.0,1378.655265,48.0,28.0,82.0,,2,1135.1199999999997,False,local_research_only,139.76109035714288,84,,,,development_original_pressure,249.79784756506996,0,300,0,8,2,10,11.980932163016405,1,2,12.042843873000038,12.04388454000582,c512b6f68567f325c72a0445fd900a89c19e388cccd858c02b4c2f4779deb1e8,exited,14,898.9892378253498,True,4.5525013121518,1.7237430976460644,,,,7.832954863593491,139.76109035714288,development_cra/trace-017-CRA.json.gz,1956.655265,12.043859946992598
development_original_pressure,q3-hard-near_parallel,q3-hard-near_parallel,CRA,development_cra,primary,1,122,True,True,,True,446.00000379999994,1.0,14,True,4425.599999999999,1293.765949,True,530.0,1541.873664,42.0,28.0,104.0,,0,1135.1199999999997,False,local_research_only,160.41954742857143,106,,,,development_original_pressure,266.00000379999994,0,404,0,7,5,12,24.090088247001404,0,0,24.183088845999976,24.1849432529998,a590b42740983fe9210079e89c590e6da56965d424cb8b9d6a6209065d31afdd,exited,14,980.0000189999997,True,5.035591131983754,1.9785341320741427,,,,8.443133954571772,160.41954742857143,development_cra/trace-018-CRA.json.gz,2245.873664,24.184919748993707
development_original_pressure,edge16-1000-positive_extreme,edge16-1000-positive_extreme,CRA,development_cra,primary,1,183,True,True,,True,2422.975474574185,1.0,16,True,0.0,0.0,True,815.0,3734.459514,54.0,32.0,147.0,,2,2422.9754745741843,False,local_research_only,298.903719625,163,,,,development_original_pressure,2422.975474574185,0,404,0,8,4,12,15.115681501978543,0,3,15.205440941999996,15.207127718007541,b29000835259ac509e96a8549359f27593444aac67be258011d9c7cd73093117,exited,16,11714.877372870924,True,1.9737960883984897,1.97379608839849,,,,1.9737960883984897,298.903719625,development_cra/trace-019-CRA.json.gz,4782.459514,15.207101081992732
development_original_pressure,edge16-1000-negative_extreme,edge16-1000-negative_extreme,CRA,development_cra,primary,1,187,True,True,,True,2422.975474574185,1.0,16,True,0.0,0.0,True,835.0,3730.783701,54.0,32.0,148.0,,2,2422.9754745741843,False,local_research_only,299.9864813125,167,,,,development_original_pressure,2422.975474574185,0,376,0,10,2,12,14.847027841999079,0,2,14.949667114000022,14.950399829991511,a20624c3edef9a7958c9ad16e9f4b4d3981e06fd17bb12ae448f1f224f1e245c,exited,16,11714.877372870924,True,1.9809460522267637,1.980946052226764,,,,1.9809460522267637,299.9864813125,development_cra/trace-020-CRA.json.gz,4799.783701,14.950370883991127
development_original_pressure,edge16-1500-positive_extreme,edge16-1500-positive_extreme,CRA,development_cra,primary,1,150,True,True,,True,2422.975474574185,1.0,16,True,0.0,0.0,True,650.0,2971.253809,54.0,32.0,112.0,,2,2422.9754745741843,False,local_research_only,238.7033630625,130,,,,development_original_pressure,2422.975474574185,0,404,0,6,6,12,12.836902280934737,0,2,12.922742951000032,12.924096242000815,33b701501e0493d5cdb3e0800008602dc6dcab08cb44bcb23592dd369fe500d6,exited,16,11714.877372870924,True,1.5762659791970028,1.576265979197003,,,,1.5762659791970028,238.7033630625,development_cra/trace-021-CRA.json.gz,3819.253809,12.924071269007982
development_original_pressure,edge16-1500-negative_extreme,edge16-1500-negative_extreme,CRA,development_cra,primary,1,147,True,True,,True,2422.975474574185,1.0,16,True,0.0,0.0,True,645.0,2969.077805,48.0,32.0,115.0,,0,2422.9754745741843,False,local_research_only,238.0673628125,129,,,,development_original_pressure,2422.975474574185,0,360,0,9,3,12,12.01611821797269,0,0,12.102237577999972,12.102939967997372,2d608e6b8a9ced1c145e6a2b196295df588fff82f3b6e9e7bf8b72287bf9d62e,exited,16,11714.877372870924,True,1.5720661826630373,1.5720661826630375,,,,1.5720661826630373,238.0673628125,development_cra/trace-022-CRA.json.gz,3809.077805,12.102889228001004
development_original_pressure,smooth-spatial,smooth-spatial,CRA,development_cra,primary,1,137,True,True,,True,2244.834580127144,1.0,13,True,4425.599999999999,0.0,True,610.0,2607.638864,39.0,26.0,106.0,,0,2244.8345801271435,False,local_research_only,260.664528,122,,,,development_original_pressure,2034.834580127144,0,476,0,8,4,12,17.923614073981298,0,1,17.987546569000017,17.989003171998775,1c9e93f56c78c4609c510970b84a8b180dc72f5b9c993f7fde3934ca7ea029f3,exited,13,9849.17290063572,True,1.5095272025825943,1.5095272025825945,,,,1.6653141720189684,260.664528,development_cra/trace-023-CRA.json.gz,3388.638864,17.988981187998434
development_added_pressure,q3-r2-cluster-14-960000,q3-r2-cluster-14-960000,CRA,development_cra,primary,1,102,True,True,,True,422.69742882423344,1.0,14,True,4425.599999999999,1188.122253,True,420.0,1385.197611,48.0,28.0,83.0,,2,1135.1199999999997,False,local_research_only,140.29982935714287,84,,,,development_added_pressure,242.69742882423344,0,336,0,8,2,10,14.618410994982696,0,2,14.67463915799999,14.67551633498806,fe4c1f5c9ca3e5b2cf460708141e813dc7692ceac4c23b51dfa7b17780c8740d,exited,14,863.4871441211671,True,4.646817030478686,1.7303876339065478,,,,8.093194973328346,140.29982935714287,development_cra/trace-024-CRA.json.gz,1964.197611,14.67549346901069
development_added_pressure,q3-r2-cluster-16-960001,q3-r2-cluster-16-960001,CRA,development_cra,primary,1,74,True,True,,True,252.69742882423344,1.0,16,True,0.0,0.0,True,280.0,247.266906,48.0,32.0,55.0,,0,252.6974288242334,False,local_research_only,41.391681625,56,,,,development_added_pressure,252.69742882423344,0,248,0,3,4,7,11.869656025999575,0,0,11.919653288999996,11.920774979997077,4d6e801386b64a4fddddd65751c0e6c57ede7d5098684088d042ae419e81e318,exited,16,863.4871441211671,True,2.620790045555419,2.620790045555419,,,,2.620790045555419,41.391681625,development_cra/trace-025-CRA.json.gz,662.266906,11.920750032004435
development_added_pressure,q3-r2-hiddenfar-14-960002,q3-r2-hiddenfar-14-960002,CRA,development_cra,primary,1,107,True,True,,True,927.6383364348831,1.0,14,True,4425.599999999999,777.7739689999999,True,455.0,1542.645349,42.0,28.0,86.0,,0,1135.1199999999997,False,local_research_only,153.83181064285714,91,,,,development_added_pressure,747.6383364348831,0,316,0,11,0,11,15.176488657016307,1,0,15.233184291000043,15.236085840006126,91af4256296306e31b219717e9f94a4d5ab3392b9d08c5aaec90ce54d892eb43,exited,14,3388.1916821744153,True,2.3216433219835757,1.897284295052506,,,,2.8805978025012307,153.83181064285714,development_cra/trace-026-CRA.json.gz,2153.645349,15.236060901996098
development_added_pressure,q3-r2-hiddenfar-16-960003,q3-r2-hiddenfar-16-960003,CRA,development_cra,primary,1,93,True,True,,True,757.6383364348831,1.0,16,True,0.0,0.0,True,375.0,874.449271,48.0,32.0,69.0,,0,757.638336434883,False,local_research_only,87.4030794375,75,,,,development_added_pressure,757.6383364348831,0,304,0,8,1,9,18.267973661000724,0,0,18.329233493999936,18.330479078998906,1a4aa77ced2a7d6af633d7c791e753368d15ffcc215fd10391110a70d4bbd193,exited,16,3388.1916821744153,True,1.845800567036371,1.8458005670363713,,,,1.845800567036371,87.4030794375,development_cra/trace-027-CRA.json.gz,1398.449271,18.330452847993
development_added_pressure,q3-r2-collinear-14-960004,q3-r2-collinear-14-960004,CRA,development_cra,primary,1,114,True,True,,True,426.00000085518315,1.0,14,True,4425.599999999999,935.9165930000001,True,490.0,1476.658295,42.0,28.0,97.0,,0,1135.1199999999997,False,local_research_only,152.40416392857145,98,,,,development_added_pressure,246.00000085518315,0,252,0,9,0,9,11.105888047008193,1,0,11.141934098999968,11.14250757699483,30f5cd7fc466df759d7a7399509030b52502e63f149418d8993e6abb88c82898,exited,14,880.0000042759157,True,5.008587536893757,1.8796764174712812,,,,8.673407673100195,152.40416392857145,development_cra/trace-028-CRA.json.gz,2133.658295,11.1424686100072
development_added_pressure,q3-r2-collinear-16-960005,q3-r2-collinear-16-960005,CRA,development_cra,primary,1,95,True,True,,True,256.00000085518315,1.0,16,True,0.0,0.0,True,385.0,696.664653,48.0,32.0,76.0,,0,256.0000008551831,False,local_research_only,77.3540408125,77,,,,development_added_pressure,256.00000085518315,0,240,0,7,0,7,10.924578900972847,0,0,10.962003677999974,10.962592830997892,fe05b034ddf2944a13ada8cd8d28fc350de586be4283a459b5e7b67f9f90baef,exited,16,880.0000042759157,True,4.834627534630891,4.834627534630892,,,,4.834627534630891,77.3540408125,development_cra/trace-029-CRA.json.gz,1237.664653,10.96256293899205
development_added_pressure,q3-r2-boundary_min-10-960006,q3-r2-boundary_min-10-960006,CRA,development_cra,primary,1,168,True,True,,True,1887.9986294989158,1.0,10,True,4425.599999999999,263.36787200000026,True,775.0,2745.317618,33.0,20.0,143.0,,1,1887.9986294989155,False,local_research_only,371.6317618,155,,,,development_added_pressure,1587.9986294989158,0,352,0,10,2,12,17.20914398500463,0,1,17.281896885999913,17.282727917001466,ec4c874c4ceee73bcc8af5e3e3e7ccb1a3f9c397e85f63ab844471166a6e4e05,exited,10,7689.993147494579,True,1.9683899977121961,1.9683899977121964,,,,2.3402524088907204,371.6317618,development_cra/trace-030-CRA.json.gz,3716.317618,17.2827028180036
development_added_pressure,q3-r2-boundary_min-16-960007,q3-r2-boundary_min-16-960007,CRA,development_cra,primary,1,179,True,True,,True,2405.9511886986925,1.0,16,True,0.0,0.0,True,800.0,3572.606247,51.0,32.0,140.0,,1,2405.951188698692,False,local_research_only,287.2253904375,160,,,,development_added_pressure,2405.9511886986925,0,396,0,10,2,12,15.761943645993597,0,2,15.85276000600004,15.85354303799977,3f1ed64ea4f1ecaa2f455b428a761c91c3353de052b89d2cb100fc0eecd0085e,exited,16,11629.755943493463,True,1.9100995350972296,1.91009953509723,,,,1.9100995350972296,287.2253904375,development_cra/trace-031-CRA.json.gz,4595.606247,15.853503716003615
development_added_pressure,q3-r2-minimum_radius-10-960008,q3-r2-minimum_radius-10-960008,CRA,development_cra,primary,1,144,True,True,,True,1931.3726442327493,1.0,10,True,4425.599999999999,165.60629199999994,True,660.0,2404.298241,30.0,20.0,121.0,,0,1931.372644232749,False,local_research_only,323.5298241,132,,,,development_added_pressure,1631.3726442327493,0,432,0,10,2,12,16.634170907040243,0,0,16.691833928999927,16.694296289992053,364f16af7c80bc73de1ca7e5e8d6e566a7d8508a70cd0e8ca1cda6566db8f461,exited,10,7906.863221163747,True,1.6751289559065097,1.67512895590651,,,,1.983175488713428,323.5298241,development_cra/trace-032-CRA.json.gz,3235.298241,16.694275436995667
development_added_pressure,q3-r2-minimum_radius-16-960009,q3-r2-minimum_radius-16-960009,CRA,development_cra,primary,1,122,True,True,,True,1773.1449605174948,1.0,16,True,0.0,0.0,True,520.0,2538.188642,48.0,32.0,98.0,,0,1773.1449605174946,False,local_research_only,202.261790125,104,,,,development_added_pressure,1773.1449605174948,0,412,0,9,2,11,16.710216445004335,0,0,16.77487158300005,16.776096606001374,c7de47702c5fbf73e6bee19c7968dcb8e15411c7d0825b09bc6f4fc33b587155,exited,16,8465.724802587474,True,1.8251122801914141,1.8251122801914144,,,,1.8251122801914141,202.261790125,development_cra/trace-033-CRA.json.gz,3236.188642,16.776071989996126
development_added_pressure,q3-r2-correlated-12-960010,q3-r2-correlated-12-960010,CRA,development_cra,primary,1,150,True,True,,True,1817.8316402796747,1.0,12,True,4425.599999999999,0.0,True,675.0,2513.926792,39.0,24.0,128.0,,1,1817.8316402796745,False,local_research_only,281.660566,135,,,,development_added_pressure,1577.8316402796747,0,424,0,6,6,12,15.688466052961303,0,2,15.743236336999985,15.744059733988252,6acb04e29419f8eba72f3c863da0393f1ef45deba3f514bfa08afdfec3b72eab,exited,12,7589.158201398373,True,1.8593178362106162,1.8593178362106164,,,,2.1421339930798315,281.660566,development_cra/trace-034-CRA.json.gz,3379.926792,15.74403839399747
development_added_pressure,q3-r2-correlated_boundary-14-960011,q3-r2-correlated_boundary-14-960011,CRA,development_cra,primary,1,172,True,True,,True,2317.2782699004065,1.0,14,True,4425.599999999999,0.0,True,780.0,3488.467364,42.0,28.0,139.0,,0,2317.278269900406,False,local_research_only,319.8190974285714,156,,,,development_added_pressure,2137.2782699004065,0,344,0,10,2,12,14.328912468030467,0,1,14.415351033999968,14.416082859999733,fdb8575ff9d52bded62e639fa20a071ded1cfb72618c863886b29cf78a16cfa7,exited,14,10336.391349502032,True,1.932209619431004,1.9322096194310046,,,,2.0949388888928544,319.8190974285714,development_cra/trace-035-CRA.json.gz,4477.467364,14.416058992996113
nominal,q3-random-980000,q3-random-980000,B,holdout_nominal,primary,1,153,True,True,,True,1613.868487631547,1.0,10,True,4425.599999999999,359.6671369999999,True,705.0,2367.247244,30.0,20.0,137.0,,0,1613.8684876315467,False,local_research_only,325.9247244,141,,,,nominal,1313.868487631547,,,,,,,,,,0.07298721,0.07298828799684998,5eb88126db6f6dd60fd55dae1a77b4dbcd563a483c7763465eec655686290ea1,exited,10,6319.342438157735,True,2.0195246818302706,2.019524681830271,,,,2.4806495282304106,325.9247244,holdout_nominal/trace-000-B.json.gz,3259.247244,0.07297007599845529
nominal,q3-random-980000,q3-random-980000,CR,holdout_nominal,primary,1,146,True,True,,True,1613.868487631547,1.0,10,True,4425.599999999999,351.45891500000016,True,670.0,2287.266219,30.0,20.0,128.0,,0,1613.8684876315467,False,local_research_only,313.5266219,134,,,,nominal,1313.868487631547,0,392,0,8,4,12,16.613777776045026,0,0,16.665370466,16.66629295000166,5eb88126db6f6dd60fd55dae1a77b4dbcd563a483c7763465eec655686290ea1,exited,10,6319.342438157735,True,1.942702421559268,1.9427024215592685,,,,2.386286183521919,313.5266219,holdout_nominal/trace-000-CR.json.gz,3135.266219,16.664813019000576
nominal,q3-random-980001,q3-random-980001,B,holdout_nominal,primary,1,170,True,True,,True,1806.9824160188116,1.0,12,True,4425.599999999999,363.6308589999999,True,780.0,2463.454987,36.0,24.0,151.0,,0,1806.9824160188114,False,local_research_only,287.8712489166667,156,,,,nominal,1566.9824160188116,,,,,,,,,,0.09987735300000011,0.09990788499999326,19e6e089f8214b5fb798ce8d8e5c1ba2986a55be97a985b8210756239c99bd42,exited,12,7534.912080094058,True,1.9117258454628137,1.9117258454628139,,,,2.204526963216752,287.8712489166667,holdout_nominal/trace-001-B.json.gz,3454.454987,0.09989126300206408
nominal,q3-random-980001,q3-random-980001,CR,holdout_nominal,primary,1,162,True,True,,True,1806.9824160188116,1.0,12,True,4425.599999999999,355.39222100000006,True,740.0,2504.907211,36.0,24.0,141.0,,0,1806.9824160188114,False,local_research_only,287.15893425,148,,,,nominal,1566.9824160188116,0,416,0,6,6,12,18.982714227066026,0,0,19.058968955999998,19.060068649996538,19e6e089f8214b5fb798ce8d8e5c1ba2986a55be97a985b8210756239c99bd42,exited,12,7534.912080094058,True,1.906995430864296,1.9069954308642962,,,,2.1990720353805373,287.15893425,holdout_nominal/trace-001-CR.json.gz,3445.907211,19.060043108009268
nominal,q3-random-980002,q3-random-980002,B,holdout_nominal,primary,1,165,True,True,,True,1918.49636820329,1.0,10,True,4425.599999999999,0.0,True,765.0,2372.171082,30.0,20.0,144.0,,0,1918.4963682032899,False,local_research_only,333.11710819999996,153,,,,nominal,1618.49636820329,,,,,,,,,,0.09662608800000072,0.09684681700309739,93faf45c7bac65de6acd671c9bc0f1292f1d869efaeda85847a99993b6d0af7c,exited,10,7842.481841016451,True,1.7363447422731937,1.736344742273194,,,,2.0581887901904703,333.11710819999996,holdout_nominal/trace-002-B.json.gz,3331.171082,0.09682294400408864
nominal,q3-random-980002,q3-random-980002,CR,holdout_nominal,primary,1,152,True,True,,True,1918.49636820329,1.0,10,True,4425.599999999999,0.0,True,700.0,2307.574313,30.0,20.0,134.0,,0,1918.4963682032899,False,local_research_only,319.1574313,140,,,,nominal,1618.49636820329,0,424,0,5,7,12,18.62284862199158,0,0,18.677661306000005,18.678921030004858,93faf45c7bac65de6acd671c9bc0f1292f1d869efaeda85847a99993b6d0af7c,exited,10,7842.481841016451,True,1.663581107525876,1.6635811075258762,,,,1.9719378898223914,319.1574313,holdout_nominal/trace-002-CR.json.gz,3191.574313,18.678896343990345
nominal,q3-random-980003,q3-random-980003,B,holdout_nominal,primary,1,137,True,True,,True,1701.0953650804904,1.0,13,True,4425.599999999999,262.430781,True,610.0,2245.355923,39.0,26.0,116.0,,0,1701.0953650804902,False,local_research_only,233.56584023076923,122,,,,nominal,1491.0953650804904,,,,,,,,,,0.09037775999999553,0.09038722098921426,eaaa8e4e84e4b72114420d78f65914ca2d578e73ea992e4972569a3c508fa088,exited,13,7130.476825402452,True,1.7849416236909972,1.7849416236909974,,,,2.036325773728158,233.56584023076923,holdout_nominal/trace-003-B.json.gz,3036.355923,0.09036420899792574
nominal,q3-random-980003,q3-random-980003,CR,holdout_nominal,primary,1,139,True,True,,True,1701.0953650804904,1.0,13,True,4425.599999999999,0.0,True,620.0,2302.793951,39.0,26.0,117.0,,0,1701.0953650804902,False,local_research_only,238.83030392307694,124,,,,nominal,1491.0953650804904,0,384,0,7,4,11,17.37253133599006,0,0,17.441366227999993,17.442097339997417,eaaa8e4e84e4b72114420d78f65914ca2d578e73ea992e4972569a3c508fa088,exited,13,7130.476825402452,True,1.8251733646062172,1.8251733646062174,,,,2.0822235946205905,238.83030392307694,holdout_nominal/trace-003-CR.json.gz,3104.793951,17.44207217200892
nominal,q3-random-980004,q3-random-980004,B,holdout_nominal,primary,1,148,True,True,,True,1431.0916666807902,1.0,16,True,0.0,0.0,True,650.0,2322.913373,48.0,32.0,120.0,,0,1431.09166668079,False,local_research_only,198.3070858125,130,,,,nominal,1431.0916666807902,,,,,,,,,,0.16412216800000579,0.16412873199442402,d60bdfc2e5d724005a9d39303d668983320f9f3a8d82ba024c4918c39424580d,exited,16,6755.458333403951,True,2.2171279778039046,2.217127977803905,,,,2.2171279778039046,198.3070858125,holdout_nominal/trace-004-B.json.gz,3172.913373,0.164106369993533
nominal,q3-random-980004,q3-random-980004,CR,holdout_nominal,primary,1,126,True,True,,True,1431.0916666807902,1.0,16,True,0.0,0.0,True,540.0,2302.105256,48.0,32.0,99.0,,0,1431.09166668079,False,local_research_only,188.8190785,108,,,,nominal,1431.0916666807902,0,424,0,7,5,12,28.08545158999914,0,0,28.19073349899999,28.19243059499422,d60bdfc2e5d724005a9d39303d668983320f9f3a8d82ba024c4918c39424580d,exited,16,6755.458333403951,True,2.111049436132219,2.111049436132219,,,,2.111049436132219,188.8190785,holdout_nominal/trace-004-CR.json.gz,3021.105256,28.192402272994514
nominal,q3-random-980005,q3-random-980005,B,holdout_nominal,primary,1,151,True,True,,True,1942.2769087316676,1.0,10,True,4425.599999999999,0.0,True,695.0,2646.010859,30.0,20.0,128.0,,0,1942.2769087316674,False,local_research_only,351.9010859,139,,,,nominal,1642.2769087316676,,,,,,,,,,0.09716739899999993,0.09718459099531174,011e41f7303cc0bb5296a10a8fa1f75eb70ad252599b24dea4669fd7760b280f,exited,10,7961.384543658338,True,1.8117966821208622,1.8117966821208624,,,,2.142763403838964,351.9010859,holdout_nominal/trace-005-B.json.gz,3519.010859,0.09716154000489041
nominal,q3-random-980005,q3-random-980005,CR,holdout_nominal,primary,1,144,True,True,,True,1942.2769087316676,1.0,10,True,4425.599999999999,0.0,True,660.0,2669.530934,30.0,20.0,122.0,,0,1942.2769087316674,False,local_research_only,350.1530934,132,,,,nominal,1642.2769087316676,0,376,0,7,4,11,15.314929264059174,0,0,15.377478147999994,15.380081884009996,011e41f7303cc0bb5296a10a8fa1f75eb70ad252599b24dea4669fd7760b280f,exited,10,7961.384543658338,True,1.802796974138227,1.8027969741382273,,,,2.132119690280634,350.1530934,holdout_nominal/trace-005-CR.json.gz,3501.530934,15.380055308996816
nominal,q3-random-980006,q3-random-980006,B,holdout_nominal,primary,1,173,True,True,,True,2036.7077180498698,1.0,10,True,4425.599999999999,0.0,True,805.0,2274.47198,30.0,20.0,157.0,,0,2036.7077180498695,False,local_research_only,328.647198,161,,,,nominal,1736.7077180498698,,,,,,,,,,0.08805543500000113,0.08805699000367895,08c790511a83191ad1c0a8f46da3f65fd68584826028f705aa35d44ec03a4244,exited,10,8433.538590249349,True,1.613619838955964,1.6136198389559642,,,,1.8923575601370295,328.647198,holdout_nominal/trace-006-B.json.gz,3286.47198,0.08803730498766527
nominal,q3-random-980006,q3-random-980006,CR,holdout_nominal,primary,1,152,True,True,,True,2036.7077180498698,1.0,10,True,4425.599999999999,0.0,True,700.0,2310.464793,30.0,20.0,136.0,,0,2036.7077180498695,False,local_research_only,319.6464793,140,,,,nominal,1736.7077180498698,0,428,0,9,3,12,20.421216166971135,0,0,20.481747831000007,20.4831762269896,08c790511a83191ad1c0a8f46da3f65fd68584826028f705aa35d44ec03a4244,exited,10,8433.538590249349,True,1.569427348201237,1.5694273482012373,,,,1.8405312303150674,319.6464793,holdout_nominal/trace-006-CR.json.gz,3196.464793,20.48314914999355
nominal,q3-random-980007,q3-random-980007,B,holdout_nominal,primary,1,153,True,True,,True,1829.2717241711216,1.0,11,True,4425.599999999999,0.0,True,700.0,2280.385118,33.0,22.0,132.0,,0,1829.2717241711214,False,local_research_only,287.94410163636365,140,,,,nominal,1559.2717241711216,,,,,,,,,,0.09925484400000073,0.09925476000353228,656ae804688cd33ce0b228ababda7ec52d4e3a526d1502c64daa9a63c84b1c90,exited,11,7521.358620855608,True,1.7315006164189213,1.7315006164189215,,,,2.0313233857195225,287.94410163636365,holdout_nominal/trace-007-B.json.gz,3167.385118,0.09923034100211225
nominal,q3-random-980007,q3-random-980007,CR,holdout_nominal,primary,1,144,True,True,,True,1829.2717241711216,1.0,11,True,4425.599999999999,0.0,True,655.0,2270.462473,33.0,22.0,121.0,,0,1829.2717241711214,False,local_research_only,281.9511339090909,131,,,,nominal,1559.2717241711216,0,356,0,7,3,10,18.598805021014414,0,0,18.670954895999984,18.673335375991883,656ae804688cd33ce0b228ababda7ec52d4e3a526d1502c64daa9a63c84b1c90,exited,11,7521.358620855608,True,1.6954629714212266,1.6954629714212266,,,,1.9890455428149811,281.9511339090909,holdout_nominal/trace-007-CR.json.gz,3101.462473,18.67330603201117
nominal,q3-random-980008,q3-random-980008,B,holdout_nominal,primary,1,200,True,True,,True,2037.9004431804328,1.0,15,True,4425.599999999999,0.0,True,915.0,2504.085265,45.0,30.0,176.0,,0,2037.9004431804326,False,local_research_only,244.67235100000002,183,,,,nominal,1887.9004431804328,,,,,,,,,,0.11992059100001029,0.11992196699429769,dc6274093878eb36f3e9a55139ecb09c1d19ef95664ef20b775099bd6391e710,exited,15,9064.502215902165,True,1.8009148961527832,1.8009148961527834,,,,1.9440036037161088,244.67235100000002,holdout_nominal/trace-008-B.json.gz,3670.085265,0.11990140100533608
nominal,q3-random-980008,q3-random-980008,CR,holdout_nominal,primary,1,144,True,True,,True,2037.9004431804328,1.0,15,True,4425.599999999999,0.0,True,635.0,2749.379484,45.0,30.0,115.0,,0,2037.9004431804326,False,local_research_only,238.2919656,127,,,,nominal,1887.9004431804328,0,432,0,10,2,12,21.900913854013197,0,0,22.01892075699999,22.02131382501102,dc6274093878eb36f3e9a55139ecb09c1d19ef95664ef20b775099bd6391e710,exited,15,9064.502215902165,True,1.753951963630605,1.7539519636306051,,,,1.893309309244325,238.2919656,holdout_nominal/trace-008-CR.json.gz,3574.379484,22.021279665001202
nominal,q3-random-980009,q3-random-980009,B,holdout_nominal,primary,1,158,True,True,,True,1942.0182549590481,1.0,13,True,4425.599999999999,0.0,True,715.0,2431.083666,39.0,26.0,136.0,,0,1942.018254959048,False,local_research_only,257.4679743076923,143,,,,nominal,1732.0182549590481,,,,,,,,,,0.08742984299999534,0.08742992299085017,3c3534b08c8a96d048cc8afa0f6afe246c22e3699a41236b28e5af95993e74d2,exited,13,8335.09127479524,True,1.7235078287513734,1.7235078287513734,,,,1.932475975017445,257.4679743076923,holdout_nominal/trace-009-B.json.gz,3347.083666,0.08740909099287819
nominal,q3-random-980009,q3-random-980009,CR,holdout_nominal,primary,1,147,True,True,,True,1942.0182549590481,1.0,13,True,4425.599999999999,232.2618040000002,True,660.0,2345.863346,39.0,26.0,124.0,,0,1942.018254959048,False,local_research_only,245.75871892307694,132,,,,nominal,1732.0182549590481,0,428,0,8,4,12,22.305138587995316,0,0,22.364749130999996,22.36616739400779,3c3534b08c8a96d048cc8afa0f6afe246c22e3699a41236b28e5af95993e74d2,exited,13,8335.09127479524,True,1.6451252905793983,1.6451252905793985,,,,1.8445898805353755,245.75871892307694,holdout_nominal/trace-009-CR.json.gz,3194.863346,22.366141907012207
nominal,q3-random-980010,q3-random-980010,B,holdout_nominal,primary,1,163,True,True,,True,1775.5519023165652,1.0,16,True,0.0,0.0,True,725.0,2260.173637,48.0,32.0,142.0,,0,1775.551902316565,False,local_research_only,200.4483523125,145,,,,nominal,1775.5519023165652,,,,,,,,,,0.14848598500000776,0.148487707003369,59530ca85a4c70d7823d2d61732c4d732dfaf57dab0bc413a5bb7aed85c6870f,exited,16,8477.759511582826,True,1.8062967535984702,1.8062967535984704,,,,1.8062967535984702,200.4483523125,holdout_nominal/trace-010-B.json.gz,3207.173637,0.1484662769944407
nominal,q3-random-980010,q3-random-980010,CR,holdout_nominal,primary,1,118,True,True,,True,1775.5519023165652,1.0,16,True,0.0,0.0,True,500.0,2664.27736,48.0,32.0,94.0,,0,1775.551902316565,False,local_research_only,208.642335,100,,,,nominal,1775.5519023165652,0,380,0,7,4,11,20.76276047101419,0,0,20.86514000600002,20.86659233699902,59530ca85a4c70d7823d2d61732c4d732dfaf57dab0bc413a5bb7aed85c6870f,exited,16,8477.759511582826,True,1.8801350473869811,1.8801350473869816,,,,1.8801350473869811,208.642335,holdout_nominal/trace-010-CR.json.gz,3338.27736,20.866561328002717
nominal,q3-random-980011,q3-random-980011,B,holdout_nominal,primary,1,151,True,True,,True,1838.2795758265238,1.0,12,True,4425.599999999999,300.28502400000025,True,685.0,2440.532427,36.0,24.0,127.0,,0,1838.2795758265236,False,local_research_only,276.04436891666666,137,,,,nominal,1598.2795758265238,,,,,,,,,,0.14694479000002048,0.14694761799182743,5ed028fb1d39b0429f5d683c83f2f63c10bbd6788a7caa4bb44fa80ee70764ac,exited,12,7691.397879132619,True,1.8019742320808985,1.8019742320808987,,,,2.0725613197471904,276.04436891666666,holdout_nominal/trace-011-B.json.gz,3312.532427,0.14692443900275975
nominal,q3-random-980011,q3-random-980011,CR,holdout_nominal,primary,1,146,True,True,,True,1838.2795758265238,1.0,12,True,4425.599999999999,294.07933300000013,True,660.0,2420.874357,36.0,24.0,122.0,,0,1838.2795758265236,False,local_research_only,271.90619641666666,132,,,,nominal,1598.2795758265238,0,416,0,9,3,12,24.26110096499906,0,0,24.371134773999984,24.372598428002675,5ed028fb1d39b0429f5d683c83f2f63c10bbd6788a7caa4bb44fa80ee70764ac,exited,12,7691.397879132619,True,1.7749608927319735,1.7749608927319738,,,,2.0414916178307907,271.90619641666666,holdout_nominal/trace-011-CR.json.gz,3262.874357,24.37257133400999
nominal,q3-random-980012,q3-random-980012,B,holdout_nominal,primary,1,157,True,True,,True,1982.8205750727752,1.0,12,True,4425.599999999999,272.4332639999998,True,715.0,2569.348424,36.0,24.0,137.0,,0,1982.820575072775,False,local_research_only,290.11236866666667,143,,,,nominal,1742.8205750727752,,,,,,,,,,0.10498452999999586,0.10499225500097964,b2fdd999d337883e636f357423519a99b0540b714f9cbd6cbf638c6a65491bb5,exited,12,8414.102875363877,True,1.7557556481741794,1.7557556481741796,,,,1.9975369087289025,290.11236866666667,holdout_nominal/trace-012-B.json.gz,3481.348424,0.10497244400903583
nominal,q3-random-980012,q3-random-980012,CR,holdout_nominal,primary,1,139,True,True,,True,1982.8205750727752,1.0,12,True,4425.599999999999,145.34258799999998,True,625.0,2501.217243,36.0,24.0,117.0,,0,1982.820575072775,False,local_research_only,275.26810358333336,125,,,,nominal,1742.8205750727752,0,368,0,5,6,11,16.46918994799489,0,0,16.534895766000005,16.53551041299943,b2fdd999d337883e636f357423519a99b0540b714f9cbd6cbf638c6a65491bb5,exited,12,8414.102875363877,True,1.6659183813839347,1.6659183813839347,,,,1.8953283489105395,275.26810358333336,holdout_nominal/trace-012-CR.json.gz,3303.217243,16.535477866011206
nominal,q3-random-980013,q3-random-980013,B,holdout_nominal,primary,1,134,True,True,,True,1627.2329392614397,1.0,12,True,4425.599999999999,0.0,True,600.0,2357.508253,36.0,24.0,114.0,,0,1627.2329392614395,False,local_research_only,260.9590210833333,120,,,,nominal,1387.2329392614397,,,,,,,,,,0.07753066899999794,0.07753130199853331,2a68144230fde5cc16ccc32d581c573ea50ec5a9bfcc4ec0a0f18394519d924e,exited,12,6636.164696307198,True,1.9244376004466288,1.924437600446629,,,,2.257377376482431,260.9590210833333,holdout_nominal/trace-013-B.json.gz,3131.508253,0.07751157999155112
nominal,q3-random-980013,q3-random-980013,CR,holdout_nominal,primary,1,133,True,True,,True,1627.2329392614397,1.0,12,True,4425.599999999999,0.0,True,595.0,2177.549465,36.0,24.0,111.0,,0,1627.2329392614395,False,local_research_only,245.29578875,119,,,,nominal,1387.2329392614397,0,320,0,7,3,10,12.155573118943721,0,0,12.214562676000014,12.21521801999188,2a68144230fde5cc16ccc32d581c573ea50ec5a9bfcc4ec0a0f18394519d924e,exited,12,6636.164696307198,True,1.8089293757389175,1.8089293757389178,,,,2.121885504367522,245.29578875,holdout_nominal/trace-013-CR.json.gz,2943.549465,12.215189698996255
nominal,q3-random-980014,q3-random-980014,B,holdout_nominal,primary,1,149,True,True,,True,1987.1924172860126,1.0,10,True,4425.599999999999,0.0,True,685.0,2191.158807,30.0,20.0,129.0,,0,1987.1924172860124,False,local_research_only,305.51588069999997,137,,,,nominal,1687.1924172860126,,,,,,,,,,0.06342600900001116,0.06343269000353757,543796b3a90bb50642b82125f95518fb30ba6ab444e47c2ef788f108cc3b4108,exited,10,8185.962086430063,True,1.5374247508314023,1.5374247508314023,,,,1.8107945339835472,305.51588069999997,holdout_nominal/trace-014-B.json.gz,3055.158807,0.06341385599807836
nominal,q3-random-980014,q3-random-980014,CR,holdout_nominal,primary,1,141,True,True,,True,1987.1924172860126,1.0,10,True,4425.599999999999,256.1496500000003,True,645.0,2033.510087,30.0,20.0,120.0,,0,1987.1924172860124,False,local_research_only,284.8510087,129,,,,nominal,1687.1924172860126,0,332,0,7,5,12,12.882286569976714,1,0,12.938396017000002,12.939620785007719,543796b3a90bb50642b82125f95518fb30ba6ab444e47c2ef788f108cc3b4108,exited,10,8185.962086430063,True,1.4334344586974235,1.4334344586974237,,,,1.6883137085111266,284.8510087,holdout_nominal/trace-014-CR.json.gz,2848.510087,12.939592816997902
nominal,q3-random-980015,q3-random-980015,B,holdout_nominal,primary,1,180,True,True,,True,2081.485693634533,1.0,16,True,0.0,0.0,True,810.0,2892.854027,48.0,32.0,147.0,,0,2081.4856936345327,False,local_research_only,245.6158766875,162,,,,nominal,2081.485693634533,,,,,,,,,,0.14048461900000575,0.14066037599695846,b428047f7f532173ee6ee2989bf9a8eaf0ea221627d1be68e30a712c6e3ce40e,exited,16,10007.428468172666,True,1.88800434181125,1.8880043418112504,,,,1.88800434181125,245.6158766875,holdout_nominal/trace-015-B.json.gz,3929.854027,0.14063935399462935
nominal,q3-random-980015,q3-random-980015,CR,holdout_nominal,primary,1,156,True,True,,True,2081.485693634533,1.0,16,True,0.0,0.0,True,690.0,2902.020214,48.0,32.0,123.0,,0,2081.4856936345327,False,local_research_only,237.188763375,138,,,,nominal,2081.485693634533,0,420,0,9,3,12,21.613336919006542,0,0,21.705226203999985,21.70672960601223,b428047f7f532173ee6ee2989bf9a8eaf0ea221627d1be68e30a712c6e3ce40e,exited,16,10007.428468172666,True,1.823226662381437,1.8232266623814373,,,,1.823226662381437,237.188763375,holdout_nominal/trace-015-CR.json.gz,3795.020214,21.706703663992812
nominal,q3-random-980016,q3-random-980016,B,holdout_nominal,primary,1,144,True,True,,True,1774.72734561304,1.0,10,True,4425.599999999999,0.0,True,660.0,2395.764293,30.0,20.0,123.0,,0,1774.7273456130397,False,local_research_only,322.87642930000004,132,,,,nominal,1474.72734561304,,,,,,,,,,0.06500942100001339,0.06502213500789367,7ff6a5a5c5b111f6b9dfd9de833e74e5e1a22ceb31e7638c6a837d656eb43fa3,exited,10,7123.636728065199,True,1.8193015963726504,1.8193015963726507,,,,2.18939745208143,322.87642930000004,holdout_nominal/trace-016-B.json.gz,3228.764293,0.06499722300213762
nominal,q3-random-980016,q3-random-980016,CR,holdout_nominal,primary,1,143,True,True,,True,1774.72734561304,1.0,10,True,4425.599999999999,0.0,True,655.0,2395.805055,30.0,20.0,121.0,,0,1774.7273456130397,False,local_research_only,322.1805055,131,,,,nominal,1474.72734561304,0,344,0,9,1,10,13.90818798505643,0,0,13.949824369999988,13.950385438991361,7ff6a5a5c5b111f6b9dfd9de833e74e5e1a22ceb31e7638c6a837d656eb43fa3,exited,10,7123.636728065199,True,1.8153802965644277,1.815380296564428,,,,2.184678452314658,322.1805055,holdout_nominal/trace-016-CR.json.gz,3221.805055,13.95035332799307
nominal,q3-random-980017,q3-random-980017,B,holdout_nominal,primary,1,177,True,True,,True,1953.3404200885457,1.0,12,True,4425.599999999999,0.0,True,815.0,2517.45738,36.0,24.0,159.0,,0,1953.3404200885454,False,local_research_only,295.95478166666663,163,,,,nominal,1713.3404200885457,,,,,,,,,,0.10987795900001629,0.109879997005919,bd9e3af64a5b13f05b9632d1ac2004574800f07a7d1b62d1de4fa025e64d300f,exited,12,8266.702100442728,True,1.8181456460308187,1.818145646030819,,,,2.0728264729880475,295.95478166666663,holdout_nominal/trace-017-B.json.gz,3551.45738,0.10985985900333617
nominal,q3-random-980017,q3-random-980017,CR,holdout_nominal,primary,1,135,True,True,,True,1953.3404200885457,1.0,12,True,4425.599999999999,68.09787599999981,True,605.0,2262.221033,36.0,24.0,117.0,,0,1953.3404200885454,False,local_research_only,253.68508608333332,121,,,,nominal,1713.3404200885457,0,344,0,4,6,10,13.89905463399191,0,0,13.96379778399995,13.964433431989164,bd9e3af64a5b13f05b9632d1ac2004574800f07a7d1b62d1de4fa025e64d300f,exited,12,8266.702100442728,True,1.5584692773940572,1.5584692773940574,,,,1.7767753549190617,253.68508608333332,holdout_nominal/trace-017-CR.json.gz,3044.221033,13.964393643007497
nominal,q3-random-980018,q3-random-980018,B,holdout_nominal,primary,1,134,True,True,,True,1781.7172466121203,1.0,16,True,0.0,0.0,True,580.0,2296.44531,48.0,32.0,111.0,,0,1781.71724661212,False,local_research_only,191.715331875,116,,,,nominal,1781.7172466121203,,,,,,,,,,0.14898632599999928,0.14898785699915607,72e52ddffb2a8137f6b8e770b58d7f4824565b67b4dea7cdf131adc1aecfa5d7,exited,16,8508.586233060601,True,1.7216229543900141,1.7216229543900143,,,,1.7216229543900141,191.715331875,holdout_nominal/trace-018-B.json.gz,3067.44531,0.14896770199993625
nominal,q3-random-980018,q3-random-980018,CR,holdout_nominal,primary,1,119,True,True,,True,1781.7172466121203,1.0,16,True,0.0,0.0,True,505.0,2329.740838,48.0,32.0,95.0,,0,1781.71724661212,False,local_research_only,188.108802375,101,,,,nominal,1781.7172466121203,0,380,0,6,5,11,26.932817134991637,0,0,27.019166579,27.020296123009757,72e52ddffb2a8137f6b8e770b58d7f4824565b67b4dea7cdf131adc1aecfa5d7,exited,16,8508.586233060601,True,1.6892359568965998,1.6892359568966,,,,1.6892359568965998,188.108802375,holdout_nominal/trace-018-CR.json.gz,3009.740838,27.02026997199573
nominal,q3-random-980019,q3-random-980019,B,holdout_nominal,primary,1,127,True,True,,True,1980.5559449930745,1.0,13,True,4425.599999999999,0.0,True,560.0,2628.977586,39.0,26.0,103.0,,0,1980.5559449930743,False,local_research_only,258.22904507692306,112,,,,nominal,1770.5559449930745,,,,,,,,,,0.09988068199999134,0.09988269400491845,406216f5cb3eeb71e29620b66f9beeb2fd306d949fed7ce8e184b60914955c00,exited,13,8527.779724965372,True,1.6949673118230137,1.6949673118230137,,,,1.8960019848529162,258.22904507692306,holdout_nominal/trace-019-B.json.gz,3356.977586,0.09986248900531791
nominal,q3-random-980019,q3-random-980019,CR,holdout_nominal,primary,1,124,True,True,,True,1980.5559449930745,1.0,13,True,4425.599999999999,0.0,True,545.0,2627.277981,39.0,26.0,101.0,,0,1980.5559449930743,False,local_research_only,256.79061392307693,109,,,,nominal,1770.5559449930745,0,344,0,9,1,10,14.581321197008947,0,0,14.639911906000009,14.640630027002771,406216f5cb3eeb71e29620b66f9beeb2fd306d949fed7ce8e184b60914955c00,exited,13,8527.779724965372,True,1.6855257178870922,1.6855257178870924,,,,1.885440553539277,256.79061392307693,holdout_nominal/trace-019-CR.json.gz,3338.277981,14.640603632011334
nominal,q3-random-980020,q3-random-980020,B,holdout_nominal,primary,1,224,True,True,,True,2203.3641694692255,1.0,14,True,4425.599999999999,0.0,True,1040.0,2735.290528,42.0,28.0,206.0,,0,2203.364169469225,False,local_research_only,289.37789485714285,208,,,,nominal,2023.3641694692255,,,,,,,,,,0.16284029900003816,0.1628420049964916,18f0a604b9ca8adfa866e6ad15ccba1fe7541c7dc9acbd62072dd546dac65f2b,exited,14,9766.820847346127,True,1.838684037861942,1.8386840378619425,,,,2.0022547542999862,289.37789485714285,holdout_nominal/trace-020-B.json.gz,4051.290528,0.16282203899754677
nominal,q3-random-980020,q3-random-980020,CR,holdout_nominal,primary,1,158,True,True,,True,2203.3641694692255,1.0,14,True,4425.599999999999,0.0,True,710.0,2704.383108,42.0,28.0,132.0,,0,2203.364169469225,False,local_research_only,258.31307914285713,142,,,,nominal,2023.3641694692255,0,424,0,8,4,12,19.24799925296975,0,0,19.339566177999984,19.341030390991364,18f0a604b9ca8adfa866e6ad15ccba1fe7541c7dc9acbd62072dd546dac65f2b,exited,14,9766.820847346127,True,1.6413006792568297,1.6413006792568299,,,,1.787312023494347,258.31307914285713,holdout_nominal/trace-020-CR.json.gz,3616.383108,19.341007545997854
nominal,q3-random-980021,q3-random-980021,B,holdout_nominal,primary,1,149,True,True,,True,1966.664438904776,1.0,16,True,0.0,0.0,True,655.0,2669.107589,48.0,32.0,125.0,,0,1966.6644389047758,False,local_research_only,220.5692243125,131,,,,nominal,1966.664438904776,,,,,,,,,,0.09529811500004826,0.09531348700693343,6b1262adde7db481c74a642a5b78675a230ebeb6ec0b7fd91f57d407b7ffa3fa,exited,16,9433.32219452388,True,1.7944635186292073,1.7944635186292075,,,,1.7944635186292073,220.5692243125,holdout_nominal/trace-021-B.json.gz,3529.107589,0.09529291599756107
nominal,q3-random-980021,q3-random-980021,CR,holdout_nominal,primary,1,138,True,True,,True,1966.664438904776,1.0,16,True,0.0,0.0,True,600.0,2547.56957,48.0,32.0,110.0,,0,1966.6644389047758,False,local_research_only,208.598098125,120,,,,nominal,1966.664438904776,0,424,0,8,4,12,17.65659271000186,0,0,17.72117349199999,17.72209493399714,6b1262adde7db481c74a642a5b78675a230ebeb6ec0b7fd91f57d407b7ffa3fa,exited,16,9433.32219452388,True,1.697071195256204,1.6970711952562043,,,,1.697071195256204,208.598098125,holdout_nominal/trace-021-CR.json.gz,3337.56957,17.722068256000057
nominal,q3-random-980022,q3-random-980022,B,holdout_nominal,primary,1,151,True,True,,True,1485.6468182812464,1.0,11,True,4425.599999999999,91.69308299999966,True,690.0,2285.359967,33.0,22.0,127.0,,0,1485.6468182812462,False,local_research_only,287.03272427272725,138,,,,nominal,1215.6468182812464,,,,,,,,,,0.10523312300000498,0.1052443849912379,c34cf9192483bc0fa8829233b1a40930f69b3de3b6e7bc7016723b9861eafe61,exited,11,5803.2340914062315,True,2.1252426405441156,2.125242640544116,,,,2.5972674953931625,287.03272427272725,holdout_nominal/trace-022-B.json.gz,3157.359967,0.10522268799832091
nominal,q3-random-980022,q3-random-980022,CR,holdout_nominal,primary,1,127,True,True,,True,1485.6468182812464,1.0,11,True,4425.599999999999,87.52008100000012,True,570.0,2056.947822,33.0,22.0,106.0,,0,1485.6468182812462,False,local_research_only,253.449802,114,,,,nominal,1215.6468182812464,0,340,0,3,7,10,15.173499585012905,0,0,15.238266606999957,15.239129209003295,c34cf9192483bc0fa8829233b1a40930f69b3de3b6e7bc7016723b9861eafe61,exited,11,5803.2340914062315,True,1.8765885590664095,1.8765885590664098,,,,2.2933863520835485,253.449802,holdout_nominal/trace-022-CR.json.gz,2787.947822,15.239102589999675
nominal,q3-random-980023,q3-random-980023,B,holdout_nominal,primary,1,155,True,True,,True,1824.5867008437142,1.0,10,True,4425.599999999999,0.0,True,715.0,2526.404793,30.0,20.0,133.0,,0,1824.586700843714,False,local_research_only,342.4404793,143,,,,nominal,1524.5867008437142,,,,,,,,,,0.07585513700001911,0.07586582600197289,6e72b6f3079467bdb33435eaf37f9edff592491e00ffb9af77b0e6f4e18bc8ee,exited,10,7372.933504218571,True,1.876811220544635,1.8768112205446352,,,,2.2461200737910914,342.4404793,holdout_nominal/trace-023-B.json.gz,3424.404793,0.07584766601212323
nominal,q3-random-980023,q3-random-980023,CR,holdout_nominal,primary,1,148,True,True,,True,1824.5867008437142,1.0,10,True,4425.599999999999,0.0,True,680.0,2393.535508,30.0,20.0,131.0,,0,1824.586700843714,False,local_research_only,325.4535508,136,,,,nominal,1524.5867008437142,0,316,0,7,2,9,14.836148850998143,0,0,14.89832792499999,14.899154311002349,6e72b6f3079467bdb33435eaf37f9edff592491e00ffb9af77b0e6f4e18bc8ee,exited,10,7372.933504218571,True,1.7837110763193975,1.7837110763193977,,,,2.1347001821535785,325.4535508,holdout_nominal/trace-023-CR.json.gz,3254.535508,14.899126204007189
nominal,q3-random-980024,q3-random-980024,B,holdout_nominal,primary,1,151,True,True,,True,1858.2874775639125,1.0,12,True,4425.599999999999,0.0,True,685.0,2407.132423,36.0,24.0,131.0,,0,1858.2874775639123,False,local_research_only,273.59436858333333,137,,,,nominal,1618.2874775639125,,,,,,,,,,0.11689040400000295,0.11689526800182648,563b13407ce385621b848d094f0adbaf245629c6d5b0da1c7939005ff5e3fea4,exited,12,7791.437387819562,True,1.7667516262359801,1.7667516262359804,,,,2.0287695903958056,273.59436858333333,holdout_nominal/trace-024-B.json.gz,3283.132423,0.11687143599556293
nominal,q3-random-980024,q3-random-980024,CR,holdout_nominal,primary,1,141,True,True,,True,1858.2874775639125,1.0,12,True,4425.599999999999,0.0,True,635.0,2441.393623,36.0,24.0,119.0,,0,1858.2874775639123,False,local_research_only,271.28280191666664,127,,,,nominal,1618.2874775639125,0,420,0,9,3,12,22.493637212057365,0,0,22.56793872899999,22.569339270005003,563b13407ce385621b848d094f0adbaf245629c6d5b0da1c7939005ff5e3fea4,exited,12,7791.437387819562,True,1.7518245493789786,1.7518245493789788,,,,2.0116287545526235,271.28280191666664,holdout_nominal/trace-024-CR.json.gz,3255.393623,22.569313601998147
nominal,q3-random-980025,q3-random-980025,B,holdout_nominal,primary,1,122,True,True,,True,1752.495905411389,1.0,16,True,0.0,0.0,True,520.0,2675.968888,48.0,32.0,85.0,,0,1752.4959054113888,False,local_research_only,210.0605555,104,,,,nominal,1752.495905411389,,,,,,,,,,0.12141896399998586,0.12141940399305895,73bcf19f341d591af4273666878f8dd11eacce7d8f756bcdebfe6b67a320fab9,exited,16,8362.479527056945,True,1.9178183969628337,1.917818396962834,,,,1.9178183969628337,210.0605555,holdout_nominal/trace-025-B.json.gz,3360.968888,0.1213980239990633
nominal,q3-random-980025,q3-random-980025,CR,holdout_nominal,primary,1,116,True,True,,True,1752.495905411389,1.0,16,True,0.0,0.0,True,490.0,2623.17728,48.0,32.0,81.0,,0,1752.4959054113888,False,local_research_only,204.63608,98,,,,nominal,1752.495905411389,0,384,0,9,2,11,17.83709316297609,0,0,17.918754097000033,17.919466500999988,73bcf19f341d591af4273666878f8dd11eacce7d8f756bcdebfe6b67a320fab9,exited,16,8362.479527056945,True,1.8682938259027797,1.86829382590278,,,,1.8682938259027797,204.63608,holdout_nominal/trace-025-CR.json.gz,3274.17728,17.919440179990488
nominal,q3-random-980026,q3-random-980026,B,holdout_nominal,primary,1,149,True,True,,True,1892.2348237914418,1.0,12,True,4425.599999999999,148.29902000000038,True,675.0,2288.446847,36.0,24.0,126.0,,0,1892.2348237914416,False,local_research_only,262.45390391666666,135,,,,nominal,1652.2348237914418,,,,,,,,,,0.10889753700001847,0.1088988030096516,1cb1dc205486bd1aaa4e589c1a4f333cb1d5913f19a1cf48a2243546bc80ee59,exited,12,7961.174118957209,True,1.6644059222467442,1.6644059222467444,,,,1.9061738692644505,262.45390391666666,holdout_nominal/trace-026-B.json.gz,3149.446847,0.10888029499619734
nominal,q3-random-980026,q3-random-980026,CR,holdout_nominal,primary,1,150,True,True,,True,1892.2348237914418,1.0,12,True,4425.599999999999,142.7287970000002,True,680.0,2238.218103,36.0,24.0,125.0,,0,1892.2348237914416,False,local_research_only,258.6015085833333,136,,,,nominal,1652.2348237914418,0,412,0,7,5,12,18.45832466102729,0,0,18.540797954000027,18.541939136004657,1cb1dc205486bd1aaa4e589c1a4f333cb1d5913f19a1cf48a2243546bc80ee59,exited,12,7961.174118957209,True,1.639975157407858,1.639975157407858,,,,1.8781943452075023,258.6015085833333,holdout_nominal/trace-026-CR.json.gz,3103.218103,18.541913149994798
nominal,q3-random-980027,q3-random-980027,B,holdout_nominal,primary,1,144,True,True,,True,2084.464557545975,1.0,13,True,4425.599999999999,0.0,True,645.0,2742.656432,39.0,26.0,122.0,,0,2084.4645575459745,False,local_research_only,274.9735716923077,129,,,,nominal,1874.464557545975,,,,,,,,,,0.106043297000042,0.10604506600066088,f14fbd792dfba432b51112a8c502afd9644376793362dc80fbc3a99652a3b92c,exited,13,9047.322787729874,True,1.7149039157607062,1.7149039157607064,,,,1.9070280190732947,274.9735716923077,holdout_nominal/trace-027-B.json.gz,3574.656432,0.1060263399995165
nominal,q3-random-980027,q3-random-980027,CR,holdout_nominal,primary,1,138,True,True,,True,2084.464557545975,1.0,13,True,4425.599999999999,0.0,True,615.0,2497.601649,39.0,26.0,118.0,,0,2084.4645575459745,False,local_research_only,253.50781915384616,123,,,,nominal,1874.464557545975,0,352,0,6,4,10,16.11264286401274,0,0,16.184570230000077,16.18539906600199,f14fbd792dfba432b51112a8c502afd9644376793362dc80fbc3a99652a3b92c,exited,13,9047.322787729874,True,1.5810303116306703,1.5810303116306708,,,,1.7581562882760289,253.50781915384616,holdout_nominal/trace-027-CR.json.gz,3295.601649,16.185372926003765
nominal,q3-random-980028,q3-random-980028,B,holdout_nominal,primary,1,200,True,True,,True,1827.9403038084288,1.0,16,True,0.0,0.0,True,910.0,2312.008009,48.0,32.0,176.0,,0,1827.9403038084286,False,local_research_only,217.3755005625,182,,,,nominal,1827.9403038084288,,,,,,,,,,0.15029868700003135,0.15030938400013838,af3a99202c40c6d9cfc1d4587940dc548c2d87b2230fb325f4f2cd08e909d036,exited,16,8739.701519042144,True,1.9026923372463158,1.902692337246316,,,,1.9026923372463158,217.3755005625,holdout_nominal/trace-028-B.json.gz,3478.008009,0.15028746498865075
nominal,q3-random-980028,q3-random-980028,CR,holdout_nominal,primary,1,143,True,True,,True,1827.9403038084288,1.0,16,True,0.0,0.0,True,625.0,2334.874214,48.0,32.0,115.0,,0,1827.9403038084286,False,local_research_only,197.179638375,125,,,,nominal,1827.9403038084288,0,416,0,6,6,12,27.627780466005788,0,0,27.711224822999952,27.714674369010027,af3a99202c40c6d9cfc1d4587940dc548c2d87b2230fb325f4f2cd08e909d036,exited,16,8739.701519042144,True,1.7259175299253295,1.7259175299253298,,,,1.7259175299253295,197.179638375,holdout_nominal/trace-028-CR.json.gz,3154.874214,27.71464162399934
nominal,q3-random-980029,q3-random-980029,B,holdout_nominal,primary,1,195,True,True,,True,2031.3335080555225,1.0,14,True,4425.599999999999,0.0,True,895.0,2371.975606,42.0,28.0,177.0,,0,2031.3335080555223,False,local_research_only,250.99825757142858,179,,,,nominal,1851.3335080555225,,,,,,,,,,0.1429812699999502,0.1429828519903822,1a87ff2efd084774d9be772670848c396584f078cdba3c375189b4e728f28039,exited,14,8906.667540277613,True,1.729886102929363,1.7298861029293633,,,,1.8980781100271717,250.99825757142858,holdout_nominal/trace-029-B.json.gz,3513.975606,0.14296439800818916
nominal,q3-random-980029,q3-random-980029,CR,holdout_nominal,primary,1,169,True,True,,True,2031.3335080555225,1.0,14,True,4425.599999999999,0.0,True,765.0,2254.029496,42.0,28.0,149.0,,0,2031.3335080555223,False,local_research_only,231.28782114285715,153,,,,nominal,1851.3335080555225,0,424,0,7,5,12,28.08029868999438,0,0,28.173098806999974,28.17464236599335,1a87ff2efd084774d9be772670848c396584f078cdba3c375189b4e728f28039,exited,14,8906.667540277613,True,1.5940412951192724,1.5940412951192726,,,,1.7490254899566642,231.28782114285715,holdout_nominal/trace-029-CR.json.gz,3238.029496,28.174599325997406
nominal,q3-random-980030,q3-random-980030,B,holdout_nominal,primary,1,161,True,True,,True,2043.4820789454702,1.0,16,True,0.0,0.0,True,715.0,2626.387423,48.0,32.0,138.0,,0,2043.48207894547,False,local_research_only,222.4617139375,143,,,,nominal,2043.4820789454702,,,,,,,,,,0.139645392000034,0.1396547059994191,37021268a749f8f50a7c0294387de45002059f4bf530879c2a14bd9343fe5c96,exited,16,9817.41039472735,True,1.741824633390867,1.7418246333908671,,,,1.741824633390867,222.4617139375,holdout_nominal/trace-030-B.json.gz,3559.387423,0.13963462399260607
nominal,q3-random-980030,q3-random-980030,CR,holdout_nominal,primary,1,148,True,True,,True,2043.4820789454702,1.0,16,True,0.0,0.0,True,650.0,2630.284662,48.0,32.0,123.0,,0,2043.48207894547,False,local_research_only,217.705291375,130,,,,nominal,2043.4820789454702,0,432,0,8,4,12,22.71207261699601,0,0,22.812168783999937,22.813181303004967,37021268a749f8f50a7c0294387de45002059f4bf530879c2a14bd9343fe5c96,exited,16,9817.41039472735,True,1.7045829263144472,1.7045829263144474,,,,1.7045829263144472,217.705291375,holdout_nominal/trace-030-CR.json.gz,3483.284662,22.813152249000268
nominal,q3-random-980031,q3-random-980031,B,holdout_nominal,primary,1,132,True,True,,True,1629.9761644713394,1.0,10,True,4425.599999999999,0.0,True,600.0,2300.079945,30.0,20.0,110.0,,0,1629.9761644713392,False,local_research_only,306.0079945,120,,,,nominal,1329.9761644713394,,,,,,,,,,0.06824351799991746,0.0682571470097173,a13cde3e4d1bf79af61d33206c82349b6f3b2742492ec7508370e06e39a57c26,exited,10,6399.8808223566975,True,1.8773771124392455,1.8773771124392458,,,,2.300853223348082,306.0079945,holdout_nominal/trace-031-B.json.gz,3060.079945,0.06823327699385118
nominal,q3-random-980031,q3-random-980031,CR,holdout_nominal,primary,1,132,True,True,,True,1629.9761644713394,1.0,10,True,4425.599999999999,0.0,True,600.0,2226.894014,30.0,20.0,110.0,,0,1629.9761644713392,False,local_research_only,298.6894014,120,,,,nominal,1329.9761644713394,0,312,0,11,1,12,11.715568052008166,1,0,11.76182732999996,11.76251245100866,a13cde3e4d1bf79af61d33206c82349b6f3b2742492ec7508370e06e39a57c26,exited,10,6399.8808223566975,True,1.8324771116936907,1.8324771116936909,,,,2.245825221377016,298.6894014,holdout_nominal/trace-031-CR.json.gz,2986.894014,11.76248686100007
nominal,q3-random-980032,q3-random-980032,B,holdout_nominal,primary,1,153,True,True,,True,1923.4307373763604,1.0,10,True,4425.599999999999,379.95076400000016,True,705.0,2441.338896,30.0,20.0,133.0,,0,1923.4307373763602,False,local_research_only,332.93388960000004,141,,,,nominal,1623.4307373763604,,,,,,,,,,0.08885749399996712,0.08887099000276066,901d887d3d3b1990b7de98274bab57e14a2a740589aae292c2c032d2ba6e3b37,exited,10,7867.153686881802,True,1.7309377620435435,1.7309377620435438,,,,2.0508043979631503,332.93388960000004,holdout_nominal/trace-032-B.json.gz,3329.338896,0.08883652499935124
nominal,q3-random-980032,q3-random-980032,CR,holdout_nominal,primary,1,152,True,True,,True,1923.4307373763604,1.0,10,True,4425.599999999999,373.638641,True,700.0,2338.50721,30.0,20.0,132.0,,0,1923.4307373763602,False,local_research_only,322.050721,140,,,,nominal,1623.4307373763604,0,424,0,10,2,12,19.487617701975978,0,0,19.544529710000006,19.54570822000096,901d887d3d3b1990b7de98274bab57e14a2a740589aae292c2c032d2ba6e3b37,exited,10,7867.153686881802,True,1.6743556954865482,1.6743556954865484,,,,1.9837663140496453,322.050721,holdout_nominal/trace-032-CR.json.gz,3220.50721,19.54567137498816
nominal,q3-random-980033,q3-random-980033,B,holdout_nominal,primary,1,143,True,True,,True,1857.7840495381802,1.0,13,True,4425.599999999999,229.06809199999998,True,640.0,2367.535942,39.0,26.0,118.0,,0,1857.78404953818,False,local_research_only,245.4258416923077,128,,,,nominal,1647.7840495381802,,,,,,,,,,0.11618584699999701,0.11619292099203449,bb23121ef5f4a18d608884a2342a4cec7181d331d4fced1b47a2e817e70576b9,exited,13,7913.920247690901,True,1.7173879508725052,1.7173879508725054,,,,1.9362585424310925,245.4258416923077,holdout_nominal/trace-033-B.json.gz,3190.535942,0.11617005200241692
nominal,q3-random-980033,q3-random-980033,CR,holdout_nominal,primary,1,136,True,True,,True,1857.7840495381802,1.0,13,True,4425.599999999999,215.25797999999986,True,605.0,2317.195178,39.0,26.0,112.0,,0,1857.78404953818,False,local_research_only,238.39962907692308,121,,,,nominal,1647.7840495381802,0,400,0,9,3,12,17.35522036300972,0,0,17.44457369299994,17.44528925200575,bb23121ef5f4a18d608884a2342a4cec7181d331d4fced1b47a2e817e70576b9,exited,13,7913.920247690901,True,1.668221437669474,1.668221437669474,,,,1.8808260578008402,238.39962907692308,holdout_nominal/trace-033-CR.json.gz,3099.195178,17.44526394699642
nominal,q3-random-980034,q3-random-980034,B,holdout_nominal,primary,1,147,True,True,,True,2008.5539212284152,1.0,14,True,4425.599999999999,0.0,True,655.0,2390.156029,42.0,28.0,120.0,,0,2008.553921228415,False,local_research_only,231.08257350000002,131,,,,nominal,1828.5539212284152,,,,,,,,,,0.11451441000008344,0.11451470000611152,2adfea49548768f8198ddbdcc3c0b3e109bfaf692fdbf5713906eb9139364d90,exited,14,8792.769606142076,True,1.6106891603992415,1.6106891603992417,,,,1.7692428926715136,231.08257350000002,holdout_nominal/trace-034-B.json.gz,3235.156029,0.1144941490056226
nominal,q3-random-980034,q3-random-980034,CR,holdout_nominal,primary,1,140,True,True,,True,2008.5539212284152,1.0,14,True,4425.599999999999,0.0,True,620.0,2311.211567,42.0,28.0,114.0,,0,2008.553921228415,False,local_research_only,222.51511192857143,124,,,,nominal,1828.5539212284152,0,416,0,11,1,12,17.628953572027967,0,0,17.705117019,17.70579830999486,2adfea49548768f8198ddbdcc3c0b3e109bfaf692fdbf5713906eb9139364d90,exited,14,8792.769606142076,True,1.550972335905606,1.5509723359056062,,,,1.7036476369847564,222.51511192857143,holdout_nominal/trace-034-CR.json.gz,3115.211567,17.705772182001965
nominal,q3-random-980035,q3-random-980035,B,holdout_nominal,primary,1,141,True,True,,True,1945.7714484139801,1.0,14,True,4425.599999999999,0.0,True,625.0,2299.749075,42.0,28.0,118.0,,0,1945.77144841398,False,local_research_only,222.33921964285716,125,,,,nominal,1765.7714484139801,,,,,,,,,,0.12103015600007438,0.12103797099553049,ee6b4d771eaa8148fbbc0f18774acca17e4f96fdee07a2041a7fdb0c57e88205,exited,14,8478.8572420699,True,1.5997506169274076,1.5997506169274078,,,,1.7628267111215772,222.33921964285716,holdout_nominal/trace-035-B.json.gz,3112.749075,0.12101769998844247
nominal,q3-random-980035,q3-random-980035,CR,holdout_nominal,primary,1,140,True,True,,True,1945.7714484139801,1.0,14,True,4425.599999999999,0.0,True,620.0,2502.560192,42.0,28.0,110.0,,0,1945.77144841398,False,local_research_only,235.89715657142855,124,,,,nominal,1765.7714484139801,0,404,0,9,3,12,15.95239687000867,0,0,16.059538203999978,16.060480960994028,ee6b4d771eaa8148fbbc0f18774acca17e4f96fdee07a2041a7fdb0c57e88205,exited,14,8478.8572420699,True,1.697301188529595,1.6973011885295952,,,,1.8703214365405936,235.89715657142855,holdout_nominal/trace-035-CR.json.gz,3302.560192,16.06044999799633
nominal,q3-random-980036,q3-random-980036,B,holdout_nominal,primary,1,155,True,True,,True,1967.314463273448,1.0,14,True,4425.599999999999,0.0,True,695.0,2780.579926,42.0,28.0,129.0,,0,1967.3144632734477,False,local_research_only,262.4699947142857,139,,,,nominal,1787.314463273448,,,,,,,,,,0.1478722319999406,0.14787343800708186,3419cb047acf48bae6bc9d44afcaae5068f277fb1b4fe055adaae26d2ccc4f9e,exited,14,8586.57231636724,True,1.8678152347265338,1.867815234726534,,,,2.0559224476201265,262.4699947142857,holdout_nominal/trace-036-B.json.gz,3674.579926,0.14785326800483745
nominal,q3-random-980036,q3-random-980036,CR,holdout_nominal,primary,1,150,True,True,,True,1967.314463273448,1.0,14,True,4425.599999999999,0.0,True,670.0,2751.583834,42.0,28.0,126.0,,0,1967.3144632734477,False,local_research_only,258.3988452857143,134,,,,nominal,1787.314463273448,0,428,0,7,5,12,23.171708659021533,0,0,23.25534759499999,23.25676477700472,3419cb047acf48bae6bc9d44afcaae5068f277fb1b4fe055adaae26d2ccc4f9e,exited,14,8586.57231636724,True,1.8388437138720777,1.838843713872078,,,,2.0240332120260653,258.3988452857143,holdout_nominal/trace-036-CR.json.gz,3617.583834,23.256736074996297
nominal,q3-random-980037,q3-random-980037,B,holdout_nominal,primary,1,181,True,True,,True,1981.4070342746468,1.0,12,True,4425.599999999999,223.22081900000012,True,835.0,2424.59565,36.0,24.0,165.0,,0,1981.4070342746465,False,local_research_only,290.38297083333333,167,,,,nominal,1741.4070342746468,,,,,,,,,,0.08994094299998778,0.08995011200022418,21dc6b7bfbe39b1f2cd201028604285326d5849292ef58022e0408c99fb59061,exited,12,8407.035171373234,True,1.7586470572290265,1.7586470572290267,,,,2.0010230700896696,290.38297083333333,holdout_nominal/trace-037-B.json.gz,3484.59565,0.08992958000453655
nominal,q3-random-980037,q3-random-980037,CR,holdout_nominal,primary,1,158,True,True,,True,1981.4070342746468,1.0,12,True,4425.599999999999,208.89861599999995,True,720.0,2433.370007,36.0,24.0,138.0,,0,1981.4070342746465,False,local_research_only,279.28083391666667,144,,,,nominal,1741.4070342746468,0,420,0,5,7,12,22.596487987975706,0,0,22.656336354000018,22.657772726000985,21dc6b7bfbe39b1f2cd201028604285326d5849292ef58022e0408c99fb59061,exited,12,8407.035171373234,True,1.6914091597675533,1.6914091597675536,,,,1.9245184733022258,279.28083391666667,holdout_nominal/trace-037-CR.json.gz,3351.370007,22.65774707599485
nominal,q3-random-980038,q3-random-980038,B,holdout_nominal,primary,1,145,True,True,,True,1966.5332071713,1.0,12,True,4425.599999999999,317.3399509999999,True,655.0,2410.865104,36.0,24.0,119.0,,0,1966.5332071712999,False,local_research_only,270.4054253333333,131,,,,nominal,1726.5332071713,,,,,,,,,,0.1279902100000072,0.12799143900338095,972d9fd63e4f5e563daef857e5b39f5e84d7cad67b567f72c4f56d4363d1dc0b,exited,12,8332.6660358565,True,1.6500433820120828,1.650043382012083,,,,1.8794107698144358,270.4054253333333,holdout_nominal/trace-038-B.json.gz,3244.865104,0.1279718470032094
nominal,q3-random-980038,q3-random-980038,CR,holdout_nominal,primary,1,142,True,True,,True,1966.5332071713,1.0,12,True,4425.599999999999,304.4450200000001,True,640.0,2399.160418,36.0,24.0,116.0,,0,1966.5332071712999,False,local_research_only,267.9300348333333,128,,,,nominal,1726.5332071713,0,404,0,10,2,12,22.287911024002824,0,0,22.374653928000043,22.375572067001485,972d9fd63e4f5e563daef857e5b39f5e84d7cad67b567f72c4f56d4363d1dc0b,exited,12,8332.6660358565,True,1.6349382793412117,1.634938279341212,,,,1.862205953899735,267.9300348333333,holdout_nominal/trace-038-CR.json.gz,3215.160418,22.375544424998225
nominal,q3-random-980039,q3-random-980039,B,holdout_nominal,primary,1,157,True,True,,True,1887.8292150490274,1.0,12,True,4425.599999999999,143.89315299999998,True,715.0,2205.910895,36.0,24.0,137.0,,0,1887.8292150490272,False,local_research_only,259.82590791666667,143,,,,nominal,1647.8292150490274,,,,,,,,,,0.08828785100001824,0.08828943800472189,f871051c697524fdf1fcaed40d94929e4e1caeaec6add8ce8269028055ec65a2,exited,12,7939.146075245137,True,1.6515852547175605,1.6515852547175605,,,,1.8921323074777707,259.82590791666667,holdout_nominal/trace-039-B.json.gz,3117.910895,0.08826928900089115
nominal,q3-random-980039,q3-random-980039,CR,holdout_nominal,primary,1,151,True,True,,True,1887.8292150490274,1.0,12,True,4425.599999999999,133.37525499999992,True,685.0,2357.430422,36.0,24.0,127.0,,0,1887.8292150490272,False,local_research_only,269.1192018333333,137,,,,nominal,1647.8292150490274,0,408,0,9,3,12,15.978560686009587,0,0,16.049859811000033,16.050462393992348,f871051c697524fdf1fcaed40d94929e4e1caeaec6add8ce8269028055ec65a2,exited,12,7939.146075245137,True,1.710658144421253,1.7106581444212532,,,,1.959808936816256,269.1192018333333,holdout_nominal/trace-039-CR.json.gz,3229.430422,16.050436602003174
nominal,q3-random-980040,q3-random-980040,B,holdout_nominal,primary,1,164,True,True,,True,1779.5023686410032,1.0,13,True,4425.599999999999,0.0,True,745.0,2253.987547,39.0,26.0,146.0,,0,1779.502368641003,False,local_research_only,246.922119,149,,,,nominal,1569.5023686410032,,,,,,,,,,0.12831025499997395,0.12832712700765114,25b66df4396f8739f5bc6942e2e71a14de1abc462f38d8feed4ccd7d81411da8,exited,13,7522.511843205016,True,1.8038680945681749,1.803868094568175,,,,2.0452263157649493,246.922119,holdout_nominal/trace-040-B.json.gz,3209.987547,0.12830620499153156
nominal,q3-random-980040,q3-random-980040,CR,holdout_nominal,primary,1,148,True,True,,True,1779.5023686410032,1.0,13,True,4425.599999999999,0.0,True,665.0,2184.11189,39.0,26.0,129.0,,0,1779.502368641003,False,local_research_only,234.08553,133,,,,nominal,1569.5023686410032,0,432,0,9,3,12,23.42439119798655,0,0,23.513307498000017,23.51421759799996,25b66df4396f8739f5bc6942e2e71a14de1abc462f38d8feed4ccd7d81411da8,exited,13,7522.511843205016,True,1.7100915085176362,1.7100915085176365,,,,1.9389023876625062,234.08553,holdout_nominal/trace-040-CR.json.gz,3043.11189,23.51418939299765
nominal,q3-random-980041,q3-random-980041,B,holdout_nominal,primary,1,159,True,True,,True,2002.3853172869822,1.0,12,True,4425.599999999999,0.0,True,725.0,2321.384513,36.0,24.0,139.0,,0,2002.385317286982,False,local_research_only,270.44870941666665,145,,,,nominal,1762.3853172869822,,,,,,,,,,0.10059547100001964,0.10060949200124014,c7ccc5c9b355c7ef5e434ecab87ccd15e1b87ebf985e2790ffb0884a72a28ed8,exited,12,8511.92658643491,True,1.6207592439786507,1.620759243978651,,,,1.8414727365046075,270.44870941666665,holdout_nominal/trace-041-B.json.gz,3245.384513,0.10058531099639367
nominal,q3-random-980041,q3-random-980041,CR,holdout_nominal,primary,1,141,True,True,,True,2002.3853172869822,1.0,12,True,4425.599999999999,0.0,True,635.0,2424.855925,36.0,24.0,122.0,,0,2002.385317286982,False,local_research_only,270.1546604166667,127,,,,nominal,1762.3853172869822,0,416,0,5,7,12,20.1062400140072,0,0,20.175236391,20.17643832799513,c7ccc5c9b355c7ef5e434ecab87ccd15e1b87ebf985e2790ffb0884a72a28ed8,exited,12,8511.92658643491,True,1.618997051672536,1.6189970516725363,,,,1.8394705704825756,270.1546604166667,holdout_nominal/trace-041-CR.json.gz,3241.855925,20.17641077999724
nominal,q3-random-980042,q3-random-980042,B,holdout_nominal,primary,1,178,True,True,,True,1866.6104673788461,1.0,15,True,4425.599999999999,0.0,True,805.0,2147.966906,45.0,30.0,155.0,,0,1866.610467378846,False,local_research_only,212.19779373333333,161,,,,nominal,1716.6104673788461,,,,,,,,,,0.15794825500006482,0.15795510599855334,e6c30e0aeb00c5e08005a72b89c5a2d0adf9fb7aacc11843d7de63124646f334,exited,15,8208.05233689423,True,1.705212180916152,1.7052121809161522,,,,1.8542161815313791,212.19779373333333,holdout_nominal/trace-042-B.json.gz,3182.966906,0.15793401100381743
nominal,q3-random-980042,q3-random-980042,CR,holdout_nominal,primary,1,163,True,True,,True,1866.6104673788461,1.0,15,True,4425.599999999999,0.0,True,730.0,2196.603952,45.0,30.0,138.0,,0,1866.610467378846,False,local_research_only,209.30693013333334,146,,,,nominal,1716.6104673788461,0,420,0,4,8,12,28.797173775019473,0,0,28.90770497599999,28.909512971993536,e6c30e0aeb00c5e08005a72b89c5a2d0adf9fb7aacc11843d7de63124646f334,exited,15,8208.05233689423,True,1.6819813275818236,1.6819813275818238,,,,1.8289553813533326,209.30693013333334,holdout_nominal/trace-042-CR.json.gz,3139.603952,28.909487561002607
nominal,q3-random-980043,q3-random-980043,B,holdout_nominal,primary,1,175,True,True,,True,1334.2608545190676,1.0,10,True,4425.599999999999,547.8110340000003,True,815.0,1860.602561,30.0,20.0,162.0,,0,1334.2608545190674,False,local_research_only,288.7602561,163,,,,nominal,1034.2608545190676,,,,,,,,,,0.133576838999943,0.1335914630035404,ed86b88f78eacee4c43cebf200c2a9f6dee5c4bc833909e87070f4cdcaa2bcf2,exited,10,4921.304272595338,True,2.164196417229697,2.1641964172296975,,,,2.7919480355299133,288.7602561,holdout_nominal/trace-043-B.json.gz,2887.602561,0.13357038400135934
nominal,q3-random-980043,q3-random-980043,CR,holdout_nominal,primary,1,148,True,True,,True,1334.2608545190676,1.0,10,True,4425.599999999999,529.266185,True,680.0,1918.680056,30.0,20.0,135.0,,0,1334.2608545190674,False,local_research_only,278.3680056,136,,,,nominal,1034.2608545190676,0,368,0,11,1,12,23.983589578070678,1,0,24.069120657999974,24.07043999999587,ed86b88f78eacee4c43cebf200c2a9f6dee5c4bc833909e87070f4cdcaa2bcf2,exited,10,4921.304272595338,True,2.0863087203464223,2.086308720346423,,,,2.6914680603419088,278.3680056,holdout_nominal/trace-043-CR.json.gz,2783.680056,24.070413743000245
nominal,q3-random-980044,q3-random-980044,B,holdout_nominal,primary,1,204,True,True,,True,2040.8881162619286,1.0,15,True,4425.599999999999,0.0,True,935.0,3045.277162,45.0,30.0,181.0,,0,2040.8881162619284,False,local_research_only,282.4184774666667,187,,,,nominal,1890.8881162619286,,,,,,,,,,0.15556351600002927,0.1555751920095645,b6f8c015a99710d850de17b90385b87f750c315aa5caabe1d1a1d63ab8e30ccc,exited,15,9079.440581309644,True,2.0757027924485767,2.0757027924485767,,,,2.240363734674392,282.4184774666667,holdout_nominal/trace-044-B.json.gz,4236.277162,0.15555450899410062
nominal,q3-random-980044,q3-random-980044,CR,holdout_nominal,primary,1,146,True,True,,True,2040.8881162619286,1.0,15,True,4425.599999999999,128.57221500000014,True,645.0,2449.285009,45.0,30.0,124.0,,0,2040.8881162619284,False,local_research_only,219.55233393333336,129,,,,nominal,1890.8881162619286,0,416,0,5,7,12,20.57043667099788,0,0,20.646513807999895,20.64785028899496,b6f8c015a99710d850de17b90385b87f750c315aa5caabe1d1a1d63ab8e30ccc,exited,15,9079.440581309644,True,1.6136528909933336,1.6136528909933339,,,,1.7416604296559075,219.55233393333336,holdout_nominal/trace-044-CR.json.gz,3293.285009,20.64782010699855
nominal,q3-random-980045,q3-random-980045,B,holdout_nominal,primary,1,170,True,True,,True,1875.6088175977354,1.0,10,True,4425.599999999999,124.11341000000039,True,790.0,2081.188582,30.0,20.0,154.0,,0,1875.6088175977352,False,local_research_only,307.5188582,158,,,,nominal,1575.6088175977354,,,,,,,,,,0.08593251299998883,0.08594375700340606,b9bcc66342f122667acad96588fd3ed3ce1b500bfd47cd0f8f87b018dd623995,exited,10,7628.044087988677,True,1.6395682048129188,1.639568204812919,,,,1.9517462378057842,307.5188582,holdout_nominal/trace-045-B.json.gz,3075.188582,0.08592295899870805
nominal,q3-random-980045,q3-random-980045,CR,holdout_nominal,primary,1,144,True,True,,True,1875.6088175977354,1.0,10,True,4425.599999999999,186.1040640000001,True,660.0,1937.271964,30.0,20.0,120.0,,0,1875.6088175977352,False,local_research_only,276.7271964,132,,,,nominal,1575.6088175977354,0,316,0,8,2,10,11.088113560006605,0,0,11.148036570000045,11.148703864004347,b9bcc66342f122667acad96588fd3ed3ce1b500bfd47cd0f8f87b018dd623995,exited,10,7628.044087988677,True,1.475399314631235,1.4753993146312352,,,,1.7563191657045583,276.7271964,holdout_nominal/trace-045-CR.json.gz,2767.271964,11.148678495999775
nominal,q3-random-980046,q3-random-980046,B,holdout_nominal,primary,1,179,True,True,,True,1884.151206118191,1.0,12,True,4425.599999999999,0.0,True,825.0,2313.365154,36.0,24.0,160.0,,0,1884.1512061181909,False,local_research_only,279.86376283333334,165,,,,nominal,1644.151206118191,,,,,,,,,,0.10652910100009194,0.10655661700002383,0584c361a9e3d6d021147f6345ae49411e53dc30106976d6cda2c7966953c094,exited,12,7920.756030590956,True,1.7824286835869438,1.782428683586944,,,,2.0426133201757244,279.86376283333334,holdout_nominal/trace-046-B.json.gz,3358.365154,0.10653365599864628
nominal,q3-random-980046,q3-random-980046,CR,holdout_nominal,primary,1,155,True,True,,True,1884.151206118191,1.0,12,True,4425.599999999999,0.0,True,705.0,2244.348793,36.0,24.0,134.0,,0,1884.1512061181909,False,local_research_only,261.94573275,141,,,,nominal,1644.151206118191,0,416,0,9,3,12,23.168234091979684,0,0,23.23413463899999,23.235568074000184,0584c361a9e3d6d021147f6345ae49411e53dc30106976d6cda2c7966953c094,exited,12,7920.756030590956,True,1.668310262357373,1.6683102623573731,,,,1.911836807529026,261.94573275,holdout_nominal/trace-046-CR.json.gz,3143.348793,23.235540800000308
nominal,q3-random-980047,q3-random-980047,B,holdout_nominal,primary,1,163,True,True,,True,1631.14624541311,1.0,11,True,4425.599999999999,0.0,True,750.0,2404.886625,33.0,22.0,146.0,,0,1631.1462454131097,False,local_research_only,305.0806022727273,150,,,,nominal,1361.14624541311,,,,,,,,,,0.09597689800000353,0.09598681000352371,16561f30ba6e3208e1be98d87b2f42f44c5cdf85102a1b12bc458b54db65c809,exited,11,6530.731227065549,True,2.057379364012867,2.0573793640128675,,,,2.4654857156671532,305.0806022727273,holdout_nominal/trace-047-B.json.gz,3355.886625,0.09596438900916837
nominal,q3-random-980047,q3-random-980047,CR,holdout_nominal,primary,1,155,True,True,,True,1631.14624541311,1.0,11,True,4425.599999999999,0.0,True,710.0,2217.131033,33.0,22.0,141.0,,0,1631.1462454131097,False,local_research_only,283.921003,142,,,,nominal,1361.14624541311,0,384,0,10,1,11,20.245973792116274,0,0,20.314343749000045,20.315624192997348,16561f30ba6e3208e1be98d87b2f42f44c5cdf85102a1b12bc458b54db65c809,exited,11,6530.731227065549,True,1.9146848676398265,1.9146848676398267,,,,2.294486021266675,283.921003,holdout_nominal/trace-047-CR.json.gz,3123.131033,20.315597039007116
nominal,q3-random-980048,q3-random-980048,B,holdout_nominal,primary,1,149,True,True,,True,1907.1713806936307,1.0,15,True,4425.599999999999,0.0,True,660.0,2536.730502,45.0,30.0,127.0,,0,1907.1713806936305,False,local_research_only,226.58203346666667,132,,,,nominal,1757.1713806936307,,,,,,,,,,0.12383906000002298,0.12384505399677437,b5c591d5cb7ced213b85e0f75f1a12dc52a47e2c2f93ed576fceb565e21e9ba3,exited,15,8410.856903468153,True,1.782079228120493,1.782079228120493,,,,1.9342054732637266,226.58203346666667,holdout_nominal/trace-048-B.json.gz,3398.730502,0.12382105899450835
nominal,q3-random-980048,q3-random-980048,CR,holdout_nominal,primary,1,142,True,True,,True,1907.1713806936307,1.0,15,True,4425.599999999999,0.0,True,625.0,2544.491094,45.0,30.0,120.0,,0,1907.1713806936305,False,local_research_only,224.29940626666667,125,,,,nominal,1757.1713806936307,0,420,0,5,7,12,25.06723886197142,0,0,25.164334594000024,25.165902350010583,b5c591d5cb7ced213b85e0f75f1a12dc52a47e2c2f93ed576fceb565e21e9ba3,exited,15,8410.856903468153,True,1.7641262489878324,1.7641262489878327,,,,1.9147199476193901,224.29940626666667,holdout_nominal/trace-048-CR.json.gz,3364.491094,25.16587471400271
nominal,q3-random-980049,q3-random-980049,B,holdout_nominal,primary,1,192,True,True,,True,2206.4448417519516,1.0,15,True,4425.599999999999,0.0,True,875.0,2531.994793,45.0,30.0,169.0,,0,2206.444841751951,False,local_research_only,243.39965286666666,175,,,,nominal,2056.4448417519516,,,,,,,,,,0.17447272200001862,0.17447509900375735,0608706edb5e5658cfa71c0c24ca55d128d57623c649769245e6934300d19c8b,exited,15,9907.224208759759,True,1.654695700483069,1.6546957004830694,,,,1.7753915489848975,243.39965286666666,holdout_nominal/trace-049-B.json.gz,3650.994793,0.17445342600694858
nominal,q3-random-980049,q3-random-980049,CR,holdout_nominal,primary,1,147,True,True,,True,2206.4448417519516,1.0,15,True,4425.599999999999,0.0,True,650.0,2493.073671,45.0,30.0,123.0,,0,2206.444841751951,False,local_research_only,222.73824473333335,130,,,,nominal,2056.4448417519516,0,428,0,6,6,12,27.3323352720181,0,0,27.423423612999954,27.424902785991435,0608706edb5e5658cfa71c0c24ca55d128d57623c649769245e6934300d19c8b,exited,15,9907.224208759759,True,1.5142339422122764,1.5142339422122768,,,,1.6246843110820477,222.73824473333335,holdout_nominal/trace-049-CR.json.gz,3341.073671,27.42487580300076
nominal,q3-random-980050,q3-random-980050,B,holdout_nominal,primary,1,153,True,True,,True,2086.1621325326582,1.0,15,True,4425.599999999999,0.0,True,680.0,2845.430555,45.0,30.0,127.0,,0,2086.162132532658,False,local_research_only,248.49537033333334,136,,,,nominal,1936.1621325326582,,,,,,,,,,0.1267659279999407,0.12678809600765817,17f696c6c4e453717485f98cc2759e1dcce0d6f00b3bdafd3e497e38f0e67b5b,exited,15,9305.81066266329,True,1.786740587834751,1.7867405878347515,,,,1.9251644747974779,248.49537033333334,holdout_nominal/trace-050-B.json.gz,3727.430555,0.12676625499443617
nominal,q3-random-980050,q3-random-980050,CR,holdout_nominal,primary,1,148,True,True,,True,2086.1621325326582,1.0,15,True,4425.599999999999,0.0,True,655.0,2851.586743,45.0,30.0,123.0,,0,2086.162132532658,False,local_research_only,246.97244953333333,131,,,,nominal,1936.1621325326582,0,416,0,9,3,12,16.184911785967415,0,0,16.252596022000034,16.25368500300101,17f696c6c4e453717485f98cc2759e1dcce0d6f00b3bdafd3e497e38f0e67b5b,exited,15,9305.81066266329,True,1.775790426462458,1.7757904264624582,,,,1.9133659732070567,246.97244953333333,holdout_nominal/trace-050-CR.json.gz,3704.586743,16.253657754001324
nominal,q3-random-980051,q3-random-980051,B,holdout_nominal,primary,1,153,True,True,,True,2061.0549990124473,1.0,10,True,4425.599999999999,0.0,True,705.0,2005.814496,30.0,20.0,135.0,,0,2061.054999012447,False,local_research_only,289.5814496,141,,,,nominal,1761.0549990124473,,,,,,,,,,0.06373888899997837,0.06374497100478038,429298a0456f97d6ca03f8a9f038fc51ebb1e371de058e040744ac578c8bf41f,exited,10,8555.274995062236,True,1.405015633928996,1.4050156339289963,,,,1.644363462597077,289.5814496,holdout_nominal/trace-051-B.json.gz,2895.814496,0.06372683400695678
nominal,q3-random-980051,q3-random-980051,CR,holdout_nominal,primary,1,146,True,True,,True,2061.0549990124473,1.0,10,True,4425.599999999999,0.0,True,670.0,2006.02827,30.0,20.0,127.0,,0,2061.054999012447,False,local_research_only,285.302827,134,,,,nominal,1761.0549990124473,0,412,0,10,2,12,19.774667950026924,0,0,19.82057896299989,19.82210572999611,429298a0456f97d6ca03f8a9f038fc51ebb1e371de058e040744ac578c8bf41f,exited,10,8555.274995062236,True,1.3842562529224236,1.3842562529224238,,,,1.6200676705724137,285.302827,holdout_nominal/trace-051-CR.json.gz,2853.02827,19.82207649499469
nominal,q3-random-980052,q3-random-980052,B,holdout_nominal,primary,1,127,True,True,,True,1874.7523008480944,1.0,16,True,0.0,0.0,True,545.0,2706.386365,48.0,32.0,103.0,,0,1874.7523008480941,False,local_research_only,214.6491478125,109,,,,nominal,1874.7523008480944,,,,,,,,,,0.10304542299991226,0.10305496500222944,d88d85daec14cd7aa524cc7554b68c951157ac523cb58f3ee56b41dc856d29e9,exited,16,8973.761504240472,True,1.8319147353206946,1.8319147353206948,,,,1.8319147353206946,214.6491478125,holdout_nominal/trace-052-B.json.gz,3434.386365,0.10303464300523046
nominal,q3-random-980052,q3-random-980052,CR,holdout_nominal,primary,1,126,True,True,,True,1874.7523008480944,1.0,16,True,0.0,0.0,True,540.0,2557.871955,48.0,32.0,98.0,,0,1874.7523008480941,False,local_research_only,204.7419971875,108,,,,nominal,1874.7523008480944,0,424,0,9,3,12,18.271857681000256,0,0,18.34961095099993,18.350882896993426,d88d85daec14cd7aa524cc7554b68c951157ac523cb58f3ee56b41dc856d29e9,exited,16,8973.761504240472,True,1.7473625467844855,1.7473625467844858,,,,1.7473625467844855,204.7419971875,holdout_nominal/trace-052-CR.json.gz,3275.871955,18.350853587005986
nominal,q3-random-980053,q3-random-980053,B,holdout_nominal,primary,1,186,True,True,,True,2001.1392046993872,1.0,16,True,0.0,0.0,True,840.0,2657.404645,48.0,32.0,156.0,,0,2001.139204699387,False,local_research_only,233.3377903125,168,,,,nominal,2001.1392046993872,,,,,,,,,,0.17692644899989318,0.17692862600961234,d408fa41a04441aecea9678923d63273c8f523455fa7da72124ccec2fbbc8cc5,exited,16,9605.696023496936,True,1.8656396497718084,1.8656396497718086,,,,1.8656396497718084,233.3377903125,holdout_nominal/trace-053-B.json.gz,3733.404645,0.1769073649920756
nominal,q3-random-980053,q3-random-980053,CR,holdout_nominal,primary,1,156,True,True,,True,2001.1392046993872,1.0,16,True,0.0,0.0,True,690.0,2622.034398,48.0,32.0,126.0,,0,2001.139204699387,False,local_research_only,219.877149875,138,,,,nominal,2001.1392046993872,0,428,0,1,11,12,33.92041694998625,0,0,34.02025364700012,34.02206176800246,d408fa41a04441aecea9678923d63273c8f523455fa7da72124ccec2fbbc8cc5,exited,16,9605.696023496936,True,1.7580158290529728,1.758015829052973,,,,1.7580158290529728,219.877149875,holdout_nominal/trace-053-CR.json.gz,3518.034398,34.02203478600131
nominal,q3-random-980054,q3-random-980054,B,holdout_nominal,primary,1,151,True,True,,True,1737.2883923949662,1.0,14,True,4425.599999999999,0.0,True,675.0,2243.336413,42.0,28.0,130.0,,0,1737.288392394966,False,local_research_only,222.7383152142857,135,,,,nominal,1557.2883923949662,,,,,,,,,,0.1389207140000508,0.1389260559953982,d68814916846e0ef29a15759fdeafd72a013e36c159379b28ab11629f83e83d6,exited,14,7436.441961974831,True,1.7949445967926883,1.7949445967926885,,,,2.002414214495162,222.7383152142857,holdout_nominal/trace-054-B.json.gz,3118.336413,0.13890714599983767
nominal,q3-random-980054,q3-random-980054,CR,holdout_nominal,primary,1,143,True,True,,True,1737.2883923949662,1.0,14,True,4425.599999999999,0.0,True,635.0,2234.677649,42.0,28.0,121.0,,0,1737.288392394966,False,local_research_only,218.6198320714286,127,,,,nominal,1557.2883923949662,0,424,0,10,2,12,22.687307050000527,0,0,22.785109375000047,22.7867747900018,d68814916846e0ef29a15759fdeafd72a013e36c159379b28ab11629f83e83d6,exited,14,7436.441961974831,True,1.761755654615671,1.7617556546156712,,,,1.965389110935939,218.6198320714286,holdout_nominal/trace-054-CR.json.gz,3060.677649,22.786749377002707
nominal,q3-random-980055,q3-random-980055,B,holdout_nominal,primary,1,133,True,True,,True,1957.405955891902,1.0,12,True,4425.599999999999,107.86033899999984,True,595.0,2220.042708,36.0,24.0,111.0,,0,1957.4059558919018,False,local_research_only,248.83689233333334,119,,,,nominal,1717.405955891902,,,,,,,,,,0.09939241500001117,0.09939430801023263,21159b5ff82a4ede6027373ae7d0c127440f752966ab8c9ca88f7dafdf830687,exited,12,8287.02977945951,True,1.525510177902465,1.5255101779024651,,,,1.7386935789734441,248.83689233333334,holdout_nominal/trace-055-B.json.gz,2986.042708,0.0993750240013469
nominal,q3-random-980055,q3-random-980055,CR,holdout_nominal,primary,1,132,True,True,,True,1957.405955891902,1.0,12,True,4425.599999999999,91.61007999999993,True,590.0,2203.792449,36.0,24.0,110.0,,0,1957.4059558919018,False,local_research_only,246.98270408333335,118,,,,nominal,1717.405955891902,0,384,0,10,1,11,20.3683156780462,0,0,20.449704436000047,20.451213074004045,21159b5ff82a4ede6027373ae7d0c127440f752966ab8c9ca88f7dafdf830687,exited,12,8287.02977945951,True,1.5141429605232466,1.5141429605232468,,,,1.7257378424897862,246.98270408333335,holdout_nominal/trace-055-CR.json.gz,2963.792449,20.451182965000044
nominal,q3-random-980056,q3-random-980056,B,holdout_nominal,primary,1,173,True,True,,True,2052.0665596525164,1.0,15,True,4425.599999999999,0.0,True,780.0,2947.760315,45.0,30.0,145.0,,0,2052.066559652516,False,local_research_only,263.184021,156,,,,nominal,1902.0665596525164,,,,,,,,,,0.12296636799987937,0.12298151700815652,078dcce0c40ad910d0fb063991ff35db365ccce088d29032f87b3528c444245c,exited,15,9135.332798262581,True,1.9237974014198098,1.9237974014198103,,,,2.075511130231534,263.184021,holdout_nominal/trace-056-B.json.gz,3947.760315,0.12296148898894899
nominal,q3-random-980056,q3-random-980056,CR,holdout_nominal,primary,1,143,True,True,,True,2052.0665596525164,1.0,15,True,4425.599999999999,0.0,True,630.0,2410.540677,45.0,30.0,122.0,,0,2052.066559652516,False,local_research_only,215.83604513333333,126,,,,nominal,1902.0665596525164,0,428,0,8,4,12,31.68073053302942,0,0,31.78526182199994,31.787433360004798,078dcce0c40ad910d0fb063991ff35db365ccce088d29032f87b3528c444245c,exited,15,9135.332798262581,True,1.5776976929774753,1.5776976929774758,,,,1.7021174472419398,215.83604513333333,holdout_nominal/trace-056-CR.json.gz,3237.540677,31.787404200003948
nominal,q3-random-980057,q3-random-980057,B,holdout_nominal,primary,1,163,True,True,,True,1806.5847350894182,1.0,11,True,4425.599999999999,0.0,True,750.0,2542.929722,33.0,22.0,141.0,,0,1806.584735089418,False,local_research_only,317.1754292727273,150,,,,nominal,1536.5847350894182,,,,,,,,,,0.09028401200021108,0.09029235399793833,d9167b784f807c5aaffef43ba28d6bb03eb5477c62c5733e650ac1a55bb6c4ea,exited,11,7407.923675447091,True,1.9312294929954186,1.9312294929954188,,,,2.2705742432075957,317.1754292727273,holdout_nominal/trace-057-B.json.gz,3488.929722,0.09027387399692088
nominal,q3-random-980057,q3-random-980057,CR,holdout_nominal,primary,1,154,True,True,,True,1806.5847350894182,1.0,11,True,4425.599999999999,0.0,True,705.0,2573.689033,33.0,22.0,132.0,,0,1806.584735089418,False,local_research_only,315.0626393636364,141,,,,nominal,1536.5847350894182,0,412,0,8,4,12,15.279902817084803,0,0,15.333775715999991,15.33484499999031,d9167b784f807c5aaffef43ba28d6bb03eb5477c62c5733e650ac1a55bb6c4ea,exited,11,7407.923675447091,True,1.918365059598748,1.9183650595987483,,,,2.255449344157595,315.0626393636364,holdout_nominal/trace-057-CR.json.gz,3465.689033,15.334815296999295
nominal,q3-random-980058,q3-random-980058,B,holdout_nominal,primary,1,152,True,True,,True,1478.3295921791366,1.0,14,True,4425.599999999999,178.72488500000009,True,680.0,2160.63328,42.0,28.0,132.0,,0,1478.3295921791364,False,local_research_only,217.33094857142856,136,,,,nominal,1298.3295921791366,,,,,,,,,,0.13285040699997808,0.132851529007894,64df05eb52f733eac19f1f8cf71608611000d84444fe24b3e7d7f92bbea8c1f6,exited,14,6141.647960895683,True,2.0581562434362124,2.058156243436213,,,,2.34349836769352,217.33094857142856,holdout_nominal/trace-058-B.json.gz,3042.63328,0.13283307699020952
nominal,q3-random-980058,q3-random-980058,CR,holdout_nominal,primary,1,143,True,True,,True,1478.3295921791366,1.0,14,True,4425.599999999999,163.9292129999999,True,635.0,2158.228096,42.0,28.0,123.0,,0,1478.3295921791364,False,local_research_only,213.30200685714286,127,,,,nominal,1298.3295921791366,0,416,0,9,3,12,21.794287005017395,0,0,21.89437662299997,21.895598194008926,64df05eb52f733eac19f1f8cf71608611000d84444fe24b3e7d7f92bbea8c1f6,exited,14,6141.647960895683,True,2.0200015692022646,2.020001569202265,,,,2.300053941609594,213.30200685714286,holdout_nominal/trace-058-CR.json.gz,2986.228096,21.895571625995217
nominal,q3-random-980059,q3-random-980059,B,holdout_nominal,primary,1,142,True,True,,True,1999.0467239306286,1.0,15,True,4425.599999999999,245.04979300000014,True,625.0,2589.845393,45.0,30.0,114.0,,0,1999.0467239306283,False,local_research_only,226.9230262,125,,,,nominal,1849.0467239306286,,,,,,,,,,0.13031033300012496,0.13031762700120453,65ca4e4b6b5764d0d72afda53c86042834a93ce251b452c94851b6a3dfced976,exited,15,8870.233619653143,True,1.7027342844229194,1.7027342844229196,,,,1.8408649975941351,226.9230262,holdout_nominal/trace-059-B.json.gz,3403.845393,0.13029597299464513
nominal,q3-random-980059,q3-random-980059,CR,holdout_nominal,primary,1,138,True,True,,True,1999.0467239306286,1.0,15,True,4425.599999999999,227.209206,True,605.0,2565.011196,45.0,30.0,110.0,,0,1999.0467239306283,False,local_research_only,223.66741306666665,121,,,,nominal,1849.0467239306286,0,416,0,10,2,12,18.329819954014965,0,0,18.42172355499997,18.42410068299796,65ca4e4b6b5764d0d72afda53c86042834a93ce251b452c94851b6a3dfced976,exited,15,8870.233619653143,True,1.6783055422552626,1.6783055422552628,,,,1.8144545254476063,223.66741306666665,holdout_nominal/trace-059-CR.json.gz,3355.011196,18.424074157999712
nominal,q3-random-980060,q3-random-980060,B,holdout_nominal,primary,1,150,True,True,,True,1947.7272671899761,1.0,15,True,4425.599999999999,0.0,True,665.0,2591.278435,45.0,30.0,126.0,,0,1947.727267189976,False,local_research_only,230.485229,133,,,,nominal,1797.7272671899761,,,,,,,,,,0.09168348500020329,0.09168409698759206,3d5f7e02532f162212c3fe0d85e222671d8c563bbc0d73e2e017fc3c261d4c8c,exited,15,8613.636335949881,True,1.7750321070299964,1.7750321070299966,,,,1.9231384526998163,230.485229,holdout_nominal/trace-060-B.json.gz,3457.278435,0.09166531299706548
nominal,q3-random-980060,q3-random-980060,CR,holdout_nominal,primary,1,152,True,True,,True,1947.7272671899761,1.0,15,True,4425.599999999999,195.9921690000001,True,675.0,2756.984068,45.0,30.0,127.0,,0,1947.727267189976,False,local_research_only,242.26560453333335,135,,,,nominal,1797.7272671899761,0,424,0,8,4,12,20.94900534696353,0,0,21.0545995330001,21.05603760899976,3d5f7e02532f162212c3fe0d85e222671d8c563bbc0d73e2e017fc3c261d4c8c,exited,15,8613.636335949881,True,1.8657561195632997,1.8657561195633,,,,2.021432357579063,242.26560453333335,holdout_nominal/trace-060-CR.json.gz,3633.984068,21.056012172004557
nominal,q3-random-980061,q3-random-980061,B,holdout_nominal,primary,1,154,True,True,,True,2050.316418645476,1.0,12,True,4425.599999999999,0.0,True,700.0,2563.396432,36.0,24.0,132.0,,0,2050.3164186454756,False,local_research_only,287.94970266666667,140,,,,nominal,1810.316418645476,,,,,,,,,,0.10490202899995893,0.10490352098713629,6fc0b42aae281fac9c26c57e05e72dce29fc6bbdcaa341c2d9dec0523ccbf6c8,exited,12,8751.58209322738,True,1.6852991082628983,1.6852991082628987,,,,1.908725124741129,287.94970266666667,holdout_nominal/trace-061-B.json.gz,3455.396432,0.1048849710059585
nominal,q3-random-980061,q3-random-980061,CR,holdout_nominal,primary,1,153,True,True,,True,2050.316418645476,1.0,12,True,4425.599999999999,0.0,True,695.0,2563.396432,36.0,24.0,131.0,,0,2050.3164186454756,False,local_research_only,287.44970266666667,139,,,,nominal,1810.316418645476,0,424,0,11,1,12,17.29450774297584,0,0,17.371810134000043,17.372766109998338,6fc0b42aae281fac9c26c57e05e72dce29fc6bbdcaa341c2d9dec0523ccbf6c8,exited,12,8751.58209322738,True,1.6823727306826204,1.6823727306826206,,,,1.9054107870164072,287.44970266666667,holdout_nominal/trace-061-CR.json.gz,3449.396432,17.37274094199529
nominal,q3-random-980062,q3-random-980062,B,holdout_nominal,primary,1,154,True,True,,True,1671.145937532948,1.0,11,True,4425.599999999999,0.0,True,705.0,2163.021555,33.0,22.0,139.0,,0,1671.1459375329478,False,local_research_only,278.36559590909087,141,,,,nominal,1401.145937532948,,,,,,,,,,0.07844155799989494,0.07845952198840678,0a62b7da3c1e4b030a96a7a8c24aac6f76a758ea03a3c884c7646e396359dc6e,exited,11,6730.72968766474,True,1.8322885429864677,1.832288542986468,,,,2.185369470072061,278.36559590909087,holdout_nominal/trace-062-B.json.gz,3062.021555,0.07844065300014336
nominal,q3-random-980062,q3-random-980062,CR,holdout_nominal,primary,1,128,True,True,,True,1671.145937532948,1.0,11,True,4425.599999999999,0.0,True,575.0,2104.985913,33.0,22.0,113.0,,0,1671.1459375329478,False,local_research_only,258.90781027272726,115,,,,nominal,1401.145937532948,0,308,0,6,3,9,14.553557185892714,0,0,14.59538747900001,14.596662637995905,0a62b7da3c1e4b030a96a7a8c24aac6f76a758ea03a3c884c7646e396359dc6e,exited,11,6730.72968766474,True,1.7042113731876571,1.7042113731876574,,,,2.0326119048059756,258.90781027272726,holdout_nominal/trace-062-CR.json.gz,2847.985913,14.596636840011342
nominal,q3-random-980063,q3-random-980063,B,holdout_nominal,primary,1,181,True,True,,True,1868.8326987498913,1.0,13,True,4425.599999999999,179.57929300000023,True,830.0,2268.534838,39.0,26.0,162.0,,0,1868.832698749891,False,local_research_only,255.81037215384615,166,,,,nominal,1658.8326987498913,,,,,,,,,,0.13023953699985213,0.130249874011497,1b8b78e8464ff1063cdfa412071e0ab9321383445343865f9bae7d40bb65c08f,exited,13,7969.163493749456,True,1.7794716671131305,1.7794716671131308,,,,2.0047439627312316,255.81037215384615,holdout_nominal/trace-063-B.json.gz,3325.534838,0.13022939600341488
nominal,q3-random-980063,q3-random-980063,CR,holdout_nominal,primary,1,167,True,True,,True,1868.8326987498913,1.0,13,True,4425.599999999999,170.7316390000001,True,760.0,2272.99465,39.0,26.0,147.0,,0,1868.832698749891,False,local_research_only,249.6149730769231,152,,,,nominal,1658.8326987498913,0,420,0,9,3,12,24.656550177940517,0,0,24.74913400599985,24.751350436999928,1b8b78e8464ff1063cdfa412071e0ab9321383445343865f9bae7d40bb65c08f,exited,13,7969.163493749456,True,1.736375145924329,1.7363751459243293,,,,1.9561916355069757,249.6149730769231,holdout_nominal/trace-063-CR.json.gz,3244.99465,24.751323878997937
pressure,q3-r2-cluster-14-970000,q3-r2-cluster-14-970000,B,holdout_pressure,primary,1,114,True,True,,True,421.9084282102923,1.0,14,True,4425.599999999999,969.2562079999998,True,490.0,1456.912324,42.0,28.0,97.0,,0,1135.1199999999997,False,local_research_only,150.99373742857142,98,,,,pressure,241.90842821029227,,,,,,,,,,0.06844293799999998,0.0684434959985083,c962d4aaffd4512799d672170fa4a545cb34c350a8159d7a7e556aa44568395a,exited,14,859.5421410514614,True,5.010358131424576,1.8622809253647197,,,,8.738481497479553,150.99373742857142,holdout_pressure/trace-000-B.json.gz,2113.912324,0.06842228400637396
pressure,q3-r2-cluster-14-970000,q3-r2-cluster-14-970000,CR,holdout_pressure,primary,1,101,True,True,,True,421.9084282102923,1.0,14,True,4425.599999999999,1202.615686,True,425.0,1439.461669,42.0,28.0,84.0,,0,1135.1199999999997,False,local_research_only,144.1758335,85,,,,pressure,241.90842821029227,0,312,0,8,2,10,15.610399117009365,0,0,15.68309946,15.684063555992907,c962d4aaffd4512799d672170fa4a545cb34c350a8159d7a7e556aa44568395a,exited,14,859.5421410514614,True,4.784122653254833,1.7781923223976326,,,,8.343907998299839,144.1758335,holdout_pressure/trace-000-CR.json.gz,2018.461669,15.682016027989448
pressure,q3-r2-cluster-16-970001,q3-r2-cluster-16-970001,B,holdout_pressure,primary,1,74,True,True,,True,251.90842821029227,1.0,16,True,0.0,0.0,True,280.0,192.710518,48.0,32.0,55.0,,0,251.90842821029224,False,local_research_only,37.981907375,56,,,,pressure,251.90842821029227,,,,,,,,,,0.06008990000000125,0.060094335000030696,53bd526f7e1d7070ea55074bdca6159d4c1a1fc07c8b8c3b51cfec244d1257a5,exited,16,859.5421410514614,True,2.412426302357321,2.412426302357321,,,,2.412426302357321,37.981907375,holdout_pressure/trace-001-B.json.gz,607.710518,0.06007490000047255
pressure,q3-r2-cluster-16-970001,q3-r2-cluster-16-970001,CR,holdout_pressure,primary,1,73,True,True,,True,251.90842821029227,1.0,16,True,0.0,0.0,True,275.0,192.355731,48.0,32.0,54.0,,0,251.90842821029224,False,local_research_only,37.5847331875,55,,,,pressure,251.90842821029227,0,216,0,6,1,7,10.526003367020166,0,0,10.582873655,10.583391403008136,53bd526f7e1d7070ea55074bdca6159d4c1a1fc07c8b8c3b51cfec244d1257a5,exited,16,859.5421410514614,True,2.387199726791159,2.387199726791159,,,,2.387199726791159,37.5847331875,holdout_pressure/trace-001-CR.json.gz,601.355731,10.583359001000645
pressure,q3-r2-hiddenfar-14-970002,q3-r2-hiddenfar-14-970002,B,holdout_pressure,primary,1,119,True,True,,True,927.3276240487248,1.0,14,True,4425.599999999999,283.72965699999986,True,515.0,1584.45794,42.0,28.0,100.0,,0,1135.1199999999997,False,local_research_only,162.10413857142856,103,,,,pressure,747.3276240487248,,,,,,,,,,0.0638604239999978,0.06387359200743958,02d434cc49b9d3c2b20b472884a7322f27d6a1fc7c169cece72c1c68cf0fad08,exited,14,3386.638120243624,True,2.4473097545520277,1.9993110331947288,,,,3.036764421613343,162.10413857142856,holdout_pressure/trace-002-B.json.gz,2269.45794,0.0638574690092355
pressure,q3-r2-hiddenfar-14-970002,q3-r2-hiddenfar-14-970002,CR,holdout_pressure,primary,1,119,True,True,,True,927.3276240487248,1.0,14,True,4425.599999999999,268.259094,True,515.0,1536.973086,42.0,28.0,100.0,,0,1135.1199999999997,False,local_research_only,158.71236328571428,103,,,,pressure,747.3276240487248,0,288,0,10,0,10,13.501070827973308,1,0,13.555509758000003,13.556773253003485,02d434cc49b9d3c2b20b472884a7322f27d6a1fc7c169cece72c1c68cf0fad08,exited,14,3386.638120243624,True,2.396103629803279,1.9574785802382133,,,,2.9732248808925736,158.71236328571428,holdout_pressure/trace-002-CR.json.gz,2221.973086,13.556741526001133
pressure,q3-r2-hiddenfar-16-970003,q3-r2-hiddenfar-16-970003,B,holdout_pressure,primary,1,108,True,True,,True,757.3276240487248,1.0,16,True,0.0,0.0,True,450.0,1339.019757,48.0,32.0,86.0,,0,757.3276240487247,False,local_research_only,122.1887348125,90,,,,pressure,757.3276240487248,,,,,,,,,,0.06309999299999447,0.0631009219941916,e185ca63312455ea6b0ff6d2dc3b7df0a8b24502cfba81ae9811323000dc7b14,exited,16,3386.638120243624,True,2.5814716047835833,2.5814716047835837,,,,2.5814716047835833,122.1887348125,holdout_pressure/trace-003-B.json.gz,1955.019757,0.06308108899975196
pressure,q3-r2-hiddenfar-16-970003,q3-r2-hiddenfar-16-970003,CR,holdout_pressure,primary,1,108,True,True,,True,757.3276240487248,1.0,16,True,0.0,0.0,True,450.0,1311.588739,48.0,32.0,86.0,,0,757.3276240487247,False,local_research_only,120.4742961875,90,,,,pressure,757.3276240487248,0,288,0,8,1,9,13.062234943019575,0,0,13.120428959999998,13.1213869159983,e185ca63312455ea6b0ff6d2dc3b7df0a8b24502cfba81ae9811323000dc7b14,exited,16,3386.638120243624,True,2.545250797395954,2.5452507973959544,,,,2.545250797395954,120.4742961875,holdout_pressure/trace-003-CR.json.gz,1927.588739,13.121356263989583
pressure,q3-r2-collinear-14-970004,q3-r2-collinear-14-970004,B,holdout_pressure,primary,1,113,True,True,,True,426.00000237708684,1.0,14,True,4425.599999999999,1358.032736,True,485.0,1687.717396,42.0,28.0,93.0,,0,1135.1199999999997,False,local_research_only,166.83695685714287,97,,,,pressure,246.00000237708684,,,,,,,,,,0.07839100300000013,0.07839956700627226,7608cca70871ae930e99a1cb83d4ef00508ea1e15b8d445078d917cc431e5a8e,exited,14,880.0000118854342,True,5.482904654851313,2.057683237014589,,,,9.494786070853939,166.83695685714287,holdout_pressure/trace-004-B.json.gz,2335.717396,0.07838078399072401
pressure,q3-r2-collinear-14-970004,q3-r2-collinear-14-970004,CR,holdout_pressure,primary,1,111,True,True,,True,426.00000237708684,1.0,14,True,4425.599999999999,1291.3293840000001,True,475.0,1548.263108,42.0,28.0,92.0,,0,1135.1199999999997,False,local_research_only,156.090222,95,,,,pressure,246.00000237708684,0,352,0,9,2,11,13.585288773974753,0,0,13.646463388999997,13.648225680997712,7608cca70871ae930e99a1cb83d4ef00508ea1e15b8d445078d917cc431e5a8e,exited,14,880.0000118854342,True,5.129725577009852,1.9251384065120876,,,,8.883183280015862,156.090222,holdout_pressure/trace-004-CR.json.gz,2185.263108,13.648198734008474
pressure,q3-r2-collinear-16-970005,q3-r2-collinear-16-970005,B,holdout_pressure,primary,1,87,True,True,,True,256.00000237708684,1.0,16,True,0.0,0.0,True,345.0,522.140315,48.0,32.0,65.0,,0,256.0000023770868,False,local_research_only,63.2587696875,69,,,,pressure,256.00000237708684,,,,,,,,,,0.06268077000000005,0.06269176698697265,9c320bc3dfb4d0312c1fc9713ea140683f27930e8f3be6aec9fa9e5eed3e9857,exited,16,880.0000118854342,True,3.9536730687569364,3.9536730687569372,,,,3.9536730687569364,63.2587696875,holdout_pressure/trace-005-B.json.gz,1012.140315,0.062668554004631
pressure,q3-r2-collinear-16-970005,q3-r2-collinear-16-970005,CR,holdout_pressure,primary,1,88,True,True,,True,256.00000237708684,1.0,16,True,0.0,0.0,True,350.0,498.775013,48.0,32.0,65.0,,0,256.0000023770868,False,local_research_only,62.1109383125,70,,,,pressure,256.00000237708684,0,308,0,7,2,9,12.464053128031082,0,0,12.545512615999996,12.546482662000926,9c320bc3dfb4d0312c1fc9713ea140683f27930e8f3be6aec9fa9e5eed3e9857,exited,16,880.0000118854342,True,3.8819336084855727,3.8819336084855736,,,,3.8819336084855727,62.1109383125,holdout_pressure/trace-005-CR.json.gz,993.775013,12.54644979799923
pressure,q3-r2-boundary_min-10-970006,q3-r2-boundary_min-10-970006,B,holdout_pressure,primary,1,172,True,True,,True,1888.763740121221,1.0,10,True,4425.599999999999,0.0,True,800.0,2723.952997,30.0,20.0,151.0,,0,1888.7637401212207,False,local_research_only,372.4952997,160,,,,pressure,1588.763740121221,,,,,,,,,,0.0595418890000019,0.05954956299683545,6240b690ed65a1a828088ff47e7d1160895c89995c5f0546ff70c92d8179eca6,exited,10,7693.818700606105,True,1.9721646058076763,1.9721646058076765,,,,2.344560681323071,372.4952997,holdout_pressure/trace-006-B.json.gz,3724.952997,0.05952424500719644
pressure,q3-r2-boundary_min-10-970006,q3-r2-boundary_min-10-970006,CR,holdout_pressure,primary,1,172,True,True,,True,1888.763740121221,1.0,10,True,4425.599999999999,0.0,True,800.0,2808.714913,30.0,20.0,148.0,,0,1888.7637401212207,False,local_research_only,380.67149129999996,160,,,,pressure,1588.763740121221,0,320,0,11,1,12,18.831922819998,0,0,18.887705259,18.888949202009826,6240b690ed65a1a828088ff47e7d1160895c89995c5f0546ff70c92d8179eca6,exited,10,7693.818700606105,True,2.015453194138344,2.015453194138344,,,,2.3960232833042574,380.67149129999996,holdout_pressure/trace-006-CR.json.gz,3806.714913,18.888919297998655
pressure,q3-r2-boundary_min-16-970007,q3-r2-boundary_min-16-970007,B,holdout_pressure,primary,1,178,True,True,,True,2407.421845357942,1.0,16,True,0.0,0.0,True,800.0,3532.669936,48.0,32.0,146.0,,0,2407.4218453579415,False,local_research_only,284.916871,160,,,,pressure,2407.421845357942,,,,,,,,,,0.08600168700000665,0.0860026880109217,b9681e5d269aad64d6f7ba7341f52f547b2fc055107539f196692b29a02caa08,exited,16,11637.10922678971,True,1.8935900015986624,1.8935900015986629,,,,1.8935900015986624,284.916871,holdout_pressure/trace-007-B.json.gz,4558.669936,0.08598021299985703
pressure,q3-r2-boundary_min-16-970007,q3-r2-boundary_min-16-970007,CR,holdout_pressure,primary,1,178,True,True,,True,2407.421845357942,1.0,16,True,0.0,0.0,True,800.0,3622.869723,48.0,32.0,147.0,,0,2407.4218453579415,False,local_research_only,290.6168576875,160,,,,pressure,2407.421845357942,0,384,0,9,3,12,15.271138321026228,0,0,15.363304014999997,15.365564348991029,b9681e5d269aad64d6f7ba7341f52f547b2fc055107539f196692b29a02caa08,exited,16,11637.10922678971,True,1.9314727628504362,1.9314727628504367,,,,1.9314727628504362,290.6168576875,holdout_pressure/trace-007-CR.json.gz,4649.869723,15.365540015001898
pressure,q3-r2-minimum_radius-10-970008,q3-r2-minimum_radius-10-970008,B,holdout_pressure,primary,1,154,True,True,,True,2060.9772333956344,1.0,10,True,4425.599999999999,0.0,True,710.0,2549.212807,30.0,20.0,124.0,,0,2060.977233395634,False,local_research_only,343.3212807,142,,,,pressure,1760.9772333956341,,,,,,,,,,0.08658551700000316,0.0865867899992736,89d58495e6a7a72f10680bf5049ac7aafa62f5d328aeae61ef1b918a4cd1c15c,exited,10,8554.88616697817,True,1.665817919465074,1.6658179194650744,,,,1.949606583146932,343.3212807,holdout_pressure/trace-008-B.json.gz,3433.212807,0.08656829000392463
pressure,q3-r2-minimum_radius-10-970008,q3-r2-minimum_radius-10-970008,CR,holdout_pressure,primary,1,145,True,True,,True,2060.9772333956344,1.0,10,True,4425.599999999999,0.0,True,665.0,2616.061852,30.0,20.0,116.0,,0,2060.977233395634,False,local_research_only,344.7061852,133,,,,pressure,1760.9772333956341,0,356,0,10,2,12,12.815756440002588,0,0,12.86330812700001,12.863989022007445,89d58495e6a7a72f10680bf5049ac7aafa62f5d328aeae61ef1b918a4cd1c15c,exited,10,8554.88616697817,True,1.6725375691417386,1.672537569141739,,,,1.9574709920315918,344.7061852,holdout_pressure/trace-008-CR.json.gz,3447.061852,12.863963779003825
pressure,q3-r2-minimum_radius-16-970009,q3-r2-minimum_radius-16-970009,B,holdout_pressure,primary,1,139,True,True,,True,2243.8549001720085,1.0,16,True,0.0,0.0,True,605.0,3268.999178,48.0,32.0,100.0,,0,2243.854900172008,False,local_research_only,253.374948625,121,,,,pressure,2243.8549001720085,,,,,,,,,,0.09902131599997688,0.09902320300170686,c01e68bdbc0af0ddc413c92534c33a0831557f478d992ebf00f7c34792f5a904,exited,16,10819.274500860043,True,1.8067118233399273,1.8067118233399277,,,,1.8067118233399273,253.374948625,holdout_pressure/trace-009-B.json.gz,4053.999178,0.09900286300398875
pressure,q3-r2-minimum_radius-16-970009,q3-r2-minimum_radius-16-970009,CR,holdout_pressure,primary,1,147,True,True,,True,2243.8549001720085,1.0,16,True,0.0,0.0,True,645.0,3176.81724,48.0,32.0,108.0,,0,2243.854900172008,False,local_research_only,250.6135775,129,,,,pressure,2243.8549001720085,0,380,0,10,2,12,17.312477706043865,0,0,17.40289478400001,17.40596344100777,c01e68bdbc0af0ddc413c92534c33a0831557f478d992ebf00f7c34792f5a904,exited,16,10819.274500860043,True,1.7870216294701662,1.7870216294701666,,,,1.7870216294701662,250.6135775,holdout_pressure/trace-009-CR.json.gz,4009.81724,17.40593942500709
pressure,q3-r2-correlated-12-970010,q3-r2-correlated-12-970010,B,holdout_pressure,primary,1,172,True,True,,True,1996.2550734133802,1.0,12,True,4425.599999999999,277.48709599999984,True,790.0,2264.696489,36.0,24.0,154.0,,0,1996.25507341338,False,local_research_only,272.39137408333335,158,,,,pressure,1756.2550734133802,,,,,,,,,,0.10797090799999864,0.10797687699960079,a2dab35c39db08297a385a47e94431743728e5d544e0125ee4d9b991130bb1d7,exited,12,8481.2753670669,True,1.6374142425651461,1.6374142425651463,,,,1.8611741190003255,272.39137408333335,holdout_pressure/trace-010-B.json.gz,3268.696489,0.1079535129974829
pressure,q3-r2-correlated-12-970010,q3-r2-correlated-12-970010,CR,holdout_pressure,primary,1,141,True,True,,True,1996.2550734133802,1.0,12,True,4425.599999999999,0.0,True,635.0,2398.832146,36.0,24.0,121.0,,0,1996.25507341338,False,local_research_only,267.90267883333337,127,,,,pressure,1756.2550734133802,0,424,0,5,7,12,18.519628645997727,0,0,18.57258145999998,18.573716047001653,a2dab35c39db08297a385a47e94431743728e5d544e0125ee4d9b991130bb1d7,exited,12,8481.2753670669,True,1.6104315469580675,1.6104315469580677,,,,1.8305041190581695,267.90267883333337,holdout_pressure/trace-010-CR.json.gz,3214.832146,18.5736901939963
pressure,q3-r2-correlated_boundary-14-970011,q3-r2-correlated_boundary-14-970011,B,holdout_pressure,primary,1,167,True,True,,True,2314.6992307818095,1.0,14,True,4425.599999999999,0.0,True,755.0,3607.721634,42.0,28.0,135.0,,0,2314.699230781809,False,local_research_only,326.26583100000005,151,,,,pressure,2134.6992307818095,,,,,,,,,,0.10177121300000636,0.10177246099920012,d2a78d4a8b0aea1962ab5db444499f342b3027f7977214fb59890454730b4c37,exited,14,10323.496153909047,True,1.9733542800103723,1.9733542800103727,,,,2.1397495104390534,326.26583100000005,holdout_pressure/trace-011-B.json.gz,4567.721634,0.10174992500105873
pressure,q3-r2-correlated_boundary-14-970011,q3-r2-correlated_boundary-14-970011,CR,holdout_pressure,primary,1,176,True,True,,True,2314.6992307818095,1.0,14,True,4425.599999999999,0.0,True,800.0,3615.992087,42.0,28.0,141.0,,0,2314.699230781809,False,local_research_only,330.49943478571424,160,,,,pressure,2134.6992307818095,0,368,0,10,2,12,15.002430701002595,0,0,15.09580763599999,15.097707267996157,d2a78d4a8b0aea1962ab5db444499f342b3027f7977214fb59890454730b4c37,exited,14,10323.496153909047,True,1.9989603942786094,1.9989603942786096,,,,2.1675147581823113,330.49943478571424,holdout_pressure/trace-011-CR.json.gz,4626.992087,15.097681661005481
pressure,q3-r2-cluster-14-970012,q3-r2-cluster-14-970012,B,holdout_pressure,primary,1,105,True,True,,True,422.57086047810196,1.0,14,True,4425.599999999999,1492.5146959999997,True,445.0,1461.17415,42.0,28.0,88.0,,0,1135.1199999999997,False,local_research_only,147.4410107142857,89,,,,pressure,242.57086047810193,,,,,,,,,,0.06711608099999467,0.0671294640051201,c02ed90c6538a1e3f782db1cb2a132851e7d826bbf2f21ece2407cbd4bccfb86,exited,14,862.8543023905097,True,4.884800025407732,1.8184633783212352,,,,8.509571784226502,147.4410107142857,holdout_pressure/trace-012-B.json.gz,2064.17415,0.06710845499765128
pressure,q3-r2-cluster-14-970012,q3-r2-cluster-14-970012,CR,holdout_pressure,primary,1,119,True,True,,True,422.57086047810196,1.0,14,True,4425.599999999999,1244.410344,True,515.0,1467.814457,42.0,28.0,101.0,,0,1135.1199999999997,False,local_research_only,153.84388978571428,103,,,,pressure,242.57086047810193,0,392,0,7,5,12,24.318806130992016,0,0,24.402815250000003,24.404074430000037,c02ed90c6538a1e3f782db1cb2a132851e7d826bbf2f21ece2407cbd4bccfb86,exited,14,862.8543023905097,True,5.096930854539159,1.8974332731341186,,,,8.879114551331014,153.84388978571428,holdout_pressure/trace-012-CR.json.gz,2153.814457,24.40403862799576
pressure,q3-r2-cluster-16-970013,q3-r2-cluster-16-970013,B,holdout_pressure,primary,1,76,True,True,,True,252.57086047810193,1.0,16,True,0.0,0.0,True,290.0,184.736769,48.0,32.0,57.0,,0,252.5708604781019,False,local_research_only,38.2335480625,58,,,,pressure,252.57086047810193,,,,,,,,,,0.05679361500000368,0.056800619000568986,41fd60fee2dd924c7738ff2404288fc26fb2621b63bce44e5cc6e88a62db1f9d,exited,16,862.8543023905097,True,2.4220401666368714,2.4220401666368714,,,,2.4220401666368714,38.2335480625,holdout_pressure/trace-013-B.json.gz,611.736769,0.0567804989987053
pressure,q3-r2-cluster-16-970013,q3-r2-cluster-16-970013,CR,holdout_pressure,primary,1,76,True,True,,True,252.57086047810193,1.0,16,True,0.0,0.0,True,290.0,184.736769,48.0,32.0,57.0,,0,252.5708604781019,False,local_research_only,38.2335480625,58,,,,pressure,252.57086047810193,0,220,0,7,0,7,11.492042982004932,0,0,11.547801428000014,11.548373413999798,41fd60fee2dd924c7738ff2404288fc26fb2621b63bce44e5cc6e88a62db1f9d,exited,16,862.8543023905097,True,2.4220401666368714,2.4220401666368714,,,,2.4220401666368714,38.2335480625,holdout_pressure/trace-013-CR.json.gz,611.736769,11.548342061010771
pressure,q3-r2-hiddenfar-14-970014,q3-r2-hiddenfar-14-970014,B,holdout_pressure,primary,1,106,True,True,,True,927.922300101216,1.0,14,True,4425.599999999999,601.3199279999999,True,450.0,1623.474436,42.0,28.0,87.0,,0,1135.1199999999997,False,local_research_only,159.31960257142856,90,,,,pressure,747.922300101216,,,,,,,,,,0.06966477599999621,0.06966592000389937,96d0c661c3ea695cd462e1fa4f31efee9276cda4d9ca276777e19ffc1e63b60b,exited,14,3389.61150050608,True,2.4037297473686148,1.9649679646204812,,,,2.9822274796434747,159.31960257142856,holdout_pressure/trace-014-B.json.gz,2230.474436,0.06964647199492902
pressure,q3-r2-hiddenfar-14-970014,q3-r2-hiddenfar-14-970014,CR,holdout_pressure,primary,1,106,True,True,,True,927.922300101216,1.0,14,True,4425.599999999999,582.8387649999997,True,450.0,1560.760446,42.0,28.0,87.0,,0,1135.1199999999997,False,local_research_only,154.84003185714283,90,,,,pressure,747.922300101216,0,296,0,10,1,11,14.168595637966064,1,0,14.213996288999994,14.214838195999619,96d0c661c3ea695cd462e1fa4f31efee9276cda4d9ca276777e19ffc1e63b60b,exited,14,3389.61150050608,True,2.336144357952756,1.9097191891606178,,,,2.898376536849667,154.84003185714283,holdout_pressure/trace-014-CR.json.gz,2167.760446,14.21481111299363
pressure,q3-r2-hiddenfar-16-970015,q3-r2-hiddenfar-16-970015,B,holdout_pressure,primary,1,90,True,True,,True,757.922300101216,1.0,16,True,0.0,0.0,True,360.0,1093.776376,48.0,32.0,68.0,,0,757.9223001012159,False,local_research_only,100.1110235,72,,,,pressure,757.922300101216,,,,,,,,,,0.06388965299998972,0.06389965199923608,3432b6fae9e4d2181e53d8e2532044829a517ea7172eb423dc7f3473488b0aad,exited,16,3389.61150050608,True,2.113378080821863,2.1133780808218634,,,,2.113378080821863,100.1110235,holdout_pressure/trace-015-B.json.gz,1601.776376,0.06387626900686882
pressure,q3-r2-hiddenfar-16-970015,q3-r2-hiddenfar-16-970015,CR,holdout_pressure,primary,1,92,True,True,,True,757.922300101216,1.0,16,True,0.0,0.0,True,370.0,1061.401273,48.0,32.0,69.0,,0,757.9223001012159,False,local_research_only,98.7750795625,74,,,,pressure,757.922300101216,0,284,0,8,1,9,14.602746942982776,0,0,14.664433959999997,14.665595562997623,3432b6fae9e4d2181e53d8e2532044829a517ea7172eb423dc7f3473488b0aad,exited,16,3389.61150050608,True,2.0851758455833096,2.0851758455833096,,,,2.0851758455833096,98.7750795625,holdout_pressure/trace-015-CR.json.gz,1580.401273,14.66556970300735
pressure,q3-r2-collinear-14-970016,q3-r2-collinear-14-970016,B,holdout_pressure,primary,1,101,True,True,,True,426.00000383663325,1.0,14,True,4425.599999999999,1366.3406939999998,True,425.0,1556.557446,42.0,28.0,84.0,,0,1135.1199999999997,False,local_research_only,152.53981757142856,85,,,,pressure,246.00000383663323,,,,,,,,,,0.04873047299997779,0.04873123099969234,d67089355168fd8ca6f9998fc6586136d03fe93e383da9ce9399a62c521f0183,exited,14,880.0000191831662,True,5.013045602738925,1.8813495013743045,,,,8.681127693876816,152.53981757142856,holdout_pressure/trace-016-B.json.gz,2135.557446,0.04870591299550142
pressure,q3-r2-collinear-14-970016,q3-r2-collinear-14-970016,CR,holdout_pressure,primary,1,101,True,True,,True,426.00000383663325,1.0,14,True,4425.599999999999,1300.2668259999998,True,425.0,1490.483578,42.0,28.0,84.0,,0,1135.1199999999997,False,local_research_only,147.82025557142856,85,,,,pressure,246.00000383663323,0,280,0,10,0,10,10.882630266001797,1,0,10.92056048400002,10.921214100002544,d67089355168fd8ca6f9998fc6586136d03fe93e383da9ce9399a62c521f0183,exited,14,880.0000191831662,True,4.857942627609989,1.8231407939248718,,,,8.412534738716218,147.82025557142856,holdout_pressure/trace-016-CR.json.gz,2069.483578,10.921190284003387
pressure,q3-r2-collinear-16-970017,q3-r2-collinear-16-970017,B,holdout_pressure,primary,1,75,True,True,,True,256.00000383663325,1.0,16,True,0.0,0.0,True,285.0,384.524994,48.0,32.0,56.0,,0,256.0000038366332,False,local_research_only,50.345312125,57,,,,pressure,256.00000383663325,,,,,,,,,,0.03896888999997827,0.03897043100732844,505c493b4ea05c4ec36bc33ef2b43e1a2a225dd4eb088483efe61d29a7159054,exited,16,880.0000191831663,True,3.146581960655152,3.146581960655153,,,,3.146581960655152,50.345312125,holdout_pressure/trace-017-B.json.gz,805.524994,0.038948925997829065
pressure,q3-r2-collinear-16-970017,q3-r2-collinear-16-970017,CR,holdout_pressure,primary,1,75,True,True,,True,256.00000383663325,1.0,16,True,0.0,0.0,True,285.0,384.524994,48.0,32.0,56.0,,0,256.0000038366332,False,local_research_only,50.345312125,57,,,,pressure,256.00000383663325,0,228,0,7,0,7,9.718770189007046,0,0,9.757237757999974,9.757777991995681,505c493b4ea05c4ec36bc33ef2b43e1a2a225dd4eb088483efe61d29a7159054,exited,16,880.0000191831663,True,3.146581960655152,3.146581960655153,,,,3.146581960655152,50.345312125,holdout_pressure/trace-017-CR.json.gz,805.524994,9.757750194010441
pressure,q3-r2-boundary_min-10-970018,q3-r2-boundary_min-10-970018,B,holdout_pressure,primary,1,160,True,True,,True,1889.0595804037844,1.0,10,True,4425.599999999999,430.6624590000001,True,740.0,2903.422868,30.0,20.0,135.0,,0,1889.0595804037841,False,local_research_only,382.8422868,148,,,,pressure,1589.0595804037844,,,,,,,,,,0.07831448100000671,0.07832051499281079,cef0fd4d13cae15906a7c10d0fedd74765283625960133c2ecb73eb94eb34dc8,exited,10,7695.297902018921,True,2.0266289680401077,2.0266289680401077,,,,2.409238089755695,382.8422868,holdout_pressure/trace-018-B.json.gz,3828.422868,0.07830130000365898
pressure,q3-r2-boundary_min-10-970018,q3-r2-boundary_min-10-970018,CR,holdout_pressure,primary,1,156,True,True,,True,1889.0595804037844,1.0,10,True,4425.599999999999,424.4590229999999,True,720.0,2971.23945,30.0,20.0,129.0,,0,1889.0595804037841,False,local_research_only,387.023945,144,,,,pressure,1589.0595804037844,0,364,0,9,3,12,13.717871550048585,0,0,13.781239193999966,13.782075713999802,cef0fd4d13cae15906a7c10d0fedd74765283625960133c2ecb73eb94eb34dc8,exited,10,7695.297902018921,True,2.0487651581496125,2.048765158149613,,,,2.435553391281,387.023945,holdout_pressure/trace-018-CR.json.gz,3870.23945,13.78204991700477
pressure,q3-r2-boundary_min-16-970019,q3-r2-boundary_min-16-970019,B,holdout_pressure,primary,1,174,True,True,,True,2410.142835380032,1.0,16,True,0.0,0.0,True,780.0,3531.515364,48.0,32.0,142.0,,0,2410.1428353800316,False,local_research_only,283.34471025,156,,,,pressure,2410.142835380032,,,,,,,,,,0.08199580299998388,0.08199756599788088,4b3a6d8dc18a5e83f9d84cf6244ebfec57fc3e89e677887135990085a00c8241,exited,16,11650.714176900161,True,1.8810152234339066,1.8810152234339068,,,,1.8810152234339066,283.34471025,holdout_pressure/trace-019-B.json.gz,4533.515364,0.08197485200071242
pressure,q3-r2-boundary_min-16-970019,q3-r2-boundary_min-16-970019,CR,holdout_pressure,primary,1,182,True,True,,True,2410.142835380032,1.0,16,True,0.0,0.0,True,820.0,3502.131474,48.0,32.0,149.0,,0,2410.1428353800316,False,local_research_only,284.445717125,164,,,,pressure,2410.142835380032,0,376,0,10,2,12,16.042810954037122,0,0,16.143913054999985,16.144800345995463,4b3a6d8dc18a5e83f9d84cf6244ebfec57fc3e89e677887135990085a00c8241,exited,16,11650.714176900161,True,1.8883243794479825,1.8883243794479827,,,,1.8883243794479825,284.445717125,holdout_pressure/trace-019-CR.json.gz,4551.131474,16.14476779900724
pressure,q3-r2-minimum_radius-10-970020,q3-r2-minimum_radius-10-970020,B,holdout_pressure,primary,1,144,True,True,,True,1719.416555350639,1.0,10,True,4425.599999999999,0.0,True,660.0,2650.500188,30.0,20.0,118.0,,0,1719.4165553506389,False,local_research_only,347.8500188,132,,,,pressure,1419.416555350639,,,,,,,,,,0.10219112900000482,0.10219988100288901,0aded08f1bff9e7f1eedd0553f2fcb751081acc9b1e5022cb4b33ada202c96c0,exited,10,6847.0827767531955,True,2.0230700798915087,2.0230700798915087,,,,2.4506549362746473,347.8500188,holdout_pressure/trace-020-B.json.gz,3478.500188,0.10217643299256451
pressure,q3-r2-minimum_radius-10-970020,q3-r2-minimum_radius-10-970020,CR,holdout_pressure,primary,1,163,True,True,,True,1719.416555350639,1.0,10,True,4425.599999999999,0.0,True,755.0,2558.525956,30.0,20.0,146.0,,0,1719.4165553506389,False,local_research_only,350.9525956,151,,,,pressure,1419.416555350639,0,336,0,5,5,10,14.254330935043981,0,0,14.305615895000017,14.306347132005612,0aded08f1bff9e7f1eedd0553f2fcb751081acc9b1e5022cb4b33ada202c96c0,exited,10,6847.0827767531955,True,2.0411144379636994,2.0411144379637,,,,2.4725130496544336,350.9525956,holdout_pressure/trace-020-CR.json.gz,3509.525956,14.306322089003515
pressure,q3-r2-minimum_radius-16-970021,q3-r2-minimum_radius-16-970021,B,holdout_pressure,primary,1,128,True,True,,True,1816.2556734496873,1.0,16,True,0.0,0.0,True,550.0,2787.638011,48.0,32.0,100.0,,0,1816.255673449687,False,local_research_only,219.8523756875,110,,,,pressure,1816.2556734496873,,,,,,,,,,0.09385198699999364,0.09386141800496262,5986fb7f19a559e6311af5264f06326d05f7e77b6e6e236fd04f272712b66121,exited,16,8681.278367248437,True,1.9367526623158782,1.9367526623158784,,,,1.9367526623158782,219.8523756875,holdout_pressure/trace-021-B.json.gz,3517.638011,0.09383014500781428
pressure,q3-r2-minimum_radius-16-970021,q3-r2-minimum_radius-16-970021,CR,holdout_pressure,primary,1,178,True,True,,True,1816.2556734496873,1.0,16,True,0.0,0.0,True,800.0,2903.603809,48.0,32.0,153.0,,0,1816.255673449687,False,local_research_only,246.0377380625,160,,,,pressure,1816.2556734496873,0,424,0,5,7,12,23.84304535292904,0,0,23.923100410000018,23.924621319005382,5986fb7f19a559e6311af5264f06326d05f7e77b6e6e236fd04f272712b66121,exited,16,8681.278367248437,True,2.1674282242009744,2.1674282242009744,,,,2.1674282242009744,246.0377380625,holdout_pressure/trace-021-CR.json.gz,3936.603809,23.924592434006627
pressure,q3-r2-correlated-12-970022,q3-r2-correlated-12-970022,B,holdout_pressure,primary,1,171,True,True,,True,1964.1857351774338,1.0,12,True,4425.599999999999,212.6719009999997,True,785.0,2413.768851,36.0,24.0,153.0,,0,1964.1857351774336,False,local_research_only,284.31407091666665,157,,,,pressure,1724.1857351774338,,,,,,,,,,0.11631223400002,0.11631415899319109,be1eeddb871e539b705290c10a438d21b935e35ec84b1ceaa1d72c2481b77aa6,exited,12,8320.92867588717,True,1.7369889160160301,1.7369889160160303,,,,1.9787710693760605,284.31407091666665,holdout_pressure/trace-022-B.json.gz,3411.768851,0.11629069999617059
pressure,q3-r2-correlated-12-970022,q3-r2-correlated-12-970022,CR,holdout_pressure,primary,1,159,True,True,,True,1964.1857351774338,1.0,12,True,4425.599999999999,212.33730400000013,True,725.0,2377.009461,36.0,24.0,140.0,,0,1964.1857351774336,False,local_research_only,275.1674550833333,145,,,,pressure,1724.1857351774338,0,424,0,5,7,12,23.58460917098273,0,0,23.665904582000053,23.667338553990703,be1eeddb871e539b705290c10a438d21b935e35ec84b1ceaa1d72c2481b77aa6,exited,12,8320.92867588717,True,1.681108564156085,1.6811085641560852,,,,1.9151123882023038,275.1674550833333,holdout_pressure/trace-022-CR.json.gz,3302.009461,23.66731224299292
pressure,q3-r2-correlated_boundary-14-970023,q3-r2-correlated_boundary-14-970023,B,holdout_pressure,primary,1,177,True,True,,True,2314.6288869411655,1.0,14,True,4425.599999999999,0.0,True,805.0,3407.528815,42.0,28.0,146.0,,0,2314.628886941165,False,local_research_only,316.32348678571424,161,,,,pressure,2134.6288869411655,,,,,,,,,,0.11329011800000899,0.11329183500492945,accd9c47dc7835e22a6fcb846384a068d6b5dd0b5c32b9b00ae844387eb090e9,exited,14,10323.144434705828,True,1.9132781241887984,1.9132781241887988,,,,2.074612988745738,316.32348678571424,holdout_pressure/trace-023-B.json.gz,4428.528815,0.11327117199834902
pressure,q3-r2-correlated_boundary-14-970023,q3-r2-correlated_boundary-14-970023,CR,holdout_pressure,primary,1,170,True,True,,True,2314.6288869411655,1.0,14,True,4425.599999999999,0.0,True,770.0,3371.949863,42.0,28.0,138.0,,0,2314.628886941165,False,local_research_only,310.71070449999996,154,,,,pressure,2134.6288869411655,0,372,0,9,3,12,13.952695651969407,0,0,14.052878720000024,14.053732813001261,accd9c47dc7835e22a6fcb846384a068d6b5dd0b5c32b9b00ae844387eb090e9,exited,14,10323.144434705828,True,1.8793292901258816,1.8793292901258818,,,,2.0378014602965937,310.71070449999996,holdout_pressure/trace-023-CR.json.gz,4349.949863,14.053706941995188
pressure,q3-r2-cluster-14-970024,q3-r2-cluster-14-970024,B,holdout_pressure,primary,1,114,True,True,,True,423.43580044886767,1.0,14,True,4425.599999999999,957.2749230000002,True,490.0,1450.236421,42.0,28.0,97.0,,0,1135.1199999999997,False,local_research_only,150.51688721428573,98,,,,pressure,243.43580044886764,,,,,,,,,,0.08754253299997572,0.08754396499716677,b926dcdd06a23486e08f8b9757363590a9e794b251528409c74c6862b98d83d3,exited,14,867.1790022443382,True,4.97651927108242,1.8563996943054484,,,,8.656230583646687,150.51688721428573,holdout_pressure/trace-024-B.json.gz,2107.236421,0.08752309599367436
pressure,q3-r2-cluster-14-970024,q3-r2-cluster-14-970024,CR,holdout_pressure,primary,1,108,True,True,,True,423.43580044886767,1.0,14,True,4425.599999999999,1428.550863,True,460.0,1399.29159,42.0,28.0,90.0,,0,1135.1199999999997,False,local_research_only,144.23511357142857,92,,,,pressure,243.43580044886764,0,312,0,10,1,11,18.860528310004156,1,0,18.92692108800003,18.928743821001262,b926dcdd06a23486e08f8b9757363590a9e794b251528409c74c6862b98d83d3,exited,14,867.1790022443382,True,4.768825847647809,1.7789234530269933,,,,8.294965597815352,144.23511357142857,holdout_pressure/trace-024-CR.json.gz,2019.29159,18.928717172995675
pressure,q3-r2-cluster-16-970025,q3-r2-cluster-16-970025,B,holdout_pressure,primary,1,75,True,True,,True,253.43580044886764,1.0,16,True,0.0,0.0,True,285.0,184.635244,48.0,32.0,56.0,,0,253.4358004488676,False,local_research_only,37.85220275,57,,,,pressure,253.43580044886764,,,,,,,,,,0.05414033800002471,0.054166770991287194,e1fc0599d74748b9ee4d4c79943f8658322605ebf22f928268eef5ec91655b05,exited,16,867.1790022443382,True,2.3896988623049364,2.389698862304937,,,,2.3896988623049364,37.85220275,holdout_pressure/trace-025-B.json.gz,605.635244,0.05414777700207196
pressure,q3-r2-cluster-16-970025,q3-r2-cluster-16-970025,CR,holdout_pressure,primary,1,77,True,True,,True,253.43580044886764,1.0,16,True,0.0,0.0,True,295.0,235.581492,48.0,32.0,56.0,,0,253.4358004488676,False,local_research_only,41.66134325,59,,,,pressure,253.43580044886764,0,236,0,6,1,7,11.895850294968113,0,0,11.965411833000019,11.965779784004553,e1fc0599d74748b9ee4d4c79943f8658322605ebf22f928268eef5ec91655b05,exited,16,867.1790022443382,True,2.6301788887734006,2.630178888773401,,,,2.6301788887734006,41.66134325,holdout_pressure/trace-025-CR.json.gz,666.581492,11.965748697999516
pressure,q3-r2-hiddenfar-14-970026,q3-r2-hiddenfar-14-970026,B,holdout_pressure,primary,1,111,True,True,,True,926.9830062050198,1.0,14,True,4425.599999999999,784.937467,True,475.0,1583.212681,42.0,28.0,92.0,,0,1135.1199999999997,False,local_research_only,158.58662007142857,95,,,,pressure,746.9830062050198,,,,,,,,,,0.0791582599999856,0.07915980700636283,f15ea9da07b8c1dbf1009c24218d2f81a3060028523d26a71bb140439dc4c582,exited,14,3384.915031025099,True,2.395095342782323,1.955927726583974,,,,2.972239880368352,158.58662007142857,holdout_pressure/trace-026-B.json.gz,2220.212681,0.07914030899701174
pressure,q3-r2-hiddenfar-14-970026,q3-r2-hiddenfar-14-970026,CR,holdout_pressure,primary,1,113,True,True,,True,926.9830062050198,1.0,14,True,4425.599999999999,757.718392,True,485.0,1538.62961,42.0,28.0,94.0,,0,1135.1199999999997,False,local_research_only,156.25925785714284,97,,,,pressure,746.9830062050198,0,336,0,8,3,11,17.481991395980003,0,0,17.54073577700001,17.541462335007964,f15ea9da07b8c1dbf1009c24218d2f81a3060028523d26a71bb140439dc4c582,exited,14,3384.915031025099,True,2.359945754513826,1.9272232098808941,,,,2.9286203191074667,156.25925785714284,holdout_pressure/trace-026-CR.json.gz,2187.62961,17.541434243990807
pressure,q3-r2-hiddenfar-16-970027,q3-r2-hiddenfar-16-970027,B,holdout_pressure,primary,1,86,True,True,,True,756.9830062050198,1.0,16,True,0.0,0.0,True,340.0,903.758066,48.0,32.0,64.0,,0,756.9830062050197,False,local_research_only,86.734879125,68,,,,pressure,756.9830062050198,,,,,,,,,,0.09467231100001072,0.09467782700085081,789dcff162cdd66a985faaefea9acc9025bb067f91fa5fcf631f58d51e5657f4,exited,16,3384.915031025099,True,1.8332750598421523,1.8332750598421526,,,,1.8332750598421523,86.734879125,holdout_pressure/trace-027-B.json.gz,1387.758066,0.0946577259892365
pressure,q3-r2-hiddenfar-16-970027,q3-r2-hiddenfar-16-970027,CR,holdout_pressure,primary,1,100,True,True,,True,756.9830062050198,1.0,16,True,0.0,0.0,True,410.0,1346.684563,48.0,32.0,78.0,,0,756.9830062050197,False,local_research_only,119.6677851875,82,,,,pressure,756.9830062050198,0,328,0,7,3,10,17.253441434979322,0,0,17.31230819000001,17.313251696003135,789dcff162cdd66a985faaefea9acc9025bb067f91fa5fcf631f58d51e5657f4,exited,16,3384.915031025099,True,2.529362676975909,2.5293626769759094,,,,2.529362676975909,119.6677851875,holdout_pressure/trace-027-CR.json.gz,1914.684563,17.313224965997506
pressure,q3-r2-collinear-14-970028,q3-r2-collinear-14-970028,B,holdout_pressure,primary,1,107,True,True,,True,425.9999998659062,1.0,14,True,4425.599999999999,1318.421448,True,455.0,1654.419737,42.0,28.0,90.0,,0,1135.1199999999997,False,local_research_only,162.1014097857143,91,,,,pressure,245.9999998659062,,,,,,,,,,0.05686951199999157,0.056877084003644995,a01808d3a3c883708630239f3fc2bd199e4653d87194fe165e22be2fd274c8a3,exited,14,879.999999329531,True,5.3272763796111615,1.99927737772218,,,,9.22528348876851,162.1014097857143,holdout_pressure/trace-028-B.json.gz,2269.419737,0.05685572698712349
pressure,q3-r2-collinear-14-970028,q3-r2-collinear-14-970028,CR,holdout_pressure,primary,1,106,True,True,,True,425.9999998659062,1.0,14,True,4425.599999999999,1252.733941,True,450.0,1551.903348,42.0,28.0,89.0,,0,1135.1199999999997,False,local_research_only,154.35023914285713,90,,,,pressure,245.9999998659062,0,304,0,11,0,11,13.238292322988855,1,0,13.280727051000042,13.281359244996565,a01808d3a3c883708630239f3fc2bd199e4653d87194fe165e22be2fd274c8a3,exited,14,879.999999329531,True,5.07254307201924,1.9036783318063293,,,,8.784159956007729,154.35023914285713,holdout_pressure/trace-028-CR.json.gz,2160.903348,13.281334881990915
pressure,q3-r2-collinear-16-970029,q3-r2-collinear-16-970029,B,holdout_pressure,primary,1,77,True,True,,True,255.9999998659062,1.0,16,True,0.0,0.0,True,295.0,494.523567,48.0,32.0,58.0,,0,255.99999986590618,False,local_research_only,57.9702229375,59,,,,pressure,255.9999998659062,,,,,,,,,,0.036809623999999985,0.036811243000556715,ea0242219c91f351b538dca786bdda55937e6bc91f20f4c48bdf9c804649438d,exited,16,879.999999329531,True,3.623138935491564,3.6231389354915646,,,,3.623138935491564,57.9702229375,holdout_pressure/trace-029-B.json.gz,927.523567,0.03679033099615481
pressure,q3-r2-collinear-16-970029,q3-r2-collinear-16-970029,CR,holdout_pressure,primary,1,77,True,True,,True,255.9999998659062,1.0,16,True,0.0,0.0,True,295.0,463.870154,48.0,32.0,57.0,,0,255.99999986590618,False,local_research_only,55.991884625,59,,,,pressure,255.9999998659062,0,228,0,6,1,7,10.67629092898278,0,0,10.713857598000004,10.714211322992924,ea0242219c91f351b538dca786bdda55937e6bc91f20f4c48bdf9c804649438d,exited,16,879.999999329531,True,3.4994927908955478,3.499492790895548,,,,3.4994927908955478,55.991884625,holdout_pressure/trace-029-CR.json.gz,895.870154,10.714182811003411
pressure,q3-r2-boundary_min-10-970030,q3-r2-boundary_min-10-970030,B,holdout_pressure,primary,1,170,True,True,,True,1889.3789683217606,1.0,10,True,4425.599999999999,0.0,True,790.0,2858.245788,30.0,20.0,141.0,,0,1889.3789683217603,False,local_research_only,383.9245788,158,,,,pressure,1589.3789683217606,,,,,,,,,,0.06548909800000047,0.0655001139966771,cf239034099ba4791decc9edb82258db3ca33c73f9336d197fc2bcf451ec8920,exited,10,7696.894841608802,True,2.03201467380057,2.0320146738005707,,,,2.415563477635478,383.9245788,holdout_pressure/trace-030-B.json.gz,3839.245788,0.06547851800860371
pressure,q3-r2-boundary_min-10-970030,q3-r2-boundary_min-10-970030,CR,holdout_pressure,primary,1,168,True,True,,True,1889.3789683217606,1.0,10,True,4425.599999999999,0.0,True,780.0,2806.324873,30.0,20.0,141.0,,0,1889.3789683217603,False,local_research_only,377.7324873,156,,,,pressure,1589.3789683217606,0,344,0,10,2,12,16.94688068004325,0,0,17.005365083000015,17.006693453004118,cf239034099ba4791decc9edb82258db3ca33c73f9336d197fc2bcf451ec8920,exited,10,7696.894841608802,True,1.9992415160391068,1.999241516039107,,,,2.3766042890252357,377.7324873,holdout_pressure/trace-030-CR.json.gz,3777.324873,17.006666114000836
pressure,q3-r2-boundary_min-16-970031,q3-r2-boundary_min-16-970031,B,holdout_pressure,primary,1,179,True,True,,True,2409.0189401414927,1.0,16,True,0.0,0.0,True,805.0,3723.581304,48.0,32.0,147.0,,0,2409.0189401414923,False,local_research_only,297.2238315,161,,,,pressure,2409.0189401414927,,,,,,,,,,0.09035643900000423,0.09035703499102965,7fad4392351266700af53f85fedd1f720f161ae6966580c1e4d539ca2a185c99,exited,16,11645.094700707465,True,1.9740738541975444,1.9740738541975449,,,,1.9740738541975444,297.2238315,holdout_pressure/trace-031-B.json.gz,4755.581304,0.0903334260074189
pressure,q3-r2-boundary_min-16-970031,q3-r2-boundary_min-16-970031,CR,holdout_pressure,primary,1,174,True,True,,True,2409.0189401414927,1.0,16,True,0.0,0.0,True,780.0,3711.466297,48.0,32.0,141.0,,0,2409.0189401414923,False,local_research_only,294.5291435625,156,,,,pressure,2409.0189401414927,0,376,0,10,2,12,15.384712065017084,0,0,15.47153093899999,15.472211354004685,7fad4392351266700af53f85fedd1f720f161ae6966580c1e4d539ca2a185c99,exited,16,11645.094700707465,True,1.9561765241759432,1.9561765241759437,,,,1.9561765241759432,294.5291435625,holdout_pressure/trace-031-CR.json.gz,4712.466297,15.472184860002017
reconstruction,validation2-000-radius-low,validation2-000,B,validation,primary,1,144,True,True,,True,2035.9840068471221,1.0,14,True,4425.599999999999,0.0,True,640.0,2795.595275,42.0,28.0,121.0,,0,2035.984006847122,False,local_research_only,259.04251964285714,128,2028.5874049467245,2028.5874049467243,1848.5874049467245,reconstruction,1855.9840068471221,,,,,,,,,,0.12523999399999997,0.12524480299907736,7743e9746dfad0824ac69e5dcd2a65482fbd0c4144287ec2e6a0198814d96e9a,exited,14,8929.92003423561,True,1.7812493923348947,1.7812493923348947,1.7877441544576893,1.7877441544576895,1.9618197469567402,1.9540013607987536,259.04251964285714,validation/trace-000-B.json.gz,3626.595275,0.12522290500055533
reconstruction,validation2-000-radius-low,validation2-000,CR,validation,primary,1,144,True,True,,True,2035.9840068471221,1.0,14,True,4425.599999999999,0.0,True,640.0,2764.502865,42.0,28.0,119.0,,0,2035.984006847122,False,local_research_only,256.67877607142856,128,2028.5874049467245,2028.5874049467243,1848.5874049467245,reconstruction,1855.9840068471221,0,396,0,9,2,11,19.005299857934006,0,0,19.092823294000002,19.094564560989966,7743e9746dfad0824ac69e5dcd2a65482fbd0c4144287ec2e6a0198814d96e9a,exited,14,8929.92003423561,True,1.7649956251693821,1.7649956251693824,1.771431123074716,1.7714311230747162,1.9439182888425897,1.9361712448721535,256.67877607142856,validation/trace-000-CR.json.gz,3593.502865,19.093020721003995
reconstruction,validation2-000-radius-high,validation2-000,B,validation,primary,1,134,True,True,,True,2035.9840068471221,1.0,14,True,4425.599999999999,235.1303499999999,True,590.0,2816.132955,42.0,28.0,110.0,,0,2035.984006847122,False,local_research_only,256.1523539285714,118,2028.5874049467245,2028.5874049467243,1848.5874049467245,reconstruction,1855.9840068471221,,,,,,,,,,0.11794907299999835,0.11795159899338614,91070a32f4abd2e53a00024370ccf51d0a2202fe8e9c1e9bdf9fcfce0601a5bb,exited,14,8929.92003423561,True,1.7613757981102232,1.7613757981102234,1.7677980974619036,1.7677980974619039,1.9399315095427423,1.9322003539739503,256.1523539285714,validation/trace-001-B.json.gz,3586.132955,0.11792755300120916
reconstruction,validation2-000-radius-high,validation2-000,CR,validation,primary,1,128,True,True,,True,2035.9840068471221,1.0,14,True,4425.599999999999,220.8949950000001,True,560.0,2827.150004,42.0,28.0,104.0,,0,2035.984006847122,False,local_research_only,254.36785742857143,112,2028.5874049467245,2028.5874049467243,1848.5874049467245,reconstruction,1855.9840068471221,0,412,0,9,3,12,16.49668262602063,0,0,16.585108351,16.586658248997992,91070a32f4abd2e53a00024370ccf51d0a2202fe8e9c1e9bdf9fcfce0601a5bb,exited,14,8929.92003423561,True,1.7491050971047237,1.749105097104724,1.7554826552290086,1.7554826552290088,1.9264168924177165,1.9187395962800087,254.36785742857143,validation/trace-001-CR.json.gz,3561.150004,16.586629994999385
reconstruction,validation2-001-radius-low,validation2-001,B,validation,primary,1,198,True,True,,True,1969.9228554945742,1.0,14,True,4425.599999999999,0.0,True,910.0,2686.268746,42.0,28.0,176.0,,0,1969.922855494574,False,local_research_only,274.4477675714286,182,1957.6386137071615,1957.6386137071613,1777.6386137071615,reconstruction,1789.9228554945742,,,,,,,,,,0.11933680199999941,0.11934375599958003,7a46a02d09675331697a30b16f21a58c196626ffaa87cf4fa6403a8294b72a8e,exited,14,8599.61427747287,True,1.9504666059805422,1.9504666059805424,1.9627058432015358,1.962705843201536,2.1614453671138327,2.146611366073842,274.4477675714286,validation/trace-002-B.json.gz,3842.268746,0.11932357899786439
reconstruction,validation2-001-radius-low,validation2-001,CR,validation,primary,1,172,True,True,,True,1969.9228554945742,1.0,14,True,4425.599999999999,0.0,True,780.0,2637.827687,42.0,28.0,146.0,,0,1969.922855494574,False,local_research_only,259.5591205,156,1957.6386137071615,1957.6386137071613,1777.6386137071615,reconstruction,1789.9228554945742,0,424,0,6,6,12,22.043142646027263,0,0,22.127137210999997,22.128456923994236,7a46a02d09675331697a30b16f21a58c196626ffaa87cf4fa6403a8294b72a8e,exited,14,8599.61427747287,True,1.8446548182658054,1.8446548182658056,1.8562300833036058,1.856230083303606,2.0441880925515363,2.030158828267454,259.5591205,validation/trace-002-CR.json.gz,3633.827687,22.128424476992222
reconstruction,validation2-001-radius-high,validation2-001,B,validation,primary,1,195,True,True,,True,1969.9228554945742,1.0,14,True,4425.599999999999,0.0,True,895.0,2687.060781,42.0,28.0,173.0,,0,1969.922855494574,False,local_research_only,273.21862721428573,179,1957.6386137071615,1957.6386137071613,1777.6386137071615,reconstruction,1789.9228554945742,,,,,,,,,,0.0989126530000064,0.0989133219991345,e4c737dae21f1c8238554360b7c7d3eeb9cfbbb8f61089a8eaf6a0b3ddb422fb,exited,14,8599.61427747287,True,1.941731256293115,1.9417312562931153,1.9539156789293808,1.953915678929381,2.1517651290343314,2.1369975634749334,273.21862721428573,validation/trace-003-B.json.gz,3825.060781,0.09889414398639929
reconstruction,validation2-001-radius-high,validation2-001,CR,validation,primary,1,162,True,True,,True,1969.9228554945742,1.0,14,True,4425.599999999999,0.0,True,730.0,2576.468964,42.0,28.0,136.0,,0,1969.922855494574,False,local_research_only,250.89064028571428,146,1957.6386137071615,1957.6386137071613,1777.6386137071615,reconstruction,1789.9228554945742,0,424,0,5,7,12,19.946834593065432,0,0,20.028907529,20.03014933799568,e4c737dae21f1c8238554360b7c7d3eeb9cfbbb8f61089a8eaf6a0b3ddb422fb,exited,14,8599.61427747287,True,1.7830489931130578,1.783048993113058,1.7942376797260202,1.7942376797260204,1.975918466732083,1.962357736936919,250.89064028571428,validation/trace-003-CR.json.gz,3512.468964,20.030122608004604
reconstruction,validation2-002-radius-low,validation2-002,B,validation,primary,1,151,True,True,,True,1752.032141840564,1.0,10,True,4425.599999999999,244.94546300000002,True,695.0,2315.634371,30.0,20.0,131.0,,0,1752.0321418405638,False,local_research_only,319.1634371,139,1744.5177120191834,1744.5177120191831,1444.5177120191834,reconstruction,1452.032141840564,,,,,,,,,,0.08774930999999242,0.08775606099516153,b3b9d5956f584494b5bd2fa04857a655e30bde7e6e40b0ae550057dcebf14634,exited,10,7010.16070920282,True,1.8216756957706777,1.821675695770678,1.8295224800588918,1.829522480058892,2.209480953015559,2.1980466403135916,319.1634371,validation/trace-004-B.json.gz,3191.634371,0.08773564899456687
reconstruction,validation2-002-radius-low,validation2-002,CR,validation,primary,1,135,True,True,,True,1752.032141840564,1.0,10,True,4425.599999999999,0.0,True,615.0,2248.257096,30.0,20.0,111.0,,0,1752.0321418405638,False,local_research_only,302.4257096,123,1744.5177120191834,1744.5177120191831,1444.5177120191834,reconstruction,1452.032141840564,0,300,0,9,1,10,14.797876959928544,1,0,14.870513252999999,14.871403905999614,b3b9d5956f584494b5bd2fa04857a655e30bde7e6e40b0ae550057dcebf14634,exited,10,7010.16070920282,True,1.7261424740889308,1.726142474088931,1.733577753417928,1.7335777534179282,2.093610255406711,2.0827755866109947,302.4257096,validation/trace-004-CR.json.gz,3024.257096,14.871375924994936
reconstruction,validation2-002-radius-high,validation2-002,B,validation,primary,1,140,True,True,,True,1752.032141840564,1.0,10,True,4425.599999999999,244.94546300000002,True,640.0,2313.90864,30.0,20.0,117.0,,0,1752.0321418405638,False,local_research_only,312.090864,128,1744.5177120191834,1744.5177120191831,1444.5177120191834,reconstruction,1452.032141840564,,,,,,,,,,0.07445790299999544,0.0744889919878915,d92a6e533146bd4544f1b3fe24d08ca4e8c241cc58efa54a48641702ed37dae0,exited,10,7010.16070920282,True,1.7813078684283663,1.7813078684283665,1.7889807701566525,1.788980770156653,2.1605194689080793,2.1493385373990446,312.090864,validation/trace-005-B.json.gz,3120.90864,0.07447089100605808
reconstruction,validation2-002-radius-high,validation2-002,CR,validation,primary,1,135,True,True,,True,1752.032141840564,1.0,10,True,4425.599999999999,0.0,True,615.0,2248.257096,30.0,20.0,111.0,,0,1752.0321418405638,False,local_research_only,302.4257096,123,1744.5177120191834,1744.5177120191831,1444.5177120191834,reconstruction,1452.032141840564,0,300,0,9,1,10,13.030317514960188,1,0,13.09375039999999,13.095663674001116,d92a6e533146bd4544f1b3fe24d08ca4e8c241cc58efa54a48641702ed37dae0,exited,10,7010.16070920282,True,1.7261424740889308,1.726142474088931,1.733577753417928,1.7335777534179282,2.093610255406711,2.0827755866109947,302.4257096,validation/trace-005-CR.json.gz,3024.257096,13.095633674995042
reconstruction,validation2-003-radius-low,validation2-003,B,validation,primary,1,176,True,True,,True,1647.4286332131242,1.0,11,True,4425.599999999999,161.9222850000001,True,815.0,2380.630489,33.0,22.0,156.0,,0,1647.428633213124,False,local_research_only,309.6936808181818,163,1640.5100034703096,1640.5100034703094,1370.5100034703096,reconstruction,1377.4286332131242,,,,,,,,,,0.11624910599999794,0.1162495129974559,82fb40dd755a038b399d9aa21cc30d385e62c144eaf94d1fe141c1071d556b12,exited,11,6612.143166065621,True,2.067847080183225,2.0678470801832254,2.076567946427432,2.0765679464274323,2.485666270493443,2.4731811194118727,309.6936808181818,validation/trace-006-B.json.gz,3406.630489,0.11622803700447548
reconstruction,validation2-003-radius-low,validation2-003,CR,validation,primary,1,154,True,True,,True,1647.4286332131242,1.0,11,True,4425.599999999999,0.0,True,705.0,2272.780647,33.0,22.0,136.0,,0,1647.428633213124,False,local_research_only,288.07096790909094,141,1640.5100034703096,1640.5100034703094,1370.5100034703096,reconstruction,1377.4286332131242,0,392,0,4,7,11,22.373877302990877,0,0,22.438618199000004,22.44009561999701,82fb40dd755a038b399d9aa21cc30d385e62c144eaf94d1fe141c1071d556b12,exited,11,6612.143166065621,True,1.9234706639884303,1.9234706639884305,1.9315826421642113,1.9315826421642115,2.31211785319059,2.3005044113306936,288.07096790909094,validation/trace-006-CR.json.gz,3168.780647,22.44006664599874
reconstruction,validation2-003-radius-high,validation2-003,B,validation,primary,1,176,True,True,,True,1647.4286332131242,1.0,11,True,4425.599999999999,161.9222850000001,True,815.0,2377.247535,33.0,22.0,157.0,,0,1647.428633213124,False,local_research_only,309.47704863636363,163,1640.5100034703096,1640.5100034703094,1370.5100034703096,reconstruction,1377.4286332131242,,,,,,,,,,0.07765975899999944,0.07766092701058369,dd35dff9d8a0edb2df9df46adbdb89a16ee25ec9acb655755bc01099b8bdda7f,exited,11,6612.143166065621,True,2.0664006114549545,2.066400611454955,2.0751153774123337,2.0751153774123337,2.4839275352824877,2.4714511176226392,309.47704863636363,validation/trace-007-B.json.gz,3404.247535,0.0776436360029038
reconstruction,validation2-003-radius-high,validation2-003,CR,validation,primary,1,154,True,True,,True,1647.4286332131242,1.0,11,True,4425.599999999999,0.0,True,705.0,2272.493941,33.0,22.0,136.0,,0,1647.428633213124,False,local_research_only,288.04490372727275,141,1640.5100034703096,1640.5100034703094,1370.5100034703096,reconstruction,1377.4286332131242,0,392,0,4,7,11,19.56123257796571,0,0,19.62452678599999,19.625640398007818,dd35dff9d8a0edb2df9df46adbdb89a16ee25ec9acb655755bc01099b8bdda7f,exited,11,6612.143166065621,True,1.9232966315634623,1.9232966315634625,1.9314078757809565,1.9314078757809567,2.311908656614663,2.300296265519661,288.04490372727275,validation/trace-007-CR.json.gz,3168.493941,19.625614684002358
reconstruction,validation2-004-radius-low,validation2-004,B,validation,primary,1,187,True,True,,True,1840.5187999405323,1.0,16,True,0.0,0.0,True,845.0,2405.133916,48.0,32.0,164.0,,0,1840.518799940532,False,local_research_only,218.38336975,169,1829.0233126915234,1829.0233126915232,1829.0233126915234,reconstruction,1840.5187999405323,,,,,,,,,,0.12932525400000827,0.12932745899888687,205f999eda9b2d7cd758ed179e3035f24bf8e4b9e7011bd4718484fc7d10fab9,exited,16,8802.593999702662,True,1.8984505434624719,1.898450543462472,1.910382383731436,1.9103823837314362,1.910382383731436,1.8984505434624719,218.38336975,validation/trace-008-B.json.gz,3494.133916,0.12930585800495464
reconstruction,validation2-004-radius-low,validation2-004,CR,validation,primary,1,153,True,True,,True,1840.5187999405323,1.0,16,True,0.0,0.0,True,675.0,2729.460304,48.0,32.0,130.0,,0,1840.518799940532,False,local_research_only,225.903769,135,1829.0233126915234,1829.0233126915232,1829.0233126915234,reconstruction,1840.5187999405323,0,420,0,5,7,12,23.267541147986776,0,0,23.352513235000004,23.353600486007053,205f999eda9b2d7cd758ed179e3035f24bf8e4b9e7011bd4718484fc7d10fab9,exited,16,8802.593999702662,True,1.9638268862653208,1.963826886265321,1.9761696195556377,1.976169619555638,1.9761696195556377,1.9638268862653208,225.903769,validation/trace-008-CR.json.gz,3614.460304,23.353574830995058
reconstruction,validation2-004-radius-high,validation2-004,B,validation,primary,1,176,True,True,,True,1840.5187999405323,1.0,16,True,0.0,0.0,True,790.0,2442.924901,48.0,32.0,155.0,,0,1840.518799940532,False,local_research_only,216.7453063125,158,1829.0233126915234,1829.0233126915232,1829.0233126915234,reconstruction,1840.5187999405323,,,,,,,,,,0.0912559559999977,0.0912564280006336,449749a6a55290f2a81f706fe64b8dfe753e1c88c2d77fe09b65a6012a4e9db9,exited,16,8802.593999702662,True,1.8842105286357573,1.8842105286357576,1.896052869821943,1.8960528698219432,1.896052869821943,1.8842105286357573,216.7453063125,validation/trace-009-B.json.gz,3467.924901,0.09123572500539012
reconstruction,validation2-004-radius-high,validation2-004,CR,validation,primary,1,150,True,True,,True,1840.5187999405323,1.0,16,True,0.0,0.0,True,660.0,2414.967623,48.0,32.0,128.0,,0,1840.518799940532,False,local_research_only,205.1854764375,132,1829.0233126915234,1829.0233126915232,1829.0233126915234,reconstruction,1840.5187999405323,0,424,0,7,5,12,21.241387616013526,0,0,21.327006616000006,21.327796789002605,449749a6a55290f2a81f706fe64b8dfe753e1c88c2d77fe09b65a6012a4e9db9,exited,16,8802.593999702662,True,1.7837186032036585,1.7837186032036587,1.7949293484777433,1.7949293484777435,1.7949293484777433,1.7837186032036585,205.1854764375,validation/trace-009-CR.json.gz,3282.967623,21.32776979600021
reconstruction,validation2-005-radius-low,validation2-005,B,validation,primary,1,145,True,True,,True,1686.6265212574374,1.0,14,True,4425.599999999999,0.0,True,645.0,2552.753443,42.0,28.0,126.0,,0,1686.6265212574372,False,local_research_only,242.41096021428572,129,1668.904567461113,1668.9045674611127,1488.904567461113,reconstruction,1506.6265212574374,,,,,,,,,,0.09106703000000493,0.09106950800924096,a88fed7665346283fbbd089d44bd81e47d624e4d7343b7d83609f98590b4459c,exited,14,7183.132606287187,True,2.0121546769404772,2.0121546769404777,2.033521574072316,2.0335215740723163,2.279362638256288,2.252551242870435,242.41096021428572,validation/trace-010-B.json.gz,3393.753443,0.0910465859924443
reconstruction,validation2-005-radius-low,validation2-005,CR,validation,primary,1,152,True,True,,True,1686.6265212574374,1.0,14,True,4425.599999999999,0.0,True,680.0,2593.49578,42.0,28.0,129.0,,0,1686.6265212574372,False,local_research_only,248.03541285714286,136,1668.904567461113,1668.9045674611127,1488.904567461113,reconstruction,1506.6265212574374,0,356,0,6,4,10,16.697626743029105,0,0,16.783812149,16.78476409400173,a88fed7665346283fbbd089d44bd81e47d624e4d7343b7d83609f98590b4459c,exited,14,7183.132606287187,True,2.058840968189648,2.058840968189648,2.0807036230254146,2.080703623025415,2.3322487255991944,2.304815248507533,248.03541285714286,validation/trace-010-CR.json.gz,3472.49578,16.7847342830064
reconstruction,validation2-005-radius-high,validation2-005,B,validation,primary,1,161,True,True,,True,1686.6265212574374,1.0,14,True,4425.599999999999,0.0,True,725.0,2596.515198,42.0,28.0,136.0,,0,1686.6265212574372,False,local_research_only,251.9653712857143,145,1668.904567461113,1668.9045674611127,1488.904567461113,reconstruction,1506.6265212574374,,,,,,,,,,0.08959133300001554,0.08959266799502075,3ef7224afcfc56073ee99a46dc31897dabeac9cee0b3b5789fc754c79fca4dd5,exited,14,7183.132606287187,True,2.0914619529225225,2.0914619529225225,2.1136710071842946,2.113671007184295,2.3692016769181756,2.341333534375805,251.9653712857143,validation/trace-011-B.json.gz,3527.515198,0.0895550980058033
reconstruction,validation2-005-radius-high,validation2-005,CR,validation,primary,1,155,True,True,,True,1686.6265212574374,1.0,14,True,4425.599999999999,0.0,True,695.0,2682.682121,42.0,28.0,132.0,,0,1686.6265212574372,False,local_research_only,255.69158007142855,139,1668.904567461113,1668.9045674611127,1488.904567461113,reconstruction,1506.6265212574374,0,392,0,6,5,11,15.584075190956355,0,0,15.659248374000015,15.660003287994186,3ef7224afcfc56073ee99a46dc31897dabeac9cee0b3b5789fc754c79fca4dd5,exited,14,7183.132606287187,True,2.1223916948318973,2.1223916948318977,2.144929189357863,2.144929189357863,2.4042387935608867,2.3759585209029646,255.69158007142855,validation/trace-011-CR.json.gz,3579.682121,15.659977807998075
reconstruction,validation2-006-radius-low,validation2-006,B,validation,primary,1,164,True,True,,True,1849.8662745148301,1.0,11,True,4425.599999999999,0.0,True,755.0,2146.722605,33.0,22.0,147.0,,0,1849.86627451483,False,local_research_only,282.15660045454547,151,1836.7233346206417,1836.7233346206415,1566.7233346206417,reconstruction,1579.8662745148301,,,,,,,,,,0.09406305299998508,0.0940830939944135,4a887e1cf5aa795a8667299c52b8e148d1d852c0c3c68ab4ba8d150c7208e7ac,exited,11,7624.331372574151,True,1.6778091734301293,1.6778091734301295,1.689814980023132,1.6898149800231321,1.9810278792787108,1.9645476677784892,282.15660045454547,validation/trace-012-B.json.gz,3103.722605,0.09405820698884781
reconstruction,validation2-006-radius-low,validation2-006,CR,validation,primary,1,157,True,True,,True,1849.8662745148301,1.0,11,True,4425.599999999999,0.0,True,720.0,2155.653372,33.0,22.0,140.0,,0,1849.86627451483,False,local_research_only,279.15030654545455,144,1836.7233346206417,1836.7233346206415,1566.7233346206417,reconstruction,1579.8662745148301,0,424,0,9,3,12,21.147033622983145,0,0,21.21407703699998,21.215795612006332,4a887e1cf5aa795a8667299c52b8e148d1d852c0c3c68ab4ba8d150c7208e7ac,exited,11,7624.331372574151,True,1.6599326201594489,1.659932620159449,1.6718105084858714,1.6718105084858716,1.9599206216862228,1.9436160018942008,279.15030654545455,validation/trace-012-CR.json.gz,3070.653372,21.21576697200362
reconstruction,validation2-006-radius-high,validation2-006,B,validation,primary,1,162,True,True,,True,1849.8662745148301,1.0,11,True,4425.599999999999,0.0,True,745.0,2150.074399,33.0,22.0,145.0,,0,1849.86627451483,False,local_research_only,281.3703999090909,149,1836.7233346206417,1836.7233346206415,1566.7233346206417,reconstruction,1579.8662745148301,,,,,,,,,,0.06767712800001391,0.06769278600404505,bee5406862f909185a2730fbaf9a4fdbd3f97de8e14a72d4c0509f8c25425fd7,exited,11,7624.331372574151,True,1.6731341295530966,1.6731341295530968,1.685106483192396,1.6851064831923963,1.9755079474509936,1.9590736563766977,281.3703999090909,validation/trace-013-B.json.gz,3095.074399,0.06767072599905077
reconstruction,validation2-006-radius-high,validation2-006,CR,validation,primary,1,155,True,True,,True,1849.8662745148301,1.0,11,True,4425.599999999999,0.0,True,710.0,2152.026704,33.0,22.0,138.0,,0,1849.86627451483,False,local_research_only,277.72970036363637,142,1836.7233346206417,1836.7233346206415,1566.7233346206417,reconstruction,1579.8662745148301,0,424,0,9,3,12,18.16641558005358,0,0,18.23193132,18.233002301989472,bee5406862f909185a2730fbaf9a4fdbd3f97de8e14a72d4c0509f8c25425fd7,exited,11,7624.331372574151,True,1.6514851619754247,1.651485161975425,1.6633026032910871,1.6633026032910874,1.9499465135238623,1.9337248685419182,277.72970036363637,validation/trace-013-CR.json.gz,3055.026704,18.23297439799353
reconstruction,validation2-007-radius-low,validation2-007,B,validation,primary,1,146,True,True,,True,1681.0283749307023,1.0,13,True,4425.599999999999,275.5323400000002,True,655.0,2471.705295,39.0,26.0,128.0,,0,1681.028374930702,False,local_research_only,255.36194576923077,131,1670.2267472715744,1670.2267472715741,1460.2267472715744,reconstruction,1471.0283749307023,,,,,,,,,,0.11376001400003588,0.11376613900938537,33484b5d2270624a51b51e40ed515b7f0725acb2838fc2c41b2a02f009df4f7d,exited,13,7030.141874653511,True,1.9748062224927343,1.9748062224927347,1.9875776150890638,1.987577615089064,2.273417673798163,2.2567241744445523,255.36194576923077,validation/trace-014-B.json.gz,3319.705295,0.113746439004899
reconstruction,validation2-007-radius-low,validation2-007,CR,validation,primary,1,148,True,True,,True,1681.0283749307023,1.0,13,True,4425.599999999999,0.0,True,665.0,2608.783503,39.0,26.0,129.0,,0,1681.028374930702,False,local_research_only,266.7525771538462,133,1670.2267472715744,1670.2267472715741,1460.2267472715744,reconstruction,1471.0283749307023,0,420,0,6,6,12,23.776166117968387,0,0,23.888006339000015,23.890244177004206,33484b5d2270624a51b51e40ed515b7f0725acb2838fc2c41b2a02f009df4f7d,exited,13,7030.141874653511,True,2.062894091923317,2.062894091923317,2.0762351630788176,2.0762351630788176,2.37482535467833,2.3573872279406993,266.7525771538462,validation/trace-014-CR.json.gz,3467.783503,23.890217773994664
reconstruction,validation2-007-radius-high,validation2-007,B,validation,primary,1,137,True,True,,True,1681.0283749307023,1.0,13,True,4425.599999999999,275.53233999999975,True,610.0,2479.637903,39.0,26.0,116.0,,0,1681.028374930702,False,local_research_only,251.58753099999998,122,1670.2267472715744,1670.2267472715741,1460.2267472715744,reconstruction,1471.0283749307023,,,,,,,,,,0.10964242900001864,0.10964422299002763,2ce4f688e139220a72b1a2aaba44825bbf23cb8ab04164d6c53cd2b69178b4f7,exited,13,7030.141874653511,True,1.9456173088897601,1.9456173088897604,1.9581999320408459,1.958199932040846,2.239815089753128,2.223368331120108,251.58753099999998,validation/trace-015-B.json.gz,3270.637903,0.10962095799914096
reconstruction,validation2-007-radius-high,validation2-007,CR,validation,primary,1,132,True,True,,True,1681.0283749307023,1.0,13,True,4425.599999999999,0.0,True,585.0,2425.880028,39.0,26.0,111.0,,0,1681.028374930702,False,local_research_only,245.14461753846155,117,1670.2267472715744,1670.2267472715741,1460.2267472715744,reconstruction,1471.0283749307023,0,392,0,8,3,11,17.981655529045383,0,0,18.06592008900003,18.066713009990053,2ce4f688e139220a72b1a2aaba44825bbf23cb8ab04164d6c53cd2b69178b4f7,exited,13,7030.141874653511,True,1.8957919304196005,1.8957919304196007,1.9080523247552938,1.908052324755294,2.182455590513369,2.1664300174700086,245.14461753846155,validation/trace-015-CR.json.gz,3186.880028,18.06668256499688
reconstruction,validation2-008-radius-low,validation2-008,B,validation,primary,1,170,True,True,,True,1741.8679484565632,1.0,11,True,4425.599999999999,0.0,True,785.0,2180.62174,33.0,22.0,148.0,,0,1741.867948456563,False,local_research_only,288.0565218181818,157,1734.2967112865483,1734.296711286548,1464.2967112865483,reconstruction,1471.8679484565632,,,,,,,,,,0.08798453200000722,0.08799067199288402,536ce6935ea63d0be04a439828ee833b45d94beb1f681fcb574acf25062d756a,exited,11,7084.339742282817,True,1.8190941183616456,1.8190941183616458,1.8270355466738044,1.8270355466738046,2.1639205466875713,2.152789415193594,288.0565218181818,validation/trace-016-B.json.gz,3168.62174,0.08797037600015756
reconstruction,validation2-008-radius-low,validation2-008,CR,validation,primary,1,159,True,True,,True,1741.8679484565632,1.0,11,True,4425.599999999999,0.0,True,730.0,2131.825411,33.0,22.0,135.0,,0,1741.867948456563,False,local_research_only,277.4386737272727,146,1734.2967112865483,1734.296711286548,1464.2967112865483,reconstruction,1471.8679484565632,0,332,0,6,4,10,15.534515199033194,0,0,15.588070412999969,15.588794569994207,536ce6935ea63d0be04a439828ee833b45d94beb1f681fcb574acf25062d756a,exited,11,7084.339742282817,True,1.7520417742941796,1.7520417742941798,1.75969047922375,1.7596904792237502,2.084157799083377,2.073436964369133,277.4386737272727,validation/trace-016-CR.json.gz,3051.825411,15.588770237998688
reconstruction,validation2-008-radius-high,validation2-008,B,validation,primary,1,161,True,True,,True,1741.8679484565632,1.0,11,True,4425.599999999999,0.0,True,740.0,2373.423157,33.0,22.0,141.0,,0,1741.867948456563,False,local_research_only,300.85665063636367,148,1734.2967112865483,1734.296711286548,1464.2967112865483,reconstruction,1471.8679484565632,,,,,,,,,,0.0707097499999918,0.07071761898987461,51a6e6d077cb35bb30a58d958ee3752de645c3d90ea1f7453dd25b76a1939299,exited,11,7084.339742282817,True,1.8999276953987347,1.899927695398735,1.9082220103761716,1.908222010376172,2.2600768898076007,2.2484511334527952,300.85665063636367,validation/trace-017-B.json.gz,3309.423157,0.07069257600232959
reconstruction,validation2-008-radius-high,validation2-008,CR,validation,primary,1,142,True,True,,True,1741.8679484565632,1.0,11,True,4425.599999999999,0.0,True,645.0,2309.897517,33.0,22.0,124.0,,0,1741.867948456563,False,local_research_only,284.89977427272726,129,1734.2967112865483,1734.296711286548,1464.2967112865483,reconstruction,1471.8679484565632,0,380,0,6,5,11,19.152294694984448,0,0,19.202312887999994,19.20331258799706,51a6e6d077cb35bb30a58d958ee3752de645c3d90ea1f7453dd25b76a1939299,exited,11,7084.339742282817,True,1.7991590693065385,1.7991590693065387,1.8070134692668534,1.8070134692668536,2.1402066212704396,2.129197473378153,284.89977427272726,validation/trace-017-CR.json.gz,3133.897517,19.203277708991664
reconstruction,validation2-009-radius-low,validation2-009,B,validation,primary,1,132,True,True,,True,1996.348962526278,1.0,15,True,4425.599999999999,0.0,True,575.0,2598.120539,45.0,30.0,109.0,,0,1996.3489625262778,False,local_research_only,223.80803593333334,115,1978.3749629849226,1978.3749629849224,1828.3749629849226,reconstruction,1846.348962526278,,,,,,,,,,0.14302922399997442,0.143030748993624,3287d2097fbfc996d0327e8b6ea9149359a263636e6698544858010cd153ac2a,exited,15,8856.74481263139,True,1.6816301167866639,1.681630116786664,1.69690811995258,1.6969081199525802,1.8361225716629352,1.8182481248867493,223.80803593333334,validation/trace-018-B.json.gz,3357.120539,0.1430081699945731
reconstruction,validation2-009-radius-low,validation2-009,CR,validation,primary,1,130,True,True,,True,1996.348962526278,1.0,15,True,4425.599999999999,0.0,True,565.0,2605.856717,45.0,30.0,108.0,,0,1996.3489625262778,False,local_research_only,223.59044780000002,113,1978.3749629849226,1978.3749629849224,1828.3749629849226,reconstruction,1846.348962526278,0,380,0,9,2,11,17.303607357942383,0,0,17.405457856999988,17.40611240999715,3287d2097fbfc996d0327e8b6ea9149359a263636e6698544858010cd153ac2a,exited,15,8856.74481263139,True,1.6799952212542366,1.6799952212542368,1.6952583710116231,1.6952583710116234,1.8343374772123573,1.8164804081299266,223.59044780000002,validation/trace-018-CR.json.gz,3353.856717,17.406088941992493
reconstruction,validation2-009-radius-high,validation2-009,B,validation,primary,1,130,True,True,,True,1996.348962526278,1.0,15,True,4425.599999999999,0.0,True,565.0,2597.544969,45.0,30.0,107.0,,0,1996.3489625262778,False,local_research_only,222.96966460000002,113,1978.3749629849226,1978.3749629849224,1828.3749629849226,reconstruction,1846.348962526278,,,,,,,,,,0.10822889900003929,0.1082351990044117,1b9c403303f5be30f896df84e7a683f3c7ad79444b2f4d72e626f096b8e8b056,exited,15,8856.74481263139,True,1.67533083232485,1.6753308323248501,1.6905516050171978,1.6905516050171978,1.8292445678318885,1.8114370776496154,222.96966460000002,validation/trace-019-B.json.gz,3344.544969,0.10821169300470501
reconstruction,validation2-009-radius-high,validation2-009,CR,validation,primary,1,129,True,True,,True,1996.348962526278,1.0,15,True,4425.599999999999,0.0,True,560.0,2605.281765,45.0,30.0,107.0,,0,1996.3489625262778,False,local_research_only,223.15211766666667,112,1978.3749629849226,1978.3749629849224,1828.3749629849226,reconstruction,1846.348962526278,0,384,0,10,1,11,15.36481040403305,0,0,15.46901847099997,15.469644862998393,1b9c403303f5be30f896df84e7a683f3c7ad79444b2f4d72e626f096b8e8b056,exited,15,8856.74481263139,True,1.6767017329295903,1.6767017329295906,1.6919349605747664,1.6919349605747667,1.8307414139687073,1.812919352157602,223.15211766666667,validation/trace-019-CR.json.gz,3347.281765,15.469612749002408
reconstruction,validation2-010-radius-low,validation2-010,B,validation,primary,1,140,True,True,,True,1608.3150112648862,1.0,11,True,4425.599999999999,88.24153500000011,True,635.0,2236.855832,33.0,22.0,121.0,,0,1608.315011264886,False,local_research_only,277.0778029090909,127,1600.5862767812373,1600.586276781237,1330.5862767812373,reconstruction,1338.3150112648862,,,,,,,,,,0.09244362900000169,0.09244914399459958,33684167145e8eacd233f0b6e392f2e7d81b227a22da66974fbed99a78557600,exited,11,6416.575056324431,True,1.8950614840080136,1.8950614840080138,1.9042121478944622,1.9042121478944625,2.290611202884892,2.2773829825904515,277.0778029090909,validation/trace-020-B.json.gz,3047.855832,0.0924270620016614
reconstruction,validation2-010-radius-low,validation2-010,CR,validation,primary,1,131,True,True,,True,1608.3150112648862,1.0,11,True,4425.599999999999,80.07084500000019,True,590.0,2234.96961,33.0,22.0,113.0,,0,1608.315011264886,False,local_research_only,272.0881463636364,118,1600.5862767812373,1600.586276781237,1330.5862767812373,reconstruction,1338.3150112648862,0,376,0,9,2,11,14.598299786026473,0,0,14.664013635000003,14.665938418009318,33684167145e8eacd233f0b6e392f2e7d81b227a22da66974fbed99a78557600,exited,11,6416.575056324431,True,1.8609349468460965,1.8609349468460967,1.8699208242737353,1.8699208242737355,2.249361550038049,2.236371545419075,272.0881463636364,validation/trace-020-CR.json.gz,2992.96961,14.66591057900223
reconstruction,validation2-010-radius-high,validation2-010,B,validation,primary,1,140,True,True,,True,1608.3150112648862,1.0,11,True,4425.599999999999,88.24153500000011,True,635.0,2236.855832,33.0,22.0,121.0,,0,1608.315011264886,False,local_research_only,277.0778029090909,127,1600.5862767812373,1600.586276781237,1330.5862767812373,reconstruction,1338.3150112648862,,,,,,,,,,0.06940378000001601,0.06950067699654028,dd72376695c7036b7b5d424ed89eab1814d8286f9fff7881d06a7f208fdc1c69,exited,11,6416.575056324431,True,1.8950614840080136,1.8950614840080138,1.9042121478944622,1.9042121478944625,2.290611202884892,2.2773829825904515,277.0778029090909,validation/trace-021-B.json.gz,3047.855832,0.06947778099856805
reconstruction,validation2-010-radius-high,validation2-010,CR,validation,primary,1,131,True,True,,True,1608.3150112648862,1.0,11,True,4425.599999999999,80.07084500000019,True,590.0,2234.96961,33.0,22.0,113.0,,0,1608.315011264886,False,local_research_only,272.0881463636364,118,1600.5862767812373,1600.586276781237,1330.5862767812373,reconstruction,1338.3150112648862,0,376,0,9,2,11,12.95254276097694,0,0,13.016592007000042,13.017111435998231,dd72376695c7036b7b5d424ed89eab1814d8286f9fff7881d06a7f208fdc1c69,exited,11,6416.575056324431,True,1.8609349468460965,1.8609349468460967,1.8699208242737353,1.8699208242737355,2.249361550038049,2.236371545419075,272.0881463636364,validation/trace-021-CR.json.gz,2992.96961,13.017087729997002
reconstruction,validation2-011-radius-low,validation2-011,B,validation,primary,1,173,True,True,,True,1858.1617732089505,1.0,11,True,4425.599999999999,0.0,True,800.0,1990.38123,33.0,22.0,159.0,,0,1858.1617732089503,False,local_research_only,273.1255663636364,160,1846.5933480827184,1846.5933480827182,1576.5933480827184,reconstruction,1588.1617732089505,,,,,,,,,,0.09974396299998034,0.09974483901169151,79ab292ae249e3f583535e5defb913301dc3790fbc8f07607050763d17b980ad,exited,11,7665.808866044753,True,1.616856655495386,1.6168566554953863,1.626985840233525,1.6269858402335253,1.9056158226556024,1.8917350113077687,273.1255663636364,validation/trace-022-B.json.gz,3004.38123,0.09972132000257261
reconstruction,validation2-011-radius-low,validation2-011,CR,validation,primary,1,156,True,True,,True,1858.1617732089505,1.0,11,True,4425.599999999999,0.0,True,715.0,2003.539329,33.0,22.0,141.0,,0,1858.1617732089503,False,local_research_only,264.95812081818184,143,1846.5933480827184,1846.5933480827182,1576.5933480827184,reconstruction,1588.1617732089505,0,432,0,7,5,12,31.021889547046158,0,0,31.096084785000016,31.0973250370007,79ab292ae249e3f583535e5defb913301dc3790fbc8f07607050763d17b980ad,exited,11,7665.808866044753,True,1.5685067742873322,1.5685067742873322,1.57833305964527,1.5783330596452703,1.848630994507459,1.8351652697892644,264.95812081818184,validation/trace-022-CR.json.gz,2914.539329,31.097292991005816
reconstruction,validation2-011-radius-high,validation2-011,B,validation,primary,1,173,True,True,,True,1858.1617732089505,1.0,11,True,4425.599999999999,0.0,True,800.0,1990.38123,33.0,22.0,159.0,,0,1858.1617732089503,False,local_research_only,273.1255663636364,160,1846.5933480827184,1846.5933480827182,1576.5933480827184,reconstruction,1588.1617732089505,,,,,,,,,,0.07711497799999734,0.07711600999755319,b0db51ef265c1e73ad64e8b781f8286814b62f72e519d355597e31c2de6619d6,exited,11,7665.808866044753,True,1.616856655495386,1.6168566554953863,1.626985840233525,1.6269858402335253,1.9056158226556024,1.8917350113077687,273.1255663636364,validation/trace-023-B.json.gz,3004.38123,0.07709429900569376
reconstruction,validation2-011-radius-high,validation2-011,CR,validation,primary,1,156,True,True,,True,1858.1617732089505,1.0,11,True,4425.599999999999,0.0,True,715.0,2003.539329,33.0,22.0,141.0,,0,1858.1617732089503,False,local_research_only,264.95812081818184,143,1846.5933480827184,1846.5933480827182,1576.5933480827184,reconstruction,1588.1617732089505,0,432,0,7,5,12,28.465169646035065,0,0,28.53556287600003,28.53658380699926,b0db51ef265c1e73ad64e8b781f8286814b62f72e519d355597e31c2de6619d6,exited,11,7665.808866044753,True,1.5685067742873322,1.5685067742873322,1.57833305964527,1.5783330596452703,1.848630994507459,1.8351652697892644,264.95812081818184,validation/trace-023-CR.json.gz,2914.539329,28.536545712995576
