problem,case_id,case_kind,seed,strategy,source_total,cleared_total,all_cleared,cleared_fraction,completion_certified,successful,accepted_exit,interrupted,completion_reason,error,virtual_time_s,mean_time_per_cleared_s,program_runtime_s,measurement_count,failed_clear_count,action_count,movement_m,movement_s,switching_s,detection_s,optical_s,removal_s,trace
3,q3-random-2000,random,2000,baseline_current,11,11,True,1.0,True,True,True,False,coverage_exhausted_and_all_detected_cleared,,4205.319472,382.3017701818182,0.09401689999867813,133,0,146,16876.59736,3375.319472,110.0,665.0,33.0,22.0,
3,q3-random-2000,random,2000,safe1500,11,11,True,1.0,True,True,True,False,coverage_exhausted_and_all_detected_cleared,,4205.319472,382.3017701818182,0.09550990000207094,133,0,146,16876.59736,3375.319472,110.0,665.0,33.0,22.0,
3,q3-random-2000,random,2000,immediate1150,11,11,True,1.0,True,True,True,False,coverage_exhausted_and_all_detected_cleared,,3844.514734,349.5013394545454,0.11430580000160262,136,0,149,15022.57367,3004.514734,105.0,680.0,33.0,22.0,
3,q3-random-2000,random,2000,immediate1200,11,11,True,1.0,True,True,True,False,coverage_exhausted_and_all_detected_cleared,,3739.781102,339.98010018181816,0.12121770000157994,137,0,150,14473.90551,2894.781102,105.0,685.0,33.0,22.0,
3,q3-random-2000,random,2000,immediate1400,11,11,True,1.0,True,True,True,False,coverage_exhausted_and_all_detected_cleared,,3659.226403,332.6569457272727,0.13302639999892563,134,0,147,14146.132015000001,2829.226403,105.0,670.0,33.0,22.0,
3,q3-random-2000,random,2000,detour1150,11,11,True,1.0,True,True,True,False,coverage_exhausted_and_all_detected_cleared,,4102.257212,372.93247381818185,0.11323239999910584,153,0,166,15776.28606,3155.257212,127.0,765.0,33.0,22.0,
3,q3-random-2000,random,2000,detour1200,11,11,True,1.0,True,True,True,False,coverage_exhausted_and_all_detected_cleared,,3875.629879,352.329989,0.09594060000017635,149,0,162,14743.149395,2948.629879,127.0,745.0,33.0,22.0,
3,q3-random-2000,random,2000,detour1400,11,11,True,1.0,True,True,True,False,coverage_exhausted_and_all_detected_cleared,,4033.100915,366.6455377272727,0.0952450000004319,147,0,160,15585.504574999999,3117.100915,126.0,735.0,33.0,22.0,
3,q3-random-2000,random,2000,route1150,11,11,True,1.0,True,True,True,False,coverage_exhausted_and_all_detected_cleared,,3469.037014,315.3670012727273,0.113186599999608,149,0,162,12745.18507,2549.037014,120.0,745.0,33.0,22.0,
3,q3-random-2000,random,2000,route1200,11,11,True,1.0,True,True,True,False,coverage_exhausted_and_all_detected_cleared,,3424.493598,311.3175998181818,0.11631209999904968,147,0,160,12577.467990000001,2515.493598,119.0,735.0,33.0,22.0,
3,q3-random-2000,random,2000,route1400,11,11,True,1.0,True,True,True,False,coverage_exhausted_and_all_detected_cleared,,3373.390223,306.6718384545454,0.1268311999992875,143,0,156,12416.951115,2483.390223,120.0,715.0,33.0,22.0,
3,q3-random-2000,random,2000,route1200_noneg,11,11,True,1.0,True,True,True,False,coverage_exhausted_and_all_detected_cleared,,3424.493598,311.3175998181818,0.0951628000002529,147,0,160,12577.467990000001,2515.493598,119.0,735.0,33.0,22.0,
3,q3-random-2001,random,2001,baseline_current,11,11,True,1.0,True,True,True,False,coverage_exhausted_and_all_detected_cleared,,4357.816041,396.1650946363636,0.07564130000173463,127,0,140,17819.080205,3563.816041,104.0,635.0,33.0,22.0,
3,q3-random-2001,random,2001,safe1500,11,11,True,1.0,True,True,True,False,coverage_exhausted_and_all_detected_cleared,,4357.816041,396.1650946363636,0.08012749999761581,127,0,140,17819.080205,3563.816041,104.0,635.0,33.0,22.0,
3,q3-random-2001,random,2001,immediate1150,11,11,True,1.0,True,True,True,False,coverage_exhausted_and_all_detected_cleared,,3596.337805,326.9398004545455,0.10666169999967678,128,0,141,14006.689025,2801.337805,100.0,640.0,33.0,22.0,
3,q3-random-2001,random,2001,immediate1200,11,11,True,1.0,True,True,True,False,coverage_exhausted_and_all_detected_cleared,,3608.410503,328.03731845454547,0.10703540000031353,127,0,140,14092.052515,2818.410503,100.0,635.0,33.0,22.0,
3,q3-random-2001,random,2001,immediate1400,11,11,True,1.0,True,True,True,False,coverage_exhausted_and_all_detected_cleared,,3630.103363,330.00939663636365,0.09950299999763956,123,0,136,14300.516815,2860.103363,100.0,615.0,33.0,22.0,
3,q3-random-2001,random,2001,detour1150,11,11,True,1.0,True,True,True,False,coverage_exhausted_and_all_detected_cleared,,4038.735474,367.15777036363636,0.11455389999900945,152,0,165,15473.677370000001,3094.735474,129.0,760.0,33.0,22.0,
3,q3-random-2001,random,2001,detour1200,11,11,True,1.0,True,True,True,False,coverage_exhausted_and_all_detected_cleared,,4118.869645,374.44269499999996,0.10790840000117896,150,0,163,15909.348225000002,3181.869645,132.0,750.0,33.0,22.0,
3,q3-random-2001,random,2001,detour1400,11,11,True,1.0,True,True,True,False,coverage_exhausted_and_all_detected_cleared,,3790.427886,344.58435327272724,0.10361310000007506,145,0,158,14402.13943,2880.427886,130.0,725.0,33.0,22.0,
3,q3-random-2001,random,2001,route1150,11,11,True,1.0,True,True,True,False,coverage_exhausted_and_all_detected_cleared,,3651.834584,331.9849621818182,0.11181500000020606,141,0,154,13884.17292,2776.834584,115.0,705.0,33.0,22.0,
3,q3-random-2001,random,2001,route1200,11,11,True,1.0,True,True,True,False,coverage_exhausted_and_all_detected_cleared,,3665.779654,333.2526958181818,0.11412519999794313,141,0,154,13948.89827,2789.779654,116.0,705.0,33.0,22.0,
3,q3-random-2001,random,2001,route1400,11,11,True,1.0,True,True,True,False,coverage_exhausted_and_all_detected_cleared,,3674.087647,334.0079679090909,0.10428150000007008,137,0,150,14090.438235,2818.087647,116.0,685.0,33.0,22.0,
3,q3-random-2001,random,2001,route1200_noneg,11,11,True,1.0,True,True,True,False,coverage_exhausted_and_all_detected_cleared,,3745.765504,340.5241367272727,0.10513749999881838,144,0,157,14273.827519999999,2854.765504,116.0,720.0,33.0,22.0,
3,q3-random-2002,random,2002,baseline_current,16,16,True,1.0,True,True,True,False,coverage_exhausted_and_all_detected_cleared,,4738.862671,296.1789169375,0.12100739999732468,123,0,141,19789.313355,3957.862671,86.0,615.0,48.0,32.0,
3,q3-random-2002,random,2002,safe1500,16,16,True,1.0,True,True,True,False,source_count_upper_bound_reached,,4738.862671,296.1789169375,0.17207240000061574,123,0,141,19789.313355,3957.862671,86.0,615.0,48.0,32.0,
3,q3-random-2002,random,2002,immediate1150,16,16,True,1.0,True,True,True,False,source_count_upper_bound_reached,,4322.151124,270.13444525,0.13516900000104215,122,0,140,17745.75562,3549.151124,83.0,610.0,48.0,32.0,
3,q3-random-2002,random,2002,immediate1200,16,16,True,1.0,True,True,True,False,source_count_upper_bound_reached,,4482.443688,280.1527305,0.13720589999866206,126,0,144,18447.21844,3689.443688,83.0,630.0,48.0,32.0,
3,q3-random-2002,random,2002,immediate1400,16,16,True,1.0,True,True,True,False,source_count_upper_bound_reached,,4251.540328,265.7212705,0.13668759999927715,119,0,137,17467.70164,3493.540328,83.0,595.0,48.0,32.0,
3,q3-random-2002,random,2002,detour1150,16,16,True,1.0,True,True,True,False,source_count_upper_bound_reached,,4788.148538,299.259283625,0.14536130000124103,142,0,160,19455.74269,3891.148538,107.0,710.0,48.0,32.0,
3,q3-random-2002,random,2002,detour1200,16,16,True,1.0,True,True,True,False,source_count_upper_bound_reached,,4479.375082,279.960942625,0.1336697999977332,154,0,172,17476.87541,3495.375082,134.0,770.0,48.0,32.0,
3,q3-random-2002,random,2002,detour1400,16,16,True,1.0,True,True,True,False,source_count_upper_bound_reached,,4672.973192,292.0608245,0.12211000000024796,138,0,156,18959.86596,3791.973192,111.0,690.0,48.0,32.0,
3,q3-random-2002,random,2002,route1150,16,16,True,1.0,True,True,True,False,source_count_upper_bound_reached,,3458.25172,216.1407325,0.14591859999927692,110,0,128,13731.258600000001,2746.25172,82.0,550.0,48.0,32.0,
3,q3-random-2002,random,2002,route1200,16,16,True,1.0,True,True,True,False,source_count_upper_bound_reached,,3616.156898,226.009806125,0.14379190000181552,128,0,146,13975.784490000002,2795.156898,101.0,640.0,48.0,32.0,
3,q3-random-2002,random,2002,route1400,16,16,True,1.0,True,True,True,False,source_count_upper_bound_reached,,3871.024083,241.9390051875,0.13904159999947296,118,0,136,15540.120415,3108.024083,93.0,590.0,48.0,32.0,
3,q3-random-2002,random,2002,route1200_noneg,16,16,True,1.0,True,True,True,False,source_count_upper_bound_reached,,3616.156898,226.009806125,0.13594689999808907,128,0,146,13975.784490000002,2795.156898,101.0,640.0,48.0,32.0,
3,q3-random-2003,random,2003,baseline_current,11,11,True,1.0,True,True,True,False,coverage_exhausted_and_all_detected_cleared,,4404.2761,400.3887363636364,0.09196669999801088,128,0,141,18051.3805,3610.2761,99.0,640.0,33.0,22.0,
3,q3-random-2003,random,2003,safe1500,11,11,True,1.0,True,True,True,False,coverage_exhausted_and_all_detected_cleared,,4404.2761,400.3887363636364,0.09092859999873326,128,0,141,18051.3805,3610.2761,99.0,640.0,33.0,22.0,
3,q3-random-2003,random,2003,immediate1150,11,11,True,1.0,True,True,True,False,coverage_exhausted_and_all_detected_cleared,,3861.070323,351.006393,0.11509540000042762,136,0,149,15110.351615,3022.070323,104.0,680.0,33.0,22.0,
3,q3-random-2003,random,2003,immediate1200,11,11,True,1.0,True,True,True,False,coverage_exhausted_and_all_detected_cleared,,3910.055602,355.4596001818182,0.11418030000277213,137,0,150,15330.27801,3066.055602,104.0,685.0,33.0,22.0,
3,q3-random-2003,random,2003,immediate1400,11,11,True,1.0,True,True,True,False,coverage_exhausted_and_all_detected_cleared,,4229.000311,384.4545737272727,0.11437479999949574,137,0,150,16925.001555,3385.000311,104.0,685.0,33.0,22.0,
3,q3-random-2003,random,2003,detour1150,11,11,True,1.0,True,True,True,False,coverage_exhausted_and_all_detected_cleared,,4053.774736,368.524976,0.12287379999906989,145,0,158,15733.873679999999,3146.774736,127.0,725.0,33.0,22.0,
3,q3-random-2003,random,2003,detour1200,11,11,True,1.0,True,True,True,False,coverage_exhausted_and_all_detected_cleared,,3756.811446,341.5283132727273,0.10776020000048447,144,0,157,14294.05723,2858.811446,123.0,720.0,33.0,22.0,
3,q3-random-2003,random,2003,detour1400,11,11,True,1.0,True,True,True,False,coverage_exhausted_and_all_detected_cleared,,4352.729028,395.70263890909087,0.11613650000072084,149,0,162,17123.64514,3424.729028,128.0,745.0,33.0,22.0,
3,q3-random-2003,random,2003,route1150,11,11,True,1.0,True,True,True,False,coverage_exhausted_and_all_detected_cleared,,3517.994239,319.8176580909091,0.1133596999970905,128,0,141,13584.971195,2716.994239,106.0,640.0,33.0,22.0,
3,q3-random-2003,random,2003,route1200,11,11,True,1.0,True,True,True,False,coverage_exhausted_and_all_detected_cleared,,3656.003945,332.363995,0.11014889999933075,129,0,142,14255.019725,2851.003945,105.0,645.0,33.0,22.0,
3,q3-random-2003,random,2003,route1400,11,11,True,1.0,True,True,True,False,coverage_exhausted_and_all_detected_cleared,,3875.749448,352.3408589090909,0.11672940000062226,140,0,153,15053.74724,3010.749448,110.0,700.0,33.0,22.0,
3,q3-random-2003,random,2003,route1200_noneg,11,11,True,1.0,True,True,True,False,coverage_exhausted_and_all_detected_cleared,,3656.003945,332.363995,0.10353899999972782,129,0,142,14255.019725,2851.003945,105.0,645.0,33.0,22.0,
3,q3-random-2004,random,2004,baseline_current,13,13,True,1.0,True,True,True,False,coverage_exhausted_and_all_detected_cleared,,5026.927841,386.686757,0.10331829999995534,116,0,131,21494.639205,4298.927841,83.0,580.0,39.0,26.0,
3,q3-random-2004,random,2004,safe1500,13,13,True,1.0,True,True,True,False,coverage_exhausted_and_all_detected_cleared,,5026.927841,386.686757,0.1048345999988669,116,0,131,21494.639205,4298.927841,83.0,580.0,39.0,26.0,
3,q3-random-2004,random,2004,immediate1150,13,13,True,1.0,True,True,True,False,coverage_exhausted_and_all_detected_cleared,,4263.296731,327.9459023846154,0.12251920000198879,121,0,136,17521.483655,3504.296731,89.0,605.0,39.0,26.0,
3,q3-random-2004,random,2004,immediate1200,13,13,True,1.0,True,True,True,False,coverage_exhausted_and_all_detected_cleared,,4250.837408,326.98749292307696,0.11882839999816497,117,0,132,17559.18704,3511.837408,89.0,585.0,39.0,26.0,
3,q3-random-2004,random,2004,immediate1400,13,13,True,1.0,True,True,True,False,coverage_exhausted_and_all_detected_cleared,,4675.11233,359.6240253846154,0.11577849999957834,120,0,135,19605.56165,3921.11233,89.0,600.0,39.0,26.0,
3,q3-random-2004,random,2004,detour1150,13,13,True,1.0,True,True,True,False,coverage_exhausted_and_all_detected_cleared,,3401.192539,261.6301953076923,0.11140700000032666,137,0,152,12630.962695,2526.192539,125.0,685.0,39.0,26.0,
3,q3-random-2004,random,2004,detour1200,13,13,True,1.0,True,True,True,False,coverage_exhausted_and_all_detected_cleared,,3604.413558,277.2625813846154,0.10924709999744664,138,0,153,13627.067790000001,2725.413558,124.0,690.0,39.0,26.0,
3,q3-random-2004,random,2004,detour1400,13,13,True,1.0,True,True,True,False,coverage_exhausted_and_all_detected_cleared,,3841.159023,295.473771,0.12260519999836106,142,0,157,14695.795115,2939.159023,127.0,710.0,39.0,26.0,
3,q3-random-2004,random,2004,route1150,13,13,True,1.0,True,True,True,False,coverage_exhausted_and_all_detected_cleared,,3164.184297,243.39879207692306,0.11307360000137123,124,0,139,11860.921484999999,2372.184297,107.0,620.0,39.0,26.0,
3,q3-random-2004,random,2004,route1200,13,13,True,1.0,True,True,True,False,coverage_exhausted_and_all_detected_cleared,,3188.555023,245.2734633076923,0.11021679999976186,123,0,138,12007.775115,2401.555023,107.0,615.0,39.0,26.0,
3,q3-random-2004,random,2004,route1400,13,13,True,1.0,True,True,True,False,coverage_exhausted_and_all_detected_cleared,,3541.752794,272.44252261538463,0.10722919999898295,129,0,144,13588.76397,2717.752794,114.0,645.0,39.0,26.0,
3,q3-random-2004,random,2004,route1200_noneg,13,13,True,1.0,True,True,True,False,coverage_exhausted_and_all_detected_cleared,,3188.555023,245.2734633076923,0.09425370000099065,123,0,138,12007.775115,2401.555023,107.0,615.0,39.0,26.0,
3,q3-random-2005,random,2005,baseline_current,15,15,True,1.0,True,True,True,False,coverage_exhausted_and_all_detected_cleared,,5616.314676,374.4209784,0.13293899999916903,129,0,146,24046.57338,4809.314676,87.0,645.0,45.0,30.0,
3,q3-random-2005,random,2005,safe1500,15,15,True,1.0,True,True,True,False,coverage_exhausted_and_all_detected_cleared,,5616.314676,374.4209784,0.13173230000029434,129,0,146,24046.57338,4809.314676,87.0,645.0,45.0,30.0,
3,q3-random-2005,random,2005,immediate1150,15,15,True,1.0,True,True,True,False,coverage_exhausted_and_all_detected_cleared,,4719.950092,314.6633394666667,0.13437720000001718,132,0,149,19459.75046,3891.950092,93.0,660.0,45.0,30.0,
3,q3-random-2005,random,2005,immediate1200,15,15,True,1.0,True,True,True,False,coverage_exhausted_and_all_detected_cleared,,4546.686037,303.1124024666667,0.14211769999747048,132,0,149,18598.430185,3719.686037,92.0,660.0,45.0,30.0,
3,q3-random-2005,random,2005,immediate1400,15,15,True,1.0,True,True,True,False,coverage_exhausted_and_all_detected_cleared,,4762.182296,317.47881973333335,0.13355249999949592,128,0,145,19765.91148,3953.182296,94.0,640.0,45.0,30.0,
3,q3-random-2005,random,2005,detour1150,15,15,True,1.0,True,True,True,False,coverage_exhausted_and_all_detected_cleared,,4896.109208,326.40728053333333,0.13411919999998645,148,0,165,19780.54604,3956.109208,125.0,740.0,45.0,30.0,
3,q3-random-2005,random,2005,detour1200,15,15,True,1.0,True,True,True,False,coverage_exhausted_and_all_detected_cleared,,4291.873693,286.12491286666665,0.12696710000091116,145,0,162,16824.368465,3364.873693,127.0,725.0,45.0,30.0,
3,q3-random-2005,random,2005,detour1400,15,15,True,1.0,True,True,True,False,coverage_exhausted_and_all_detected_cleared,,5387.204101,359.1469400666667,0.1410677999992913,155,0,172,22021.020505,4404.204101,133.0,775.0,45.0,30.0,
3,q3-random-2005,random,2005,route1150,15,15,True,1.0,True,True,True,False,coverage_exhausted_and_all_detected_cleared,,3525.173553,235.0115702,0.13266579999981332,130,0,147,13465.867765,2693.173553,107.0,650.0,45.0,30.0,
3,q3-random-2005,random,2005,route1200,15,15,True,1.0,True,True,True,False,coverage_exhausted_and_all_detected_cleared,,3659.502812,243.96685413333336,0.13796760000332142,137,0,154,13942.514060000001,2788.502812,111.0,685.0,45.0,30.0,
3,q3-random-2005,random,2005,route1400,15,15,True,1.0,True,True,True,False,coverage_exhausted_and_all_detected_cleared,,3927.626983,261.8417988666667,0.12560019999727956,136,0,153,15303.134915,3060.626983,112.0,680.0,45.0,30.0,
3,q3-random-2005,random,2005,route1200_noneg,15,15,True,1.0,True,True,True,False,coverage_exhausted_and_all_detected_cleared,,3696.654256,246.44361706666666,0.12126100000023143,135,0,152,14178.271279999999,2835.654256,111.0,675.0,45.0,30.0,
3,q3-random-2006,random,2006,baseline_current,16,16,True,1.0,True,True,True,False,coverage_exhausted_and_all_detected_cleared,,4971.466566,310.716660375,0.1307628999966255,122,0,140,21002.33283,4200.466566,81.0,610.0,48.0,32.0,
3,q3-random-2006,random,2006,safe1500,16,16,True,1.0,True,True,True,False,source_count_upper_bound_reached,,4552.863357,284.5539598125,0.1308285999984946,114,0,132,19144.316785000003,3828.863357,74.0,570.0,48.0,32.0,
3,q3-random-2006,random,2006,immediate1150,16,16,True,1.0,True,True,True,False,source_count_upper_bound_reached,,4319.548082,269.971755125,0.14370229999985895,113,0,131,18002.74041,3600.548082,74.0,565.0,48.0,32.0,
3,q3-random-2006,random,2006,immediate1200,16,16,True,1.0,True,True,True,False,source_count_upper_bound_reached,,4185.349297,261.5843310625,0.13706760000059148,110,0,128,17406.746485,3481.349297,74.0,550.0,48.0,32.0,
3,q3-random-2006,random,2006,immediate1400,16,16,True,1.0,True,True,True,False,source_count_upper_bound_reached,,4356.82724,272.3017025,0.135590099998808,115,0,133,18104.1362,3620.82724,81.0,575.0,48.0,32.0,
3,q3-random-2006,random,2006,detour1150,16,16,True,1.0,True,True,True,False,source_count_upper_bound_reached,,4501.410523,281.3381576875,0.14070450000144774,148,0,166,17772.052615,3554.410523,127.0,740.0,48.0,32.0,
3,q3-random-2006,random,2006,detour1200,16,16,True,1.0,True,True,True,False,source_count_upper_bound_reached,,4441.427285,277.5892053125,0.12459410000155913,135,0,153,17827.136425,3565.427285,121.0,675.0,48.0,32.0,
3,q3-random-2006,random,2006,detour1400,16,16,True,1.0,True,True,True,False,source_count_upper_bound_reached,,4751.200399,296.9500249375,0.1400364000000991,146,0,164,19071.001995,3814.200399,127.0,730.0,48.0,32.0,
3,q3-random-2006,random,2006,route1150,16,16,True,1.0,True,True,True,False,source_count_upper_bound_reached,,3646.185967,227.8866229375,0.13332029999946826,133,0,151,13965.929834999999,2793.185967,108.0,665.0,48.0,32.0,
3,q3-random-2006,random,2006,route1200,16,16,True,1.0,True,True,True,False,source_count_upper_bound_reached,,3562.165536,222.635346,0.13221120000162045,130,0,148,13620.82768,2724.165536,108.0,650.0,48.0,32.0,
3,q3-random-2006,random,2006,route1400,16,16,True,1.0,True,True,True,False,source_count_upper_bound_reached,,3828.628674,239.289292125,0.129224799999065,129,0,147,14973.14337,2994.628674,109.0,645.0,48.0,32.0,
3,q3-random-2006,random,2006,route1200_noneg,16,16,True,1.0,True,True,True,False,source_count_upper_bound_reached,,3562.165536,222.635346,0.11679329999969923,130,0,148,13620.82768,2724.165536,108.0,650.0,48.0,32.0,
3,q3-random-2007,random,2007,baseline_current,13,13,True,1.0,True,True,True,False,coverage_exhausted_and_all_detected_cleared,,4282.95641,329.4581853846154,0.09571709999727318,117,0,132,17714.782049999998,3542.95641,90.0,585.0,39.0,26.0,
3,q3-random-2007,random,2007,safe1500,13,13,True,1.0,True,True,True,False,coverage_exhausted_and_all_detected_cleared,,4282.95641,329.4581853846154,0.0919452000016463,117,0,132,17714.782049999998,3542.95641,90.0,585.0,39.0,26.0,
3,q3-random-2007,random,2007,immediate1150,13,13,True,1.0,True,True,True,False,coverage_exhausted_and_all_detected_cleared,,4285.87623,329.6827869230769,0.11386299999867333,120,0,135,17644.38115,3528.87623,92.0,600.0,39.0,26.0,
3,q3-random-2007,random,2007,immediate1200,13,13,True,1.0,True,True,True,False,coverage_exhausted_and_all_detected_cleared,,4288.882871,329.914067,0.11617000000114786,121,0,136,17634.414355,3526.882871,92.0,605.0,39.0,26.0,
3,q3-random-2007,random,2007,immediate1400,13,13,True,1.0,True,True,True,False,coverage_exhausted_and_all_detected_cleared,,4208.383968,323.7218436923077,0.1051182000010158,117,0,132,17331.919840000002,3466.383968,92.0,585.0,39.0,26.0,
3,q3-random-2007,random,2007,detour1150,13,13,True,1.0,True,True,True,False,coverage_exhausted_and_all_detected_cleared,,4193.132518,322.54865523076927,0.11299969999890891,146,0,161,16320.66259,3264.132518,134.0,730.0,39.0,26.0,
3,q3-random-2007,random,2007,detour1200,13,13,True,1.0,True,True,True,False,coverage_exhausted_and_all_detected_cleared,,4174.417681,321.1090523846154,0.10478759999750764,145,0,160,16262.088404999999,3252.417681,132.0,725.0,39.0,26.0,
3,q3-random-2007,random,2007,detour1400,13,13,True,1.0,True,True,True,False,coverage_exhausted_and_all_detected_cleared,,4209.048322,323.77294784615384,0.11164320000170846,135,0,150,16725.24161,3345.048322,124.0,675.0,39.0,26.0,
3,q3-random-2007,random,2007,route1150,13,13,True,1.0,True,True,True,False,coverage_exhausted_and_all_detected_cleared,,3297.967249,253.68978838461538,0.11108170000079554,131,0,146,12329.836244999999,2465.967249,112.0,655.0,39.0,26.0,
3,q3-random-2007,random,2007,route1200,13,13,True,1.0,True,True,True,False,coverage_exhausted_and_all_detected_cleared,,3308.429768,254.49459753846153,0.11584640000000945,132,0,147,12357.14884,2471.429768,112.0,660.0,39.0,26.0,
3,q3-random-2007,random,2007,route1400,13,13,True,1.0,True,True,True,False,coverage_exhausted_and_all_detected_cleared,,3435.089883,264.2376833076923,0.10377209999933257,128,0,143,13110.449415000001,2622.089883,108.0,640.0,39.0,26.0,
3,q3-random-2007,random,2007,route1200_noneg,13,13,True,1.0,True,True,True,False,coverage_exhausted_and_all_detected_cleared,,3363.751415,258.75010884615386,0.09898160000011558,132,0,147,12633.757075000001,2526.751415,112.0,660.0,39.0,26.0,
3,q3-random-2008,random,2008,baseline_current,13,13,True,1.0,True,True,True,False,coverage_exhausted_and_all_detected_cleared,,4978.614467,382.97034361538465,0.10271869999996852,116,0,131,21243.072335,4248.614467,85.0,580.0,39.0,26.0,
3,q3-random-2008,random,2008,safe1500,13,13,True,1.0,True,True,True,False,coverage_exhausted_and_all_detected_cleared,,4978.614467,382.97034361538465,0.1016974999984086,116,0,131,21243.072335,4248.614467,85.0,580.0,39.0,26.0,
3,q3-random-2008,random,2008,immediate1150,13,13,True,1.0,True,True,True,False,coverage_exhausted_and_all_detected_cleared,,3930.770587,302.3669682307692,0.13278039999931934,123,0,138,15798.852934999999,3159.770587,91.0,615.0,39.0,26.0,
3,q3-random-2008,random,2008,immediate1200,13,13,True,1.0,True,True,True,False,coverage_exhausted_and_all_detected_cleared,,3947.357064,303.6428510769231,0.12825009999869508,123,0,138,15881.785319999999,3176.357064,91.0,615.0,39.0,26.0,
3,q3-random-2008,random,2008,immediate1400,13,13,True,1.0,True,True,True,False,coverage_exhausted_and_all_detected_cleared,,4060.802838,312.3694490769231,0.1307589000025473,125,0,140,16399.01419,3279.802838,91.0,625.0,39.0,26.0,
3,q3-random-2008,random,2008,detour1150,13,13,True,1.0,True,True,True,False,coverage_exhausted_and_all_detected_cleared,,3870.298444,297.7152649230769,0.11888700000054087,139,0,154,14886.49222,2977.298444,133.0,695.0,39.0,26.0,
3,q3-random-2008,random,2008,detour1200,13,13,True,1.0,True,True,True,False,coverage_exhausted_and_all_detected_cleared,,4071.16219,313.1663223076923,0.13340989999778685,145,0,160,15765.81095,3153.16219,128.0,725.0,39.0,26.0,
3,q3-random-2008,random,2008,detour1400,13,13,True,1.0,True,True,True,False,coverage_exhausted_and_all_detected_cleared,,4280.511454,329.2701118461539,0.10885620000044582,144,0,159,16827.55727,3365.511454,130.0,720.0,39.0,26.0,
3,q3-random-2008,random,2008,route1150,13,13,True,1.0,True,True,True,False,coverage_exhausted_and_all_detected_cleared,,3222.550138,247.88847215384615,0.12020760000086739,126,0,141,12087.75069,2417.550138,110.0,630.0,39.0,26.0,
3,q3-random-2008,random,2008,route1200,13,13,True,1.0,True,True,True,False,coverage_exhausted_and_all_detected_cleared,,3325.804026,255.83107892307692,0.12612580000131857,127,0,142,12574.020129999999,2514.804026,111.0,635.0,39.0,26.0,
3,q3-random-2008,random,2008,route1400,13,13,True,1.0,True,True,True,False,coverage_exhausted_and_all_detected_cleared,,3798.859402,292.21995400000003,0.13945890000104555,130,0,145,14909.29701,2981.859402,102.0,650.0,39.0,26.0,
3,q3-random-2008,random,2008,route1200_noneg,13,13,True,1.0,True,True,True,False,coverage_exhausted_and_all_detected_cleared,,3293.22765,253.32520384615384,0.11087589999806369,128,0,143,12381.13825,2476.22765,112.0,640.0,39.0,26.0,
3,q3-random-2009,random,2009,baseline_current,16,16,True,1.0,True,True,True,False,coverage_exhausted_and_all_detected_cleared,,5331.482359,333.2176474375,0.15449939999962226,129,0,147,22607.411795,4521.482359,85.0,645.0,48.0,32.0,
3,q3-random-2009,random,2009,safe1500,16,16,True,1.0,True,True,True,False,source_count_upper_bound_reached,,5331.482359,333.2176474375,0.1379644999979064,129,0,147,22607.411795,4521.482359,85.0,645.0,48.0,32.0,
3,q3-random-2009,random,2009,immediate1150,16,16,True,1.0,True,True,True,False,source_count_upper_bound_reached,,4551.580291,284.4737681875,0.1668653999986418,131,0,149,18637.901455,3727.580291,89.0,655.0,48.0,32.0,
3,q3-random-2009,random,2009,immediate1200,16,16,True,1.0,True,True,True,False,source_count_upper_bound_reached,,4646.982507,290.4364066875,0.16373449999809964,134,0,152,19039.912535,3807.982507,89.0,670.0,48.0,32.0,
3,q3-random-2009,random,2009,immediate1400,16,16,True,1.0,True,True,True,False,source_count_upper_bound_reached,,4916.742588,307.29641175,0.1650244999982533,134,0,152,20388.71294,4077.742588,89.0,670.0,48.0,32.0,
3,q3-random-2009,random,2009,detour1150,16,16,True,1.0,True,True,True,False,source_count_upper_bound_reached,,4859.499518,303.718719875,0.15408519999982673,148,0,166,19557.49759,3911.499518,128.0,740.0,48.0,32.0,
3,q3-random-2009,random,2009,detour1200,16,16,True,1.0,True,True,True,False,source_count_upper_bound_reached,,4615.579012,288.47368825,0.1530715999979293,138,0,156,18637.895060000003,3727.579012,118.0,690.0,48.0,32.0,
3,q3-random-2009,random,2009,detour1400,16,16,True,1.0,True,True,True,False,source_count_upper_bound_reached,,4952.04209,309.502630625,0.17614529999991646,158,0,176,19765.21045,3953.04209,129.0,790.0,48.0,32.0,
3,q3-random-2009,random,2009,route1150,16,16,True,1.0,True,True,True,False,source_count_upper_bound_reached,,4015.869516,250.99184475,0.16473079999923357,133,0,151,15809.347580000001,3161.869516,109.0,665.0,48.0,32.0,
3,q3-random-2009,random,2009,route1200,16,16,True,1.0,True,True,True,False,source_count_upper_bound_reached,,3984.260409,249.0162755625,0.15140949999840814,133,0,151,15656.302045,3131.260409,108.0,665.0,48.0,32.0,
3,q3-random-2009,random,2009,route1400,16,16,True,1.0,True,True,True,False,source_count_upper_bound_reached,,4426.085512,276.6303445,0.16913220000060392,144,0,162,17555.42756,3511.085512,115.0,720.0,48.0,32.0,
3,q3-random-2009,random,2009,route1200_noneg,16,16,True,1.0,True,True,True,False,source_count_upper_bound_reached,,3984.260409,249.0162755625,0.1441250999996555,133,0,151,15656.302045,3131.260409,108.0,665.0,48.0,32.0,
3,q3-random-2010,random,2010,baseline_current,11,11,True,1.0,True,True,True,False,coverage_exhausted_and_all_detected_cleared,,4794.735218,435.8850198181818,0.09976640000240877,131,0,144,19933.67609,3986.735218,98.0,655.0,33.0,22.0,
3,q3-random-2010,random,2010,safe1500,11,11,True,1.0,True,True,True,False,coverage_exhausted_and_all_detected_cleared,,4794.735218,435.8850198181818,0.10389869999926304,131,0,144,19933.67609,3986.735218,98.0,655.0,33.0,22.0,
3,q3-random-2010,random,2010,immediate1150,11,11,True,1.0,True,True,True,False,coverage_exhausted_and_all_detected_cleared,,4246.183171,386.01665190909085,0.11880590000146185,131,0,144,17190.915855,3438.183171,98.0,655.0,33.0,22.0,
3,q3-random-2010,random,2010,immediate1200,11,11,True,1.0,True,True,True,False,coverage_exhausted_and_all_detected_cleared,,4435.177919,403.1979926363636,0.1288810999976704,136,0,149,18010.889595,3602.177919,98.0,680.0,33.0,22.0,
3,q3-random-2010,random,2010,immediate1400,11,11,True,1.0,True,True,True,False,coverage_exhausted_and_all_detected_cleared,,4312.737169,392.06701536363636,0.11454389999926207,131,0,144,17523.685845,3504.737169,98.0,655.0,33.0,22.0,
3,q3-random-2010,random,2010,detour1150,11,11,True,1.0,True,True,True,False,coverage_exhausted_and_all_detected_cleared,,3683.917057,334.90155063636365,0.0947264999995241,136,0,149,14099.585285000001,2819.917057,129.0,680.0,33.0,22.0,
3,q3-random-2010,random,2010,detour1200,11,11,True,1.0,True,True,True,False,coverage_exhausted_and_all_detected_cleared,,3904.442238,354.9492943636364,0.10505869999906281,133,0,146,15352.21119,3070.442238,114.0,665.0,33.0,22.0,
3,q3-random-2010,random,2010,detour1400,11,11,True,1.0,True,True,True,False,coverage_exhausted_and_all_detected_cleared,,4208.91187,382.6283518181818,0.11689529999785009,149,0,162,16384.55935,3276.91187,132.0,745.0,33.0,22.0,
3,q3-random-2010,random,2010,route1150,11,11,True,1.0,True,True,True,False,coverage_exhausted_and_all_detected_cleared,,3461.427982,314.6752710909091,0.11453059999985271,130,0,143,13237.139910000002,2647.427982,109.0,650.0,33.0,22.0,
3,q3-random-2010,random,2010,route1200,11,11,True,1.0,True,True,True,False,coverage_exhausted_and_all_detected_cleared,,3675.42978,334.12998,0.13891289999810397,135,0,148,14182.1489,2836.42978,109.0,675.0,33.0,22.0,
3,q3-random-2010,random,2010,route1400,11,11,True,1.0,True,True,True,False,coverage_exhausted_and_all_detected_cleared,,3994.358894,363.12353581818184,0.11175340000045253,140,0,153,15621.79447,3124.358894,115.0,700.0,33.0,22.0,
3,q3-random-2010,random,2010,route1200_noneg,11,11,True,1.0,True,True,True,False,coverage_exhausted_and_all_detected_cleared,,3675.42978,334.12998,0.09566709999853629,135,0,148,14182.1489,2836.42978,109.0,675.0,33.0,22.0,
3,q3-random-2011,random,2011,baseline_current,11,11,True,1.0,True,True,True,False,coverage_exhausted_and_all_detected_cleared,,5098.058711,463.45988281818177,0.11234440000043833,133,0,146,21405.293554999997,4281.058711,97.0,665.0,33.0,22.0,
3,q3-random-2011,random,2011,safe1500,11,11,True,1.0,True,True,True,False,coverage_exhausted_and_all_detected_cleared,,5098.058711,463.45988281818177,0.1136134000007587,133,0,146,21405.293554999997,4281.058711,97.0,665.0,33.0,22.0,
3,q3-random-2011,random,2011,immediate1150,11,11,True,1.0,True,True,True,False,coverage_exhausted_and_all_detected_cleared,,4192.751191,381.1591991818182,0.10960730000078911,126,0,139,17053.755955,3410.751191,97.0,630.0,33.0,22.0,
3,q3-random-2011,random,2011,immediate1200,11,11,True,1.0,True,True,True,False,coverage_exhausted_and_all_detected_cleared,,4305.55816,391.41437818181817,0.12360909999915748,130,0,143,17517.7908,3503.55816,97.0,650.0,33.0,22.0,
3,q3-random-2011,random,2011,immediate1400,11,11,True,1.0,True,True,True,False,coverage_exhausted_and_all_detected_cleared,,4326.108779,393.2826162727273,0.11560989999998128,128,0,141,17670.543895000003,3534.108779,97.0,640.0,33.0,22.0,
3,q3-random-2011,random,2011,detour1150,11,11,True,1.0,True,True,True,False,coverage_exhausted_and_all_detected_cleared,,4421.249385,401.93176227272727,0.10951059999933932,147,0,160,17511.246925,3502.249385,129.0,735.0,33.0,22.0,
3,q3-random-2011,random,2011,detour1200,11,11,True,1.0,True,True,True,False,coverage_exhausted_and_all_detected_cleared,,3970.116817,360.9197106363636,0.11969870000029914,139,0,152,15505.584085,3101.116817,119.0,695.0,33.0,22.0,
3,q3-random-2011,random,2011,detour1400,11,11,True,1.0,True,True,True,False,coverage_exhausted_and_all_detected_cleared,,4486.436602,407.8578729090909,0.11548989999937476,149,0,162,17797.18301,3559.436602,127.0,745.0,33.0,22.0,
3,q3-random-2011,random,2011,route1150,11,11,True,1.0,True,True,True,False,coverage_exhausted_and_all_detected_cleared,,3194.27782,290.3888927272727,0.10279679999803193,134,0,147,11741.389099999999,2348.27782,121.0,670.0,33.0,22.0,
3,q3-random-2011,random,2011,route1200,11,11,True,1.0,True,True,True,False,coverage_exhausted_and_all_detected_cleared,,3291.347793,299.2134357272727,0.10795199999847682,137,0,150,12156.738965,2431.347793,120.0,685.0,33.0,22.0,
3,q3-random-2011,random,2011,route1400,11,11,True,1.0,True,True,True,False,coverage_exhausted_and_all_detected_cleared,,3789.842397,344.53112699999997,0.10544710000249324,135,0,148,14729.211985,2945.842397,114.0,675.0,33.0,22.0,
3,q3-random-2011,random,2011,route1200_noneg,11,11,True,1.0,True,True,True,False,coverage_exhausted_and_all_detected_cleared,,3481.221647,316.47469518181816,0.0922705999983009,139,0,152,13056.108235,2611.221647,120.0,695.0,33.0,22.0,
3,q3-random-2012,random,2012,baseline_current,11,11,True,1.0,True,True,True,False,coverage_exhausted_and_all_detected_cleared,,4649.057477,422.64158881818184,0.09342770000148448,124,0,137,19395.287385,3879.057477,95.0,620.0,33.0,22.0,
3,q3-random-2012,random,2012,safe1500,11,11,True,1.0,True,True,True,False,coverage_exhausted_and_all_detected_cleared,,4649.057477,422.64158881818184,0.093397399999958,124,0,137,19395.287385,3879.057477,95.0,620.0,33.0,22.0,
3,q3-random-2012,random,2012,immediate1150,11,11,True,1.0,True,True,True,False,coverage_exhausted_and_all_detected_cleared,,4313.054825,392.0958931818182,0.1159388999985822,128,0,141,17590.274125,3518.054825,100.0,640.0,33.0,22.0,
3,q3-random-2012,random,2012,immediate1200,11,11,True,1.0,True,True,True,False,coverage_exhausted_and_all_detected_cleared,,4323.267331,393.0243028181818,0.12637180000092485,134,0,147,17476.336655,3495.267331,103.0,670.0,33.0,22.0,
3,q3-random-2012,random,2012,immediate1400,11,11,True,1.0,True,True,True,False,coverage_exhausted_and_all_detected_cleared,,4359.832773,396.34843390909094,0.11806779999824357,132,0,145,17709.163865000002,3541.832773,103.0,660.0,33.0,22.0,
3,q3-random-2012,random,2012,detour1150,11,11,True,1.0,True,True,True,False,coverage_exhausted_and_all_detected_cleared,,3664.85712,333.1688290909091,0.09993849999955273,139,0,152,13934.285600000001,2786.85712,128.0,695.0,33.0,22.0,
3,q3-random-2012,random,2012,detour1200,11,11,True,1.0,True,True,True,False,coverage_exhausted_and_all_detected_cleared,,3930.452657,357.3138779090909,0.09718989999964833,137,0,150,15332.263284999999,3066.452657,124.0,685.0,33.0,22.0,
3,q3-random-2012,random,2012,detour1400,11,11,True,1.0,True,True,True,False,coverage_exhausted_and_all_detected_cleared,,3965.187803,360.4716184545454,0.10191570000097272,134,0,147,15575.939015,3115.187803,125.0,670.0,33.0,22.0,
3,q3-random-2012,random,2012,route1150,11,11,True,1.0,True,True,True,False,coverage_exhausted_and_all_detected_cleared,,3093.237554,281.203414,0.11016860000017914,140,0,153,11061.187769999999,2212.237554,126.0,700.0,33.0,22.0,
3,q3-random-2012,random,2012,route1200,11,11,True,1.0,True,True,True,False,coverage_exhausted_and_all_detected_cleared,,3148.39538,286.2177618181818,0.1092672999984643,140,0,153,11336.9769,2267.39538,126.0,700.0,33.0,22.0,
3,q3-random-2012,random,2012,route1400,11,11,True,1.0,True,True,True,False,coverage_exhausted_and_all_detected_cleared,,3537.391003,321.5810002727273,0.10291230000075302,143,0,156,13201.955015000001,2640.391003,127.0,715.0,33.0,22.0,
3,q3-random-2012,random,2012,route1200_noneg,11,11,True,1.0,True,True,True,False,coverage_exhausted_and_all_detected_cleared,,3148.39538,286.2177618181818,0.0821353999999701,140,0,153,11336.9769,2267.39538,126.0,700.0,33.0,22.0,
3,q3-random-2013,random,2013,baseline_current,13,13,True,1.0,True,True,True,False,coverage_exhausted_and_all_detected_cleared,,5443.601071,418.7385439230769,0.10761389999970561,143,0,158,22793.005355,4558.601071,105.0,715.0,39.0,26.0,
3,q3-random-2013,random,2013,safe1500,13,13,True,1.0,True,True,True,False,coverage_exhausted_and_all_detected_cleared,,5443.601071,418.7385439230769,0.10486200000013923,143,0,158,22793.005355,4558.601071,105.0,715.0,39.0,26.0,
3,q3-random-2013,random,2013,immediate1150,13,13,True,1.0,True,True,True,False,coverage_exhausted_and_all_detected_cleared,,4350.154406,334.627262,0.12885289999758243,125,0,140,17875.77203,3575.154406,85.0,625.0,39.0,26.0,
3,q3-random-2013,random,2013,immediate1200,13,13,True,1.0,True,True,True,False,coverage_exhausted_and_all_detected_cleared,,4355.482313,335.037101,0.1283317999987048,124,0,139,17927.411565,3585.482313,85.0,620.0,39.0,26.0,
3,q3-random-2013,random,2013,immediate1400,13,13,True,1.0,True,True,True,False,coverage_exhausted_and_all_detected_cleared,,4585.589841,352.7376800769231,0.13171040000088396,126,0,141,19027.949205,3805.589841,85.0,630.0,39.0,26.0,
3,q3-random-2013,random,2013,detour1150,13,13,True,1.0,True,True,True,False,coverage_exhausted_and_all_detected_cleared,,4332.013774,333.2318287692308,0.12000919999991311,155,0,170,16830.06887,3366.013774,126.0,775.0,39.0,26.0,
3,q3-random-2013,random,2013,detour1200,13,13,True,1.0,True,True,True,False,coverage_exhausted_and_all_detected_cleared,,3855.927746,296.6098266153846,0.11329200000182027,153,0,168,14474.638729999999,2894.927746,131.0,765.0,39.0,26.0,
3,q3-random-2013,random,2013,detour1400,13,13,True,1.0,True,True,True,False,coverage_exhausted_and_all_detected_cleared,,4510.833355,346.9871811538461,0.12850189999880968,159,0,174,17609.166775,3521.833355,129.0,795.0,39.0,26.0,
3,q3-random-2013,random,2013,route1150,13,13,True,1.0,True,True,True,False,coverage_exhausted_and_all_detected_cleared,,3603.530358,277.1946429230769,0.12537000000156695,139,0,154,13652.65179,2730.530358,113.0,695.0,39.0,26.0,
3,q3-random-2013,random,2013,route1200,13,13,True,1.0,True,True,True,False,coverage_exhausted_and_all_detected_cleared,,3581.744581,275.5188139230769,0.12116429999878164,137,0,152,13598.722904999999,2719.744581,112.0,685.0,39.0,26.0,
3,q3-random-2013,random,2013,route1400,13,13,True,1.0,True,True,True,False,coverage_exhausted_and_all_detected_cleared,,4035.970355,310.45925807692305,0.12058059999981197,148,0,163,15554.851775,3110.970355,120.0,740.0,39.0,26.0,
3,q3-random-2013,random,2013,route1200_noneg,13,13,True,1.0,True,True,True,False,coverage_exhausted_and_all_detected_cleared,,3582.881294,275.60625338461534,0.1135128000023542,149,0,164,13264.406469999998,2652.881294,120.0,745.0,39.0,26.0,
3,q3-random-2014,random,2014,baseline_current,10,10,True,1.0,True,True,True,False,coverage_exhausted_and_all_detected_cleared,,4868.296891,486.8296891,0.0812158000007912,132,0,144,20256.484454999998,4051.296891,107.0,660.0,30.0,20.0,
3,q3-random-2014,random,2014,safe1500,10,10,True,1.0,True,True,True,False,coverage_exhausted_and_all_detected_cleared,,4868.296891,486.8296891,0.08409409999876516,132,0,144,20256.484454999998,4051.296891,107.0,660.0,30.0,20.0,
3,q3-random-2014,random,2014,immediate1150,10,10,True,1.0,True,True,True,False,coverage_exhausted_and_all_detected_cleared,,3724.641703,372.4641703,0.09854219999760971,135,0,147,14463.208514999998,2892.641703,107.0,675.0,30.0,20.0,
3,q3-random-2014,random,2014,immediate1200,10,10,True,1.0,True,True,True,False,coverage_exhausted_and_all_detected_cleared,,3706.77482,370.677482,0.10986620000039693,135,0,147,14373.8741,2874.77482,107.0,675.0,30.0,20.0,
3,q3-random-2014,random,2014,immediate1400,10,10,True,1.0,True,True,True,False,coverage_exhausted_and_all_detected_cleared,,3445.357886,344.5357886,0.09009429999787244,130,0,142,13191.789429999999,2638.357886,107.0,650.0,30.0,20.0,
3,q3-random-2014,random,2014,detour1150,10,10,True,1.0,True,True,True,False,coverage_exhausted_and_all_detected_cleared,,4119.231356,411.9231356,0.08694789999935892,143,0,155,16101.15678,3220.231356,134.0,715.0,30.0,20.0,
3,q3-random-2014,random,2014,detour1200,10,10,True,1.0,True,True,True,False,coverage_exhausted_and_all_detected_cleared,,3748.679588,374.8679588,0.10764660000131698,146,0,158,14188.397939999999,2837.679588,131.0,730.0,30.0,20.0,
3,q3-random-2014,random,2014,detour1400,10,10,True,1.0,True,True,True,False,coverage_exhausted_and_all_detected_cleared,,3825.405329,382.5405329,0.09879979999823263,142,0,154,14682.026645000002,2936.405329,129.0,710.0,30.0,20.0,
3,q3-random-2014,random,2014,route1150,10,10,True,1.0,True,True,True,False,coverage_exhausted_and_all_detected_cleared,,3003.333851,300.3333851,0.09623220000139554,135,0,147,10816.669254999999,2163.333851,115.0,675.0,30.0,20.0,
3,q3-random-2014,random,2014,route1200,10,10,True,1.0,True,True,True,False,coverage_exhausted_and_all_detected_cleared,,3080.739602,308.0739602,0.09906499999851803,137,0,149,11158.69801,2231.739602,114.0,685.0,30.0,20.0,
3,q3-random-2014,random,2014,route1400,10,10,True,1.0,True,True,True,False,coverage_exhausted_and_all_detected_cleared,,3490.588385,349.0588385,0.11267049999878509,141,0,153,13087.941925,2617.588385,118.0,705.0,30.0,20.0,
3,q3-random-2014,random,2014,route1200_noneg,10,10,True,1.0,True,True,True,False,coverage_exhausted_and_all_detected_cleared,,3084.362535,308.4362535,0.0812645000005432,136,0,148,11201.812675000001,2240.362535,114.0,680.0,30.0,20.0,
3,q3-random-2015,random,2015,baseline_current,13,13,True,1.0,True,True,True,False,coverage_exhausted_and_all_detected_cleared,,5449.866886,419.22052969230765,0.10540419999961159,125,0,140,23349.33443,4669.866886,90.0,625.0,39.0,26.0,
3,q3-random-2015,random,2015,safe1500,13,13,True,1.0,True,True,True,False,coverage_exhausted_and_all_detected_cleared,,5449.866886,419.22052969230765,0.10152759999982663,125,0,140,23349.33443,4669.866886,90.0,625.0,39.0,26.0,
3,q3-random-2015,random,2015,immediate1150,13,13,True,1.0,True,True,True,False,coverage_exhausted_and_all_detected_cleared,,4521.943894,347.841838,0.12464149999868823,126,0,141,18689.71947,3737.943894,89.0,630.0,39.0,26.0,
3,q3-random-2015,random,2015,immediate1200,13,13,True,1.0,True,True,True,False,coverage_exhausted_and_all_detected_cleared,,3904.384642,300.33728015384617,0.11934249999831081,144,0,159,15036.92321,3007.384642,112.0,720.0,39.0,26.0,
3,q3-random-2015,random,2015,immediate1400,13,13,True,1.0,True,True,True,False,coverage_exhausted_and_all_detected_cleared,,4053.535808,311.8104467692308,0.11941640000077314,141,0,156,15852.67904,3170.535808,113.0,705.0,39.0,26.0,
3,q3-random-2015,random,2015,detour1150,13,13,True,1.0,True,True,True,False,coverage_exhausted_and_all_detected_cleared,,3810.591078,293.12239061538463,0.11456620000171824,143,0,158,14532.95539,2906.591078,124.0,715.0,39.0,26.0,
3,q3-random-2015,random,2015,detour1200,13,13,True,1.0,True,True,True,False,coverage_exhausted_and_all_detected_cleared,,4104.789126,315.75300969230767,0.11127810000107274,153,0,168,15698.94563,3139.789126,135.0,765.0,39.0,26.0,
3,q3-random-2015,random,2015,detour1400,13,13,True,1.0,True,True,True,False,coverage_exhausted_and_all_detected_cleared,,3812.421811,293.2632162307692,0.11553429999912623,138,0,153,14687.109055,2937.421811,120.0,690.0,39.0,26.0,
3,q3-random-2015,random,2015,route1150,13,13,True,1.0,True,True,True,False,coverage_exhausted_and_all_detected_cleared,,3321.497134,255.49977953846155,0.1327956000022823,141,0,156,12197.485670000002,2439.497134,112.0,705.0,39.0,26.0,
3,q3-random-2015,random,2015,route1200,13,13,True,1.0,True,True,True,False,coverage_exhausted_and_all_detected_cleared,,3364.916219,258.8397091538462,0.11696200000005774,141,0,156,12404.581095000001,2480.916219,114.0,705.0,39.0,26.0,
3,q3-random-2015,random,2015,route1400,13,13,True,1.0,True,True,True,False,coverage_exhausted_and_all_detected_cleared,,3679.262849,283.02021915384614,0.10708050000175717,137,0,152,14076.314245000001,2815.262849,114.0,685.0,39.0,26.0,
3,q3-random-2015,random,2015,route1200_noneg,13,13,True,1.0,True,True,True,False,coverage_exhausted_and_all_detected_cleared,,3611.938327,277.8414097692308,0.11710170000151265,142,0,157,13614.691635,2722.938327,114.0,710.0,39.0,26.0,
3,q3-random-2016,random,2016,baseline_current,12,12,True,1.0,True,True,True,False,coverage_exhausted_and_all_detected_cleared,,5372.690074,447.72417283333334,0.08962909999900148,123,0,137,23028.45037,4605.690074,92.0,615.0,36.0,24.0,
3,q3-random-2016,random,2016,safe1500,12,12,True,1.0,True,True,True,False,coverage_exhausted_and_all_detected_cleared,,5372.690074,447.72417283333334,0.09114240000053542,123,0,137,23028.45037,4605.690074,92.0,615.0,36.0,24.0,
3,q3-random-2016,random,2016,immediate1150,12,12,True,1.0,True,True,True,False,coverage_exhausted_and_all_detected_cleared,,4430.448157,369.20401308333334,0.11485850000099163,123,0,137,18317.240784999998,3663.448157,92.0,615.0,36.0,24.0,
3,q3-random-2016,random,2016,immediate1200,12,12,True,1.0,True,True,True,False,coverage_exhausted_and_all_detected_cleared,,4322.696246,360.2246871666667,0.10872479999670759,118,0,132,17903.48123,3580.696246,92.0,590.0,36.0,24.0,
3,q3-random-2016,random,2016,immediate1400,12,12,True,1.0,True,True,True,False,coverage_exhausted_and_all_detected_cleared,,4544.271968,378.68933066666665,0.12536380000165082,125,0,139,18836.35984,3767.271968,92.0,625.0,36.0,24.0,
3,q3-random-2016,random,2016,detour1150,12,12,True,1.0,True,True,True,False,coverage_exhausted_and_all_detected_cleared,,4013.711472,334.475956,0.10297509999873,140,0,154,15643.557359999999,3128.711472,125.0,700.0,36.0,24.0,
3,q3-random-2016,random,2016,detour1200,12,12,True,1.0,True,True,True,False,coverage_exhausted_and_all_detected_cleared,,3824.718751,318.7265625833333,0.10934360000101151,134,0,148,14833.593755,2966.718751,128.0,670.0,36.0,24.0,
3,q3-random-2016,random,2016,detour1400,12,12,True,1.0,True,True,True,False,coverage_exhausted_and_all_detected_cleared,,4204.197098,350.3497581666666,0.10211139999955776,146,0,160,16400.98549,3280.197098,134.0,730.0,36.0,24.0,
3,q3-random-2016,random,2016,route1150,12,12,True,1.0,True,True,True,False,coverage_exhausted_and_all_detected_cleared,,3388.290906,282.3575755,0.10956660000010743,132,0,146,12781.45453,2556.290906,112.0,660.0,36.0,24.0,
3,q3-random-2016,random,2016,route1200,12,12,True,1.0,True,True,True,False,coverage_exhausted_and_all_detected_cleared,,3253.371881,271.11432341666665,0.10455440000077942,128,0,142,12201.859405,2440.371881,113.0,640.0,36.0,24.0,
3,q3-random-2016,random,2016,route1400,12,12,True,1.0,True,True,True,False,coverage_exhausted_and_all_detected_cleared,,3394.994557,282.91621308333333,0.11416869999811752,133,0,147,12784.972785,2556.994557,113.0,665.0,36.0,24.0,
3,q3-random-2016,random,2016,route1200_noneg,12,12,True,1.0,True,True,True,False,coverage_exhausted_and_all_detected_cleared,,3253.371881,271.11432341666665,0.08492149999801768,128,0,142,12201.859405,2440.371881,113.0,640.0,36.0,24.0,
3,q3-random-2017,random,2017,baseline_current,12,12,True,1.0,True,True,True,False,coverage_exhausted_and_all_detected_cleared,,5067.146588,422.26221566666663,0.1032816000006278,125,0,139,21460.732939999998,4292.146588,90.0,625.0,36.0,24.0,
3,q3-random-2017,random,2017,safe1500,12,12,True,1.0,True,True,True,False,coverage_exhausted_and_all_detected_cleared,,5067.146588,422.26221566666663,0.12223059999814723,125,0,139,21460.732939999998,4292.146588,90.0,625.0,36.0,24.0,
3,q3-random-2017,random,2017,immediate1150,12,12,True,1.0,True,True,True,False,coverage_exhausted_and_all_detected_cleared,,4305.119189,358.7599324166667,0.11866900000313763,115,0,129,17940.595945,3588.119189,82.0,575.0,36.0,24.0,
3,q3-random-2017,random,2017,immediate1200,12,12,True,1.0,True,True,True,False,coverage_exhausted_and_all_detected_cleared,,4379.559365,364.9632804166667,0.12186190000284114,118,0,132,18237.796825,3647.559365,82.0,590.0,36.0,24.0,
3,q3-random-2017,random,2017,immediate1400,12,12,True,1.0,True,True,True,False,coverage_exhausted_and_all_detected_cleared,,4556.050349,379.6708624166667,0.1263338000026124,117,0,131,19145.251745,3829.050349,82.0,585.0,36.0,24.0,
3,q3-random-2017,random,2017,detour1150,12,12,True,1.0,True,True,True,False,coverage_exhausted_and_all_detected_cleared,,3391.579052,282.6315876666667,0.11043829999834998,131,0,145,12797.895260000001,2559.579052,117.0,655.0,36.0,24.0,
3,q3-random-2017,random,2017,detour1200,12,12,True,1.0,True,True,True,False,coverage_exhausted_and_all_detected_cleared,,3660.987571,305.08229758333334,0.11563989999922342,144,0,158,13754.937855,2750.987571,130.0,720.0,36.0,24.0,
3,q3-random-2017,random,2017,detour1400,12,12,True,1.0,True,True,True,False,coverage_exhausted_and_all_detected_cleared,,3831.207565,319.26729708333335,0.10748479999892879,145,0,159,14576.037825000001,2915.207565,131.0,725.0,36.0,24.0,
3,q3-random-2017,random,2017,route1150,12,12,True,1.0,True,True,True,False,coverage_exhausted_and_all_detected_cleared,,3197.179741,266.4316450833333,0.10766510000030394,135,0,149,11710.898705,2342.179741,120.0,675.0,36.0,24.0,
3,q3-random-2017,random,2017,route1200,12,12,True,1.0,True,True,True,False,coverage_exhausted_and_all_detected_cleared,,3308.462479,275.70520658333334,0.11677740000232006,140,0,154,12142.312394999999,2428.462479,120.0,700.0,36.0,24.0,
3,q3-random-2017,random,2017,route1400,12,12,True,1.0,True,True,True,False,coverage_exhausted_and_all_detected_cleared,,3663.007706,305.25064216666664,0.11007109999991371,136,0,150,14030.03853,2806.007706,117.0,680.0,36.0,24.0,
3,q3-random-2017,random,2017,route1200_noneg,12,12,True,1.0,True,True,True,False,coverage_exhausted_and_all_detected_cleared,,3429.30822,285.775685,0.10767010000199662,143,0,157,12671.541099999999,2534.30822,120.0,715.0,36.0,24.0,
3,q3-random-2018,random,2018,baseline_current,13,13,True,1.0,True,True,True,False,coverage_exhausted_and_all_detected_cleared,,5368.19624,412.9381723076923,0.12140949999957229,129,0,144,22845.981200000002,4569.19624,89.0,645.0,39.0,26.0,
3,q3-random-2018,random,2018,safe1500,13,13,True,1.0,True,True,True,False,coverage_exhausted_and_all_detected_cleared,,5368.19624,412.9381723076923,0.13065959999948973,129,0,144,22845.981200000002,4569.19624,89.0,645.0,39.0,26.0,
3,q3-random-2018,random,2018,immediate1150,13,13,True,1.0,True,True,True,False,coverage_exhausted_and_all_detected_cleared,,4701.187089,361.62977607692306,0.12726710000060848,129,0,144,19510.935445,3902.187089,89.0,645.0,39.0,26.0,
3,q3-random-2018,random,2018,immediate1200,13,13,True,1.0,True,True,True,False,coverage_exhausted_and_all_detected_cleared,,4728.339183,363.7183986923077,0.1274413999999524,127,0,142,19696.695915,3939.339183,89.0,635.0,39.0,26.0,
3,q3-random-2018,random,2018,immediate1400,13,13,True,1.0,True,True,True,False,coverage_exhausted_and_all_detected_cleared,,4714.811654,362.67781953846156,0.15716880000036326,125,0,140,19679.05827,3935.811654,89.0,625.0,39.0,26.0,
3,q3-random-2018,random,2018,detour1150,13,13,True,1.0,True,True,True,False,coverage_exhausted_and_all_detected_cleared,,3659.820932,281.5246870769231,0.09933889999956591,142,0,157,13784.10466,2756.820932,128.0,710.0,39.0,26.0,
3,q3-random-2018,random,2018,detour1200,13,13,True,1.0,True,True,True,False,coverage_exhausted_and_all_detected_cleared,,4195.32476,322.71728923076927,0.08672379999916302,141,0,156,16501.6238,3300.32476,125.0,705.0,39.0,26.0,
3,q3-random-2018,random,2018,detour1400,13,13,True,1.0,True,True,True,False,coverage_exhausted_and_all_detected_cleared,,3961.300051,304.7153885384615,0.08523220000279252,146,0,161,15196.500255,3039.300051,127.0,730.0,39.0,26.0,
3,q3-random-2018,random,2018,route1150,13,13,True,1.0,True,True,True,False,coverage_exhausted_and_all_detected_cleared,,3316.944966,255.14961276923077,0.08452450000186218,127,0,142,12539.72483,2507.944966,109.0,635.0,39.0,26.0,
3,q3-random-2018,random,2018,route1200,13,13,True,1.0,True,True,True,False,coverage_exhausted_and_all_detected_cleared,,3329.088147,256.0837036153846,0.10259450000012293,126,0,141,12625.440735,2525.088147,109.0,630.0,39.0,26.0,
3,q3-random-2018,random,2018,route1400,13,13,True,1.0,True,True,True,False,coverage_exhausted_and_all_detected_cleared,,3820.477474,293.8828826153846,0.1376124999987951,145,0,160,14572.387369999999,2914.477474,116.0,725.0,39.0,26.0,
3,q3-random-2018,random,2018,route1200_noneg,13,13,True,1.0,True,True,True,False,coverage_exhausted_and_all_detected_cleared,,3329.088147,256.0837036153846,0.07496289999835426,126,0,141,12625.440735,2525.088147,109.0,630.0,39.0,26.0,
3,q3-random-2019,random,2019,baseline_current,14,14,True,1.0,True,True,True,False,coverage_exhausted_and_all_detected_cleared,,5018.56887,358.469205,0.08595509999940987,125,0,141,21187.84435,4237.56887,86.0,625.0,42.0,28.0,
3,q3-random-2019,random,2019,safe1500,14,14,True,1.0,True,True,True,False,coverage_exhausted_and_all_detected_cleared,,5018.56887,358.469205,0.10780009999871254,125,0,141,21187.84435,4237.56887,86.0,625.0,42.0,28.0,
3,q3-random-2019,random,2019,immediate1150,14,14,True,1.0,True,True,True,False,coverage_exhausted_and_all_detected_cleared,,5053.066438,360.933317,0.11551309999777004,126,0,142,21335.33219,4267.066438,86.0,630.0,42.0,28.0,
3,q3-random-2019,random,2019,immediate1200,14,14,True,1.0,True,True,True,False,coverage_exhausted_and_all_detected_cleared,,4981.22546,355.80181857142856,0.10830540000097244,127,0,143,20951.1273,4190.22546,86.0,635.0,42.0,28.0,
3,q3-random-2019,random,2019,immediate1400,14,14,True,1.0,True,True,True,False,coverage_exhausted_and_all_detected_cleared,,4872.683747,348.0488390714286,0.090396999999939,120,0,136,20583.418735,4116.683747,86.0,600.0,42.0,28.0,
3,q3-random-2019,random,2019,detour1150,14,14,True,1.0,True,True,True,False,coverage_exhausted_and_all_detected_cleared,,4250.526507,303.6090362142857,0.08725210000193329,142,0,158,16717.632535,3343.526507,127.0,710.0,42.0,28.0,
3,q3-random-2019,random,2019,detour1200,14,14,True,1.0,True,True,True,False,coverage_exhausted_and_all_detected_cleared,,4255.493411,303.9638150714286,0.09005600000091363,140,0,156,16852.467055,3370.493411,115.0,700.0,42.0,28.0,
3,q3-random-2019,random,2019,detour1400,14,14,True,1.0,True,True,True,False,coverage_exhausted_and_all_detected_cleared,,4488.678239,320.6198742142857,0.0798787000021548,144,0,160,17843.391195,3568.678239,130.0,720.0,42.0,28.0,
3,q3-random-2019,random,2019,route1150,14,14,True,1.0,True,True,True,False,coverage_exhausted_and_all_detected_cleared,,3645.686829,260.4062020714286,0.08083889999761595,135,0,151,13938.434145000001,2787.686829,113.0,675.0,42.0,28.0,
3,q3-random-2019,random,2019,route1200,14,14,True,1.0,True,True,True,False,coverage_exhausted_and_all_detected_cleared,,3602.650372,257.33216942857143,0.0811504999983299,136,0,152,13703.25186,2740.650372,112.0,680.0,42.0,28.0,
3,q3-random-2019,random,2019,route1400,14,14,True,1.0,True,True,True,False,coverage_exhausted_and_all_detected_cleared,,3787.223234,270.5159452857143,0.09278439999980037,145,0,161,14356.116170000001,2871.223234,121.0,725.0,42.0,28.0,
3,q3-random-2019,random,2019,route1200_noneg,14,14,True,1.0,True,True,True,False,coverage_exhausted_and_all_detected_cleared,,3655.603159,261.1145113571428,0.07845280000037747,139,0,155,13898.015795,2779.603159,111.0,695.0,42.0,28.0,
3,q3-random-2020,random,2020,baseline_current,13,13,True,1.0,True,True,True,False,coverage_exhausted_and_all_detected_cleared,,5548.26671,426.7897469230769,0.08207000000038533,126,0,141,23836.33355,4767.26671,86.0,630.0,39.0,26.0,
3,q3-random-2020,random,2020,safe1500,13,13,True,1.0,True,True,True,False,coverage_exhausted_and_all_detected_cleared,,5548.26671,426.7897469230769,0.07444010000108392,126,0,141,23836.33355,4767.26671,86.0,630.0,39.0,26.0,
3,q3-random-2020,random,2020,immediate1150,13,13,True,1.0,True,True,True,False,coverage_exhausted_and_all_detected_cleared,,4725.353048,363.488696,0.11836780000157887,125,0,140,19746.76524,3949.353048,86.0,625.0,39.0,26.0,
3,q3-random-2020,random,2020,immediate1200,13,13,True,1.0,True,True,True,False,coverage_exhausted_and_all_detected_cleared,,4815.656992,370.43515323076923,0.1352370000022347,127,0,142,20148.28496,4029.656992,86.0,635.0,39.0,26.0,
3,q3-random-2020,random,2020,immediate1400,13,13,True,1.0,True,True,True,False,coverage_exhausted_and_all_detected_cleared,,4577.094298,352.0841767692308,0.12953570000172476,119,0,134,19155.47149,3831.094298,86.0,595.0,39.0,26.0,
3,q3-random-2020,random,2020,detour1150,13,13,True,1.0,True,True,True,False,coverage_exhausted_and_all_detected_cleared,,3832.818431,294.83218700000003,0.13329159999921103,136,0,151,14844.092155,2968.818431,119.0,680.0,39.0,26.0,
3,q3-random-2020,random,2020,detour1200,13,13,True,1.0,True,True,True,False,coverage_exhausted_and_all_detected_cleared,,3636.572664,279.7363587692308,0.12040649999835296,134,0,149,13902.863319999999,2780.572664,121.0,670.0,39.0,26.0,
3,q3-random-2020,random,2020,detour1400,13,13,True,1.0,True,True,True,False,coverage_exhausted_and_all_detected_cleared,,3382.054472,260.15803630769227,0.10717529999965336,130,0,145,12765.272359999999,2553.054472,114.0,650.0,39.0,26.0,
3,q3-random-2020,random,2020,route1150,13,13,True,1.0,True,True,True,False,coverage_exhausted_and_all_detected_cleared,,3458.53685,266.04129615384613,0.13361150000127964,126,0,141,13282.68425,2656.53685,107.0,630.0,39.0,26.0,
3,q3-random-2020,random,2020,route1200,13,13,True,1.0,True,True,True,False,coverage_exhausted_and_all_detected_cleared,,3470.680335,266.9754103846154,0.1455640999993193,133,0,148,13138.401675000001,2627.680335,113.0,665.0,39.0,26.0,
3,q3-random-2020,random,2020,route1400,13,13,True,1.0,True,True,True,False,coverage_exhausted_and_all_detected_cleared,,3437.329195,264.4099380769231,0.12010000000009313,135,0,150,12891.645975,2578.329195,119.0,675.0,39.0,26.0,
3,q3-random-2020,random,2020,route1200_noneg,13,13,True,1.0,True,True,True,False,coverage_exhausted_and_all_detected_cleared,,3476.738132,267.4413947692308,0.09688820000155829,123,0,138,13448.69066,2689.738132,107.0,615.0,39.0,26.0,
3,q3-random-2021,random,2021,baseline_current,10,10,True,1.0,True,True,True,False,coverage_exhausted_and_all_detected_cleared,,4457.364327,445.7364327,0.0802241999990656,134,0,146,18141.821635,3628.364327,109.0,670.0,30.0,20.0,
3,q3-random-2021,random,2021,safe1500,10,10,True,1.0,True,True,True,False,coverage_exhausted_and_all_detected_cleared,,4457.364327,445.7364327,0.08091549999880954,134,0,146,18141.821635,3628.364327,109.0,670.0,30.0,20.0,
3,q3-random-2021,random,2021,immediate1150,10,10,True,1.0,True,True,True,False,coverage_exhausted_and_all_detected_cleared,,3793.948974,379.3948974,0.11288789999889559,133,0,145,14879.744869999999,2975.948974,103.0,665.0,30.0,20.0,
3,q3-random-2021,random,2021,immediate1200,10,10,True,1.0,True,True,True,False,coverage_exhausted_and_all_detected_cleared,,3823.6672,382.36672,0.10805259999688133,133,0,145,15028.336,3005.6672,103.0,665.0,30.0,20.0,
3,q3-random-2021,random,2021,immediate1400,10,10,True,1.0,True,True,True,False,coverage_exhausted_and_all_detected_cleared,,3990.330214,399.0330214,0.11723669999992126,134,0,146,15836.65107,3167.330214,103.0,670.0,30.0,20.0,
3,q3-random-2021,random,2021,detour1150,10,10,True,1.0,True,True,True,False,coverage_exhausted_and_all_detected_cleared,,4200.081494,420.0081494,0.1008694000011019,141,0,153,16615.40747,3323.081494,122.0,705.0,30.0,20.0,
3,q3-random-2021,random,2021,detour1200,10,10,True,1.0,True,True,True,False,coverage_exhausted_and_all_detected_cleared,,4253.478226,425.34782260000003,0.13058210000235704,156,0,168,16437.39113,3287.478226,136.0,780.0,30.0,20.0,
3,q3-random-2021,random,2021,detour1400,10,10,True,1.0,True,True,True,False,coverage_exhausted_and_all_detected_cleared,,3974.304236,397.4304236,0.0911363999985042,140,0,152,15491.52118,3098.304236,126.0,700.0,30.0,20.0,
3,q3-random-2021,random,2021,route1150,10,10,True,1.0,True,True,True,False,coverage_exhausted_and_all_detected_cleared,,3492.145387,349.2145387,0.10819569999875966,142,0,154,13050.726935,2610.145387,122.0,710.0,30.0,20.0,
3,q3-random-2021,random,2021,route1200,10,10,True,1.0,True,True,True,False,coverage_exhausted_and_all_detected_cleared,,3613.40682,361.340682,0.10166210000170395,145,0,157,13572.0341,2714.40682,124.0,725.0,30.0,20.0,
3,q3-random-2021,random,2021,route1400,10,10,True,1.0,True,True,True,False,coverage_exhausted_and_all_detected_cleared,,3599.722416,359.9722416,0.10165430000051856,141,0,153,13633.61208,2726.722416,118.0,705.0,30.0,20.0,
3,q3-random-2021,random,2021,route1200_noneg,10,10,True,1.0,True,True,True,False,coverage_exhausted_and_all_detected_cleared,,3631.941171,363.19411709999997,0.08146259999921313,144,0,156,13689.705855,2737.941171,124.0,720.0,30.0,20.0,
3,q3-random-2022,random,2022,baseline_current,11,11,True,1.0,True,True,True,False,coverage_exhausted_and_all_detected_cleared,,4944.696135,449.51783045454545,0.10074119999990216,120,0,133,21003.480675,4200.696135,89.0,600.0,33.0,22.0,
3,q3-random-2022,random,2022,safe1500,11,11,True,1.0,True,True,True,False,coverage_exhausted_and_all_detected_cleared,,4944.696135,449.51783045454545,0.11298079999687616,120,0,133,21003.480675,4200.696135,89.0,600.0,33.0,22.0,
3,q3-random-2022,random,2022,immediate1150,11,11,True,1.0,True,True,True,False,coverage_exhausted_and_all_detected_cleared,,4265.580391,387.7800355454546,0.12022839999917778,123,0,136,17527.901955,3505.580391,90.0,615.0,33.0,22.0,
3,q3-random-2022,random,2022,immediate1200,11,11,True,1.0,True,True,True,False,coverage_exhausted_and_all_detected_cleared,,4278.527376,388.9570341818182,0.13719309999942197,123,0,136,17592.63688,3518.527376,90.0,615.0,33.0,22.0,
3,q3-random-2022,random,2022,immediate1400,11,11,True,1.0,True,True,True,False,coverage_exhausted_and_all_detected_cleared,,4418.415846,401.6741678181818,0.1115778000021237,126,0,139,18202.07923,3640.415846,93.0,630.0,33.0,22.0,
3,q3-random-2022,random,2022,detour1150,11,11,True,1.0,True,True,True,False,coverage_exhausted_and_all_detected_cleared,,3836.529987,348.77545336363636,0.10826900000029127,131,0,144,15017.649935,3003.529987,123.0,655.0,33.0,22.0,
3,q3-random-2022,random,2022,detour1200,11,11,True,1.0,True,True,True,False,coverage_exhausted_and_all_detected_cleared,,3449.0181,313.5471,0.09964889999901061,130,0,143,13110.090499999998,2622.0181,122.0,650.0,33.0,22.0,
3,q3-random-2022,random,2022,detour1400,11,11,True,1.0,True,True,True,False,coverage_exhausted_and_all_detected_cleared,,4072.556129,370.2323753636364,0.09783139999854029,134,0,147,16107.780645,3221.556129,126.0,670.0,33.0,22.0,
3,q3-random-2022,random,2022,route1150,11,11,True,1.0,True,True,True,False,coverage_exhausted_and_all_detected_cleared,,3108.306468,282.5733152727273,0.11174609999943641,128,0,141,11501.532340000002,2300.306468,113.0,640.0,33.0,22.0,
3,q3-random-2022,random,2022,route1200,11,11,True,1.0,True,True,True,False,coverage_exhausted_and_all_detected_cleared,,3138.789723,285.34452027272727,0.11454669999875478,128,0,141,11648.948615,2329.789723,114.0,640.0,33.0,22.0,
3,q3-random-2022,random,2022,route1400,11,11,True,1.0,True,True,True,False,coverage_exhausted_and_all_detected_cleared,,3601.448724,327.40442945454544,0.1020133000019996,133,0,146,13812.24362,2762.448724,119.0,665.0,33.0,22.0,
3,q3-random-2022,random,2022,route1200_noneg,11,11,True,1.0,True,True,True,False,coverage_exhausted_and_all_detected_cleared,,3138.789723,285.34452027272727,0.08803270000134944,128,0,141,11648.948615,2329.789723,114.0,640.0,33.0,22.0,
3,q3-random-2023,random,2023,baseline_current,14,14,True,1.0,True,True,True,False,coverage_exhausted_and_all_detected_cleared,,5045.992132,360.42800942857144,0.12988129999939702,123,0,139,21379.96066,4275.992132,85.0,615.0,42.0,28.0,
3,q3-random-2023,random,2023,safe1500,14,14,True,1.0,True,True,True,False,coverage_exhausted_and_all_detected_cleared,,5045.992132,360.42800942857144,0.15616090000185068,123,0,139,21379.96066,4275.992132,85.0,615.0,42.0,28.0,
3,q3-random-2023,random,2023,immediate1150,14,14,True,1.0,True,True,True,False,coverage_exhausted_and_all_detected_cleared,,4405.989932,314.7135665714286,0.1766630999991321,124,0,140,18149.94966,3629.989932,86.0,620.0,42.0,28.0,
3,q3-random-2023,random,2023,immediate1200,14,14,True,1.0,True,True,True,False,coverage_exhausted_and_all_detected_cleared,,4397.537803,314.1098430714286,0.1610447999992175,123,0,139,18132.689015,3626.537803,86.0,615.0,42.0,28.0,
3,q3-random-2023,random,2023,immediate1400,14,14,True,1.0,True,True,True,False,coverage_exhausted_and_all_detected_cleared,,4632.590835,330.89934535714286,0.1816264000008232,129,0,145,19157.954175,3831.590835,86.0,645.0,42.0,28.0,
3,q3-random-2023,random,2023,detour1150,14,14,True,1.0,True,True,True,False,coverage_exhausted_and_all_detected_cleared,,4596.036699,328.28833564285713,0.15039640000031795,140,0,156,18520.183495,3704.036699,122.0,700.0,42.0,28.0,
3,q3-random-2023,random,2023,detour1200,14,14,True,1.0,True,True,True,False,coverage_exhausted_and_all_detected_cleared,,4599.231825,328.51655892857144,0.14570590000221273,135,0,151,18651.159125,3730.231825,124.0,675.0,42.0,28.0,
3,q3-random-2023,random,2023,detour1400,14,14,True,1.0,True,True,True,False,coverage_exhausted_and_all_detected_cleared,,4798.501693,342.75012092857145,0.14427000000068801,146,0,162,19347.508465,3869.501693,129.0,730.0,42.0,28.0,
3,q3-random-2023,random,2023,route1150,14,14,True,1.0,True,True,True,False,coverage_exhausted_and_all_detected_cleared,,3858.780477,275.62717692857143,0.13862259999950766,134,0,150,15073.902385,3014.780477,104.0,670.0,42.0,28.0,
3,q3-random-2023,random,2023,route1200,14,14,True,1.0,True,True,True,False,coverage_exhausted_and_all_detected_cleared,,3825.926791,273.2804850714286,0.1339445000012347,134,0,150,14899.633955,2979.926791,106.0,670.0,42.0,28.0,
3,q3-random-2023,random,2023,route1400,14,14,True,1.0,True,True,True,False,coverage_exhausted_and_all_detected_cleared,,4031.822283,287.9873059285714,0.15354110000043875,142,0,158,15694.111415,3138.822283,113.0,710.0,42.0,28.0,
3,q3-random-2023,random,2023,route1200_noneg,14,14,True,1.0,True,True,True,False,coverage_exhausted_and_all_detected_cleared,,3825.926791,273.2804850714286,0.11618909999742755,134,0,150,14899.633955,2979.926791,106.0,670.0,42.0,28.0,
3,q3-random-2024,random,2024,baseline_current,16,16,True,1.0,True,True,True,False,coverage_exhausted_and_all_detected_cleared,,5303.827888,331.489243,0.12520579999909387,120,0,138,22704.13944,4540.827888,83.0,600.0,48.0,32.0,
3,q3-random-2024,random,2024,safe1500,16,16,True,1.0,True,True,True,False,source_count_upper_bound_reached,,5112.441573,319.5275983125,0.12360009999974864,116,0,134,21867.207865,4373.441573,79.0,580.0,48.0,32.0,
3,q3-random-2024,random,2024,immediate1150,16,16,True,1.0,True,True,True,False,source_count_upper_bound_reached,,4506.943367,281.6839604375,0.17180310000185273,133,0,151,18359.716835,3671.943367,90.0,665.0,48.0,32.0,
3,q3-random-2024,random,2024,immediate1200,16,16,True,1.0,True,True,True,False,source_count_upper_bound_reached,,4276.561468,267.28509175,0.18063330000222777,130,0,148,17282.80734,3456.561468,90.0,650.0,48.0,32.0,
3,q3-random-2024,random,2024,immediate1400,16,16,True,1.0,True,True,True,False,source_count_upper_bound_reached,,4299.801382,268.737586375,0.14177439999912167,130,0,148,17384.00691,3476.801382,93.0,650.0,48.0,32.0,
3,q3-random-2024,random,2024,detour1150,16,16,True,1.0,True,True,True,False,source_count_upper_bound_reached,,4588.177129,286.7610705625,0.1315257999995083,142,0,160,18340.885645000002,3668.177129,130.0,710.0,48.0,32.0,
3,q3-random-2024,random,2024,detour1200,16,16,True,1.0,True,True,True,False,source_count_upper_bound_reached,,4427.933962,276.745872625,0.13619639999888022,138,0,156,17629.66981,3525.933962,132.0,690.0,48.0,32.0,
3,q3-random-2024,random,2024,detour1400,16,16,True,1.0,True,True,True,False,source_count_upper_bound_reached,,4834.932688,302.183293,0.14895619999879273,153,0,171,19304.66344,3860.932688,129.0,765.0,48.0,32.0,
3,q3-random-2024,random,2024,route1150,16,16,True,1.0,True,True,True,False,source_count_upper_bound_reached,,3909.699396,244.35621225,0.14554499999940163,132,0,150,15288.49698,3057.699396,112.0,660.0,48.0,32.0,
3,q3-random-2024,random,2024,route1200,16,16,True,1.0,True,True,True,False,source_count_upper_bound_reached,,3841.137269,240.0710793125,0.1634900999997626,128,0,146,15045.686344999998,3009.137269,112.0,640.0,48.0,32.0,
3,q3-random-2024,random,2024,route1400,16,16,True,1.0,True,True,True,False,source_count_upper_bound_reached,,4332.113183,270.7570739375,0.16424759999790695,138,0,156,17255.565915,3451.113183,111.0,690.0,48.0,32.0,
3,q3-random-2024,random,2024,route1200_noneg,16,16,True,1.0,True,True,True,False,source_count_upper_bound_reached,,3841.137269,240.0710793125,0.11391010000079405,128,0,146,15045.686344999998,3009.137269,112.0,640.0,48.0,32.0,
3,q3-random-2025,random,2025,baseline_current,10,10,True,1.0,True,True,True,False,coverage_exhausted_and_all_detected_cleared,,4572.977058,457.2977058,0.08993009999903734,123,0,135,19074.88529,3814.977058,93.0,615.0,30.0,20.0,
3,q3-random-2025,random,2025,safe1500,10,10,True,1.0,True,True,True,False,coverage_exhausted_and_all_detected_cleared,,4572.977058,457.2977058,0.0898151000001235,123,0,135,19074.88529,3814.977058,93.0,615.0,30.0,20.0,
3,q3-random-2025,random,2025,immediate1150,10,10,True,1.0,True,True,True,False,coverage_exhausted_and_all_detected_cleared,,3927.119621,392.7119621,0.10680599999977858,124,0,136,15800.598105,3160.119621,97.0,620.0,30.0,20.0,
3,q3-random-2025,random,2025,immediate1200,10,10,True,1.0,True,True,True,False,coverage_exhausted_and_all_detected_cleared,,3968.773368,396.8773368,0.11933359999966342,127,0,139,15933.86684,3186.773368,97.0,635.0,30.0,20.0,
3,q3-random-2025,random,2025,immediate1400,10,10,True,1.0,True,True,True,False,coverage_exhausted_and_all_detected_cleared,,4093.808718,409.3808718,0.12057939999795053,127,0,139,16559.04359,3311.808718,97.0,635.0,30.0,20.0,
3,q3-random-2025,random,2025,detour1150,10,10,True,1.0,True,True,True,False,coverage_exhausted_and_all_detected_cleared,,3622.391336,362.2391336,0.1010180000012042,134,0,146,13881.956680000001,2776.391336,126.0,670.0,30.0,20.0,
3,q3-random-2025,random,2025,detour1200,10,10,True,1.0,True,True,True,False,coverage_exhausted_and_all_detected_cleared,,3618.720046,361.87200459999997,0.09070939999946859,130,0,142,13998.60023,2799.720046,119.0,650.0,30.0,20.0,
3,q3-random-2025,random,2025,detour1400,10,10,True,1.0,True,True,True,False,coverage_exhausted_and_all_detected_cleared,,3885.882957,388.5882957,0.10089980000338983,138,0,150,15099.414784999999,3019.882957,126.0,690.0,30.0,20.0,
3,q3-random-2025,random,2025,route1150,10,10,True,1.0,True,True,True,False,coverage_exhausted_and_all_detected_cleared,,3096.27774,309.627774,0.10895200000231853,134,0,146,11301.3887,2260.27774,116.0,670.0,30.0,20.0,
3,q3-random-2025,random,2025,route1200,10,10,True,1.0,True,True,True,False,coverage_exhausted_and_all_detected_cleared,,3134.217741,313.4217741,0.10917730000073789,138,0,150,11386.088705,2277.217741,117.0,690.0,30.0,20.0,
3,q3-random-2025,random,2025,route1400,10,10,True,1.0,True,True,True,False,coverage_exhausted_and_all_detected_cleared,,3150.487403,315.0487403,0.1071209000001545,139,0,151,11442.437015,2288.487403,117.0,695.0,30.0,20.0,
3,q3-random-2025,random,2025,route1200_noneg,10,10,True,1.0,True,True,True,False,coverage_exhausted_and_all_detected_cleared,,3134.217741,313.4217741,0.08897970000180067,138,0,150,11386.088705,2277.217741,117.0,690.0,30.0,20.0,
3,q3-random-2026,random,2026,baseline_current,13,13,True,1.0,True,True,True,False,coverage_exhausted_and_all_detected_cleared,,5205.772995,400.44407653846156,0.12701169999854756,125,0,140,22158.864975,4431.772995,84.0,625.0,39.0,26.0,
3,q3-random-2026,random,2026,safe1500,13,13,True,1.0,True,True,True,False,coverage_exhausted_and_all_detected_cleared,,5205.772995,400.44407653846156,0.12059489999955986,125,0,140,22158.864975,4431.772995,84.0,625.0,39.0,26.0,
3,q3-random-2026,random,2026,immediate1150,13,13,True,1.0,True,True,True,False,coverage_exhausted_and_all_detected_cleared,,4124.027694,317.23289953846154,0.1445949999979348,130,0,145,16570.138469999998,3314.027694,95.0,650.0,39.0,26.0,
3,q3-random-2026,random,2026,immediate1200,13,13,True,1.0,True,True,True,False,coverage_exhausted_and_all_detected_cleared,,4109.40294,316.1079184615385,0.12758989999929327,129,0,144,16522.0147,3304.40294,95.0,645.0,39.0,26.0,
3,q3-random-2026,random,2026,immediate1400,13,13,True,1.0,True,True,True,False,coverage_exhausted_and_all_detected_cleared,,4302.921913,330.99399330769234,0.13407310000184225,134,0,149,17364.609565,3472.921913,95.0,670.0,39.0,26.0,
3,q3-random-2026,random,2026,detour1150,13,13,True,1.0,True,True,True,False,coverage_exhausted_and_all_detected_cleared,,3946.489705,303.5761311538462,0.11438510000152746,141,0,156,15227.448525,3045.489705,131.0,705.0,39.0,26.0,
3,q3-random-2026,random,2026,detour1200,13,13,True,1.0,True,True,True,False,coverage_exhausted_and_all_detected_cleared,,4171.228091,320.8636993076923,0.12338489999820013,132,0,147,16681.140455,3336.228091,110.0,660.0,39.0,26.0,
3,q3-random-2026,random,2026,detour1400,13,13,True,1.0,True,True,True,False,coverage_exhausted_and_all_detected_cleared,,3995.939272,307.379944,0.1081315999981598,140,0,155,15524.69636,3104.939272,126.0,700.0,39.0,26.0,
3,q3-random-2026,random,2026,route1150,13,13,True,1.0,True,True,True,False,coverage_exhausted_and_all_detected_cleared,,3161.807547,243.21596515384616,0.120082999997976,126,0,141,11804.037735,2360.807547,106.0,630.0,39.0,26.0,
3,q3-random-2026,random,2026,route1200,13,13,True,1.0,True,True,True,False,coverage_exhausted_and_all_detected_cleared,,3291.773763,253.2133663846154,0.1257900000018708,128,0,143,12393.868815000002,2478.773763,108.0,640.0,39.0,26.0,
3,q3-random-2026,random,2026,route1400,13,13,True,1.0,True,True,True,False,coverage_exhausted_and_all_detected_cleared,,3908.982077,300.690929,0.14221429999815882,141,0,156,15109.910385000001,3021.982077,117.0,705.0,39.0,26.0,
3,q3-random-2026,random,2026,route1200_noneg,13,13,True,1.0,True,True,True,False,coverage_exhausted_and_all_detected_cleared,,3279.89361,252.29950846153847,0.10772820000056527,127,0,142,12359.46805,2471.89361,108.0,635.0,39.0,26.0,
3,q3-random-2027,random,2027,baseline_current,15,15,True,1.0,True,True,True,False,coverage_exhausted_and_all_detected_cleared,,5385.651881,359.0434587333333,0.12810170000011567,123,0,140,23063.259404999997,4612.651881,83.0,615.0,45.0,30.0,
3,q3-random-2027,random,2027,safe1500,15,15,True,1.0,True,True,True,False,coverage_exhausted_and_all_detected_cleared,,5385.651881,359.0434587333333,0.13138310000067577,123,0,140,23063.259404999997,4612.651881,83.0,615.0,45.0,30.0,
3,q3-random-2027,random,2027,immediate1150,15,15,True,1.0,True,True,True,False,coverage_exhausted_and_all_detected_cleared,,4828.725698,321.91504653333334,0.14050750000023982,117,0,134,20473.628490000003,4094.725698,74.0,585.0,45.0,30.0,
3,q3-random-2027,random,2027,immediate1200,15,15,True,1.0,True,True,True,False,coverage_exhausted_and_all_detected_cleared,,4922.076412,328.1384274666667,0.14919350000127451,119,0,136,20890.382060000004,4178.076412,74.0,595.0,45.0,30.0,
3,q3-random-2027,random,2027,immediate1400,15,15,True,1.0,True,True,True,False,coverage_exhausted_and_all_detected_cleared,,5021.87813,334.79187533333334,0.15211070000077598,119,0,136,21379.39065,4275.87813,76.0,595.0,45.0,30.0,
3,q3-random-2027,random,2027,detour1150,15,15,True,1.0,True,True,True,False,coverage_exhausted_and_all_detected_cleared,,3762.970131,250.8646754,0.15037880000090809,140,0,157,14309.850655,2861.970131,126.0,700.0,45.0,30.0,
3,q3-random-2027,random,2027,detour1200,15,15,True,1.0,True,True,True,False,coverage_exhausted_and_all_detected_cleared,,3713.387681,247.55917873333334,0.1230734000018856,133,0,150,14246.938405,2849.387681,124.0,665.0,45.0,30.0,
3,q3-random-2027,random,2027,detour1400,15,15,True,1.0,True,True,True,False,coverage_exhausted_and_all_detected_cleared,,4419.867864,294.6578576,0.14902939999956288,151,0,168,17329.33932,3465.867864,124.0,755.0,45.0,30.0,
3,q3-random-2027,random,2027,route1150,15,15,True,1.0,True,True,True,False,coverage_exhausted_and_all_detected_cleared,,3299.00807,219.93387133333331,0.12545229999886942,124,0,141,12485.04035,2497.00807,107.0,620.0,45.0,30.0,
3,q3-random-2027,random,2027,route1200,15,15,True,1.0,True,True,True,False,coverage_exhausted_and_all_detected_cleared,,3418.73613,227.915742,0.1260532999986026,128,0,145,12978.680649999998,2595.73613,108.0,640.0,45.0,30.0,
3,q3-random-2027,random,2027,route1400,15,15,True,1.0,True,True,True,False,coverage_exhausted_and_all_detected_cleared,,3703.003435,246.86689566666666,0.14065329999721143,132,0,149,14305.017175,2861.003435,107.0,660.0,45.0,30.0,
3,q3-random-2027,random,2027,route1200_noneg,15,15,True,1.0,True,True,True,False,coverage_exhausted_and_all_detected_cleared,,3418.73613,227.915742,0.10558830000081798,128,0,145,12978.680649999998,2595.73613,108.0,640.0,45.0,30.0,
3,q3-random-2028,random,2028,baseline_current,10,10,True,1.0,True,True,True,False,coverage_exhausted_and_all_detected_cleared,,4533.74768,453.374768,0.07684779999908642,130,0,142,18633.7384,3726.74768,107.0,650.0,30.0,20.0,
3,q3-random-2028,random,2028,safe1500,10,10,True,1.0,True,True,True,False,coverage_exhausted_and_all_detected_cleared,,4533.74768,453.374768,0.07618949999960023,130,0,142,18633.7384,3726.74768,107.0,650.0,30.0,20.0,
3,q3-random-2028,random,2028,immediate1150,10,10,True,1.0,True,True,True,False,coverage_exhausted_and_all_detected_cleared,,3737.237597,373.72375969999996,0.1024929000013799,128,0,140,14706.187984999999,2941.237597,106.0,640.0,30.0,20.0,
3,q3-random-2028,random,2028,immediate1200,10,10,True,1.0,True,True,True,False,coverage_exhausted_and_all_detected_cleared,,3737.202863,373.7202863,0.10136550000243005,129,0,141,14681.014315,2936.202863,106.0,645.0,30.0,20.0,
3,q3-random-2028,random,2028,immediate1400,10,10,True,1.0,True,True,True,False,coverage_exhausted_and_all_detected_cleared,,3934.024511,393.4024511,0.09622719999970286,127,0,139,15715.122555,3143.024511,106.0,635.0,30.0,20.0,
3,q3-random-2028,random,2028,detour1150,10,10,True,1.0,True,True,True,False,coverage_exhausted_and_all_detected_cleared,,3891.857433,389.1857433,0.09063269999751355,149,0,161,14809.287165000002,2961.857433,135.0,745.0,30.0,20.0,
3,q3-random-2028,random,2028,detour1200,10,10,True,1.0,True,True,True,False,coverage_exhausted_and_all_detected_cleared,,3986.941978,398.6941978,0.09930000000167638,146,0,158,15379.709889999998,3075.941978,131.0,730.0,30.0,20.0,
3,q3-random-2028,random,2028,detour1400,10,10,True,1.0,True,True,True,False,coverage_exhausted_and_all_detected_cleared,,3859.662424,385.9662424,0.09167130000059842,141,0,153,14883.31212,2976.662424,128.0,705.0,30.0,20.0,
3,q3-random-2028,random,2028,route1150,10,10,True,1.0,True,True,True,False,coverage_exhausted_and_all_detected_cleared,,3097.943203,309.7943203,0.08436049999727402,130,0,142,11409.716014999998,2281.943203,116.0,650.0,30.0,20.0,
3,q3-random-2028,random,2028,route1200,10,10,True,1.0,True,True,True,False,coverage_exhausted_and_all_detected_cleared,,3141.877639,314.1877639,0.09438369999770657,132,0,144,11579.388195,2315.877639,116.0,660.0,30.0,20.0,
3,q3-random-2028,random,2028,route1400,10,10,True,1.0,True,True,True,False,coverage_exhausted_and_all_detected_cleared,,3500.469379,350.0469379,0.08562030000030063,130,0,142,13422.346895,2684.469379,116.0,650.0,30.0,20.0,
3,q3-random-2028,random,2028,route1200_noneg,10,10,True,1.0,True,True,True,False,coverage_exhausted_and_all_detected_cleared,,3141.877639,314.1877639,0.08301639999990584,132,0,144,11579.388195,2315.877639,116.0,660.0,30.0,20.0,
3,q3-random-2029,random,2029,baseline_current,16,16,True,1.0,True,True,True,False,coverage_exhausted_and_all_detected_cleared,,5450.380181,340.6487613125,0.15182830000048853,124,0,142,23346.900905000002,4669.380181,81.0,620.0,48.0,32.0,
3,q3-random-2029,random,2029,safe1500,16,16,True,1.0,True,True,True,False,source_count_upper_bound_reached,,5356.796256,334.799766,0.13462240000080783,120,0,138,22998.98128,4599.796256,77.0,600.0,48.0,32.0,
3,q3-random-2029,random,2029,immediate1150,16,16,True,1.0,True,True,True,False,source_count_upper_bound_reached,,4761.799722,297.612482625,0.1497066999982053,118,0,136,20093.998610000002,4018.799722,73.0,590.0,48.0,32.0,
3,q3-random-2029,random,2029,immediate1200,16,16,True,1.0,True,True,True,False,source_count_upper_bound_reached,,4869.415032,304.3384395,0.17240490000040154,122,0,140,20532.07516,4106.415032,73.0,610.0,48.0,32.0,
3,q3-random-2029,random,2029,immediate1400,16,16,True,1.0,True,True,True,False,source_count_upper_bound_reached,,4959.899066,309.993691625,0.15280150000035064,120,0,138,21034.495329999998,4206.899066,73.0,600.0,48.0,32.0,
3,q3-random-2029,random,2029,detour1150,16,16,True,1.0,True,True,True,False,source_count_upper_bound_reached,,3871.16112,241.94757,0.133741599998757,137,0,155,14895.805600000002,2979.16112,127.0,685.0,48.0,32.0,
3,q3-random-2029,random,2029,detour1200,16,16,True,1.0,True,True,True,False,source_count_upper_bound_reached,,3836.164048,239.760253,0.1528440000001865,141,0,159,14640.820240000001,2928.164048,123.0,705.0,48.0,32.0,
3,q3-random-2029,random,2029,detour1400,16,16,True,1.0,True,True,True,False,source_count_upper_bound_reached,,4365.32613,272.832883125,0.2033621000009589,150,0,168,17021.63065,3404.32613,131.0,750.0,48.0,32.0,
3,q3-random-2029,random,2029,route1150,16,16,True,1.0,True,True,True,False,source_count_upper_bound_reached,,3471.547441,216.9717150625,0.15596150000055786,129,0,147,13202.737205000001,2640.547441,106.0,645.0,48.0,32.0,
3,q3-random-2029,random,2029,route1200,16,16,True,1.0,True,True,True,False,source_count_upper_bound_reached,,3607.748791,225.4842994375,0.1870450999995228,133,0,151,13783.743955,2756.748791,106.0,665.0,48.0,32.0,
3,q3-random-2029,random,2029,route1400,16,16,True,1.0,True,True,True,False,source_count_upper_bound_reached,,4045.229551,252.8268469375,0.15614699999787263,137,0,155,15856.147755,3171.229551,109.0,685.0,48.0,32.0,
3,q3-random-2029,random,2029,route1200_noneg,16,16,True,1.0,True,True,True,False,source_count_upper_bound_reached,,3607.748791,225.4842994375,0.1425790000030247,133,0,151,13783.743955,2756.748791,106.0,665.0,48.0,32.0,
3,q3-hard-boundary_outward,hard,200000,baseline_current,12,12,True,1.0,True,True,True,False,coverage_exhausted_and_all_detected_cleared,,3794.891265,316.24093875,0.12537850000080653,153,0,167,14274.456325000001,2854.891265,115.0,765.0,36.0,24.0,
3,q3-hard-boundary_outward,hard,200000,safe1500,12,12,True,1.0,True,True,True,False,coverage_exhausted_and_all_detected_cleared,,3794.891265,316.24093875,0.14448370000172872,153,0,167,14274.456325000001,2854.891265,115.0,765.0,36.0,24.0,
3,q3-hard-boundary_outward,hard,200000,immediate1150,12,12,True,1.0,True,True,True,False,coverage_exhausted_and_all_detected_cleared,,4430.218296,369.184858,0.15970480000032694,165,0,179,17151.09148,3430.218296,115.0,825.0,36.0,24.0,
3,q3-hard-boundary_outward,hard,200000,immediate1200,12,12,True,1.0,True,True,True,False,coverage_exhausted_and_all_detected_cleared,,4303.828816,358.65240133333333,0.15136340000026394,159,0,173,16669.144080000002,3333.828816,115.0,795.0,36.0,24.0,
3,q3-hard-boundary_outward,hard,200000,immediate1400,12,12,True,1.0,True,True,True,False,coverage_exhausted_and_all_detected_cleared,,3959.117405,329.9264504166667,0.16377710000233492,159,0,173,14945.587025,2989.117405,115.0,795.0,36.0,24.0,
3,q3-hard-boundary_outward,hard,200000,detour1150,12,12,True,1.0,True,True,True,False,coverage_exhausted_and_all_detected_cleared,,5389.934435,449.1612029166667,0.2012006000004476,180,0,194,21479.672175,4295.934435,134.0,900.0,36.0,24.0,
3,q3-hard-boundary_outward,hard,200000,detour1200,12,12,True,1.0,True,True,True,False,coverage_exhausted_and_all_detected_cleared,,5305.724557,442.1437130833333,0.16335819999949308,174,0,188,21208.622785,4241.724557,134.0,870.0,36.0,24.0,
3,q3-hard-boundary_outward,hard,200000,detour1400,12,12,True,1.0,True,True,True,False,coverage_exhausted_and_all_detected_cleared,,5136.596512,428.04970933333334,0.18415969999841764,174,0,188,20362.98256,4072.596512,134.0,870.0,36.0,24.0,
3,q3-hard-boundary_outward,hard,200000,route1150,12,12,True,1.0,True,True,True,False,coverage_exhausted_and_all_detected_cleared,,4371.749963,364.3124969166667,0.16417189999992843,165,0,179,16858.749815000003,3371.749963,115.0,825.0,36.0,24.0,
3,q3-hard-boundary_outward,hard,200000,route1200,12,12,True,1.0,True,True,True,False,coverage_exhausted_and_all_detected_cleared,,4246.816861,353.9014050833334,0.17698599999857834,159,0,173,16384.084305,3276.816861,115.0,795.0,36.0,24.0,
3,q3-hard-boundary_outward,hard,200000,route1400,12,12,True,1.0,True,True,True,False,coverage_exhausted_and_all_detected_cleared,,3920.427113,326.70225941666666,0.1743304999981774,159,0,173,14752.135565,2950.427113,115.0,795.0,36.0,24.0,
3,q3-hard-boundary_outward,hard,200000,route1200_noneg,12,12,True,1.0,True,True,True,False,coverage_exhausted_and_all_detected_cleared,,4246.816861,353.9014050833334,0.1617655999980343,159,0,173,16384.084305,3276.816861,115.0,795.0,36.0,24.0,
3,q3-hard-minimum_radius,hard,200001,baseline_current,14,14,True,1.0,True,True,True,False,coverage_exhausted_and_all_detected_cleared,,5144.103731,367.4359807857143,0.19237280000015744,140,0,156,21350.518655,4270.103731,104.0,700.0,42.0,28.0,
3,q3-hard-minimum_radius,hard,200001,safe1500,14,14,True,1.0,True,True,True,False,coverage_exhausted_and_all_detected_cleared,,5144.103731,367.4359807857143,0.12103759999808972,140,0,156,21350.518655,4270.103731,104.0,700.0,42.0,28.0,
3,q3-hard-minimum_radius,hard,200001,immediate1150,14,14,True,1.0,True,True,True,False,coverage_exhausted_and_all_detected_cleared,,4224.295168,301.7353691428571,0.13328859999819542,127,0,143,17126.47584,3425.295168,94.0,635.0,42.0,28.0,
3,q3-hard-minimum_radius,hard,200001,immediate1200,14,14,True,1.0,True,True,True,False,coverage_exhausted_and_all_detected_cleared,,4264.761386,304.6258132857143,0.1307478999988234,127,0,143,17328.80693,3465.761386,94.0,635.0,42.0,28.0,
3,q3-hard-minimum_radius,hard,200001,immediate1400,14,14,True,1.0,True,True,True,False,coverage_exhausted_and_all_detected_cleared,,4515.88026,322.5628757142857,0.1468304000009084,131,0,147,18484.401299999998,3696.88026,94.0,655.0,42.0,28.0,
3,q3-hard-minimum_radius,hard,200001,detour1150,14,14,True,1.0,True,True,True,False,coverage_exhausted_and_all_detected_cleared,,4564.0121,326.0008642857143,0.1219654000014998,146,0,162,18190.0605,3638.0121,126.0,730.0,42.0,28.0,
3,q3-hard-minimum_radius,hard,200001,detour1200,14,14,True,1.0,True,True,True,False,coverage_exhausted_and_all_detected_cleared,,4428.223796,316.30169971428575,0.12268820000099367,151,0,167,17371.11898,3474.223796,129.0,755.0,42.0,28.0,
3,q3-hard-minimum_radius,hard,200001,detour1400,14,14,True,1.0,True,True,True,False,coverage_exhausted_and_all_detected_cleared,,4905.492498,350.3923212857143,0.14390700000149081,166,0,182,19352.46249,3870.492498,135.0,830.0,42.0,28.0,
3,q3-hard-minimum_radius,hard,200001,route1150,14,14,True,1.0,True,True,True,False,coverage_exhausted_and_all_detected_cleared,,3830.163931,273.58313792857143,0.1306272000001627,145,0,161,14590.819655,2918.163931,117.0,725.0,42.0,28.0,
3,q3-hard-minimum_radius,hard,200001,route1200,14,14,True,1.0,True,True,True,False,coverage_exhausted_and_all_detected_cleared,,3778.79516,269.91394,0.11895100000037928,141,0,157,14433.9758,2886.79516,117.0,705.0,42.0,28.0,
3,q3-hard-minimum_radius,hard,200001,route1400,14,14,True,1.0,True,True,True,False,coverage_exhausted_and_all_detected_cleared,,4188.290737,299.1636240714286,0.13738290000037523,154,0,170,16156.453684999999,3231.290737,117.0,770.0,42.0,28.0,
3,q3-hard-minimum_radius,hard,200001,route1200_noneg,14,14,True,1.0,True,True,True,False,coverage_exhausted_and_all_detected_cleared,,3804.113757,271.7224112142857,0.11116039999978966,142,0,158,14535.568785,2907.113757,117.0,710.0,42.0,28.0,
3,q3-hard-positive_error,hard,200002,baseline_current,14,14,True,1.0,True,True,True,False,coverage_exhausted_and_all_detected_cleared,,4711.319259,336.5228042142857,0.12557190000006813,142,0,158,19136.596295,3827.319259,104.0,710.0,42.0,28.0,
3,q3-hard-positive_error,hard,200002,safe1500,14,14,True,1.0,True,True,True,False,coverage_exhausted_and_all_detected_cleared,,4711.319259,336.5228042142857,0.13469400000030873,142,0,158,19136.596295,3827.319259,104.0,710.0,42.0,28.0,
3,q3-hard-positive_error,hard,200002,immediate1150,14,14,True,1.0,True,True,True,False,coverage_exhausted_and_all_detected_cleared,,4241.723877,302.98027692857147,0.14830399999846122,134,0,150,17008.619384999998,3401.723877,100.0,670.0,42.0,28.0,
3,q3-hard-positive_error,hard,200002,immediate1200,14,14,True,1.0,True,True,True,False,coverage_exhausted_and_all_detected_cleared,,4276.499075,305.46421964285713,0.11815740000020014,132,0,148,17232.495375000002,3446.499075,100.0,660.0,42.0,28.0,
3,q3-hard-positive_error,hard,200002,immediate1400,14,14,True,1.0,True,True,True,False,coverage_exhausted_and_all_detected_cleared,,4416.509596,315.4649711428571,0.0941330999994534,133,0,149,17907.54798,3581.509596,100.0,665.0,42.0,28.0,
3,q3-hard-positive_error,hard,200002,detour1150,14,14,True,1.0,True,True,True,False,coverage_exhausted_and_all_detected_cleared,,4839.258071,345.6612907857143,0.1125090999994427,156,0,172,19316.290355,3863.258071,126.0,780.0,42.0,28.0,
3,q3-hard-positive_error,hard,200002,detour1200,14,14,True,1.0,True,True,True,False,coverage_exhausted_and_all_detected_cleared,,4515.800868,322.5572048571429,0.1300730000002659,156,0,172,17679.00434,3535.800868,130.0,780.0,42.0,28.0,
3,q3-hard-positive_error,hard,200002,detour1400,14,14,True,1.0,True,True,True,False,coverage_exhausted_and_all_detected_cleared,,5081.877224,362.99123028571427,0.13052260000040405,170,0,186,20134.38612,4026.877224,135.0,850.0,42.0,28.0,
3,q3-hard-positive_error,hard,200002,route1150,14,14,True,1.0,True,True,True,False,coverage_exhausted_and_all_detected_cleared,,3815.753673,272.5538337857143,0.10446990000127698,142,0,158,14618.768365,2923.753673,112.0,710.0,42.0,28.0,
3,q3-hard-positive_error,hard,200002,route1200,14,14,True,1.0,True,True,True,False,coverage_exhausted_and_all_detected_cleared,,3802.489984,271.6064274285714,0.09659479999754694,140,0,156,14602.44992,2920.489984,112.0,700.0,42.0,28.0,
3,q3-hard-positive_error,hard,200002,route1400,14,14,True,1.0,True,True,True,False,coverage_exhausted_and_all_detected_cleared,,4073.714976,290.97964114285713,0.11018669999975828,149,0,165,15708.57488,3141.714976,117.0,745.0,42.0,28.0,
3,q3-hard-positive_error,hard,200002,route1200_noneg,14,14,True,1.0,True,True,True,False,coverage_exhausted_and_all_detected_cleared,,3785.416043,270.3868602142857,0.06978329999765265,139,0,155,14542.080215000002,2908.416043,112.0,695.0,42.0,28.0,
3,q3-hard-negative_error,hard,200003,baseline_current,14,14,True,1.0,True,True,True,False,coverage_exhausted_and_all_detected_cleared,,4691.093277,335.07809121428573,0.07402709999951185,137,0,153,19160.466385,3832.093277,104.0,685.0,42.0,28.0,
3,q3-hard-negative_error,hard,200003,safe1500,14,14,True,1.0,True,True,True,False,coverage_exhausted_and_all_detected_cleared,,4691.093277,335.07809121428573,0.07302640000125393,137,0,153,19160.466385,3832.093277,104.0,685.0,42.0,28.0,
3,q3-hard-negative_error,hard,200003,immediate1150,14,14,True,1.0,True,True,True,False,coverage_exhausted_and_all_detected_cleared,,3818.156556,272.72546828571427,0.07423579999885987,118,0,134,15320.78278,3064.156556,94.0,590.0,42.0,28.0,
3,q3-hard-negative_error,hard,200003,immediate1200,14,14,True,1.0,True,True,True,False,coverage_exhausted_and_all_detected_cleared,,3960.532704,282.8951931428572,0.07821429999967222,123,0,139,15907.663520000002,3181.532704,94.0,615.0,42.0,28.0,
3,q3-hard-negative_error,hard,200003,immediate1400,14,14,True,1.0,True,True,True,False,coverage_exhausted_and_all_detected_cleared,,4150.057749,296.43269635714285,0.08267209999758052,126,0,142,16780.288745,3356.057749,94.0,630.0,42.0,28.0,
3,q3-hard-negative_error,hard,200003,detour1150,14,14,True,1.0,True,True,True,False,coverage_exhausted_and_all_detected_cleared,,4396.333138,314.0237955714286,0.06962279999788734,142,0,158,17451.66569,3490.333138,126.0,710.0,42.0,28.0,
3,q3-hard-negative_error,hard,200003,detour1200,14,14,True,1.0,True,True,True,False,coverage_exhausted_and_all_detected_cleared,,4391.77036,313.6978828571429,0.08134010000139824,154,0,170,17118.8518,3423.77036,128.0,770.0,42.0,28.0,
3,q3-hard-negative_error,hard,200003,detour1400,14,14,True,1.0,True,True,True,False,coverage_exhausted_and_all_detected_cleared,,4775.460461,341.1043186428571,0.08608889999959501,164,0,180,18752.302305,3750.460461,135.0,820.0,42.0,28.0,
3,q3-hard-negative_error,hard,200003,route1150,14,14,True,1.0,True,True,True,False,coverage_exhausted_and_all_detected_cleared,,3761.398494,268.671321,0.08549569999740925,143,0,159,14296.992470000001,2859.398494,117.0,715.0,42.0,28.0,
3,q3-hard-negative_error,hard,200003,route1200,14,14,True,1.0,True,True,True,False,coverage_exhausted_and_all_detected_cleared,,3790.175747,270.72683907142857,0.08674749999772757,146,0,162,14365.878734999998,2873.175747,117.0,730.0,42.0,28.0,
3,q3-hard-negative_error,hard,200003,route1400,14,14,True,1.0,True,True,True,False,coverage_exhausted_and_all_detected_cleared,,4320.278557,308.5913255,0.09511049999855459,155,0,171,16791.392785,3358.278557,117.0,775.0,42.0,28.0,
3,q3-hard-negative_error,hard,200003,route1200_noneg,14,14,True,1.0,True,True,True,False,coverage_exhausted_and_all_detected_cleared,,3825.627282,273.25909157142854,0.07585810000091442,146,0,162,14543.13641,2908.627282,117.0,730.0,42.0,28.0,
3,q3-hard-alternating_error,hard,200004,baseline_current,14,14,True,1.0,True,True,True,False,coverage_exhausted_and_all_detected_cleared,,4762.596935,340.1854953571428,0.08003699999972014,141,0,157,19417.984675,3883.596935,104.0,705.0,42.0,28.0,
3,q3-hard-alternating_error,hard,200004,safe1500,14,14,True,1.0,True,True,True,False,coverage_exhausted_and_all_detected_cleared,,4762.596935,340.1854953571428,0.07936960000006366,141,0,157,19417.984675,3883.596935,104.0,705.0,42.0,28.0,
3,q3-hard-alternating_error,hard,200004,immediate1150,14,14,True,1.0,True,True,True,False,coverage_exhausted_and_all_detected_cleared,,3823.838214,273.131301,0.075394999999844,122,0,138,15249.191069999999,3049.838214,94.0,610.0,42.0,28.0,
3,q3-hard-alternating_error,hard,200004,immediate1200,14,14,True,1.0,True,True,True,False,coverage_exhausted_and_all_detected_cleared,,4157.207743,296.94341021428573,0.08641460000217194,130,0,146,16716.038715,3343.207743,94.0,650.0,42.0,28.0,
3,q3-hard-alternating_error,hard,200004,immediate1400,14,14,True,1.0,True,True,True,False,coverage_exhausted_and_all_detected_cleared,,4394.480119,313.8914370714286,0.09449099999983446,135,0,151,17777.400595,3555.480119,94.0,675.0,42.0,28.0,
3,q3-hard-alternating_error,hard,200004,detour1150,14,14,True,1.0,True,True,True,False,coverage_exhausted_and_all_detected_cleared,,4345.873873,310.4195623571428,0.07398309999916819,143,0,159,17174.369365,3434.873873,126.0,715.0,42.0,28.0,
3,q3-hard-alternating_error,hard,200004,detour1200,14,14,True,1.0,True,True,True,False,coverage_exhausted_and_all_detected_cleared,,4461.066566,318.64761185714286,0.08262260000265087,156,0,172,17415.33283,3483.066566,128.0,780.0,42.0,28.0,
3,q3-hard-alternating_error,hard,200004,detour1400,14,14,True,1.0,True,True,True,False,coverage_exhausted_and_all_detected_cleared,,4976.558422,355.4684587142857,0.0925801000012143,169,0,185,19632.792110000002,3926.558422,135.0,845.0,42.0,28.0,
3,q3-hard-alternating_error,hard,200004,route1150,14,14,True,1.0,True,True,True,False,coverage_exhausted_and_all_detected_cleared,,3478.69812,248.47843714285713,0.07563990000198828,138,0,154,13008.490600000001,2601.69812,117.0,690.0,42.0,28.0,
3,q3-hard-alternating_error,hard,200004,route1200,14,14,True,1.0,True,True,True,False,coverage_exhausted_and_all_detected_cleared,,3761.574385,268.68388464285715,0.08487199999945005,146,0,162,14222.871925,2844.574385,117.0,730.0,42.0,28.0,
3,q3-hard-alternating_error,hard,200004,route1400,14,14,True,1.0,True,True,True,False,coverage_exhausted_and_all_detected_cleared,,4206.423366,300.45881185714285,0.08642820000022766,150,0,166,16347.116829999999,3269.423366,117.0,750.0,42.0,28.0,
3,q3-hard-alternating_error,hard,200004,route1200_noneg,14,14,True,1.0,True,True,True,False,coverage_exhausted_and_all_detected_cleared,,3771.080159,269.3628685,0.07092159999956493,144,0,160,14320.400795000001,2864.080159,117.0,720.0,42.0,28.0,
3,q3-hard-close_targets,hard,200005,baseline_current,14,14,True,1.0,True,True,True,False,coverage_exhausted_and_all_detected_cleared,,3538.030724,252.7164802857143,0.07587050000074669,104,0,120,14420.153620000001,2884.030724,64.0,520.0,42.0,28.0,
3,q3-hard-close_targets,hard,200005,safe1500,14,14,True,1.0,True,True,True,False,coverage_exhausted_and_all_detected_cleared,,3538.030724,252.7164802857143,0.08151929999803542,104,0,120,14420.153620000001,2884.030724,64.0,520.0,42.0,28.0,
3,q3-hard-close_targets,hard,200005,immediate1150,14,14,True,1.0,True,True,True,False,coverage_exhausted_and_all_detected_cleared,,2868.610987,204.90078478571428,0.09005830000023707,104,0,120,11073.054935,2214.610987,64.0,520.0,42.0,28.0,
3,q3-hard-close_targets,hard,200005,immediate1200,14,14,True,1.0,True,True,True,False,coverage_exhausted_and_all_detected_cleared,,2925.651492,208.97510657142857,0.09081280000100378,104,0,120,11358.25746,2271.651492,64.0,520.0,42.0,28.0,
3,q3-hard-close_targets,hard,200005,immediate1400,14,14,True,1.0,True,True,True,False,coverage_exhausted_and_all_detected_cleared,,3157.66503,225.54750214285716,0.08942219999880763,104,0,120,12518.32515,2503.66503,64.0,520.0,42.0,28.0,
3,q3-hard-close_targets,hard,200005,detour1150,14,14,True,1.0,True,True,True,False,coverage_exhausted_and_all_detected_cleared,,2054.717117,146.76550835714286,0.0660916000015277,98,0,114,7013.585585,1402.717117,92.0,490.0,42.0,28.0,
3,q3-hard-close_targets,hard,200005,detour1200,14,14,True,1.0,True,True,True,False,coverage_exhausted_and_all_detected_cleared,,2124.184437,151.72745978571427,0.06450159999803873,98,0,114,7360.922184999999,1472.184437,92.0,490.0,42.0,28.0,
3,q3-hard-close_targets,hard,200005,detour1400,14,14,True,1.0,True,True,True,False,coverage_exhausted_and_all_detected_cleared,,2388.445679,170.6032627857143,0.06470120000085444,98,0,114,8682.228395,1736.445679,92.0,490.0,42.0,28.0,
3,q3-hard-close_targets,hard,200005,route1150,14,14,True,1.0,True,True,True,False,coverage_exhausted_and_all_detected_cleared,,2295.170388,163.940742,0.07092150000244146,140,0,156,6955.8519400000005,1391.170388,134.0,700.0,42.0,28.0,
3,q3-hard-close_targets,hard,200005,route1200,14,14,True,1.0,True,True,True,False,coverage_exhausted_and_all_detected_cleared,,2363.668981,168.83349864285714,0.07002769999962766,140,0,156,7303.344905,1460.668981,133.0,700.0,42.0,28.0,
3,q3-hard-close_targets,hard,200005,route1400,14,14,True,1.0,True,True,True,False,coverage_exhausted_and_all_detected_cleared,,3157.023156,225.501654,0.09824460000163526,104,0,120,12515.11578,2503.023156,64.0,520.0,42.0,28.0,
3,q3-hard-close_targets,hard,200005,route1200_noneg,14,14,True,1.0,True,True,True,False,coverage_exhausted_and_all_detected_cleared,,2363.668981,168.83349864285714,0.05712339999809046,140,0,156,7303.344905,1460.668981,133.0,700.0,42.0,28.0,
3,q3-hard-near_parallel,hard,200006,baseline_current,14,14,True,1.0,True,True,True,False,coverage_exhausted_and_all_detected_cleared,,5031.190431,359.3707450714286,0.0868728999994346,155,0,171,20400.952155,4080.190431,106.0,775.0,42.0,28.0,
3,q3-hard-near_parallel,hard,200006,safe1500,14,14,True,1.0,True,True,True,False,coverage_exhausted_and_all_detected_cleared,,5031.190431,359.3707450714286,0.08762600000045495,155,0,171,20400.952155,4080.190431,106.0,775.0,42.0,28.0,
3,q3-hard-near_parallel,hard,200006,immediate1150,14,14,True,1.0,True,True,True,False,coverage_exhausted_and_all_detected_cleared,,3487.324148,249.094582,0.08913459999894258,149,0,165,12831.62074,2566.324148,106.0,745.0,42.0,28.0,
3,q3-hard-near_parallel,hard,200006,immediate1200,14,14,True,1.0,True,True,True,False,coverage_exhausted_and_all_detected_cleared,,3374.407477,241.02910550000001,0.08574190000217641,132,0,148,12762.037385000001,2552.407477,92.0,660.0,42.0,28.0,
3,q3-hard-near_parallel,hard,200006,immediate1400,14,14,True,1.0,True,True,True,False,coverage_exhausted_and_all_detected_cleared,,3088.321859,220.59441850000002,0.0679630000013276,130,0,146,11311.609295,2262.321859,106.0,650.0,42.0,28.0,
3,q3-hard-near_parallel,hard,200006,detour1150,14,14,True,1.0,True,True,True,False,coverage_exhausted_and_all_detected_cleared,,4055.099901,289.6499929285714,0.0894001999986358,170,0,186,15040.499505,3008.099901,127.0,850.0,42.0,28.0,
3,q3-hard-near_parallel,hard,200006,detour1200,14,14,True,1.0,True,True,True,False,coverage_exhausted_and_all_detected_cleared,,3914.954835,279.6396310714286,0.08717459999752464,152,0,168,14864.774175,2972.954835,112.0,760.0,42.0,28.0,
3,q3-hard-near_parallel,hard,200006,detour1400,14,14,True,1.0,True,True,True,False,coverage_exhausted_and_all_detected_cleared,,3088.221089,220.58722064285715,0.06761510000069393,130,0,146,11311.105445000001,2262.221089,106.0,650.0,42.0,28.0,
3,q3-hard-near_parallel,hard,200006,route1150,14,14,True,1.0,True,True,True,False,coverage_exhausted_and_all_detected_cleared,,3489.378101,249.24129292857143,0.09117470000273897,149,0,165,12846.890505,2569.378101,105.0,745.0,42.0,28.0,
3,q3-hard-near_parallel,hard,200006,route1200,14,14,True,1.0,True,True,True,False,coverage_exhausted_and_all_detected_cleared,,3368.959264,240.63994742857145,0.08660440000312519,132,0,148,12734.796320000001,2546.959264,92.0,660.0,42.0,28.0,
3,q3-hard-near_parallel,hard,200006,route1400,14,14,True,1.0,True,True,True,False,coverage_exhausted_and_all_detected_cleared,,3079.015691,219.92969221428572,0.06906220000018948,130,0,146,11265.078455,2253.015691,106.0,650.0,42.0,28.0,
3,q3-hard-near_parallel,hard,200006,route1200_noneg,14,14,True,1.0,True,True,True,False,coverage_exhausted_and_all_detected_cleared,,5066.34165,361.8815464285714,0.09696249999979045,149,0,165,20796.708250000003,4159.34165,92.0,745.0,42.0,28.0,
