seed,source_count,state_seconds,v3_seconds,v3_minus_state_seconds,state_successful,v3_successful
2026092300,10,2763.522148,2951.234757,187.71260900000016,True,True
2026092301,12,3101.674279,2932.320582,-169.353697,True,True
2026092302,10,2927.807991,2957.691123,29.883131999999932,True,True
2026092303,16,3558.067851,3239.909794,-318.15805699999964,True,True
2026092304,12,3136.543188,3229.100755,92.55756699999984,True,True
2026092305,16,2988.065944,3049.50909,61.44314600000007,True,True
2026092306,11,2695.47393,2789.532829,94.05889900000011,True,True
2026092307,12,3169.773874,3325.006573,155.23269900000014,True,True
2026092308,11,3091.005218,2967.843002,-123.16221599999972,True,True
2026092309,14,3018.461446,3080.463655,62.00220900000022,True,True
2026092310,16,3351.510947,3585.706485,234.19553799999994,True,True
2026092311,16,2809.647575,2970.048051,160.40047600000025,True,True
2026092312,12,2831.64721,2834.886953,3.2397430000000895,True,True
2026092313,10,2559.0866,2481.269105,-77.81749500000024,True,True
2026092314,10,2852.722691,3033.805757,181.08306600000014,True,True
2026092315,14,3115.974654,3318.130403,202.15574900000001,True,True
2026092316,12,2917.775692,3147.156169,229.3804769999997,True,True
2026092317,11,3140.233528,3274.76683,134.53330199999982,True,True
2026092318,15,3102.129448,3165.448441,63.318992999999864,True,True
2026092319,10,2817.561698,2899.515417,81.95371900000009,True,True
2026092320,15,3097.648829,3270.207108,172.55827899999986,True,True
2026092321,10,2777.923015,2764.201176,-13.721838999999818,True,True
2026092322,13,3027.416491,2792.47065,-234.94584099999975,True,True
2026092323,15,3082.73502,3383.144125,300.4091049999997,True,True
2026092324,11,3130.603779,3129.521562,-1.0822170000001279,True,True
2026092325,13,3334.142547,3278.420175,-55.72237199999972,True,True
2026092326,11,3053.735907,2859.007077,-194.72883000000002,True,True
2026092327,14,3262.21871,3314.449564,52.23085399999991,True,True
2026092328,11,2946.692221,3035.891162,89.1989410000001,True,True
2026092329,11,3127.531197,3149.930308,22.399111000000175,True,True
2026092330,15,3096.537959,3145.612771,49.07481200000029,True,True
2026092331,16,3396.681343,3519.812544,123.13120099999969,True,True
2026092332,11,2774.675931,2829.552487,54.87655599999971,True,True
2026092333,12,3219.989898,3111.025309,-108.9645889999997,True,True
2026092334,13,3131.923994,3276.847028,144.92303399999992,True,True
2026092335,13,2978.143574,3109.835523,131.69194900000002,True,True
2026092336,13,2960.229737,3100.76932,140.53958299999977,True,True
2026092337,11,3028.314753,2774.608468,-253.7062850000002,True,True
2026092338,14,3198.255954,3256.35142,58.09546599999976,True,True
2026092339,12,3061.455775,2994.414907,-67.04086800000005,True,True
2026092340,11,3032.243699,3085.809851,53.566151999999875,True,True
2026092341,16,3033.281323,3031.102143,-2.1791800000000876,True,True
2026092342,14,3632.307779,3643.695438,11.387658999999985,True,True
2026092343,11,2796.341351,2853.721804,57.38045299999976,True,True
2026092344,10,2963.86344,3079.871441,116.0080009999997,True,True
2026092345,12,3374.051037,3331.771,-42.28003699999999,True,True
2026092346,10,3187.561948,3013.320796,-174.24115200000006,True,True
2026092347,12,2926.703362,3134.591889,207.8885269999996,True,True
2026092348,14,3265.046032,3303.879512,38.83347999999978,True,True
2026092349,14,3057.369126,3142.855554,85.48642800000016,True,True
2026092350,12,3213.552832,3367.636471,154.08363899999995,True,True
2026092351,13,3242.966675,3610.6509,367.68422499999997,True,True
2026092352,12,2810.65863,2940.137883,129.47925299999997,True,True
2026092353,16,3460.180724,3361.826695,-98.35402899999963,True,True
2026092354,16,3501.887457,3660.141248,158.2537910000001,True,True
2026092355,12,3105.455325,2999.104162,-106.35116299999981,True,True
2026092356,10,2979.906206,3007.356194,27.44998799999985,True,True
2026092357,14,3454.362764,3432.94737,-21.415394000000106,True,True
2026092358,14,3090.12661,3192.00749,101.88088000000016,True,True
2026092359,13,3107.319633,3206.61379,99.29415699999981,True,True
2026092360,10,2550.566584,2788.718108,238.15152399999988,True,True
2026092361,14,3273.834703,3216.401349,-57.43335399999978,True,True
2026092362,10,2714.254279,2762.797391,48.54311199999984,True,True
2026092363,11,3010.01158,2846.266419,-163.74516099999983,True,True
2026092364,10,2700.543189,2943.845053,243.30186400000002,True,True
2026092365,11,3055.952674,3126.302372,70.34969799999999,True,True
2026092366,11,3271.719105,2922.480707,-349.23839799999996,True,True
2026092367,16,3324.553364,3335.876686,11.32332200000019,True,True
2026092368,13,2893.712513,2711.806275,-181.90623800000003,True,True
2026092369,11,3286.749242,3184.045125,-102.70411699999977,True,True
2026092370,11,3044.830314,3112.908271,68.07795699999997,True,True
2026092371,13,3354.137103,3426.934335,72.7972319999999,True,True
2026092372,10,3158.061238,3138.264158,-19.797079999999823,True,True
2026092373,10,2736.245569,2685.907115,-50.33845400000018,True,True
2026092374,10,2955.144044,2904.148471,-50.99557300000015,True,True
2026092375,13,3277.589518,3025.955398,-251.63412000000017,True,True
2026092376,10,2934.83236,2918.977318,-15.855041999999685,True,True
2026092377,12,3152.541463,3197.947146,45.405682999999954,True,True
2026092378,16,2832.832602,2957.15981,124.32720800000016,True,True
2026092379,14,3225.317119,2787.538701,-437.7784179999999,True,True
2026092380,15,3322.679213,3326.987473,4.308260000000246,True,True
2026092381,15,3563.46585,3650.297242,86.83139200000005,True,True
2026092382,10,2605.907146,2736.514538,130.6073919999999,True,True
2026092383,14,2943.792449,3223.901508,280.1090589999999,True,True
2026092384,11,2692.840522,2900.652308,207.8117860000002,True,True
2026092385,15,2673.841238,2735.592446,61.75120800000013,True,True
2026092386,16,3234.655212,3336.428072,101.77286000000004,True,True
2026092387,11,3023.67198,2895.009067,-128.66291300000012,True,True
2026092388,12,3036.969103,3120.066658,83.09755500000028,True,True
2026092389,12,3059.889856,3043.338593,-16.551262999999835,True,True
2026092390,14,3138.130292,3335.746649,197.61635700000033,True,True
2026092391,14,3305.971619,3443.695905,137.72428600000012,True,True
2026092392,15,2871.039383,2939.633625,68.59424200000012,True,True
2026092393,13,3126.080263,3085.45568,-40.6245829999998,True,True
2026092394,11,2670.99918,2792.693636,121.69445600000017,True,True
2026092395,16,2881.096649,2997.541091,116.44444199999998,True,True
2026092396,14,3278.986745,3199.192756,-79.79398900000024,True,True
2026092397,13,2821.93786,2791.297049,-30.640811000000213,True,True
2026092398,12,2810.079593,3055.456869,245.37727600000017,True,True
2026092399,11,3395.616827,3270.03737,-125.57945699999982,True,True
2026092400,12,2761.844565,2834.121882,72.27731700000004,True,True
2026092401,14,3154.746386,3189.635456,34.889070000000174,True,True
2026092402,15,3329.738838,3081.324257,-248.414581,True,True
2026092403,16,3496.476638,3302.821622,-193.65501600000016,True,True
2026092404,16,3004.106074,3167.112595,163.00652100000025,True,True
2026092405,10,2690.809803,2866.067932,175.25812899999983,True,True
2026092406,10,3049.442336,2999.608944,-49.833392,True,True
2026092407,13,3243.592952,3323.931109,80.33815700000014,True,True
2026092408,16,3133.948381,3117.304153,-16.644228000000112,True,True
2026092409,10,2919.028204,2965.027656,45.99945200000002,True,True
2026092410,12,3157.7754,3094.152365,-63.62303500000007,True,True
2026092411,12,2620.188921,2770.850044,150.66112299999986,True,True
2026092412,13,2949.512604,2792.118331,-157.39427299999988,True,True
2026092413,15,3553.385876,3557.507416,4.1215400000000955,True,True
2026092414,11,2938.817114,2741.587951,-197.22916299999997,True,True
2026092415,10,2811.507544,2674.777028,-136.73051600000008,True,True
2026092416,14,2833.371797,2830.440164,-2.9316329999996924,True,True
2026092417,10,3055.253858,2987.504573,-67.74928499999987,True,True
2026092418,12,2968.978133,3216.165911,247.18777799999998,True,True
2026092419,11,2788.165786,2809.342018,21.1762319999998,True,True
2026092420,13,2591.932029,2931.286227,339.354198,True,True
2026092421,15,3409.076507,3181.037495,-228.03901200000018,True,True
2026092422,13,3246.641762,3185.79195,-60.849812000000384,True,True
2026092423,13,3150.860208,3222.999673,72.13946499999975,True,True
2026092424,11,3154.406198,3292.168795,137.76259699999991,True,True
2026092425,13,3150.3213,3198.710152,48.38885200000004,True,True
2026092426,14,2683.777576,2871.772596,187.99501999999984,True,True
2026092427,15,3439.373331,3270.719878,-168.6534529999999,True,True
2026092428,15,3208.516481,3233.61704,25.100558999999976,True,True
2026092429,10,2864.118219,2974.933657,110.81543800000009,True,True
2026092430,10,2510.671178,2651.72877,141.0575920000001,True,True
2026092431,13,3220.288817,3180.984904,-39.30391300000019,True,True
2026092432,16,2974.473033,3188.842343,214.3693099999996,True,True
2026092433,15,3215.250608,3425.974991,210.72438300000022,True,True
2026092434,13,3246.604068,3142.889288,-103.71478000000025,True,True
2026092435,13,3048.632292,3218.78928,170.15698800000018,True,True
2026092436,16,2909.818092,2925.651194,15.833102000000054,True,True
2026092437,15,2735.150458,2948.476467,213.32600899999989,True,True
2026092438,11,3172.702656,3076.299579,-96.40307699999994,True,True
2026092439,10,3172.472832,3201.354389,28.881557000000157,True,True
2026092440,13,3492.019059,3138.511123,-353.507936,True,True
2026092441,15,3166.518424,3102.126312,-64.392112,True,True
2026092442,13,3492.115286,3532.493689,40.37840299999971,True,True
2026092443,16,2629.117497,2860.076013,230.9585159999997,True,True
2026092444,14,3343.468058,3224.953023,-118.5150349999999,True,True
2026092445,13,3001.274984,3148.66784,147.39285599999994,True,True
2026092446,10,2907.979279,2896.070457,-11.908822000000328,True,True
2026092447,16,3499.715073,3474.186005,-25.529067999999825,True,True
2026092448,16,3236.192988,3193.862984,-42.33000399999992,True,True
2026092449,14,2897.237886,3056.720972,159.48308600000018,True,True
2026092450,14,3280.447347,3246.228061,-34.21928600000001,True,True
2026092451,14,3165.506087,3094.481732,-71.02435500000001,True,True
2026092452,15,3413.227967,3466.129116,52.90114900000026,True,True
2026092453,15,3213.795822,3065.073838,-148.72198400000025,True,True
2026092454,10,2934.893454,3050.339082,115.44562799999994,True,True
2026092455,13,3306.21208,3480.597926,174.38584600000013,True,True
2026092456,14,3359.94324,3175.174222,-184.76901799999996,True,True
2026092457,11,2700.816773,2835.444825,134.62805200000003,True,True
2026092458,13,2846.975331,2981.262402,134.28707099999974,True,True
2026092459,11,2797.07446,3020.443802,223.36934199999996,True,True
2026092460,16,3596.959409,3475.758132,-121.20127700000012,True,True
2026092461,13,3344.431222,3346.093291,1.662068999999974,True,True
2026092462,15,3113.717496,3282.068184,168.350688,True,True
2026092463,15,2793.013711,2815.497727,22.484015999999883,True,True
2026092464,16,3399.473864,3371.584421,-27.88944300000003,True,True
2026092465,16,3511.026608,3451.351321,-59.675287000000026,True,True
2026092466,15,3104.457456,3368.350764,263.8933079999997,True,True
2026092467,12,3315.912664,3394.125217,78.21255299999984,True,True
2026092468,13,3314.345876,2915.907294,-398.43858199999977,True,True
2026092469,11,2930.32877,2925.713479,-4.61529100000007,True,True
2026092470,14,2869.490216,2986.155886,116.66566999999986,True,True
2026092471,10,3097.76877,3338.14625,240.37747999999965,True,True
2026092472,15,3243.421777,3251.705317,8.283539999999903,True,True
2026092473,14,3063.494482,3100.773482,37.278999999999996,True,True
2026092474,10,3032.965188,2961.436403,-71.52878499999997,True,True
2026092475,10,2856.244778,2706.111232,-150.13354600000002,True,True
2026092476,15,3269.102318,3155.361052,-113.741266,True,True
2026092477,16,3175.286607,2751.532639,-423.753968,True,True
2026092478,14,3187.889784,3174.292809,-13.59697499999993,True,True
2026092479,16,3263.189604,3236.774429,-26.41517500000009,True,True
2026092480,16,3538.894833,3453.913204,-84.98162899999988,True,True
2026092481,10,2799.01196,2882.229098,83.21713799999998,True,True
2026092482,12,3213.092746,3262.828664,49.73591800000031,True,True
2026092483,11,3241.648234,3345.427271,103.77903700000024,True,True
2026092484,10,2921.469768,2839.751254,-81.71851400000014,True,True
2026092485,16,3218.806783,3366.802569,147.99578599999995,True,True
2026092486,16,3233.08313,3403.055658,169.97252800000024,True,True
2026092487,15,3260.580825,3424.620352,164.0395269999999,True,True
2026092488,15,3459.230846,3378.540496,-80.69034999999985,True,True
2026092489,10,3135.143456,3042.211494,-92.93196199999966,True,True
2026092490,16,2798.597784,2937.936395,139.33861100000013,True,True
2026092491,10,2748.047653,2713.697687,-34.34996600000022,True,True
2026092492,16,3131.871407,3604.042877,472.1714699999998,True,True
2026092493,14,2886.152222,2758.151052,-128.00117,True,True
2026092494,15,3116.820802,3210.320018,93.4992159999997,True,True
2026092495,14,3571.547661,3380.666788,-190.88087300000007,True,True
2026092496,11,2775.597015,2871.45061,95.85359500000004,True,True
2026092497,16,3230.244117,2616.757154,-613.4869630000003,True,True
2026092498,16,3521.005259,3505.266432,-15.738827000000128,True,True
2026092499,12,3398.712119,3446.493118,47.780999000000065,True,True
2026092500,14,2901.464552,2974.197413,72.73286099999996,True,True
2026092501,15,2991.909053,3003.447192,11.538139000000228,True,True
2026092502,13,3068.118903,2884.444551,-183.674352,True,True
2026092503,15,3179.426549,3221.547837,42.12128800000028,True,True
2026092504,15,3531.704696,3423.372866,-108.33182999999963,True,True
2026092505,11,2814.385726,2702.086637,-112.2990890000001,True,True
2026092506,14,2827.70772,2906.607925,78.90020499999991,True,True
2026092507,11,2986.762476,2985.29978,-1.4626960000000508,True,True
2026092508,16,3351.707817,3216.191705,-135.5161119999998,True,True
2026092509,11,2549.548751,2861.786829,312.2380780000003,True,True
2026092510,14,3267.915944,3561.568249,293.65230500000007,True,True
2026092511,13,3017.562888,3205.086332,187.52344399999993,True,True
2026092512,13,3242.899669,3304.616653,61.71698400000014,True,True
2026092513,15,3541.368715,3237.451623,-303.91709200000014,True,True
2026092514,13,3229.253692,3100.856913,-128.3967789999997,True,True
2026092515,11,2658.258606,2581.561578,-76.69702800000005,True,True
2026092516,14,3175.146362,3177.116193,1.9698309999998855,True,True
2026092517,10,3438.186666,3174.041633,-264.14503300000024,True,True
2026092518,10,2740.643025,2855.41524,114.77221499999996,True,True
2026092519,13,3314.855626,3449.714903,134.85927700000002,True,True
2026092520,15,3323.630524,3103.303304,-220.32722000000012,True,True
2026092521,14,3394.287397,3427.385821,33.098423999999795,True,True
2026092522,15,3334.69765,3163.210768,-171.48688200000015,True,True
2026092523,16,3282.439756,3068.781458,-213.6582980000003,True,True
2026092524,15,2879.770186,3200.549624,320.779438,True,True
2026092525,14,2868.930344,2969.177845,100.24750100000028,True,True
2026092526,14,3252.416055,3347.911614,95.49555899999996,True,True
2026092527,14,3535.965581,3406.809315,-129.15626599999996,True,True
2026092528,13,3222.606,3332.207742,109.60174199999983,True,True
2026092529,15,3433.906594,3505.703506,71.7969119999998,True,True
2026092530,14,3227.802019,3469.419268,241.6172489999999,True,True
2026092531,11,3072.805697,3079.103124,6.297427000000425,True,True
2026092532,16,3284.655264,3243.865195,-40.79006900000013,True,True
2026092533,14,3364.839348,3270.860868,-93.97847999999976,True,True
2026092534,12,2981.380407,3314.070933,332.69052599999986,True,True
2026092535,13,3411.610538,3453.164933,41.55439500000011,True,True
2026092536,11,2970.529538,3033.728535,63.19899700000042,True,True
2026092537,10,2687.837499,2915.342972,227.5054729999997,True,True
2026092538,15,3053.689966,3077.422375,23.73240900000019,True,True
2026092539,11,3031.270155,3094.832641,63.56248599999981,True,True
2026092540,10,2832.608183,3001.193279,168.58509600000025,True,True
2026092541,11,3044.77911,2966.413281,-78.36582899999985,True,True
2026092542,14,3115.100697,3216.415454,101.3147570000001,True,True
2026092543,13,2987.121223,2989.396607,2.275384000000031,True,True
2026092544,14,3507.855436,3670.795813,162.94037700000035,True,True
2026092545,13,3396.335727,3129.311294,-267.02443300000004,True,True
2026092546,16,3292.998581,3464.649203,171.6506220000001,True,True
2026092547,12,2936.128296,2911.008386,-25.11990999999989,True,True
2026092548,16,2967.669113,3240.968129,273.29901599999994,True,True
2026092549,12,3044.017558,3117.239841,73.22228300000006,True,True
2026092550,11,2923.079194,3037.164931,114.08573699999988,True,True
2026092551,15,3495.36888,3292.226686,-203.14219400000002,True,True
2026092552,13,2716.325425,2783.650194,67.32476899999983,True,True
2026092553,11,3429.392432,3487.432008,58.039576000000125,True,True
2026092554,15,2680.823164,2925.628049,244.804885,True,True
2026092555,14,3119.976384,3170.611093,50.63470899999993,True,True
2026092556,15,3109.862715,3290.539241,180.67652599999974,True,True
2026092557,14,3195.381233,3352.628317,157.2470840000001,True,True
2026092558,12,2789.512005,2669.880596,-119.63140900000008,True,True
2026092559,14,3092.112649,2995.902483,-96.2101660000003,True,True
2026092560,12,3477.227388,3451.957999,-25.26938899999959,True,True
2026092561,13,2646.647322,2633.003529,-13.643792999999732,True,True
2026092562,14,3295.913145,3331.5403,35.62715500000013,True,True
2026092563,14,3445.873376,3313.695904,-132.17747199999985,True,True
2026092564,15,3094.484335,3041.490104,-52.99423100000013,True,True
2026092565,14,3074.974335,2889.849124,-185.12521100000004,True,True
2026092566,14,3289.472349,3198.631096,-90.84125300000005,True,True
2026092567,10,3295.987247,3166.583081,-129.4041659999998,True,True
2026092568,13,3155.161584,3353.557011,198.39542699999993,True,True
2026092569,16,3319.131518,2895.346443,-423.78507500000023,True,True
2026092570,11,3084.648076,3039.057335,-45.59074099999998,True,True
2026092571,16,3197.675299,3204.141829,6.466530000000148,True,True
2026092572,15,2851.84643,2919.91353,68.06709999999975,True,True
2026092573,11,3146.032228,3279.873797,133.84156900000016,True,True
2026092574,14,2931.082203,2935.620689,4.538485999999921,True,True
2026092575,13,2996.609805,3104.033307,107.4235020000001,True,True
2026092576,11,2893.485254,2822.568574,-70.91668000000027,True,True
2026092577,15,3564.246685,3266.939419,-297.30726600000025,True,True
2026092578,14,3111.255156,3061.519387,-49.735769000000346,True,True
2026092579,14,3036.367422,3073.542899,37.17547700000023,True,True
2026092580,12,3098.91296,3058.890585,-40.02237500000001,True,True
2026092581,15,3124.086736,3187.622574,63.535837999999785,True,True
2026092582,16,3644.176128,3413.007966,-231.16816199999994,True,True
2026092583,14,3361.543072,3427.604426,66.06135399999994,True,True
2026092584,13,3250.687089,3202.561661,-48.12542799999983,True,True
2026092585,16,2752.167427,3065.04444,312.87701300000026,True,True
2026092586,10,2951.980411,2872.714457,-79.26595399999997,True,True
2026092587,15,3511.685322,3467.223301,-44.46202099999982,True,True
2026092588,13,2980.92155,3311.709379,330.7878289999999,True,True
2026092589,13,2874.988272,3067.796104,192.80783199999996,True,True
2026092590,16,3285.916947,3407.983972,122.06702499999983,True,True
2026092591,13,2821.817318,3106.4274,284.61008200000015,True,True
2026092592,10,2792.111017,2829.328718,37.217701000000034,True,True
2026092593,16,3195.274012,3088.304515,-106.96949700000005,True,True
2026092594,12,3139.428785,3243.230053,103.80126800000016,True,True
2026092595,14,2979.106786,3285.020952,305.914166,True,True
2026092596,14,2931.324063,3258.134599,326.81053599999996,True,True
2026092597,16,2836.882529,2949.249092,112.36656300000004,True,True
2026092598,13,2905.088438,3161.678878,256.59043999999994,True,True
2026092599,11,3117.244208,3065.920334,-51.32387400000016,True,True
2026092600,11,3099.868574,2966.821005,-133.0475690000003,True,True
2026092601,15,3515.797251,3459.38668,-56.41057099999989,True,True
2026092602,16,3230.328893,3312.743808,82.41491500000029,True,True
2026092603,11,2885.441116,2937.764551,52.323435000000245,True,True
2026092604,12,2867.34521,3035.094966,167.74975600000016,True,True
2026092605,10,2802.249022,2934.679314,132.430292,True,True
2026092606,15,2806.754928,2851.684221,44.92929300000014,True,True
2026092607,10,3265.62502,3401.39192,135.76690000000008,True,True
2026092608,15,2747.325405,2978.327127,231.00172199999997,True,True
2026092609,10,3105.571843,3123.926073,18.354229999999916,True,True
2026092610,11,3136.244468,2953.459537,-182.7849309999997,True,True
2026092611,13,3104.065465,3479.662329,375.5968640000001,True,True
2026092612,11,2789.286869,2746.282144,-43.004725000000235,True,True
2026092613,14,3153.756849,3274.067956,120.31110699999999,True,True
2026092614,13,3134.403955,3311.287986,176.8840309999996,True,True
2026092615,15,3282.595125,3175.689069,-106.90605599999981,True,True
2026092616,11,2876.703554,3014.202421,137.4988669999998,True,True
2026092617,16,3194.474574,3539.303724,344.82915,True,True
2026092618,10,3025.977092,2889.834753,-136.142339,True,True
2026092619,11,2921.984281,3123.315697,201.331416,True,True
2026092620,13,3101.145707,3266.901963,165.75625599999967,True,True
2026092621,12,3327.73924,3143.533479,-184.2057609999997,True,True
2026092622,11,3075.301002,2997.766076,-77.53492600000027,True,True
2026092623,11,3190.257956,3133.675759,-56.582196999999724,True,True
2026092624,12,3136.333911,3385.355182,249.02127099999962,True,True
2026092625,12,3157.722853,3238.73928,81.01642699999957,True,True
2026092626,14,3201.395997,3118.448718,-82.94727899999998,True,True
2026092627,10,2891.709268,2964.844887,73.13561900000013,True,True
2026092628,15,3816.299499,3471.792576,-344.50692300000037,True,True
2026092629,11,2737.53859,2794.03015,56.491559999999936,True,True
2026092630,12,3307.980452,3223.799353,-84.1810989999999,True,True
2026092631,10,3090.414891,2995.875459,-94.53943200000003,True,True
2026092632,11,2908.735473,2887.375701,-21.35977200000025,True,True
2026092633,12,3063.805522,3053.159077,-10.646445000000313,True,True
2026092634,14,2686.584652,2727.593131,41.00847900000008,True,True
2026092635,13,2909.466486,2818.942288,-90.52419799999961,True,True
2026092636,14,3311.542878,3195.859401,-115.68347700000004,True,True
2026092637,14,3573.807863,3575.678475,1.8706120000001647,True,True
2026092638,10,2703.34996,3011.050531,307.70057099999985,True,True
2026092639,16,3020.65788,2950.066073,-70.59180700000024,True,True
2026092640,16,3388.555706,3409.924819,21.369112999999743,True,True
2026092641,11,3185.436918,3178.418598,-7.018319999999676,True,True
2026092642,15,3035.200835,2985.283385,-49.91744999999992,True,True
2026092643,16,3499.142787,3420.765147,-78.37764000000016,True,True
2026092644,14,2951.196675,3309.348973,358.152298,True,True
2026092645,12,3245.175257,3277.751251,32.575994000000264,True,True
2026092646,15,3286.095179,3498.536016,212.4408370000001,True,True
2026092647,10,2886.451057,2743.150393,-143.30066400000032,True,True
2026092648,15,2752.919938,3009.525734,256.6057959999998,True,True
2026092649,11,2814.116343,2884.605417,70.48907400000007,True,True
2026092650,13,2899.055841,3107.49831,208.44246900000007,True,True
2026092651,16,3764.127997,3548.870561,-215.25743599999987,True,True
2026092652,14,3025.666065,2841.582348,-184.08371699999998,True,True
2026092653,15,3206.13295,3576.934736,370.801786,True,True
2026092654,10,2995.053845,3257.213386,262.159541,True,True
2026092655,15,3213.772377,3233.614292,19.841915000000427,True,True
2026092656,12,2693.066016,3057.981161,364.91514499999994,True,True
2026092657,11,2572.962618,2718.28039,145.31777199999988,True,True
2026092658,14,3166.79224,2872.9617,-293.8305400000004,True,True
2026092659,13,3020.674104,3077.301075,56.626970999999685,True,True
2026092660,11,2856.836218,2707.440998,-149.39521999999988,True,True
2026092661,11,2829.781934,3099.654634,269.8726999999999,True,True
2026092662,16,3453.50008,3705.284846,251.78476600000022,True,True
2026092663,13,3381.519639,3215.160973,-166.35866600000008,True,True
2026092664,11,2519.719785,2703.734007,184.01422200000025,True,True
2026092665,12,2958.938517,2983.509083,24.57056599999987,True,True
2026092666,13,3166.375769,3113.629848,-52.74592100000018,True,True
2026092667,10,2813.330488,3106.643735,293.31324700000005,True,True
2026092668,10,2978.256885,2929.964567,-48.292317999999796,True,True
2026092669,14,2897.473214,3364.984861,467.5116469999998,True,True
2026092670,16,3278.441493,3268.418304,-10.023189000000002,True,True
2026092671,16,3685.612439,3637.698775,-47.91366400000015,True,True
2026092672,11,2775.968688,2946.903552,170.9348640000003,True,True
2026092673,11,2770.844557,2792.632835,21.78827799999999,True,True
2026092674,14,3333.589047,3319.127499,-14.461547999999766,True,True
2026092675,13,2947.464044,2949.919875,2.4558310000002166,True,True
2026092676,14,2854.589698,2962.199359,107.60966099999996,True,True
2026092677,10,2984.652868,3069.019032,84.36616400000003,True,True
2026092678,16,3408.63401,3493.306737,84.67272699999967,True,True
2026092679,15,3336.599589,3145.126214,-191.47337500000003,True,True
2026092680,13,3171.290325,3095.359167,-75.93115799999987,True,True
2026092681,13,2844.785883,2965.298613,120.51272999999992,True,True
2026092682,15,3157.990792,3396.284303,238.29351099999985,True,True
2026092683,16,3600.531835,3418.283402,-182.24843299999975,True,True
2026092684,12,2792.341084,2773.457709,-18.883375000000342,True,True
2026092685,14,3075.32601,3082.924859,7.598848999999973,True,True
2026092686,15,3353.946627,3299.165015,-54.78161199999977,True,True
2026092687,14,3091.080777,3125.383587,34.30280999999968,True,True
2026092688,14,2850.210505,2934.20885,83.99834499999997,True,True
2026092689,16,3005.960854,2923.766757,-82.19409700000006,True,True
2026092690,12,3184.121149,3125.189542,-58.931606999999985,True,True
2026092691,15,3505.906664,3600.254643,94.34797900000012,True,True
2026092692,15,3398.386009,3317.333208,-81.05280099999982,True,True
2026092693,14,3304.870177,3657.759085,352.88890800000036,True,True
2026092694,15,3353.151249,3427.936717,74.78546800000004,True,True
2026092695,14,2890.265186,3010.246401,119.98121499999979,True,True
2026092696,15,3139.464029,3359.483691,220.0196619999997,True,True
2026092697,11,2839.554917,2886.087844,46.5329270000002,True,True
2026092698,16,3089.51253,3105.292097,15.779567000000043,True,True
2026092699,15,3648.995185,3675.628026,26.632840999999644,True,True
2026092700,11,2977.613255,3015.937312,38.32405699999981,True,True
2026092701,13,3039.313023,3430.058934,390.745911,True,True
2026092702,11,2860.204611,2707.145206,-153.05940499999997,True,True
2026092703,16,3039.563845,3051.837006,12.273161000000073,True,True
2026092704,14,3396.700458,3367.5801,-29.12035799999967,True,True
2026092705,15,2930.634924,3182.014598,251.37967400000025,True,True
2026092706,12,2959.843167,2839.383334,-120.45983299999989,True,True
2026092707,12,3139.058565,3509.605172,370.5466070000002,True,True
2026092708,12,2996.881963,3018.298698,21.416735000000244,True,True
2026092709,14,3354.328654,3097.475206,-256.85344799999984,True,True
2026092710,12,2929.731183,2812.86866,-116.86252299999978,True,True
2026092711,15,3015.200153,3101.313122,86.11296900000025,True,True
2026092712,15,2991.747826,3124.149989,132.4021630000002,True,True
2026092713,14,2976.302393,2898.691181,-77.6112119999998,True,True
2026092714,15,3074.38303,3221.087361,146.7043309999999,True,True
2026092715,14,3517.69665,3518.405783,0.7091330000002927,True,True
2026092716,10,3036.82467,3249.014605,212.18993499999988,True,True
2026092717,15,3046.615705,3240.580826,193.96512099999973,True,True
2026092718,13,3007.629821,3213.081993,205.4521719999998,True,True
2026092719,14,3372.368737,3071.132974,-301.2357629999997,True,True
2026092720,10,3027.27672,2894.839217,-132.43750299999965,True,True
2026092721,14,3130.61103,3172.818446,42.207416000000194,True,True
2026092722,13,3452.042726,3437.288283,-14.754443000000265,True,True
2026092723,16,3215.580498,2869.006575,-346.5739229999999,True,True
2026092724,11,3017.965606,3100.899193,82.93358699999999,True,True
2026092725,12,2954.123182,3119.891176,165.76799400000027,True,True
2026092726,11,2941.26293,2974.194067,32.931137000000035,True,True
2026092727,13,3333.654644,3189.374327,-144.2803170000002,True,True
2026092728,13,3042.906596,3037.390359,-5.516236999999819,True,True
2026092729,11,3250.430629,3121.735574,-128.69505500000014,True,True
2026092730,14,3095.522373,3432.070092,336.54771900000014,True,True
2026092731,15,3406.879017,3437.213081,30.33406399999967,True,True
2026092732,14,2942.193352,3103.800358,161.60700600000018,True,True
2026092733,10,3054.578283,3034.201759,-20.37652399999979,True,True
2026092734,13,2970.524741,3095.842787,125.31804599999987,True,True
2026092735,14,3296.610197,3093.543439,-203.06675799999994,True,True
2026092736,16,3121.143199,3048.398051,-72.74514799999997,True,True
2026092737,13,3485.847411,3477.856207,-7.99120400000038,True,True
2026092738,14,3024.21383,2773.952447,-250.26138300000002,True,True
2026092739,12,3074.886729,3031.723401,-43.16332799999964,True,True
2026092740,12,3325.057809,3171.46204,-153.59576900000002,True,True
2026092741,16,3206.777479,3500.01377,293.23629100000016,True,True
2026092742,11,3037.791951,2978.628277,-59.163674000000356,True,True
2026092743,13,3606.903601,3550.803206,-56.100394999999935,True,True
2026092744,10,2636.720294,2670.986453,34.26615899999979,True,True
2026092745,15,3129.549587,3208.831778,79.28219100000024,True,True
2026092746,13,3069.698519,3032.981082,-36.717437000000245,True,True
2026092747,15,2799.374982,2947.013191,147.6382090000002,True,True
2026092748,14,3388.901312,3175.999935,-212.90137700000014,True,True
2026092749,16,3320.072763,2931.251775,-388.82098799999994,True,True
2026092750,12,3256.19885,3329.992315,73.79346499999974,True,True
2026092751,11,2743.523235,2840.07094,96.54770499999995,True,True
2026092752,10,3129.483493,3148.312817,18.829323999999815,True,True
2026092753,14,3151.809268,3471.808945,319.99967700000025,True,True
2026092754,15,2845.569033,2844.017643,-1.551390000000083,True,True
2026092755,10,3263.236492,3187.876104,-75.36038800000006,True,True
2026092756,10,3544.473252,3596.50216,52.02890800000023,True,True
2026092757,13,2993.278116,3160.525239,167.2471230000001,True,True
2026092758,15,3342.964978,3539.835545,196.87056699999994,True,True
2026092759,16,3131.85641,3166.033141,34.17673100000002,True,True
2026092760,14,3584.439129,3275.336693,-309.10243599999967,True,True
2026092761,12,2781.86685,2747.940224,-33.92662599999994,True,True
2026092762,14,3481.018639,3605.511636,124.49299700000029,True,True
2026092763,15,2798.924975,2978.661447,179.73647200000005,True,True
2026092764,16,3466.289066,3501.064075,34.775008999999955,True,True
2026092765,10,2717.403701,2653.368912,-64.03478900000027,True,True
2026092766,16,2800.048453,2980.355433,180.3069800000003,True,True
2026092767,15,3457.020265,3634.548138,177.527873,True,True
2026092768,11,2783.622497,3077.272446,293.6499490000001,True,True
2026092769,10,2829.382441,2972.560743,143.1783019999998,True,True
2026092770,16,3002.387337,3036.238481,33.85114399999975,True,True
2026092771,15,3205.109397,3336.600005,131.4906079999996,True,True
2026092772,13,3214.701463,3063.571904,-151.12955899999997,True,True
2026092773,12,2820.473415,2899.661358,79.1879429999999,True,True
2026092774,14,2933.772861,3288.564396,354.7915350000003,True,True
2026092775,14,3117.804692,3057.136371,-60.668321000000105,True,True
2026092776,14,3157.969379,3148.9795,-8.989879000000201,True,True
2026092777,10,2832.613062,2880.567388,47.95432600000004,True,True
2026092778,12,2640.8412,3006.530557,365.6893570000002,True,True
2026092779,11,2867.155351,2877.696053,10.540702000000238,True,True
2026092780,15,3033.613077,3036.681518,3.0684409999998934,True,True
2026092781,16,2965.427768,3315.083004,349.65523600000006,True,True
2026092782,11,3277.604678,3172.16713,-105.43754800000033,True,True
2026092783,12,2925.253868,2957.635247,32.38137900000038,True,True
2026092784,14,3031.658617,2883.764044,-147.89457300000004,True,True
2026092785,11,3086.343615,3513.037562,426.69394699999975,True,True
2026092786,12,3133.336303,3249.719187,116.3828840000001,True,True
2026092787,14,3152.164177,2893.218533,-258.9456439999999,True,True
2026092788,13,3114.070319,3414.845456,300.7751370000001,True,True
2026092789,13,3369.556874,3180.271475,-189.28539899999987,True,True
2026092790,11,2899.378388,2879.992315,-19.386073000000124,True,True
2026092791,14,3175.595138,3579.142568,403.5474300000001,True,True
2026092792,15,3448.697925,3551.451932,102.754007,True,True
2026092793,16,3234.731442,3265.907712,31.176270000000386,True,True
2026092794,14,3016.100508,3233.097129,216.99662100000023,True,True
2026092795,14,3054.616185,2972.596235,-82.01994999999988,True,True
2026092796,10,2854.846181,3034.761556,179.91537500000004,True,True
2026092797,11,2881.709681,3019.639092,137.92941100000007,True,True
2026092798,15,3652.886633,3556.711854,-96.17477899999994,True,True
2026092799,13,3415.937751,3474.272656,58.33490500000016,True,True
2026092800,12,3047.525505,3146.815717,99.29021199999988,True,True
2026092801,15,3357.228343,3339.722413,-17.505930000000262,True,True
2026092802,14,2882.08546,2979.13312,97.04766000000018,True,True
2026092803,12,3052.900568,3074.537978,21.637409999999818,True,True
2026092804,13,2833.628011,3065.029408,231.4013970000001,True,True
2026092805,13,2993.169288,3030.25446,37.08517200000006,True,True
2026092806,15,2940.281583,3182.255607,241.9740240000001,True,True
2026092807,10,2413.014938,2610.888212,197.87327400000004,True,True
2026092808,11,2765.153415,2798.486239,33.33282399999962,True,True
2026092809,12,3471.696029,3210.934093,-260.76193600000033,True,True
2026092810,15,3060.627276,3043.318236,-17.309040000000095,True,True
2026092811,10,3272.994859,3048.217245,-224.77761400000009,True,True
2026092812,10,2750.971402,2802.921718,51.95031599999993,True,True
2026092813,16,3272.722282,3437.206696,164.48441400000002,True,True
2026092814,12,3287.782422,3278.531642,-9.250780000000304,True,True
2026092815,10,2958.065159,3156.692616,198.6274569999996,True,True
2026092816,15,3143.921874,3173.608728,29.68685400000004,True,True
2026092817,14,2954.04276,3161.783991,207.74123099999997,True,True
2026092818,16,2867.671396,3056.917899,189.24650299999985,True,True
2026092819,13,2939.183507,3143.381659,204.19815199999994,True,True
2026092820,11,3027.986843,3073.812808,45.825965,True,True
2026092821,16,3515.498512,3365.384023,-150.11448900000005,True,True
2026092822,14,3362.786877,3495.822246,133.03536900000017,True,True
2026092823,14,3126.659162,3183.398139,56.73897699999998,True,True
2026092824,16,3653.835533,3502.551437,-151.28409599999986,True,True
2026092825,14,3112.807314,2936.367898,-176.43941600000016,True,True
2026092826,15,3359.515923,3145.728034,-213.78788899999972,True,True
2026092827,11,3021.689587,2955.375033,-66.31455400000004,True,True
2026092828,10,2887.973387,2981.285426,93.31203899999991,True,True
2026092829,10,2676.692771,2774.776243,98.0834719999998,True,True
2026092830,12,2964.080014,2877.00995,-87.070064,True,True
2026092831,10,2879.313018,3100.654341,221.3413230000001,True,True
2026092832,13,2936.090004,3012.492671,76.40266699999984,True,True
2026092833,15,3080.404076,3324.089929,243.6858530000004,True,True
2026092834,12,2935.403746,3065.175639,129.7718930000001,True,True
2026092835,13,3046.124522,2901.323779,-144.80074300000024,True,True
2026092836,11,2464.481196,2603.241208,138.76001199999973,True,True
2026092837,16,3239.718415,3280.093017,40.37460200000032,True,True
2026092838,16,3359.698019,3580.10093,220.40291100000013,True,True
2026092839,13,3047.118354,3236.211498,189.09314399999994,True,True
2026092840,10,3010.213708,2856.843081,-153.37062700000024,True,True
2026092841,13,2766.616359,2923.502648,156.88628900000003,True,True
2026092842,12,2887.802035,2963.515206,75.71317099999987,True,True
2026092843,16,3278.477015,3614.514815,336.03780000000006,True,True
2026092844,12,3126.982171,3241.52308,114.54090899999983,True,True
2026092845,10,3063.093706,3108.912725,45.819019000000026,True,True
2026092846,10,2683.630876,2933.9907,250.35982399999966,True,True
2026092847,14,3015.064797,3106.470162,91.40536500000007,True,True
2026092848,10,3087.41266,3223.952219,136.53955899999983,True,True
2026092849,14,3314.908774,3530.313869,215.40509500000007,True,True
2026092850,16,2945.608198,2830.467355,-115.14084299999968,True,True
2026092851,15,3566.955381,3253.699736,-313.2556450000002,True,True
2026092852,13,2995.678471,2922.011443,-73.6670280000003,True,True
2026092853,15,3230.990046,3300.625654,69.63560800000005,True,True
2026092854,12,2903.907586,3196.623633,292.71604700000034,True,True
2026092855,11,2874.179777,2954.646083,80.46630600000026,True,True
2026092856,13,3011.073438,2967.644349,-43.42908899999975,True,True
2026092857,15,3173.43632,3509.20439,335.7680700000001,True,True
2026092858,11,2559.017839,2796.956868,237.93902900000012,True,True
2026092859,10,3225.380023,3307.403139,82.02311599999985,True,True
2026092860,16,3364.834208,3740.538968,375.7047599999996,True,True
2026092861,14,3500.256025,3668.538618,168.2825929999999,True,True
2026092862,16,3496.353734,3293.753642,-202.60009199999968,True,True
2026092863,15,3288.253196,3300.165975,11.912778999999773,True,True
2026092864,16,2948.308347,3140.313535,192.00518799999963,True,True
2026092865,11,2793.366605,2838.788705,45.42209999999977,True,True
2026092866,10,2866.32656,3083.4509,217.12433999999985,True,True
2026092867,10,2707.446289,2680.713815,-26.73247399999991,True,True
2026092868,12,3175.46936,3159.599088,-15.870272000000114,True,True
2026092869,14,3406.342443,3088.076766,-318.26567699999987,True,True
2026092870,16,3177.325751,3374.832713,197.50696199999993,True,True
2026092871,14,2842.114179,2967.226357,125.11217799999986,True,True
2026092872,15,3379.014677,3467.016293,88.00161600000001,True,True
2026092873,13,3143.735785,3282.270137,138.53435200000013,True,True
2026092874,13,3183.052456,3311.395822,128.34336600000006,True,True
2026092875,14,3338.901939,3487.178452,148.27651300000025,True,True
2026092876,15,2957.533152,3008.468298,50.935145999999804,True,True
2026092877,10,3031.922408,3011.984355,-19.938052999999854,True,True
2026092878,12,2961.914152,2983.071475,21.15732300000036,True,True
2026092879,15,4097.342518,3894.542646,-202.7998720000005,True,True
2026092880,12,2953.498297,2954.713233,1.2149359999998524,True,True
2026092881,13,3666.805415,3698.63717,31.831755000000157,True,True
2026092882,10,2848.136459,2853.076672,4.940213000000313,True,True
2026092883,10,2726.390928,2779.87201,53.48108200000024,True,True
2026092884,14,3121.517166,3066.933497,-54.5836690000001,True,True
2026092885,10,3268.049761,3131.306934,-136.74282700000003,True,True
2026092886,13,3261.432113,3233.996579,-27.435533999999734,True,True
2026092887,13,3250.82211,3166.279805,-84.54230499999994,True,True
2026092888,16,3443.165698,3379.793851,-63.37184699999989,True,True
2026092889,14,2983.980608,3231.315103,247.33449500000006,True,True
2026092890,16,2655.647992,2879.280111,223.63211899999988,True,True
2026092891,14,3624.681121,3593.620074,-31.061047000000144,True,True
2026092892,11,3325.412714,3166.88723,-158.52548400000023,True,True
2026092893,11,2960.507694,3090.524658,130.01696399999992,True,True
2026092894,10,2780.073269,3099.198701,319.1254319999998,True,True
2026092895,10,2826.652048,2771.391208,-55.26083999999992,True,True
2026092896,13,3234.671838,3110.867856,-123.80398200000036,True,True
2026092897,14,3090.144049,2999.556729,-90.58732000000009,True,True
2026092898,15,3437.322501,3608.273535,170.9510339999997,True,True
2026092899,16,3181.553189,3310.781533,129.22834399999965,True,True
2026092900,10,2902.276961,3014.777831,112.50086999999985,True,True
2026092901,12,2913.639006,2913.104021,-0.5349849999997787,True,True
2026092902,15,3138.980654,2839.235614,-299.7450399999998,True,True
2026092903,10,2838.9829,2830.446401,-8.536498999999822,True,True
2026092904,13,3439.629709,3210.318293,-229.311416,True,True
2026092905,15,3410.709349,3179.978483,-230.73086600000033,True,True
2026092906,14,2808.254394,2817.869582,9.615187999999762,True,True
2026092907,14,3305.581377,3152.144095,-153.43728199999987,True,True
2026092908,12,3059.046299,3021.111507,-37.934792000000016,True,True
2026092909,15,3277.035865,3061.810678,-215.225187,True,True
2026092910,13,2763.343391,2872.637499,109.29410800000005,True,True
2026092911,10,2837.654995,2950.452698,112.79770300000018,True,True
2026092912,15,3132.851177,3017.865365,-114.9858119999999,True,True
2026092913,16,3398.102434,3390.02618,-8.076254000000063,True,True
2026092914,16,3072.576831,3115.047097,42.470266000000265,True,True
2026092915,12,3088.13997,3172.662121,84.52215099999967,True,True
2026092916,15,3467.438882,3350.789433,-116.649449,True,True
2026092917,10,2961.29126,2951.645678,-9.645582000000104,True,True
2026092918,12,2927.181828,2887.37031,-39.81151800000043,True,True
2026092919,10,3275.012748,3180.305217,-94.70753100000002,True,True
2026092920,14,3108.458032,3068.474657,-39.983374999999796,True,True
2026092921,15,3001.836175,3331.129608,329.2934330000003,True,True
2026092922,14,3368.785826,3581.47099,212.685164,True,True
2026092923,15,3293.783538,3070.771531,-223.01200700000027,True,True
2026092924,13,2956.074205,3072.811459,116.73725400000012,True,True
2026092925,13,3559.738575,3853.258144,293.51956900000005,True,True
2026092926,10,3205.474907,3180.925474,-24.54943299999968,True,True
2026092927,11,3118.616882,3124.547616,5.9307340000000295,True,True
2026092928,14,3309.512578,3453.117079,143.60450100000025,True,True
2026092929,16,2907.488944,2864.1741,-43.314843999999994,True,True
2026092930,14,3062.075058,2899.888041,-162.18701699999974,True,True
2026092931,10,2965.283972,3104.784996,139.5010239999997,True,True
2026092932,11,2828.536844,2975.813308,147.27646399999958,True,True
2026092933,13,2820.076935,2818.490449,-1.58648600000015,True,True
2026092934,12,3155.287674,3044.271325,-111.01634899999999,True,True
2026092935,15,3082.183506,2727.825947,-354.35755900000004,True,True
2026092936,11,3080.406907,2881.610991,-198.79591600000003,True,True
2026092937,13,3101.967346,3162.197978,60.23063200000024,True,True
2026092938,15,3218.625308,3310.559816,91.93450799999982,True,True
2026092939,14,3320.759302,3541.089984,220.33068200000025,True,True
2026092940,10,2598.351777,2666.1125,67.76072300000033,True,True
2026092941,14,3198.528262,3170.795379,-27.732882999999674,True,True
2026092942,11,3132.478973,3050.151251,-82.32772200000045,True,True
2026092943,11,3072.164337,3153.280705,81.11636799999997,True,True
2026092944,14,3339.395826,3373.668438,34.27261200000021,True,True
2026092945,12,2811.77442,2934.876479,123.10205899999983,True,True
2026092946,15,3281.842887,3305.789765,23.946878000000197,True,True
2026092947,11,3121.692313,3032.623293,-89.06901999999991,True,True
2026092948,15,3236.683182,3267.382538,30.699355999999625,True,True
2026092949,10,2884.213244,2993.057631,108.8443870000001,True,True
2026092950,10,3366.666783,3244.172128,-122.49465499999997,True,True
2026092951,12,2799.258906,2880.15035,80.89144399999986,True,True
2026092952,13,3123.537913,3152.697712,29.15979900000002,True,True
2026092953,16,3636.065655,3828.491645,192.42599000000018,True,True
2026092954,13,2943.959482,2968.09961,24.140128000000004,True,True
2026092955,10,3094.428166,2788.865995,-305.56217100000003,True,True
2026092956,10,2849.741931,2936.122381,86.38045000000011,True,True
2026092957,14,3704.590148,3475.837273,-228.75287500000013,True,True
2026092958,14,3381.118135,3560.965641,179.8475059999996,True,True
2026092959,13,3730.989882,3575.49418,-155.4957019999997,True,True
2026092960,15,3050.678811,2897.303779,-153.37503200000037,True,True
2026092961,10,2767.963824,2869.560519,101.59669500000018,True,True
2026092962,13,2698.729327,2635.34617,-63.38315700000021,True,True
2026092963,14,3159.362033,2966.534548,-192.8274849999998,True,True
2026092964,10,2872.436857,2842.016638,-30.42021900000009,True,True
2026092965,11,3012.522242,3056.000903,43.4786610000001,True,True
2026092966,13,3198.305216,3122.98488,-75.32033600000022,True,True
2026092967,12,2890.273609,3104.345562,214.07195300000012,True,True
2026092968,11,2778.784397,2887.30789,108.52349300000014,True,True
2026092969,15,3329.546971,3391.014989,61.468017999999574,True,True
2026092970,16,3086.303737,2966.667199,-119.6365380000002,True,True
2026092971,10,2898.043542,2781.875087,-116.168455,True,True
2026092972,10,3101.976077,3385.383544,283.407467,True,True
2026092973,12,3406.370983,3226.281611,-180.0893719999999,True,True
2026092974,10,2869.951624,2806.499587,-63.45203700000002,True,True
2026092975,15,3372.107298,3443.708205,71.600907,True,True
2026092976,10,2827.539794,2860.120689,32.580895000000055,True,True
2026092977,15,2844.551037,3064.328037,219.77700000000004,True,True
2026092978,11,2944.992467,3034.889398,89.89693099999977,True,True
2026092979,14,3404.717672,3391.119039,-13.598633000000063,True,True
2026092980,16,3007.672302,3247.726539,240.05423699999983,True,True
2026092981,10,2938.863539,2949.005202,10.14166299999988,True,True
2026092982,14,3374.47191,3324.531683,-49.94022700000005,True,True
2026092983,15,3243.374324,3225.386475,-17.987849000000097,True,True
2026092984,14,3231.489983,3244.962106,13.47212300000001,True,True
2026092985,15,3367.082176,3506.256003,139.17382700000007,True,True
2026092986,15,3344.839608,3289.191426,-55.64818200000036,True,True
2026092987,16,2866.436716,3178.638548,312.20183199999974,True,True
2026092988,14,3489.525549,3589.441434,99.91588499999989,True,True
2026092989,11,3054.334385,3097.780553,43.44616799999994,True,True
2026092990,12,3298.336427,3540.34558,242.00915299999997,True,True
2026092991,15,3161.056066,3234.398587,73.34252100000003,True,True
2026092992,15,3096.199718,2972.697896,-123.50182199999972,True,True
2026092993,14,3238.138119,3173.834143,-64.30397600000015,True,True
2026092994,16,3642.209176,3260.295375,-381.9138009999997,True,True
2026092995,14,3405.654702,3348.507808,-57.146893999999975,True,True
2026092996,11,2886.969139,2999.038078,112.06893900000023,True,True
2026092997,11,2760.39301,2788.146177,27.753167000000303,True,True
2026092998,14,3354.46278,3279.296436,-75.16634399999975,True,True
2026092999,16,3102.793871,3052.754428,-50.039442999999665,True,True
2026093000,14,3436.052333,3188.897497,-247.15483600000016,True,True
2026093001,12,2852.856899,2924.058647,71.20174799999995,True,True
2026093002,16,3400.596364,3475.279734,74.6833700000002,True,True
2026093003,15,3004.741619,3056.944593,52.20297400000027,True,True
2026093004,11,3103.094893,3131.487605,28.392711999999847,True,True
2026093005,14,3047.241316,3203.695716,156.45440000000008,True,True
2026093006,12,3065.142353,3119.834339,54.691985999999815,True,True
2026093007,13,3177.890336,3256.802347,78.9120109999999,True,True
2026093008,10,2909.20953,2900.473173,-8.736357000000226,True,True
2026093009,14,3365.480604,3215.90228,-149.57832400000007,True,True
2026093010,10,3089.278543,2840.600764,-248.6777790000001,True,True
2026093011,12,3448.407453,3335.984512,-112.42294099999981,True,True
2026093012,13,3143.68164,3214.831221,71.14958100000013,True,True
2026093013,16,3542.282327,3834.104925,291.8225980000002,True,True
2026093014,16,3134.369717,2977.400014,-156.9697030000002,True,True
2026093015,14,3172.361434,3269.743086,97.38165200000003,True,True
2026093016,12,3129.812099,3165.965348,36.15324899999996,True,True
2026093017,10,3092.574409,3080.198558,-12.375850999999784,True,True
2026093018,14,2878.855699,2847.105768,-31.749931000000288,True,True
2026093019,16,3431.026516,3091.886345,-339.140171,True,True
2026093020,13,2931.435263,2936.849813,5.414549999999963,True,True
2026093021,13,3186.902466,2996.879759,-190.02270700000008,True,True
2026093022,10,2752.43338,2837.623855,85.19047499999988,True,True
2026093023,11,3207.783929,3053.074045,-154.70988400000033,True,True
2026093024,13,3025.100383,3157.276777,132.17639400000007,True,True
2026093025,14,3145.511211,3104.980057,-40.53115399999979,True,True
2026093026,16,2921.101159,2889.430083,-31.67107599999963,True,True
2026093027,14,3397.930614,3614.359133,216.42851900000005,True,True
2026093028,12,3034.528429,2990.806915,-43.72151399999984,True,True
2026093029,10,2770.637741,2976.074766,205.43702500000018,True,True
2026093030,13,2921.411632,2742.727393,-178.6842389999997,True,True
2026093031,16,2954.890267,3137.752852,182.86258499999985,True,True
2026093032,10,2844.215314,3068.247881,224.03256699999974,True,True
2026093033,16,3522.661633,3308.643874,-214.0177590000003,True,True
2026093034,15,3344.166185,3451.524279,107.35809400000016,True,True
2026093035,15,3237.912056,3206.210458,-31.701598000000104,True,True
2026093036,15,3487.080663,3171.764266,-315.31639700000005,True,True
2026093037,15,3300.097782,3238.470232,-61.6275499999997,True,True
2026093038,13,3128.456019,3141.603504,13.14748499999996,True,True
2026093039,11,2833.05447,2935.249695,102.19522499999994,True,True
2026093040,13,3453.258723,3095.606702,-357.6520209999999,True,True
2026093041,13,3160.835459,3092.367878,-68.46758099999988,True,True
2026093042,16,2858.932854,2900.948495,42.01564099999996,True,True
2026093043,16,3439.975206,3109.932461,-330.0427450000002,True,True
2026093044,14,2791.753733,2925.43163,133.67789700000003,True,True
2026093045,16,3495.987482,3452.73002,-43.25746200000003,True,True
2026093046,12,3129.300315,3344.722978,215.42266299999983,True,True
2026093047,12,3316.111417,3253.771478,-62.33993899999996,True,True
2026093048,14,2996.782443,3107.374534,110.59209099999998,True,True
2026093049,10,2954.331505,3098.675217,144.34371199999987,True,True
2026093050,11,2899.372903,2943.61867,44.24576699999989,True,True
2026093051,10,2964.161203,2853.255954,-110.90524899999991,True,True
2026093052,15,3428.124047,3581.778999,153.65495200000032,True,True
2026093053,10,2957.955652,2765.227774,-192.72787800000015,True,True
2026093054,11,2713.713788,2697.504467,-16.209320999999818,True,True
2026093055,11,3331.279151,3374.035848,42.756696999999804,True,True
2026093056,12,3246.093088,3339.728588,93.63549999999987,True,True
2026093057,13,3175.270426,3396.981706,221.71128,True,True
2026093058,16,2974.476564,2857.705468,-116.77109599999994,True,True
2026093059,16,3313.327556,3450.043185,136.7156289999998,True,True
2026093060,13,2637.709805,2900.222704,262.51289899999983,True,True
2026093061,12,2966.71595,2940.921118,-25.794831999999587,True,True
2026093062,16,3347.169591,3033.901235,-313.26835600000004,True,True
2026093063,13,3675.229773,3458.200411,-217.02936200000022,True,True
2026093064,10,2658.707354,2927.363722,268.65636799999993,True,True
2026093065,10,2791.563714,2796.271994,4.708280000000286,True,True
2026093066,10,2855.654971,2978.958333,123.3033620000001,True,True
2026093067,11,3268.177106,2992.146131,-276.0309750000001,True,True
2026093068,10,2772.035253,2836.544791,64.5095379999998,True,True
2026093069,14,3149.166815,3097.6329,-51.53391499999998,True,True
2026093070,12,2688.740146,2720.03931,31.29916400000002,True,True
2026093071,11,3049.297992,3116.103704,66.80571200000031,True,True
2026093072,13,3013.672261,3015.588266,1.916005000000041,True,True
2026093073,12,3109.183646,3210.246083,101.06243700000005,True,True
2026093074,15,3158.830873,3032.584573,-126.24629999999979,True,True
2026093075,13,3605.462413,3426.841108,-178.62130500000012,True,True
2026093076,11,2853.908488,2923.572734,69.66424599999982,True,True
2026093077,11,2774.845587,2959.958766,185.1131790000004,True,True
2026093078,12,2975.958846,2941.22729,-34.73155600000018,True,True
2026093079,12,2561.100564,2779.142548,218.04198399999996,True,True
2026093080,13,2984.173875,3036.441036,52.267161000000215,True,True
2026093081,11,3135.830281,3314.350184,178.51990299999989,True,True
2026093082,14,3106.885795,2965.065809,-141.81998599999997,True,True
2026093083,15,3090.907073,3109.457304,18.550231000000167,True,True
2026093084,11,2838.81781,2707.30905,-131.50876000000017,True,True
2026093085,10,2581.330685,2675.999104,94.66841900000009,True,True
2026093086,12,2840.542372,2750.376222,-90.16615000000002,True,True
2026093087,14,3496.806567,3480.370996,-16.43557099999998,True,True
2026093088,11,3004.702729,3151.251199,146.54846999999972,True,True
2026093089,13,2690.842346,2727.416915,36.57456899999988,True,True
2026093090,15,3514.6797,3127.551877,-387.12782300000026,True,True
2026093091,12,2893.327293,3085.300396,191.97310300000026,True,True
2026093092,12,3237.559633,3056.213038,-181.34659499999998,True,True
2026093093,13,3280.065014,3414.58464,134.51962600000024,True,True
2026093094,13,2869.04428,3069.46004,200.41575999999986,True,True
2026093095,11,3240.756368,3205.148789,-35.60757899999999,True,True
2026093096,14,3187.083592,3232.853097,45.76950500000021,True,True
2026093097,16,3009.380923,3016.027737,6.646813999999722,True,True
2026093098,14,3190.857222,3215.815618,24.958395999999993,True,True
2026093099,14,3489.711953,3410.092596,-79.61935700000004,True,True
2026093100,10,2776.39432,2923.721093,147.32677300000023,True,True
2026093101,13,3271.464752,3324.311925,52.84717300000011,True,True
2026093102,11,3225.276185,3004.888476,-220.3877090000001,True,True
2026093103,13,3315.998093,3019.574212,-296.42388100000016,True,True
2026093104,12,2706.99929,2736.274025,29.274734999999964,True,True
2026093105,16,3286.539613,2854.50547,-432.03414299999986,True,True
2026093106,14,2921.687014,3045.89488,124.20786599999974,True,True
2026093107,13,3308.837329,3373.30023,64.46290099999987,True,True
2026093108,10,2672.715352,2773.111068,100.395716,True,True
2026093109,13,3040.727239,3227.176978,186.44973900000014,True,True
2026093110,14,3248.747733,3384.650602,135.902869,True,True
2026093111,16,2697.878644,2973.807751,275.92910699999993,True,True
2026093112,16,3045.622277,2875.946067,-169.67621000000008,True,True
2026093113,11,2690.014582,2704.375013,14.360431000000062,True,True
2026093114,16,3134.849376,3190.628607,55.77923099999998,True,True
2026093115,16,2769.708617,2494.301492,-275.4071249999997,True,True
2026093116,15,3161.998517,3066.275059,-95.72345799999994,True,True
2026093117,13,3419.714481,3267.805814,-151.90866700000015,True,True
2026093118,16,3368.010346,2967.496625,-400.5137209999998,True,True
2026093119,13,3165.980201,3892.025442,726.0452410000003,True,True
2026093120,16,3417.235622,3549.997408,132.76178600000003,True,True
2026093121,14,3408.354095,3380.626545,-27.727550000000065,True,True
2026093122,13,3110.312888,3287.118587,176.805699,True,True
2026093123,14,2791.630968,3068.699414,277.0684460000002,True,True
2026093124,11,2990.970935,2902.102166,-88.8687689999997,True,True
2026093125,10,2768.64882,2985.446404,216.79758399999992,True,True
2026093126,14,3059.801919,3009.138945,-50.66297399999985,True,True
2026093127,15,2918.36584,2999.321437,80.95559700000013,True,True
2026093128,13,2894.206035,3024.769007,130.56297199999972,True,True
2026093129,12,3072.966089,2934.59585,-138.37023899999986,True,True
2026093130,13,3031.203586,3167.335969,136.13238300000012,True,True
2026093131,11,3108.750943,3080.155201,-28.595741999999973,True,True
2026093132,14,3159.595958,3337.636018,178.04006000000027,True,True
2026093133,15,3106.616715,3066.8278,-39.78891500000009,True,True
2026093134,16,3291.066896,3875.41762,584.3507240000004,True,True
2026093135,10,2765.381854,2752.59356,-12.788294000000406,True,True
2026093136,16,3109.222796,3296.517855,187.29505900000004,True,True
2026093137,10,2908.325127,2815.118523,-93.20660399999997,True,True
2026093138,10,2502.455309,2624.444639,121.98932999999988,True,True
2026093139,14,3142.198518,3324.870549,182.67203100000006,True,True
2026093140,11,2913.984091,3275.54859,361.56449900000007,True,True
2026093141,13,2898.722745,3201.231723,302.50897799999984,True,True
2026093142,16,3379.913922,3081.09476,-298.81916200000023,True,True
2026093143,16,3164.205675,3053.81507,-110.39060500000005,True,True
2026093144,12,3048.744106,3182.229212,133.4851060000001,True,True
2026093145,14,3284.856587,3607.383499,322.5269119999998,True,True
2026093146,13,3110.152946,3151.31869,41.165743999999904,True,True
2026093147,14,3558.672731,3705.507601,146.83486999999968,True,True
2026093148,16,2887.874132,3003.522682,115.64854999999989,True,True
2026093149,10,2974.083129,2970.766022,-3.3171070000003056,True,True
2026093150,11,2860.799941,2901.9351,41.13515899999993,True,True
2026093151,15,3504.323469,3408.850813,-95.47265599999992,True,True
2026093152,10,2958.465416,2951.496862,-6.96855400000004,True,True
2026093153,16,3253.801631,2942.874199,-310.92743199999995,True,True
2026093154,15,2710.738857,3228.60295,517.8640930000001,True,True
2026093155,11,2947.996875,2899.366458,-48.63041699999985,True,True
2026093156,12,2812.358891,2904.77728,92.41838899999993,True,True
2026093157,16,3084.741515,3282.721978,197.98046299999987,True,True
2026093158,11,3167.937031,3102.694623,-65.24240800000007,True,True
2026093159,15,3167.627066,3394.43155,226.80448399999977,True,True
2026093160,10,2747.110244,2935.784299,188.67405499999995,True,True
2026093161,14,3285.037618,3460.12702,175.08940200000006,True,True
2026093162,16,3238.513393,3236.639464,-1.8739290000003166,True,True
2026093163,12,3431.276635,3301.193091,-130.08354400000007,True,True
2026093164,14,3186.927104,3347.367632,160.44052800000009,True,True
2026093165,14,3470.112803,3355.876893,-114.23590999999988,True,True
2026093166,14,3144.021852,3202.795369,58.77351700000008,True,True
2026093167,16,2941.563317,3108.803926,167.24060899999995,True,True
2026093168,10,2570.05953,2810.155005,240.09547500000008,True,True
2026093169,14,3161.869795,3218.316299,56.446504000000004,True,True
2026093170,12,2898.881383,2854.65443,-44.22695299999987,True,True
2026093171,13,3283.678432,3199.198649,-84.47978300000023,True,True
2026093172,12,2863.311853,2865.945932,2.634078999999929,True,True
2026093173,11,3271.290999,3215.890492,-55.400506999999834,True,True
2026093174,14,3376.938511,3331.783876,-45.15463499999987,True,True
2026093175,14,2843.279436,3158.337741,315.058305,True,True
2026093176,10,3077.253668,3160.952431,83.69876300000033,True,True
2026093177,11,3055.700414,3190.771642,135.07122800000025,True,True
2026093178,14,3358.039413,3333.172063,-24.867349999999988,True,True
2026093179,10,2983.574441,2954.962125,-28.61231600000019,True,True
2026093180,15,3385.042143,3138.737067,-246.3050760000001,True,True
2026093181,10,3068.025103,3045.019301,-23.00580200000013,True,True
2026093182,13,2862.136733,2810.757087,-51.379645999999866,True,True
2026093183,11,3087.157462,2941.177202,-145.98026000000027,True,True
2026093184,13,3302.326091,3241.367432,-60.9586589999999,True,True
2026093185,15,3612.823105,3926.981019,314.1579139999999,True,True
2026093186,15,3086.425538,3516.739357,430.31381899999997,True,True
2026093187,15,3208.212465,3056.454644,-151.75782100000015,True,True
2026093188,14,3289.653768,3096.938495,-192.71527300000025,True,True
2026093189,10,2589.279781,2596.90948,7.6296989999996185,True,True
2026093190,14,3361.542626,3547.723956,186.1813299999999,True,True
2026093191,11,2901.621792,2841.638439,-59.98335300000008,True,True
2026093192,12,3344.044983,3567.028794,222.98381100000006,True,True
2026093193,11,2693.662512,2797.492993,103.83048099999996,True,True
2026093194,11,2876.393221,2976.278677,99.88545599999998,True,True
2026093195,14,3344.381543,3527.274916,182.89337299999988,True,True
2026093196,14,3502.662564,3414.63045,-88.03211400000009,True,True
2026093197,15,2914.513535,2916.244442,1.7309070000001157,True,True
2026093198,15,2986.713804,3167.332487,180.61868300000015,True,True
2026093199,11,2587.792579,2708.327021,120.53444200000013,True,True
2026093200,16,3622.613354,3291.82369,-330.7896639999999,True,True
2026093201,12,3179.432609,3108.394396,-71.03821299999981,True,True
2026093202,16,3275.042513,3386.777295,111.734782,True,True
2026093203,15,3472.555647,3351.846301,-120.7093460000001,True,True
2026093204,12,3304.475139,3114.339651,-190.13548800000035,True,True
2026093205,14,2793.0604,2995.103653,202.04325300000028,True,True
2026093206,11,3124.282428,3171.870822,47.58839399999988,True,True
2026093207,12,2919.781469,2826.239811,-93.5416580000001,True,True
2026093208,11,2883.809062,2999.8851,116.07603800000015,True,True
2026093209,13,3121.997357,3131.288082,9.290724999999838,True,True
2026093210,11,3143.495988,3315.703353,172.20736499999975,True,True
2026093211,10,2495.280747,2644.9132,149.63245300000017,True,True
2026093212,11,2923.282017,2921.624107,-1.6579099999999016,True,True
2026093213,14,3432.559797,3295.787357,-136.77243999999973,True,True
2026093214,11,2478.875574,2720.77967,241.90409599999975,True,True
2026093215,12,2926.805459,2826.154507,-100.65095199999996,True,True
2026093216,11,2893.516962,2904.100567,10.583604999999807,True,True
2026093217,16,3414.176301,3038.074603,-376.10169799999994,True,True
2026093218,10,3258.514759,3380.035095,121.52033600000004,True,True
2026093219,16,3035.664707,3386.245928,350.5812209999999,True,True
2026093220,13,3135.344015,3059.610213,-75.7338020000002,True,True
2026093221,14,3176.02629,3293.298155,117.27186500000016,True,True
2026093222,15,3501.634775,3506.427366,4.792590999999902,True,True
2026093223,13,3237.859547,3284.486532,46.62698499999988,True,True
2026093224,16,3530.590872,3736.839428,206.248556,True,True
2026093225,14,3063.810654,3156.679552,92.86889800000017,True,True
2026093226,10,3054.541192,2989.954837,-64.58635499999991,True,True
2026093227,14,3335.631936,3244.254636,-91.3773000000001,True,True
2026093228,10,3200.619078,3159.671592,-40.947486000000026,True,True
2026093229,10,3186.094311,3276.280783,90.18647200000032,True,True
2026093230,14,2881.396702,2874.665768,-6.730934000000161,True,True
2026093231,13,2934.144415,3083.010298,148.86588299999994,True,True
2026093232,16,3103.83813,3358.50533,254.66719999999987,True,True
2026093233,12,3034.024194,3027.607507,-6.416686999999911,True,True
2026093234,16,3248.851332,3405.300462,156.44912999999997,True,True
2026093235,11,2721.102581,2961.75732,240.65473900000006,True,True
2026093236,14,3144.718421,3193.904466,49.18604499999992,True,True
2026093237,12,3103.442644,3183.94191,80.4992659999998,True,True
2026093238,13,3074.362518,3171.816234,97.45371599999999,True,True
2026093239,15,3304.140108,3197.357322,-106.78278600000021,True,True
2026093240,13,3247.603445,3173.337041,-74.26640399999997,True,True
2026093241,16,3200.16066,3209.782457,9.621796999999788,True,True
2026093242,12,3262.705596,3103.422893,-159.28270299999986,True,True
2026093243,15,2859.962141,2976.331594,116.36945300000025,True,True
2026093244,13,3398.452527,3183.624626,-214.8279010000001,True,True
2026093245,13,3311.472125,3229.876231,-81.59589399999959,True,True
2026093246,12,3028.793783,3129.363999,100.57021600000007,True,True
2026093247,16,3259.069156,3411.764593,152.69543699999986,True,True
2026093248,10,3005.772841,2985.564937,-20.20790399999987,True,True
2026093249,16,2793.803788,3008.787697,214.98390900000004,True,True
2026093250,12,3143.326542,3287.197068,143.87052600000015,True,True
2026093251,16,3142.199998,3521.696194,379.49619600000005,True,True
2026093252,13,3067.138812,3339.100332,271.96151999999984,True,True
2026093253,12,2776.776363,3018.16099,241.3846269999999,True,True
2026093254,12,2986.95105,3032.569487,45.618437000000085,True,True
2026093255,15,2895.363476,3270.071948,374.7084719999998,True,True
2026093256,14,2665.628564,2959.600932,293.97236799999973,True,True
2026093257,11,2876.306291,3009.598705,133.292414,True,True
2026093258,16,2999.3883,3170.956305,171.56800500000008,True,True
2026093259,16,3323.834235,3473.66963,149.83539500000006,True,True
2026093260,15,3475.775627,3683.582931,207.80730399999993,True,True
2026093261,16,3404.706212,2971.021865,-433.6843469999999,True,True
2026093262,15,3441.332826,3556.370581,115.03775500000029,True,True
2026093263,16,3270.44678,3082.453115,-187.99366500000042,True,True
2026093264,13,3088.6271,3339.60382,250.97671999999966,True,True
2026093265,13,3292.084621,3242.247497,-49.83712400000013,True,True
2026093266,16,3112.080395,3048.147501,-63.93289400000003,True,True
2026093267,14,3471.649759,3602.369359,130.7195999999999,True,True
2026093268,10,2819.305391,2896.502334,77.19694299999992,True,True
2026093269,16,2661.108601,2890.368465,229.2598640000001,True,True
2026093270,10,2862.012418,2972.339898,110.32748000000038,True,True
2026093271,13,3058.566524,3304.462843,245.89631899999995,True,True
2026093272,11,2754.412593,2806.697895,52.285301999999774,True,True
2026093273,16,3519.521469,3445.272883,-74.2485859999997,True,True
2026093274,10,2654.911862,2809.138899,154.2270370000001,True,True
2026093275,15,3412.1907,3331.821116,-80.36958400000003,True,True
2026093276,13,3177.634427,3268.417679,90.78325200000018,True,True
2026093277,12,3214.70091,3075.930092,-138.77081799999996,True,True
2026093278,11,2822.490495,2830.29132,7.800824999999804,True,True
2026093279,14,3027.114244,3003.101515,-24.012729000000036,True,True
2026093280,14,3109.272297,3127.087497,17.815200000000004,True,True
2026093281,12,3130.784995,3102.999356,-27.785639000000174,True,True
2026093282,13,3150.68159,2942.695052,-207.9865380000001,True,True
2026093283,11,2892.542536,2906.513866,13.971329999999853,True,True
2026093284,14,3139.655034,3147.412838,7.757804000000306,True,True
2026093285,13,3406.052451,3021.063806,-384.9886449999999,True,True
2026093286,15,3381.35366,3547.113998,165.7603379999996,True,True
2026093287,11,2772.249066,2692.590559,-79.65850699999964,True,True
2026093288,10,3189.524684,3129.316792,-60.2078919999999,True,True
2026093289,10,3072.531483,3130.895033,58.36354999999958,True,True
2026093290,12,3190.495009,3041.834768,-148.66024100000004,True,True
2026093291,11,2925.442703,3003.256619,77.81391599999961,True,True
2026093292,15,2851.677921,3136.340829,284.66290800000024,True,True
2026093293,11,2840.311551,2718.319371,-121.99217999999973,True,True
2026093294,11,2897.078328,3077.469174,180.39084599999978,True,True
2026093295,14,3358.5266,3249.380838,-109.1457620000001,True,True
2026093296,14,2971.098804,3158.836179,187.7373749999997,True,True
2026093297,11,3130.409852,3320.983948,190.57409600000028,True,True
2026093298,11,2679.406959,2804.207624,124.80066500000021,True,True
2026093299,10,2775.887961,2828.315881,52.427920000000086,True,True
2026093300,13,3057.220519,3555.874395,498.65387599999985,True,True
2026093301,15,3168.836895,3067.34707,-101.48982500000011,True,True
2026093302,14,3366.622231,3595.707865,229.08563400000003,True,True
2026093303,12,2853.941322,3035.108676,181.1673539999997,True,True
2026093304,14,2531.252185,2552.773922,21.52173700000003,True,True
2026093305,15,3491.604673,3507.397534,15.792861000000357,True,True
2026093306,10,2823.949757,2687.967857,-135.98189999999977,True,True
2026093307,16,2901.988583,2833.677838,-68.31074499999977,True,True
2026093308,14,3518.230662,3614.013139,95.7824770000002,True,True
2026093309,14,3244.055812,3213.185208,-30.870604000000185,True,True
2026093310,15,3232.797915,3444.998734,212.20081899999968,True,True
2026093311,10,3142.719784,3081.991878,-60.727906000000075,True,True
2026093312,10,2890.404045,2808.597053,-81.80699200000026,True,True
2026093313,13,2928.690489,2909.770448,-18.920040999999856,True,True
2026093314,16,3526.030914,3243.350712,-282.680202,True,True
2026093315,16,2966.187762,2541.280011,-424.9077510000002,True,True
2026093316,14,3031.247603,3004.98105,-26.26655299999993,True,True
2026093317,10,2841.333693,2961.935873,120.60217999999986,True,True
2026093318,13,2718.578293,2741.36794,22.78964700000006,True,True
2026093319,11,3141.541128,3082.167004,-59.37412399999994,True,True
2026093320,15,3138.818977,3343.362535,204.5435580000003,True,True
2026093321,16,3317.428806,3291.551239,-25.877567,True,True
2026093322,14,2798.141521,3152.709253,354.567732,True,True
2026093323,15,2684.426585,2700.595374,16.168788999999833,True,True
2026093324,15,2815.898326,3053.67968,237.7813540000002,True,True
2026093325,11,2781.722849,2731.628277,-50.094572000000426,True,True
2026093326,10,3168.025525,3333.913307,165.8877819999998,True,True
2026093327,12,3079.414847,3249.987866,170.57301899999993,True,True
2026093328,14,2918.485798,2973.36593,54.880131999999776,True,True
2026093329,13,2783.102283,2958.235747,175.133464,True,True
2026093330,11,2777.562946,2944.142921,166.5799750000001,True,True
2026093331,10,2475.134671,2630.01917,154.88449900000023,True,True
2026093332,14,3095.919442,3183.713769,87.79432700000007,True,True
2026093333,13,2953.052185,3151.731963,198.67977800000017,True,True
2026093334,10,2546.447831,2623.191541,76.74371000000019,True,True
2026093335,16,2898.459432,3092.749913,194.290481,True,True
2026093336,12,2907.118281,3095.924345,188.80606399999988,True,True
2026093337,11,3389.635068,3369.36003,-20.275038000000222,True,True
2026093338,10,2956.989712,3014.610744,57.621032000000014,True,True
2026093339,14,3012.182537,3117.052554,104.87001699999973,True,True
2026093340,11,2816.863199,2958.999427,142.1362280000003,True,True
2026093341,10,3201.900445,3277.358754,75.45830899999964,True,True
2026093342,14,3127.816539,3381.62185,253.80531100000007,True,True
2026093343,16,3379.432432,3198.425977,-181.0064550000002,True,True
2026093344,12,3596.603199,3429.485158,-167.11804100000018,True,True
2026093345,14,3080.388218,3180.089393,99.70117500000015,True,True
2026093346,12,3428.449368,3049.932683,-378.51668500000005,True,True
2026093347,14,3080.77266,3320.183972,239.41131199999973,True,True
2026093348,11,2959.52833,3262.814021,303.28569100000004,True,True
2026093349,15,3321.999542,3649.364925,327.36538299999984,True,True
2026093350,12,3166.315502,3169.894934,3.579431999999997,True,True
2026093351,14,3253.845838,3331.110201,77.26436299999978,True,True
2026093352,13,3438.257577,3073.651898,-364.6056789999998,True,True
2026093353,16,3280.909059,3244.836693,-36.072365999999874,True,True
2026093354,13,3042.607903,3124.353493,81.74558999999999,True,True
2026093355,16,3272.76014,3304.544921,31.784781000000294,True,True
2026093356,12,2715.937305,2772.799858,56.862552999999934,True,True
2026093357,13,3221.671024,3712.755218,491.08419399999957,True,True
2026093358,11,3012.288782,3098.09877,85.80998799999998,True,True
2026093359,16,3472.1279,3658.588816,186.460916,True,True
2026093360,14,2989.928847,3017.774667,27.845820000000003,True,True
2026093361,10,2860.264677,2927.193737,66.92905999999994,True,True
2026093362,14,2947.379554,3052.856912,105.4773580000001,True,True
2026093363,13,2726.346529,2925.213938,198.86740899999995,True,True
2026093364,13,3171.886528,3356.898252,185.01172399999996,True,True
2026093365,12,3143.444718,3029.629063,-113.81565500000033,True,True
2026093366,10,2777.894819,2746.699653,-31.195165999999972,True,True
2026093367,12,3130.10028,2970.004289,-160.09599100000014,True,True
2026093368,12,2886.154879,2859.843671,-26.31120800000008,True,True
2026093369,14,3187.639449,2963.506029,-224.13341999999966,True,True
2026093370,12,2643.497439,2731.318365,87.82092599999987,True,True
2026093371,12,2821.883307,2765.531182,-56.35212499999989,True,True
2026093372,11,3060.401555,3128.646061,68.244506,True,True
2026093373,10,2575.965955,2876.051305,300.08534999999983,True,True
2026093374,11,2921.751988,2671.548271,-250.20371699999987,True,True
2026093375,12,2613.155776,2755.493226,142.33745,True,True
2026093376,16,3455.814932,3605.199333,149.3844009999998,True,True
2026093377,12,3191.477467,3168.554556,-22.922911000000113,True,True
2026093378,14,3216.578825,3304.21055,87.63172499999973,True,True
2026093379,14,2902.449713,2962.694661,60.24494800000002,True,True
2026093380,14,2859.187681,3039.166056,179.97837500000014,True,True
2026093381,15,3021.970755,2976.004014,-45.96674099999973,True,True
2026093382,15,3277.61885,3412.310342,134.69149200000038,True,True
2026093383,15,3352.862802,3671.383946,318.5211439999998,True,True
2026093384,11,2885.606688,2922.011495,36.404807000000346,True,True
2026093385,12,2941.619598,2899.459301,-42.160297000000355,True,True
2026093386,12,3318.457647,3472.79829,154.340643,True,True
2026093387,16,3128.219208,3033.544591,-94.67461700000013,True,True
2026093388,13,2931.432904,2828.377185,-103.05571899999995,True,True
2026093389,11,2958.755554,3206.595322,247.83976800000028,True,True
2026093390,13,2857.621659,3014.847629,157.22596999999996,True,True
2026093391,14,2948.279056,3192.867544,244.58848800000032,True,True
2026093392,15,3411.659734,3375.870623,-35.78911100000005,True,True
2026093393,12,2905.001877,2971.878064,66.87618699999985,True,True
2026093394,11,3041.934323,3140.188602,98.25427900000022,True,True
2026093395,11,2882.701776,2740.542375,-142.1594009999999,True,True
2026093396,12,2947.785012,2945.468595,-2.3164170000000013,True,True
2026093397,10,3106.352898,3305.097524,198.7446259999997,True,True
2026093398,15,3415.919698,3364.624278,-51.29542000000038,True,True
2026093399,14,2698.481423,2885.714458,187.23303499999975,True,True
2026093400,14,3512.072979,3103.386939,-408.68604000000005,True,True
2026093401,16,3042.738153,3056.547754,13.809601000000384,True,True
2026093402,13,3224.528484,3282.192037,57.663552999999865,True,True
2026093403,16,3574.425342,3278.823731,-295.60161100000005,True,True
2026093404,14,3411.812064,3221.513588,-190.2984760000004,True,True
2026093405,11,2831.787716,2866.677903,34.89018699999997,True,True
2026093406,13,2805.694623,2753.025689,-52.66893399999981,True,True
2026093407,13,3398.722597,3374.003862,-24.718734999999924,True,True
2026093408,13,2905.784726,2990.971663,85.18693699999994,True,True
2026093409,12,2741.237546,2904.711928,163.47438200000033,True,True
2026093410,12,2767.641366,2819.443539,51.80217300000004,True,True
2026093411,12,2967.829581,3234.154608,266.32502699999986,True,True
2026093412,10,3122.949311,3157.601328,34.65201700000034,True,True
2026093413,11,2910.373795,2996.981312,86.60751699999992,True,True
2026093414,15,3338.662966,3242.09548,-96.56748599999992,True,True
2026093415,10,2696.721566,2769.200234,72.47866799999974,True,True
2026093416,13,3434.467396,3553.186315,118.71891899999991,True,True
2026093417,10,2860.484255,2845.066467,-15.417787999999746,True,True
2026093418,10,2996.814732,3240.145316,243.33058400000027,True,True
2026093419,15,3296.066532,3406.50501,110.43847800000003,True,True
2026093420,13,2887.029716,2916.593392,29.563676000000214,True,True
2026093421,13,3525.15077,3401.128285,-124.02248500000042,True,True
2026093422,12,2826.293786,2952.065968,125.7721819999997,True,True
2026093423,11,2969.762906,3022.854611,53.091705000000275,True,True
2026093424,13,3083.37766,3249.429326,166.05166599999984,True,True
2026093425,12,3307.403862,3480.963658,173.559796,True,True
2026093426,13,2962.32184,3002.636569,40.314728999999716,True,True
2026093427,10,2993.814127,2952.564392,-41.24973499999987,True,True
2026093428,16,3202.803066,2991.062684,-211.74038199999995,True,True
2026093429,13,2865.863975,2931.72292,65.85894499999995,True,True
2026093430,13,2822.301971,2671.82015,-150.48182099999985,True,True
2026093431,12,3362.311871,3053.704596,-308.60727499999985,True,True
2026093432,10,2721.599911,2834.150613,112.550702,True,True
2026093433,16,3082.088586,3231.350971,149.262385,True,True
2026093434,13,3357.782265,3491.877923,134.09565800000018,True,True
2026093435,12,2625.792113,2949.245286,323.4531729999999,True,True
2026093436,16,3246.367772,3418.872924,172.50515199999973,True,True
2026093437,10,2509.499212,2728.548272,219.04905999999983,True,True
2026093438,12,3197.199905,3356.642934,159.44302900000002,True,True
2026093439,12,3011.810118,2999.004545,-12.805573000000095,True,True
2026093440,11,3194.083027,3132.681153,-61.401874000000134,True,True
2026093441,12,3151.127001,3100.342369,-50.784631999999874,True,True
2026093442,16,3524.675899,3272.424536,-252.25136299999986,True,True
2026093443,14,3396.147888,3205.285522,-190.86236599999984,True,True
2026093444,13,3122.551979,3279.24456,156.69258100000025,True,True
2026093445,13,2910.015177,2866.306039,-43.709138000000166,True,True
2026093446,13,3058.999864,3261.809905,202.81004100000018,True,True
2026093447,14,3101.803818,3039.454076,-62.34974199999988,True,True
2026093448,11,3297.382572,3137.081184,-160.30138799999986,True,True
2026093449,12,2890.633662,3027.551038,136.91737599999988,True,True
2026093450,14,3160.697121,3246.26732,85.57019899999977,True,True
2026093451,13,3697.001705,3608.554392,-88.44731300000012,True,True
2026093452,12,3278.151557,3357.375973,79.22441600000002,True,True
2026093453,12,2699.815494,2843.551503,143.7360090000002,True,True
2026093454,16,3479.472168,3203.147127,-276.3250409999996,True,True
2026093455,10,3167.229742,2944.052071,-223.17767099999992,True,True
2026093456,11,2872.884761,2926.106321,53.22156000000041,True,True
2026093457,10,2876.282458,2890.401279,14.118821000000025,True,True
2026093458,16,3224.124625,3211.333262,-12.79136299999982,True,True
2026093459,12,3347.928896,3292.759898,-55.1689980000001,True,True
2026093460,10,2592.249222,2768.181604,175.93238199999996,True,True
2026093461,16,3286.582869,3178.922924,-107.65994499999988,True,True
2026093462,10,2506.122341,2532.425264,26.30292300000019,True,True
2026093463,12,3284.319138,3258.008827,-26.31031099999973,True,True
2026093464,11,2740.045851,2842.698096,102.65224500000022,True,True
2026093465,13,2760.597733,3108.826069,348.2283360000001,True,True
2026093466,15,3429.031911,3112.764895,-316.26701600000024,True,True
2026093467,15,3296.577935,3641.812501,345.2345660000001,True,True
2026093468,11,2709.270299,2832.720593,123.45029400000021,True,True
2026093469,16,3120.112638,3154.027521,33.91488299999992,True,True
2026093470,10,2772.397003,2765.329914,-7.067089000000124,True,True
2026093471,13,3657.742982,3355.690011,-302.05297100000007,True,True
2026093472,14,3394.678446,3230.9071,-163.771346,True,True
2026093473,12,3150.018857,3215.390443,65.37158599999975,True,True
2026093474,12,3008.954539,3083.833528,74.87898900000027,True,True
2026093475,15,3445.677485,3346.365526,-99.31195900000012,True,True
2026093476,11,3162.773209,3014.058636,-148.71457299999975,True,True
2026093477,10,2829.570663,2746.269161,-83.3015019999998,True,True
2026093478,12,2711.096025,2812.907201,101.81117600000016,True,True
2026093479,16,3129.748283,3220.196717,90.4484339999999,True,True
2026093480,16,3266.151203,3109.137655,-157.0135479999999,True,True
2026093481,15,3044.947037,3091.954551,47.0075139999999,True,True
2026093482,11,2855.612819,2808.717959,-46.89485999999988,True,True
2026093483,14,2963.496652,2881.388437,-82.10821499999975,True,True
2026093484,11,2839.205821,2919.287539,80.08171799999991,True,True
2026093485,12,2997.203045,3197.511828,200.30878299999995,True,True
2026093486,10,3115.196817,3218.580295,103.3834780000002,True,True
2026093487,13,3210.53924,3143.552493,-66.98674699999992,True,True
2026093488,14,3455.128213,3192.182985,-262.94522800000004,True,True
2026093489,14,3026.325181,3171.107433,144.78225199999997,True,True
2026093490,13,3097.711624,3174.387094,76.67547000000013,True,True
2026093491,16,3340.076087,3391.387845,51.31175800000028,True,True
2026093492,16,2914.099857,2826.447144,-87.65271299999995,True,True
2026093493,16,3847.399013,3380.136844,-467.2621690000001,True,True
2026093494,11,2780.981931,2811.246661,30.264730000000327,True,True
2026093495,15,3640.625708,3809.515982,168.89027399999986,True,True
2026093496,14,3088.029458,3031.632075,-56.39738299999999,True,True
2026093497,10,2809.111068,2719.454107,-89.65696100000014,True,True
2026093498,16,2775.256056,2836.065305,60.80924899999991,True,True
2026093499,11,3381.305631,3052.953539,-328.3520920000001,True,True
2026093500,15,3092.749703,3029.865919,-62.883784000000105,True,True
2026093501,15,3495.543504,3578.170224,82.62671999999975,True,True
2026093502,16,3445.812164,3508.824744,63.01258000000007,True,True
2026093503,12,2954.866695,3081.920716,127.05402099999992,True,True
2026093504,13,3011.638086,3115.269509,103.63142300000027,True,True
2026093505,16,3090.70965,3229.323536,138.6138860000001,True,True
2026093506,11,2884.222837,3182.974676,298.751839,True,True
2026093507,16,3160.873214,3113.738669,-47.134545000000344,True,True
2026093508,13,2943.972381,2984.154348,40.181966999999986,True,True
2026093509,13,3193.5901,2942.745168,-250.84493199999997,True,True
2026093510,12,3096.93614,2926.632026,-170.30411399999957,True,True
2026093511,12,2985.974919,3196.176618,210.20169899999973,True,True
2026093512,16,3593.556167,3528.730563,-64.82560400000011,True,True
2026093513,13,2878.691043,2966.23585,87.54480700000022,True,True
2026093514,14,3165.132421,3343.266253,178.13383199999998,True,True
2026093515,14,3083.040925,3102.622164,19.581239000000096,True,True
2026093516,12,2666.639969,2886.379832,219.73986300000024,True,True
2026093517,16,3615.866636,3674.065983,58.19934699999976,True,True
2026093518,13,3426.537919,3572.970125,146.43220599999995,True,True
2026093519,13,2974.274988,3210.665666,236.39067799999975,True,True
2026093520,16,3007.174735,3141.957508,134.7827729999999,True,True
2026093521,11,3065.627833,2971.008724,-94.61910900000021,True,True
2026093522,12,3155.166685,3054.141006,-101.02567900000031,True,True
2026093523,11,3240.286066,3392.986592,152.70052600000008,True,True
2026093524,12,3043.045014,3193.923697,150.87868300000036,True,True
2026093525,10,2674.0194,2622.786881,-51.23251900000014,True,True
2026093526,15,3147.672533,3171.704404,24.031871000000137,True,True
2026093527,12,3249.134014,3314.78254,65.64852599999995,True,True
2026093528,15,3037.009194,2967.751304,-69.25789000000032,True,True
2026093529,15,3254.867133,3219.536997,-35.33013600000004,True,True
2026093530,10,2847.871929,2948.466258,100.59432900000002,True,True
2026093531,12,3458.76854,3349.320345,-109.44819499999994,True,True
2026093532,11,2921.067607,3018.780391,97.71278399999983,True,True
2026093533,14,3156.207954,2973.052852,-183.15510200000017,True,True
2026093534,11,3135.1804,3126.525849,-8.654551000000083,True,True
2026093535,13,3384.226794,3555.210172,170.9833779999999,True,True
2026093536,11,2887.705459,2832.962123,-54.743336,True,True
2026093537,16,3333.286658,3015.346426,-317.9402319999999,True,True
2026093538,11,3241.483073,3020.740125,-220.74294800000007,True,True
2026093539,14,3195.621778,2904.106148,-291.51563000000033,True,True
2026093540,11,2973.576196,2876.453948,-97.12224800000013,True,True
2026093541,15,3035.090821,3381.852807,346.76198600000043,True,True
2026093542,15,3478.421031,3570.048131,91.62710000000015,True,True
2026093543,14,3174.210573,3322.315506,148.10493300000007,True,True
2026093544,14,3129.408377,3011.030741,-118.37763600000017,True,True
2026093545,12,2807.587416,3002.1436,194.55618400000003,True,True
2026093546,14,2781.148186,2867.171125,86.02293899999995,True,True
2026093547,10,3048.522036,3075.033536,26.51150000000007,True,True
2026093548,14,3321.311355,3467.377155,146.0658000000003,True,True
2026093549,15,3315.871519,3273.215286,-42.6562329999997,True,True
2026093550,11,2992.402609,3183.129565,190.72695599999997,True,True
2026093551,15,3355.43014,3147.980437,-207.44970299999977,True,True
2026093552,16,3366.346699,3279.501686,-86.84501300000011,True,True
2026093553,13,3118.570081,3308.304829,189.7347480000003,True,True
2026093554,15,3250.964363,3835.603579,584.639216,True,True
2026093555,13,2909.776697,2976.325444,66.54874700000028,True,True
2026093556,13,3392.455876,3391.014864,-1.4410119999997733,True,True
2026093557,16,3440.854604,3429.368526,-11.486077999999907,True,True
2026093558,16,3120.044467,3229.520097,109.47562999999991,True,True
2026093559,15,3409.360887,3194.45817,-214.90271699999994,True,True
2026093560,12,3310.350077,3179.660083,-130.68999399999984,True,True
2026093561,12,2676.057846,2902.932927,226.87508099999968,True,True
2026093562,14,3473.32154,3449.047895,-24.27364499999976,True,True
2026093563,15,3353.242059,3298.451536,-54.79052300000012,True,True
2026093564,11,2813.209846,2784.353366,-28.856480000000374,True,True
2026093565,14,2988.709816,3048.197547,59.48773100000017,True,True
2026093566,14,3235.745402,3171.657936,-64.08746599999995,True,True
2026093567,15,2859.073373,3140.643234,281.56986099999995,True,True
2026093568,12,3086.243452,3114.434255,28.19080299999996,True,True
2026093569,13,3443.228752,3359.789404,-83.43934799999988,True,True
2026093570,13,3191.19303,3052.145253,-139.04777699999977,True,True
2026093571,14,2959.852119,3050.69991,90.84779099999969,True,True
2026093572,13,3294.013265,3078.900727,-215.11253799999986,True,True
2026093573,10,3047.245085,2914.399783,-132.84530200000017,True,True
2026093574,10,2730.991419,2830.003095,99.01167600000008,True,True
2026093575,13,3124.804013,2935.490484,-189.31352900000002,True,True
2026093576,16,3222.669155,3039.902988,-182.76616700000022,True,True
2026093577,10,2994.872795,3209.164913,214.29211799999985,True,True
2026093578,10,2791.304037,2979.560467,188.2564299999999,True,True
2026093579,11,2925.758401,3183.613701,257.85530000000017,True,True
2026093580,12,2821.779885,3049.024515,227.24463000000014,True,True
2026093581,15,3279.429271,3332.972311,53.54304000000002,True,True
2026093582,11,2974.507069,3185.975543,211.46847400000024,True,True
2026093583,16,3253.879227,3134.601639,-119.27758799999992,True,True
2026093584,13,3183.134743,3199.341531,16.20678799999996,True,True
2026093585,16,3567.15962,3460.7761,-106.38351999999986,True,True
2026093586,15,2605.777341,2878.302591,272.52525000000014,True,True
2026093587,15,3306.238272,3263.020723,-43.21754899999996,True,True
2026093588,12,3438.418579,3400.268937,-38.14964200000031,True,True
2026093589,10,2775.510354,2821.060863,45.55050900000015,True,True
2026093590,14,3359.062284,3207.497107,-151.56517699999995,True,True
2026093591,11,2657.502435,2723.986073,66.48363800000016,True,True
2026093592,11,2851.749833,2834.043606,-17.70622699999967,True,True
2026093593,13,3106.075948,3062.533975,-43.541973000000326,True,True
2026093594,12,3038.778724,3026.236959,-12.541764999999941,True,True
2026093595,12,3029.432019,2974.034285,-55.39773399999967,True,True
2026093596,16,3264.95639,2994.834247,-270.12214300000005,True,True
2026093597,12,3424.315775,3393.052908,-31.262866999999915,True,True
2026093598,11,2690.000104,2724.507639,34.507534999999734,True,True
2026093599,13,3306.389108,3517.202002,210.81289400000014,True,True
2026093600,13,3078.6775,2935.869035,-142.80846499999961,True,True
2026093601,15,3220.867185,3279.374273,58.50708799999984,True,True
2026093602,12,2544.685188,2601.581957,56.89676899999995,True,True
2026093603,10,2794.976036,2865.820596,70.84456,True,True
2026093604,12,3193.703237,3313.55495,119.85171300000002,True,True
2026093605,11,2753.994161,2748.069542,-5.924618999999893,True,True
2026093606,10,2769.222862,3177.091317,407.8684549999998,True,True
2026093607,16,3126.688842,3510.613519,383.924677,True,True
2026093608,15,3333.109709,3237.593247,-95.51646200000005,True,True
2026093609,10,2598.959283,2846.943292,247.9840089999998,True,True
2026093610,11,2830.655374,2960.872393,130.21701900000016,True,True
2026093611,14,2752.14334,2802.93122,50.78787999999986,True,True
2026093612,13,3204.977943,3317.937,112.95905700000003,True,True
2026093613,15,3027.019801,2994.815648,-32.20415300000013,True,True
2026093614,10,2995.009464,3469.937085,474.9276209999998,True,True
2026093615,11,2686.815116,2759.986996,73.17187999999987,True,True
2026093616,10,2966.925006,2940.71174,-26.21326599999975,True,True
2026093617,11,2714.261292,2840.885493,126.62420100000008,True,True
2026093618,16,3416.398585,3247.596353,-168.802232,True,True
2026093619,16,3296.070187,3111.175821,-184.894366,True,True
2026093620,15,2659.321574,2807.06893,147.74735599999985,True,True
2026093621,11,2745.030045,2920.528293,175.49824799999988,True,True
2026093622,10,2900.801859,3029.64376,128.84190099999978,True,True
2026093623,16,3283.70672,3274.280131,-9.426589000000149,True,True
2026093624,14,3501.494065,3281.841445,-219.65261999999984,True,True
2026093625,14,2958.286195,2789.56484,-168.72135500000013,True,True
2026093626,14,3322.138061,3164.379663,-157.75839799999994,True,True
2026093627,10,2883.549949,2885.540799,1.990849999999682,True,True
2026093628,15,3337.474519,3633.124149,295.64963000000034,True,True
2026093629,15,3148.258059,3136.05978,-12.19827899999973,True,True
2026093630,15,3093.925283,3107.692369,13.767085999999836,True,True
2026093631,15,3052.268286,2981.337331,-70.93095499999981,True,True
2026093632,13,3086.482197,3400.990599,314.5084020000004,True,True
2026093633,11,2784.885113,3017.42156,232.5364470000004,True,True
2026093634,14,3371.705401,3247.381328,-124.32407300000023,True,True
2026093635,13,3188.678827,3346.014937,157.33610999999974,True,True
2026093636,15,3210.708314,3393.74182,183.03350600000022,True,True
2026093637,11,2913.915146,2984.676781,70.7616350000003,True,True
2026093638,12,2989.553809,2764.949263,-224.60454600000003,True,True
2026093639,15,3453.018266,3671.562796,218.54453000000012,True,True
2026093640,16,3073.458305,3178.709637,105.25133199999982,True,True
2026093641,11,3051.577948,2887.405677,-164.1722709999999,True,True
2026093642,13,3135.603986,2945.293757,-190.31022900000016,True,True
2026093643,10,2963.65302,3103.148107,139.49508699999978,True,True
2026093644,15,3131.705863,3263.467701,131.7618379999999,True,True
2026093645,14,2767.785348,2841.015134,73.22978600000033,True,True
2026093646,11,2835.098731,2912.557315,77.45858399999997,True,True
2026093647,12,2694.652541,2779.381379,84.728838,True,True
2026093648,11,3311.181711,3486.073009,174.891298,True,True
2026093649,16,3331.100274,3200.931128,-130.16914599999973,True,True
2026093650,15,3062.200255,3269.55112,207.35086499999989,True,True
2026093651,11,3392.159019,3316.218236,-75.94078300000001,True,True
2026093652,15,3389.545925,3353.91011,-35.63581500000009,True,True
2026093653,11,2854.259448,2934.573043,80.31359500000008,True,True
2026093654,11,2487.198549,2599.023142,111.82459299999982,True,True
2026093655,11,2820.913297,2649.681523,-171.23177399999986,True,True
2026093656,11,2831.137751,2976.426347,145.28859599999987,True,True
2026093657,12,2982.332371,2944.983872,-37.348499000000174,True,True
2026093658,10,2559.28782,2796.563446,237.2756260000001,True,True
2026093659,14,3421.789399,3423.716553,1.927154000000428,True,True
2026093660,14,3262.087105,3177.053486,-85.03361900000027,True,True
2026093661,16,3241.736616,3192.629493,-49.10712300000023,True,True
2026093662,12,3124.203786,3372.816181,248.6123950000001,True,True
2026093663,11,3018.99322,3056.345145,37.35192499999994,True,True
2026093664,12,2785.477685,2701.746474,-83.7312109999998,True,True
2026093665,11,3273.122904,3574.103318,300.9804140000001,True,True
2026093666,15,3051.692739,3149.706981,98.01424199999974,True,True
2026093667,16,3122.087826,3277.342584,155.25475800000004,True,True
2026093668,12,2915.186051,3167.067486,251.88143499999978,True,True
2026093669,12,3413.212206,3221.193377,-192.0188290000001,True,True
2026093670,16,3705.315942,3233.462661,-471.85328100000015,True,True
2026093671,14,2890.179103,3034.445777,144.26667399999997,True,True
2026093672,12,2937.366126,3021.539654,84.17352800000026,True,True
2026093673,13,3135.928878,3156.326183,20.39730499999996,True,True
2026093674,15,2943.447209,3096.231704,152.78449499999988,True,True
2026093675,12,2948.587668,2880.453742,-68.13392599999997,True,True
2026093676,10,2984.283435,2862.158624,-122.12481099999968,True,True
2026093677,11,2841.03116,2940.484187,99.45302700000002,True,True
2026093678,12,2732.930021,2976.470598,243.54057699999976,True,True
2026093679,11,2790.476332,3127.800316,337.32398399999965,True,True
2026093680,16,3255.790979,3341.714188,85.92320900000004,True,True
2026093681,16,3249.327116,3095.475355,-153.8517609999999,True,True
2026093682,16,3159.821123,3314.059209,154.23808599999984,True,True
2026093683,15,3019.955565,3106.020141,86.06457599999976,True,True
2026093684,13,2758.773391,2910.998758,152.225367,True,True
2026093685,12,3068.436976,3067.624252,-0.8127239999998892,True,True
2026093686,16,3365.058815,3255.563255,-109.49555999999984,True,True
2026093687,13,3109.458096,3350.300572,240.84247600000026,True,True
2026093688,16,3306.931222,3439.975672,133.04444999999987,True,True
2026093689,12,3057.224771,3183.446975,126.22220399999969,True,True
2026093690,10,2897.875576,3049.809453,151.93387699999994,True,True
2026093691,10,2862.303937,2887.780677,25.476740000000063,True,True
2026093692,14,2802.929358,3072.767947,269.83858899999996,True,True
2026093693,13,2626.417251,2674.272306,47.85505499999999,True,True
2026093694,14,2818.943288,2836.842544,17.89925600000015,True,True
2026093695,10,3025.291399,2832.440078,-192.8513210000001,True,True
2026093696,13,2914.10384,2999.427329,85.32348899999988,True,True
2026093697,15,2872.296862,3172.798767,300.5019050000001,True,True
2026093698,10,3040.579595,2953.586323,-86.99327200000016,True,True
2026093699,14,3173.489429,3139.731557,-33.757872000000134,True,True
2026093700,14,2985.803772,3094.11117,108.30739799999992,True,True
2026093701,12,3017.341478,3177.899833,160.55835500000012,True,True
2026093702,14,3200.549052,3309.635187,109.08613500000001,True,True
2026093703,14,3119.220553,3522.150943,402.93039,True,True
2026093704,12,3143.044897,3329.296565,186.25166799999988,True,True
2026093705,11,2785.55108,2872.557109,87.00602899999967,True,True
2026093706,10,2900.154992,2892.110513,-8.044479000000138,True,True
2026093707,16,2896.174294,3173.226991,277.0526970000001,True,True
2026093708,12,3013.197412,3122.244298,109.04688600000009,True,True
2026093709,11,2968.889682,2995.243539,26.353857000000062,True,True
2026093710,13,2786.149527,2977.600931,191.4514039999999,True,True
2026093711,15,3402.486366,3588.88545,186.39908400000013,True,True
2026093712,10,2955.803427,3261.609952,305.80652499999997,True,True
2026093713,12,2885.094455,2665.25339,-219.84106500000007,True,True
2026093714,16,3596.661275,3430.622463,-166.03881199999978,True,True
2026093715,12,2803.894523,3001.160275,197.26575200000025,True,True
2026093716,15,3194.160756,3295.897586,101.73682999999983,True,True
2026093717,11,3246.387552,3095.007504,-151.380048,True,True
2026093718,15,3201.270742,3112.990308,-88.28043400000024,True,True
2026093719,11,2582.977905,2727.46831,144.490405,True,True
2026093720,10,2688.778322,3206.534888,517.756566,True,True
2026093721,13,2865.330715,2991.939747,126.60903199999984,True,True
2026093722,16,2827.050454,3169.119162,342.0687079999998,True,True
2026093723,12,2936.747717,3166.875736,230.12801899999977,True,True
2026093724,14,2909.397093,3042.903761,133.506668,True,True
2026093725,13,3176.859725,3171.989169,-4.870555999999851,True,True
2026093726,15,2800.228572,2772.562519,-27.66605299999992,True,True
2026093727,16,2608.584518,2558.854526,-49.72999200000004,True,True
2026093728,11,2908.320569,2995.576646,87.256077,True,True
2026093729,10,2767.644237,2575.324642,-192.31959499999994,True,True
2026093730,15,2873.303656,3099.220608,225.91695200000004,True,True
2026093731,14,2917.677436,3099.171608,181.49417200000016,True,True
2026093732,12,2807.315684,2863.153546,55.83786199999986,True,True
2026093733,10,2927.65711,2972.851488,45.19437799999969,True,True
2026093734,13,2991.194817,3232.538784,241.3439669999998,True,True
2026093735,13,3018.166885,2740.583106,-277.58377900000005,True,True
2026093736,12,3238.30996,3502.823826,264.5138659999998,True,True
2026093737,16,3109.809538,3196.539714,86.73017600000003,True,True
2026093738,10,2975.337841,2927.378819,-47.959022000000004,True,True
2026093739,16,3162.137625,3190.340225,28.202600000000075,True,True
2026093740,11,2707.926498,2798.863586,90.93708800000013,True,True
2026093741,15,3817.314217,3724.805157,-92.50906000000032,True,True
2026093742,16,3289.955444,3104.54218,-185.41326400000025,True,True
2026093743,13,3030.716305,3078.522601,47.8062960000002,True,True
2026093744,10,2991.850773,3255.843739,263.9929659999998,True,True
2026093745,11,2923.118933,2785.754014,-137.3649190000001,True,True
2026093746,15,3310.830169,3249.571858,-61.25831100000005,True,True
2026093747,12,2873.866926,3027.619089,153.75216299999965,True,True
2026093748,14,3091.92914,3204.455957,112.52681699999994,True,True
2026093749,10,2986.426665,2772.932138,-213.49452699999983,True,True
2026093750,13,2895.813829,2931.737731,35.923902,True,True
2026093751,16,3046.331641,3339.663213,293.3315719999996,True,True
2026093752,16,3249.027726,3289.775348,40.74762200000032,True,True
2026093753,11,3291.968017,3324.036984,32.0689669999997,True,True
2026093754,16,2764.392518,3141.059442,376.6669240000001,True,True
2026093755,15,3010.768009,3025.913047,15.145038000000113,True,True
2026093756,16,2953.435737,2906.109693,-47.32604399999991,True,True
2026093757,15,3291.3491,3325.193642,33.844542000000274,True,True
2026093758,12,3374.026259,3459.938004,85.91174499999988,True,True
2026093759,14,3282.518619,3310.660881,28.142261999999846,True,True
2026093760,14,3166.67456,3115.487664,-51.186895999999706,True,True
2026093761,14,3250.679613,3302.90077,52.2211570000004,True,True
2026093762,16,3105.227975,3045.745488,-59.482486999999765,True,True
2026093763,12,2980.137772,2973.801826,-6.335946000000149,True,True
2026093764,14,2687.467192,2783.068669,95.60147700000016,True,True
2026093765,11,2785.103111,2862.512731,77.4096199999999,True,True
2026093766,12,2954.804001,3043.356189,88.55218800000011,True,True
2026093767,11,3026.353047,3207.882891,181.52984400000014,True,True
2026093768,12,3159.057214,3122.443282,-36.61393199999975,True,True
2026093769,16,2884.038981,3012.089709,128.0507279999997,True,True
2026093770,10,3144.546063,3131.286737,-13.259325999999874,True,True
2026093771,12,2754.21543,2865.460697,111.24526699999979,True,True
2026093772,10,3106.149365,2901.756446,-204.39291900000035,True,True
2026093773,13,2958.943995,3170.066352,211.12235699999974,True,True
2026093774,15,3331.029781,3194.634721,-136.39506000000029,True,True
2026093775,13,2808.330741,2699.992042,-108.33869900000036,True,True
2026093776,14,3370.679343,3315.167052,-55.512291000000005,True,True
2026093777,11,2792.047337,2972.258875,180.21153800000002,True,True
2026093778,12,3113.814808,3229.022604,115.20779599999969,True,True
2026093779,13,3276.470579,3235.05536,-41.41521899999998,True,True
2026093780,13,3052.353358,3021.747712,-30.60564599999998,True,True
2026093781,10,3114.986972,3311.832232,196.84526000000005,True,True
2026093782,13,3086.733143,2829.579257,-257.15388600000006,True,True
2026093783,16,2923.910216,2880.432912,-43.477304000000004,True,True
2026093784,10,3292.484969,3369.227182,76.74221299999999,True,True
2026093785,11,2954.95322,3088.399382,133.4461620000002,True,True
2026093786,13,2828.959665,2872.437824,43.47815900000023,True,True
2026093787,11,2816.497237,2975.801499,159.3042620000001,True,True
2026093788,11,3179.908546,3015.936029,-163.97251700000015,True,True
2026093789,16,3155.840453,3084.120036,-71.720417,True,True
2026093790,11,2690.85049,2903.304973,212.45448299999998,True,True
2026093791,12,3118.226091,3082.127649,-36.09844199999998,True,True
2026093792,11,3051.455241,2971.90943,-79.54581099999996,True,True
2026093793,15,3071.787089,3124.644593,52.85750400000006,True,True
2026093794,10,2705.738455,2841.651189,135.912734,True,True
2026093795,16,3136.064776,3310.511221,174.44644500000004,True,True
2026093796,16,3230.959931,2849.253196,-381.70673499999975,True,True
2026093797,10,3099.048227,3129.163368,30.115140999999767,True,True
2026093798,12,2917.821704,2868.296033,-49.525670999999875,True,True
2026093799,14,2864.482962,2741.431331,-123.05163100000027,True,True
2026093800,10,3224.241333,3180.39224,-43.84909299999981,True,True
2026093801,13,2935.843219,3048.905733,113.06251400000019,True,True
2026093802,15,3265.626326,3466.926735,201.30040899999995,True,True
2026093803,16,2927.6618,3056.637891,128.976091,True,True
2026093804,12,2846.628855,2887.5451,40.91624499999989,True,True
2026093805,14,2874.406222,3005.657341,131.25111900000002,True,True
2026093806,12,3361.655525,3492.355568,130.70004299999982,True,True
2026093807,14,2946.605078,2990.123233,43.51815499999975,True,True
2026093808,14,3088.490431,3073.885309,-14.605122000000392,True,True
2026093809,16,3120.236957,3099.997366,-20.23959100000002,True,True
2026093810,14,2711.187,3025.793271,314.6062710000001,True,True
2026093811,15,3230.361644,3321.437729,91.07608500000015,True,True
2026093812,12,2941.694436,2973.295437,31.601000999999997,True,True
2026093813,11,2933.769872,3011.511591,77.7417190000001,True,True
2026093814,13,3394.730976,3464.287486,69.55651000000034,True,True
2026093815,14,3387.177512,3297.74809,-89.42942200000016,True,True
2026093816,13,2960.639652,3117.88963,157.24997800000028,True,True
2026093817,16,3029.742955,2684.171023,-345.5719320000003,True,True
2026093818,12,3280.746307,3418.050327,137.30402000000004,True,True
2026093819,16,2864.525511,2938.618195,74.09268400000019,True,True
2026093820,16,2851.745558,2836.039997,-15.705561000000216,True,True
2026093821,16,2604.842191,2650.404967,45.56277599999976,True,True
2026093822,11,2686.903722,2846.497113,159.59339099999988,True,True
2026093823,10,2930.167299,2818.322959,-111.8443400000001,True,True
2026093824,10,2908.692416,3069.120389,160.4279730000003,True,True
2026093825,16,3341.851494,3663.619707,321.76821299999983,True,True
2026093826,10,2543.726171,2437.935076,-105.79109499999959,True,True
2026093827,10,2885.510864,2942.72501,57.214146000000255,True,True
2026093828,13,2646.31451,2691.492464,45.17795399999977,True,True
2026093829,13,3379.64318,3232.71918,-146.92399999999998,True,True
2026093830,16,2842.414191,2978.969674,136.5554830000001,True,True
2026093831,16,3311.699464,3375.480877,63.78141300000016,True,True
2026093832,10,2971.784657,3091.812059,120.02740199999971,True,True
2026093833,13,3275.25342,3097.74758,-177.5058399999998,True,True
2026093834,13,3236.255414,3065.699785,-170.5556290000004,True,True
2026093835,12,2982.260157,3027.290348,45.03019099999983,True,True
2026093836,15,3211.94174,3701.32791,489.38616999999977,True,True
2026093837,12,3022.122098,2942.269478,-79.85261999999966,True,True
2026093838,16,3128.541244,3107.781694,-20.759550000000218,True,True
2026093839,14,3394.717621,3506.369783,111.65216200000032,True,True
2026093840,14,3298.557692,3272.01512,-26.542571999999836,True,True
2026093841,10,2698.545716,2626.413923,-72.13179300000002,True,True
2026093842,13,3077.23698,3279.466582,202.2296019999999,True,True
2026093843,14,3318.409797,3535.24928,216.8394830000002,True,True
2026093844,10,3010.893104,3018.828942,7.935837999999876,True,True
2026093845,16,3464.015879,3456.821571,-7.194308000000092,True,True
2026093846,10,2818.857817,2981.910081,163.05226399999992,True,True
2026093847,14,2799.553916,2827.583705,28.029789000000164,True,True
2026093848,11,3353.755727,3311.100372,-42.65535500000033,True,True
2026093849,12,2902.241002,2928.735514,26.49451199999976,True,True
2026093850,11,2772.854826,2803.728592,30.87376600000016,True,True
2026093851,13,3316.935425,3179.787456,-137.1479690000001,True,True
2026093852,15,2856.125419,3169.059322,312.9339030000001,True,True
2026093853,14,3295.753913,3161.340431,-134.41348199999993,True,True
2026093854,12,2894.833324,2834.040484,-60.79284000000007,True,True
2026093855,16,3203.529973,3364.026772,160.496799,True,True
2026093856,14,3051.675067,2846.274597,-205.40047000000004,True,True
2026093857,15,3312.887217,3544.029355,231.14213800000016,True,True
2026093858,15,3105.033028,3100.701018,-4.332009999999627,True,True
2026093859,13,2924.580219,2999.154063,74.57384400000001,True,True
2026093860,14,2837.292648,2867.803693,30.51104499999974,True,True
2026093861,16,3083.316186,3428.414546,345.09835999999996,True,True
2026093862,10,3083.6945,3099.298077,15.60357699999986,True,True
2026093863,13,2921.371446,2903.129986,-18.24146000000019,True,True
2026093864,14,3311.42087,3172.185138,-139.2357320000001,True,True
2026093865,12,2909.815839,3156.061327,246.24548800000002,True,True
2026093866,11,2931.310731,2949.614758,18.304027000000133,True,True
2026093867,16,3623.902309,3328.829914,-295.07239500000014,True,True
2026093868,10,2983.477306,3256.197846,272.7205399999998,True,True
2026093869,15,3672.431206,3456.076145,-216.3550610000002,True,True
2026093870,16,2468.547073,3015.410368,546.8632949999997,True,True
2026093871,13,3340.606663,3457.424728,116.81806499999993,True,True
2026093872,15,3462.682579,3190.969676,-271.71290299999964,True,True
2026093873,12,3473.557367,3537.074575,63.51720800000021,True,True
2026093874,10,2723.658076,2913.339572,189.6814959999997,True,True
2026093875,16,3167.865793,3587.292654,419.4268609999999,True,True
2026093876,12,3033.754337,3101.077195,67.322858,True,True
2026093877,10,3152.619835,2908.76456,-243.8552749999999,True,True
2026093878,12,2946.994849,2907.043487,-39.951362000000245,True,True
2026093879,14,3209.965193,3105.463312,-104.50188100000014,True,True
2026093880,13,3170.265774,3121.804248,-48.46152600000005,True,True
2026093881,10,2633.80466,2706.231828,72.42716800000017,True,True
2026093882,11,2580.691324,2481.798041,-98.89328299999988,True,True
2026093883,10,2835.742532,2711.830416,-123.91211600000042,True,True
2026093884,16,3359.872989,3523.252408,163.37941899999987,True,True
2026093885,16,3166.365624,3194.886414,28.520790000000034,True,True
2026093886,12,2859.757389,2999.427858,139.67046900000014,True,True
2026093887,12,3144.606248,3200.665617,56.05936900000006,True,True
2026093888,13,2887.555249,2963.17485,75.61960099999988,True,True
2026093889,11,2791.021444,3083.982329,292.96088499999996,True,True
2026093890,13,2993.935799,3089.745034,95.80923500000017,True,True
2026093891,12,2892.114951,2886.476702,-5.638249000000087,True,True
2026093892,16,3459.902556,3085.469729,-374.4328270000001,True,True
2026093893,13,2941.935573,3314.675717,372.7401439999999,True,True
2026093894,11,2869.244545,2851.930747,-17.313798000000133,True,True
2026093895,11,2944.056603,2844.248491,-99.80811200000016,True,True
2026093896,14,2983.814094,3012.880104,29.066010000000006,True,True
2026093897,15,3535.082573,3233.712408,-301.37016500000027,True,True
2026093898,11,3234.803628,2971.936821,-262.86680700000034,True,True
2026093899,10,2902.918396,2732.626298,-170.2920979999999,True,True
2026093900,13,3046.602684,3161.676307,115.07362300000023,True,True
2026093901,16,3610.034961,3498.597668,-111.43729299999995,True,True
2026093902,10,2819.671755,2926.924868,107.25311300000021,True,True
2026093903,14,2803.87565,3025.17462,221.29896999999983,True,True
2026093904,12,3122.407878,3166.496487,44.088608999999906,True,True
2026093905,13,3742.730612,3398.906835,-343.82377700000006,True,True
2026093906,10,2727.7995,2767.401861,39.602360999999746,True,True
2026093907,15,3460.438098,3233.943477,-226.49462100000028,True,True
2026093908,11,3005.486682,3042.745131,37.25844899999993,True,True
2026093909,14,3163.678874,3280.273453,116.59457899999961,True,True
2026093910,16,3800.729311,3812.254141,11.524829999999838,True,True
2026093911,16,3844.25273,3882.774116,38.52138599999989,True,True
2026093912,10,2881.435639,2891.213682,9.778043000000253,True,True
2026093913,13,2873.982574,2817.123351,-56.85922299999993,True,True
2026093914,10,2533.286789,2684.001603,150.71481399999993,True,True
2026093915,14,3230.61631,3101.150211,-129.46609899999976,True,True
2026093916,13,3022.740066,3082.892704,60.152638000000024,True,True
2026093917,10,2896.345745,2942.610712,46.26496700000007,True,True
2026093918,14,3556.978848,3619.102377,62.12352899999996,True,True
2026093919,14,3033.319299,3180.790852,147.4715530000003,True,True
2026093920,14,3064.640076,3154.927965,90.28788899999972,True,True
2026093921,15,3390.759227,3165.368739,-225.390488,True,True
2026093922,15,3351.419506,3263.23768,-88.181826,True,True
2026093923,12,2607.574866,2693.433002,85.85813600000029,True,True
2026093924,15,3442.188745,3173.947446,-268.2412989999998,True,True
2026093925,10,3095.73288,3070.482373,-25.250507000000198,True,True
2026093926,16,3248.765842,3346.506369,97.74052700000038,True,True
2026093927,12,3137.908966,3185.40615,47.497183999999834,True,True
2026093928,14,3117.131648,3218.390804,101.25915600000008,True,True
2026093929,13,3175.883171,2994.753595,-181.12957599999982,True,True
2026093930,10,3119.815714,2936.42501,-183.39070399999991,True,True
2026093931,12,2760.768871,2930.632138,169.86326699999972,True,True
2026093932,15,3244.372328,3205.990846,-38.38148199999978,True,True
2026093933,13,3002.133086,2894.515961,-107.61712499999976,True,True
2026093934,12,3491.296313,3360.458587,-130.83772599999975,True,True
2026093935,13,3184.078662,3170.241145,-13.837516999999934,True,True
2026093936,15,3639.83425,3525.226237,-114.60801300000003,True,True
2026093937,16,3229.189556,3190.662361,-38.527194999999665,True,True
2026093938,10,2705.008982,2773.461667,68.4526850000002,True,True
2026093939,10,2791.826256,2939.671117,147.84486100000004,True,True
2026093940,13,3063.582344,2930.158251,-133.42409300000008,True,True
2026093941,13,3416.55818,3217.133416,-199.42476399999987,True,True
2026093942,11,3151.417819,3131.636793,-19.781025999999656,True,True
2026093943,12,2832.005024,2865.960056,33.95503199999985,True,True
2026093944,13,3027.787054,3221.551757,193.76470300000028,True,True
2026093945,11,3233.562249,3106.393266,-127.16898300000003,True,True
2026093946,16,3464.936734,3458.12666,-6.810073999999986,True,True
2026093947,13,2970.170523,2948.718455,-21.4520679999996,True,True
2026093948,12,3099.091582,3075.741739,-23.349842999999964,True,True
2026093949,15,3046.296745,3015.36144,-30.93530499999997,True,True
2026093950,15,3104.572683,2959.943808,-144.62887499999988,True,True
2026093951,14,3040.347348,3215.484686,175.137338,True,True
2026093952,15,3130.007534,3198.21256,68.20502600000009,True,True
2026093953,16,3315.28249,3371.332967,56.05047699999977,True,True
2026093954,16,3203.223871,3375.571842,172.3479709999997,True,True
2026093955,16,3212.68085,3078.441531,-134.23931900000025,True,True
2026093956,13,3184.336597,3336.39548,152.05888300000015,True,True
2026093957,14,3069.897435,3126.291394,56.393958999999995,True,True
2026093958,13,3192.918166,3026.191693,-166.72647299999971,True,True
2026093959,10,2585.185881,2564.129343,-21.05653799999982,True,True
2026093960,14,3690.901405,3297.30051,-393.60089500000004,True,True
2026093961,12,3416.138652,3532.449795,116.3111429999999,True,True
2026093962,16,3090.835579,3138.620433,47.784853999999996,True,True
2026093963,11,2824.847013,2912.263516,87.41650299999992,True,True
2026093964,14,3147.676918,3085.567489,-62.10942900000009,True,True
2026093965,10,2855.005926,2667.128447,-187.87747899999977,True,True
2026093966,10,2970.962204,2943.690901,-27.27130299999999,True,True
2026093967,13,3165.963256,3297.011642,131.04838599999994,True,True
2026093968,10,3179.885499,2981.023678,-198.86182099999996,True,True
2026093969,10,2682.367593,2784.936411,102.56881800000019,True,True
2026093970,16,3526.083262,3613.779221,87.69595899999968,True,True
2026093971,16,3599.663429,3648.760237,49.09680799999978,True,True
2026093972,10,2991.750686,3137.522502,145.77181599999994,True,True
2026093973,16,3274.099925,3622.908274,348.8083489999999,True,True
2026093974,10,2720.116049,2709.701357,-10.414692000000286,True,True
2026093975,15,3035.726692,3235.091709,199.36501699999963,True,True
2026093976,15,3340.165869,3304.957543,-35.20832599999994,True,True
2026093977,13,2841.9026,3028.783198,186.8805980000002,True,True
2026093978,16,3249.675491,2949.957575,-299.71791600000006,True,True
2026093979,14,3331.957809,3320.638963,-11.318846000000121,True,True
2026093980,12,2823.53737,2836.380414,12.84304400000019,True,True
2026093981,16,3279.101517,3211.274565,-67.82695199999989,True,True
2026093982,12,2970.387794,3152.425585,182.03779099999974,True,True
2026093983,16,3792.17671,3289.682339,-502.4943710000002,True,True
2026093984,15,3333.393462,3422.063662,88.67020000000002,True,True
2026093985,13,2989.526633,3327.164365,337.63773200000014,True,True
2026093986,16,3173.132744,3110.624867,-62.50787700000001,True,True
2026093987,11,3116.742303,3008.872499,-107.86980399999993,True,True
2026093988,16,3307.595037,3330.906666,23.31162899999981,True,True
2026093989,12,2813.053018,2854.215462,41.16244400000005,True,True
2026093990,13,3139.365953,3182.818074,43.452120999999806,True,True
2026093991,12,2951.511301,2900.963337,-50.547963999999865,True,True
2026093992,15,2802.91643,2932.010365,129.09393499999987,True,True
2026093993,10,2587.166386,2614.133024,26.96663800000033,True,True
2026093994,15,3231.927399,3300.260311,68.33291199999985,True,True
2026093995,14,2962.92902,2856.637605,-106.29141500000014,True,True
2026093996,10,3187.0574,3153.559464,-33.49793600000021,True,True
2026093997,14,3202.632904,2998.487022,-204.14588200000026,True,True
2026093998,15,3012.425434,3053.018014,40.59258,True,True
2026093999,10,3168.494148,2993.212481,-175.2816670000002,True,True
2026094000,12,3139.207072,2937.196939,-202.01013300000022,True,True
2026094001,10,3175.612665,3189.399613,13.786947999999938,True,True
2026094002,14,2837.522401,2977.719335,140.1969339999996,True,True
2026094003,15,3513.528892,3542.471494,28.94260200000008,True,True
2026094004,16,3328.850179,3692.424712,363.574533,True,True
2026094005,11,3014.474742,3226.253074,211.77833200000032,True,True
2026094006,16,3326.157074,3520.721571,194.56449699999985,True,True
2026094007,15,3082.841028,3288.679505,205.83847700000024,True,True
2026094008,11,3296.450454,3441.917316,145.46686200000022,True,True
2026094009,14,3349.47673,3047.144742,-302.3319879999999,True,True
2026094010,14,2398.304097,2575.459159,177.15506199999982,True,True
2026094011,10,2764.935456,2828.221577,63.28612099999964,True,True
2026094012,10,2712.666149,2944.040923,231.3747739999999,True,True
2026094013,11,2922.636556,2822.930987,-99.70556899999974,True,True
2026094014,12,3150.830028,2926.192911,-224.63711699999976,True,True
2026094015,11,2655.858947,2788.365124,132.50617699999975,True,True
2026094016,13,3310.899238,3308.323671,-2.5755669999998645,True,True
2026094017,12,2960.818952,3102.993657,142.1747049999999,True,True
2026094018,10,2690.628417,2688.255963,-2.372453999999834,True,True
2026094019,11,2902.875947,2978.137275,75.26132800000005,True,True
2026094020,14,3441.630966,3338.62481,-103.00615600000037,True,True
2026094021,10,3006.311965,2841.608716,-164.7032489999997,True,True
2026094022,14,3091.76225,3215.878954,124.11670399999957,True,True
2026094023,13,2844.644617,3156.727645,312.083028,True,True
2026094024,11,3107.825028,3076.076987,-31.748041000000285,True,True
2026094025,11,3117.62366,3019.980582,-97.64307800000006,True,True
2026094026,15,3153.690274,3319.99287,166.302596,True,True
2026094027,14,3102.213185,3048.020832,-54.19235299999991,True,True
2026094028,15,3286.185556,3411.655194,125.46963800000003,True,True
2026094029,16,2659.605344,2832.518372,172.91302799999994,True,True
2026094030,12,2793.427639,2995.648706,202.22106699999995,True,True
2026094031,16,3303.496361,3123.243644,-180.25271699999985,True,True
2026094032,13,3652.945706,3451.547788,-201.39791800000012,True,True
2026094033,11,2717.853635,2728.103093,10.249458000000232,True,True
2026094034,16,2951.504448,3105.891492,154.38704400000006,True,True
2026094035,10,2809.691836,2778.850207,-30.84162900000001,True,True
2026094036,15,3213.738371,3358.5783,144.8399290000002,True,True
2026094037,10,2612.489438,2936.586804,324.09736599999997,True,True
2026094038,12,2876.149685,2911.430258,35.280573000000004,True,True
2026094039,13,2987.435441,2942.875072,-44.560369000000264,True,True
2026094040,15,3550.540248,3412.235595,-138.3046529999997,True,True
2026094041,14,3570.325804,3355.766662,-214.55914200000007,True,True
2026094042,13,2818.665746,2783.348305,-35.317441000000144,True,True
2026094043,13,3182.573241,3256.540319,73.96707800000013,True,True
2026094044,13,2894.82992,2888.755752,-6.0741680000001,True,True
2026094045,14,2966.865489,2871.010925,-95.85456399999975,True,True
2026094046,10,2929.371708,3100.473344,171.10163599999987,True,True
2026094047,15,2938.707278,3200.668442,261.9611640000003,True,True
2026094048,14,3023.401436,3178.730384,155.32894799999985,True,True
2026094049,11,3392.036357,3091.561533,-300.4748239999999,True,True
2026094050,12,2717.518734,2831.021933,113.50319899999977,True,True
2026094051,15,3102.119814,3203.524772,101.40495800000008,True,True
2026094052,14,3073.196405,3076.737848,3.541443000000072,True,True
2026094053,15,3167.902742,3244.204358,76.30161599999974,True,True
2026094054,13,3165.813454,3228.181312,62.36785800000007,True,True
2026094055,11,2790.902575,3003.664523,212.76194799999985,True,True
2026094056,10,2779.243128,3019.266676,240.02354800000012,True,True
2026094057,14,2942.784333,3247.615515,304.8311819999999,True,True
2026094058,15,3238.865212,3272.863941,33.99872899999991,True,True
2026094059,14,3208.650269,3233.020862,24.370592999999644,True,True
2026094060,10,2852.676557,2893.487442,40.810885000000326,True,True
2026094061,10,3022.261939,2945.334717,-76.9272219999998,True,True
2026094062,14,2748.326254,2931.108034,182.7817799999998,True,True
2026094063,10,2859.938195,2974.888666,114.95047099999965,True,True
2026094064,14,3276.831967,3092.086396,-184.74557099999993,True,True
2026094065,11,3257.907334,3375.147068,117.23973400000023,True,True
2026094066,13,3514.626972,3190.113876,-324.51309600000013,True,True
2026094067,13,3366.775768,3239.232407,-127.543361,True,True
2026094068,16,2864.688548,2918.139372,53.45082400000001,True,True
2026094069,16,3034.701084,3559.517689,524.816605,True,True
2026094070,11,3050.051485,3387.644933,337.5934480000001,True,True
2026094071,11,2889.134317,2826.425837,-62.708480000000236,True,True
2026094072,16,2676.623765,2889.398938,212.775173,True,True
2026094073,10,3278.242096,3298.349774,20.10767799999985,True,True
2026094074,10,2789.262056,2913.64715,124.38509399999975,True,True
2026094075,14,3134.942984,3212.281655,77.33867099999998,True,True
2026094076,13,3018.903668,3220.623257,201.71958900000027,True,True
2026094077,14,2948.844337,3077.924932,129.0805949999999,True,True
2026094078,15,2829.922209,3188.606511,358.6843020000001,True,True
2026094079,13,2923.654425,3047.583408,123.92898299999979,True,True
2026094080,12,3414.494254,3435.817447,21.32319299999972,True,True
2026094081,15,3308.483148,3586.023788,277.54064000000017,True,True
2026094082,14,2900.783197,3026.473828,125.69063099999994,True,True
2026094083,12,3062.779466,3175.391237,112.61177099999986,True,True
2026094084,10,3008.66608,2932.893606,-75.77247399999987,True,True
2026094085,14,3415.772789,3498.459867,82.68707799999993,True,True
2026094086,14,3301.540135,3580.87334,279.3332049999999,True,True
2026094087,14,2708.056906,2913.485257,205.42835100000002,True,True
2026094088,15,3546.817768,3252.352167,-294.4656009999999,True,True
2026094089,16,3172.352202,3142.289693,-30.062508999999864,True,True
2026094090,12,3139.952029,2892.41822,-247.53380900000002,True,True
2026094091,12,2962.223521,3053.997206,91.77368500000011,True,True
2026094092,14,3001.055155,3090.217774,89.16261900000018,True,True
2026094093,12,2839.327938,3028.006624,188.6786860000002,True,True
2026094094,13,3036.359063,3011.316533,-25.042529999999715,True,True
2026094095,16,3502.008803,3190.187225,-311.82157800000004,True,True
2026094096,10,2966.526548,2963.553195,-2.973352999999861,True,True
2026094097,15,3294.360753,3399.250798,104.8900450000001,True,True
2026094098,14,3023.802006,2848.069865,-175.73214099999996,True,True
2026094099,13,3238.823278,3679.639002,440.81572400000005,True,True
2026094100,15,3426.349575,3504.17408,77.82450499999959,True,True
2026094101,16,3243.121984,2932.025696,-311.09628799999973,True,True
2026094102,11,2787.853235,2912.745592,124.89235700000017,True,True
2026094103,16,3299.248022,3255.222988,-44.02503400000023,True,True
2026094104,14,3266.021439,3110.688826,-155.33261300000004,True,True
2026094105,11,2813.407425,2931.521944,118.1145190000002,True,True
2026094106,15,2813.167986,2745.203381,-67.96460500000012,True,True
2026094107,14,2906.447321,3117.016401,210.56907999999976,True,True
2026094108,13,3455.169468,3702.571802,247.40233399999988,True,True
2026094109,10,3072.924588,3022.636917,-50.287671000000046,True,True
2026094110,11,3304.184096,3420.392073,116.20797700000003,True,True
2026094111,14,3021.006094,3265.870682,244.86458800000037,True,True
2026094112,12,2850.367403,3115.358615,264.9912119999999,True,True
2026094113,16,2755.712294,2858.191466,102.47917200000029,True,True
2026094114,14,3018.000764,3160.431781,142.43101699999988,True,True
2026094115,15,3512.835744,3488.376312,-24.459432000000106,True,True
2026094116,15,2945.014917,3164.234991,219.22007399999984,True,True
2026094117,12,2932.485306,2929.031421,-3.4538849999999,True,True
2026094118,12,2834.085253,2891.140801,57.05554799999982,True,True
2026094119,14,3109.966,3151.624222,41.65822200000002,True,True
2026094120,13,3230.695718,3028.595892,-202.09982600000012,True,True
2026094121,13,2943.789205,2975.566871,31.777665999999954,True,True
2026094122,16,3385.27049,3289.809274,-95.4612159999997,True,True
2026094123,16,3325.855692,3065.169397,-260.686295,True,True
2026094124,10,3093.408554,3064.524742,-28.883812000000034,True,True
2026094125,16,3285.001284,3592.248734,307.24744999999984,True,True
2026094126,16,2652.953337,2773.522452,120.56911500000024,True,True
2026094127,14,3202.781055,3204.689965,1.9089100000001054,True,True
2026094128,10,2558.055072,2505.585779,-52.46929300000011,True,True
2026094129,12,3050.916554,3052.920373,2.0038190000000213,True,True
2026094130,13,3200.301465,3199.523037,-0.7784280000000763,True,True
2026094131,16,2773.478825,2973.528545,200.04971999999998,True,True
2026094132,15,3255.27637,3317.311631,62.03526099999999,True,True
2026094133,15,3287.968308,3310.97168,23.003372000000127,True,True
2026094134,11,2884.103099,2933.17392,49.07082100000025,True,True
2026094135,11,2779.898483,2989.813358,209.91487499999994,True,True
2026094136,10,2738.606077,2686.143359,-52.46271799999977,True,True
2026094137,15,3402.202857,3492.709851,90.50699399999985,True,True
2026094138,15,3303.650058,3280.576012,-23.07404600000018,True,True
2026094139,15,3296.398631,3170.628204,-125.77042699999993,True,True
2026094140,11,2603.141011,2533.608964,-69.53204700000015,True,True
2026094141,10,2727.393427,2693.849301,-33.54412599999978,True,True
2026094142,10,2830.651843,2910.717491,80.06564799999978,True,True
2026094143,10,2773.530909,2966.649924,193.11901499999976,True,True
2026094144,16,3490.721604,3021.393599,-469.32800499999985,True,True
2026094145,11,3181.525283,3199.823988,18.298705000000155,True,True
2026094146,10,2611.989993,2649.949072,37.95907899999975,True,True
2026094147,11,3120.898269,3188.058419,67.16015000000016,True,True
2026094148,16,3547.372435,3374.695157,-172.67727800000011,True,True
2026094149,13,3123.9842,3227.574275,103.59007500000007,True,True
2026094150,12,3188.65039,3459.309288,270.65889800000014,True,True
2026094151,13,3212.724844,3417.001093,204.276249,True,True
2026094152,11,2810.729835,2885.647447,74.91761199999974,True,True
2026094153,13,2845.852528,2975.41762,129.56509200000028,True,True
2026094154,16,3007.811175,3172.737627,164.92645200000015,True,True
2026094155,10,3030.625822,2899.50546,-131.1203620000001,True,True
2026094156,13,3163.38691,3206.623184,43.23627399999987,True,True
2026094157,12,3049.967857,3166.510641,116.54278399999976,True,True
2026094158,13,3233.890107,3402.747527,168.85741999999982,True,True
2026094159,14,3318.569842,3144.227889,-174.3419530000001,True,True
2026094160,15,3016.553099,2923.800732,-92.75236700000005,True,True
2026094161,13,3442.833364,3312.333909,-130.49945500000013,True,True
2026094162,15,3139.62805,3257.834227,118.20617700000003,True,True
2026094163,13,3107.935632,3218.158016,110.22238399999969,True,True
2026094164,16,3229.514771,3261.118422,31.6036509999999,True,True
2026094165,12,3216.532226,3304.272432,87.7402060000004,True,True
2026094166,14,3336.625659,3142.706915,-193.9187439999996,True,True
2026094167,14,3349.793101,3183.805507,-165.98759400000017,True,True
2026094168,10,2791.242134,3002.946792,211.7046580000001,True,True
2026094169,12,3163.351753,3154.394645,-8.957108000000062,True,True
2026094170,15,3441.349208,3534.071787,92.72257899999977,True,True
2026094171,11,3059.053008,3205.301046,146.24803800000018,True,True
2026094172,14,2879.518164,3268.12273,388.604566,True,True
2026094173,10,2554.474909,2678.600359,124.12545,True,True
2026094174,10,2924.430264,3016.091583,91.66131899999982,True,True
2026094175,11,3359.94623,3580.709276,220.76304600000003,True,True
2026094176,14,3142.438398,3190.463513,48.02511500000037,True,True
2026094177,12,2812.415348,2768.395587,-44.01976100000002,True,True
2026094178,15,3275.610983,3363.698228,88.08724500000017,True,True
2026094179,13,3245.779765,3072.026672,-173.75309300000026,True,True
2026094180,12,3084.548929,2997.923306,-86.6256229999999,True,True
2026094181,10,3090.301728,3227.843398,137.54167000000007,True,True
2026094182,10,2765.706198,2750.645274,-15.060923999999886,True,True
2026094183,16,3727.081193,3705.413905,-21.6672880000001,True,True
2026094184,14,3357.700734,3467.40825,109.70751599999994,True,True
2026094185,11,2925.709412,3064.884936,139.17552399999977,True,True
2026094186,14,2609.399895,3081.30272,471.9028250000001,True,True
2026094187,15,3546.616896,3520.560373,-26.056523000000197,True,True
2026094188,10,3105.017419,3103.687631,-1.3297880000000077,True,True
2026094189,12,3307.085464,3249.857724,-57.22773999999981,True,True
2026094190,15,3241.236697,3288.058252,46.82155499999999,True,True
2026094191,12,3187.521471,3007.021622,-180.4998489999998,True,True
2026094192,10,2715.606706,2883.926518,168.31981200000018,True,True
2026094193,16,2892.473255,2750.287363,-142.18589199999997,True,True
2026094194,14,3182.408117,3055.854674,-126.55344299999979,True,True
2026094195,14,3235.551693,2877.465606,-358.0860869999997,True,True
2026094196,12,3273.76143,3136.047449,-137.71398099999988,True,True
2026094197,16,3018.954451,3292.677442,273.7229910000001,True,True
2026094198,16,3354.926761,3197.646966,-157.27979500000038,True,True
2026094199,15,3174.02854,3435.654613,261.62607300000036,True,True
2026094200,16,2742.857094,2846.097407,103.24031300000024,True,True
2026094201,13,3226.362439,3431.499825,205.13738599999988,True,True
2026094202,13,3209.987308,3266.667723,56.68041499999981,True,True
2026094203,10,3185.212286,3183.228397,-1.9838890000000902,True,True
2026094204,14,3392.328624,3242.578824,-149.74980000000005,True,True
2026094205,14,3156.272427,2982.399045,-173.87338199999976,True,True
2026094206,16,3311.586658,3582.656679,271.070021,True,True
2026094207,16,3281.829065,3237.06251,-44.7665549999997,True,True
2026094208,13,3140.548335,3407.085815,266.53747999999996,True,True
2026094209,11,3297.404717,3079.854853,-217.54986400000007,True,True
2026094210,15,3051.691702,3132.740996,81.04929399999992,True,True
2026094211,14,2993.140336,3089.221205,96.0808689999999,True,True
2026094212,10,3157.646674,3064.02198,-93.62469400000009,True,True
2026094213,15,2821.727383,2915.887319,94.15993600000002,True,True
2026094214,16,3197.663392,3068.505285,-129.15810699999975,True,True
2026094215,15,3196.641683,3242.993285,46.351602000000184,True,True
2026094216,12,3299.60398,3327.475961,27.871981000000233,True,True
2026094217,10,2747.266895,3017.17056,269.9036649999998,True,True
2026094218,14,3002.75601,3174.63554,171.87953000000016,True,True
2026094219,14,3333.830605,3412.937613,79.10700799999995,True,True
2026094220,12,3122.710904,3025.971887,-96.73901699999988,True,True
2026094221,10,3224.652485,3197.820539,-26.831946000000244,True,True
2026094222,11,3043.077805,2981.904176,-61.17362899999989,True,True
2026094223,11,3011.646699,3215.328576,203.681877,True,True
2026094224,10,2887.647169,3040.934423,153.2872540000003,True,True
2026094225,14,3065.235127,3219.06341,153.82828300000028,True,True
2026094226,10,3027.917998,2946.806689,-81.11130899999989,True,True
2026094227,16,3551.290076,3306.013079,-245.2769970000004,True,True
2026094228,16,3261.828788,3192.572842,-69.25594599999977,True,True
2026094229,14,3265.772406,3271.031128,5.258722000000034,True,True
2026094230,13,2952.248191,3065.85519,113.60699900000009,True,True
2026094231,11,3114.748744,2866.201625,-248.54711899999984,True,True
2026094232,14,3388.5691,3483.631933,95.06283299999996,True,True
2026094233,10,2818.485956,2848.705541,30.219584999999825,True,True
2026094234,11,2846.133719,3046.612456,200.4787369999999,True,True
2026094235,10,3101.057686,2876.503697,-224.553989,True,True
2026094236,16,3367.188031,3232.737278,-134.45075300000008,True,True
2026094237,16,3440.07535,3212.539468,-227.53588200000013,True,True
2026094238,16,3062.412583,3440.027804,377.615221,True,True
2026094239,16,3233.344428,3198.207199,-35.137228999999934,True,True
2026094240,14,3226.605754,3099.085519,-127.52023499999996,True,True
2026094241,10,3050.899093,3066.894452,15.995359000000008,True,True
2026094242,11,3038.394321,2929.668454,-108.72586700000011,True,True
2026094243,14,2910.905567,2848.442952,-62.462614999999914,True,True
2026094244,11,3184.342176,3380.759041,196.4168649999997,True,True
2026094245,10,3028.359164,2876.418142,-151.94102199999998,True,True
2026094246,10,3202.86237,3298.177825,95.31545500000038,True,True
2026094247,11,2741.51227,2952.819761,211.30749100000003,True,True
2026094248,10,2854.53714,3076.547864,222.0107240000002,True,True
2026094249,13,2874.46596,2967.741994,93.27603399999998,True,True
2026094250,12,3005.311479,3294.278782,288.9673029999999,True,True
2026094251,14,3263.21939,3371.054083,107.83469299999979,True,True
2026094252,12,2978.132665,3151.781066,173.64840099999992,True,True
2026094253,15,3012.54207,2966.10229,-46.439780000000155,True,True
2026094254,14,2973.701245,2998.82895,25.127704999999878,True,True
2026094255,15,2758.621131,2952.4826,193.86146899999994,True,True
2026094256,10,3002.646955,3015.094823,12.447867999999744,True,True
2026094257,16,3219.176965,3346.56429,127.38732499999969,True,True
2026094258,14,3229.234138,3398.41353,169.179392,True,True
2026094259,16,3338.751196,3357.521741,18.770544999999856,True,True
2026094260,13,3094.55354,3093.633126,-0.9204139999997096,True,True
2026094261,13,2665.103305,3012.165447,347.06214199999977,True,True
2026094262,11,3177.69443,3127.469925,-50.224505000000136,True,True
2026094263,14,3006.298396,3020.143195,13.844798999999966,True,True
2026094264,15,2966.994122,3161.287648,194.29352599999993,True,True
2026094265,16,3237.06404,2981.362838,-255.7012020000002,True,True
2026094266,15,3429.037167,3493.016925,63.97975799999995,True,True
2026094267,14,3073.903583,3087.375877,13.472294000000147,True,True
2026094268,11,3171.175781,3252.857034,81.6812530000002,True,True
2026094269,16,3116.165938,2952.890166,-163.27577199999996,True,True
2026094270,11,3243.654598,3209.081201,-34.573397000000114,True,True
2026094271,11,2879.610358,2945.432237,65.82187900000008,True,True
2026094272,13,3060.836243,3074.212923,13.376679999999851,True,True
2026094273,14,3555.234598,3677.280131,122.04553299999998,True,True
2026094274,16,3894.973765,3470.000587,-424.9731780000002,True,True
2026094275,16,3569.361618,3297.339163,-272.0224549999998,True,True
2026094276,13,2961.375841,2869.120942,-92.25489900000002,True,True
2026094277,13,3132.487759,3422.582586,290.0948269999999,True,True
2026094278,14,3264.515075,3240.739282,-23.775792999999794,True,True
2026094279,12,2974.748164,3003.7417,28.99353599999995,True,True
2026094280,11,3084.895408,3157.108664,72.213256,True,True
2026094281,16,3966.251001,3778.724417,-187.52658400000018,True,True
2026094282,15,3385.491033,3261.154236,-124.33679699999993,True,True
2026094283,12,2864.471869,3080.826699,216.35483000000022,True,True
2026094284,16,3086.579865,3120.599533,34.01966799999991,True,True
2026094285,12,3146.595114,3015.546979,-131.048135,True,True
2026094286,16,3248.072159,3139.372999,-108.69915999999967,True,True
2026094287,12,3090.94271,3149.663995,58.72128500000008,True,True
2026094288,14,3533.430752,3614.864998,81.4342459999998,True,True
2026094289,11,2883.293993,3033.899945,150.60595200000034,True,True
2026094290,16,2814.917519,2609.55945,-205.3580689999999,True,True
2026094291,16,2975.436355,3147.011009,171.574654,True,True
2026094292,16,2975.768511,3207.704583,231.93607199999997,True,True
2026094293,15,3345.269213,3331.016308,-14.252904999999828,True,True
2026094294,12,3166.464869,3275.445527,108.98065799999995,True,True
2026094295,11,2674.648671,2780.571014,105.92234300000018,True,True
2026094296,10,2944.024413,2995.071044,51.04663099999971,True,True
2026094297,12,2970.198367,3043.863527,73.66516000000001,True,True
2026094298,11,3321.054273,3268.460528,-52.593745000000126,True,True
2026094299,16,3369.573681,3500.485607,130.91192600000022,True,True
2026094300,10,3197.2954,3101.26641,-96.0289899999998,True,True
2026094301,13,2945.543378,3072.844414,127.3010360000003,True,True
2026094302,11,2636.511449,2664.561924,28.050475000000006,True,True
2026094303,16,3180.81536,3220.369616,39.554255999999896,True,True
2026094304,13,3262.870016,3057.837321,-205.03269499999988,True,True
2026094305,11,2883.568488,2981.17832,97.6098320000001,True,True
2026094306,15,2915.11011,3040.188879,125.07876899999974,True,True
2026094307,14,3113.705982,3023.636952,-90.06903000000011,True,True
2026094308,13,3390.341469,3079.115258,-311.22621100000015,True,True
2026094309,14,3735.313763,3458.492056,-276.82170700000006,True,True
2026094310,11,2954.372475,2766.271418,-188.1010570000003,True,True
2026094311,13,3140.47329,3201.406673,60.93338300000005,True,True
2026094312,12,3023.785195,2891.127143,-132.65805199999977,True,True
2026094313,16,3128.172685,3109.742246,-18.430439000000206,True,True
2026094314,16,2917.531374,2972.120706,54.58933200000001,True,True
2026094315,16,2599.999473,2574.729576,-25.269896999999673,True,True
2026094316,12,3521.116856,3329.484698,-191.6321579999999,True,True
2026094317,13,3374.698622,3376.352877,1.654254999999921,True,True
2026094318,16,3142.891625,3138.15047,-4.7411550000001625,True,True
2026094319,16,3211.624247,3383.674765,172.050518,True,True
2026094320,11,2937.484723,2995.3776,57.89287699999977,True,True
2026094321,16,3247.72041,3078.515616,-169.20479399999977,True,True
2026094322,11,3183.247606,3115.082636,-68.16496999999981,True,True
2026094323,11,2614.484744,2624.86793,10.383186000000023,True,True
2026094324,10,2698.350651,2773.184368,74.83371699999998,True,True
2026094325,15,3261.311156,3331.41419,70.10303399999975,True,True
2026094326,15,3030.862692,2953.764856,-77.09783600000037,True,True
2026094327,13,3185.026057,3039.878073,-145.14798400000018,True,True
2026094328,10,3142.667233,3251.94386,109.27662699999973,True,True
2026094329,14,3067.846021,3175.812407,107.96638600000006,True,True
2026094330,12,2838.670111,2987.616776,148.94666499999994,True,True
2026094331,12,2927.57325,3111.367145,183.79389500000025,True,True
2026094332,12,2939.256382,2784.419892,-154.83649000000014,True,True
2026094333,15,3208.733809,3049.183137,-159.55067199999985,True,True
2026094334,11,2982.380479,3074.077032,91.69655300000022,True,True
2026094335,11,2897.163788,2785.047859,-112.11592900000005,True,True
2026094336,11,2927.743649,2901.652325,-26.091323999999986,True,True
2026094337,12,3000.275771,3019.086845,18.811073999999735,True,True
2026094338,14,3335.505765,3278.202409,-57.303355999999894,True,True
2026094339,13,3606.30656,3432.922912,-173.383648,True,True
2026094340,12,2738.542218,3031.029268,292.4870499999997,True,True
2026094341,15,3010.53686,2887.690006,-122.84685400000035,True,True
2026094342,16,3493.04923,3515.189006,22.139775999999983,True,True
2026094343,15,2677.444696,2816.798639,139.35394300000007,True,True
2026094344,10,2924.130183,2886.789652,-37.34053100000028,True,True
2026094345,12,3158.747546,2973.308854,-185.43869200000017,True,True
2026094346,13,2867.49304,2738.803316,-128.68972399999984,True,True
2026094347,15,3415.768628,3436.710816,20.942187999999987,True,True
2026094348,12,3319.374598,3369.144343,49.76974500000006,True,True
2026094349,15,3341.350668,3172.719509,-168.63115900000003,True,True
2026094350,16,3656.631974,3717.817084,61.185109999999895,True,True
2026094351,14,3000.412515,3095.570009,95.15749400000004,True,True
2026094352,11,2703.291017,2989.086654,285.79563700000017,True,True
2026094353,12,2856.383321,3033.127245,176.74392400000033,True,True
2026094354,16,3029.142,3283.159793,254.01779299999998,True,True
2026094355,13,3028.331976,3090.926956,62.59497999999985,True,True
2026094356,12,2836.486984,2787.801011,-48.685973000000104,True,True
2026094357,12,3075.292452,3209.030403,133.73795100000007,True,True
2026094358,14,3122.488083,3031.841307,-90.64677600000005,True,True
2026094359,15,2848.020668,3213.387961,365.3672929999998,True,True
2026094360,12,3198.260207,3185.053643,-13.206563999999616,True,True
2026094361,13,3171.552819,3103.476958,-68.0758609999998,True,True
2026094362,10,3003.377291,3041.431419,38.05412800000022,True,True
2026094363,10,3103.558537,3226.007383,122.44884600000023,True,True
2026094364,15,3191.341444,3178.993364,-12.348080000000209,True,True
2026094365,13,3040.473335,3236.537115,196.06377999999995,True,True
2026094366,16,2725.280098,2760.46457,35.184471999999914,True,True
2026094367,10,3061.935273,3215.287052,153.35177900000008,True,True
2026094368,16,3397.759527,3308.92961,-88.82991700000002,True,True
2026094369,14,3199.712717,3238.517516,38.804799,True,True
2026094370,14,3151.470775,3103.121628,-48.3491469999999,True,True
2026094371,10,3008.275411,3219.715722,211.44031099999984,True,True
2026094372,12,3087.115537,3068.497256,-18.618281000000025,True,True
2026094373,16,3427.885142,3573.146401,145.26125899999988,True,True
2026094374,16,2809.596857,2739.900165,-69.69669199999998,True,True
2026094375,16,3047.600868,3075.384012,27.783143999999993,True,True
2026094376,11,2683.970233,2972.069279,288.0990459999998,True,True
2026094377,10,2637.609195,2982.456724,344.8475290000001,True,True
2026094378,11,3054.695559,3182.181263,127.48570400000017,True,True
2026094379,14,3279.633607,3323.391935,43.75832799999989,True,True
2026094380,12,2937.886571,2847.545491,-90.34108000000015,True,True
2026094381,15,2993.441059,3527.787068,534.3460089999999,True,True
2026094382,15,3183.787879,3350.7551,166.96722099999988,True,True
2026094383,12,3059.616643,3052.428639,-7.188003999999637,True,True
2026094384,15,3292.588763,3267.628238,-24.960525000000416,True,True
2026094385,16,3490.195898,3242.856187,-247.33971100000008,True,True
2026094386,10,2672.982908,2823.395895,150.41298700000016,True,True
2026094387,16,2984.475578,3042.282063,57.806485000000066,True,True
2026094388,13,3167.518982,2990.5121,-177.00688200000013,True,True
2026094389,16,3266.718359,3137.736221,-128.98213799999985,True,True
2026094390,15,3508.694004,3576.049645,67.3556410000001,True,True
2026094391,14,3263.99726,3192.822824,-71.17443600000024,True,True
2026094392,14,2932.197262,2875.379733,-56.81752899999992,True,True
2026094393,16,3527.587284,3567.75362,40.166335999999774,True,True
2026094394,11,2867.082893,3111.891063,244.80817000000025,True,True
2026094395,12,2811.277137,2821.520237,10.24310000000014,True,True
2026094396,10,3069.714478,3263.528919,193.814441,True,True
2026094397,10,3091.565848,3074.656807,-16.909041000000343,True,True
2026094398,10,3166.721423,3204.709305,37.9878819999999,True,True
2026094399,16,3335.900511,3311.178503,-24.722007999999732,True,True
2026094400,10,3007.373956,2980.431058,-26.942897999999786,True,True
2026094401,16,2724.140279,2848.312715,124.17243599999983,True,True
2026094402,11,3238.33976,3526.104608,287.76484800000026,True,True
2026094403,14,3142.327606,3354.650896,212.32329000000027,True,True
2026094404,13,3221.93435,3302.112205,80.17785499999991,True,True
2026094405,13,3262.672502,3307.933664,45.26116200000024,True,True
2026094406,10,2667.323683,2792.737133,125.41345000000001,True,True
2026094407,12,3170.217834,3551.656429,381.4385950000001,True,True
2026094408,11,3085.298148,3030.662511,-54.63563699999986,True,True
2026094409,11,3221.800194,3372.258184,150.45798999999988,True,True
2026094410,10,2655.366651,2790.110665,134.74401400000033,True,True
2026094411,16,2643.214938,3421.944437,778.729499,True,True
2026094412,15,3255.595778,3366.848218,111.2524400000002,True,True
2026094413,13,3169.056062,3203.660322,34.60426000000007,True,True
2026094414,16,3352.94112,3224.678013,-128.26310699999976,True,True
2026094415,15,3203.966384,3519.62529,315.6589060000001,True,True
2026094416,15,3231.734308,3100.087469,-131.646839,True,True
2026094417,10,2940.366171,2884.896486,-55.46968500000003,True,True
2026094418,12,2843.840924,2909.549976,65.7090519999997,True,True
2026094419,15,3303.250311,3320.090955,16.84064400000034,True,True
2026094420,12,3146.012548,3197.001594,50.98904599999969,True,True
2026094421,15,3476.13971,3499.626913,23.487203000000136,True,True
2026094422,11,2897.566024,3178.960542,281.3945179999996,True,True
2026094423,10,3325.741243,3290.480181,-35.26106200000004,True,True
2026094424,10,3023.078605,3211.861148,188.7825429999998,True,True
2026094425,14,3151.795357,3561.293312,409.4979549999998,True,True
2026094426,12,2901.725867,2734.843765,-166.88210200000003,True,True
2026094427,12,2829.861657,2854.189888,24.32823099999996,True,True
2026094428,14,3446.168361,3431.866509,-14.301852000000054,True,True
2026094429,15,3060.064909,3140.713587,80.64867800000002,True,True
2026094430,10,2961.396602,2942.649802,-18.746799999999894,True,True
2026094431,15,3495.118806,3513.456371,18.337565000000268,True,True
2026094432,12,2856.201698,2991.078892,134.87719400000015,True,True
2026094433,11,3292.180349,3134.325506,-157.85484300000007,True,True
2026094434,13,3089.810827,2812.382085,-277.4287419999996,True,True
2026094435,10,2922.492477,3025.717139,103.22466200000008,True,True
2026094436,12,2847.464107,2727.854659,-119.6094479999997,True,True
2026094437,12,2923.56152,2791.875103,-131.68641700000035,True,True
2026094438,14,3582.633798,3540.824852,-41.80894599999965,True,True
2026094439,11,2797.77272,3060.94876,263.1760400000003,True,True
2026094440,16,3125.54035,3020.365573,-105.17477700000018,True,True
2026094441,10,2772.901635,3001.667937,228.766302,True,True
2026094442,16,3355.51777,3076.777803,-278.739967,True,True
2026094443,16,2765.454567,3123.936327,358.48175999999967,True,True
2026094444,12,2875.336822,2921.992005,46.65518299999985,True,True
2026094445,16,2986.134453,3283.936577,297.8021239999998,True,True
2026094446,10,2939.518312,2635.737662,-303.78065000000015,True,True
2026094447,16,3374.696427,3411.710364,37.01393700000017,True,True
2026094448,12,2769.223512,2933.03387,163.81035800000018,True,True
2026094449,15,3622.098653,3423.759307,-198.3393460000002,True,True
2026094450,15,3372.348554,3323.552695,-48.79585900000029,True,True
2026094451,16,3288.397066,3201.899514,-86.49755199999981,True,True
2026094452,14,3443.413574,3193.582077,-249.83149700000013,True,True
2026094453,11,2967.918836,3267.345135,299.4262990000002,True,True
2026094454,15,3310.611583,3682.752457,372.14087400000017,True,True
2026094455,16,3312.906946,3315.3569,2.4499540000001616,True,True
2026094456,11,2888.368147,2961.807654,73.43950700000005,True,True
2026094457,11,2901.652184,2996.442039,94.78985499999999,True,True
2026094458,11,2686.519298,2769.265387,82.74608899999976,True,True
2026094459,11,2744.916374,2771.839102,26.922728000000006,True,True
2026094460,11,2941.393031,3157.537544,216.14451299999973,True,True
2026094461,14,3160.529413,3424.299236,263.76982299999963,True,True
2026094462,12,2974.115815,3303.568983,329.453168,True,True
2026094463,14,2894.559719,3175.463623,280.90390400000024,True,True
2026094464,13,3200.471422,2965.72773,-234.743692,True,True
2026094465,11,2743.308825,2686.923451,-56.385373999999956,True,True
2026094466,12,3187.009193,3253.978649,66.96945600000026,True,True
2026094467,11,2961.796642,2977.965057,16.168415000000095,True,True
2026094468,15,3407.366876,3185.304887,-222.06198900000027,True,True
2026094469,16,3508.077876,3301.447301,-206.63057499999968,True,True
2026094470,12,2942.562377,3020.28578,77.72340299999996,True,True
2026094471,11,2786.856693,2895.741734,108.885041,True,True
2026094472,16,2959.007887,3122.646086,163.638199,True,True
2026094473,12,3250.181645,3158.007625,-92.17401999999993,True,True
2026094474,11,2726.259404,2713.253746,-13.00565800000004,True,True
2026094475,15,3309.440954,3356.1012,46.660245999999916,True,True
2026094476,10,2683.855472,2778.90841,95.05293799999981,True,True
2026094477,15,2711.102952,2825.292304,114.18935199999987,True,True
2026094478,14,2975.366961,3175.495261,200.12829999999985,True,True
2026094479,13,3290.94198,3186.896347,-104.04563300000018,True,True
2026094480,16,3060.145152,3213.279898,153.13474599999972,True,True
2026094481,13,2984.836787,3050.70411,65.86732299999994,True,True
2026094482,13,3125.219029,3056.149906,-69.06912299999976,True,True
2026094483,12,3087.467221,3129.655323,42.18810200000007,True,True
2026094484,14,3034.572024,3257.540477,222.96845299999995,True,True
2026094485,11,2971.800925,2981.611875,9.810950000000048,True,True
2026094486,16,3417.178704,3493.033189,75.8544850000003,True,True
2026094487,16,3526.522826,3196.232334,-330.2904920000001,True,True
2026094488,10,3106.400951,3111.796681,5.39572999999973,True,True
2026094489,14,3325.467387,3254.163263,-71.30412400000023,True,True
2026094490,11,3018.659833,2990.645839,-28.013994000000366,True,True
2026094491,16,3571.193219,3872.93452,301.74130099999957,True,True
2026094492,16,3051.003373,3352.354033,301.35066000000006,True,True
2026094493,15,2880.707902,3160.837708,280.1298059999999,True,True
2026094494,14,2749.225765,2785.185124,35.95935899999995,True,True
2026094495,14,3631.844824,3424.838221,-207.0066029999998,True,True
2026094496,12,3139.768312,3014.108062,-125.66025000000036,True,True
2026094497,10,2541.909648,2661.189601,119.2799530000002,True,True
2026094498,16,3169.111287,3116.358654,-52.75263300000006,True,True
2026094499,12,3203.174769,3353.665663,150.49089400000003,True,True
2026094500,10,3267.10494,3330.551666,63.44672599999967,True,True
2026094501,10,2730.660466,2672.340311,-58.320154999999886,True,True
2026094502,15,2976.506478,2944.804043,-31.702434999999696,True,True
2026094503,14,2933.964976,3013.663568,79.69859199999973,True,True
2026094504,13,3207.146989,3253.831086,46.68409700000029,True,True
2026094505,11,2945.510017,3466.688687,521.1786699999998,True,True
2026094506,16,3194.524142,3037.325037,-157.19910500000015,True,True
2026094507,11,3336.741054,3160.342356,-176.39869799999997,True,True
2026094508,16,3335.992156,3237.376632,-98.61552399999982,True,True
2026094509,10,2901.775237,2743.041132,-158.734105,True,True
2026094510,14,3371.31793,3183.663801,-187.654129,True,True
2026094511,16,3349.100002,3428.680811,79.58080900000004,True,True
2026094512,16,2948.040027,3149.63536,201.5953330000002,True,True
2026094513,14,3252.552562,3218.226054,-34.32650799999965,True,True
2026094514,10,2829.446574,2949.114459,119.66788499999984,True,True
2026094515,13,3152.16454,3395.214828,243.0502879999999,True,True
2026094516,11,3194.801437,3227.991232,33.189794999999776,True,True
2026094517,11,2816.111447,2979.627139,163.51569199999994,True,True
2026094518,11,2986.235754,2987.215044,0.9792900000002192,True,True
2026094519,11,3332.186302,3267.689531,-64.49677100000008,True,True
2026094520,13,3066.695978,3432.043175,365.3471969999996,True,True
2026094521,12,3258.800042,3058.0426,-200.75744199999963,True,True
2026094522,14,3896.030772,3214.517797,-681.5129750000001,True,True
2026094523,12,2908.274072,3165.491937,257.2178649999996,True,True
2026094524,10,2833.535543,2781.94679,-51.588753,True,True
2026094525,16,3232.204195,3450.160189,217.95599400000037,True,True
2026094526,10,2823.101971,3156.902959,333.80098799999996,True,True
2026094527,11,2759.129539,2750.864628,-8.264911000000211,True,True
2026094528,16,3495.971495,3507.661269,11.689774000000398,True,True
2026094529,10,2875.288186,2856.390822,-18.89736400000038,True,True
2026094530,16,3036.140671,3113.961341,77.82067000000006,True,True
2026094531,11,2525.488205,2768.5599,243.0716950000001,True,True
2026094532,16,2874.653089,2980.433646,105.78055700000004,True,True
2026094533,15,3314.538007,3157.500706,-157.0373010000003,True,True
2026094534,16,3598.400592,3186.19348,-412.20711200000005,True,True
2026094535,15,3371.150951,3371.471324,0.3203730000000178,True,True
2026094536,16,3174.02501,3323.878216,149.85320600000023,True,True
2026094537,16,3240.095239,3341.465859,101.37061999999969,True,True
2026094538,16,3202.319798,3118.65557,-83.6642280000001,True,True
2026094539,11,2915.338351,2872.497951,-42.840400000000045,True,True
2026094540,11,2682.285544,2776.188795,93.90325100000018,True,True
2026094541,13,2861.196775,2999.188782,137.99200700000029,True,True
2026094542,16,3202.402886,3081.461725,-120.94116099999974,True,True
2026094543,16,2863.368909,3070.299222,206.9303130000003,True,True
2026094544,13,3111.417202,2986.008419,-125.40878300000031,True,True
2026094545,12,3092.439159,3128.336028,35.89686900000015,True,True
2026094546,13,3057.26445,3212.20605,154.94159999999965,True,True
2026094547,12,3280.579091,3276.879279,-3.699811999999838,True,True
2026094548,11,3060.660812,3120.212625,59.55181300000004,True,True
2026094549,16,3636.332767,3392.462318,-243.870449,True,True
2026094550,11,2894.064628,3060.6687,166.6040720000001,True,True
2026094551,15,3315.528417,3299.59273,-15.935687000000144,True,True
2026094552,16,3110.73523,3249.273896,138.53866600000038,True,True
2026094553,15,3031.238258,3003.562331,-27.675926999999774,True,True
2026094554,14,3442.554984,3360.740205,-81.81477899999982,True,True
2026094555,12,3079.686565,2934.919725,-144.76683999999977,True,True
2026094556,10,2747.862618,3031.618444,283.75582600000007,True,True
2026094557,10,2835.351579,2817.310274,-18.041305000000193,True,True
2026094558,13,3027.957761,3225.783325,197.82556399999976,True,True
2026094559,11,2966.727208,3112.352917,145.62570900000037,True,True
2026094560,14,3298.073869,3081.023967,-217.04990199999975,True,True
2026094561,11,2931.80475,3048.064552,116.25980200000004,True,True
2026094562,11,3286.940319,3284.734646,-2.2056729999999334,True,True
2026094563,14,3190.425106,3175.19782,-15.227286000000277,True,True
2026094564,12,3190.900934,3374.464486,183.56355200000007,True,True
2026094565,16,3038.687923,3349.07594,310.3880170000002,True,True
2026094566,16,3127.113563,3096.709234,-30.40432899999996,True,True
2026094567,15,3057.096093,3238.612352,181.516259,True,True
2026094568,10,2805.343392,2883.717813,78.37442099999998,True,True
2026094569,11,2963.634906,2882.70039,-80.9345159999998,True,True
2026094570,14,2973.250014,3058.778144,85.52812999999969,True,True
2026094571,10,2744.176255,2892.969812,148.79355699999996,True,True
2026094572,14,3353.308844,3289.17265,-64.13619400000016,True,True
2026094573,11,2764.040792,2805.255495,41.2147030000001,True,True
2026094574,15,2713.463286,2764.554625,51.09133900000006,True,True
2026094575,11,2986.085645,3269.938735,283.85309000000007,True,True
2026094576,16,3381.903903,3526.907578,145.00367499999993,True,True
2026094577,12,3010.563641,2827.15714,-183.4065010000004,True,True
2026094578,13,2856.102393,2815.719842,-40.38255100000015,True,True
2026094579,12,2997.041012,3082.086203,85.0451909999997,True,True
2026094580,10,3043.149763,3049.504994,6.355231000000003,True,True
2026094581,10,3350.986461,3265.472455,-85.51400599999988,True,True
2026094582,15,3064.846776,3213.585456,148.73867999999993,True,True
2026094583,15,3467.952777,3679.606359,211.65358199999991,True,True
2026094584,10,2902.082195,2878.139101,-23.943093999999746,True,True
2026094585,10,3165.297616,2900.425495,-264.8721209999999,True,True
2026094586,11,2921.730098,2903.976833,-17.75326499999983,True,True
2026094587,11,3311.026858,3423.185878,112.1590199999996,True,True
2026094588,16,3332.47153,3219.054855,-113.41667499999994,True,True
2026094589,15,3304.649705,3181.19239,-123.45731499999965,True,True
2026094590,14,3329.135763,3107.39138,-221.7443830000002,True,True
2026094591,10,2802.165552,2789.910333,-12.255219000000125,True,True
2026094592,12,2969.301327,3097.541917,128.24058999999988,True,True
2026094593,15,3235.141703,3204.315855,-30.82584799999995,True,True
2026094594,10,3045.843398,2872.550921,-173.29247699999996,True,True
2026094595,10,2803.309292,2976.955032,173.64573999999993,True,True
2026094596,13,3485.662949,3370.916299,-114.74665000000005,True,True
2026094597,15,3016.021659,3059.769003,43.747343999999885,True,True
2026094598,15,2968.563158,3313.985282,345.42212400000017,True,True
2026094599,16,3300.768769,3427.532121,126.7633520000004,True,True
2026094600,15,3480.635905,3263.051029,-217.5848759999999,True,True
2026094601,14,3380.039797,3463.665156,83.62535900000012,True,True
2026094602,16,3425.335821,3256.16897,-169.16685099999995,True,True
2026094603,15,3100.611942,3575.59057,474.97862799999984,True,True
2026094604,10,2466.94651,2543.138562,76.19205199999988,True,True
2026094605,13,3157.122539,3140.277966,-16.844572999999855,True,True
2026094606,16,3087.138865,3462.98845,375.84958499999993,True,True
2026094607,11,3252.538102,2929.058222,-323.47987999999987,True,True
2026094608,14,3256.748633,3322.670991,65.9223579999998,True,True
2026094609,15,3294.888459,3301.794152,6.905693000000156,True,True
2026094610,13,2940.789558,2919.961223,-20.828335000000152,True,True
2026094611,10,2824.771957,2902.097231,77.32527400000026,True,True
2026094612,16,3546.627176,3415.67483,-130.95234600000003,True,True
2026094613,15,3106.259578,3121.108646,14.849067999999988,True,True
2026094614,11,2832.869735,2840.378404,7.508668999999827,True,True
2026094615,15,3083.94846,2985.424028,-98.52443200000016,True,True
2026094616,15,3594.121243,3439.723012,-154.39823100000012,True,True
2026094617,16,3874.539046,3791.172987,-83.36605899999995,True,True
2026094618,10,2816.354412,2877.085376,60.73096399999986,True,True
2026094619,11,2777.41388,3174.24285,396.82897,True,True
2026094620,13,3079.823349,3161.297212,81.47386300000016,True,True
2026094621,14,3256.24372,3300.440964,44.197243999999955,True,True
2026094622,13,2827.953632,2947.730343,119.77671099999998,True,True
2026094623,16,3322.234634,3133.592378,-188.6422560000001,True,True
2026094624,11,2848.512094,2763.394217,-85.11787700000014,True,True
2026094625,11,2848.207847,3028.129815,179.92196799999965,True,True
2026094626,13,3209.439034,2934.992251,-274.44678299999987,True,True
2026094627,15,3599.898181,3465.288339,-134.60984199999984,True,True
2026094628,12,3092.249617,3082.341939,-9.907678000000033,True,True
2026094629,16,3326.042721,3535.993433,209.9507120000003,True,True
2026094630,15,3384.945917,3022.579427,-362.3664899999999,True,True
2026094631,13,2423.508059,2585.353735,161.84567600000037,True,True
2026094632,10,2985.102365,2856.328617,-128.77374800000007,True,True
2026094633,12,2867.146955,2950.29708,83.15012499999966,True,True
2026094634,16,3106.993513,3443.962892,336.9693790000001,True,True
2026094635,14,3001.575491,2830.264767,-171.31072399999994,True,True
2026094636,16,2941.248818,2805.307028,-135.94178999999986,True,True
2026094637,12,2950.646721,3096.881138,146.23441700000012,True,True
2026094638,15,3236.030547,3101.558825,-134.47172199999977,True,True
2026094639,15,3694.905825,3859.413621,164.50779600000033,True,True
2026094640,14,2993.197811,3212.600956,219.40314500000022,True,True
2026094641,16,3269.120426,3330.81604,61.695614000000205,True,True
2026094642,16,3130.05829,3000.025489,-130.03280099999984,True,True
2026094643,11,2950.478514,3111.980197,161.50168299999996,True,True
2026094644,15,3062.337489,3228.428902,166.0914130000001,True,True
2026094645,15,3221.884114,3164.296483,-57.587630999999874,True,True
2026094646,16,2922.415126,3031.417289,109.00216300000011,True,True
2026094647,10,2934.632172,3091.932894,157.30072199999995,True,True
2026094648,15,2786.462832,2995.678191,209.2153589999998,True,True
2026094649,11,3109.667186,3555.190268,445.5230819999997,True,True
2026094650,15,3103.192067,3236.389445,133.19737799999984,True,True
2026094651,16,3406.245752,3384.79287,-21.45288199999959,True,True
2026094652,11,2913.483183,2727.795243,-185.6879399999998,True,True
2026094653,11,2982.492104,3066.722288,84.23018400000001,True,True
2026094654,11,2729.617182,2817.850941,88.23375900000019,True,True
2026094655,14,2991.261784,2766.373659,-224.88812499999995,True,True
2026094656,11,2927.004464,2884.888244,-42.116219999999885,True,True
2026094657,11,2900.107884,2920.605825,20.497941000000083,True,True
2026094658,12,3096.083675,3241.095715,145.01204000000007,True,True
2026094659,13,2916.328266,2972.303247,55.97498099999984,True,True
2026094660,12,3075.098718,3059.108789,-15.989929000000302,True,True
2026094661,12,3134.930999,3062.532866,-72.39813300000014,True,True
2026094662,12,3131.760049,3231.423921,99.66387200000008,True,True
2026094663,15,3615.495215,3362.210629,-253.28458599999976,True,True
2026094664,15,3042.238047,3542.710624,500.472577,True,True
2026094665,14,3000.64138,2896.02781,-104.61356999999998,True,True
2026094666,13,3184.164522,3322.542881,138.37835899999982,True,True
2026094667,11,2828.986426,2844.327969,15.341543000000001,True,True
2026094668,13,3106.674559,3089.042173,-17.632386000000224,True,True
2026094669,15,3544.995461,3323.633135,-221.36232599999994,True,True
2026094670,13,2796.419031,3052.693748,256.27471700000024,True,True
2026094671,13,2847.471718,2832.084793,-15.386924999999792,True,True
2026094672,15,3067.403805,3330.046344,262.64253899999994,True,True
2026094673,10,3067.505718,2999.214172,-68.29154599999993,True,True
2026094674,10,2577.626465,2711.189443,133.56297800000038,True,True
2026094675,13,3118.53442,3212.092381,93.55796099999998,True,True
2026094676,10,2886.341496,3028.303868,141.96237199999996,True,True
2026094677,10,3036.669026,2980.83062,-55.83840599999985,True,True
2026094678,13,2901.571085,2967.784473,66.21338800000012,True,True
2026094679,13,3170.828585,3232.602998,61.77441299999964,True,True
2026094680,14,3255.81458,3052.197966,-203.61661400000003,True,True
2026094681,15,3608.131751,3326.048931,-282.0828200000001,True,True
2026094682,13,2971.76621,2734.003486,-237.7627239999997,True,True
2026094683,14,3007.566412,3116.620847,109.05443500000001,True,True
2026094684,15,3160.615405,3466.690225,306.0748199999998,True,True
2026094685,14,3046.071104,3022.214673,-23.856431000000157,True,True
2026094686,12,2828.704619,2808.554631,-20.14998800000012,True,True
2026094687,11,3131.396239,3183.969105,52.572865999999976,True,True
2026094688,14,3293.152325,3457.024542,163.8722170000001,True,True
2026094689,10,2753.617118,2802.757681,49.14056299999993,True,True
2026094690,15,3305.978427,3068.702804,-237.275623,True,True
2026094691,10,2936.694863,2949.277979,12.58311599999979,True,True
2026094692,14,3218.530489,3251.533067,33.00257799999963,True,True
2026094693,15,3230.157426,3430.922874,200.76544799999965,True,True
2026094694,14,3463.501561,3306.80871,-156.69285100000025,True,True
2026094695,12,3162.13729,3150.843787,-11.293503000000328,True,True
2026094696,12,3313.730851,3166.1216,-147.60925099999986,True,True
2026094697,16,3310.48795,3401.095725,90.60777499999995,True,True
2026094698,12,3366.988163,3346.684562,-20.30360100000007,True,True
2026094699,15,3389.604947,3443.87918,54.274233000000095,True,True
2026094700,14,3422.840205,3640.213009,217.3728040000001,True,True
2026094701,15,3302.49005,3202.201739,-100.2883109999998,True,True
2026094702,11,2887.924046,2804.846399,-83.07764700000007,True,True
2026094703,15,3109.52485,3004.521544,-105.00330599999961,True,True
2026094704,10,2985.962738,3046.2307,60.2679619999999,True,True
2026094705,13,3014.19111,3240.785403,226.59429299999965,True,True
2026094706,15,3154.601864,3265.587362,110.985498,True,True
2026094707,15,3747.833078,3669.5435,-78.28957799999989,True,True
2026094708,11,3105.339469,3309.027658,203.68818899999997,True,True
2026094709,12,2901.709819,2884.274487,-17.435332000000017,True,True
2026094710,15,3217.521549,3617.049869,399.5283199999999,True,True
2026094711,14,3149.451538,3083.980592,-65.47094599999991,True,True
2026094712,12,2651.568832,2748.265088,96.69625600000018,True,True
2026094713,11,2804.970204,2788.202149,-16.768055000000004,True,True
2026094714,10,2806.722221,2803.665104,-3.0571169999998347,True,True
2026094715,14,3463.598372,3197.460904,-266.1374679999999,True,True
2026094716,16,3035.118731,3258.542261,223.42353000000003,True,True
2026094717,10,2477.245826,2659.842913,182.5970870000001,True,True
2026094718,14,3399.278013,3277.079842,-122.198171,True,True
2026094719,12,3184.351483,3163.459987,-20.891495999999734,True,True
2026094720,12,2931.711083,3001.373568,69.66248499999983,True,True
2026094721,13,3137.520824,3155.223159,17.702334999999948,True,True
2026094722,11,2910.437678,2883.030695,-27.406982999999855,True,True
2026094723,16,3631.474169,3525.506318,-105.96785099999988,True,True
2026094724,16,3048.556273,3165.600276,117.04400299999998,True,True
2026094725,11,2950.146442,2989.891056,39.74461399999973,True,True
2026094726,15,3173.742925,3357.642483,183.89955800000007,True,True
2026094727,12,2899.348014,3000.6513,101.30328599999984,True,True
2026094728,15,3229.000107,3279.762887,50.76278000000002,True,True
2026094729,10,2559.167384,2731.685723,172.5183390000002,True,True
2026094730,14,2884.701007,3073.391112,188.69010499999968,True,True
2026094731,11,2619.540145,2783.592317,164.05217200000016,True,True
2026094732,12,2999.312822,3113.191532,113.87870999999996,True,True
2026094733,16,3290.495908,3384.484364,93.98845600000004,True,True
2026094734,16,3522.266277,3570.022135,47.75585799999999,True,True
2026094735,14,3507.745408,3292.529611,-215.2157970000003,True,True
2026094736,12,2847.978696,3056.334944,208.35624800000005,True,True
2026094737,14,2907.294744,3275.643617,368.34887300000037,True,True
2026094738,13,3217.059443,3195.84516,-21.21428300000025,True,True
2026094739,15,3557.464199,3471.373006,-86.0911930000002,True,True
2026094740,14,3514.619725,3320.71059,-193.90913499999988,True,True
2026094741,14,3063.706784,2985.026231,-78.68055300000015,True,True
2026094742,15,3037.660555,3118.361755,80.70119999999997,True,True
2026094743,15,3242.615042,3433.066326,190.45128400000021,True,True
2026094744,12,2906.948872,3261.661051,354.7121790000001,True,True
2026094745,14,2941.242407,3018.06235,76.81994299999997,True,True
2026094746,10,3189.118124,3166.254631,-22.86349300000029,True,True
2026094747,12,2938.832149,3082.042009,143.20985999999994,True,True
2026094748,13,3444.886721,3478.627417,33.7406960000003,True,True
2026094749,12,2910.310843,3034.804716,124.4938729999999,True,True
2026094750,15,3496.284592,3471.687029,-24.59756299999981,True,True
2026094751,16,3564.871748,3327.654809,-237.2169389999999,True,True
2026094752,12,3065.663457,3317.843673,252.18021599999975,True,True
2026094753,15,3198.884644,3230.972698,32.08805399999983,True,True
2026094754,13,2793.451937,2842.136341,48.684404000000086,True,True
2026094755,10,3075.611441,3325.68147,250.07002899999998,True,True
2026094756,14,3124.627424,2970.607271,-154.02015299999994,True,True
2026094757,16,3193.086527,3011.932227,-181.15430000000015,True,True
2026094758,16,3480.258448,3128.818155,-351.4402930000001,True,True
2026094759,14,2924.305679,3074.901003,150.5953239999999,True,True
2026094760,12,3022.613306,3310.989328,288.3760219999999,True,True
2026094761,10,2556.87841,2619.429921,62.55151100000012,True,True
2026094762,15,3060.023733,3389.954416,329.93068300000004,True,True
2026094763,12,3082.841431,2931.363195,-151.47823599999992,True,True
2026094764,14,3469.515973,3536.802049,67.28607599999987,True,True
2026094765,14,3235.135703,3449.357264,214.2215610000003,True,True
2026094766,12,3309.686072,3327.695465,18.009392999999818,True,True
2026094767,11,2755.084232,2789.846568,34.76233599999978,True,True
2026094768,12,2737.046874,2744.46255,7.415676000000076,True,True
2026094769,10,2637.914772,2722.598271,84.68349899999976,True,True
2026094770,16,3147.748547,3542.605323,394.8567760000001,True,True
2026094771,15,2947.255283,3086.590984,139.33570099999997,True,True
2026094772,12,3026.954232,3010.948295,-16.005936999999903,True,True
2026094773,16,3942.540841,3803.529607,-139.01123400000006,True,True
2026094774,16,3301.112531,3191.549012,-109.56351900000027,True,True
2026094775,14,3265.33342,3126.617918,-138.71550200000001,True,True
2026094776,12,3132.126019,3133.602725,1.4767060000003767,True,True
2026094777,13,3211.001689,3307.380387,96.37869799999999,True,True
2026094778,14,2894.725678,2894.570013,-0.15566499999977168,True,True
2026094779,12,3072.60453,3090.852733,18.248203000000103,True,True
2026094780,15,3183.928438,3230.906932,46.978493999999955,True,True
2026094781,14,2912.579853,3125.993894,213.414041,True,True
2026094782,14,2960.894959,3128.279689,167.38472999999976,True,True
2026094783,15,3304.813509,3103.43157,-201.38193899999987,True,True
2026094784,15,3214.845686,3372.377981,157.53229499999998,True,True
2026094785,11,2924.270372,3177.802948,253.53257600000006,True,True
2026094786,11,3225.145204,3114.169852,-110.97535199999993,True,True
2026094787,11,2731.51716,2919.375803,187.85864300000003,True,True
2026094788,10,2885.884005,2898.530514,12.646509000000151,True,True
2026094789,12,2961.279217,3201.715855,240.43663800000013,True,True
2026094790,10,3029.794924,2996.462904,-33.33201999999983,True,True
2026094791,16,3088.490197,3377.735695,289.24549799999977,True,True
2026094792,12,3017.683927,2985.881124,-31.80280300000004,True,True
2026094793,12,3152.947877,3275.196447,122.24856999999975,True,True
2026094794,15,3314.204475,3122.113419,-192.0910560000002,True,True
2026094795,11,3244.569766,3403.776925,159.20715900000005,True,True
2026094796,16,3312.67136,3379.770596,67.09923600000002,True,True
2026094797,10,3058.50025,3096.441398,37.941147999999885,True,True
2026094798,13,2819.861199,2885.355799,65.49459999999999,True,True
2026094799,13,3206.70811,3146.362018,-60.346092000000226,True,True
2026094800,14,3154.650684,3362.524768,207.87408400000004,True,True
2026094801,15,2845.653664,3042.79731,197.143646,True,True
2026094802,12,3182.936044,3307.177873,124.24182900000005,True,True
2026094803,12,3075.387298,2863.184424,-212.20287400000007,True,True
2026094804,12,3039.805422,3116.506068,76.70064600000023,True,True
2026094805,14,3135.797237,3069.228694,-66.56854300000032,True,True
2026094806,10,3170.195692,2975.834579,-194.36111299999993,True,True
2026094807,11,2794.418969,2784.565059,-9.853909999999814,True,True
2026094808,15,2962.857066,2845.550791,-117.30627499999991,True,True
2026094809,12,3094.970937,3449.856449,354.88551199999984,True,True
2026094810,12,3129.742991,3271.152937,141.40994599999976,True,True
2026094811,12,2962.061392,2982.099804,20.03841199999988,True,True
2026094812,14,2992.431503,3170.916399,178.4848960000004,True,True
2026094813,14,3443.745496,3583.514751,139.76925500000016,True,True
2026094814,13,3095.166596,3183.974008,88.80741200000011,True,True
2026094815,16,2936.835142,3094.445238,157.61009599999988,True,True
2026094816,15,3481.069494,3439.939423,-41.130071000000044,True,True
2026094817,10,3203.075183,3169.044217,-34.03096599999981,True,True
2026094818,12,3374.910753,3151.12833,-223.7824230000001,True,True
2026094819,12,2943.567665,3026.927519,83.35985399999981,True,True
2026094820,16,3215.574855,3217.86879,2.293935000000147,True,True
2026094821,13,2759.740672,2808.566093,48.825421000000006,True,True
2026094822,10,2792.586701,2876.396293,83.80959199999961,True,True
2026094823,11,2568.629426,2720.866405,152.23697900000025,True,True
2026094824,12,3343.263415,3207.638329,-135.625086,True,True
2026094825,12,2917.075747,3025.018111,107.942364,True,True
2026094826,15,3284.547158,3373.186381,88.63922300000013,True,True
2026094827,12,3158.767957,3239.176538,80.40858100000014,True,True
2026094828,14,2993.787038,2987.783988,-6.003049999999803,True,True
2026094829,13,2934.651118,2930.497851,-4.153267000000142,True,True
2026094830,14,3283.2235,3512.54443,229.32092999999986,True,True
2026094831,16,3375.150074,3279.968602,-95.18147200000021,True,True
2026094832,13,3301.319384,3464.737652,163.4182679999999,True,True
2026094833,13,2903.34064,3044.773428,141.43278800000007,True,True
2026094834,15,3152.857669,3003.823204,-149.03446500000018,True,True
2026094835,12,3308.727997,3217.5936,-91.13439699999981,True,True
2026094836,16,3253.114462,3094.392764,-158.72169799999983,True,True
2026094837,11,2986.617038,3111.542245,124.92520700000023,True,True
2026094838,14,3249.952312,3072.368142,-177.58417000000009,True,True
2026094839,13,2971.604832,2813.190982,-158.4138499999999,True,True
2026094840,15,3152.027706,2933.213505,-218.81420099999968,True,True
2026094841,15,2944.550544,2936.915372,-7.635172000000239,True,True
2026094842,10,3023.388328,3074.113305,50.72497699999985,True,True
2026094843,15,3197.987099,3251.259747,53.27264800000012,True,True
2026094844,12,3357.203866,3440.85682,83.65295400000014,True,True
2026094845,12,2911.930753,3082.4331,170.5023470000001,True,True
2026094846,14,3324.400055,3273.613206,-50.786849000000075,True,True
2026094847,11,2882.400775,3069.58804,187.18726500000002,True,True
2026094848,10,2928.296542,3074.62368,146.3271380000001,True,True
2026094849,11,2912.400616,3223.259323,310.8587070000003,True,True
2026094850,10,2912.003973,3031.378549,119.37457600000016,True,True
2026094851,11,3152.846618,3145.6032,-7.24341800000002,True,True
2026094852,15,3482.365382,3434.696772,-47.66861000000017,True,True
2026094853,10,2701.080585,2802.439092,101.35850699999992,True,True
2026094854,16,3329.678843,3475.760631,146.08178799999996,True,True
2026094855,15,3178.185851,3514.320581,336.13472999999976,True,True
2026094856,14,3201.508892,3259.659157,58.15026500000022,True,True
2026094857,11,2757.49088,2889.987502,132.49662200000012,True,True
2026094858,10,3156.630203,3019.743972,-136.88623099999995,True,True
2026094859,12,3242.936236,3163.408215,-79.52802100000008,True,True
2026094860,14,3315.282228,3348.785824,33.503596000000016,True,True
2026094861,10,2954.42069,2856.911489,-97.50920099999985,True,True
2026094862,14,3155.254335,3056.463934,-98.7904010000002,True,True
2026094863,12,2997.112143,3324.652439,327.5402960000001,True,True
2026094864,11,2868.699987,2894.467964,25.767976999999973,True,True
2026094865,15,3446.738287,3569.440434,122.70214699999997,True,True
2026094866,12,3257.667619,3250.256736,-7.4108830000000125,True,True
2026094867,11,3261.133032,3425.404403,164.27137099999982,True,True
2026094868,10,2790.377046,2908.498608,118.12156199999981,True,True
2026094869,16,3348.641035,3323.375284,-25.26575099999991,True,True
2026094870,10,3169.451987,3042.698757,-126.7532299999998,True,True
2026094871,14,3489.480318,3475.169198,-14.311119999999846,True,True
2026094872,16,3330.544911,3127.08246,-203.46245099999987,True,True
2026094873,15,3179.362605,3002.671631,-176.69097399999964,True,True
2026094874,11,2899.758041,2963.920852,64.16281100000015,True,True
2026094875,10,2884.968491,3298.019038,413.0505469999998,True,True
2026094876,11,3181.324393,3284.476171,103.15177799999992,True,True
2026094877,15,3312.289012,3347.652987,35.363974999999755,True,True
2026094878,12,3014.642317,3087.863399,73.22108200000002,True,True
2026094879,11,2746.603,2758.937076,12.334076000000096,True,True
2026094880,13,3265.325951,3215.154171,-50.17177999999967,True,True
2026094881,10,2743.733636,2752.215364,8.481728000000203,True,True
2026094882,15,3081.800016,2978.98766,-102.81235600000036,True,True
2026094883,16,3450.958302,3295.635646,-155.32265599999982,True,True
2026094884,11,3049.695531,3076.094915,26.399384000000282,True,True
2026094885,11,3066.074991,3211.910061,145.8350700000001,True,True
2026094886,14,3400.986397,3188.298716,-212.68768100000034,True,True
2026094887,12,3242.39475,3186.11066,-56.284090000000106,True,True
2026094888,14,2932.927715,2793.758874,-139.1688409999997,True,True
2026094889,16,3694.934268,3554.1531,-140.78116799999998,True,True
2026094890,14,3265.770205,3036.949813,-228.82039199999963,True,True
2026094891,16,2892.691892,3177.983703,285.29181100000005,True,True
2026094892,16,3237.636299,3255.108371,17.472072000000026,True,True
2026094893,14,2855.929552,2803.820057,-52.10949500000015,True,True
2026094894,14,2725.921803,3015.662513,289.74071000000004,True,True
2026094895,13,3229.889958,3407.106305,177.2163469999996,True,True
2026094896,16,3238.08606,3396.972963,158.88690300000007,True,True
2026094897,13,2913.521567,3046.709946,133.18837900000017,True,True
2026094898,11,2859.622099,2899.581273,39.95917399999962,True,True
2026094899,15,3499.036485,3504.61809,5.581604999999854,True,True
2026094900,12,3236.360488,3048.695621,-187.66486699999996,True,True
2026094901,16,3326.699598,3437.540297,110.84069899999986,True,True
2026094902,16,3370.55063,3325.273512,-45.27711799999997,True,True
2026094903,11,2762.136971,2821.944923,59.807952000000114,True,True
2026094904,15,3301.450797,3179.071671,-122.37912599999981,True,True
2026094905,14,3123.842631,3106.925696,-16.916935000000194,True,True
2026094906,16,2612.590401,2611.389657,-1.2007439999997587,True,True
2026094907,10,2808.694286,2996.906721,188.2124349999999,True,True
2026094908,15,3106.866042,3399.437347,292.57130499999994,True,True
2026094909,14,3290.322476,3453.662354,163.33987800000023,True,True
2026094910,11,3122.763542,2976.275012,-146.48853000000008,True,True
2026094911,10,3001.631755,3075.873211,74.2414560000002,True,True
2026094912,14,2834.674454,3091.263968,256.58951400000024,True,True
2026094913,15,3656.54833,3460.058598,-196.489732,True,True
2026094914,14,3004.151186,2898.568628,-105.58255800000006,True,True
2026094915,14,3445.773692,3268.91752,-176.85617200000024,True,True
2026094916,15,3295.41027,3226.272163,-69.13810699999976,True,True
2026094917,16,3226.421001,3415.944066,189.52306499999986,True,True
2026094918,12,3220.408937,3428.504679,208.09574199999997,True,True
2026094919,12,2940.78974,3024.608146,83.81840599999987,True,True
2026094920,13,2837.947903,2809.31957,-28.62833300000011,True,True
2026094921,12,3107.806377,3091.191369,-16.61500799999976,True,True
2026094922,10,2804.520773,2833.373267,28.85249399999975,True,True
2026094923,11,3097.461987,3250.030686,152.56869899999992,True,True
2026094924,10,3039.142429,3150.367139,111.22470999999996,True,True
2026094925,16,3333.729203,3087.036062,-246.69314099999974,True,True
2026094926,10,2704.549898,2601.929005,-102.62089300000025,True,True
2026094927,15,3017.190833,2955.626809,-61.564024000000245,True,True
2026094928,14,3239.537915,3213.682671,-25.855243999999857,True,True
2026094929,12,3023.88071,3063.134822,39.25411200000008,True,True
2026094930,16,2983.6902,3068.356324,84.66612399999985,True,True
2026094931,13,3145.356487,3236.22913,90.87264300000015,True,True
2026094932,16,3291.801335,3030.28236,-261.51897499999995,True,True
2026094933,11,3065.854651,3359.276764,293.4221130000001,True,True
2026094934,11,2921.458507,2853.173423,-68.28508399999964,True,True
2026094935,13,3305.796331,3302.413503,-3.3828279999997903,True,True
2026094936,15,3305.882547,3209.623095,-96.25945200000024,True,True
2026094937,15,3284.178585,3299.052158,14.873572999999851,True,True
2026094938,15,3454.56328,3401.420674,-53.14260599999989,True,True
2026094939,12,3103.625082,3000.13,-103.49508199999991,True,True
2026094940,10,2778.243546,2888.22349,109.9799439999997,True,True
2026094941,16,3096.597855,3622.148083,525.5502280000001,True,True
2026094942,16,2741.509165,2852.007149,110.49798400000009,True,True
2026094943,13,3302.622873,2961.398229,-341.2246439999999,True,True
2026094944,13,2977.050031,3171.671975,194.62194399999998,True,True
2026094945,11,2964.995604,3031.129801,66.13419699999986,True,True
2026094946,15,3384.093395,3147.674066,-236.41932899999983,True,True
2026094947,10,2895.610186,2614.842997,-280.7671889999997,True,True
2026094948,16,3182.472247,3276.347585,93.87533799999983,True,True
2026094949,10,3161.727708,3078.555862,-83.17184599999973,True,True
2026094950,16,2819.077226,2672.680916,-146.39631000000008,True,True
2026094951,15,3630.931565,3253.78063,-377.15093499999966,True,True
2026094952,15,4018.026002,3857.790828,-160.23517399999992,True,True
2026094953,15,3009.795198,3116.5926,106.79740200000015,True,True
2026094954,11,3048.910731,2821.905627,-227.00510399999985,True,True
2026094955,11,2857.822968,2785.864562,-71.95840599999974,True,True
2026094956,14,3062.511622,3113.933858,51.422235999999884,True,True
2026094957,13,2992.003377,3197.985081,205.9817039999998,True,True
2026094958,13,3018.177836,2951.602683,-66.57515299999977,True,True
2026094959,11,2905.128048,2865.399102,-39.72894600000018,True,True
2026094960,13,2990.699373,2921.174331,-69.52504199999976,True,True
2026094961,14,3183.597325,3240.223618,56.626292999999805,True,True
2026094962,15,3192.587224,3208.965666,16.378442000000177,True,True
2026094963,13,3262.534733,3271.542519,9.007786000000124,True,True
2026094964,15,2935.121109,3254.585259,319.4641499999998,True,True
2026094965,14,3290.228243,3363.996192,73.76794900000004,True,True
2026094966,12,2862.71361,2904.462035,41.748425000000225,True,True
2026094967,10,2928.27117,2834.309517,-93.96165299999984,True,True
2026094968,16,3217.327592,3362.455326,145.1277339999997,True,True
2026094969,12,2864.653546,2803.84443,-60.809115999999904,True,True
2026094970,14,2947.114847,2947.516523,0.4016759999999522,True,True
2026094971,16,2709.870908,2654.610611,-55.26029699999981,True,True
2026094972,11,2800.316196,2851.950638,51.63444199999958,True,True
2026094973,14,2885.662736,3247.20527,361.5425339999997,True,True
2026094974,16,2930.384164,3027.019947,96.63578299999972,True,True
2026094975,13,3248.305685,3264.185506,15.879820999999993,True,True
2026094976,13,2891.993467,3003.691485,111.69801800000005,True,True
2026094977,10,2857.402228,2943.716969,86.31474100000014,True,True
2026094978,14,3225.123485,3166.568303,-58.55518200000006,True,True
2026094979,14,3260.630429,3041.502318,-219.128111,True,True
2026094980,16,3255.13718,3324.975147,69.83796699999994,True,True
2026094981,11,3106.990196,2867.689027,-239.3011690000003,True,True
2026094982,11,2790.22374,2801.591034,11.367294000000129,True,True
2026094983,16,3386.19834,2990.072407,-396.1259329999998,True,True
2026094984,13,3396.657049,3473.441721,76.78467200000023,True,True
2026094985,11,2804.662768,2960.829215,156.16644700000006,True,True
2026094986,16,3551.338088,3594.765547,43.427459,True,True
2026094987,16,2556.78864,2736.100645,179.31200499999977,True,True
2026094988,14,3366.212718,3366.635575,0.42285699999956705,True,True
2026094989,14,3559.233894,3038.111587,-521.1223070000001,True,True
2026094990,13,2896.399124,2874.830301,-21.568823000000066,True,True
2026094991,15,3244.737982,3016.542191,-228.1957910000001,True,True
2026094992,11,2984.243556,3169.596575,185.35301900000013,True,True
2026094993,15,3302.529522,3280.736366,-21.793155999999726,True,True
2026094994,10,2672.12676,2839.479317,167.3525569999997,True,True
2026094995,13,3728.417052,3961.213479,232.79642700000022,True,True
2026094996,11,3071.488338,3121.606437,50.1180989999998,True,True
2026094997,16,3083.012904,3135.460139,52.44723499999964,True,True
2026094998,10,2846.835333,3164.167119,317.3317860000002,True,True
2026094999,15,3086.969157,3061.162494,-25.806662999999844,True,True
2026095000,16,3394.290204,3398.044108,3.753904000000148,True,True
2026095001,16,3320.970189,3164.979065,-155.99112400000013,True,True
2026095002,10,2821.823807,2887.837532,66.0137249999998,True,True
2026095003,16,3348.684036,3292.051758,-56.63227800000004,True,True
2026095004,12,3123.423139,3214.789496,91.36635699999988,True,True
2026095005,12,2783.464166,2821.95515,38.49098399999957,True,True
2026095006,11,2883.556035,2806.993979,-76.56205600000021,True,True
2026095007,14,3201.331789,3182.544001,-18.787787999999637,True,True
2026095008,10,2751.017112,2902.324171,151.3070590000002,True,True
2026095009,13,2764.838065,3096.309104,331.471039,True,True
2026095010,16,3313.631066,3095.739866,-217.89120000000003,True,True
2026095011,16,2814.639661,2777.644253,-36.995408000000225,True,True
2026095012,12,2883.985323,3067.373721,183.38839800000005,True,True
2026095013,16,3050.318434,3049.276635,-1.041798999999628,True,True
2026095014,16,3295.675594,3431.907532,136.23193800000035,True,True
2026095015,14,3542.622809,3539.550507,-3.072302000000036,True,True
2026095016,10,2841.033859,2916.863618,75.82975899999974,True,True
2026095017,16,3472.407086,3251.099229,-221.30785700000024,True,True
2026095018,13,3088.748412,3002.421901,-86.32651099999975,True,True
2026095019,12,2975.331285,3132.367659,157.0363739999998,True,True
2026095020,10,2959.424974,2793.235036,-166.18993799999998,True,True
2026095021,15,3222.858482,3318.525997,95.6675150000001,True,True
2026095022,15,2860.811408,3145.103546,284.2921379999998,True,True
2026095023,12,2773.98941,2912.197235,138.20782499999996,True,True
2026095024,11,3089.033509,3165.860813,76.82730399999991,True,True
2026095025,10,2849.931947,2929.895882,79.96393499999976,True,True
2026095026,14,3213.535799,3120.877247,-92.65855200000033,True,True
2026095027,12,3172.120947,3345.665574,173.54462700000022,True,True
2026095028,12,3132.697399,3321.975939,189.2785399999998,True,True
2026095029,10,2880.306784,3058.744413,178.43762900000002,True,True
2026095030,11,2867.311657,2685.310096,-182.00156100000004,True,True
2026095031,11,2960.844322,3076.774336,115.93001400000003,True,True
2026095032,15,2856.157576,3027.786901,171.62932499999988,True,True
2026095033,15,3213.733778,3287.519649,73.78587100000004,True,True
2026095034,15,3497.133461,3759.555357,262.4218960000003,True,True
2026095035,13,3227.497548,3230.408562,2.9110140000002502,True,True
2026095036,16,2723.862448,2821.497971,97.63552299999992,True,True
2026095037,14,3176.751606,3199.541666,22.790060000000267,True,True
2026095038,11,2970.296789,3093.938148,123.6413590000002,True,True
2026095039,10,2884.992849,3055.890795,170.8979459999996,True,True
2026095040,13,3300.602823,3404.748362,104.14553899999964,True,True
2026095041,13,2750.903788,2888.476297,137.57250900000008,True,True
2026095042,16,2706.296018,2777.145835,70.8498169999998,True,True
2026095043,14,3084.358223,3187.524878,103.16665499999999,True,True
2026095044,16,2617.249893,2450.166481,-167.08341199999995,True,True
2026095045,12,2810.236601,3115.130275,304.8936739999999,True,True
2026095046,15,2891.437338,3291.059101,399.62176299999965,True,True
2026095047,16,3594.141623,3458.485606,-135.6560169999998,True,True
2026095048,13,3278.953533,3234.267851,-44.685681999999815,True,True
2026095049,15,3374.697038,3447.662902,72.96586400000024,True,True
2026095050,14,3723.766738,3061.954165,-661.8125729999997,True,True
2026095051,11,2714.829595,2827.013942,112.18434699999989,True,True
2026095052,15,3222.746012,3297.347494,74.60148200000003,True,True
2026095053,14,3488.109816,3311.140637,-176.96917900000017,True,True
2026095054,13,3285.40371,3276.209795,-9.193914999999834,True,True
2026095055,11,3243.948227,3017.583074,-226.36515299999974,True,True
2026095056,16,2987.950481,3134.755548,146.80506700000024,True,True
2026095057,13,2854.676526,3013.770731,159.09420499999987,True,True
2026095058,15,2868.55108,2944.493096,75.94201599999997,True,True
2026095059,11,3073.26842,3048.745506,-24.522913999999673,True,True
2026095060,11,3025.268331,3250.502849,225.23451799999975,True,True
2026095061,14,3508.277918,3306.057329,-202.22058900000002,True,True
2026095062,11,3154.800036,3182.264783,27.46474699999999,True,True
2026095063,13,3314.199301,3342.005785,27.806483999999728,True,True
2026095064,13,3074.257734,3171.50673,97.24899600000026,True,True
2026095065,13,2941.119688,2803.994497,-137.1251910000001,True,True
2026095066,15,3106.649194,3260.285303,153.63610900000003,True,True
2026095067,13,2930.849375,2881.015312,-49.83406299999979,True,True
2026095068,12,2955.315428,3073.315847,118.00041899999997,True,True
2026095069,13,3206.128279,3262.796659,56.66838000000007,True,True
2026095070,14,3156.394419,3151.283982,-5.110437000000275,True,True
2026095071,11,3000.186529,3102.861142,102.67461300000014,True,True
2026095072,15,2890.423718,3154.208693,263.78497500000003,True,True
2026095073,11,3121.720432,3254.107375,132.38694299999997,True,True
2026095074,15,2840.6273,2745.599015,-95.02828500000032,True,True
2026095075,13,3102.636883,3125.068831,22.43194799999992,True,True
2026095076,10,3106.886377,3125.494657,18.608280000000377,True,True
2026095077,12,3124.452129,3176.442993,51.99086400000033,True,True
2026095078,14,3263.402398,3184.835021,-78.5673770000003,True,True
2026095079,12,2962.466055,3239.120889,276.65483399999994,True,True
2026095080,15,3141.503081,3231.919618,90.41653700000006,True,True
2026095081,11,3117.941971,3000.554269,-117.38770199999999,True,True
2026095082,13,3153.095695,3038.11724,-114.97845499999994,True,True
2026095083,12,2920.963839,3219.514537,298.550698,True,True
2026095084,12,2833.981019,2971.350781,137.36976200000026,True,True
2026095085,10,2675.655188,2818.107478,142.45228999999972,True,True
2026095086,15,3401.05173,3652.827674,251.77594399999998,True,True
2026095087,14,2988.591782,3145.946412,157.35462999999982,True,True
2026095088,10,3201.15755,3164.088159,-37.069390999999996,True,True
2026095089,11,3073.561603,3161.139393,87.57778999999982,True,True
2026095090,15,3199.041077,3247.475705,48.434627999999975,True,True
2026095091,15,3526.150751,3665.876539,139.72578799999974,True,True
2026095092,14,3588.907482,3501.556577,-87.35090500000024,True,True
2026095093,14,2835.917003,2881.543123,45.6261199999999,True,True
2026095094,16,3058.366802,3148.999031,90.63222899999982,True,True
2026095095,11,2976.984989,2878.174669,-98.81032000000005,True,True
2026095096,13,2857.077723,2891.465715,34.38799199999994,True,True
2026095097,16,2978.269321,2778.625714,-199.64360700000043,True,True
2026095098,13,3029.159227,3097.875267,68.7160399999998,True,True
2026095099,10,3023.464144,3002.75753,-20.706614000000172,True,True
2026095100,11,2866.566496,2978.874248,112.30775200000016,True,True
2026095101,13,2899.203204,3107.867181,208.66397700000016,True,True
2026095102,14,3298.761154,3542.276066,243.5149120000001,True,True
2026095103,16,3145.024589,3024.035711,-120.98887800000011,True,True
2026095104,13,3370.79003,3118.240169,-252.54986099999996,True,True
2026095105,15,3741.005898,3510.464698,-230.54119999999966,True,True
2026095106,15,2926.530608,2965.774949,39.24434100000008,True,True
2026095107,16,3194.151008,3228.80161,34.65060200000016,True,True
2026095108,11,3076.416316,2954.898807,-121.51750899999979,True,True
2026095109,16,3004.067268,2883.447585,-120.6196829999999,True,True
2026095110,15,2866.899447,2998.230106,131.3306590000002,True,True
2026095111,12,3335.180616,3237.646567,-97.53404900000032,True,True
2026095112,13,3133.600695,2982.670185,-150.93051000000014,True,True
2026095113,16,3436.103104,3374.73114,-61.371963999999934,True,True
2026095114,12,2773.0755,3064.687253,291.61175300000014,True,True
2026095115,10,2707.53995,3118.294973,410.75502300000016,True,True
2026095116,11,2721.179585,3041.580461,320.40087600000015,True,True
2026095117,16,3343.721477,3298.317313,-45.40416400000004,True,True
2026095118,12,2627.339484,2724.879135,97.53965100000005,True,True
2026095119,10,2830.311941,2925.661193,95.34925199999998,True,True
2026095120,11,2700.552959,2839.341195,138.78823599999987,True,True
2026095121,12,2938.839982,2920.896394,-17.94358800000009,True,True
2026095122,12,3109.96735,3227.206622,117.23927200000026,True,True
2026095123,10,2875.069122,3009.3323,134.26317800000015,True,True
2026095124,10,3140.094622,3292.761924,152.66730199999984,True,True
2026095125,12,3446.049832,3310.117861,-135.93197099999998,True,True
2026095126,10,2706.620259,2946.343517,239.723258,True,True
2026095127,16,3144.090975,2999.265673,-144.8253020000002,True,True
2026095128,13,3047.967421,3275.215672,227.24825099999998,True,True
2026095129,15,2856.967169,3160.09015,303.122981,True,True
2026095130,16,3194.007801,3235.566556,41.55875500000002,True,True
2026095131,10,2920.145395,3084.255579,164.11018400000012,True,True
2026095132,11,3014.926628,3230.518358,215.59172999999964,True,True
2026095133,11,3003.133837,2827.372022,-175.76181499999984,True,True
2026095134,13,3235.211113,3164.127132,-71.08398099999977,True,True
2026095135,11,3108.14562,3105.236494,-2.90912599999956,True,True
2026095136,15,3145.816722,3103.862437,-41.9542849999998,True,True
2026095137,14,2954.851773,3364.799961,409.9481880000003,True,True
2026095138,16,2971.40168,2856.792138,-114.60954200000015,True,True
2026095139,13,3129.156373,3188.544521,59.388148,True,True
2026095140,11,3186.327879,3193.427424,7.099545000000035,True,True
2026095141,13,3032.372699,3026.12844,-6.244259000000056,True,True
2026095142,16,3109.524648,2975.834658,-133.68998999999985,True,True
2026095143,13,3541.716834,3260.931947,-280.7848869999998,True,True
2026095144,13,3002.567735,3062.789205,60.221469999999954,True,True
2026095145,16,3231.227282,3015.6705,-215.55678199999966,True,True
2026095146,14,2794.031358,2782.779173,-11.252185000000281,True,True
2026095147,13,2962.736503,2944.077179,-18.659324000000197,True,True
2026095148,16,3125.997762,2878.349878,-247.64788399999998,True,True
2026095149,13,2992.120091,3218.488823,226.36873200000036,True,True
2026095150,11,3005.363096,3127.354785,121.99168899999995,True,True
2026095151,16,3199.208381,3301.135059,101.92667800000027,True,True
2026095152,16,3337.710514,3195.209974,-142.50054,True,True
2026095153,15,3331.43815,3425.947589,94.50943899999993,True,True
2026095154,14,2795.326672,2904.658933,109.33226100000002,True,True
2026095155,11,2972.503217,3061.142338,88.63912100000016,True,True
2026095156,15,2963.610368,3032.947802,69.33743400000003,True,True
2026095157,15,3199.922177,3348.714422,148.7922450000001,True,True
2026095158,15,3162.293995,3031.709341,-130.58465399999977,True,True
2026095159,13,3369.432134,3370.809545,1.3774109999999382,True,True
2026095160,11,2755.749563,2869.760755,114.01119199999994,True,True
2026095161,16,3012.792494,3279.418912,266.6264180000003,True,True
2026095162,13,2988.553498,2894.661198,-93.89230000000043,True,True
2026095163,10,2930.331605,3026.183173,95.85156800000004,True,True
2026095164,11,2894.94389,2837.351487,-57.592403000000104,True,True
2026095165,12,3165.44098,2969.035877,-196.40510300000005,True,True
2026095166,16,3540.258785,3411.306588,-128.95219700000007,True,True
2026095167,11,3224.530726,3058.120143,-166.41058299999986,True,True
2026095168,14,3210.079349,3155.912779,-54.16657000000032,True,True
2026095169,12,2923.66049,3065.813663,142.1531729999997,True,True
2026095170,11,3048.856834,3281.166776,232.30994199999986,True,True
2026095171,11,3279.063086,3167.401586,-111.66150000000016,True,True
2026095172,12,2979.292086,3128.465198,149.17311199999995,True,True
2026095173,13,3585.40559,3430.181556,-155.22403399999985,True,True
2026095174,10,2667.402724,2818.435019,151.03229499999998,True,True
2026095175,16,3284.542644,3032.235429,-252.30721500000027,True,True
2026095176,13,2889.712621,2884.307039,-5.405582000000322,True,True
2026095177,11,2835.146418,2928.245109,93.09869100000014,True,True
2026095178,13,3146.479957,3167.838133,21.358176000000185,True,True
2026095179,12,3202.06942,3240.210281,38.140861000000314,True,True
2026095180,14,2949.675894,2907.684791,-41.99110299999984,True,True
2026095181,11,3027.922484,2971.299581,-56.62290299999995,True,True
2026095182,11,2692.441299,2589.503691,-102.93760800000018,True,True
2026095183,11,3322.068291,3340.612386,18.544094999999743,True,True
2026095184,11,2929.111912,2947.9642,18.852288000000044,True,True
2026095185,12,2983.06229,3034.867866,51.8055760000002,True,True
2026095186,10,2968.307319,2951.837159,-16.47015999999985,True,True
2026095187,10,2696.071388,2911.543219,215.4718310000003,True,True
2026095188,11,3121.400653,3091.762189,-29.638464000000113,True,True
2026095189,16,3014.925302,3091.284876,76.35957400000007,True,True
2026095190,10,2888.750012,2957.953106,69.20309399999996,True,True
2026095191,15,3171.907258,3267.186027,95.27876900000001,True,True
2026095192,15,3644.886429,3451.392051,-193.49437800000032,True,True
2026095193,10,2818.003281,2794.920078,-23.083202999999685,True,True
2026095194,10,2692.913835,2622.112954,-70.80088099999966,True,True
2026095195,16,3223.300426,3327.79606,104.49563400000034,True,True
2026095196,15,3222.423443,3306.86904,84.4455969999999,True,True
2026095197,12,2844.055164,2820.426228,-23.628936000000067,True,True
2026095198,13,3228.634127,3093.299518,-135.334609,True,True
2026095199,12,3021.039306,3190.998484,169.95917800000007,True,True
2026095200,13,2815.009622,2940.835727,125.8261050000001,True,True
2026095201,14,3234.633627,3139.974509,-94.65911800000003,True,True
2026095202,10,2835.320715,3066.766944,231.44622900000013,True,True
2026095203,11,2968.412264,2932.222535,-36.18972900000017,True,True
2026095204,11,3147.264548,2940.891086,-206.37346200000002,True,True
2026095205,14,3451.677139,3206.795157,-244.88198199999988,True,True
2026095206,11,3254.644699,3348.604352,93.95965299999989,True,True
2026095207,10,2721.249311,2770.362459,49.11314799999991,True,True
2026095208,13,3237.880897,3261.206326,23.325428999999986,True,True
2026095209,15,2931.943136,2942.965211,11.022075000000314,True,True
2026095210,11,3219.761918,3325.253017,105.49109899999985,True,True
2026095211,16,3579.90719,3309.720355,-270.186835,True,True
2026095212,16,2989.901159,2939.594255,-50.30690400000003,True,True
2026095213,10,2936.726088,2782.666639,-154.05944899999986,True,True
2026095214,13,3128.112207,3161.141557,33.029349999999795,True,True
2026095215,11,3130.558992,3039.821175,-90.73781700000018,True,True
2026095216,14,3419.8633,3427.289978,7.426677999999811,True,True
2026095217,11,3045.381941,2999.341017,-46.040923999999904,True,True
2026095218,10,2915.045545,2965.763785,50.71824000000015,True,True
2026095219,15,3559.313009,3298.878941,-260.434068,True,True
2026095220,13,3254.250412,3181.227644,-73.02276799999981,True,True
2026095221,16,2856.604064,2884.771377,28.167312999999922,True,True
2026095222,13,3109.546994,3185.345753,75.79875900000025,True,True
2026095223,16,2763.300502,2775.591117,12.290614999999889,True,True
2026095224,16,3121.19725,3305.851753,184.65450299999975,True,True
2026095225,13,2920.052751,2840.816817,-79.23593400000027,True,True
2026095226,12,3209.454981,3236.229963,26.774982000000364,True,True
2026095227,13,3259.372545,3291.721617,32.34907199999998,True,True
2026095228,12,3180.917181,3405.611128,224.6939470000002,True,True
2026095229,11,2860.692923,2915.763991,55.07106799999974,True,True
2026095230,14,2822.176191,2881.026508,58.850316999999905,True,True
2026095231,10,3074.951596,3333.771519,258.819923,True,True
2026095232,15,3412.810677,3202.576434,-210.23424299999988,True,True
2026095233,13,3147.103504,3252.975933,105.87242900000001,True,True
2026095234,12,2858.226443,2716.528158,-141.69828499999994,True,True
2026095235,12,3157.951133,3104.310874,-53.64025900000024,True,True
2026095236,12,2975.421961,3087.656879,112.2349180000001,True,True
2026095237,12,2975.589639,3261.319876,285.7302370000002,True,True
2026095238,10,2955.978972,2851.290611,-104.68836099999999,True,True
2026095239,10,2874.251861,2943.837657,69.58579599999985,True,True
2026095240,13,3180.301404,3272.622779,92.32137499999999,True,True
2026095241,14,2957.907176,3010.821651,52.91447500000004,True,True
2026095242,14,2998.757722,3148.509776,149.75205400000004,True,True
2026095243,11,2892.065207,3180.995432,288.93022500000006,True,True
2026095244,15,2996.069988,2772.473613,-223.59637500000008,True,True
2026095245,11,3098.727625,3160.133423,61.40579800000023,True,True
2026095246,16,3205.975099,3574.982893,369.0077940000001,True,True
2026095247,14,3305.374893,3061.938632,-243.4362610000003,True,True
2026095248,11,2979.763645,2849.934486,-129.8291589999999,True,True
2026095249,10,2856.765175,3049.963994,193.19881900000019,True,True
2026095250,10,2637.678389,2644.624484,6.9460949999997865,True,True
2026095251,11,3013.989504,2956.914096,-57.07540800000015,True,True
2026095252,15,2886.228353,2874.921411,-11.306942000000163,True,True
2026095253,10,3051.834265,2976.842362,-74.9919030000001,True,True
2026095254,12,2962.716778,2958.881437,-3.8353409999999712,True,True
2026095255,16,3227.488826,3171.755622,-55.73320399999966,True,True
2026095256,11,3218.902852,3121.032728,-97.87012400000003,True,True
2026095257,10,3089.696437,3053.938604,-35.75783300000012,True,True
2026095258,16,3197.841773,3393.080069,195.238296,True,True
2026095259,11,3111.102606,3060.065116,-51.03748999999971,True,True
2026095260,15,3355.028328,3429.008681,73.98035299999992,True,True
2026095261,12,2756.913229,2866.893251,109.98002200000019,True,True
2026095262,14,2923.068486,3048.239078,125.17059199999994,True,True
2026095263,12,2705.574711,2956.432728,250.85801700000002,True,True
2026095264,16,3321.979897,3518.690865,196.71096799999987,True,True
2026095265,15,3696.941631,3686.088369,-10.853262000000086,True,True
2026095266,16,3405.891983,3455.059305,49.16732200000024,True,True
2026095267,16,3466.480255,3419.418561,-47.06169399999999,True,True
2026095268,12,2894.042909,3158.435728,264.39281900000015,True,True
2026095269,16,3094.391031,3001.588567,-92.80246400000033,True,True
2026095270,10,2682.733666,2741.085297,58.351631,True,True
2026095271,10,2885.45106,2847.89974,-37.55132000000003,True,True
2026095272,16,3211.335327,3319.976484,108.64115700000002,True,True
2026095273,15,3054.953848,3207.87255,152.91870199999994,True,True
2026095274,13,3365.037964,3478.141202,113.10323799999969,True,True
2026095275,14,3014.914446,3024.507127,9.59268099999963,True,True
2026095276,13,3384.415223,3499.151133,114.73590999999988,True,True
2026095277,14,3155.987213,2963.303109,-192.68410399999993,True,True
2026095278,16,3221.303341,3270.883594,49.580253000000084,True,True
2026095279,15,3310.468991,3091.23358,-219.2354110000001,True,True
2026095280,14,3039.092597,3064.887131,25.794534000000112,True,True
2026095281,10,2888.332,2771.345099,-116.98690099999976,True,True
2026095282,15,3095.586818,2934.061698,-161.52512000000024,True,True
2026095283,12,2720.048444,2949.66815,229.61970599999995,True,True
2026095284,13,3035.422921,3195.889877,160.4669560000002,True,True
2026095285,11,3036.971134,2951.351378,-85.61975600000005,True,True
2026095286,16,3305.046284,3334.303966,29.25768199999993,True,True
2026095287,13,3276.642633,3427.173214,150.53058099999998,True,True
2026095288,12,2818.410071,3043.752995,225.34292400000004,True,True
2026095289,15,3183.134874,3206.659016,23.52414200000021,True,True
2026095290,10,2780.934295,2798.639428,17.705132999999933,True,True
2026095291,12,3095.411422,2983.225072,-112.18634999999995,True,True
2026095292,16,2905.302498,3194.669895,289.367397,True,True
2026095293,14,3265.428253,3353.75407,88.32581699999992,True,True
2026095294,11,3044.587277,2940.00293,-104.58434699999998,True,True
2026095295,13,2900.741302,3025.929449,125.1881470000003,True,True
2026095296,16,3663.71026,3378.215574,-285.494686,True,True
2026095297,15,3106.180524,3218.944324,112.76380000000017,True,True
2026095298,15,3448.369924,3327.101585,-121.2683390000002,True,True
2026095299,16,3404.557201,3076.870847,-327.68635399999994,True,True
2026095300,16,3235.070734,3383.078846,148.00811199999998,True,True
2026095301,11,2890.057401,2961.97411,71.91670900000008,True,True
2026095302,12,3111.630014,3192.534086,80.90407200000027,True,True
2026095303,16,3335.933289,3641.512709,305.57942,True,True
2026095304,15,3082.250653,3005.191353,-77.0592999999999,True,True
2026095305,15,3842.026548,3521.636042,-320.39050599999973,True,True
2026095306,14,3151.024215,3285.206529,134.18231400000013,True,True
2026095307,11,2869.316918,2937.481763,68.16484499999979,True,True
2026095308,12,3151.347121,3206.979162,55.6320410000003,True,True
2026095309,15,2987.567327,2986.150254,-1.417073000000073,True,True
2026095310,13,2601.558598,2626.806075,25.24747699999989,True,True
2026095311,13,3307.676976,3390.785148,83.10817199999974,True,True
2026095312,11,2828.827253,2867.911687,39.084433999999874,True,True
2026095313,15,2893.521481,3169.207876,275.6863949999997,True,True
2026095314,16,3250.155595,3450.411566,200.25597100000005,True,True
2026095315,13,2756.414972,3022.270391,265.855419,True,True
2026095316,15,3039.5693,3192.667232,153.09793199999967,True,True
2026095317,15,3115.401394,3406.61888,291.217486,True,True
2026095318,16,3235.712357,3213.032551,-22.6798060000001,True,True
2026095319,13,2912.343527,2945.676756,33.33322899999985,True,True
2026095320,12,2990.58707,2921.123197,-69.46387300000015,True,True
2026095321,13,3705.441935,3577.285902,-128.15603299999975,True,True
2026095322,11,2959.468223,2881.979553,-77.48866999999973,True,True
2026095323,12,2925.938127,3137.048127,211.11000000000013,True,True
2026095324,11,3206.791551,2936.621755,-270.1697959999997,True,True
2026095325,10,2751.156249,2911.613498,160.45724900000005,True,True
2026095326,15,3412.467626,3269.972231,-142.49539499999992,True,True
2026095327,14,2907.627713,2993.570802,85.94308900000033,True,True
2026095328,14,3372.780625,3373.684871,0.9042460000000574,True,True
2026095329,10,2858.82922,3040.912303,182.083083,True,True
2026095330,12,3047.532643,2932.063486,-115.469157,True,True
2026095331,11,3169.046455,3049.218656,-119.82779900000014,True,True
2026095332,12,3013.565605,3006.584544,-6.981060999999954,True,True
2026095333,10,2545.650502,2490.283722,-55.366779999999835,True,True
2026095334,13,2876.71508,2972.104835,95.38975500000015,True,True
2026095335,16,2840.788092,2935.170077,94.38198500000044,True,True
2026095336,10,2856.481262,2790.358287,-66.12297499999977,True,True
2026095337,12,2900.305696,2870.407527,-29.898169000000053,True,True
2026095338,14,2900.723464,3026.343342,125.61987799999997,True,True
2026095339,11,3131.752012,3167.981681,36.229669000000285,True,True
2026095340,15,3138.927146,3260.808892,121.88174600000002,True,True
2026095341,10,2655.763188,2649.070214,-6.692974000000049,True,True
2026095342,12,3219.958574,3149.490597,-70.46797700000025,True,True
2026095343,15,2830.280409,2921.081567,90.80115800000021,True,True
2026095344,13,2942.432135,2998.894715,56.46257999999989,True,True
2026095345,12,2812.757554,2898.122691,85.36513700000023,True,True
2026095346,12,3211.947882,3060.231544,-151.71633799999972,True,True
2026095347,13,3365.525626,3101.225108,-264.300518,True,True
2026095348,14,3090.764703,3193.32391,102.55920700000024,True,True
2026095349,10,2881.410096,3009.959415,128.54931899999974,True,True
2026095350,14,3392.515866,3230.720739,-161.79512700000032,True,True
2026095351,12,3130.547858,3131.842736,1.2948780000001534,True,True
2026095352,14,3386.266719,3369.921833,-16.344886000000315,True,True
2026095353,16,3439.980044,2966.980458,-472.9995859999999,True,True
2026095354,14,3046.090529,3169.452703,123.36217399999987,True,True
2026095355,15,3434.609906,3274.296404,-160.31350199999997,True,True
2026095356,14,3088.829038,3192.892763,104.06372499999998,True,True
2026095357,15,3179.625005,3454.700958,275.075953,True,True
2026095358,15,3072.714853,3278.528944,205.8140910000002,True,True
2026095359,15,3291.113417,3376.853055,85.73963800000001,True,True
2026095360,16,3065.785883,3089.098544,23.312660999999935,True,True
2026095361,15,3466.097338,3288.452128,-177.64521000000013,True,True
2026095362,16,3197.356839,3047.503308,-149.8535310000002,True,True
2026095363,15,3173.309227,3268.467338,95.15811099999974,True,True
2026095364,15,3866.316662,3489.803897,-376.5127650000004,True,True
2026095365,12,2963.838008,2954.847976,-8.990032000000156,True,True
2026095366,15,3185.288198,3036.721761,-148.5664370000004,True,True
2026095367,12,3235.665078,3180.189797,-55.475280999999995,True,True
2026095368,12,3086.850873,3112.232426,25.381553000000167,True,True
2026095369,15,3225.172998,3293.072299,67.89930099999992,True,True
2026095370,14,3233.860535,3237.586569,3.7260340000002543,True,True
2026095371,13,2983.809883,2898.762749,-85.04713399999991,True,True
2026095372,15,3118.942802,3146.433119,27.490316999999777,True,True
2026095373,15,3460.364741,3380.989557,-79.37518399999999,True,True
2026095374,13,2979.410934,3191.603573,212.19263899999987,True,True
2026095375,14,3216.520244,3174.203136,-42.317107999999735,True,True
2026095376,10,2676.377875,2692.989698,16.61182299999973,True,True
2026095377,13,3244.547342,2999.562003,-244.98533899999984,True,True
2026095378,10,2910.436484,2944.919386,34.482902000000195,True,True
2026095379,12,2608.97678,2752.77775,143.80097000000023,True,True
2026095380,12,3453.875601,3135.784721,-318.0908800000002,True,True
2026095381,13,3659.610268,3629.508967,-30.101300999999694,True,True
2026095382,14,3132.827802,3257.324299,124.49649700000009,True,True
2026095383,14,3125.922063,3216.800418,90.87835499999983,True,True
2026095384,10,3113.342182,2826.940779,-286.40140299999985,True,True
2026095385,16,2905.664912,3158.446436,252.781524,True,True
2026095386,12,2943.312908,2961.579819,18.266911000000164,True,True
2026095387,16,3060.860924,2937.271394,-123.5895300000002,True,True
2026095388,16,3363.428339,3209.794543,-153.63379600000007,True,True
2026095389,10,3050.55595,3034.654267,-15.901683000000048,True,True
2026095390,16,3063.614146,2961.073774,-102.54037199999993,True,True
2026095391,14,3347.766598,3150.378478,-197.38812000000007,True,True
2026095392,16,3286.761911,3396.66353,109.90161899999976,True,True
2026095393,14,3761.724272,3588.464214,-173.26005799999984,True,True
2026095394,12,3170.08203,3145.287275,-24.794754999999896,True,True
2026095395,11,2753.7594,2749.077381,-4.682018999999855,True,True
2026095396,10,3354.290801,3259.522629,-94.76817200000005,True,True
2026095397,15,3212.408839,3320.987579,108.57873999999993,True,True
2026095398,15,3105.887841,2933.926867,-171.96097400000008,True,True
2026095399,10,2748.103231,2794.336128,46.232896999999866,True,True
2026095400,11,3137.669141,3123.373379,-14.29576199999974,True,True
2026095401,11,2967.952806,3189.279289,221.32648300000028,True,True
2026095402,11,2604.524946,2777.911869,173.38692300000002,True,True
2026095403,10,3357.765755,3039.726821,-318.0389339999997,True,True
2026095404,16,3097.961352,3199.254033,101.29268100000036,True,True
2026095405,16,2887.006941,3149.677153,262.670212,True,True
2026095406,16,2849.391234,2723.527432,-125.8638020000003,True,True
2026095407,12,2987.714525,3277.325914,289.61138900000014,True,True
2026095408,16,3329.634911,3074.922227,-254.71268400000008,True,True
2026095409,10,2556.972871,2582.681708,25.70883700000013,True,True
2026095410,12,3192.984367,3151.002819,-41.9815480000002,True,True
2026095411,16,3165.716855,3620.044566,454.3277109999999,True,True
2026095412,15,3095.556258,3318.891061,223.33480299999974,True,True
2026095413,13,3399.099622,3244.945029,-154.1545930000002,True,True
2026095414,14,2953.837256,2939.878402,-13.958853999999974,True,True
2026095415,16,3175.518657,3167.800296,-7.718361000000186,True,True
2026095416,11,3569.603453,3456.653101,-112.9503520000003,True,True
2026095417,11,2787.939249,2770.212696,-17.726552999999967,True,True
2026095418,11,3079.985809,3257.095904,177.110095,True,True
2026095419,11,3323.310655,3086.436894,-236.8737610000003,True,True
2026095420,13,2896.501481,2899.817824,3.3163430000004155,True,True
2026095421,11,3187.419204,3165.801029,-21.61817499999961,True,True
2026095422,13,2870.548412,3045.525449,174.9770370000001,True,True
2026095423,16,3276.5663,3167.492463,-109.07383699999991,True,True
2026095424,11,3119.429378,3437.468022,318.0386440000002,True,True
2026095425,11,2543.776385,2840.90724,297.1308549999999,True,True
2026095426,16,3576.677543,3755.687006,179.00946300000032,True,True
2026095427,11,2700.758448,2686.985711,-13.772737000000234,True,True
2026095428,11,2909.67337,3028.334114,118.66074400000025,True,True
2026095429,14,2985.707793,3057.244278,71.53648500000008,True,True
2026095430,11,2926.481121,3276.882824,350.401703,True,True
2026095431,12,2988.719778,2858.2472,-130.47257800000034,True,True
2026095432,13,2934.936071,3069.478477,134.54240600000003,True,True
2026095433,15,3626.227132,3659.766105,33.53897300000017,True,True
2026095434,15,3046.432529,3159.97709,113.5445609999997,True,True
2026095435,14,3553.047131,3672.645809,119.59867800000029,True,True
2026095436,15,3006.639301,3029.226164,22.586862999999994,True,True
2026095437,11,3083.229361,3147.127221,63.89786000000004,True,True
2026095438,13,3257.046619,3188.906698,-68.13992100000041,True,True
2026095439,16,3111.472677,2928.415814,-183.05686300000025,True,True
2026095440,16,2747.306043,3088.143919,340.83787600000005,True,True
2026095441,15,3259.747551,3274.719818,14.972267000000102,True,True
2026095442,11,2967.218246,3058.009895,90.79164900000023,True,True
2026095443,13,3108.769643,3337.401196,228.6315529999997,True,True
2026095444,14,3105.142083,3223.925744,118.78366099999994,True,True
2026095445,16,3269.621236,3257.041385,-12.579850999999962,True,True
2026095446,15,3028.1986,2952.954893,-75.24370700000009,True,True
2026095447,10,3086.616642,3064.991721,-21.624921000000086,True,True
2026095448,15,3247.018008,3271.14499,24.12698199999977,True,True
2026095449,11,2880.208785,3006.374189,126.16540400000031,True,True
2026095450,14,2760.476794,2848.577649,88.10085499999968,True,True
2026095451,13,3295.733338,3067.676371,-228.056967,True,True
2026095452,12,2668.328347,2754.883656,86.55530899999985,True,True
2026095453,14,2725.420132,2987.699904,262.27977199999987,True,True
2026095454,11,3058.057168,2949.342641,-108.71452699999963,True,True
2026095455,13,3395.617702,3201.56408,-194.0536219999999,True,True
2026095456,11,3192.090387,3066.291891,-125.79849600000034,True,True
2026095457,12,3294.356098,3493.536235,199.18013699999983,True,True
2026095458,13,3037.680564,3118.867113,81.18654900000001,True,True
2026095459,15,3304.249733,3492.517627,188.26789400000007,True,True
2026095460,16,3209.589699,3513.694896,304.10519699999986,True,True
2026095461,12,2727.1951,2904.176196,176.98109599999998,True,True
2026095462,10,2741.654068,2843.931308,102.27724000000035,True,True
2026095463,11,3067.467387,2875.207855,-192.25953200000004,True,True
2026095464,13,3321.193401,3196.725946,-124.46745499999997,True,True
2026095465,11,3047.282808,3321.54134,274.2585320000003,True,True
2026095466,11,3332.628434,3305.094928,-27.533506000000216,True,True
2026095467,13,3147.781276,3264.691834,116.91055800000004,True,True
2026095468,16,3236.129183,3092.440163,-143.6890199999998,True,True
2026095469,15,2909.069646,3000.013393,90.94374700000026,True,True
2026095470,14,3331.179997,3604.605028,273.42503099999976,True,True
2026095471,14,3703.774429,3602.419641,-101.3547880000001,True,True
2026095472,12,2722.840554,2818.762914,95.92236000000003,True,True
2026095473,10,3368.758566,3223.965842,-144.7927239999999,True,True
2026095474,12,2960.749579,2932.907531,-27.842047999999977,True,True
2026095475,16,3741.385578,3544.313145,-197.07243299999982,True,True
2026095476,12,2929.107821,2845.918102,-83.18971899999997,True,True
2026095477,15,2913.118897,3039.292135,126.17323800000031,True,True
2026095478,11,3252.292398,3116.071311,-136.2210869999999,True,True
2026095479,12,3228.466607,3383.333616,154.86700900000005,True,True
2026095480,12,3220.559544,3326.319958,105.76041399999986,True,True
2026095481,15,3113.440056,3443.232776,329.7927199999999,True,True
2026095482,10,2935.69582,2894.732528,-40.96329199999991,True,True
2026095483,11,2993.287916,2932.339721,-60.948195000000396,True,True
2026095484,14,3057.59678,3062.730473,5.133693000000221,True,True
2026095485,16,2825.729379,2501.369369,-324.3600099999999,True,True
2026095486,16,3230.065407,3219.559739,-10.505668000000242,True,True
2026095487,13,2819.212494,2840.554265,21.341771000000335,True,True
2026095488,10,2932.563814,3036.9012,104.3373859999997,True,True
2026095489,11,3269.908317,3402.491138,132.58282099999997,True,True
2026095490,11,3085.173351,3156.604064,71.4307130000002,True,True
2026095491,12,3119.429436,3243.270719,123.8412830000002,True,True
2026095492,14,3888.040338,3651.9702,-236.0701379999996,True,True
2026095493,12,3088.311752,3144.309402,55.997649999999794,True,True
2026095494,11,3262.99758,3142.600279,-120.39730100000043,True,True
2026095495,10,2589.775092,2797.905657,208.13056499999993,True,True
2026095496,16,3123.1405,3525.929111,402.78861099999995,True,True
2026095497,15,3258.687789,3183.253299,-75.4344900000001,True,True
2026095498,16,3465.006135,3295.210707,-169.7954279999999,True,True
2026095499,10,2943.958291,2840.339916,-103.61837500000001,True,True
2026095500,13,3007.844234,3359.77264,351.928406,True,True
2026095501,14,3106.955013,3206.725875,99.7708620000003,True,True
2026095502,14,3101.15397,3167.979964,66.82599400000026,True,True
2026095503,14,3109.157167,3222.77986,113.62269300000025,True,True
2026095504,12,2943.617189,2905.805989,-37.8112000000001,True,True
2026095505,16,3354.009106,3279.824226,-74.1848799999998,True,True
2026095506,12,2869.080041,3282.994136,413.91409499999963,True,True
2026095507,16,3431.784024,3202.064187,-229.7198370000001,True,True
2026095508,15,2980.577889,3276.232945,295.65505600000006,True,True
2026095509,13,2950.621645,3006.321656,55.700010999999904,True,True
2026095510,15,3201.92322,3038.733995,-163.18922500000008,True,True
2026095511,11,2784.327807,2893.976466,109.64865899999995,True,True
2026095512,15,3041.652452,3087.785903,46.13345100000015,True,True
2026095513,16,3113.050597,3305.261919,192.2113220000001,True,True
2026095514,11,2906.421664,2873.834613,-32.587050999999974,True,True
2026095515,16,3573.403095,3317.617624,-255.78547100000014,True,True
2026095516,13,3018.62302,3169.646629,151.02360899999985,True,True
2026095517,16,3330.044464,3418.035045,87.99058100000002,True,True
2026095518,11,2855.075324,2824.807259,-30.26806499999975,True,True
2026095519,13,3160.510094,3034.612168,-125.8979260000001,True,True
2026095520,12,3043.454528,3115.569246,72.11471799999981,True,True
2026095521,14,2877.28592,2870.787108,-6.498811999999816,True,True
2026095522,16,2925.553922,2949.890231,24.3363089999998,True,True
2026095523,11,2586.147286,2769.357371,183.21008500000016,True,True
2026095524,11,2887.257016,2769.788772,-117.46824400000014,True,True
2026095525,12,2977.302166,3014.720262,37.41809599999988,True,True
2026095526,16,3463.695326,3497.025404,33.33007799999996,True,True
2026095527,13,2958.161779,3033.500878,75.3390989999998,True,True
2026095528,16,3008.943111,3074.884837,65.94172600000002,True,True
2026095529,12,2721.589778,2762.026778,40.4369999999999,True,True
2026095530,12,2921.330571,2842.863825,-78.46674600000006,True,True
2026095531,14,3007.603833,3011.701017,4.097183999999743,True,True
2026095532,11,3079.362925,3154.300852,74.93792699999995,True,True
2026095533,16,3083.629749,2992.894105,-90.73564400000032,True,True
2026095534,15,3140.047457,3065.581657,-74.46579999999994,True,True
2026095535,12,3383.983594,3359.976794,-24.006799999999657,True,True
2026095536,14,3151.627862,3361.677063,210.04920100000027,True,True
2026095537,16,3138.230628,2925.484231,-212.7463969999999,True,True
2026095538,12,3244.842462,3105.345459,-139.49700299999995,True,True
2026095539,15,3073.890278,2946.755203,-127.13507499999969,True,True
2026095540,12,2569.813654,2720.769136,150.95548199999985,True,True
2026095541,16,3565.416429,3419.291089,-146.12534000000005,True,True
2026095542,14,3170.346458,3188.770813,18.424355000000105,True,True
2026095543,13,2809.285981,3017.561417,208.2754359999999,True,True
2026095544,10,2676.514521,2699.299967,22.785445999999865,True,True
2026095545,11,2790.907915,2935.710228,144.80231300000014,True,True
2026095546,13,3213.11434,3127.835679,-85.27866100000028,True,True
2026095547,14,2964.300705,2925.42651,-38.87419500000033,True,True
2026095548,12,2809.454168,2889.626634,80.17246599999999,True,True
2026095549,16,3075.628421,3303.553471,227.92505000000028,True,True
2026095550,13,3450.051432,3577.7631,127.71166799999992,True,True
2026095551,16,3379.999064,3249.584902,-130.41416200000003,True,True
2026095552,13,3036.32736,3040.179245,3.8518849999995837,True,True
2026095553,14,2972.04266,3159.330628,187.2879680000001,True,True
2026095554,16,3278.239223,3300.960663,22.721439999999802,True,True
2026095555,16,3660.132543,3275.288129,-384.84441400000014,True,True
2026095556,12,3021.694279,3133.981535,112.28725600000007,True,True
2026095557,10,2793.499259,2685.228975,-108.27028400000017,True,True
2026095558,13,3417.841164,3405.492552,-12.348611999999775,True,True
2026095559,13,3053.397657,3185.219587,131.82193000000007,True,True
2026095560,14,2987.38006,2906.598545,-80.78151500000013,True,True
2026095561,15,2981.069288,2975.345112,-5.7241760000001705,True,True
2026095562,15,3493.467468,3447.661833,-45.80563499999971,True,True
2026095563,12,2713.652265,3132.838677,419.186412,True,True
2026095564,10,2825.914298,2813.386589,-12.527708999999959,True,True
2026095565,10,2743.800979,2905.754906,161.95392700000002,True,True
2026095566,15,3129.951075,3167.451147,37.50007200000027,True,True
2026095567,14,3175.12212,3115.837219,-59.28490099999999,True,True
2026095568,11,3378.582692,3490.53978,111.95708800000011,True,True
2026095569,11,2740.797161,2733.910466,-6.886695000000145,True,True
2026095570,12,3635.341831,3775.701736,140.3599049999998,True,True
2026095571,14,3002.81179,3041.528789,38.71699899999976,True,True
2026095572,14,2820.221393,2814.709576,-5.51181699999961,True,True
2026095573,12,3033.649436,2909.055564,-124.59387200000037,True,True
2026095574,13,3143.049657,2819.754434,-323.2952230000001,True,True
2026095575,15,3106.352268,3443.02475,336.67248199999995,True,True
2026095576,11,2861.442854,2892.511886,31.06903199999988,True,True
2026095577,14,3431.985463,2886.107881,-545.8775820000001,True,True
2026095578,14,3080.093968,3063.998099,-16.09586900000022,True,True
2026095579,12,2716.492991,2670.07247,-46.42052100000001,True,True
2026095580,11,3064.64961,3175.435657,110.78604700000005,True,True
2026095581,16,3032.053248,3134.661724,102.60847599999988,True,True
2026095582,10,2862.486342,2937.175486,74.68914399999994,True,True
2026095583,13,3016.70145,2864.726025,-151.9754250000001,True,True
2026095584,11,2759.536998,2866.885789,107.34879099999989,True,True
2026095585,11,3223.521978,3172.014989,-51.50698900000043,True,True
2026095586,15,3391.669854,2919.625299,-472.0445550000004,True,True
2026095587,15,3154.818192,3108.511631,-46.30656100000033,True,True
2026095588,11,2852.885015,2866.140336,13.255321000000095,True,True
2026095589,15,3123.268266,2965.619218,-157.64904800000022,True,True
2026095590,16,3360.629443,3231.445239,-129.18420399999968,True,True
2026095591,15,3103.387612,2806.357113,-297.03049899999996,True,True
2026095592,12,3018.687547,2916.752708,-101.93483900000001,True,True
2026095593,14,2958.047605,2987.296302,29.248696999999993,True,True
2026095594,16,2673.138487,2846.834737,173.69624999999996,True,True
2026095595,12,3164.831945,3282.982904,118.15095900000006,True,True
2026095596,12,2972.403296,3125.799202,153.3959060000002,True,True
2026095597,14,2970.790849,2839.510068,-131.28078099999993,True,True
2026095598,14,2994.686028,3150.587266,155.90123799999992,True,True
2026095599,11,2618.052836,2662.590426,44.537590000000364,True,True
2026095600,12,2692.19369,2801.394224,109.20053400000006,True,True
2026095601,16,3027.5222,3034.193347,6.671147000000019,True,True
2026095602,15,3317.01118,3455.370679,138.35949900000014,True,True
2026095603,10,3099.319921,3069.002882,-30.317038999999568,True,True
2026095604,14,3188.964732,2961.161246,-227.8034859999998,True,True
2026095605,10,2761.118963,2779.103583,17.984620000000177,True,True
2026095606,15,3016.859061,3127.51266,110.65359899999976,True,True
2026095607,10,3112.268034,3087.950198,-24.31783600000017,True,True
2026095608,15,3687.735668,3804.088575,116.35290700000041,True,True
2026095609,16,2968.22736,2838.95662,-129.27073999999993,True,True
2026095610,15,3343.840694,3212.808124,-131.03256999999985,True,True
2026095611,11,2811.433726,2932.998901,121.56517499999973,True,True
2026095612,13,3173.085668,3207.223898,34.13823000000002,True,True
2026095613,11,3251.299972,3118.893125,-132.40684699999974,True,True
2026095614,14,2548.545396,2606.451932,57.90653599999996,True,True
2026095615,12,3033.5006,3076.869136,43.36853599999995,True,True
2026095616,15,3416.844557,3494.018021,77.17346399999997,True,True
2026095617,10,2838.441284,2724.643314,-113.79797000000008,True,True
2026095618,16,2922.386966,3022.019163,99.6321969999999,True,True
2026095619,14,3174.3767,3238.117494,63.74079400000028,True,True
2026095620,10,2567.472835,2517.800535,-49.67230000000018,True,True
2026095621,13,2893.438744,2770.4209,-123.01784399999997,True,True
2026095622,10,2848.012056,2868.415117,20.40306099999998,True,True
2026095623,14,3385.053823,3381.9892,-3.0646230000002106,True,True
2026095624,15,3334.647763,3611.322511,276.6747479999999,True,True
2026095625,14,3055.351971,3217.862489,162.51051800000005,True,True
2026095626,10,2654.912738,2570.044323,-84.86841499999991,True,True
2026095627,16,3538.437934,3329.727589,-208.71034499999996,True,True
2026095628,13,3547.28414,3789.053589,241.7694489999999,True,True
2026095629,10,3063.183683,3211.109168,147.92548499999975,True,True
2026095630,11,3147.785923,3200.513872,52.72794900000008,True,True
2026095631,16,3043.435225,3292.602558,249.16733299999987,True,True
2026095632,15,3526.769625,3368.190684,-158.57894099999976,True,True
2026095633,15,3307.499247,3264.925079,-42.5741680000001,True,True
2026095634,10,3050.913091,3052.356938,1.4438470000000052,True,True
2026095635,13,3026.618601,3247.088934,220.47033299999975,True,True
2026095636,10,3220.398249,2968.299339,-252.0989099999997,True,True
2026095637,16,3177.385292,3076.905825,-100.47946700000011,True,True
2026095638,11,2850.581513,2950.5641,99.98258699999997,True,True
2026095639,12,2850.110457,2912.914249,62.8037919999997,True,True
2026095640,11,2673.993517,2683.770687,9.777170000000297,True,True
2026095641,15,3593.448748,3717.376955,123.92820700000038,True,True
2026095642,11,3303.858487,2924.513907,-379.34457999999995,True,True
2026095643,12,3066.59595,2994.558082,-72.03786799999989,True,True
2026095644,16,3412.243437,3228.301732,-183.94170500000018,True,True
2026095645,10,2925.364889,3097.100036,171.73514699999987,True,True
2026095646,16,3272.938982,3176.484451,-96.45453100000032,True,True
2026095647,11,2605.353561,2811.936787,206.5832260000002,True,True
2026095648,14,2959.196413,3046.55888,87.36246699999992,True,True
2026095649,12,2683.443652,2753.688018,70.2443659999999,True,True
2026095650,14,3341.883241,3249.774401,-92.10883999999987,True,True
2026095651,12,2843.010247,2994.484678,151.47443099999964,True,True
2026095652,16,3427.586371,3389.14002,-38.44635100000005,True,True
2026095653,11,3274.348306,3290.782685,16.434379000000263,True,True
2026095654,12,3264.933125,3408.639215,143.70609000000013,True,True
2026095655,13,3104.130824,3281.206911,177.07608700000037,True,True
2026095656,12,2829.57482,2793.958776,-35.616043999999874,True,True
2026095657,15,3023.549751,2956.264579,-67.28517199999987,True,True
2026095658,15,2789.305992,2952.366099,163.0601069999998,True,True
2026095659,16,3285.304599,3164.47272,-120.83187899999984,True,True
2026095660,12,3066.989599,3140.533958,73.54435899999999,True,True
2026095661,15,3425.908492,3299.878205,-126.03028700000004,True,True
2026095662,10,3311.453181,3126.299271,-185.15391,True,True
2026095663,12,2878.408988,3222.97909,344.5701019999997,True,True
2026095664,13,2905.64096,2900.390975,-5.249985000000379,True,True
2026095665,13,3139.200677,3254.301974,115.10129700000016,True,True
2026095666,12,3147.331433,3169.765909,22.43447600000036,True,True
2026095667,10,2994.230887,2831.718809,-162.5120780000002,True,True
2026095668,13,3077.719068,3253.948566,176.22949800000015,True,True
2026095669,13,3558.930994,3483.445791,-75.48520299999973,True,True
2026095670,11,3064.79014,2980.493553,-84.29658700000027,True,True
2026095671,16,3213.614538,3106.709841,-106.90469699999994,True,True
2026095672,16,2976.455551,2894.034131,-82.42142000000013,True,True
2026095673,15,3207.593199,3296.390354,88.7971550000002,True,True
2026095674,14,3126.851367,3595.291981,468.44061399999964,True,True
2026095675,12,2837.666806,3084.255884,246.58907799999997,True,True
2026095676,10,2967.019022,3017.77306,50.75403800000004,True,True
2026095677,11,3017.920082,3137.41092,119.49083799999971,True,True
2026095678,16,3770.375305,3422.416667,-347.95863800000006,True,True
2026095679,14,3464.522866,3454.036552,-10.486313999999766,True,True
2026095680,16,3151.492063,3313.009343,161.51728000000003,True,True
2026095681,11,3057.300392,3042.225667,-15.074724999999944,True,True
2026095682,13,2799.1138,2837.709976,38.596176000000014,True,True
2026095683,13,3154.499425,3173.650759,19.151334000000134,True,True
2026095684,12,3286.945986,3026.459012,-260.4869740000004,True,True
2026095685,10,2798.239764,2999.441833,201.20206899999994,True,True
2026095686,10,2752.385462,2881.222693,128.83723099999997,True,True
2026095687,14,3061.11601,3044.462014,-16.653996000000006,True,True
2026095688,13,3250.72869,3330.083836,79.35514599999988,True,True
2026095689,11,2839.659424,2923.804027,84.14460300000019,True,True
2026095690,10,2877.719833,2724.809891,-152.90994200000023,True,True
2026095691,16,3073.281586,3171.056572,97.7749859999999,True,True
2026095692,14,3051.317357,3096.120876,44.80351900000005,True,True
2026095693,14,3386.520046,3203.809216,-182.71083,True,True
2026095694,11,3206.442287,3385.419886,178.97759900000028,True,True
2026095695,10,2878.371101,2971.19359,92.82248899999968,True,True
2026095696,15,3708.917308,3618.880566,-90.03674200000023,True,True
2026095697,13,2778.643234,2816.696664,38.053429999999935,True,True
2026095698,10,3100.04306,3195.107211,95.06415100000004,True,True
2026095699,12,3109.886174,2975.871486,-134.0146880000002,True,True
2026095700,11,3129.698143,3409.92562,280.2274769999999,True,True
2026095701,11,2729.552485,2904.606666,175.05418099999997,True,True
2026095702,15,3101.340543,3222.286647,120.9461040000001,True,True
2026095703,14,3228.154192,3320.843806,92.68961399999989,True,True
2026095704,11,2814.116999,2771.977947,-42.13905199999999,True,True
2026095705,16,3327.202144,3074.136431,-253.06571299999996,True,True
2026095706,12,3152.529816,3098.111355,-54.41846100000021,True,True
2026095707,12,2872.804233,2886.661669,13.857436000000234,True,True
2026095708,15,3145.040043,3416.339601,271.29955800000016,True,True
2026095709,13,3257.871155,3370.681127,112.80997200000002,True,True
2026095710,15,3576.9696,3421.542718,-155.42688199999975,True,True
2026095711,11,2824.027273,2904.976942,80.94966899999963,True,True
2026095712,15,2836.866048,2956.19373,119.3276820000001,True,True
2026095713,11,2889.779774,2850.362967,-39.41680700000006,True,True
2026095714,10,3051.230371,3184.963979,133.733608,True,True
2026095715,13,2921.260406,2834.77089,-86.4895160000001,True,True
2026095716,13,2950.632044,2844.221207,-106.4108369999999,True,True
2026095717,12,2680.368666,2974.06548,293.69681400000036,True,True
2026095718,11,3171.773211,3181.076757,9.303545999999642,True,True
2026095719,16,3438.388737,3493.36231,54.97357299999976,True,True
2026095720,14,3375.683106,3349.103303,-26.579803000000084,True,True
2026095721,11,2764.610729,2726.9021,-37.7086290000002,True,True
2026095722,14,2953.200334,3028.215531,75.01519699999972,True,True
2026095723,16,3286.299212,3275.65271,-10.646502000000055,True,True
2026095724,16,3601.671321,3417.43632,-184.235001,True,True
2026095725,13,3090.252101,3096.092799,5.840697999999975,True,True
2026095726,16,2969.649202,3094.646733,124.99753099999998,True,True
2026095727,10,2926.458405,2705.328618,-221.12978699999985,True,True
2026095728,15,2971.542991,3128.731785,157.18879400000014,True,True
2026095729,12,3096.808463,3122.078871,25.270408000000316,True,True
2026095730,14,3117.458935,3348.154448,230.69551299999966,True,True
2026095731,11,2979.706969,2992.463269,12.75630000000001,True,True
2026095732,16,2991.349377,2902.134537,-89.2148400000001,True,True
2026095733,15,3170.181372,3408.501842,238.3204700000001,True,True
2026095734,10,2783.158924,2791.35439,8.195466000000124,True,True
2026095735,15,3011.814353,3195.119112,183.30475899999965,True,True
2026095736,10,2901.196023,2794.782066,-106.41395699999975,True,True
2026095737,11,2970.671772,3014.091215,43.419442999999774,True,True
2026095738,13,3387.541008,3087.927338,-299.6136700000002,True,True
2026095739,16,3362.290342,3386.025682,23.73534000000018,True,True
2026095740,14,3431.779382,3333.234267,-98.54511500000035,True,True
2026095741,11,2867.086039,3089.52489,222.43885100000034,True,True
2026095742,13,2994.670332,3006.423823,11.75349099999994,True,True
2026095743,13,2828.467904,3062.75567,234.28776599999992,True,True
2026095744,16,3111.165493,3561.192203,450.0267100000001,True,True
2026095745,13,3266.319048,2887.360302,-378.9587459999998,True,True
2026095746,13,2876.337259,2857.404031,-18.933227999999872,True,True
2026095747,16,3390.283243,3382.339094,-7.944148999999925,True,True
2026095748,13,3131.747587,3342.412854,210.6652670000003,True,True
2026095749,13,2768.305309,2853.341472,85.03616300000022,True,True
2026095750,15,3472.416981,3076.003851,-396.4131299999999,True,True
2026095751,13,3070.101608,3296.363189,226.2615810000002,True,True
2026095752,16,3095.38348,3191.781963,96.39848299999994,True,True
2026095753,10,3098.923594,2924.801281,-174.12231299999985,True,True
2026095754,11,2611.628358,2752.418718,140.79035999999996,True,True
2026095755,10,2902.100449,3155.411322,253.3108729999999,True,True
2026095756,13,3499.76838,3470.750869,-29.017511000000013,True,True
2026095757,11,2769.156184,2885.493202,116.33701800000017,True,True
2026095758,14,3034.940268,3133.425968,98.48570000000018,True,True
2026095759,14,2984.670402,2944.249479,-40.42092300000013,True,True
2026095760,16,2988.791769,3045.677515,56.885745999999926,True,True
2026095761,15,3325.964679,3416.474709,90.51002999999992,True,True
2026095762,12,3002.94244,2942.262296,-60.68014399999993,True,True
2026095763,14,2880.962031,2966.003431,85.04140000000007,True,True
2026095764,16,3286.142376,2956.312276,-329.8300999999997,True,True
2026095765,15,2934.544856,3060.182001,125.63714500000015,True,True
2026095766,12,2880.177845,2920.185293,40.00744799999984,True,True
2026095767,14,3439.96066,3462.901574,22.940913999999793,True,True
2026095768,10,2972.718691,3001.595379,28.87668799999983,True,True
2026095769,13,3165.411327,2997.71306,-167.69826699999976,True,True
2026095770,15,3119.12566,3330.466521,211.34086099999968,True,True
2026095771,12,2799.940515,3108.890347,308.94983200000024,True,True
2026095772,16,2848.057255,2790.463186,-57.59406900000022,True,True
2026095773,12,2926.194162,3042.681782,116.48762000000033,True,True
2026095774,12,3438.596407,3119.517809,-319.07859800000006,True,True
2026095775,14,3031.670704,3451.409601,419.7388969999997,True,True
2026095776,15,2876.180641,2821.573587,-54.60705400000006,True,True
2026095777,12,2994.092639,3081.035235,86.94259599999987,True,True
2026095778,10,3064.292045,3231.83475,167.54270499999984,True,True
2026095779,10,2712.038162,2813.260284,101.22212200000013,True,True
2026095780,10,2670.471464,2817.865714,147.39424999999983,True,True
2026095781,12,2984.547854,3005.876432,21.328578000000107,True,True
2026095782,15,3228.796908,3249.063997,20.267089000000396,True,True
2026095783,16,3170.984377,3205.674132,34.68975499999988,True,True
2026095784,13,3006.984769,3339.035883,332.05111399999987,True,True
2026095785,12,2970.060225,2904.122916,-65.93730900000037,True,True
2026095786,12,3109.891113,2815.83731,-294.05380300000024,True,True
2026095787,14,3241.894945,3230.742861,-11.152083999999832,True,True
2026095788,13,3102.700089,3132.69464,29.99455100000023,True,True
2026095789,14,3475.727548,3720.833794,245.10624600000028,True,True
2026095790,12,2913.047187,2935.507128,22.45994100000007,True,True
2026095791,10,2658.72178,2707.219101,48.497321000000284,True,True
2026095792,11,3053.548213,2859.587353,-193.96086000000014,True,True
2026095793,12,3177.570627,3238.293662,60.72303499999998,True,True
2026095794,12,2807.768145,2957.655239,149.88709400000016,True,True
2026095795,14,2872.633392,3101.901773,229.26838099999986,True,True
2026095796,14,3128.935793,3373.345499,244.40970599999991,True,True
2026095797,11,3366.129652,3365.409554,-0.7200980000002346,True,True
2026095798,12,3083.879844,3223.562454,139.68260999999984,True,True
2026095799,14,3439.329478,3080.276113,-359.0533650000002,True,True
2026095800,10,2975.744206,2909.10402,-66.64018599999963,True,True
2026095801,16,3379.840608,3315.040397,-64.80021099999976,True,True
2026095802,15,3259.606436,3358.157279,98.55084299999999,True,True
2026095803,15,3106.170698,3469.725351,363.55465300000014,True,True
2026095804,12,3038.871221,2775.871648,-262.99957300000005,True,True
2026095805,11,2769.048386,3018.782365,249.7339790000001,True,True
2026095806,13,3286.230483,3122.499137,-163.73134600000003,True,True
2026095807,10,3124.220878,2962.569272,-161.6516059999999,True,True
2026095808,12,2990.393027,3493.606075,503.2130480000001,True,True
2026095809,15,3038.881129,3067.641899,28.76077000000032,True,True
2026095810,12,3012.469063,3222.906748,210.43768499999987,True,True
2026095811,14,2812.441863,2885.266997,72.82513400000016,True,True
2026095812,15,3457.672255,3583.465519,125.79326399999991,True,True
2026095813,10,2719.044353,2772.738678,53.69432500000039,True,True
2026095814,11,3231.857698,3188.667034,-43.19066399999974,True,True
2026095815,12,2528.452791,2597.800813,69.34802199999967,True,True
2026095816,11,3007.023859,3067.215906,60.192047,True,True
2026095817,13,3092.121181,3219.849217,127.72803599999997,True,True
2026095818,13,3214.05035,3188.52141,-25.528940000000148,True,True
2026095819,11,2778.193573,2693.778694,-84.41487899999993,True,True
2026095820,16,3482.610881,3557.351602,74.74072100000012,True,True
2026095821,13,3167.721383,3191.182708,23.46132499999976,True,True
2026095822,15,3302.356711,3559.430659,257.0739480000002,True,True
2026095823,10,3283.43613,3415.03333,131.59720000000016,True,True
2026095824,11,2957.20009,2983.079083,25.878993000000264,True,True
2026095825,13,3209.082971,3095.257615,-113.82535599999983,True,True
2026095826,12,2980.627929,3268.988792,288.3608629999999,True,True
2026095827,11,2982.562682,2994.885477,12.322794999999587,True,True
2026095828,12,2665.99152,2865.013716,199.0221959999999,True,True
2026095829,16,3172.536018,3277.852971,105.31695300000001,True,True
2026095830,16,3274.558705,2833.472799,-441.0859059999998,True,True
2026095831,16,3578.97335,3713.93254,134.95918999999958,True,True
2026095832,10,2933.547704,2976.621238,43.07353400000011,True,True
2026095833,15,2935.080778,3070.398962,135.3181840000002,True,True
2026095834,15,3304.801798,3179.106914,-125.694884,True,True
2026095835,11,2952.471575,2910.538252,-41.9333230000002,True,True
2026095836,10,2948.423273,2908.834494,-39.588778999999704,True,True
2026095837,10,3322.965435,3061.68148,-261.2839549999999,True,True
2026095838,13,3356.874043,3124.914297,-231.959746,True,True
2026095839,11,2927.833183,2937.064547,9.231363999999758,True,True
2026095840,12,2825.981026,2821.836334,-4.14469199999985,True,True
2026095841,15,3135.58586,2966.707349,-168.87851100000034,True,True
2026095842,14,3152.866172,3426.25164,273.38546799999995,True,True
2026095843,11,2889.871238,3068.822763,178.95152499999995,True,True
2026095844,15,3301.612373,3448.986389,147.3740160000002,True,True
2026095845,10,2889.841971,3106.333637,216.49166600000035,True,True
2026095846,16,3189.485629,3050.45013,-139.03549899999962,True,True
2026095847,12,2731.702048,2728.852819,-2.849228999999923,True,True
2026095848,15,2960.996583,3213.798866,252.802283,True,True
2026095849,15,3273.530901,3255.448803,-18.08209799999986,True,True
2026095850,12,2851.36667,2890.30065,38.93398000000025,True,True
2026095851,13,2821.861215,2899.510172,77.64895699999988,True,True
2026095852,15,3447.53015,3263.72157,-183.8085799999999,True,True
2026095853,12,3241.399148,3189.832473,-51.56667500000003,True,True
2026095854,15,3137.949477,3237.69885,99.7493730000001,True,True
2026095855,11,2975.185533,2775.495592,-199.68994099999964,True,True
2026095856,12,2974.488872,3161.641566,187.15269399999988,True,True
2026095857,14,3336.201946,3146.324269,-189.87767699999995,True,True
2026095858,15,3167.052586,3443.339905,276.287319,True,True
2026095859,12,3366.239228,3353.543458,-12.695769999999811,True,True
2026095860,16,3273.193965,3025.813851,-247.38011400000005,True,True
2026095861,14,2931.343785,3020.486556,89.14277099999981,True,True
2026095862,11,2964.888624,2924.171269,-40.717355000000225,True,True
2026095863,10,3008.149608,2908.413713,-99.73589500000026,True,True
2026095864,12,3031.806502,3191.21477,159.40826800000013,True,True
2026095865,12,2965.605988,3183.25508,217.6490920000001,True,True
2026095866,12,3391.643526,3430.242638,38.59911200000033,True,True
2026095867,12,3540.593469,3448.594541,-91.99892799999998,True,True
2026095868,16,2999.663347,3543.939626,544.2762789999997,True,True
2026095869,13,2929.049238,2825.748554,-103.30068400000027,True,True
2026095870,16,2704.836904,2698.122195,-6.714708999999857,True,True
2026095871,10,2844.196963,2678.598025,-165.5989380000001,True,True
2026095872,10,2685.144655,2845.082478,159.93782299999975,True,True
2026095873,16,3143.631748,3287.333955,143.70220700000027,True,True
2026095874,12,3302.269147,3291.473678,-10.79546900000014,True,True
2026095875,10,3287.249732,3416.158555,128.90882299999976,True,True
2026095876,16,3238.153476,3486.154419,248.000943,True,True
2026095877,16,3082.079171,3232.865227,150.78605599999992,True,True
2026095878,11,2801.095283,2962.411009,161.3157259999998,True,True
2026095879,13,2913.125694,2964.167262,51.0415680000001,True,True
2026095880,14,3109.037031,3187.139076,78.10204500000009,True,True
2026095881,10,2921.264575,2995.524284,74.25970899999993,True,True
2026095882,11,3130.721743,3236.760465,106.03872199999978,True,True
2026095883,16,3387.841782,3479.952724,92.11094200000025,True,True
2026095884,15,3671.064718,3697.184253,26.119534999999814,True,True
2026095885,10,2573.449435,2623.879587,50.43015199999991,True,True
2026095886,13,3228.055588,3070.625053,-157.43053499999996,True,True
2026095887,11,3014.111372,3176.462293,162.3509210000002,True,True
2026095888,10,2671.205814,2958.329532,287.1237180000003,True,True
2026095889,16,3077.378396,2844.955646,-232.42275000000018,True,True
2026095890,13,3098.22631,3247.707805,149.481495,True,True
2026095891,16,3712.909945,3465.555787,-247.3541580000001,True,True
2026095892,14,2782.485265,2677.244507,-105.24075799999991,True,True
2026095893,15,3131.365158,3158.237406,26.872248000000127,True,True
2026095894,11,2978.783027,3358.389972,379.606945,True,True
2026095895,14,3310.761479,3547.175675,236.41419600000017,True,True
2026095896,14,3197.521487,3059.833492,-137.68799499999977,True,True
2026095897,16,2692.504418,2751.976896,59.47247800000014,True,True
2026095898,15,3293.01704,3476.522654,183.5056139999997,True,True
2026095899,11,2758.755834,3015.746656,256.99082199999975,True,True
2026095900,15,3290.035109,3399.303097,109.26798800000006,True,True
2026095901,13,3275.258565,3207.023063,-68.235502,True,True
2026095902,14,3354.759254,3505.409392,150.65013799999997,True,True
2026095903,11,3047.909298,3176.28021,128.37091199999986,True,True
2026095904,11,2544.609289,2777.97946,233.37017100000003,True,True
2026095905,13,3232.517069,3074.978308,-157.5387609999998,True,True
2026095906,13,2772.018596,2776.07286,4.05426400000033,True,True
2026095907,12,3186.401776,3074.869162,-111.5326140000002,True,True
2026095908,12,3013.528881,3168.395198,154.86631699999998,True,True
2026095909,11,3631.579558,3458.556574,-173.02298399999972,True,True
2026095910,14,3233.631065,3491.549057,257.91799200000014,True,True
2026095911,16,3258.583422,3242.148855,-16.434567000000243,True,True
2026095912,10,2749.263684,2930.920803,181.65711899999997,True,True
2026095913,15,3157.376262,3069.657172,-87.71909000000005,True,True
2026095914,15,3111.323908,3194.594935,83.27102700000023,True,True
2026095915,14,3368.630054,3393.824601,25.194546999999602,True,True
2026095916,12,2852.043118,2805.995354,-46.047763999999916,True,True
2026095917,13,2891.641447,3114.619832,222.9783849999999,True,True
2026095918,15,3171.909238,3036.43239,-135.47684800000025,True,True
2026095919,16,3192.266153,3169.086442,-23.179711000000225,True,True
2026095920,15,3526.609731,3430.442988,-96.16674300000022,True,True
2026095921,16,3432.825382,3316.201011,-116.62437099999988,True,True
2026095922,13,2955.619821,2799.527148,-156.09267299999965,True,True
2026095923,16,2970.347305,3191.257579,220.9102740000003,True,True
2026095924,12,2974.860686,2902.719184,-72.14150199999995,True,True
2026095925,13,3201.996208,3330.537022,128.54081399999995,True,True
2026095926,12,2934.142268,2885.776106,-48.36616200000026,True,True
2026095927,16,3270.032619,3448.432983,178.40036400000008,True,True
2026095928,16,3596.104588,3439.686807,-156.4177810000001,True,True
2026095929,13,3210.505881,3374.439036,163.93315500000017,True,True
2026095930,10,2635.379961,2764.028761,128.64879999999994,True,True
2026095931,16,2887.79565,2926.603811,38.80816099999993,True,True
2026095932,10,2954.498348,2892.979609,-61.518739000000096,True,True
2026095933,11,3317.486137,3267.387517,-50.098619999999755,True,True
2026095934,13,3145.850782,3397.853564,252.00278200000002,True,True
2026095935,10,2802.726213,2959.09181,156.36559699999998,True,True
2026095936,11,3165.351313,3050.284689,-115.06662400000005,True,True
2026095937,11,2932.743033,2957.52835,24.78531699999985,True,True
2026095938,12,3051.288818,3087.475319,36.186501000000135,True,True
2026095939,15,3303.803491,3282.380471,-21.42302000000018,True,True
2026095940,11,2846.87389,2993.466231,146.59234100000003,True,True
2026095941,15,3789.90166,3493.327955,-296.5737049999998,True,True
2026095942,12,3104.510712,3460.608583,356.0978710000004,True,True
2026095943,15,3586.652355,3464.004435,-122.64792000000034,True,True
2026095944,15,3724.531168,3692.022985,-32.50818299999992,True,True
2026095945,10,2817.705448,2832.881297,15.175848999999744,True,True
2026095946,10,2918.120048,2866.14103,-51.97901800000045,True,True
2026095947,13,3039.19955,3122.203855,83.00430500000039,True,True
2026095948,10,2776.192549,2854.042101,77.84955200000013,True,True
2026095949,16,3095.081225,2732.962026,-362.11919899999975,True,True
2026095950,11,2558.413828,2585.444265,27.030436999999893,True,True
2026095951,13,3428.462536,3268.217906,-160.24463000000014,True,True
2026095952,13,3411.299292,3389.885535,-21.41375700000026,True,True
2026095953,13,3029.045691,3136.363326,107.31763500000034,True,True
2026095954,14,3063.822154,3213.847461,150.02530699999988,True,True
2026095955,16,3247.409546,3207.117672,-40.29187400000001,True,True
2026095956,16,3242.113653,3050.998051,-191.11560199999985,True,True
2026095957,16,3149.269523,3217.417863,68.14834000000019,True,True
2026095958,16,3315.390855,3352.430521,37.039666000000125,True,True
2026095959,15,3169.331456,3087.966377,-81.3650789999997,True,True
2026095960,11,2764.194865,3023.770537,259.57567199999994,True,True
2026095961,16,3111.640352,3373.917886,262.2775340000003,True,True
2026095962,10,2974.093532,3028.286758,54.19322600000032,True,True
2026095963,14,2991.956382,3173.654338,181.69795599999998,True,True
2026095964,10,2995.554002,3109.176044,113.62204199999996,True,True
2026095965,12,3107.438189,3171.6916,64.25341100000014,True,True
2026095966,13,2880.13711,2989.145945,109.00883500000009,True,True
2026095967,12,2915.909639,2964.613483,48.70384400000012,True,True
2026095968,14,3466.254428,3416.016688,-50.23774000000003,True,True
2026095969,13,3048.419079,3141.771071,93.35199200000034,True,True
2026095970,14,3190.523222,3639.78535,449.2621280000003,True,True
2026095971,15,3148.377635,3141.74148,-6.63615499999969,True,True
2026095972,15,2956.699078,3030.499871,73.80079299999989,True,True
2026095973,10,2763.338746,2751.91442,-11.424325999999837,True,True
2026095974,13,3161.893317,3221.22711,59.33379299999979,True,True
2026095975,15,3396.184159,3538.144678,141.9605190000002,True,True
2026095976,14,3233.103761,3308.378128,75.27436699999998,True,True
2026095977,14,3529.340819,3246.685599,-282.6552200000001,True,True
2026095978,14,2796.706602,2730.491717,-66.21488500000032,True,True
2026095979,16,3620.53879,3728.12319,107.58439999999973,True,True
2026095980,13,3028.88533,2986.799183,-42.08614699999998,True,True
2026095981,14,3308.809468,3208.969085,-99.84038299999975,True,True
2026095982,12,2876.323062,2869.076179,-7.246882999999798,True,True
2026095983,12,2995.02431,3176.179888,181.15557800000033,True,True
2026095984,16,3107.742174,3191.452517,83.7103430000002,True,True
2026095985,16,3298.561352,3185.892927,-112.6684250000003,True,True
2026095986,16,3123.434338,3152.929027,29.494689000000108,True,True
2026095987,15,2908.213289,3013.218398,105.00510900000018,True,True
2026095988,14,2874.878481,3049.410881,174.5323999999996,True,True
2026095989,15,3251.407513,3325.317016,73.90950299999986,True,True
2026095990,15,3078.656032,3246.034017,167.37798500000008,True,True
2026095991,11,2668.366839,2750.687584,82.32074499999999,True,True
2026095992,12,2886.938194,2873.825307,-13.112886999999773,True,True
2026095993,16,3065.392699,3223.354391,157.96169199999986,True,True
2026095994,14,2971.55937,3020.324534,48.76516399999991,True,True
2026095995,14,3266.480227,3056.886116,-209.59411099999988,True,True
2026095996,11,3093.774568,3211.127261,117.35269300000027,True,True
2026095997,15,2904.810113,3034.719287,129.9091739999999,True,True
2026095998,10,2801.876412,2960.495236,158.61882400000013,True,True
2026095999,10,3340.87992,3269.356466,-71.52345399999967,True,True
2026096000,12,2827.346446,2689.35914,-137.987306,True,True
2026096001,11,2691.91751,2641.28639,-50.63112000000001,True,True
2026096002,16,3359.595424,3329.725496,-29.869928000000073,True,True
2026096003,11,3017.277084,3131.956848,114.67976399999998,True,True
2026096004,14,3054.137807,3246.337918,192.2001110000001,True,True
2026096005,11,2997.30532,2812.943138,-184.36218199999985,True,True
2026096006,12,2860.651361,2838.660618,-21.990743000000293,True,True
2026096007,13,3197.968649,3370.34951,172.3808610000001,True,True
2026096008,11,3350.528813,3533.96931,183.44049700000005,True,True
2026096009,10,2894.301677,3089.484185,195.18250799999987,True,True
2026096010,11,2749.258828,2869.530322,120.27149400000008,True,True
2026096011,14,2902.755154,2793.962323,-108.79283099999975,True,True
2026096012,16,2966.809027,3100.86704,134.0580130000003,True,True
2026096013,12,3273.68544,3231.82429,-41.86115000000018,True,True
2026096014,16,3200.467754,3238.728454,38.26070000000027,True,True
2026096015,10,2906.431079,2645.725221,-260.7058579999998,True,True
2026096016,11,2846.636704,2921.943722,75.30701799999997,True,True
2026096017,12,2818.133175,2858.598391,40.465216000000055,True,True
2026096018,10,2708.78632,2858.271804,149.48548399999981,True,True
2026096019,14,3091.858115,3233.821933,141.96381800000017,True,True
2026096020,10,3244.152082,3176.692602,-67.45947999999999,True,True
2026096021,14,3418.367983,3462.633864,44.26588099999981,True,True
2026096022,16,2976.372576,3269.194198,292.82162199999993,True,True
2026096023,16,3396.446846,3254.48956,-141.95728599999984,True,True
2026096024,16,3006.725308,2843.967657,-162.7576509999999,True,True
2026096025,10,2838.902275,2941.836119,102.93384400000014,True,True
2026096026,13,2840.893888,2831.675372,-9.218515999999909,True,True
2026096027,14,2902.326264,3016.332413,114.00614900000028,True,True
2026096028,10,2546.325721,2764.535853,218.2101319999997,True,True
2026096029,15,3790.674051,4027.785638,237.11158699999987,True,True
2026096030,10,2815.056221,2910.245273,95.18905200000017,True,True
2026096031,10,2531.829204,2761.198681,229.36947699999973,True,True
2026096032,13,2710.810296,2708.656139,-2.154156999999941,True,True
2026096033,14,2714.39074,2741.12904,26.73829999999998,True,True
2026096034,10,2865.623214,2881.213755,15.59054100000003,True,True
2026096035,10,3383.145971,3229.083819,-154.06215199999997,True,True
2026096036,14,3178.612682,3186.606076,7.99339400000008,True,True
2026096037,13,3082.622647,3135.923748,53.30110100000002,True,True
2026096038,15,2683.907335,2875.942917,192.03558199999998,True,True
2026096039,16,2956.061986,2263.053718,-693.008268,True,True
2026096040,13,3192.312801,3032.386112,-159.9266889999999,True,True
2026096041,16,2651.839701,2754.83773,102.99802900000032,True,True
2026096042,12,2938.891474,2958.882645,19.991171000000122,True,True
2026096043,10,2773.88943,2826.754411,52.864980999999716,True,True
2026096044,15,3219.496264,3327.296173,107.7999090000003,True,True
2026096045,16,3162.345036,3464.826969,302.481933,True,True
2026096046,11,2847.131551,3037.752809,190.62125800000013,True,True
2026096047,14,2877.934749,2656.168732,-221.76601699999992,True,True
2026096048,12,2848.472696,2910.826973,62.354277000000366,True,True
2026096049,15,3251.813647,3201.118759,-50.69488799999999,True,True
2026096050,14,3108.034941,3019.928407,-88.10653400000001,True,True
2026096051,14,3427.409398,3290.308829,-137.10056899999972,True,True
2026096052,12,2752.186494,2760.512301,8.325807000000168,True,True
2026096053,15,3272.594956,3191.48264,-81.11231599999974,True,True
2026096054,13,3054.69738,3069.534243,14.836862999999994,True,True
2026096055,16,2770.382664,2779.07835,8.695685999999569,True,True
2026096056,15,3407.07538,3185.908827,-221.16655300000002,True,True
2026096057,13,3008.523215,3015.596172,7.07295699999986,True,True
2026096058,15,3126.76641,3323.812242,197.0458319999998,True,True
2026096059,11,2879.442989,2909.75512,30.31213099999968,True,True
2026096060,14,3410.656735,3415.99499,5.338255000000117,True,True
2026096061,10,2899.397414,3160.060419,260.6630049999999,True,True
2026096062,13,3103.564529,3309.645923,206.08139399999982,True,True
2026096063,14,2868.526077,3116.797028,248.27095099999997,True,True
2026096064,14,3043.739381,3064.715744,20.97636300000022,True,True
2026096065,13,3151.417172,3363.234568,211.81739599999992,True,True
2026096066,10,3155.289052,3320.554987,165.2659349999999,True,True
2026096067,12,3103.766511,3252.211495,148.4449840000002,True,True
2026096068,11,2716.052682,2882.769761,166.717079,True,True
2026096069,10,2548.317215,2846.778969,298.4617539999999,True,True
2026096070,12,3084.616631,3033.09836,-51.51827099999991,True,True
2026096071,13,2854.271724,2998.539633,144.2679089999997,True,True
2026096072,11,2934.659083,3203.801038,269.14195500000005,True,True
2026096073,10,3151.230788,2853.322078,-297.9087099999997,True,True
2026096074,13,3096.833861,2893.584563,-203.24929800000018,True,True
2026096075,15,2926.489095,3196.507135,270.0180399999999,True,True
2026096076,13,3090.409317,3100.368619,9.959301999999752,True,True
2026096077,14,3172.139049,2996.251649,-175.88740000000007,True,True
2026096078,13,3186.677356,3342.101564,155.4242079999999,True,True
2026096079,13,3117.172208,3132.713523,15.54131499999994,True,True
2026096080,13,3311.392923,3261.630914,-49.762009000000035,True,True
2026096081,15,3287.185677,3160.650567,-126.5351099999998,True,True
2026096082,15,3129.866535,3228.75851,98.891975,True,True
2026096083,12,2917.409161,2881.835416,-35.573745000000145,True,True
2026096084,10,2736.38964,2768.274332,31.884692000000086,True,True
2026096085,15,3130.016762,3116.87688,-13.139882000000398,True,True
2026096086,16,3641.568506,3433.68516,-207.88334600000007,True,True
2026096087,16,2979.625323,3357.887014,378.2616909999997,True,True
2026096088,14,3078.162463,3170.495013,92.33255000000008,True,True
2026096089,11,3024.943442,3041.242726,16.29928400000017,True,True
2026096090,15,3694.31975,3878.621635,184.30188499999986,True,True
2026096091,15,2941.865642,3017.532841,75.66719899999998,True,True
2026096092,12,3013.728494,3037.771249,24.042754999999943,True,True
2026096093,13,3097.9446,3263.856619,165.91201900000033,True,True
2026096094,11,2797.391209,2900.187554,102.7963450000002,True,True
2026096095,14,3266.81018,3134.399145,-132.41103500000008,True,True
2026096096,15,3161.051801,3086.677418,-74.37438299999985,True,True
2026096097,13,3180.079872,3335.744397,155.66452500000014,True,True
2026096098,11,3026.520167,2948.694149,-77.8260180000002,True,True
2026096099,14,3019.652008,3029.152546,9.500537999999779,True,True
2026096100,11,2850.751983,2843.969922,-6.782060999999885,True,True
2026096101,14,3124.110277,3172.751723,48.64144599999963,True,True
2026096102,14,2760.657488,2788.800703,28.143215000000055,True,True
2026096103,16,2879.131625,2980.803493,101.6718679999999,True,True
2026096104,11,3255.099364,3273.293664,18.194299999999657,True,True
2026096105,15,2861.535452,3015.234939,153.69948699999986,True,True
2026096106,14,3017.213104,3072.898097,55.68499299999985,True,True
2026096107,10,3108.76721,3165.594158,56.8269479999999,True,True
2026096108,13,3267.310436,3375.984223,108.67378699999972,True,True
2026096109,10,2890.60775,3058.64546,168.03771000000006,True,True
2026096110,11,3040.951451,3055.481081,14.529629999999997,True,True
2026096111,13,2902.681392,2899.905106,-2.7762859999998,True,True
2026096112,16,3377.307624,3429.003359,51.695734999999786,True,True
2026096113,14,2880.327769,2866.552375,-13.775393999999778,True,True
2026096114,12,2715.914699,2992.38822,276.4735209999999,True,True
2026096115,10,2919.177222,2983.428565,64.25134300000036,True,True
2026096116,16,3117.035024,2732.525786,-384.50923799999964,True,True
2026096117,13,3460.695866,3294.715367,-165.98049900000024,True,True
2026096118,14,3455.78646,3481.504629,25.718169000000216,True,True
2026096119,16,3314.578526,3170.950958,-143.62756799999988,True,True
2026096120,16,3353.218493,3652.04779,298.8292970000002,True,True
2026096121,15,3240.440997,3148.797409,-91.64358800000036,True,True
2026096122,11,2654.744977,2790.157914,135.41293700000006,True,True
2026096123,15,2991.007071,3096.413552,105.40648099999999,True,True
2026096124,16,2266.463005,2830.673875,564.2108699999999,True,True
2026096125,12,2942.505768,2977.883731,35.37796299999991,True,True
2026096126,14,3118.58873,3218.805248,100.21651800000018,True,True
2026096127,16,3090.483911,3108.921773,18.437862000000223,True,True
2026096128,15,3122.071979,3132.260905,10.188926000000265,True,True
2026096129,12,3074.625877,3328.739006,254.11312899999984,True,True
2026096130,11,2854.050194,3000.958166,146.90797199999997,True,True
2026096131,10,3085.170904,3109.695113,24.524209000000155,True,True
2026096132,13,2750.513496,2799.706654,49.19315800000004,True,True
2026096133,15,3272.546489,3469.406748,196.86025900000004,True,True
2026096134,12,3174.13008,3404.873489,230.74340900000016,True,True
2026096135,14,3301.226002,3007.169541,-294.0564609999997,True,True
2026096136,13,2867.652162,3173.819532,306.1673700000001,True,True
2026096137,12,2954.504653,2975.018331,20.513678000000255,True,True
2026096138,15,3013.98323,3169.413487,155.43025699999998,True,True
2026096139,13,2842.231127,2907.294903,65.06377599999996,True,True
2026096140,12,3052.413008,3212.172164,159.75915600000008,True,True
2026096141,12,2840.287006,2970.841501,130.55449499999986,True,True
2026096142,13,3271.054393,3237.221924,-33.832468999999946,True,True
2026096143,14,3269.053732,3340.584708,71.53097600000001,True,True
2026096144,11,2763.672545,2827.396542,63.723997000000054,True,True
2026096145,14,3686.422604,3624.139279,-62.28332499999988,True,True
2026096146,16,2954.350687,3154.743222,200.39253499999995,True,True
2026096147,16,2874.328209,2877.683922,3.355713000000378,True,True
2026096148,10,3078.610365,3277.969142,199.35877699999992,True,True
2026096149,16,3147.068565,3123.490103,-23.578461999999945,True,True
2026096150,15,2785.208718,2860.427199,75.21848100000034,True,True
2026096151,16,2668.069578,2765.473667,97.40408900000011,True,True
2026096152,13,3177.41973,3177.315955,-0.10377500000004147,True,True
2026096153,11,3103.169675,3403.583923,300.41424800000004,True,True
2026096154,16,3132.028461,3225.878598,93.8501369999999,True,True
2026096155,13,3163.446145,3138.040087,-25.40605800000003,True,True
2026096156,15,3650.672245,3549.797552,-100.8746930000002,True,True
2026096157,13,2952.571863,2962.664698,10.092834999999923,True,True
2026096158,13,3266.080698,3394.39583,128.31513199999972,True,True
2026096159,14,3498.602343,3029.659815,-468.94252800000004,True,True
2026096160,14,3502.215242,3194.620154,-307.59508800000003,True,True
2026096161,14,2951.032418,2912.811503,-38.22091499999988,True,True
2026096162,11,2751.41523,3006.100719,254.68548899999996,True,True
2026096163,15,3333.767973,3403.926862,70.15888899999982,True,True
2026096164,14,2803.089955,2921.833495,118.74353999999994,True,True
2026096165,16,3733.256883,3669.157972,-64.09891100000004,True,True
2026096166,15,3092.587126,3300.562995,207.97586899999988,True,True
2026096167,15,3275.938497,3291.269789,15.331291999999848,True,True
2026096168,14,3040.507922,3095.639658,55.131736000000274,True,True
2026096169,11,2925.013202,2848.934925,-76.07827700000007,True,True
2026096170,16,3145.582949,3438.711174,293.12822499999993,True,True
2026096171,12,2891.897706,3040.603307,148.70560099999966,True,True
2026096172,14,3007.101654,3073.885213,66.78355899999997,True,True
2026096173,13,2868.470603,3047.888009,179.41740599999957,True,True
2026096174,13,3046.973674,3091.214111,44.24043699999993,True,True
2026096175,14,3759.992914,3868.115957,108.12304300000005,True,True
2026096176,10,3149.864392,3049.680958,-100.18343400000003,True,True
2026096177,10,3059.249707,2717.336024,-341.91368299999976,True,True
2026096178,16,3036.884378,3167.433501,130.54912299999978,True,True
2026096179,11,2747.316476,2736.153692,-11.162784000000102,True,True
2026096180,15,3127.213169,3051.972058,-75.24111100000027,True,True
2026096181,14,2884.393643,3069.196466,184.802823,True,True
2026096182,10,3061.01681,3015.806731,-45.21007899999995,True,True
2026096183,14,3127.785797,3124.23803,-3.5477670000000217,True,True
2026096184,10,2569.502473,2794.509734,225.0072610000002,True,True
2026096185,16,3119.824445,3177.489778,57.66533299999992,True,True
2026096186,15,3280.787056,3534.499015,253.71195899999975,True,True
2026096187,10,3074.918542,2967.772651,-107.14589099999966,True,True
2026096188,13,3104.030306,3256.666112,152.63580599999977,True,True
2026096189,15,2867.836324,2778.788741,-89.04758300000003,True,True
2026096190,10,2683.891613,2552.046407,-131.84520599999996,True,True
2026096191,10,2775.782837,2875.638608,99.855771,True,True
2026096192,13,3059.001959,3095.726698,36.72473899999977,True,True
2026096193,11,2678.301305,2747.11866,68.81735500000013,True,True
2026096194,11,3026.601566,2946.33741,-80.26415599999973,True,True
2026096195,10,2966.733136,3054.81335,88.08021400000007,True,True
2026096196,10,2578.072377,2668.922765,90.85038799999984,True,True
2026096197,15,3364.810414,2965.085747,-399.72466699999995,True,True
2026096198,16,2780.22813,2989.570966,209.34283600000026,True,True
2026096199,12,2894.675228,3210.242229,315.5670009999999,True,True
2026096200,12,3071.781249,3007.434684,-64.34656500000028,True,True
2026096201,16,3111.036432,3197.105546,86.0691139999999,True,True
2026096202,16,3877.610891,3582.613685,-294.997206,True,True
2026096203,12,2635.102375,2766.894764,131.79238900000018,True,True
2026096204,10,2942.985024,2947.580319,4.595295000000078,True,True
2026096205,10,3011.263215,2946.906909,-64.35630600000013,True,True
2026096206,12,3303.501021,3585.068016,281.56699500000013,True,True
2026096207,13,2896.429353,2908.827339,12.397985999999946,True,True
2026096208,10,3064.631642,3240.710013,176.07837100000006,True,True
2026096209,15,3441.382706,3483.198085,41.81537900000012,True,True
2026096210,10,2899.77062,3031.623266,131.85264600000028,True,True
2026096211,16,3209.99187,2979.376075,-230.6157949999997,True,True
2026096212,10,3192.56603,3396.232413,203.66638300000022,True,True
2026096213,10,2774.287723,2756.448511,-17.83921199999986,True,True
2026096214,16,3002.54676,2926.704902,-75.84185800000023,True,True
2026096215,15,3162.67507,3259.593272,96.91820200000029,True,True
2026096216,12,2950.212664,2922.84603,-27.366633999999976,True,True
2026096217,16,3474.145441,3550.572323,76.42688199999975,True,True
2026096218,12,3081.981739,3085.467691,3.4859519999999975,True,True
2026096219,14,3231.714887,3292.008867,60.29397999999992,True,True
2026096220,16,2751.457806,2815.671232,64.21342600000025,True,True
2026096221,15,3307.479654,3165.554766,-141.924888,True,True
2026096222,16,3114.973588,3268.197464,153.22387600000002,True,True
2026096223,13,2760.537657,3166.438213,405.90055600000005,True,True
2026096224,10,2929.109937,3085.424417,156.31448,True,True
2026096225,11,2944.746974,2939.787716,-4.959258000000318,True,True
2026096226,12,3045.957041,3090.293198,44.33615699999973,True,True
2026096227,12,3069.872537,2974.722648,-95.14988900000026,True,True
2026096228,15,3221.404192,3292.709244,71.30505200000016,True,True
2026096229,15,3118.806414,3240.390071,121.58365699999968,True,True
2026096230,14,2904.173639,2856.656999,-47.51664000000028,True,True
2026096231,11,2804.059999,3075.591309,271.53130999999985,True,True
2026096232,12,2997.912622,3388.986268,391.0736460000003,True,True
2026096233,16,3552.814385,3546.414521,-6.39986399999998,True,True
2026096234,15,3380.963096,3477.696452,96.73335600000019,True,True
2026096235,12,3276.51796,3254.470661,-22.047299000000294,True,True
2026096236,11,3078.283063,3074.664917,-3.618145999999797,True,True
2026096237,13,3043.501145,3031.407881,-12.09326400000009,True,True
2026096238,12,2953.752968,3053.471019,99.71805100000029,True,True
2026096239,13,3234.264015,3012.933179,-221.3308360000001,True,True
2026096240,10,2893.222677,3048.665847,155.44317,True,True
2026096241,13,3339.012726,3237.080993,-101.9317329999999,True,True
2026096242,16,3217.128419,3338.182034,121.05361499999981,True,True
2026096243,14,3237.230386,2982.216597,-255.0137890000001,True,True
2026096244,11,2714.08945,2768.813903,54.72445300000027,True,True
2026096245,13,2986.032535,3086.177803,100.14526800000021,True,True
2026096246,13,2960.179602,2970.439283,10.259681,True,True
2026096247,14,3357.825475,3197.581,-160.24447499999997,True,True
2026096248,14,3452.233812,3097.36635,-354.86746200000016,True,True
2026096249,16,2790.964476,2943.802093,152.83761699999968,True,True
2026096250,11,2847.331018,3124.058352,276.72733400000016,True,True
2026096251,10,2408.721232,2456.198025,47.47679300000027,True,True
2026096252,16,2969.515019,3121.38517,151.87015100000008,True,True
2026096253,14,3303.373206,3097.365046,-206.00816000000032,True,True
2026096254,14,3243.623263,3443.174455,199.5511919999999,True,True
2026096255,12,2922.173125,3091.115676,168.9425510000001,True,True
2026096256,10,2912.929238,3128.276519,215.34728099999984,True,True
2026096257,16,3455.88944,3298.063828,-157.8256120000001,True,True
2026096258,10,3055.871733,2906.079246,-149.79248700000016,True,True
2026096259,14,3101.328565,3113.180414,11.85184900000013,True,True
2026096260,13,3092.795362,3086.520292,-6.275069999999687,True,True
2026096261,15,3446.960989,3451.623115,4.662125999999716,True,True
2026096262,13,3198.168175,3484.692081,286.52390600000035,True,True
2026096263,12,2976.055709,2893.196366,-82.85934300000008,True,True
2026096264,12,3148.936187,3126.033448,-22.902738999999656,True,True
2026096265,15,3176.6874,3149.61947,-27.067929999999706,True,True
2026096266,15,3236.948112,3162.91662,-74.03149200000007,True,True
2026096267,16,3134.69106,2913.47407,-221.2169899999999,True,True
2026096268,10,2913.923142,2821.744623,-92.17851900000005,True,True
2026096269,11,2989.199351,3212.24341,223.04405899999983,True,True
2026096270,16,3405.963624,2927.625486,-478.3381380000001,True,True
2026096271,16,3051.171227,3003.830804,-47.340422999999646,True,True
2026096272,10,3009.768631,2903.161485,-106.60714599999983,True,True
2026096273,11,2773.224973,2921.055427,147.83045399999992,True,True
2026096274,12,2925.734649,2969.162902,43.42825300000004,True,True
2026096275,11,2988.903477,2883.832669,-105.07080799999994,True,True
2026096276,13,3189.880838,3055.232807,-134.64803100000017,True,True
2026096277,14,3085.767231,3340.962631,255.19540000000006,True,True
2026096278,12,3133.706311,3140.438333,6.732022000000143,True,True
2026096279,11,3169.167609,3273.425357,104.25774799999999,True,True
2026096280,10,2864.194957,3012.209133,148.01417599999968,True,True
2026096281,16,2902.086945,3086.62095,184.53400499999998,True,True
2026096282,16,3215.681397,3325.046822,109.36542499999996,True,True
2026096283,12,3336.637423,3383.286006,46.64858299999969,True,True
2026096284,14,3361.231213,3333.990534,-27.240679,True,True
2026096285,14,3167.507793,3169.390529,1.8827359999995679,True,True
2026096286,12,3173.060741,2997.891636,-175.16910499999994,True,True
2026096287,12,3333.956392,3249.998849,-83.95754299999999,True,True
2026096288,16,3486.142745,3597.816043,111.6732979999997,True,True
2026096289,10,2729.685306,2704.584653,-25.100652999999966,True,True
2026096290,11,2900.906615,2798.33902,-102.56759499999998,True,True
2026096291,10,2650.012486,2540.698665,-109.31382100000019,True,True
2026096292,15,3438.438833,3191.762042,-246.67679100000032,True,True
2026096293,10,3122.855082,3033.169502,-89.68557999999985,True,True
2026096294,10,2940.173377,2837.785714,-102.38766299999997,True,True
2026096295,13,2826.86301,2707.229259,-119.63375099999985,True,True
2026096296,12,2859.048918,2876.096659,17.04774099999986,True,True
2026096297,12,2872.124828,3073.148275,201.02344700000003,True,True
2026096298,11,2910.973111,3076.165283,165.19217200000003,True,True
2026096299,10,3145.928048,3237.270937,91.34288899999956,True,True
2026096300,12,2968.650647,2962.269533,-6.381113999999798,True,True
2026096301,10,3037.017691,3029.841719,-7.175972000000002,True,True
2026096302,14,3084.273049,2936.747504,-147.52554499999997,True,True
2026096303,16,3188.674832,3050.158833,-138.5159990000002,True,True
2026096304,11,2670.413196,2919.850474,249.43727799999988,True,True
2026096305,11,2944.030121,3028.707568,84.67744700000003,True,True
2026096306,16,3484.811685,3338.100417,-146.71126800000002,True,True
2026096307,15,3361.72455,3457.808384,96.08383400000002,True,True
2026096308,12,3124.45095,3259.683412,135.23246199999994,True,True
2026096309,12,2451.121485,2693.079939,241.95845400000007,True,True
2026096310,12,3070.619691,3229.528343,158.90865200000007,True,True
2026096311,15,3143.109986,3426.203982,283.09399600000006,True,True
2026096312,10,2974.097256,3102.288223,128.190967,True,True
2026096313,13,2920.038469,2867.197102,-52.84136699999999,True,True
2026096314,13,2919.873867,2993.730799,73.85693200000014,True,True
2026096315,15,3206.407814,3381.417648,175.00983399999996,True,True
2026096316,10,2780.1493,2721.220774,-58.92852600000015,True,True
2026096317,10,2775.428929,2728.188268,-47.24066100000027,True,True
2026096318,13,2838.446089,2805.862528,-32.58356099999992,True,True
2026096319,13,3008.754619,2857.492815,-151.26180399999976,True,True
2026096320,15,3405.436949,3298.199752,-107.23719699999992,True,True
2026096321,13,3172.554354,3142.969862,-29.584491999999955,True,True
2026096322,10,2765.388951,2734.416644,-30.972307,True,True
2026096323,16,3234.242522,3346.895591,112.65306899999996,True,True
2026096324,10,2798.640303,2673.250039,-125.39026400000012,True,True
2026096325,15,3150.514444,3369.234991,218.7205469999999,True,True
2026096326,14,3396.659146,3487.019682,90.36053600000014,True,True
2026096327,11,2646.648336,2811.657438,165.00910199999998,True,True
2026096328,14,2988.004604,3019.967251,31.962646999999833,True,True
2026096329,11,2639.608798,2680.030688,40.42188999999962,True,True
2026096330,14,3127.871132,3298.852908,170.98177599999963,True,True
2026096331,15,3417.523055,3194.19995,-223.32310499999994,True,True
2026096332,15,3362.156053,3480.361571,118.20551799999976,True,True
2026096333,12,3204.380173,3274.032396,69.65222300000005,True,True
2026096334,13,2971.680463,3104.683625,133.00316199999997,True,True
2026096335,15,3790.427158,3809.868672,19.441514000000097,True,True
2026096336,10,2932.669831,2906.905086,-25.764744999999948,True,True
2026096337,14,3037.534635,3039.576152,2.0415170000001126,True,True
2026096338,11,2728.959511,3155.949869,426.990358,True,True
2026096339,14,3605.679617,3817.10093,211.42131300000028,True,True
2026096340,15,3303.555921,3457.811823,154.25590199999988,True,True
2026096341,11,3152.376747,3073.712914,-78.66383299999961,True,True
2026096342,15,3038.09401,3084.953656,46.85964600000034,True,True
2026096343,11,2980.526428,2862.134222,-118.39220599999999,True,True
2026096344,15,3153.460354,3302.18885,148.72849600000018,True,True
2026096345,10,2790.621091,3150.821819,360.2007279999998,True,True
2026096346,12,2963.633327,2890.348037,-73.2852899999998,True,True
2026096347,13,2940.651945,2959.598974,18.94702899999993,True,True
2026096348,12,3076.518991,2938.576136,-137.94285499999978,True,True
2026096349,12,2991.763542,2900.293689,-91.46985300000006,True,True
2026096350,11,2707.536581,2911.774117,204.2375360000001,True,True
2026096351,12,2766.630664,2934.7061,168.07543600000008,True,True
2026096352,11,3121.809905,3228.918271,107.10836599999993,True,True
2026096353,15,2932.236346,3128.84253,196.60618399999976,True,True
2026096354,12,3110.436408,3061.124018,-49.31239000000005,True,True
2026096355,16,3379.625859,3703.311486,323.68562699999984,True,True
2026096356,10,2776.895554,2783.209848,6.314293999999791,True,True
2026096357,10,2715.637744,2772.125654,56.48790999999983,True,True
2026096358,10,3076.202658,3021.511775,-54.69088300000021,True,True
2026096359,11,3169.270929,3038.932729,-130.3381999999997,True,True
2026096360,11,3110.649048,3172.75622,62.10717199999999,True,True
2026096361,10,2674.844749,2706.748299,31.903549999999996,True,True
2026096362,14,2823.23828,3031.262497,208.02421700000014,True,True
2026096363,13,3345.22355,3297.462446,-47.76110400000016,True,True
2026096364,11,3225.679569,3268.722535,43.04296599999998,True,True
2026096365,10,3245.561985,2911.555978,-334.00600699999995,True,True
2026096366,16,2990.186134,2946.416764,-43.76936999999998,True,True
2026096367,12,2823.828559,2974.115746,150.2871869999999,True,True
2026096368,10,2877.014994,2857.597613,-19.417381000000205,True,True
2026096369,11,2899.997298,3010.99952,111.00222200000007,True,True
2026096370,12,3127.32533,3223.599331,96.27400099999977,True,True
2026096371,10,2947.110517,3063.016954,115.9064370000001,True,True
2026096372,12,2878.546609,3007.940097,129.39348800000016,True,True
2026096373,16,2880.976341,2982.3426,101.3662589999999,True,True
2026096374,15,3222.36904,3583.311407,360.9423670000001,True,True
2026096375,15,3475.715008,3258.610607,-217.10440100000005,True,True
2026096376,16,2893.387079,2945.179401,51.792321999999785,True,True
2026096377,12,2549.286314,2525.313302,-23.973011999999926,True,True
2026096378,10,2907.828461,2730.467977,-177.36048400000027,True,True
2026096379,16,3535.841692,3390.316991,-145.52470099999982,True,True
2026096380,10,2728.72333,2919.385946,190.66261600000007,True,True
2026096381,15,3506.294414,3284.22865,-222.06576399999994,True,True
2026096382,16,3252.617331,3127.389544,-125.22778699999981,True,True
2026096383,15,3151.836789,3399.771361,247.93457200000012,True,True
2026096384,11,3317.955555,3168.711895,-149.2436600000001,True,True
2026096385,10,3020.005394,3029.519373,9.51397900000029,True,True
2026096386,15,3063.560372,3154.600501,91.04012899999998,True,True
2026096387,13,2996.214885,3112.350394,116.13550900000018,True,True
2026096388,12,2849.378007,3041.539911,192.16190400000005,True,True
2026096389,11,2683.821365,2779.341877,95.52051200000005,True,True
2026096390,11,3318.222348,3266.642852,-51.579495999999835,True,True
2026096391,12,3153.333653,2932.790061,-220.543592,True,True
2026096392,11,2495.031362,2551.523245,56.49188299999969,True,True
2026096393,14,3488.400476,3411.77811,-76.6223659999996,True,True
2026096394,14,3105.714568,3295.806933,190.09236499999997,True,True
2026096395,11,2861.748215,2754.528657,-107.21955800000023,True,True
2026096396,10,3278.739,3155.365981,-123.37301900000011,True,True
2026096397,11,3398.464413,3151.15695,-247.3074630000001,True,True
2026096398,14,3354.846446,3192.87322,-161.97322600000007,True,True
2026096399,11,2802.909389,3187.94456,385.035171,True,True
2026096400,11,2738.378639,2827.467322,89.08868299999995,True,True
2026096401,16,3661.400965,3393.028021,-268.37294399999973,True,True
2026096402,16,2710.415387,2904.692488,194.27710100000013,True,True
2026096403,11,2713.496678,2680.027454,-33.46922399999994,True,True
2026096404,10,2806.730509,3090.865208,284.1346990000002,True,True
2026096405,13,3205.703031,3121.470061,-84.23297000000002,True,True
2026096406,11,2873.970349,2900.687536,26.71718699999974,True,True
2026096407,16,3423.974475,3477.437467,53.46299200000021,True,True
2026096408,12,3255.807354,3140.448102,-115.3592520000002,True,True
2026096409,14,3108.490917,3135.885272,27.394354999999905,True,True
2026096410,15,2945.134711,3381.216113,436.0814019999998,True,True
2026096411,10,3109.837629,3095.269463,-14.56816600000002,True,True
2026096412,10,2792.067475,2919.143646,127.07617100000016,True,True
2026096413,11,2880.581169,3021.875197,141.2940279999998,True,True
2026096414,12,3049.081333,3409.83509,360.75375699999995,True,True
2026096415,13,3559.095692,3470.179305,-88.91638699999976,True,True
2026096416,11,2939.373109,2779.915878,-159.45723100000032,True,True
2026096417,10,2486.622364,2696.673898,210.05153400000017,True,True
2026096418,15,3360.262073,3577.261688,216.99961500000018,True,True
2026096419,12,3432.481259,3114.348683,-318.132576,True,True
2026096420,12,3016.992701,3137.690116,120.69741500000009,True,True
2026096421,14,3178.914167,3200.848456,21.934289000000263,True,True
2026096422,14,3399.995993,3250.387834,-149.6081589999999,True,True
2026096423,15,3523.263395,3483.556882,-39.706513000000086,True,True
2026096424,12,3025.500429,3062.354847,36.854417999999896,True,True
2026096425,14,3038.798981,3097.386011,58.58703000000014,True,True
2026096426,13,3405.587642,3415.30785,9.720208000000184,True,True
2026096427,12,2920.693095,2778.846047,-141.8470480000001,True,True
2026096428,15,3097.535496,3285.703813,188.16831700000012,True,True
2026096429,16,3353.8191,3560.123713,206.3046129999998,True,True
2026096430,13,3218.663655,3470.890867,252.22721200000024,True,True
2026096431,11,2678.069704,2876.473568,198.40386399999988,True,True
2026096432,13,2846.121433,3013.270368,167.14893500000017,True,True
2026096433,13,2765.016475,3006.803227,241.78675199999998,True,True
2026096434,13,3259.552957,3376.193186,116.64022900000009,True,True
2026096435,12,3064.637431,2968.865087,-95.77234399999998,True,True
2026096436,11,2807.066278,2861.540774,54.47449600000027,True,True
2026096437,10,2745.215143,2905.433429,160.21828600000026,True,True
2026096438,15,3190.395617,3188.555349,-1.8402679999999236,True,True
2026096439,10,2881.848676,2828.260147,-53.58852900000011,True,True
2026096440,14,3348.4153,3356.3501,7.934799999999996,True,True
2026096441,14,2996.200668,3257.562675,261.3620070000002,True,True
2026096442,16,3307.853007,3422.016655,114.16364799999974,True,True
2026096443,11,3151.409403,3192.688351,41.27894799999967,True,True
2026096444,13,2799.227704,3092.895371,293.66766700000016,True,True
2026096445,11,2817.080095,2753.63715,-63.44294499999978,True,True
2026096446,11,2908.671365,3098.14292,189.47155499999963,True,True
2026096447,15,3226.015802,2907.137666,-318.8781359999998,True,True
2026096448,14,2639.797604,2656.701712,16.90410800000018,True,True
2026096449,15,3258.451263,3161.181748,-97.26951499999996,True,True
2026096450,13,2892.71738,2912.92014,20.202760000000126,True,True
2026096451,10,3172.921085,2985.354845,-187.5662400000001,True,True
2026096452,11,3031.291708,2974.421687,-56.87002100000018,True,True
2026096453,13,3318.986936,3298.740898,-20.24603799999977,True,True
2026096454,10,2678.920619,2567.396857,-111.5237619999998,True,True
2026096455,13,3393.515388,3494.90686,101.39147200000025,True,True
2026096456,13,3177.621742,3306.189017,128.56727500000034,True,True
2026096457,12,2994.199249,3030.181802,35.98255300000028,True,True
2026096458,11,2802.500452,2862.077733,59.57728099999986,True,True
2026096459,11,2923.494071,2983.433995,59.93992399999979,True,True
2026096460,14,3310.601253,3325.553637,14.952384000000166,True,True
2026096461,15,2937.585054,2999.409299,61.82424499999979,True,True
2026096462,16,3411.988394,3447.196139,35.20774500000016,True,True
2026096463,14,3222.741792,3311.723647,88.981855,True,True
2026096464,15,2715.761586,2765.486989,49.725402999999915,True,True
2026096465,14,2883.080039,3228.320662,345.24062300000014,True,True
2026096466,12,3161.331891,3289.058551,127.72666000000027,True,True
2026096467,11,2931.101669,3137.88506,206.78339099999994,True,True
2026096468,16,2966.51969,3377.631341,411.1116509999997,True,True
2026096469,11,3024.998882,3172.679126,147.68024400000013,True,True
2026096470,15,3187.021157,3292.270724,105.24956699999984,True,True
2026096471,12,2956.738011,3092.88481,136.1467990000001,True,True
2026096472,15,3289.581486,3018.144754,-271.4367320000001,True,True
2026096473,14,3235.072809,3127.855954,-107.21685499999967,True,True
2026096474,13,3024.004358,2763.277154,-260.72720400000026,True,True
2026096475,13,2803.060214,2888.376909,85.31669499999998,True,True
2026096476,12,3190.588137,3380.889163,190.30102599999964,True,True
2026096477,10,2825.418323,2787.201912,-38.21641099999988,True,True
2026096478,12,3021.684384,3141.70337,120.01898600000004,True,True
2026096479,15,3458.938021,3315.908986,-143.02903500000002,True,True
2026096480,12,2953.495974,3213.159301,259.6633270000002,True,True
2026096481,15,3115.468525,3320.27416,204.8056349999997,True,True
2026096482,10,2781.478793,2787.02809,5.549296999999569,True,True
2026096483,10,2710.768792,2836.72296,125.95416800000021,True,True
2026096484,13,3027.704399,3062.997767,35.293367999999646,True,True
2026096485,13,3234.99237,3012.810227,-222.182143,True,True
2026096486,16,3006.800911,3097.019673,90.21876199999997,True,True
2026096487,12,2787.939082,2901.504984,113.56590200000028,True,True
2026096488,12,3251.150374,3295.006362,43.85598800000025,True,True
2026096489,12,3026.324403,3180.417406,154.09300299999995,True,True
2026096490,10,2784.290002,2935.88814,151.59813799999984,True,True
2026096491,16,3273.527534,3233.955962,-39.57157199999983,True,True
2026096492,12,2687.455338,2864.042295,176.58695699999998,True,True
2026096493,16,3292.619858,3427.732047,135.11218899999994,True,True
2026096494,16,3531.809205,3313.030447,-218.77875799999993,True,True
2026096495,14,3087.734773,3388.082901,300.3481280000001,True,True
2026096496,14,3243.30873,3199.42472,-43.88401000000022,True,True
2026096497,12,3082.237526,3116.59683,34.359304000000066,True,True
2026096498,15,3678.178724,3431.896686,-246.28203799999983,True,True
2026096499,16,2687.135569,2909.955185,222.81961599999977,True,True
2026096500,15,3132.674314,2945.45884,-187.21547400000009,True,True
2026096501,14,3169.065089,3048.500358,-120.56473100000039,True,True
2026096502,15,3386.912149,3161.671522,-225.24062700000013,True,True
2026096503,12,3207.320992,3224.606394,17.285401999999976,True,True
2026096504,16,3640.107042,3213.276202,-426.8308400000001,True,True
2026096505,13,3211.524525,3067.31162,-144.21290499999986,True,True
2026096506,13,3331.454935,3383.114906,51.65997099999959,True,True
2026096507,16,2681.116639,2789.316291,108.19965200000024,True,True
2026096508,14,3262.596543,3294.100285,31.503741999999875,True,True
2026096509,13,3121.062188,3106.848512,-14.21367599999985,True,True
2026096510,15,3626.089766,3335.590116,-290.4996500000002,True,True
2026096511,15,3078.210353,3293.027239,214.81688600000007,True,True
2026096512,15,3526.489103,3451.737894,-74.75120900000002,True,True
2026096513,14,2852.256961,2821.765121,-30.49184000000014,True,True
2026096514,12,3237.344368,3281.576446,44.232078,True,True
2026096515,13,3226.910033,3283.2625,56.352466999999706,True,True
2026096516,10,2956.06486,3019.689733,63.62487300000021,True,True
2026096517,14,2826.724185,2994.536258,167.81207300000005,True,True
2026096518,11,2972.078294,3108.632079,136.55378500000006,True,True
2026096519,16,3029.65352,3510.121394,480.46787399999994,True,True
2026096520,16,3164.164358,3032.852605,-131.31175299999995,True,True
2026096521,15,3122.021839,3010.085055,-111.93678399999999,True,True
2026096522,10,2937.371359,2907.326652,-30.044707000000017,True,True
2026096523,14,3134.670378,3087.011575,-47.65880299999981,True,True
2026096524,10,2738.330868,2978.804336,240.47346800000014,True,True
2026096525,15,3296.003362,3516.080428,220.0770660000003,True,True
2026096526,13,2945.979902,3174.919537,228.93963500000018,True,True
2026096527,15,3373.573565,3362.733034,-10.840531000000283,True,True
2026096528,12,3108.90942,3100.067363,-8.84205699999984,True,True
2026096529,13,2985.49975,3143.682171,158.18242099999998,True,True
2026096530,12,3039.566639,3078.089926,38.52328699999998,True,True
2026096531,12,2916.662437,2935.745675,19.083238000000165,True,True
2026096532,16,3091.875049,2864.254407,-227.62064200000032,True,True
2026096533,13,3169.659426,3005.778672,-163.88075400000025,True,True
2026096534,15,3476.067911,3352.3335,-123.73441099999991,True,True
2026096535,14,3246.608939,3338.316128,91.70718899999974,True,True
2026096536,11,3048.931589,3098.20066,49.26907100000017,True,True
2026096537,16,3322.343933,3034.969201,-287.3747320000002,True,True
2026096538,15,3475.535682,3468.033708,-7.501974000000246,True,True
2026096539,13,3093.285438,3086.221361,-7.0640769999999975,True,True
2026096540,14,2900.420447,2926.688664,26.268216999999822,True,True
2026096541,16,3082.476599,3373.392862,290.9162630000001,True,True
2026096542,10,2618.446818,2701.892905,83.44608700000026,True,True
2026096543,16,3386.796519,3288.079793,-98.71672600000011,True,True
2026096544,15,3613.442123,3239.168165,-374.27395799999977,True,True
2026096545,15,3291.475461,3383.00774,91.53227900000002,True,True
2026096546,12,3177.331212,3027.447148,-149.88406399999985,True,True
2026096547,12,3054.969075,3010.007268,-44.961807000000135,True,True
2026096548,16,3429.151897,3492.792254,63.64035699999977,True,True
2026096549,15,3481.282588,3279.666047,-201.61654099999987,True,True
2026096550,12,3221.971898,3357.546107,135.57420900000034,True,True
2026096551,12,2801.797049,2840.498963,38.701914000000215,True,True
2026096552,15,3016.693714,3099.689173,82.99545900000021,True,True
2026096553,13,3284.965309,3335.479232,50.51392299999998,True,True
2026096554,12,3197.789859,3113.510678,-84.27918099999988,True,True
2026096555,16,3010.351021,2911.536184,-98.8148369999999,True,True
2026096556,12,3001.248131,2926.255621,-74.99251000000004,True,True
2026096557,15,3431.4418,3489.108844,57.667043999999805,True,True
2026096558,14,2985.886729,2851.501989,-134.38473999999997,True,True
2026096559,11,2770.217289,2775.874773,5.65748399999984,True,True
2026096560,12,3255.112107,3065.329749,-189.78235799999993,True,True
2026096561,16,3414.972327,3516.181878,101.20955099999992,True,True
2026096562,15,3685.506638,3431.222057,-254.2845809999999,True,True
2026096563,14,3294.583507,2995.580753,-299.00275399999964,True,True
2026096564,11,2979.998747,2858.626346,-121.37240100000008,True,True
2026096565,12,2820.765216,2953.670646,132.90543000000025,True,True
2026096566,10,2773.97648,3073.827752,299.85127200000034,True,True
2026096567,13,2939.672554,3035.621287,95.94873299999972,True,True
2026096568,11,2884.151112,2880.262091,-3.889020999999957,True,True
2026096569,15,3452.059267,3502.001815,49.94254799999999,True,True
2026096570,14,3449.730474,3200.603197,-249.12727700000005,True,True
2026096571,16,2972.793111,3183.147593,210.3544820000002,True,True
2026096572,15,3517.766275,3242.930038,-274.836237,True,True
2026096573,11,3149.326186,3168.779378,19.4531920000004,True,True
2026096574,10,2940.811787,2856.454762,-84.35702500000025,True,True
2026096575,13,3120.746896,3257.734073,136.98717699999997,True,True
2026096576,10,2572.68483,2649.532309,76.84747900000002,True,True
2026096577,13,3349.702896,3336.005171,-13.697724999999991,True,True
2026096578,16,3256.252881,3408.127167,151.8742860000002,True,True
2026096579,12,3189.016208,3176.072493,-12.943714999999884,True,True
2026096580,15,3007.640376,3147.418689,139.77831300000025,True,True
2026096581,16,2952.839898,3091.734012,138.89411399999972,True,True
2026096582,16,3049.999556,3150.586341,100.58678499999996,True,True
2026096583,10,2245.367836,2331.993135,86.62529900000027,True,True
2026096584,16,3069.782581,3136.140362,66.35778100000016,True,True
2026096585,10,2631.39707,2618.607031,-12.790038999999979,True,True
2026096586,10,2865.810486,3187.166508,321.35602199999994,True,True
2026096587,16,3149.323796,3425.409386,276.0855899999997,True,True
2026096588,15,3099.442231,3034.616723,-64.8255079999999,True,True
2026096589,11,3077.770308,2903.091818,-174.67849000000024,True,True
2026096590,12,2981.962273,2843.291973,-138.67030000000022,True,True
2026096591,11,3311.325447,3105.809871,-205.51557600000024,True,True
2026096592,14,3262.80076,3293.637345,30.836585000000014,True,True
2026096593,14,2928.087466,2907.87107,-20.216395999999804,True,True
2026096594,11,3131.318756,3132.007531,0.6887750000000779,True,True
2026096595,12,2923.573193,2987.047627,63.47443399999975,True,True
2026096596,16,3259.08826,3128.728713,-130.35954700000002,True,True
2026096597,14,3142.604817,2904.937747,-237.66706999999997,True,True
2026096598,15,2548.334288,2905.161666,356.82737799999995,True,True
2026096599,11,2941.653085,3073.940601,132.28751599999987,True,True
2026096600,12,3389.990923,3317.812277,-72.17864599999984,True,True
2026096601,12,2518.483676,2452.176318,-66.30735800000002,True,True
2026096602,10,3025.741289,3278.523402,252.78211299999975,True,True
2026096603,15,3297.538502,3441.154544,143.6160420000001,True,True
2026096604,16,3397.670519,3393.456471,-4.214047999999821,True,True
2026096605,16,3309.160637,3424.536581,115.37594399999989,True,True
2026096606,12,3032.36385,3109.236367,76.87251699999979,True,True
2026096607,10,2864.230111,2884.189907,19.959796000000097,True,True
2026096608,12,2766.202162,2928.584278,162.38211599999977,True,True
2026096609,14,3477.315464,3558.281274,80.96581000000015,True,True
2026096610,16,3543.215527,3411.481443,-131.7340839999997,True,True
2026096611,16,3423.981621,3208.937163,-215.04445799999985,True,True
2026096612,12,3059.962761,3296.577921,236.6151600000003,True,True
2026096613,11,2858.034939,2852.315156,-5.719783000000007,True,True
2026096614,14,3000.829901,3185.07334,184.24343899999985,True,True
2026096615,13,2892.33801,2990.898291,98.56028100000003,True,True
2026096616,15,2754.619481,3018.790233,264.170752,True,True
2026096617,11,2867.966233,3165.740791,297.77455800000007,True,True
2026096618,13,2928.594854,3108.785718,180.19086400000015,True,True
2026096619,15,2963.985972,3048.779822,84.79385000000002,True,True
2026096620,15,3090.518299,3158.538272,68.01997299999994,True,True
2026096621,15,3175.613612,3224.589783,48.976170999999795,True,True
2026096622,13,3319.632585,3607.063599,287.43101400000023,True,True
2026096623,15,3151.638498,3459.229405,307.59090700000024,True,True
2026096624,13,2954.72182,3287.722241,333.00042099999973,True,True
2026096625,16,3517.73761,3780.577176,262.83956599999965,True,True
2026096626,13,3195.132916,3423.860997,228.7280810000002,True,True
2026096627,14,3125.163949,3110.48745,-14.676498999999694,True,True
2026096628,14,3236.610879,3041.426638,-195.18424099999993,True,True
2026096629,16,3104.28065,3370.050947,265.770297,True,True
2026096630,15,3462.572593,3470.17215,7.599557000000004,True,True
2026096631,12,3425.441103,3334.29101,-91.1500930000002,True,True
2026096632,12,3092.012649,3224.487996,132.47534700000006,True,True
2026096633,13,3039.66392,3127.161891,87.49797100000023,True,True
2026096634,12,2908.775449,3098.693852,189.91840299999967,True,True
2026096635,15,3582.784436,3689.721988,106.93755199999987,True,True
2026096636,13,3067.255491,3293.993459,226.7379679999999,True,True
2026096637,10,3223.603591,3313.064633,89.4610419999999,True,True
2026096638,10,2781.427645,2786.21489,4.787244999999984,True,True
2026096639,14,3269.513344,3255.815683,-13.697661000000153,True,True
2026096640,11,2882.421476,3139.507975,257.086499,True,True
2026096641,11,2983.331312,3142.887445,159.55613300000005,True,True
2026096642,13,3341.660792,3255.817338,-85.84345400000029,True,True
2026096643,14,3087.255884,3111.839922,24.584037999999964,True,True
2026096644,15,3053.038432,3153.351397,100.31296500000008,True,True
2026096645,12,2722.768717,2698.500892,-24.267824999999903,True,True
2026096646,11,3281.351626,3116.869865,-164.481761,True,True
2026096647,14,3021.299569,2959.813676,-61.48589299999958,True,True
2026096648,16,3606.496191,3412.761794,-193.73439700000017,True,True
2026096649,13,3230.223397,3536.201047,305.9776499999998,True,True
2026096650,12,2743.720151,2923.913559,180.1934080000001,True,True
2026096651,13,3077.24541,3202.009923,124.76451300000008,True,True
2026096652,16,3525.678608,3296.871056,-228.80755200000021,True,True
2026096653,14,3052.728198,3229.050258,176.32206000000042,True,True
2026096654,15,3190.043733,3463.561029,273.517296,True,True
2026096655,13,2945.968274,2834.389601,-111.57867299999998,True,True
2026096656,11,3098.912126,3285.730818,186.81869199999983,True,True
2026096657,11,3094.27036,3005.178606,-89.09175400000004,True,True
2026096658,14,3169.035065,3515.954887,346.91982199999984,True,True
2026096659,16,3250.447745,3127.98627,-122.46147500000006,True,True
2026096660,10,3077.125138,3015.113341,-62.01179699999966,True,True
2026096661,16,2833.215391,3003.006524,169.79113299999972,True,True
2026096662,14,3166.939923,3218.575696,51.63577299999997,True,True
2026096663,14,3137.724632,3261.081108,123.35647599999993,True,True
2026096664,16,3472.17466,3392.415219,-79.75944100000015,True,True
2026096665,15,3402.315523,3574.408144,172.09262099999978,True,True
2026096666,14,3287.313976,3400.416894,113.10291800000005,True,True
2026096667,15,3386.106359,3553.289839,167.18348000000015,True,True
2026096668,11,2853.178517,2866.751666,13.573149000000285,True,True
2026096669,11,3112.082921,3339.263407,227.18048599999975,True,True
2026096670,14,3474.247949,3444.507474,-29.74047500000006,True,True
2026096671,13,3129.474602,3096.495692,-32.978909999999814,True,True
2026096672,13,2927.086047,3035.345825,108.2597780000001,True,True
2026096673,16,3303.74045,3242.093256,-61.64719399999967,True,True
2026096674,13,2677.368577,2881.121707,203.7531299999996,True,True
2026096675,13,3048.761918,2919.209817,-129.55210100000022,True,True
2026096676,12,3045.032518,3051.300238,6.2677199999998265,True,True
2026096677,14,3243.562518,3467.791806,224.229288,True,True
2026096678,12,2883.056945,3018.708968,135.6520230000001,True,True
2026096679,10,2682.900406,2913.16368,230.2632739999999,True,True
2026096680,10,3168.192711,3146.765525,-21.427186000000347,True,True
2026096681,11,3217.399397,2872.652225,-344.7471720000003,True,True
2026096682,12,2879.663413,2861.595664,-18.067749000000276,True,True
2026096683,15,3086.428774,2959.777183,-126.65159099999983,True,True
2026096684,14,3168.241451,3159.366357,-8.87509399999999,True,True
2026096685,13,2940.226196,2947.547522,7.321325999999772,True,True
2026096686,11,2733.369328,2920.617722,187.24839399999973,True,True
2026096687,13,2961.766292,3137.677796,175.91150400000015,True,True
2026096688,10,2847.014034,2665.528632,-181.4854019999998,True,True
2026096689,14,2727.386338,3045.838277,318.45193900000004,True,True
2026096690,16,2987.128027,3263.442738,276.314711,True,True
2026096691,10,2709.742216,2776.285152,66.54293599999983,True,True
2026096692,15,3765.142046,3708.271463,-56.8705829999999,True,True
2026096693,15,3403.780304,3395.567492,-8.212811999999758,True,True
2026096694,16,2234.277065,2649.942428,415.6653629999996,True,True
2026096695,15,3193.232465,2818.389055,-374.84340999999995,True,True
2026096696,12,3120.982194,3062.924019,-58.05817500000012,True,True
2026096697,14,3115.29087,3020.737438,-94.5534319999997,True,True
2026096698,13,2881.194543,3174.607998,293.4134549999999,True,True
2026096699,15,3339.334656,3234.34688,-104.98777599999994,True,True
2026096700,14,3448.173428,3452.720789,4.54736099999991,True,True
2026096701,12,2964.111253,3172.763765,208.65251200000012,True,True
2026096702,14,3733.335297,3630.947935,-102.38736199999994,True,True
2026096703,12,3269.765919,3365.331881,95.56596200000013,True,True
2026096704,16,3329.561342,3354.849567,25.28822500000024,True,True
2026096705,11,2726.29726,2915.441031,189.14377100000002,True,True
2026096706,15,2919.255383,3106.675277,187.41989399999966,True,True
2026096707,14,2917.741401,3140.702933,222.9615319999998,True,True
2026096708,15,3482.244445,3165.251414,-316.993031,True,True
2026096709,13,3102.701377,3424.962643,322.261266,True,True
2026096710,12,3393.333976,3168.621619,-224.71235699999988,True,True
2026096711,12,2994.629116,3172.725901,178.09678499999973,True,True
2026096712,14,2590.743656,2706.249367,115.50571099999979,True,True
2026096713,11,3368.440068,3124.61864,-243.82142799999974,True,True
2026096714,11,2934.184479,2955.78758,21.60310100000015,True,True
2026096715,10,3049.718198,2987.811641,-61.90655700000025,True,True
2026096716,12,3035.915241,2938.353155,-97.56208600000036,True,True
2026096717,16,3230.452594,3296.627344,66.17475000000013,True,True
2026096718,14,3077.963953,3190.836592,112.87263900000016,True,True
2026096719,15,3327.461566,3413.056397,85.59483099999989,True,True
2026096720,12,2698.413966,2751.683311,53.2693449999997,True,True
2026096721,14,3523.570988,3679.226107,155.655119,True,True
2026096722,16,3030.928443,3327.814903,296.88646000000017,True,True
2026096723,11,3304.631442,3052.351019,-252.2804229999997,True,True
2026096724,12,2905.875935,2773.453868,-132.42206699999997,True,True
2026096725,15,3550.062357,3173.057262,-377.005095,True,True
2026096726,14,3307.549999,3172.7402,-134.80979899999966,True,True
2026096727,11,3217.440403,3411.534354,194.09395099999983,True,True
2026096728,15,3317.234199,3214.726873,-102.50732599999992,True,True
2026096729,15,3570.754777,3577.135162,6.380384999999933,True,True
2026096730,13,2969.809309,2821.259812,-148.54949700000043,True,True
2026096731,14,3052.792866,3118.881315,66.08844900000031,True,True
2026096732,13,3195.403995,3203.509923,8.105927999999949,True,True
2026096733,11,3163.530002,3233.363317,69.83331499999986,True,True
2026096734,12,2754.468108,2925.637003,171.1688949999998,True,True
2026096735,10,2645.471913,2706.673484,61.20157100000006,True,True
2026096736,10,2916.347181,2949.821198,33.474017,True,True
2026096737,15,3296.73331,3416.022038,119.28872799999999,True,True
2026096738,13,3095.333075,2732.075659,-363.2574159999999,True,True
2026096739,16,2867.579382,2872.611416,5.032034000000294,True,True
2026096740,10,2719.666559,2824.379614,104.71305500000017,True,True
2026096741,16,3638.182538,3539.135084,-99.04745400000002,True,True
2026096742,10,3076.383902,2966.226995,-110.15690700000005,True,True
2026096743,14,3135.472907,3091.458062,-44.014844999999696,True,True
2026096744,13,3250.226236,3197.159489,-53.06674699999985,True,True
2026096745,12,2795.358741,2969.824284,174.4655429999998,True,True
2026096746,12,2727.481534,2886.196066,158.71453199999996,True,True
2026096747,15,2934.234568,3069.890484,135.65591600000016,True,True
2026096748,15,3380.158263,3222.072063,-158.08619999999974,True,True
2026096749,15,3614.876944,3300.833374,-314.0435700000003,True,True
2026096750,16,3048.388948,3217.54139,169.15244200000006,True,True
2026096751,13,3024.73756,3215.348336,190.610776,True,True
2026096752,13,2864.297306,2860.049123,-4.248183000000154,True,True
2026096753,16,3142.614896,3661.133947,518.5190509999998,True,True
2026096754,13,3053.671298,3095.271486,41.60018799999989,True,True
2026096755,10,2784.728628,2990.976674,206.24804600000016,True,True
2026096756,13,2857.43416,2905.400809,47.966649000000416,True,True
2026096757,10,3081.542696,3337.044374,255.50167800000008,True,True
2026096758,12,3191.56354,3378.774908,187.21136799999977,True,True
2026096759,12,2996.404369,3260.688773,264.284404,True,True
2026096760,13,3051.396717,3250.502343,199.10562600000003,True,True
2026096761,16,3345.402896,3036.520879,-308.8820169999999,True,True
2026096762,16,3253.409421,3126.098215,-127.31120599999986,True,True
2026096763,11,2919.213192,2980.382449,61.169257000000016,True,True
2026096764,12,2952.913476,3017.168657,64.255181,True,True
2026096765,14,3125.050856,3372.533705,247.482849,True,True
2026096766,10,2782.673539,2842.367983,59.6944440000002,True,True
2026096767,13,3133.811734,3293.869259,160.05752500000017,True,True
2026096768,11,3054.272541,3009.305049,-44.967491999999766,True,True
2026096769,15,2881.002466,3004.773497,123.77103100000022,True,True
2026096770,11,3055.821355,3162.973538,107.15218300000015,True,True
2026096771,16,3095.740059,3109.356174,13.616114999999809,True,True
2026096772,15,3173.412857,3441.123141,267.71028400000023,True,True
2026096773,10,2970.684976,3263.039436,292.35446,True,True
2026096774,11,3165.691591,2998.521487,-167.1701039999998,True,True
2026096775,14,3050.955332,2957.008977,-93.94635500000004,True,True
2026096776,12,3161.19189,3124.785399,-36.40649100000019,True,True
2026096777,14,3113.342712,3290.611957,177.26924499999996,True,True
2026096778,11,2919.29213,3290.202788,370.91065800000024,True,True
2026096779,11,2877.434124,2977.106006,99.6718820000001,True,True
2026096780,15,3847.146708,3424.185389,-422.961319,True,True
2026096781,14,2924.442128,2963.580108,39.13797999999997,True,True
2026096782,10,2865.205882,3009.011412,143.80552999999964,True,True
2026096783,13,3015.923311,3071.167976,55.24466500000017,True,True
2026096784,12,2915.675878,3043.561221,127.88534299999992,True,True
2026096785,16,2737.952534,2741.66836,3.7158260000001064,True,True
2026096786,16,2906.527654,3167.124069,260.596415,True,True
2026096787,16,3208.112323,3226.384986,18.272663000000193,True,True
2026096788,15,3002.069588,2966.655917,-35.413670999999795,True,True
2026096789,13,2956.662586,2923.183952,-33.478634000000056,True,True
2026096790,16,3506.385418,3580.368289,73.98287100000016,True,True
2026096791,11,2957.62555,2878.478306,-79.14724400000023,True,True
2026096792,11,2505.758724,2695.211784,189.45306000000028,True,True
2026096793,11,2779.190773,3121.133698,341.9429250000003,True,True
2026096794,15,3123.219197,3074.899692,-48.319504999999936,True,True
2026096795,16,2823.469281,3088.384895,264.915614,True,True
2026096796,14,3071.829699,3213.006876,141.17717700000003,True,True
2026096797,13,3019.611452,2939.573596,-80.03785599999992,True,True
2026096798,15,3141.076515,3058.659356,-82.41715900000008,True,True
2026096799,15,3122.888396,3234.733035,111.84463900000037,True,True
2026096800,16,3784.011956,3326.835443,-457.1765129999999,True,True
2026096801,12,3143.409912,3048.860886,-94.54902600000014,True,True
2026096802,16,3166.650679,3098.921455,-67.7292239999997,True,True
2026096803,16,3050.659337,2961.843046,-88.81629100000009,True,True
2026096804,13,2958.073838,2880.542924,-77.53091399999994,True,True
2026096805,15,3005.924071,3032.718455,26.794384000000264,True,True
2026096806,12,3262.947394,3336.240478,73.29308400000036,True,True
2026096807,10,2880.618578,3056.973331,176.35475300000007,True,True
2026096808,16,3115.324408,3129.919277,14.594869000000017,True,True
2026096809,10,2509.115528,2598.25699,89.14146200000005,True,True
2026096810,16,3247.731142,3659.872868,412.14172599999984,True,True
2026096811,16,3095.544234,3093.576172,-1.968061999999918,True,True
2026096812,15,3297.291625,3114.714338,-182.57728699999961,True,True
2026096813,11,3156.443383,3031.68392,-124.75946299999987,True,True
2026096814,16,3056.437025,3091.346417,34.909392000000025,True,True
2026096815,14,3448.41146,3369.413958,-78.99750199999971,True,True
2026096816,14,3271.914878,3563.479749,291.56487100000004,True,True
2026096817,12,2937.53625,3091.568925,154.03267499999993,True,True
2026096818,12,3343.427841,3185.993563,-157.43427800000018,True,True
2026096819,10,3033.7462,3008.300632,-25.445568000000094,True,True
2026096820,16,3658.334192,3842.509833,184.17564100000027,True,True
2026096821,14,3076.242607,3241.803871,165.56126399999994,True,True
2026096822,13,3524.274648,3650.186272,125.91162399999985,True,True
2026096823,10,2899.667198,3166.939812,267.272614,True,True
2026096824,10,2772.166411,2631.593929,-140.57248200000004,True,True
2026096825,12,3246.15262,3053.120074,-193.0325459999999,True,True
2026096826,11,2993.891736,3102.675383,108.78364699999975,True,True
2026096827,12,3017.399795,2945.774372,-71.62542299999996,True,True
2026096828,13,2908.150142,3051.8637,143.71355799999992,True,True
2026096829,11,2995.162371,3076.81547,81.65309900000011,True,True
2026096830,16,3112.894698,3321.165382,208.27068400000007,True,True
2026096831,15,3545.536264,3456.140885,-89.39537900000005,True,True
2026096832,10,3093.392451,3123.826634,30.434182999999848,True,True
2026096833,16,3185.408619,3191.205729,5.797109999999975,True,True
2026096834,15,2891.16551,3136.429312,245.2638020000004,True,True
2026096835,16,2841.070258,3251.770986,410.7007279999998,True,True
2026096836,12,3060.607836,2946.869106,-113.73873000000003,True,True
2026096837,12,3188.75259,3154.142835,-34.60975499999995,True,True
2026096838,16,3254.019171,3179.970787,-74.04838399999971,True,True
2026096839,10,2838.375175,2990.460592,152.08541699999978,True,True
2026096840,14,3170.132112,3132.944812,-37.187299999999595,True,True
2026096841,12,2862.5965,2863.856508,1.2600079999997433,True,True
2026096842,16,3139.06276,3147.471752,8.408992000000126,True,True
2026096843,12,3232.756117,3352.02098,119.26486299999988,True,True
2026096844,12,3077.275156,3033.9215,-43.35365600000023,True,True
2026096845,13,2960.835444,3118.824387,157.9889430000003,True,True
2026096846,10,3068.049385,3121.017862,52.96847700000035,True,True
2026096847,12,3307.791879,3170.908325,-136.883554,True,True
2026096848,14,3468.485475,3634.908716,166.42324099999996,True,True
2026096849,10,2761.551193,2860.368041,98.81684800000039,True,True
2026096850,11,2848.558309,3145.263911,296.705602,True,True
2026096851,16,3631.558545,3563.693841,-67.86470400000007,True,True
2026096852,14,3260.838474,3416.158791,155.3203169999997,True,True
2026096853,16,2949.12645,3359.689237,410.56278699999984,True,True
2026096854,10,2840.929156,2954.016656,113.08749999999964,True,True
2026096855,11,3160.081158,3101.118851,-58.96230699999978,True,True
2026096856,15,3123.663978,3194.282137,70.6181590000001,True,True
2026096857,10,2846.667675,3021.560002,174.89232700000002,True,True
2026096858,15,3157.710285,3114.135371,-43.57491400000026,True,True
2026096859,13,2862.145638,2840.510123,-21.63551499999994,True,True
2026096860,11,3143.836163,2890.445059,-253.3911039999998,True,True
2026096861,15,2978.922668,3057.932305,79.00963699999966,True,True
2026096862,14,3439.375548,3515.015807,75.64025900000024,True,True
2026096863,11,3023.440437,3514.900562,491.4601249999996,True,True
2026096864,13,3087.055215,3120.759068,33.70385299999998,True,True
2026096865,11,2598.366333,2593.816037,-4.550295999999889,True,True
2026096866,13,3044.768034,3035.199847,-9.568187000000307,True,True
2026096867,16,3374.779695,3352.079907,-22.699788000000353,True,True
2026096868,15,3205.492704,3204.841794,-0.6509099999998398,True,True
2026096869,14,3139.195135,3098.978645,-40.216489999999794,True,True
2026096870,14,2730.826895,2985.231234,254.4043389999997,True,True
2026096871,14,3315.100639,3354.307785,39.20714600000019,True,True
2026096872,13,2706.878442,2905.85679,198.97834799999964,True,True
2026096873,13,3784.283458,3771.622416,-12.661041999999725,True,True
2026096874,12,3096.273984,3142.348,46.07401600000003,True,True
2026096875,11,3102.152118,3157.666546,55.51442799999995,True,True
2026096876,16,3689.478206,3385.614062,-303.86414399999967,True,True
2026096877,12,2908.383434,2945.819126,37.43569200000002,True,True
2026096878,16,3467.638539,3535.9656,68.32706099999996,True,True
2026096879,16,2970.145389,2997.932108,27.786719000000176,True,True
2026096880,16,3505.27112,3438.289595,-66.98152499999969,True,True
2026096881,10,2903.133055,2926.846252,23.713197000000036,True,True
2026096882,14,3359.505684,2996.589427,-362.9162570000003,True,True
2026096883,10,3107.349009,3004.578895,-102.77011399999992,True,True
2026096884,13,3207.829331,3101.294193,-106.53513799999973,True,True
2026096885,13,3422.562022,3417.304755,-5.257266999999956,True,True
2026096886,16,3220.340879,3349.631297,129.29041800000005,True,True
2026096887,16,3038.983141,3121.02194,82.03879899999993,True,True
2026096888,14,3130.653618,2856.75338,-273.9002379999997,True,True
2026096889,14,3023.611889,3184.719325,161.10743600000023,True,True
2026096890,12,2882.307564,2871.965931,-10.341633000000002,True,True
2026096891,15,3558.628517,3471.304979,-87.3235380000001,True,True
2026096892,15,3103.814353,3031.406868,-72.40748500000018,True,True
2026096893,13,3062.223892,3155.983358,93.75946599999997,True,True
2026096894,13,3089.301481,3213.946829,124.64534800000001,True,True
2026096895,15,3518.911244,3109.84719,-409.06405399999994,True,True
2026096896,11,2751.542552,2887.857584,136.31503199999997,True,True
2026096897,10,2607.315407,2814.732064,207.41665699999976,True,True
2026096898,13,3067.921711,3127.984255,60.06254399999989,True,True
2026096899,11,3194.944739,3208.333378,13.388638999999785,True,True
2026096900,15,3189.18798,3427.448438,238.26045799999974,True,True
2026096901,13,3013.609732,2952.068584,-61.541147999999794,True,True
2026096902,12,2765.368324,2840.23276,74.86443599999984,True,True
2026096903,10,2935.019071,3057.057219,122.03814799999964,True,True
2026096904,11,2849.602761,2865.496542,15.893780999999763,True,True
2026096905,15,3130.570935,3120.869872,-9.701062999999976,True,True
2026096906,10,2936.546552,2949.752202,13.205650000000333,True,True
2026096907,11,3011.429427,3054.037195,42.60776799999985,True,True
2026096908,13,3018.249884,3106.350597,88.10071300000027,True,True
2026096909,12,2857.161475,2969.787688,112.626213,True,True
2026096910,10,2949.677534,2714.693549,-234.98398499999985,True,True
2026096911,15,3257.832814,3386.100209,128.2673950000003,True,True
2026096912,13,2967.190327,2886.722889,-80.46743799999967,True,True
2026096913,13,2908.38957,2906.407103,-1.982466999999815,True,True
2026096914,16,3230.047563,3318.017614,87.97005099999978,True,True
2026096915,11,3013.35837,3027.738201,14.379831000000195,True,True
2026096916,13,3196.750531,3288.652073,91.90154200000006,True,True
2026096917,15,3143.605561,3322.555736,178.95017499999994,True,True
2026096918,14,3680.748525,3416.116892,-264.63163299999997,True,True
2026096919,14,3194.83798,3210.736145,15.898165000000063,True,True
2026096920,16,3395.135902,3533.564105,138.42820299999994,True,True
2026096921,15,3435.183798,3605.085222,169.90142400000013,True,True
2026096922,12,2724.084363,2981.948937,257.8645740000002,True,True
2026096923,12,3197.031433,3359.553679,162.522246,True,True
2026096924,10,2669.559706,2905.154044,235.59433799999988,True,True
2026096925,16,3055.198819,2999.214817,-55.984002000000146,True,True
2026096926,13,3176.908953,3285.085342,108.17638899999974,True,True
2026096927,13,3161.096213,3062.846271,-98.24994199999992,True,True
2026096928,10,2795.097796,2694.718938,-100.37885800000004,True,True
2026096929,16,3146.336843,3058.195378,-88.14146500000015,True,True
2026096930,16,3492.193726,3431.137602,-61.05612400000018,True,True
2026096931,15,3159.020419,3027.90603,-131.11438899999985,True,True
2026096932,11,2977.545521,2890.308012,-87.23750900000005,True,True
2026096933,15,3273.782272,3468.652137,194.86986500000012,True,True
2026096934,16,2965.737399,3490.151733,524.414334,True,True
2026096935,14,3377.545621,3499.22505,121.6794289999998,True,True
2026096936,12,3190.585993,3212.14971,21.563716999999997,True,True
2026096937,12,2972.979251,3118.937738,145.95848699999988,True,True
2026096938,16,3520.464075,3401.460361,-119.00371399999995,True,True
2026096939,14,3492.239573,3716.982149,224.7425760000001,True,True
2026096940,14,3156.912216,3106.395468,-50.51674800000001,True,True
2026096941,15,2725.286542,2841.74731,116.46076800000037,True,True
2026096942,14,3313.243525,3527.751481,214.50795599999992,True,True
2026096943,14,2832.034257,2735.206618,-96.82763899999964,True,True
2026096944,10,2938.574892,3126.170474,187.59558199999992,True,True
2026096945,14,3097.615462,3396.255235,298.6397729999999,True,True
2026096946,15,3093.275138,3089.344168,-3.9309699999998884,True,True
2026096947,12,2795.631212,2846.964366,51.33315400000038,True,True
2026096948,16,2867.172665,2932.731542,65.55887699999994,True,True
2026096949,12,3112.04668,3173.943801,61.89712099999997,True,True
2026096950,13,3031.492611,3072.076356,40.58374499999991,True,True
2026096951,11,2744.514907,2812.629785,68.11487799999986,True,True
2026096952,12,3313.408798,3345.295765,31.886966999999913,True,True
2026096953,13,3200.581411,3022.896284,-177.6851270000002,True,True
2026096954,16,3491.350058,3643.029345,151.67928699999993,True,True
2026096955,15,3461.64899,3569.277472,107.62848200000008,True,True
2026096956,14,2982.980355,3212.582384,229.60202899999967,True,True
2026096957,11,3198.556167,3400.922755,202.36658799999987,True,True
2026096958,10,2784.183501,2730.269744,-53.913756999999805,True,True
2026096959,15,3575.440443,3224.499124,-350.941319,True,True
2026096960,16,3477.510998,3727.183271,249.67227299999968,True,True
2026096961,10,2865.969597,2910.029148,44.05955100000028,True,True
2026096962,11,2716.99215,2886.043919,169.05176900000015,True,True
2026096963,15,3278.516475,3177.03512,-101.4813549999999,True,True
2026096964,11,2879.321572,2862.092364,-17.229207999999744,True,True
2026096965,14,3373.345105,3364.160413,-9.184691999999814,True,True
2026096966,14,3185.034306,3327.28563,142.25132399999984,True,True
2026096967,15,3237.177987,3546.989963,309.81197599999996,True,True
2026096968,11,3041.543588,2895.95905,-145.58453800000007,True,True
2026096969,14,3211.948073,3450.333796,238.38572299999987,True,True
2026096970,10,2561.463432,2807.292373,245.8289410000002,True,True
2026096971,11,3154.145756,3490.213209,336.0674530000001,True,True
2026096972,13,3094.210133,3127.247191,33.03705799999989,True,True
2026096973,14,3112.051925,3413.739919,301.6879939999999,True,True
2026096974,16,3100.780084,2928.002167,-172.7779169999999,True,True
2026096975,10,2994.14776,3045.393418,51.245658000000276,True,True
2026096976,14,2857.385504,3053.657203,196.27169900000035,True,True
2026096977,13,3018.0356,3085.903359,67.86775899999975,True,True
2026096978,15,3011.326697,3094.431032,83.10433499999999,True,True
2026096979,14,3144.068866,3197.241279,53.17241299999978,True,True
2026096980,10,2851.476418,2918.967131,67.49071299999969,True,True
2026096981,11,2868.927977,2851.378295,-17.549681999999848,True,True
2026096982,13,3012.261022,2881.297246,-130.96377600000005,True,True
2026096983,16,3458.410916,3266.363947,-192.046969,True,True
2026096984,14,3458.237191,3579.560239,121.32304799999974,True,True
2026096985,16,3055.162108,3046.626133,-8.53597499999978,True,True
2026096986,16,3190.317123,3192.497919,2.1807960000001003,True,True
2026096987,14,3617.476707,3403.553831,-213.92287599999963,True,True
2026096988,15,3069.360816,2879.059765,-190.30105099999992,True,True
2026096989,16,3260.795191,2992.736407,-268.0587840000003,True,True
2026096990,15,3059.318019,3085.461831,26.143812000000253,True,True
2026096991,13,3238.136729,3021.515379,-216.6213499999999,True,True
2026096992,15,3182.563492,3138.462086,-44.101406000000225,True,True
2026096993,14,2843.613393,3082.864054,239.25066100000004,True,True
2026096994,12,2735.755428,2839.293925,103.538497,True,True
2026096995,13,3208.781095,3365.195972,156.41487700000016,True,True
2026096996,14,2783.329685,2883.549646,100.21996099999978,True,True
2026096997,15,3251.417475,3417.261402,165.8439269999999,True,True
2026096998,12,3221.264382,3215.981063,-5.283318999999665,True,True
2026096999,16,3292.826977,3439.999281,147.1723039999997,True,True
2026097000,14,2576.544347,2882.588077,306.04372999999987,True,True
2026097001,10,2864.734628,2930.063012,65.32838399999991,True,True
2026097002,14,3482.86908,3288.224217,-194.644863,True,True
2026097003,16,3401.677006,3261.987444,-139.68956200000002,True,True
2026097004,11,3219.898519,3042.727804,-177.17071499999975,True,True
2026097005,16,3065.294415,2978.318974,-86.97544100000005,True,True
2026097006,10,2785.801962,2972.296877,186.49491500000022,True,True
2026097007,16,2983.836136,3337.918788,354.08265200000005,True,True
2026097008,12,3138.606577,3296.531153,157.9245759999999,True,True
2026097009,14,3126.997359,3272.007691,145.01033199999983,True,True
2026097010,13,3393.301858,3644.320243,251.0183850000003,True,True
2026097011,16,3181.713833,3101.784427,-79.92940599999974,True,True
2026097012,13,3186.049669,3499.876491,313.826822,True,True
2026097013,12,2781.005462,3040.685371,259.67990899999995,True,True
2026097014,12,3043.905589,3300.566077,256.660488,True,True
2026097015,12,3085.686681,3280.009828,194.32314700000006,True,True
2026097016,13,2957.179974,3000.148256,42.96828199999982,True,True
2026097017,14,3194.436999,3335.318704,140.88170499999978,True,True
2026097018,14,3150.946069,3498.148782,347.20271300000013,True,True
2026097019,11,2793.75883,2952.456733,158.69790299999977,True,True
2026097020,12,3166.249894,3294.541003,128.29110899999978,True,True
2026097021,13,3205.396553,3363.481296,158.0847429999999,True,True
2026097022,15,3491.586431,3646.909617,155.32318599999962,True,True
2026097023,16,3093.966239,3139.51222,45.54598100000021,True,True
2026097024,11,3341.744643,3308.820646,-32.92399699999987,True,True
2026097025,13,2834.627081,3064.312932,229.68585099999973,True,True
2026097026,14,2855.772068,2855.657057,-0.11501100000032238,True,True
2026097027,15,3730.59552,3403.281658,-327.313862,True,True
2026097028,11,2870.243722,2997.784663,127.54094099999975,True,True
2026097029,14,3041.358162,3076.977293,35.619130999999925,True,True
2026097030,16,2986.19031,2867.516019,-118.67429099999981,True,True
2026097031,14,2918.901805,3080.375894,161.47408899999982,True,True
2026097032,13,3324.984306,3261.89595,-63.08835599999975,True,True
2026097033,15,3505.390267,3698.168428,192.77816099999973,True,True
2026097034,16,3454.818702,3382.437039,-72.38166300000012,True,True
2026097035,11,3052.84804,2784.560791,-268.287249,True,True
2026097036,12,3260.994491,3099.800248,-161.19424299999991,True,True
2026097037,16,3119.365786,3471.609478,352.243692,True,True
2026097038,12,3167.137256,3066.40673,-100.73052599999983,True,True
2026097039,15,3147.449135,3279.690017,132.24088200000006,True,True
2026097040,10,3051.688118,2945.189006,-106.49911199999997,True,True
2026097041,16,3827.743182,3967.209208,139.46602600000006,True,True
2026097042,11,3208.422362,2955.547485,-252.87487699999974,True,True
2026097043,12,3335.907833,3287.926985,-47.98084800000015,True,True
2026097044,13,2977.676841,2977.414256,-0.26258499999994456,True,True
2026097045,10,2517.553475,2712.055582,194.5021069999998,True,True
2026097046,14,3136.557749,3500.813186,364.2554369999998,True,True
2026097047,12,2645.447787,2666.866903,21.41911600000003,True,True
2026097048,14,2905.432405,2909.882591,4.450186000000031,True,True
2026097049,13,3034.613551,3355.568872,320.9553209999999,True,True
2026097050,11,2760.779285,2862.642321,101.86303599999974,True,True
2026097051,16,3369.310896,3524.085453,154.7745570000002,True,True
2026097052,15,2722.569222,2643.396786,-79.17243600000029,True,True
2026097053,16,3038.234301,3036.538287,-1.6960140000001047,True,True
2026097054,14,3069.445016,3038.617724,-30.827291999999943,True,True
2026097055,14,3369.702257,3388.451632,18.749374999999873,True,True
2026097056,16,3485.60237,3414.145378,-71.4569919999999,True,True
2026097057,12,2973.491668,3266.92576,293.43409199999996,True,True
2026097058,14,3726.014107,3541.124845,-184.88926200000014,True,True
2026097059,13,3143.70919,3041.967232,-101.74195800000007,True,True
2026097060,13,3298.481965,3394.027494,95.54552899999999,True,True
2026097061,11,2686.526593,2593.884431,-92.6421620000001,True,True
2026097062,16,3562.002009,3307.70431,-254.29769899999974,True,True
2026097063,14,2994.256483,2939.069572,-55.18691100000024,True,True
2026097064,11,3208.571614,3042.18093,-166.39068399999996,True,True
2026097065,13,3115.257523,3138.973443,23.71591999999964,True,True
2026097066,13,3474.319191,3085.677521,-388.64167,True,True
2026097067,10,2981.199915,2994.124023,12.924107999999705,True,True
2026097068,16,2714.906576,2836.763867,121.85729100000026,True,True
2026097069,11,2939.928228,3087.643053,147.71482499999956,True,True
2026097070,13,3051.491298,3215.42355,163.93225200000006,True,True
2026097071,10,3049.583098,3066.323423,16.740324999999757,True,True
2026097072,13,2885.592554,3013.540849,127.94829500000014,True,True
2026097073,15,3319.944364,3155.373841,-164.57052299999987,True,True
2026097074,11,3093.487366,3128.522703,35.035337000000254,True,True
2026097075,16,3816.234434,3760.488244,-55.74618999999984,True,True
2026097076,10,2735.798988,2734.556697,-1.242291000000023,True,True
2026097077,10,3178.415258,3009.201003,-169.21425499999987,True,True
2026097078,11,2848.280261,3033.31718,185.03691900000013,True,True
2026097079,15,3249.731153,3144.401351,-105.3298020000002,True,True
2026097080,12,3140.439323,3192.472856,52.03353299999981,True,True
2026097081,15,3097.328469,3203.51382,106.18535100000008,True,True
2026097082,16,3116.035005,3118.332954,2.2979489999997895,True,True
2026097083,15,3118.067538,3103.517162,-14.550375999999687,True,True
2026097084,14,3607.349863,3202.636249,-404.7136139999998,True,True
2026097085,10,2830.391029,2865.197619,34.80659000000014,True,True
2026097086,16,3174.102572,3457.958101,283.8555290000004,True,True
2026097087,15,3303.48477,3195.772142,-107.71262800000022,True,True
2026097088,14,3657.475854,3448.343155,-209.13269899999977,True,True
2026097089,10,2999.564362,3150.865811,151.30144900000005,True,True
2026097090,15,3273.388665,3066.903115,-206.48554999999988,True,True
2026097091,16,3469.505063,3339.956433,-129.54863000000023,True,True
2026097092,15,3035.033121,3026.105889,-8.927232000000004,True,True
2026097093,16,3051.487996,3323.486039,271.99804300000005,True,True
2026097094,13,3322.913796,3404.040235,81.12643900000012,True,True
2026097095,11,2593.62775,2594.604331,0.9765809999998964,True,True
2026097096,15,3302.272807,3123.688404,-178.58440299999984,True,True
2026097097,10,2683.944126,2810.260925,126.31679900000017,True,True
2026097098,14,2972.173779,3126.473474,154.2996949999997,True,True
2026097099,16,3619.67854,3680.781814,61.103274000000056,True,True
2026097100,12,3072.940902,2934.113903,-138.8269989999999,True,True
2026097101,15,3397.456094,3219.334767,-178.1213270000003,True,True
2026097102,14,3528.515945,3540.187693,11.671747999999752,True,True
2026097103,13,2702.160338,2694.955345,-7.204993000000286,True,True
2026097104,12,3307.063061,3464.763028,157.69996700000002,True,True
2026097105,12,2764.980236,2842.399184,77.418948,True,True
2026097106,16,2983.905556,3329.147987,345.24243099999967,True,True
2026097107,13,2725.992745,3090.861899,364.869154,True,True
2026097108,16,3202.082986,3117.675254,-84.40773199999967,True,True
2026097109,13,3021.04905,3164.214814,143.16576399999985,True,True
2026097110,15,3443.311676,3503.378252,60.06657600000017,True,True
2026097111,10,2512.815107,2756.661512,243.84640500000023,True,True
2026097112,15,3019.498877,3199.834605,180.33572800000002,True,True
2026097113,15,3138.756353,3290.260276,151.50392299999976,True,True
2026097114,16,3336.69272,3235.729366,-100.96335399999998,True,True
2026097115,11,3024.702279,3160.429147,135.72686799999974,True,True
2026097116,14,3520.740669,3341.041323,-179.69934599999988,True,True
2026097117,10,2880.759185,2994.690359,113.93117400000028,True,True
2026097118,10,2891.348086,2923.36712,32.01903399999992,True,True
2026097119,10,3003.328348,2914.903787,-88.42456099999981,True,True
2026097120,15,3303.570998,3224.686525,-78.88447300000007,True,True
2026097121,13,3378.621448,3072.093345,-306.52810299999965,True,True
2026097122,12,2932.225181,3086.55665,154.3314690000002,True,True
2026097123,10,2777.550189,3043.536363,265.9861740000001,True,True
2026097124,16,3210.501439,3295.46982,84.96838099999968,True,True
2026097125,11,3047.84993,3120.789363,72.93943300000001,True,True
2026097126,10,2884.122235,2942.072155,57.94992000000002,True,True
2026097127,11,2939.42297,2918.181323,-21.241647000000285,True,True
2026097128,10,3049.160537,3160.782639,111.62210199999981,True,True
2026097129,12,2954.107439,3106.45617,152.34873100000004,True,True
2026097130,13,2943.710339,2658.170512,-285.53982700000006,True,True
2026097131,16,3360.772967,3374.087735,13.314768000000186,True,True
2026097132,10,2604.93182,2680.855457,75.92363700000033,True,True
2026097133,11,2786.219299,2779.885525,-6.333773999999721,True,True
2026097134,10,2933.144237,2988.001582,54.857344999999896,True,True
2026097135,14,2883.168158,2932.397079,49.2289209999999,True,True
2026097136,15,3272.160602,3139.921464,-132.2391379999999,True,True
2026097137,12,2686.585628,2814.031354,127.44572600000038,True,True
2026097138,10,2820.422167,2886.398925,65.97675799999979,True,True
2026097139,15,3196.353311,3288.288691,91.93538000000035,True,True
2026097140,12,2836.450621,2984.62816,148.17753900000025,True,True
2026097141,10,2913.834792,2975.393922,61.559130000000096,True,True
2026097142,15,3061.401437,3155.263802,93.86236499999995,True,True
2026097143,13,3193.950319,3036.926403,-157.0239160000001,True,True
2026097144,14,2964.114799,3320.673783,356.55898400000024,True,True
2026097145,13,3057.231916,3138.430326,81.19840999999997,True,True
2026097146,14,3283.571511,3414.353729,130.78221799999983,True,True
2026097147,12,3170.611669,3269.461237,98.84956800000009,True,True
2026097148,10,2903.331114,3079.638596,176.3074819999997,True,True
2026097149,15,2913.411646,3127.868633,214.45698700000003,True,True
2026097150,13,2681.693008,2772.400621,90.70761299999958,True,True
2026097151,16,3331.264076,3164.758098,-166.50597800000014,True,True
2026097152,10,2958.366292,3186.111777,227.74548499999992,True,True
2026097153,16,3525.001363,3300.317972,-224.68339100000003,True,True
2026097154,15,3101.424944,3214.894007,113.469063,True,True
2026097155,15,3011.511196,3456.628037,445.116841,True,True
2026097156,10,2978.413876,2836.726548,-141.68732799999998,True,True
2026097157,12,3130.201594,2965.682628,-164.5189660000001,True,True
2026097158,15,3207.849678,3436.562459,228.71278100000018,True,True
2026097159,10,2970.115214,2790.021216,-180.09399799999983,True,True
2026097160,14,3310.872834,3296.11792,-14.754913999999644,True,True
2026097161,10,3241.475468,3112.62468,-128.8507880000002,True,True
2026097162,16,2812.495152,2977.979529,165.48437700000022,True,True
2026097163,14,3169.989618,3065.414794,-104.57482400000026,True,True
2026097164,13,2834.566005,2883.856043,49.290038000000095,True,True
2026097165,15,3132.966572,3237.511319,104.54474700000037,True,True
2026097166,16,3316.705062,3180.050903,-136.65415900000016,True,True
2026097167,13,3007.555407,3054.632279,47.076872000000094,True,True
2026097168,11,2821.634201,2835.411557,13.777356000000054,True,True
2026097169,12,2732.551172,2777.543142,44.99197000000004,True,True
2026097170,12,2801.46632,2874.106947,72.64062700000022,True,True
2026097171,15,3571.648419,3560.881817,-10.766602000000148,True,True
2026097172,16,3493.081743,3350.965247,-142.1164960000001,True,True
2026097173,12,2991.522943,3011.562591,20.039647999999943,True,True
2026097174,14,2859.149004,2914.226842,55.077838000000156,True,True
2026097175,11,2949.353617,3081.592478,132.23886099999982,True,True
2026097176,10,2615.459732,2770.789418,155.32968600000004,True,True
2026097177,13,3061.383808,3185.155442,123.77163400000018,True,True
2026097178,10,2737.566861,2952.396209,214.8293480000002,True,True
2026097179,12,3158.257813,3328.69301,170.4351969999998,True,True
2026097180,11,3123.516991,3165.991669,42.47467800000004,True,True
2026097181,16,3562.122807,3450.181315,-111.94149200000038,True,True
2026097182,12,3045.667767,2851.144643,-194.52312399999983,True,True
2026097183,16,2943.433172,2976.20742,32.77424800000017,True,True
2026097184,13,2925.256341,2993.568233,68.31189200000017,True,True
2026097185,11,2764.015524,2681.83096,-82.18456400000014,True,True
2026097186,14,3205.993306,3407.118334,201.12502799999993,True,True
2026097187,13,2810.976921,2729.884486,-81.09243500000002,True,True
2026097188,14,2871.491327,2834.11999,-37.37133700000004,True,True
2026097189,15,3032.696763,3050.853617,18.156854000000294,True,True
2026097190,10,2652.027612,2690.616211,38.58859900000016,True,True
2026097191,16,3398.54712,3512.691623,114.14450299999999,True,True
2026097192,14,3285.643601,3035.864477,-249.77912400000014,True,True
2026097193,11,2849.701016,2894.699694,44.99867799999993,True,True
2026097194,14,3054.055371,3146.782865,92.7274940000002,True,True
2026097195,15,3158.38652,3380.828201,222.4416809999998,True,True
2026097196,15,2983.241257,3211.24887,228.00761299999976,True,True
2026097197,14,2930.44954,2873.179137,-57.27040299999999,True,True
2026097198,10,2954.440441,3047.93331,93.4928689999997,True,True
2026097199,10,2827.612911,2773.86032,-53.75259100000039,True,True
2026097200,15,3079.945695,3165.654161,85.70846600000004,True,True
2026097201,13,2843.246801,2687.8035,-155.4433009999998,True,True
2026097202,13,2678.467389,2740.696423,62.229033999999956,True,True
2026097203,15,3142.950209,3032.106464,-110.84374500000013,True,True
2026097204,10,3055.350786,2997.372358,-57.978427999999894,True,True
2026097205,11,2882.474215,2885.266255,2.7920399999998153,True,True
2026097206,12,2846.324623,2863.050666,16.726043000000118,True,True
2026097207,15,2947.785644,3089.480788,141.6951439999998,True,True
2026097208,13,2689.608174,2678.001349,-11.606824999999844,True,True
2026097209,11,3479.366744,3230.268891,-249.09785299999976,True,True
2026097210,16,3007.032616,2631.115313,-375.9173030000002,True,True
2026097211,16,3029.824433,2843.314038,-186.51039500000024,True,True
2026097212,12,2957.185705,3362.319822,405.13411700000006,True,True
2026097213,14,2913.579726,3116.536915,202.9571890000002,True,True
2026097214,15,2953.935509,3117.981969,164.04646000000002,True,True
2026097215,13,3108.08135,3132.376823,24.29547300000013,True,True
2026097216,14,3163.347161,3228.183617,64.836456,True,True
2026097217,11,3244.173626,2970.048051,-274.12557499999957,True,True
2026097218,13,2914.416301,2810.578466,-103.83783500000027,True,True
2026097219,13,3411.839922,3103.251171,-308.58875100000023,True,True
2026097220,12,3008.99667,3083.033532,74.03686199999993,True,True
2026097221,13,2768.696379,2776.557667,7.861288000000059,True,True
2026097222,14,3330.098151,3178.415352,-151.68279900000016,True,True
2026097223,14,3181.005949,3129.478948,-51.52700099999993,True,True
2026097224,15,3318.634227,3742.761863,424.12763600000017,True,True
2026097225,16,3211.137831,3267.319352,56.181520999999975,True,True
2026097226,12,2865.949065,2860.18484,-5.764224999999897,True,True
2026097227,12,3444.035694,3389.182618,-54.85307600000033,True,True
2026097228,11,2946.232739,3034.244196,88.01145700000006,True,True
2026097229,11,2711.418533,2820.881642,109.4631089999998,True,True
2026097230,15,2838.8527,3182.358832,343.506132,True,True
2026097231,11,2949.74868,2925.555935,-24.192745000000286,True,True
2026097232,15,2971.245915,2974.020121,2.7742060000000492,True,True
2026097233,10,3019.587997,3091.688573,72.10057599999982,True,True
2026097234,12,3095.717621,3099.778837,4.061216000000059,True,True
2026097235,15,3039.957123,2975.347248,-64.6098750000001,True,True
2026097236,12,3014.289135,2821.545339,-192.7437960000002,True,True
2026097237,11,2515.410661,2663.068568,147.65790700000025,True,True
2026097238,12,3014.980936,3109.649498,94.66856200000029,True,True
2026097239,14,2852.444005,2902.05245,49.6084450000003,True,True
2026097240,15,3628.441071,3422.948905,-205.492166,True,True
2026097241,12,2798.24931,2822.419787,24.170476999999664,True,True
2026097242,11,2621.818851,2763.87922,142.0603689999998,True,True
2026097243,13,2975.015426,2851.321378,-123.69404799999984,True,True
2026097244,10,3030.256221,2993.039799,-37.216421999999966,True,True
2026097245,13,2897.892688,3117.870304,219.97761600000013,True,True
2026097246,12,3022.913089,2888.026479,-134.88661000000002,True,True
2026097247,10,2779.470685,2870.923798,91.45311300000003,True,True
2026097248,16,3438.806395,3534.103734,95.29733899999974,True,True
2026097249,13,3224.055105,3075.981993,-148.07311200000004,True,True
2026097250,10,3061.893793,3141.980782,80.0869889999999,True,True
2026097251,13,2940.17901,2949.830509,9.651499000000058,True,True
2026097252,13,3209.343631,3134.970426,-74.37320500000033,True,True
2026097253,16,3736.864251,3581.099618,-155.76463299999978,True,True
2026097254,16,2932.168405,3379.029383,446.86097800000016,True,True
2026097255,15,3288.927331,3324.094823,35.16749200000004,True,True
2026097256,15,3072.339616,3214.33795,141.9983339999999,True,True
2026097257,13,3061.835911,3029.877174,-31.95873699999993,True,True
2026097258,12,3155.729371,3137.284015,-18.44535599999972,True,True
2026097259,13,3121.022535,3083.412767,-37.60976800000026,True,True
2026097260,11,3042.585843,2677.373038,-365.21280499999966,True,True
2026097261,12,2861.173079,2959.194598,98.0215189999999,True,True
2026097262,11,3242.006301,3448.229423,206.22312200000033,True,True
2026097263,13,3149.750792,3304.352273,154.60148100000015,True,True
2026097264,12,3348.082943,3227.413897,-120.66904599999998,True,True
2026097265,11,2850.562286,2843.40642,-7.15586600000006,True,True
2026097266,15,3447.25478,3561.620873,114.36609299999964,True,True
2026097267,15,3284.215759,3624.882579,340.6668199999999,True,True
2026097268,16,3034.920276,2901.457781,-133.46249499999976,True,True
2026097269,16,3240.290456,3243.125448,2.834991999999602,True,True
2026097270,13,2925.521733,2793.314748,-132.20698500000026,True,True
2026097271,10,2679.683309,2686.866868,7.183559000000059,True,True
2026097272,11,3334.348924,3050.706226,-283.6426980000001,True,True
2026097273,15,3581.466714,3505.994849,-75.47186499999998,True,True
2026097274,10,2928.067144,3222.109446,294.04230199999984,True,True
2026097275,16,3314.921867,3614.479231,299.5573639999998,True,True
2026097276,12,2951.185677,2802.702582,-148.48309500000005,True,True
2026097277,12,2879.963059,3010.568911,130.6058519999997,True,True
2026097278,15,3437.165768,3237.526538,-199.63922999999977,True,True
2026097279,12,3191.469799,3008.419096,-183.05070299999988,True,True
2026097280,13,2895.914203,2992.983014,97.0688110000001,True,True
2026097281,10,2878.259917,2974.851253,96.59133599999996,True,True
2026097282,15,3672.465449,3304.587764,-367.87768499999993,True,True
2026097283,10,2637.614159,2836.070577,198.45641799999976,True,True
2026097284,14,3010.147866,3185.721339,175.57347300000038,True,True
2026097285,15,3270.968849,3215.496829,-55.4720199999997,True,True
2026097286,14,3574.137229,3354.029788,-220.1074410000001,True,True
2026097287,14,3008.673196,3219.876054,211.20285799999965,True,True
2026097288,11,3307.428377,3378.368199,70.93982199999982,True,True
2026097289,13,2999.844771,3023.215212,23.370441000000028,True,True
2026097290,12,3234.497879,3579.592636,345.09475699999984,True,True
2026097291,15,3334.587927,3518.500777,183.91285000000016,True,True
2026097292,15,3187.332992,3215.831327,28.49833499999977,True,True
2026097293,15,2971.065401,3130.678117,159.6127160000001,True,True
2026097294,12,3008.42091,2985.86286,-22.55804999999964,True,True
2026097295,14,2869.247725,3092.414436,223.16671099999985,True,True
2026097296,11,2785.539857,2904.623311,119.08345399999962,True,True
2026097297,11,2813.108743,2952.248982,139.1402390000003,True,True
2026097298,10,2921.415821,2835.912519,-85.50330200000008,True,True
2026097299,13,3411.15138,3274.618326,-136.533054,True,True
