case_key,group,case_id,method,lifecycle,stop_reason,current_channel,virtual_time_s,virtual_time_us,cleared_count,distance_m,measurement_count,clear_attempt_count,failed_clear_count,switch_count,source_total,all_cleared,error,cpu_seconds,wall_seconds,seconds_per_source,directional_count,tail_after_last_clear_s,action_sha256,planner_seconds,transit_stops,route_accepts
main-0002,practice_generator,f64733f5a9e94c26,v6,ended,user_exit,18,5566.241132,5566241132,10,19806.205638649346,261,11,1,247,10,True,,0.173641,0.18596254198928364,556.6241132,1,650.1881460000004,eea5bf6d0bd37592d895014dcc8b81941330653bcf2fe49c690bd9b502fe7192,0.06798866705503315,6,0
main-0002,practice_generator,f64733f5a9e94c26,v4,ended,user_exit,20,5598.595226,5598595226,10,20012.976120144605,259,12,2,245,10,True,,0.023079000000000016,0.024659707996761426,559.8595226,1,652.0944939999999,011fe40f407396414ffd77fede62db4ca7282b4cf0db3c5197fea9ef8c1c9c2b,0,0,0
main-0002,practice_generator,f64733f5a9e94c26,v5,ended,user_exit,20,5577.163734,5577163734,10,19915.81866256927,258,13,3,245,10,True,,0.15803300000000003,0.16678966701147147,557.7163734,1,652.0944939999999,025a0826fdc328be9f5a2fa573e355d57fa6133b2b202c73fb87a01109675024,0.101337999018142,0,0
main-0000,practice_generator,bd87cdab6a7503a0,v4,ended,user_exit,19,5516.659994,5516659994,12,20258.29995542125,235,14,2,224,12,True,,0.027944999999999998,0.030517709004925564,459.72166616666664,3,366.54796199999964,fae61b59f2868afbf51f2ac65ae5439ffed50fc7e025038d02fc440790d833b2,0,0,0
main-0000,practice_generator,bd87cdab6a7503a0,v5,ended,user_exit,19,5510.07387,5510073870,12,20225.36934076301,235,13,1,227,12,True,,0.19218200000000002,0.20675650000339374,459.1728225,3,366.6228950000004,a152eb4c1ce998ccdc947a10cfb6dd358978ec0a34ca80e8f42fa0529416f6ed,0.10077229197486304,0,0
main-0000,practice_generator,bd87cdab6a7503a0,v6,ended,user_exit,20,5514.171376,5514171376,12,20140.856862824272,239,13,1,228,12,True,,0.21190799999999999,0.2260928750038147,459.5142813333334,3,365.8488100000004,5467aa351e477313ae2040076551a797f3b9cbc2442e69845e5fe956551435fa,0.044984040985582396,8,0
main-0001,practice_generator,a2e8b4383f40db5c,v5,ended,user_exit,20,5607.114338,5607114338,11,20400.57168070958,246,13,2,236,11,True,,0.24791000000000002,0.26625741700991057,509.7376670909091,3,665.2196460000005,e90ce462f5d0e0ed8ef4e3b96d9bbb41faec17ff244ee2098f7b32c208dbb300,0.18335053900955245,0,0
main-0001,practice_generator,a2e8b4383f40db5c,v6,ended,user_exit,18,5588.57277,5588572770,11,19807.86383584601,262,16,5,247,11,True,,0.385962,0.41262312498292886,508.05206999999996,3,389.9697070000002,05c9a9616642fc353a95c3c9d389fba7401fb4fe492ecc3e80dc3a84b2b1c083,0.21429991701734252,6,5
main-0001,practice_generator,a2e8b4383f40db5c,v4,ended,user_exit,20,5599.784923,5599784923,11,20378.924611103874,246,12,1,236,11,True,,0.024579000000000018,0.025384375010617077,509.07135663636365,3,665.2196460000005,75c67e774f33a3754cf66753c1ce3612326a4c2141d83742c0c42f2ecbefd4cb,0,0,0
main-0004,practice_generator,cc96537aa9aeed44,v5,ended,user_exit,8,5570.13375,5570133750,12,20265.668749629698,239,26,14,220,12,True,,0.580477,0.6176631670095958,464.1778125,4,0.0,df1031bf3fa71e12c4b571350cb20fa3e2807ba9e0102c1d3eaa26f0f4af8057,0.5091803329705726,0,0
main-0004,practice_generator,cc96537aa9aeed44,v6,ended,user_exit,17,5668.158909,5668158909,12,20610.79454263977,247,20,8,227,12,True,,0.5532539999999999,0.5698601670155767,472.34657575,4,592.1337960000001,da99e7fd06d11d00759415346dcc4cc154084914b890c65c68d51a49db986f54,0.3815310019708704,11,3
main-0004,practice_generator,cc96537aa9aeed44,v4,ended,user_exit,8,5712.304659,5712304659,12,20906.523289595996,238,33,21,218,12,True,,0.027771999999999908,0.028230541007360443,476.02538825000005,4,0.0,aa85d4c2353938045f1fc739c0f102279ff553bad946fc40d60181e565a23278,0,0,0
main-0006,practice_generator,b56535d635df1194,v4,ended,user_exit,19,5692.294417,5692294417,12,20316.472078123516,263,13,1,251,12,True,,0.02899800000000008,0.03140458301641047,474.35786808333336,4,628.3711990000002,b49daf6b610a63757a6b17c250c5c87f13d310b72e3728205d313d0a2c97812d,0,0,0
main-0006,practice_generator,b56535d635df1194,v5,ended,user_exit,19,5704.623417,5704623417,12,20383.11707626789,263,13,1,250,12,True,,0.4610019999999999,0.4880445000017062,475.38528475,4,628.3711990000002,a8c330f1ae6e7bb06fbb003a836372b69da8c2b5c29914fa29373bc8ab15fc14,0.37706237798556685,0,0
main-0006,practice_generator,b56535d635df1194,v6,ended,user_exit,19,5670.890457,5670890457,12,20289.452272292692,261,12,0,248,12,True,,0.37123400000000006,0.3792945420136675,472.57420475000004,4,628.3916260000005,843d9e96badef98627f91e405c50b78bf40ac04f844ced51764564a0fba5bd00,0.19409004200133495,7,2
main-0003,practice_generator,f5cdf33530420723,v4,ended,user_exit,1,5671.930178,5671930178,16,21889.650895670384,193,38,22,183,16,True,,0.03272999999999998,0.035871999978553504,354.495636125,8,0.0,55c4e1c211916641cb19a6a934b99609777b2f093d38719fe1988a5684bb8c32,0,0,0
main-0003,practice_generator,f5cdf33530420723,v5,ended,user_exit,14,5500.083699,5500083699,16,21140.418487032533,195,26,10,187,16,True,,0.9433539999999999,1.0033686670067254,343.7552311875,8,0.0,559e7c7f1e9bd6ce228a44b029441f1f39875a489f0d33cf920d935d27e5aa46,0.9032459579466376,0,0
main-0003,practice_generator,f5cdf33530420723,v6,ended,user_exit,7,5385.766862,5385766862,16,20473.834307064553,197,32,16,178,16,True,,0.922523,0.9436621659842785,336.610428875,8,0.0,c66835631e18d4dbba7424bf395d61c08f077457069ada78be8428c73e3d6927,0.7333515840000473,14,2
main-0007,practice_generator,1e36f00671767f5f,v5,ended,user_exit,18,5953.135907,5953135907,12,21470.67952681872,265,19,7,253,12,True,,0.4537469999999999,0.4593681250116788,496.0946589166667,6,547.80332,e8b7c55a54c518fa0bd9b19394c1ac87f3e2ee7befbd154370f91647e539b551,0.3631738339900039,0,0
main-0007,practice_generator,1e36f00671767f5f,v6,ended,user_exit,18,5847.354989,5847354989,12,20216.77491231193,291,16,4,277,12,True,,0.5337269999999998,0.5411261249973904,487.2795824166667,6,365.2712110000002,20081152c9e6846337e41314f8f85eda6f126327fa2216aaedc4343d44249bfc,0.3586777909658849,8,4
main-0007,practice_generator,1e36f00671767f5f,v4,ended,user_exit,17,6085.00117,6085001170,12,22095.00584618406,266,19,7,255,12,True,,0.024875999999999898,0.02546154201263562,507.0834308333333,6,462.4659729999994,2f8d4e17f7b9d056de27ef09922f9c8c31391cdd38d1bab05612ded71428ff00,0,0,0
main-0005,practice_generator,a3357464f4d1e882,v6,ended,user_exit,19,6411.98656,6411986560,12,22224.932783772834,314,25,13,298,12,True,,1.1178219999999999,1.1677065420080908,534.3322133333334,12,137.62960500000008,6c67e99bad08be5f2207398d6865a7178d4c143f1ba01e26c446b3f0ccaeb084,0.9832802929449826,12,2
main-0005,practice_generator,a3357464f4d1e882,v4,ended,user_exit,14,6557.163677,6557163677,12,23560.818386309715,285,43,31,267,12,True,,0.02962499999999979,0.029769415996270254,546.4303064166667,12,164.10226899999998,d3034fb8dbab83a9976017c174da0a3ae7a8f7d7b128e5ff0546cbabb8676a14,0,0,0
main-0005,practice_generator,a3357464f4d1e882,v5,ended,user_exit,19,6478.520031,6478520031,12,22502.600163949606,313,30,18,299,12,True,,1.232225,1.2492377079906873,539.87666925,12,135.13477299999977,a708259664d189368719aa7438e35db0f22fc88f290be19f7c64d3f716dd9496,1.117703538009664,0,0
main-0008,practice_generator,a503ddfdab1a5a41,v6,ended,user_exit,19,5923.155587,5923155587,10,20410.777898306376,297,19,9,279,10,True,,0.3669760000000002,0.3723947500111535,592.3155587,7,445.1092699999999,d3aa9860b475140f48af2fa5e3c7e91c2332428cdb3e0dc224d35789e437dc4e,0.2601903739850968,6,1
main-0008,practice_generator,a503ddfdab1a5a41,v4,ended,user_exit,20,5977.160109,5977160109,10,20570.800540121883,303,14,4,286,10,True,,0.023165999999999798,0.023684125015279278,597.7160109,7,108.50389300000006,b6b86f71471a603cd6e5ec7f142a021d6137630c09c0ef5d58b4d842c652ef60,0,0,0
main-0008,practice_generator,a503ddfdab1a5a41,v5,ended,user_exit,20,6025.370721,6025370721,10,20711.85357374901,302,23,13,284,10,True,,0.883197,0.8940765830047894,602.5370721,7,108.50389300000006,670aa184679a3d51e8eff63a002d44e28b9a7e42702571843505ce323c774e6d,0.8253830019966699,0,0
main-0011,practice_generator,f644de44ac4ab36f,v6,ended,user_exit,17,5711.745215,5711745215,10,19928.72604398542,280,14,4,264,10,True,,0.3377910000000002,0.3406620000023395,571.1745215,4,380.42832,b03433b336b80facfaef0d8305d4abfb6fd911630e88f61479c9fae033d965f6,0.21679053996922448,7,2
main-0011,practice_generator,f644de44ac4ab36f,v4,ended,user_exit,17,5754.463086,5754463086,10,20242.315429407434,275,17,7,260,10,True,,0.022781000000000162,0.0228840830095578,575.4463086,4,379.4153239999996,2254e56776de24a80f9cf55184b75244dcdc1134a0642b874f221519422625be,0,0,0
main-0011,practice_generator,f644de44ac4ab36f,v5,ended,user_exit,19,5657.122718,5657122718,10,19845.613577701428,273,15,5,258,10,True,,0.438577,0.4428175420034677,565.7122717999999,4,440.9890719999994,79a2deb14ee228ce90a316409dd4246005d9167499448d54bdef3f1334d9ea9b,0.37553408296662383,0,0
main-0010,practice_generator,22adede79eeca0f1,v5,ended,user_exit,20,5713.074074,5713074074,13,20475.370364628852,257,20,7,247,13,True,,0.513725,0.5187886659987271,439.46723646153845,3,174.3236079999997,61791d40e97a530ef5f9c3693d0d8ecda6f1664b7e8f3b18748b0dbb63da1663,0.41479479198460467,0,0
main-0010,practice_generator,22adede79eeca0f1,v6,ended,user_exit,20,5812.144144,5812144144,13,20675.720719476463,269,17,4,255,13,True,,0.7219469999999997,0.7298771670029964,447.08801107692307,3,161.06599600000027,ace0b94cc0d1e9a4e2bb9d22c54b6c1c86dda99900e73eabec23ee449882c22f,0.548522249009693,12,0
main-0010,practice_generator,22adede79eeca0f1,v4,ended,user_exit,20,5712.798459,5712798459,13,20448.992289676455,258,20,7,247,13,True,,0.026086999999999527,0.026929000014206395,439.4460353076923,3,174.3236079999997,4a9432e8e9e48857fb14d9b832c34ac84cc6e009ed30bc19c69094dbf777d927,0,0,0
main-0014,practice_generator,2ac7f964f44e0e16,v6,ended,user_exit,19,5333.335684,5333335684,14,19971.678419162006,210,21,7,198,14,True,,0.2627329999999999,0.332047625008272,380.95254885714286,4,350.9702019999995,9ee24e6aff7800a9020eaa8dffe24b20f16ee86ce2b5b20a78545195064da7cf,0.06676241700188257,5,2
main-0014,practice_generator,2ac7f964f44e0e16,v4,ended,user_exit,12,5568.352362,5568352362,14,20561.761814709927,228,23,9,219,14,True,,0.03381999999999952,0.03427999999257736,397.7394544285714,4,355.2305959999994,0237fe192ecbfa5744bc99f1285c53945fcd483b51aebd5d4d5c22e4f2189f6c,0,0,0
main-0014,practice_generator,2ac7f964f44e0e16,v5,ended,user_exit,12,5510.001292,5510001292,14,20375.00644444715,226,20,6,217,14,True,,0.3253700000000004,0.3295478749787435,393.57152085714284,4,355.23059600000033,e0f2f948f2e3c71f2f5fa8979e40ba816c794867bb13425c475accdf3d065135,0.17300633201375604,0,0
main-0012,practice_generator,7490aa7bcc79df87,v4,ended,user_exit,20,6294.299288,6294299288,12,23471.496433477907,250,30,18,236,12,True,,0.03080800000000039,0.03121691700653173,524.5249406666667,11,199.5328930000005,41f20ff8b42963d589e80b3b3b8990eb53e5f86da9d26386527db6c5a7e91991,0,0,0
main-0012,practice_generator,7490aa7bcc79df87,v5,ended,user_exit,20,6327.583017,6327583017,12,23067.915073712753,270,29,17,253,12,True,,1.0533739999999998,1.0970469590101857,527.29858475,11,687.3235999999997,24f5d621aa83c5f050d9df702331f6072eb070249c25c54291ca86d1ea8dd142,1.020582457043929,0,0
main-0012,practice_generator,7490aa7bcc79df87,v6,ended,user_exit,20,6223.649772,6223649772,12,22618.248832467158,272,20,8,256,12,True,,0.6418499999999998,0.6692052080179565,518.637481,11,687.756155,da688092df685adb670a8ee5f456cd536cf43b09d1b5a92ad8fa92c989f780fd,0.5162571649998426,6,0
main-0013,practice_generator,92b23e5b73b58665,v5,ended,user_exit,17,5766.174335,5766174335,12,20630.871677234736,260,23,11,247,12,True,,0.4810380000000003,0.5552092079888098,480.5145279166666,6,154.0974099999994,a08bc96e6a60c9ff891aec1ede175dccf6649d647e22664d2127648dbdf2e532,0.4654644580150489,0,0
main-0013,practice_generator,92b23e5b73b58665,v6,ended,user_exit,15,5809.542455,5809542455,12,20717.71227556221,265,22,10,251,12,True,,0.5015519999999993,0.5083482500049286,484.12853791666663,6,150.87545200000022,28426fe97178844480af476910e2a9ad5ac714a9a0c2c7ab6c1741281dec31ab,0.3335172490333207,10,2
main-0013,practice_generator,92b23e5b73b58665,v4,ended,user_exit,17,5763.270631,5763270631,12,20661.353159105165,257,26,14,244,12,True,,0.02909000000000006,0.029491541994502768,480.2725525833334,6,155.13523200000054,16ec4b7d3f19fe3c212debbe90bdef81fa5504f8a9c169e0d962bd18e411f2dc,0,0,0
main-0009,practice_generator,32fb08ef642020e8,v4,ended,user_exit,18,6864.313704,6864313704,12,24606.56853205062,306,34,22,287,12,True,,0.030040999999999762,0.03070575001765974,572.026142,12,0.0,ab9190a55a38474175a0d9356d6421771b2b209fefaaf5975d1782706cc57584,0,0,0
main-0009,practice_generator,32fb08ef642020e8,v5,ended,user_exit,16,6390.277234,6390277234,12,23341.386180884547,268,35,23,253,12,True,,1.6028639999999998,1.6214397920120973,532.5231028333334,12,1167.8658960000002,fe178ae8d17d09fa10910d684402db44f3a8db4e2118baa0cd1085cae27b3b74,1.5540106229600497,0,0
main-0009,practice_generator,32fb08ef642020e8,v6,ended,user_exit,16,6280.316186,6280316186,12,22896.580922905603,271,25,13,247,12,True,,1.453147,1.537880416988628,523.3596821666666,12,1166.828716,c958dcf39f829d62edf5d95aa1149f5acf32eb11ea958504c22c4bf899171b15,1.4026547049288638,10,4
main-0016,practice_generator,0f119d5a3c7635fc,v5,ended,user_exit,17,5398.187328,5398187328,10,18700.936638590443,265,21,11,250,10,True,,0.1845920000000003,0.18712404198595323,539.8187328,3,359.4774260000004,5cf7b4668b300e6139abef9a5f5932ea5814ac2f109eb38ae0ad291e5fe196fa,0.12008333203266375,0,0
main-0016,practice_generator,0f119d5a3c7635fc,v6,ended,user_exit,16,5392.063627,5392063627,10,18640.318121333476,267,20,10,249,10,True,,0.23836699999999933,0.2404571249790024,539.2063627,3,362.13864300000023,343b5bfc7cade15510f0099847ca21361b56df1da3189088d6a253cdcc1575ca,0.10984208399895579,4,0
main-0016,practice_generator,0f119d5a3c7635fc,v4,ended,user_exit,16,5418.061427,5418061427,10,18750.307122148944,267,20,10,253,10,True,,0.02293000000000056,0.023144499980844557,541.8061427,3,360.57351500000004,ffc03ce7d370f827e1a66f01aa902dc0f2dd67c405179224f895de3552c40120,0,0,0
main-0019,practice_generator,1c42145bc996f8ef,v5,ended,user_exit,20,5996.198367,5996198367,11,21060.991814348083,287,18,7,273,11,True,,0.6672770000000003,0.6731049579975661,545.1089424545454,4,686.4458759999998,31ceaf41d0fd8643c29436648942210ad1ba4dc62ebf6262b50cd4b8e099d2ea,0.5835358340700623,0,0
main-0019,practice_generator,1c42145bc996f8ef,v6,ended,user_exit,20,5802.082007,5802082007,11,21015.410031595202,256,18,7,243,11,True,,0.35499299999999945,0.3576152920140885,527.4620006363637,4,403.3308299999999,0d8dda21ba21fb6b0f40b05c2327c055432f9822af006417d59294d8381d724a,0.20875750100822188,7,6
main-0019,practice_generator,1c42145bc996f8ef,v4,ended,user_exit,20,5980.260169,5980260169,11,20931.300831736306,287,21,10,274,11,True,,0.02381899999999959,0.024399875022936612,543.6600153636364,4,686.074141,8d73f75b4bef69b7a44a4e1e54a7496df2b7c99bf28a6fc685374211a27441ce,0,0,0
main-0015,practice_generator,abf90eef4a01f72b,v4,ended,user_exit,20,5859.77334,5859773340,15,22008.86669484197,226,27,12,217,15,True,,0.028424000000000227,0.02860383302322589,390.65155599999997,13,179.3095429999994,ad43e58ac81c372d9a96b2599d1e51b4dd83bbebd783d87a57296f3119df115b,0,0,0
main-0015,practice_generator,abf90eef4a01f72b,v5,ended,user_exit,20,5852.825707,5852825707,15,21969.128528062352,226,27,12,218,15,True,,0.9466899999999994,0.9590055409935303,390.1883804666667,13,178.28743300000042,07710629e5968c5c9bab4fba08bcb598c187365877f946513666e1d733a61af3,0.863100165996002,0,0
main-0015,practice_generator,abf90eef4a01f72b,v6,ended,user_exit,20,5894.522689,5894522689,15,21787.613449379423,239,29,14,225,15,True,,0.8674670000000004,0.8746511669887695,392.9681792666667,13,187.50632700000006,79b84c640fc3242e3b390550ac36fa3c759e78ca9d24608820af213f6d70dd12,0.6864600849803537,10,1
main-0018,practice_generator,2c46a0c79021ced6,v4,ended,user_exit,18,5879.426903,5879426903,15,21372.134525223704,252,25,10,240,15,True,,0.02893599999999985,0.029311333026271313,391.9617935333333,6,293.6219259999998,09e4f019973df7a51cf3c2370154c86d95b10bcf8bd0d05a5887a8b801afec70,0,0,0
main-0018,practice_generator,2c46a0c79021ced6,v5,ended,user_exit,18,5879.948225,5879948225,15,21374.741126495104,252,25,10,240,15,True,,0.6943920000000006,0.7006131250236649,391.99654833333335,6,293.6219259999998,8597bbfee078fc0460c455e91426dd299afc05ef89048210adc95bb1f3bd85b6,0.5467454169993289,0,0
main-0018,practice_generator,2c46a0c79021ced6,v6,ended,user_exit,18,5641.011345,5641011345,15,20685.056718184245,238,21,6,221,15,True,,0.5970949999999995,0.6019046249857638,376.067423,6,115.98485299999993,b262ba9abcb90b9f3547f26e72b05d1732c9edb357a5382c1b8b11725445fc90,0.33924637504969724,9,3
main-0017,practice_generator,9182cbcb23eae7f5,v6,ended,user_exit,7,5593.087605,5593087605,16,20990.438002627267,218,25,9,198,16,True,,1.2173600000000002,1.2278782079811208,349.5679753125,11,0.0,d82f06648d1dee0520f76c2a55f77b1a33e090ea248a904c6951e7b55b625848,1.0008095409430098,16,4
main-0017,practice_generator,9182cbcb23eae7f5,v4,ended,user_exit,7,5446.121912,5446121912,16,20840.609542158647,193,32,16,185,16,True,,0.029952999999999896,0.03023183302138932,340.3826195,11,0.0,164b02fdafb4008d7d6fe63b72132a876ec1afb9ed0220940fd95ce9b460677a,0,0,0
main-0017,practice_generator,9182cbcb23eae7f5,v5,ended,user_exit,7,5450.682444,5450682444,16,20848.41221389938,195,30,14,184,16,True,,0.6211169999999999,0.6261499170213938,340.66765275,11,0.0,613eb682e8e2bb7a4a262be98bd525f2c9c74738903f3a00127854a3a79b5b80,0.4921862070041243,0,0
main-0022,practice_generator,441b7aa78e077eaf,v5,ended,user_exit,20,3841.666469,3841666469,16,15068.332348499425,123,22,6,115,16,True,,0.1732610000000001,0.17468950001057237,240.1041543125,1,0.0,70a9a8cd6cbc9c29fe17fcff390b3412e1ae6334ef98f3599b67fb913a2c49c6,0.06084158303565346,0,0
main-0022,practice_generator,441b7aa78e077eaf,v6,ended,user_exit,10,3836.589584,3836589584,16,14917.947921344881,129,19,3,119,16,True,,0.24325699999999983,0.2453179169970099,239.786849,1,0.0,9dcfded1dcaf6b752fffb88df07c5e6499577452a4300a9eb67239cc44ff2bec,0.06284958304604515,6,1
main-0022,practice_generator,441b7aa78e077eaf,v4,ended,user_exit,10,3852.485602,3852485602,16,15312.428009956651,115,26,10,105,16,True,,0.03639300000000034,0.03706058399984613,240.780350125,1,0.0,cb796a5f9ef375b8b85f89d38cc9cf4edbb752d939f9058c39db046b9da2880b,0,0,0
main-0023,practice_generator,55db8e0bb392a2a7,v6,ended,user_exit,20,5856.572173,5856572173,11,20842.860871578883,269,22,11,255,11,True,,0.6677040000000005,0.6807004169968423,532.415652090909,8,335.63268099999914,11b18fba7709d05d8830663c0cfb97e47e0ec44f2120dca0f94ddc5697802ef8,0.4406459199381061,7,2
main-0023,practice_generator,55db8e0bb392a2a7,v4,ended,user_exit,19,5751.213437,5751213437,11,20581.067183380754,261,20,9,248,11,True,,0.029615999999999865,0.029942416003905237,522.8375851818182,8,337.9785030000003,a53f4ef947ef4a0e3aa032a9d387c1f3d829976b8db1f7c943ea0889d51ce017,0,0,0
main-0023,practice_generator,55db8e0bb392a2a7,v5,ended,user_exit,19,5748.115822,5748115822,11,20635.579110034836,259,19,8,247,11,True,,0.4554450000000001,0.46336670801974833,522.5559838181817,8,337.97850299999936,02096b3addeea2d609aec653df308584dacef18dcfdaeadbcc3af338c3901bf3,0.3484171689779032,0,0
main-0021,practice_generator,e65107cca580bac6,v4,ended,user_exit,19,6266.533105,6266533105,13,23347.66552427921,253,22,9,240,13,True,,0.034403999999999435,0.03475245801382698,482.0410080769231,13,174.85801100000026,3070c39cfb591b3c8e0fc14555392c5d6c2acb94373702a42a884a7d63f9de33,0,0,0
main-0021,practice_generator,e65107cca580bac6,v5,ended,user_exit,19,5903.201241,5903201241,13,21746.00619729139,246,21,8,235,13,True,,0.7380339999999999,0.7505468329763971,454.09240315384613,13,175.85801099999935,56e861be6dbf08ab9bfc5a70862207a7d88f9e788674eaf40ced9fc4910e1909,0.6303177519876044,0,0
main-0021,practice_generator,e65107cca580bac6,v6,ended,user_exit,19,5993.408881,5993408881,13,21992.04440086542,254,19,6,242,13,True,,0.8614240000000004,0.8801770830177702,461.0314523846154,13,175.54119700000047,18aad3890a3cd65292d4f5ee99dc5d18c5b9be0de970ad9ad68c9072e87ffaba,0.631663250940619,12,2
main-0020,practice_generator,0ed61f0cb231cd37,v6,ended,user_exit,14,6022.91402,6022914020,11,20509.570092071295,313,13,2,295,11,True,,0.75455,0.7614025420043617,547.5376381818182,7,336.57753500000035,b60862d7d4acd7669f932510bec31931fa5ec6f79021c304c6fb1f6512359501,0.6088842509780079,10,2
main-0020,practice_generator,0ed61f0cb231cd37,v4,ended,user_exit,14,6165.079211,6165079211,11,21305.396051701493,308,17,6,291,11,True,,0.024246999999999908,0.024388666992308572,560.4617464545455,7,338.51992900000005,794803013923426c2b9fd4ccb915da912168e7cae3fa9e8bf956b9f811db6ec9,0,0,0
main-0020,practice_generator,0ed61f0cb231cd37,v5,ended,user_exit,14,6085.809424,6085809424,11,20869.04712782666,309,18,7,291,11,True,,1.209333,1.235385292005958,553.2554021818182,7,338.6542589999999,1c575c4cb24c6d1516660794475c9fe664359e1fe4e15f1bc005197be26472df,1.13230158193619,0,0
main-0025,practice_generator,fe8dca62316c7ffc,v5,ended,user_exit,13,5734.292621,5734292621,12,21216.463087253847,240,13,1,228,12,True,,0.33723799999999926,0.3461194590199739,477.8577184166666,9,867.0132969999995,ee7263ab7cfa544103e79e54f3d9c0e22b759c9913c71c7f5861ce923cab2be1,0.2511581239523366,0,0
main-0025,practice_generator,fe8dca62316c7ffc,v6,ended,user_exit,20,5963.821231,5963821231,12,22129.106121919205,242,26,14,226,12,True,,0.6683039999999991,0.6808599159994628,496.98510258333334,9,168.9701299999997,986e8401c0631493e35506ef3b74ad929c2bdb827c98bb7525254dc17129663c,0.5337099619791843,7,1
main-0025,practice_generator,fe8dca62316c7ffc,v4,ended,user_exit,13,5749.46394,5749463940,12,21237.3196793723,242,13,1,229,12,True,,0.03183199999999964,0.032576249999692664,479.12199499999997,9,867.0132969999995,922c537de5402b607bd2276959f58a2402611f168f74528fd77c7ba449ccab7a,0,0,0
main-0024,practice_generator,112a23de59129c58,v4,ended,user_exit,13,6120.697789,6120697789,15,23458.48892390286,215,42,27,198,15,True,,0.04129700000000014,0.041784083005040884,408.0465192666667,9,442.05277899999965,d8d4f870445c6a75cce48bb0016ecbfff4467b37dd1ee05202811c7756d7ac09,0,0,0
main-0024,practice_generator,112a23de59129c58,v5,ended,user_exit,13,6221.998675,6221998675,15,24099.99338299016,211,42,27,191,15,True,,1.1364720000000004,1.1602688340062741,414.7999116666667,9,439.8381359999994,cb3fa0bafb7a0105b4affe07eba8b72c0f1570cc4ec3741a6420477c243b2306,1.0307975399191491,0,0
main-0024,practice_generator,112a23de59129c58,v6,ended,user_exit,13,6007.707148,6007707148,15,22968.535736347774,217,36,21,191,15,True,,0.8879420000000007,0.9022184170025866,400.5138098666667,9,440.68255600000066,b38e4100336efb95e75de22ca6581fea913883c4cde1e0bebdcbf2d19a11c346,0.6495420409773942,10,1
main-0028,practice_generator,59fe5a9151640e7c,v5,ended,user_exit,17,5900.065365,5900065365,12,21080.326832171162,266,25,13,255,12,True,,1.0030860000000015,1.016258415998891,491.67211375000005,11,178.9493620000003,e0bfc70981c7167d0dccd5ca19742b32982761a37479e25a9b76304012ad487f,0.9182058739825152,0,0
main-0028,practice_generator,59fe5a9151640e7c,v6,ended,user_exit,15,5944.209787,5944209787,12,21171.04893011756,271,26,14,253,12,True,,0.8810470000000006,0.8968851669924334,495.3508155833333,11,173.99020699999983,fd5ce12f9b0d6cfe48b04bff2ff93a6de328d13391a5423b5a85160e78a85315,0.7516024559736252,6,1
main-0028,practice_generator,59fe5a9151640e7c,v4,ended,user_exit,17,5975.018159,5975018159,12,21190.090807031364,272,30,18,263,12,True,,0.027972000000000108,0.02872541599208489,497.9181799166667,11,576.9020330000003,3c40605a08a9c1f1d28d842812ef79754c337ad911401d55e9f8c36c8e7324ff,0,0,0
main-0027,practice_generator,44c3b15ffd3acf86,v4,ended,user_exit,12,5690.190876,5690190876,16,20890.954393229655,232,32,16,224,16,True,,0.038137000000000754,0.0384567919827532,355.63692975,10,0.0,716bed2be4119672314ae1d345b1dab6cf5e22da3e7fedca7b2462b5504412d5,0,0,0
main-0027,practice_generator,44c3b15ffd3acf86,v5,ended,user_exit,17,6284.462422,6284462422,16,23997.312096954443,232,25,9,218,16,True,,1.739700000000001,1.7683374169864692,392.778901375,10,0.0,a264a5edc1648ba3b4ca89cc0fcbdb83a5bc0ca4e27a2bba2bea8d7d26bd26c1,1.6371630839712452,0,0
main-0027,practice_generator,44c3b15ffd3acf86,v6,ended,user_exit,17,6120.33529,6120335290,16,23026.67643195045,231,37,21,217,16,True,,0.8791059999999984,0.896641625004122,382.520955625,10,0.0,84d4ce01c1077d4b56f4e68a35d43de4be9dae7e39b73d835de04f8a753855ca,0.6712542909663171,13,3
main-0026,practice_generator,090979a85cf5fdaa,v6,ended,user_exit,20,5840.429353,5840429353,15,21172.146775148587,251,29,14,234,15,True,,1.3463520000000013,1.367781750013819,389.3619568666667,15,991.8481510000001,b46cc312a751d937ae09f5dd678492e1b8ab550a43c28bd445916d3470066bb2,1.090285415033577,10,0
main-0026,practice_generator,090979a85cf5fdaa,v4,ended,user_exit,20,5851.292731,5851292731,15,21211.46367095619,249,34,19,232,15,True,,0.03537699999999866,0.035746917012147605,390.08618206666665,15,993.833627,6748c2936421fc0c65d86c61e2d9b0713172d57623c6f5b5336c84f59bba72c4,0,0,0
main-0026,practice_generator,090979a85cf5fdaa,v5,ended,user_exit,20,5750.826012,5750826012,15,20704.130063295477,248,35,20,235,15,True,,1.4247070000000015,1.450787790992763,383.38840080000006,15,993.8336270000009,01e8c64f11cdc362b402eabf0fb14e9b3145b5738e89aa422ebcc7ffe129ca57,1.2558848309272435,0,0
main-0029,practice_generator,7b6c156835af336d,v6,ended,user_exit,18,5959.274996,5959274996,16,22781.37498891367,216,31,15,198,16,True,,1.020099,1.0352528340008575,372.45468725,7,0.0,92cafab87e83e369d379891423290ad8c1e75e1498440bbef08949e6074ff71e,0.8100203750364017,10,3
main-0029,practice_generator,7b6c156835af336d,v4,ended,user_exit,18,5991.625826,5991625826,16,23008.129141022408,210,37,21,197,16,True,,0.0338649999999987,0.03541354200569913,374.476614125,7,0.0,d392dabf5a2b4109af2a2a669240e3d238c46659f8149f059008ce5fd056caac,0,0,0
main-0029,practice_generator,7b6c156835af336d,v5,ended,user_exit,18,5858.201493,5858201493,16,22461.007464099774,210,29,13,197,16,True,,1.0830439999999992,1.1006269589997828,366.1375933125,7,0.0,bd0131997c99cd9d4832d0664c0d4a304dc6dbbdbcb74a254c464609329bc90c,0.970318123960169,0,0
main-0031,practice_generator,73471a4fd5f02690,v5,ended,user_exit,18,5522.207144,5522207144,13,20691.035712415254,221,15,2,208,13,True,,0.16668400000000005,0.16964683300466277,424.78516492307693,2,813.8186319999995,5f3cf677be0b9fcd2bcccbe38e0789e42505249a01fc6c38a335b3608b76f1b4,0.06758079200517386,0,0
main-0031,practice_generator,73471a4fd5f02690,v6,ended,user_exit,18,5518.117162,5518117162,13,20585.585803381146,224,14,1,213,13,True,,0.18744700000000059,0.18939408301957883,424.47055092307687,2,812.5474839999997,60c0a8790f811a84961c56ba959fdafef30bb98ecfccbc59d8af8b2bf028d869,0.014102374989306554,4,1
main-0031,practice_generator,73471a4fd5f02690,v4,ended,user_exit,18,5522.015307,5522015307,13,20635.076530757553,223,14,1,212,13,True,,0.032087999999999894,0.03278079198207706,424.7704082307692,2,813.8186319999995,25f68e334c8724312bc7704f931bf8a8ca8237a87bedbab8dd8c8cedb58c0910,0,0,0
main-0032,practice_generator,44cf8e8448b911f9,v6,ended,user_exit,20,5745.400251,5745400251,12,20727.00125281279,255,20,8,241,12,True,,0.5871230000000001,0.5968117919983342,478.78335425,1,597.1667870000001,7cc1e9f8d19aa2218c3661f2f77159551adc521e4f00f0af976dcb2256347774,0.42957354098325595,8,3
main-0032,practice_generator,44cf8e8448b911f9,v4,ended,user_exit,19,5953.161289,5953161289,12,21350.806452318702,267,22,10,258,12,True,,0.026968000000000103,0.02736320800613612,496.0967740833333,1,344.90020599999934,5c1683ef2c6c92c05d58008acd52ecca421d82f70c818c84920571083064d787,0,0,0
main-0032,practice_generator,44cf8e8448b911f9,v5,ended,user_exit,19,5951.780247,5951780247,12,21533.901227571707,264,17,5,250,12,True,,0.5324539999999995,0.5397474589990452,495.98168725,1,345.0311409999995,4983e8daa5ece99e49904aca34768a1ede76d7fd702a59619925a4a7719845b9,0.4252820399706252,0,0
main-0030,practice_generator,a0d1bf3e93b608d9,v4,ended,user_exit,19,6131.49642,6131496420,13,22587.48208452079,256,22,9,242,13,True,,0.029469000000000634,0.030696458998136222,471.6535707692308,5,563.8415710000008,da5fc2966085bea99c3c66e5f54f4269602863e86d5e739e67ebcbe242ad6d00,0,0,0
main-0030,practice_generator,a0d1bf3e93b608d9,v5,ended,user_exit,19,6051.069762,6051069762,13,22180.348802103006,256,23,10,240,13,True,,0.7798909999999992,0.7929627919802442,465.4669047692308,5,562.6394060000002,166293cab0cdb12c599389aef9fa258fd685cb23318cd724343ab44efdfefbdc,0.6983029159891885,0,0
main-0030,practice_generator,a0d1bf3e93b608d9,v6,ended,user_exit,19,6039.363452,6039363452,13,21986.817246141312,260,24,11,244,13,True,,0.7018569999999986,0.7118037909967825,464.56641938461536,5,563.6938929999997,22bed18e5db481a4ca96a45d4fee9bb356567c6c66126c232b87067ed1dc7fc3,0.538908955961233,7,1
main-0034,practice_generator,65245fde345b60ae,v5,ended,user_exit,19,5538.550106,5538550106,14,20447.7505253727,227,23,9,217,14,True,,0.5196579999999997,0.5293699169997126,395.61072185714283,5,399.4290969999993,e7dbf60a8177349ee7b7cd3fc0fac94333a6c803f64a8f9c7117ba2d342b9f08,0.39100766798947006,0,0
main-0034,practice_generator,65245fde345b60ae,v6,ended,user_exit,19,5478.401173,5478401173,14,19717.005859434088,243,21,7,229,14,True,,0.5335580000000011,0.5420411670056637,391.3143695,5,588.9294610000006,9ce9ba5091f2317e40b23771177538b8e3d491a9b65fd66c824007e984127493,0.3039222900697496,5,0
main-0034,practice_generator,65245fde345b60ae,v4,ended,user_exit,18,5649.427969,5649427969,14,20932.139836733208,228,26,12,217,14,True,,0.03300600000000031,0.033557375019881874,403.5305692142857,5,399.4290970000002,46ea0351c3cdda5f98a2c235dec25ef8f150a9e257f1df64a369e208939d9e1c,0,0,0
main-0033,practice_generator,6c4e6bfd061a58c1,v4,ended,user_exit,19,5926.346876,5926346876,13,22106.734380365135,233,32,19,218,13,True,,0.03214000000000006,0.03260391598450951,455.8728366153846,11,2035.0881279999994,e372f8050e4278963d5587e59f00d89d0fa186a469dfe5775f6b9b80d65dbd85,0,0,0
main-0033,practice_generator,6c4e6bfd061a58c1,v5,ended,user_exit,17,5916.221081,5916221081,13,22281.10541461004,226,31,18,211,13,True,,0.5824270000000009,0.5929886669910047,455.0939293076923,11,0.0,2d25a4665b3cd4402130ff5526a4874521c82e7612261f6f66e2a7cfe9caa28e,0.48414508198038675,0,0
main-0033,practice_generator,6c4e6bfd061a58c1,v6,ended,user_exit,19,5906.508282,5906508282,13,21377.541391797007,258,24,11,243,13,True,,0.8557369999999995,0.869901458005188,454.3467909230769,11,208.68372699999964,f05a8ebb69af38117b64d73b16b169f57463f668c77dfe6dc6a96692ef5ffe1e,0.6851540819916409,8,2
main-0037,practice_generator,8321806f9c091ca2,v5,ended,user_exit,19,5519.004033,5519004033,10,19085.020152206962,276,13,3,263,10,True,,0.37976600000000005,0.38438670901814476,551.9004033,1,135.90808500000003,c7cd6216ef4d899991940a4ec35bd5ca3eecd1f52bac06ea5fea45c3f4707367,0.3036552509875037,0,0
main-0037,practice_generator,8321806f9c091ca2,v6,ended,user_exit,20,5589.165742,5589165742,10,19360.828705742053,281,10,0,262,10,True,,0.5288230000000009,0.5428993750247173,558.9165742,1,1405.6211990000002,bd2f511af28128df44831add0042c63da0423a170091a55648ca72d7e6177ad7,0.3868119589460548,5,2
main-0037,practice_generator,8321806f9c091ca2,v4,ended,user_exit,20,5583.734698,5583734698,10,19503.67348335073,273,13,3,259,10,True,,0.03632999999999953,0.04152949998388067,558.3734698000001,1,1408.0002380000005,7afc21bee5d6bf711b65754ade4cda98f98ac07e4ab271cfda2869fb43a452f1,0,0,0
main-0035,practice_generator,74df445bc2875469,v6,ended,user_exit,16,5504.143363,5504143363,15,21075.716820079484,199,26,11,186,15,True,,0.6182090000000002,0.6281308750039898,366.9428908666667,8,1233.2067370000004,f8aecae1e9b964b9c4cf86852d0d46fd84a4c08f0035d3495ef5d1284f18de29,0.4083987100457307,9,3
main-0035,practice_generator,74df445bc2875469,v4,ended,user_exit,19,5836.836449,5836836449,15,22139.1822260767,220,24,9,207,15,True,,0.0374579999999991,0.037672707985620946,389.12242993333336,8,211.74553600000036,05f8331aaca21a6846c4f538b324d11cfc71e8fb5e55bdde32500ad993ee9a20,0,0,0
main-0035,practice_generator,74df445bc2875469,v5,ended,user_exit,19,5658.660144,5658660144,15,21348.300716727117,217,23,8,205,15,True,,0.6198709999999998,0.6547099169983994,377.2440096,8,209.22567600000002,063f5449e055718620457a1a00afabc1de64cfa34e3621ec9816559b01862e56,0.5095107080123853,0,0
main-0038,practice_generator,d074dc36042b0674,v6,ended,user_exit,9,3759.326921,3759326921,16,14901.634611798643,111,29,13,105,16,True,,0.5437449999999995,0.5592916670138948,234.9579325625,11,0.0,70c2a437c36d1842574cf105c85e3d528c7e4cf79a7ccd6e32dbc4823aa02917,0.3290028340124991,3,1
main-0038,practice_generator,d074dc36042b0674,v4,ended,user_exit,9,3727.660963,3727660963,16,14928.30479563373,102,34,18,98,16,True,,0.042138999999998816,0.04307820901158266,232.9788101875,11,0.0,c5e00c1745737be5c82f73458f465b4c9b12907b568a46587dfce63d644b205f,0,0,0
main-0038,practice_generator,d074dc36042b0674,v5,ended,user_exit,9,3754.065018,3754065018,16,14980.325082557363,108,28,12,102,16,True,,0.6844619999999999,0.7814265420020092,234.629063625,11,0.0,ed985725c5cd402440ef4f5c53dbec86083c8f7a6106c5926e1855dffb0b9063,0.5801300409948453,0,0
main-0040,practice_generator,7602992262a6ad44,v5,ended,user_exit,15,5461.627396,5461627396,15,20933.13698298253,199,20,5,190,15,True,,0.3361199999999993,0.4057749999919906,364.10849306666665,2,386.59306899999956,b482399880425730f6a497bd21e5d502ab81c0cccc9fbe20c1b03caad6b94310,0.17234958402696066,0,0
main-0040,practice_generator,7602992262a6ad44,v6,ended,user_exit,15,5395.90664,5395906640,15,20664.533194330455,198,18,3,189,15,True,,0.33298700000000103,0.3487097909965087,359.7271093333333,2,602.7330959999999,3647d71ee8bfc94efc86c337a589e2696c71f8975b117e4a0cd65695242a19aa,0.12409762598690577,6,0
main-0040,practice_generator,7602992262a6ad44,v4,ended,user_exit,15,5468.379935,5468379935,15,20941.899675753157,200,20,5,190,15,True,,0.037331,0.03787012500106357,364.5586623333333,2,386.286384,723bf6e27fcb65bd3ca4415e5e73212015885171e0283967cc01897c615c8118,0,0,0
main-0036,practice_generator,cfdeec0e613fec02,v4,ended,user_exit,20,6263.51029,6263510290,10,21707.551451357776,314,11,1,299,10,True,,0.027613999999999805,0.028076124988729134,626.351029,8,206.30769400000008,3cb296d541ee8e26719f4290ce03aac57391b6e7bf719c354faef4da70724035,0,0,0
main-0036,practice_generator,cfdeec0e613fec02,v5,ended,user_exit,20,6145.83449,6145834490,10,21184.17243167922,310,15,5,294,10,True,,0.6395569999999999,0.6508294579980429,614.583449,8,205.4391910000004,e9b5b9edc3360791a650ae7bfaeeef3faaabb6b31a78b0868677fdb261b5e2b9,0.5185111660393886,0,0
main-0036,practice_generator,cfdeec0e613fec02,v6,ended,user_exit,20,6228.399434,6228399434,10,22001.997159183746,296,18,8,274,10,True,,1.1795659999999994,1.3004786249948665,622.8399434,8,1397.9454450000003,c6f5e580b0abc85429c5baeebf80e6da9c3002e0e0ecfad9b0cc0777ce552a75,1.0944513760041445,11,3
main-0039,practice_generator,2ca87cc2371796c0,v4,ended,user_exit,18,5866.900577,5866900577,11,21169.502884698184,261,19,8,249,11,True,,0.050055000000000405,0.0671520410105586,533.3545979090909,6,642.2727810000006,6db0cfa2401d532719c897529298592ef93931595f812884da7757b532e67b58,0,0,0
main-0039,practice_generator,2ca87cc2371796c0,v5,ended,user_exit,18,5887.296691,5887296691,11,20941.483473869983,270,23,12,258,11,True,,0.7147970000000008,0.7917858750151936,535.208790090909,6,265.8764739999997,105d42af6d760a207adc96f0bceda7992dbd8592903348b6bac35a15d8d81988,0.7016040850139689,0,0
main-0039,practice_generator,2ca87cc2371796c0,v6,ended,user_exit,17,5799.470369,5799470369,11,20182.35185659204,280,26,15,263,11,True,,0.5777909999999995,0.5852370829961728,527.224579,6,152.2914609999998,bdc36962a7fdeb484ba31b168ca5b6d0de01faf6b7c44280616c482633ca732f,0.427939334011171,7,1
main-0042,practice_generator,982ef31eb8798ce4,v4,ended,user_exit,19,5469.558082,5469558082,11,19467.79040587845,255,12,1,243,11,True,,0.028460000000000818,0.028799292020266876,497.2325529090909,1,922.7221989999998,a9dbcda8686e9681008e977fa6fc32d644547aa23bfcbca8253e17dd58b7757f,0,0,0
main-0042,practice_generator,982ef31eb8798ce4,v5,ended,user_exit,19,5501.671419,5501671419,11,19628.357099243625,255,12,1,243,11,True,,0.31375300000000017,0.31859991600504145,500.15194718181823,1,923.2611900000002,a73e1cd3dd8965c68386a8de3ec55d0a3f06474bf4d986147c5eca1f9664ab15,0.2218111269758083,0,0
main-0042,practice_generator,982ef31eb8798ce4,v6,ended,user_exit,19,5392.215271,5392215271,11,19136.076349306037,254,11,0,240,11,True,,0.26740600000000114,0.26995212500332855,490.2013882727273,1,146.65039700000034,a6e93bb87d03e57a9820be32da262dcd363cec4c2a182392911c4e00879e1037,0.09828162397025153,7,1
main-0041,practice_generator,e7813850b46db9a9,v6,ended,user_exit,10,5682.368014,5682368014,13,20811.84005878936,243,17,4,228,13,True,,0.6469310000000004,0.6577324169920757,437.1052318461538,10,661.3848309999994,1cb9a99b7948544e06e81cd838d1b1c567fcb809cb824e27fec126cb9c2125ac,0.4975260429782793,10,0
main-0041,practice_generator,e7813850b46db9a9,v4,ended,user_exit,18,5913.120591,5913120591,13,21850.60296202612,246,18,5,233,13,True,,0.03221300000000049,0.03251816701958887,454.8554300769231,10,663.5096880000001,d1fbc64db6257f0206bf4ea768b03b97b881a08f983378145518e80ce32b7383,0,0,0
main-0041,practice_generator,e7813850b46db9a9,v5,ended,user_exit,18,5806.103194,5806103194,13,21315.515949597982,244,22,9,231,13,True,,1.0604359999999993,1.154224083002191,446.6233226153846,10,662.7635610000007,f619efcdf328d393d077a3d6ac4e86de9d115da47b7d582e22513514ffcceead,1.0412265860359184,0,0
main-0044,practice_generator,1fb831b50d521736,v6,ended,user_exit,16,6090.928266,6090928266,11,20279.641309492123,331,14,3,316,11,True,,0.7971470000000007,0.8806899999908637,553.7207514545454,8,477.92584499999975,9b5baa335372e9edfdd8c90cb32585020f4793516a1229bfcb9f3bf393fec731,0.6846446669660509,8,0
main-0044,practice_generator,1fb831b50d521736,v4,ended,user_exit,16,6158.284685,6158284685,11,20756.423418732626,326,13,2,316,11,True,,0.02489800000000031,0.02608108299318701,559.8440622727272,8,477.8361669999995,5d9ea8f37bdb4ca67c5e92896c5b3bedea325e46af4aed0584eff7f9e53d7bd4,0,0,0
main-0044,practice_generator,1fb831b50d521736,v5,ended,user_exit,16,6046.720872,6046720872,11,20198.604360884543,326,13,2,316,11,True,,0.7885719999999985,0.8088507500069682,549.7018974545455,8,477.9347939999998,70c47fbdc59b2011660fc7f569100b0fe24302558bbe54da52158cf35e4a1091,0.6504932499665301,0,0
main-0043,practice_generator,65e94fe9a525e70f,v5,ended,user_exit,20,6088.585264,6088585264,13,22522.926322218584,251,22,9,237,13,True,,1.1407430000000005,1.2240475410071667,468.35271261538463,10,437.104636,6b70a61e42a7409561e9ba00c2c909b2892a5996600f81f74891ff84ed1bc6a9,1.1058197110542096,0,0
main-0043,practice_generator,65e94fe9a525e70f,v6,ended,user_exit,19,6154.666114,6154666114,13,22823.330558496382,255,18,5,235,13,True,,0.9627160000000021,0.9901551669754554,473.4358549230769,10,438.1955909999997,fbc73781b5d8856683ec162baaa207faaabb7dba9a207ef6fc423391c5e2ffbe,0.797420083952602,11,1
main-0043,practice_generator,65e94fe9a525e70f,v4,ended,user_exit,19,6059.180835,6059180835,13,21975.904166559932,263,26,13,245,13,True,,0.03365399999999852,0.03419354200013913,466.09083346153847,10,802.0242829999997,fd974224d42188abc7399a0d57b4a563e99369ad0779a3d209cfb883f05e165b,0,0,0
main-0048,practice_generator,240ff914201c8a57,v4,ended,user_exit,20,5300.486825,5300486825,10,18802.434098684815,249,14,4,233,10,True,,0.026320999999999373,0.02639791599358432,530.0486825,2,106.22911399999975,0df916b09ad9bcff77929f8e37363a3694fb711b4d26654b2f1d4c7f733ecb4e,0,0,0
main-0048,practice_generator,240ff914201c8a57,v5,ended,user_exit,20,5293.359016,5293359016,10,18736.79504842352,251,12,2,235,10,True,,0.0925409999999971,0.09269045799737796,529.3359016,2,104.3134,c1005095cd55d698413d82b137fecd5ddf5f71ebd328e5c73241659ba898fcbb,0.010235249996185303,0,0
main-0048,practice_generator,240ff914201c8a57,v6,ended,user_exit,20,5300.433248,5300433248,10,18737.16621712198,252,12,2,237,10,True,,0.14701099999999911,0.14757175001432188,530.0433248,2,104.3134,909f0a395acb9ef56851f7e6b21c998ddab158adc6f6fa0230da8f768c991ac4,0.011894209979800507,2,0
main-0045,practice_generator,430e5660f8170ddd,v4,ended,user_exit,12,4646.729069,4646729069,16,16633.64534171492,200,34,18,186,16,True,,0.03501900000000013,0.03564825002104044,290.4205668125,10,0.0,5a9051063b5264279dba5d5984a9798ff966cffb1ec955313b443d8b7fe47f81,0,0,0
main-0045,practice_generator,430e5660f8170ddd,v5,ended,user_exit,12,4606.974607,4606974607,16,16634.87302268489,195,31,15,180,16,True,,1.0415140000000012,1.136998041998595,287.9359129375,10,0.0,f97174b03197666371b864645e3ff635d6e8ff0b48984ceb4d77b465eeb07587,0.8502751680498477,0,0
main-0045,practice_generator,430e5660f8170ddd,v6,ended,user_exit,12,4613.829933,4613829933,16,16679.14965872793,195,30,14,181,16,True,,0.9918630000000022,1.0066589579801075,288.3643708125,10,0.0,25a1add55efe60795542e5cf4f247a9fa1ff44f515053cddc5c0cb5d4b911636,0.7304142479551956,3,1
main-0047,practice_generator,7cc3def7159d9c0e,v6,ended,user_exit,17,5547.218914,5547218914,12,20236.094567167478,242,13,1,227,12,True,,0.18425899999999729,0.1862430420005694,462.2682428333333,3,161.3773259999998,f7f77b9efa998df5be046c2ffef3d4e8d119d3f8d3dd4fb19d54ecdba15eb053,0.051845376001438126,5,2
main-0047,practice_generator,7cc3def7159d9c0e,v4,ended,user_exit,19,5704.10097,5704100970,12,20990.50484940995,240,19,7,225,12,True,,0.026669999999999305,0.026725957985036075,475.34174750000005,3,162.55085000000054,9f61594653622c46d7d190de6036d2512462583d87fe42953e0499d724b8cf3c,0,0,0
main-0047,practice_generator,7cc3def7159d9c0e,v5,ended,user_exit,19,5709.10097,5709100970,12,20990.50484940995,241,19,7,225,12,True,,0.38318499999999744,0.38400420799735,475.7584141666667,3,162.55085000000054,0f57e785cbe166024c7d70acf52f521a80798764ce700c9718b4778ae6d6b0b5,0.3019048740097787,0,0
main-0046,practice_generator,b9cfe7261fdbe0fd,v5,ended,user_exit,20,5966.76853,5966768530,12,21313.84265312858,267,31,19,252,12,True,,0.8770620000000005,0.8952215420140419,497.2307108333334,12,413.2612020000006,2f7b0d07a563b61a3f64a9ab142b7527a489cebcfcb20c5d46ddcdffc0afab94,0.7959770449670032,0,0
main-0046,practice_generator,b9cfe7261fdbe0fd,v6,ended,user_exit,18,5696.931796,5696931796,12,19994.658971460893,270,23,11,255,12,True,,0.5567439999999984,0.5577812080155127,474.7443163333333,12,416.3580869999996,4af675c08bd1e80385e8b4078c22be5244fba33b6f07c25b8d9622922adaf4f0,0.3995228740386665,6,3
main-0046,practice_generator,b9cfe7261fdbe0fd,v4,ended,user_exit,20,6295.302495,6295302495,12,22651.512490414305,272,41,29,258,12,True,,0.0289590000000004,0.028978666989132762,524.60854125,12,415.99970099999973,4621548f7c796f845d47c6d27939c84b10ce0be8213a0a737e4a6dd3a510f938,0,0,0
main-0049,practice_generator,d3dfde55d39564a5,v5,ended,user_exit,20,5310.320447,5310320447,14,20431.6022314393,193,18,4,177,14,True,,0.32766699999999815,0.328675500000827,379.3086033571429,7,610.8968290000003,28da281f83b561dd3f889df24d6040e6a59cc95e9fe66fd095665bfd5702596b,0.2296477910131216,0,0
main-0049,practice_generator,d3dfde55d39564a5,v6,ended,user_exit,20,5264.966204,5264966204,14,20184.831002262854,194,18,4,176,14,True,,0.3266850000000012,0.32754066699999385,376.06901457142857,7,609.716351,2d41a13021d2a587a452870f0fec902c16237bb7d57c740ae1509973f1a94342,0.18836791496141814,4,0
main-0049,practice_generator,d3dfde55d39564a5,v4,ended,user_exit,20,5345.101846,5345101846,14,20405.509227036036,200,18,4,182,14,True,,0.030214999999998327,0.03028920799260959,381.792989,7,610.4582529999998,184cca54b4f382de2d00c9fba4bfcea2c7600754d6c7ce62faf7ae1f5e2e5be6,0,0,0
main-0051,practice_generator,017e84a5cbb9aae4,v4,ended,user_exit,16,5471.238984,5471238984,13,20821.19489609612,207,18,5,192,13,True,,0.03405000000000058,0.034053790994221345,420.8645372307692,2,404.042864,7d86e579f089b140ae6952268ecbf11b474a40c3cd8f93d824b84fd03947a57c,0,0,0
main-0051,practice_generator,017e84a5cbb9aae4,v5,ended,user_exit,16,5471.238984,5471238984,13,20821.19489609612,207,18,5,192,13,True,,0.31837600000000066,0.3206551250186749,420.8645372307692,2,404.042864,7d86e579f089b140ae6952268ecbf11b474a40c3cd8f93d824b84fd03947a57c,0.21690574896638282,0,0
main-0051,practice_generator,017e84a5cbb9aae4,v6,ended,user_exit,16,5490.938899,5490938899,13,20904.694481134746,209,15,2,194,13,True,,0.4220150000000018,0.42307349998736754,422.3799153076923,2,404.042864,97e46de4c44a49153b94bb5c586aa60952c00438372b7ec1aa51929898610e09,0.24079412495484576,4,1
main-0054,practice_generator,376d12d05f1cb908,v4,ended,user_exit,20,5262.610072,5262610072,14,20408.05034946732,185,18,4,174,14,True,,0.032618999999996845,0.032692042004782706,375.90071942857145,1,116.81115800000043,09993eae63d5f4bd505e96d073290bd1f174b0bbc4ccb4b727dc2f1c766fc31e,0,0,0
main-0054,practice_generator,376d12d05f1cb908,v5,ended,user_exit,20,5185.597271,5185597271,14,20042.986356076584,186,14,0,177,14,True,,0.2405799999999978,0.24096495800768025,370.39980507142855,1,152.09439799999927,aa1fd4b503135a4b1b95fd75f2f08f8b939e5c62cc2242650643e91c9ee4876b,0.15168429003097117,0,0
main-0054,practice_generator,376d12d05f1cb908,v6,ended,user_exit,20,5148.411518,5148411518,14,19842.05758163701,187,14,0,175,14,True,,0.20081300000000013,0.2008767499937676,367.74367985714287,1,152.09439800000018,a215610e98c88c4fc4d420fe703d928750721fdcb11a9ad5d0bff498019a9b5a,0.04971308200038038,6,1
main-0050,practice_generator,61e10eb23aa7cbfd,v6,ended,user_exit,16,5984.681082,5984681082,11,20853.40538088732,290,22,11,276,11,True,,0.8028370000000002,0.8067352079960983,544.0619165454546,6,400.6270860000004,214943cbe63371d75e4ab65cc0c6379fc0f63c4130db1caec6087f267b016a74,0.6633454999828245,7,0
main-0050,practice_generator,61e10eb23aa7cbfd,v4,ended,user_exit,18,5948.265424,5948265424,11,20841.327135368134,286,16,5,280,11,True,,0.025013000000001284,0.025032750010723248,540.7514021818182,6,227.1004750000002,0c653090f3d32e03a5eed7bba79c2c47c20ab818f953ea74f66763e2d835ab82,0,0,0
main-0050,practice_generator,61e10eb23aa7cbfd,v5,ended,user_exit,18,5920.24973,5920249730,11,20761.248655565163,286,12,1,280,11,True,,0.671952000000001,0.6734375829983037,538.204520909091,6,227.1004750000002,d77600bcdee6346894af38a1cdf1dbde8b27c1ba70c198ba9d31434707c83489,0.585037832002854,0,0
main-0052,practice_generator,3142e9441f247ee0,v5,ended,user_exit,16,5999.363735,5999363735,13,21946.81867602376,251,30,17,239,13,True,,0.8443599999999982,0.846487916976912,461.48951807692305,9,65.58185799999956,a6cfe07f2937fbbb89aee78b889768601d2b5352002ab22b641792e44f86d7be,0.7732297080510762,0,0
main-0052,practice_generator,3142e9441f247ee0,v6,ended,user_exit,16,5924.259635,5924259635,13,21556.298166239285,255,24,11,240,13,True,,0.65747,0.6587529169919435,455.71227961538466,9,65.58185800000047,2c87f6e65e4970b54fa8cf2d58fb8a6fddca095e21aabc7cfc48ff94072f9a99,0.5061398750112858,8,0
main-0052,practice_generator,3142e9441f247ee0,v4,ended,user_exit,16,6008.242977,6008242977,13,21991.214883227392,251,30,17,239,13,True,,0.02956800000000115,0.02960083301877603,462.1725366923077,9,65.58185799999956,92fe17170c5662241b4618cf1c6c7b960a3728c02cf3c1040a7bcbce3f181ce1,0,0,0
main-0057,practice_generator,855cb51e765d7c39,v4,ended,user_exit,17,5832.70319,5832703190,11,20238.515956347615,288,15,4,278,11,True,,0.02404900000000154,0.02409474999876693,530.2457445454546,4,644.4214870000005,88b8b88f3fd5414cca6e1bd37a0c9ab9f853b958561b973ba35f120ab9b84c05,0,0,0
main-0057,practice_generator,855cb51e765d7c39,v5,ended,user_exit,17,5793.616546,5793616546,11,20068.08272668708,287,15,4,278,11,True,,0.2586479999999973,0.2590694579994306,526.6924132727273,4,676.0958060000003,140862b9c0c3270d6170a02b305c30b1e39359334db28b64b56d3524fd66c5e3,0.15167554299114272,0,0
main-0057,practice_generator,855cb51e765d7c39,v6,ended,user_exit,17,6097.91349,6097913490,11,20839.567428110746,312,18,7,294,11,True,,0.4786400000000022,0.48086216699448414,554.3557718181818,4,403.50451799999973,002751ea7692b998aaf600560083e32e578f64ee8d48e3827099b514cd7b94c6,0.2610867499897722,10,3
main-0056,practice_generator,8a62c522f3cabfb0,v6,ended,user_exit,20,5865.019806,5865019806,11,20405.09901102036,287,18,7,273,11,True,,0.6607559999999992,0.6616942920081783,533.1836187272728,7,117.34054199999991,f4e5410da0557ebd0e2145e601a1085d66dffe802cda5b881fd622072cf4cd0e,0.5161663751350716,7,2
main-0056,practice_generator,8a62c522f3cabfb0,v4,ended,user_exit,19,5787.321282,5787321282,11,20216.606402174915,279,21,10,264,11,True,,0.02355100000000121,0.02364591698278673,526.1201165454545,7,0.0,fe7b64c9f00fd0055caa191749ad679ac8a0f01d5fcf33fcfa587fabe0efc50d,0,0,0
main-0056,practice_generator,8a62c522f3cabfb0,v5,ended,user_exit,19,5989.600553,5989600553,11,21123.002749388157,282,22,11,267,11,True,,0.6026389999999999,0.6047991670202464,544.5091411818182,7,0.0,af0a5f98210702cbcc386f21663f8b4fced6b25e0505df859a905784e79d01ab,0.5298305409960449,0,0
main-0053,practice_generator,5f2fe269fb5343ef,v6,ended,user_exit,16,6133.551848,6133551848,13,22167.759246064015,266,33,20,245,13,True,,1.117643000000001,1.1195267910079565,471.8116806153846,10,148.32137299999977,a3d44bd4c43e3f3bbacb6503e1e39855d13ad44074b5757754a4a06149f92efa,0.9728540430078283,8,1
main-0053,practice_generator,5f2fe269fb5343ef,v4,ended,user_exit,16,6390.537378,6390537378,13,23332.686905007,268,36,23,250,13,True,,0.031669000000000835,0.03168450001976453,491.57979830769233,10,148.33596699999998,4017f0b27101be4fcb1b2aaae631c9dea218f3a8533463649a6af3073fe4365f,0,0,0
main-0053,practice_generator,5f2fe269fb5343ef,v5,ended,user_exit,16,6152.07154,6152071540,13,22250.357708810086,264,37,24,245,13,True,,1.1839009999999988,1.1871145830082241,473.2362723076923,10,148.96757199999956,b4f128226e8c3e1883fa0b1426c6c0d29b7cd3db21450f112e2a2d51e44dd2e8,1.0902975449862424,0,0
main-0055,practice_generator,71e524e89baae679,v5,ended,user_exit,20,6232.196424,6232196424,14,22795.982094626786,265,22,8,254,14,True,,0.6172900000000006,0.6179940830043051,445.1568874285714,14,130.08886299999995,a3a03d178c39a2097e842c4c0be8243e989ca8879d40e880524215a571d266e0,0.4881655018834863,0,0
main-0055,practice_generator,71e524e89baae679,v6,ended,user_exit,20,6502.362195,6502362195,14,23216.810957875994,295,25,11,281,14,True,,1.355639,1.3619969169958495,464.45444249999997,14,182.4095159999997,bdebc134f74af9306478b6edac6a8d16f77c2f5390f0d15495baa0b73a02c94d,1.1247564569639508,12,8
main-0055,practice_generator,71e524e89baae679,v4,ended,user_exit,20,6267.825587,6267825587,14,22974.127922231983,265,22,8,254,14,True,,0.027442000000000633,0.02747062500566244,447.70182764285715,14,130.08886299999995,25cd3ff7cde4d73062cd73bf6d1617616d2d073044e9d655dd034403ed26198d,0,0,0
main-0060,practice_generator,0d6c7fc604ef9e0e,v4,ended,user_exit,18,5687.646573,5687646573,11,20933.232849545217,241,16,5,226,11,True,,0.028810999999997478,0.02881720900768414,517.0587793636364,2,0.0,88fd6100f7e8fccc7a9c8ec6d22129c68d6a7eddfd6c3bc3e14e3ca07ccc4670,0,0,0
main-0060,practice_generator,0d6c7fc604ef9e0e,v5,ended,user_exit,16,5488.58535,5488585350,11,19882.926735934576,243,15,4,230,11,True,,0.24783800000000156,0.24850850002258085,498.9623045454546,2,913.7291920000007,d1a28593330f5fa49389f4da869396edff12a2a1e0b8ea39030728a727329b2d,0.1547157509776298,0,0
main-0060,practice_generator,0d6c7fc604ef9e0e,v6,ended,user_exit,16,5482.830594,5482830594,11,19849.15294596252,244,13,2,232,11,True,,0.2896029999999996,0.2904393750068266,498.4391449090909,2,913.7088309999999,c0bd030c0ce3ddebfc95534d87af0c3da5fb07367e049db7dac7e08705f48a37,0.15226441604318097,4,0
main-0058,practice_generator,c3a561eb654700e7,v5,ended,user_exit,15,5689.303601,5689303601,12,20306.518010433654,261,17,5,248,12,True,,0.4314009999999975,0.43236541698570363,474.10863341666663,4,236.27941399999963,9514f5ae403b60e1284be95dd5d7be548711aa48520fc95361ee7cb0fa3ae4c5,0.3422865420288872,0,0
main-0058,practice_generator,c3a561eb654700e7,v6,ended,user_exit,15,5824.194146,5824194146,12,20750.970724428607,268,19,7,253,12,True,,0.47749199999999803,0.47832954200566746,485.34951216666667,4,235.58838000000014,c6c01a58d1e504c96844ade2e6c60261ca94d054bc30b7cdd8412008e9646cdb,0.32030074996873736,14,0
main-0058,practice_generator,c3a561eb654700e7,v4,ended,user_exit,15,5795.973712,5795973712,12,20754.86856805903,263,19,7,249,12,True,,0.02712100000000106,0.027193916990654543,482.99780933333335,4,235.20224700000017,d6fb283e3046465d7e370c107463b02ba33ebf09c29632f95010c13fffb57b5f,0,0,0
main-0059,practice_generator,37ca42daedb543a7,v6,ended,user_exit,13,5603.054865,5603054865,15,21475.274318995125,205,21,6,190,15,True,,0.6002119999999991,0.6014674170000944,373.536991,12,199.77391999999963,336cb9a7b28c6d0778b0411ffc4842a54419ad26765d3a78fdcda7258d2d090f,0.4159162900177762,7,1
main-0059,practice_generator,37ca42daedb543a7,v4,ended,user_exit,14,5460.971659,5460971659,15,20894.858306798975,200,22,7,186,15,True,,0.03111300000000128,0.031136250006966293,364.0647772666667,12,201.12489199999982,3dfcb3d8da13de9258f67d775a6e9d00ff3702427e32d3944a6fd1bc35a06bac,0,0,0
main-0059,practice_generator,37ca42daedb543a7,v5,ended,user_exit,14,5432.574471,5432574471,15,20747.87236855781,200,22,7,187,15,True,,0.42316999999999894,0.4239501670235768,362.17163139999997,12,201.12489199999982,77f71c38a0cf9210454efae3439c1b69ae51838d07bf9afd583df71153e88081,0.30694787396350875,0,0
main-0061,practice_generator,e8b037417f3362d3,v5,ended,user_exit,18,5486.223634,5486223634,12,20106.11815171094,232,21,9,218,12,True,,0.2571079999999988,0.2579354160116054,457.1853028333333,1,112.77413199999955,3acae68b6caf3831b5257f72782d2e3bda9eaf12a14ff3c9d0ac64650f9b8ee4,0.1701866679941304,0,0
main-0061,practice_generator,e8b037417f3362d3,v6,ended,user_exit,17,5526.293165,5526293165,12,20216.465808343164,239,13,1,225,12,True,,0.31751999999999825,0.3179005839920137,460.5244304166667,1,354.9465620000001,a7182c56cba669ca90325589868ff6d4a9e0e67c4e81e2f17319a0c0a7f73e0b,0.1682105839427095,13,2
main-0061,practice_generator,e8b037417f3362d3,v4,ended,user_exit,18,5493.223634,5493223634,12,20106.11815171094,233,21,9,220,12,True,,0.02862000000000009,0.02879795801709406,457.7686361666667,1,112.77413199999955,aef0a168c910893749402f15d172ac704627fbb4cef7cd69bd432851219fad42,0,0,0
main-0062,practice_generator,dd1212c3b0c5010c,v6,ended,user_exit,12,5560.64167,5560641670,13,20633.20834237699,227,19,6,216,13,True,,0.21030000000000015,0.21062620900920592,427.74166692307693,6,171.48354199999994,a8cc83f779e3c40032257a8fa370e02d853a5709ec0867f8baf7e3381eda624d,0.05950074800057337,8,2
main-0062,practice_generator,dd1212c3b0c5010c,v4,ended,user_exit,12,5760.438261,5760438261,13,21607.191288454836,226,23,10,214,13,True,,0.03241299999999825,0.03246954100904986,443.1106354615385,6,774.5566390000004,ff955f89b6e33a0f2355d89817781b44fb1137a52b4f1cda12865813892392e7,0,0,0
main-0062,practice_generator,dd1212c3b0c5010c,v5,ended,user_exit,12,5758.877369,5758877369,13,20924.386839728897,247,26,13,235,13,True,,0.35950900000000274,0.3603415830002632,442.99056684615385,6,183.1185349999996,94e60102f868c39b7e544c658c9ef64d9a27aed8bffe3e51e067e2b6979cffda,0.2489243739109952,0,0
main-0065,practice_generator,7f5cc03f1ab89cb2,v6,ended,user_exit,20,5420.338666,5420338666,15,20336.69331606492,211,23,8,199,15,True,,0.26332100000000125,0.2638555000012275,361.35591106666664,1,68.92442899999969,7e9253b0f2e28a9cb7142c00f13c1d5a1332b384a530386fa1b64f4509440261,0.07237870807875879,11,1
main-0065,practice_generator,7f5cc03f1ab89cb2,v4,ended,user_exit,19,5418.870259,5418870259,15,20539.351307383622,205,21,6,193,15,True,,0.031209000000000486,0.03128879197174683,361.2580172666667,1,66.94845700000042,f83bb1159d1f0bd14ca11b68e714a0feaea21a078b229bebe40f07050b142a50,0,0,0
main-0065,practice_generator,7f5cc03f1ab89cb2,v5,ended,user_exit,19,5401.429427,5401429427,15,20452.147140013913,205,21,6,193,15,True,,0.2771320000000017,0.27758887500385754,360.0952951333333,1,66.94845700000042,ece72d30f2689f9679e496acff049c944c7b89ca13dd2e8e53a23a1f6d0a9fd5,0.15618320798967034,0,0
main-0063,practice_generator,b4a0f2b88d7142d1,v4,ended,user_exit,17,5506.880645,5506880645,16,19624.403203377045,242,36,20,232,16,True,,0.029566000000002646,0.02961224998580292,344.1800403125,15,0.0,ee01f127197265a18144601a08bcd7539f1a4d33ab99a950c323645fe3fa8763,0,0,0
main-0063,practice_generator,b4a0f2b88d7142d1,v5,ended,user_exit,6,5440.261004,5440261004,16,19336.305007972933,243,31,15,233,16,True,,0.5554009999999998,0.5563084169989452,340.01631275,15,0.0,38702445b9403cb98825977e6a78552ebf8620456175ecc331f873fb32b92320,0.38740291399881244,0,0
main-0063,practice_generator,b4a0f2b88d7142d1,v6,ended,user_exit,6,5521.721431,5521721431,16,19393.607116317562,252,37,21,240,16,True,,0.6060110000000023,0.6072472909872886,345.1075894375,15,0.0,68b133b0e156a0433707084ed7f2d191df47d0f84617849f86bb4e9ff7c92c37,0.3408615809457842,8,2
main-0066,practice_generator,e2534d4507b50427,v4,ended,user_exit,12,5565.518105,5565518105,14,21342.590514884047,204,20,6,189,14,True,,0.03523100000000312,0.035342459013918415,397.5370075,5,117.05176800000027,52147910f729f1102acaddb9d8a3d73ac3bb8568231d970cbbe88afd611cd953,0,0,0
main-0066,practice_generator,e2534d4507b50427,v5,ended,user_exit,12,5480.852538,5480852538,14,20989.26268251937,200,23,9,186,14,True,,0.33954999999999913,0.34024379099719226,391.489467,5,116.75133499999993,39442f819ed1350654cb1ffd1c16d8331254830e755fd164aa573095963c51e8,0.23091783301788382,0,0
main-0066,practice_generator,e2534d4507b50427,v6,ended,user_exit,12,5547.199176,5547199176,14,21260.995879922764,202,23,9,188,14,True,,0.40573699999999846,0.4063440420140978,396.22851257142855,5,116.70746500000041,9732ce80f3639903b497cb07584acb9c26a9b33faaf8426c26f5baaab5a5a228,0.2480088759912178,3,0
main-0064,practice_generator,dbac6158507ba72c,v5,ended,user_exit,19,6014.525239,6014525239,15,22002.626196050842,252,27,12,243,15,True,,0.666522999999998,0.6673581670038402,400.9683492666666,6,246.1899629999998,9080072d939e77f349df645d21b4aee7232b2cc11f17e0674de6cb138d79e3eb,0.5544237910071388,0,0
main-0064,practice_generator,dbac6158507ba72c,v6,ended,user_exit,19,5805.936495,5805936495,15,21419.68246406686,241,19,4,230,15,True,,0.7829230000000003,0.7845222920004744,387.062433,6,0.0,2aedebcbab2149c0270c8a9e5b5dbd14698837629af5ae08541e5bee768c923f,0.5440545840538107,14,6
main-0064,practice_generator,dbac6158507ba72c,v4,ended,user_exit,19,6017.191139,6017191139,15,21990.955716300756,251,31,16,241,15,True,,0.025963999999998322,0.025995791977038607,401.1460759333333,6,246.1899629999998,7cc0db7b749b181167f72a192727d6366b12d742e750de2bf380aec44704cdf3,0,0,0
main-0067,practice_generator,4e744317e45fda3a,v5,ended,user_exit,16,5699.467614,5699467614,15,21602.33805985904,217,18,3,210,15,True,,0.38702499999999773,0.38763350000954233,379.9645076,6,130.40900200000033,c9e66ea3429447d0fdea4dfae5ecf365ca302e8878409fb1b25b87eca32da6ef,0.22819320898270234,0,0
main-0067,practice_generator,4e744317e45fda3a,v6,ended,user_exit,16,5583.965468,5583965468,15,20809.827333480942,226,16,1,214,15,True,,0.46977000000000046,0.4710356249997858,372.2643645333334,6,129.8770370000002,29f7d1a0f63d87208e2a908a2e07ddff26391ff342b3ff323c7430c36de2d2b0,0.2148838350258302,10,0
main-0067,practice_generator,4e744317e45fda3a,v4,ended,user_exit,16,5703.797647,5703797647,15,21603.9882344068,218,18,3,209,15,True,,0.03701099999999968,0.03702545800479129,380.2531764666667,6,129.40900200000033,06ed4f0c1539dd2b7c2ebf66048f8337182e99ded859ff6313f0d23e4149af5d,0,0,0
main-0069,practice_generator,8d4ac6f6f664673b,v4,ended,user_exit,16,5808.631451,5808631451,13,20438.157243653197,276,18,5,261,13,True,,0.027504000000000417,0.02752504197997041,446.81780392307695,5,108.10289699999976,e4d2a4bdefecd703d874c7a7a5e2af56ad45c1c98abe91d3088ab26b3e0fee89,0,0,0
main-0069,practice_generator,8d4ac6f6f664673b,v5,ended,user_exit,16,5773.498188,5773498188,13,20377.49093715993,273,16,3,259,13,True,,0.5332560000000015,0.5343696250056382,444.1152452307692,5,108.10289699999976,38b1ebb7e9e9488d7cab2e7d3ed28a6f46d0b215cf9ca9c0746848c48ce8e653,0.41538950105314143,0,0
main-0069,practice_generator,8d4ac6f6f664673b,v6,ended,user_exit,16,5882.494713,5882494713,13,20352.473561240913,291,19,6,274,13,True,,0.7588529999999984,0.7703611659817398,452.4995933076923,5,159.34733500000038,cd6146cd84568e30ba7f19ed9bf9b6782e89f09d30d9a34a776680ce36148ded,0.4940511250169948,15,4
main-0071,practice_generator,95de6a3d8aa10f72,v6,ended,user_exit,17,5745.123311,5745123311,11,19965.616554048134,284,14,3,268,11,True,,0.35882400000000203,0.3696497910132166,522.2839373636364,6,1074.3613640000003,63d1eadc522a9e5096639d158ce13cc717495c9ab480a78bec2177ce02a89a06,0.17639374994905666,7,0
main-0071,practice_generator,95de6a3d8aa10f72,v4,ended,user_exit,17,5709.621134,5709621134,11,19973.10566398643,275,19,8,261,11,True,,0.024062000000000694,0.024117041990393773,519.0564667272728,6,1073.473457,312ff0a55e18eb42452c8510c5e733c5e9936b9023ae03c2d5740fc65446601d,0,0,0
main-0071,practice_generator,95de6a3d8aa10f72,v5,ended,user_exit,17,5716.431784,5716431784,11,19977.158910812566,277,17,6,263,11,True,,0.3886889999999994,0.4008122500090394,519.6756167272728,6,1073.473457,ea1b7e40bf66d02ab80f92049ce622413866968d07757b6d04a2be01ac9714ce,0.2708900829893537,0,0
main-0068,practice_generator,a006517029fd5fac,v6,ended,user_exit,17,5833.864135,5833864135,14,21454.320647959757,243,24,10,228,14,True,,0.4290110000000027,0.4308967910183128,416.70458107142855,8,182.46428899999955,1a9101a62797dc846b87faf5fa4d9e86fe5651c36805d780efb393e4b3a19156,0.2381945010565687,9,2
main-0068,practice_generator,a006517029fd5fac,v4,ended,user_exit,17,6183.36555,6183365550,14,23181.827756798728,240,31,17,226,14,True,,0.035250000000001336,0.03528087501763366,441.6689678571429,8,185.0083770000001,3623b3aa0a77c8605faa18dc0039ffe6a4e68cd6157c111f3ce9ad47ba4a9c0e,0,0,0
main-0068,practice_generator,a006517029fd5fac,v5,ended,user_exit,17,5914.856557,5914856557,14,21934.28277961176,238,29,15,223,14,True,,1.049268999999999,1.075573665992124,422.4897540714286,8,185.0083770000001,f5675cffd12822e9333ca9fce1ebae2d47ea4190d9ede603b50bc41f6cfea8d5,0.9515997059934307,0,0
main-0070,practice_generator,7cebe16fd343f94d,v5,ended,user_exit,19,5833.312595,5833312595,13,22036.56294906235,221,30,17,205,13,True,,0.7226210000000002,0.736629625025671,448.71635346153846,6,1570.931987,67d518bbc875fb7889a47da96953deefa0c08fd576e3e2575fba6256649df176,0.6413844999915455,0,0
main-0070,practice_generator,7cebe16fd343f94d,v6,ended,user_exit,18,5554.734327,5554734327,13,20798.671623209408,217,27,14,203,13,True,,0.2496389999999984,0.26470058399718255,427.28725592307694,6,1569.614164,a7baddee3a35baf6801be0e7934775a537e1a792250c121c81fe31c3fc4153d8,0.10549512394936755,6,1
main-0070,practice_generator,7cebe16fd343f94d,v4,ended,user_exit,19,5985.21687,5985216870,13,22816.084315957687,221,28,15,207,13,True,,0.03275000000000006,0.03303337498800829,460.4012976923077,6,1570.931987,aa7a6b4fa834e4fc34bc44920f9eae4a6127621d5916e324cb766065de703673,0,0,0
main-0072,practice_generator,6b58025c0fc6425a,v4,ended,user_exit,19,5855.319057,5855319057,11,21136.59529341448,262,16,5,248,11,True,,0.02491099999999946,0.025132083013886586,532.3017324545455,1,344.5140969999993,858bcd17b74a9ff7e6552f0d054af90144acd37252a299bc4b2f4413da1d6edd,0,0,0
main-0072,practice_generator,6b58025c0fc6425a,v5,ended,user_exit,19,5874.233608,5874233608,11,21291.168042844343,260,16,5,246,11,True,,0.19440900000000028,0.20868091698503122,534.021237090909,1,344.5140969999993,9b058b1e56302bb4c6a946adcc4728aa30617f88e4bbbcdcdcb277743ea8a77a,0.1220375829434488,0,0
main-0072,practice_generator,6b58025c0fc6425a,v6,ended,user_exit,19,5839.43681,5839436810,11,21047.18404484073,262,16,5,250,11,True,,0.14480900000000219,0.14514512498863041,530.8578918181819,1,342.0865590000003,11294d8208aecb6c29c873ca7d19b254e2981e02cd82b5e5f585799a384f706e,0.045731833000900224,6,0
main-0073,practice_generator,2e92df56c580d599,v5,ended,user_exit,16,5518.655627,5518655627,15,21513.278132066924,186,27,12,175,15,True,,0.4244720000000015,0.4260962909902446,367.91037513333333,8,769.6688940000004,ad4ed98e7bc19e860293bccbaa16448ee006f8f6b416cbb5c783bd9f19222e28,0.30615999992005527,0,0
main-0073,practice_generator,2e92df56c580d599,v6,ended,user_exit,16,5569.676607,5569676607,15,21738.38304402724,188,24,9,180,15,True,,0.26565000000000083,0.2685158340027556,371.3117738,8,766.842431,3e7f5aba2223cf1d298801fa7e0e89cd0743108fe1211f5f809411e131495703,0.06861820595804602,8,0
main-0073,practice_generator,2e92df56c580d599,v4,ended,user_exit,16,5735.278273,5735278273,15,22466.391360931666,189,30,15,177,15,True,,0.04606899999999925,0.04804354198859073,382.35188486666664,8,769.6688939999995,2c7e93cf004846b2ec8f40a1cf11b0a22c7d78b984cc9d1513cc2c5c3b1a9b88,0,0,0
main-0075,practice_generator,32611f3c41aa8edf,v4,ended,user_exit,3,5813.499395,5813499395,12,21097.4969687363,253,21,9,242,12,True,,0.02603900000000081,0.02608945799875073,484.45828291666663,10,0.0,ce590645c944ea7403f23537021a4e2e911d515e12c2e3e276ed510f4e06bfb0,0,0,0
main-0075,practice_generator,32611f3c41aa8edf,v5,ended,user_exit,3,5815.078343,5815078343,12,21155.39170637107,252,20,8,240,12,True,,0.20270599999999916,0.203005082992604,484.5898619166667,10,0.0,e48dc4be7a67832b07951f7a3f3369b1ae7f96141670c519123c6965ffac630c,0.10520853899652138,0,0
main-0075,practice_generator,32611f3c41aa8edf,v6,ended,user_exit,15,6058.445925,6058445925,12,22077.22961370729,258,28,16,245,12,True,,0.7171699999999994,0.7218067079957109,504.87049375,10,869.3981450000001,36053845add80b375d80baa3d3769ec75cb13c54c15447ff5cb28e9931d60c4f,0.5955910859629512,10,4
main-0076,practice_generator,a36bcb19e39be0c8,v5,ended,user_exit,18,5987.55606,5987556060,14,22377.780302130155,234,31,17,221,14,True,,0.644871000000002,0.6508075419988018,427.6825757142857,4,68.31422699999985,c34959544826adfef364a1ee0c35c494d11bfd5e890a33388a2ad8485e40f693,0.5530078740266617,0,0
main-0076,practice_generator,a36bcb19e39be0c8,v6,ended,user_exit,18,5867.986526,5867986526,14,21669.93261898469,241,23,9,232,14,True,,0.4083800000000011,0.4094628329912666,419.1418947142857,4,67.09767099999954,1514d5377d0dfb97d59b23b7dbd7f462220ec44127b7ebcde2c0a5d044ac6a2d,0.25549129297723994,11,1
main-0076,practice_generator,a36bcb19e39be0c8,v4,ended,user_exit,18,6002.449184,6002449184,14,22362.2459243633,238,29,15,225,14,True,,0.028963999999998435,0.028986291988985613,428.7463702857143,4,67.11409600000025,b78c797497621d18dd93b581e85ecd983e1d9601211df7b47d52f4205bf365e6,0,0,0
main-0074,practice_generator,78b24e58989315a2,v6,ended,user_exit,14,5935.869262,5935869262,14,22204.346316427083,237,20,6,222,14,True,,0.8869830000000007,0.892612083000131,423.9906615714286,9,870.0394489999999,57021e1eac75d7e78ed01025b8e169185b808d753e700f8cb0e74e41edb918ab,0.6768072900304105,11,4
main-0074,practice_generator,78b24e58989315a2,v4,ended,user_exit,14,5696.761536,5696761536,14,21478.80767906106,220,21,7,210,14,True,,0.030148000000000508,0.0302605000033509,406.9115382857143,9,870.0394489999999,a33bbc9f58b06dd1a0332db730eb5dd4d83a8316b500dafbed7ef0b71fa4a1f1,0,0,0
main-0074,practice_generator,78b24e58989315a2,v5,ended,user_exit,14,5775.231524,5775231524,14,21736.157614491145,225,20,6,215,14,True,,0.8867409999999971,0.8898402919876389,412.51653742857144,9,870.0394489999999,a0948964a5c5a5e8009b060bff791e086d1fba583d70e48f15acd7689a28c915,0.7688879169872962,0,0
main-0078,practice_generator,ed052d27927b32e1,v4,ended,user_exit,19,6117.691219,6117691219,10,21198.4560989072,306,13,3,289,10,True,,0.024542000000000286,0.024566208012402058,611.7691219000001,10,875.8919560000004,8bb3a3128f008973fd78b322ec757960e3333da5912391b989db84f78bf208ba,0,0,0
main-0078,practice_generator,ed052d27927b32e1,v5,ended,user_exit,19,5997.480166,5997480166,10,20187.400835193934,316,18,8,306,10,True,,0.37711399999999884,0.3779972920019645,599.7480166,10,471.7749270000004,e07ec68825ce0c06b29e7283c31977493b2d2907504bdf5dfa0bc34b32e757ae,0.2927108329895418,0,0
main-0078,practice_generator,ed052d27927b32e1,v6,ended,user_exit,20,5997.925178,5997925178,10,19959.62587898552,325,16,6,313,10,True,,0.5673519999999996,0.5714711250038818,599.7925178,10,471.59460600000057,80dd258dc3cdc1bd12dcc6f8c196bfc07d6f1b341fc0c7451d2ec59a4ab35482,0.4002564159745816,10,2
main-0079,practice_generator,cd09adbee7433212,v5,ended,user_exit,20,5703.588011,5703588011,13,21362.94004865281,227,18,5,216,13,True,,0.2982990000000001,0.29889662499772385,438.7375393076923,3,0.0,ef4e908d41b008a211c8998a63582cb453fbcd8e30aefab89e4ba705234381cc,0.20694475105847232,0,0
main-0079,practice_generator,cd09adbee7433212,v6,ended,user_exit,19,5736.39295,5736392950,13,21456.964757506856,231,16,3,216,13,True,,0.41903199999999785,0.42385158300749026,441.2609961538462,3,649.8118890000005,d40f89be80c95924ff6343e5f113294df41935b5a2cc80eb340beaf175ebadc7,0.256978375982726,11,3
main-0079,practice_generator,cd09adbee7433212,v4,ended,user_exit,20,5714.716628,5714716628,13,21358.583129410443,229,18,5,218,13,True,,0.03341700000000003,0.03404841700103134,439.5935867692308,3,0.0,497e6442aef551abf663e20ee3e7d2037d61d6f08c51a4004dabf6f431c8e7bf,0,0,0
main-0077,practice_generator,efb33fa933cfc5a6,v6,ended,user_exit,19,5784.768779,5784768779,13,20623.843876657134,263,23,10,250,13,True,,0.6100169999999991,0.6118947079812642,444.9822137692308,3,802.9081050000004,b107809e2622d00acad5a92b2331cbff7e297bd621a6099d7900e22b97f2fff9,0.42136666699661873,6,0
main-0077,practice_generator,efb33fa933cfc5a6,v4,ended,user_exit,19,5816.160124,5816160124,13,20655.80058010865,262,32,19,253,13,True,,0.029330000000001633,0.029354333004448563,447.3969326153846,3,802.4378539999998,d1f9a2cb149c65e85acffb07d314c73d4241029a60350b42df12a49c556be855,0,0,0
main-0077,practice_generator,efb33fa933cfc5a6,v5,ended,user_exit,19,5835.223304,5835223304,13,21061.116507705417,257,21,8,249,13,True,,0.8251849999999976,0.8342340419767424,448.8633310769231,3,794.6654760000001,525e997d456928a84872a95f336a25624ca783a63a12be56632e5af92561dd92,0.6846827489789575,0,0
main-0083,practice_generator,825557a29bfe5525,v6,ended,user_exit,19,5434.629555,5434629555,10,19198.147754496837,257,16,6,242,10,True,,0.2275790000000022,0.2343145420018118,543.4629555,7,1416.9289830000002,51b7d2512f63fa4ae0bdbfaf8ef6fab7a4b9314cd1fa9f8c04e8cbd341b130b5,0.07520220798323862,4,0
main-0083,practice_generator,825557a29bfe5525,v4,ended,user_exit,19,5652.229619,5652229619,10,20181.148100452672,259,18,8,247,10,True,,0.028688999999999965,0.03006124999956228,565.2229619,7,1417.476337,afa157db1be14784f93d5199536dae34daeded75b7d1cf4e713edadfd69ebea6,0,0,0
main-0083,practice_generator,825557a29bfe5525,v5,ended,user_exit,19,5498.58686,5498586860,10,19492.934290080222,258,15,5,245,10,True,,0.23851399999999856,0.23936404200503603,549.858686,7,1418.1471850000003,d154afdad677a5dc1b16b84cdff9f1e6bb37cab10d77f7739f2400e609be291c,0.1594111230224371,0,0
main-0080,practice_generator,c33943032393a93d,v6,ended,user_exit,11,3811.20946,3811209460,16,14416.047296500004,135,33,17,122,16,True,,0.5748669999999976,0.5858183340169489,238.20059125,6,0.0,ccbc735eed430ff247e77800f69398f53db630d16b69115d93febb3e266fdc55,0.34622162600862794,9,6
main-0080,practice_generator,c33943032393a93d,v4,ended,user_exit,11,4144.111796,4144111796,16,16335.558978681625,131,23,7,121,16,True,,0.036253999999999564,0.03831691699451767,259.00698725,6,0.0,bf57bad4b2606740bd95f84d9a1d4457238227b4e26b76a602ed6a2be7e04f19,0,0,0
main-0080,practice_generator,c33943032393a93d,v5,ended,user_exit,11,3957.777889,3957777889,16,15388.889438876238,128,30,14,118,16,True,,0.7641980000000004,0.7700697919935919,247.3611180625,6,0.0,42f6d7823a23fd90a8b6709eaaf2b5928978de8a6a94c2faee4145375f1ab53d,0.6399063340504654,0,0
main-0084,practice_generator,772e204af861a955,v4,ended,user_exit,16,5506.443034,5506443034,12,19927.21515804621,242,18,6,233,12,True,,0.02879300000000029,0.028843624982982874,458.8702528333333,1,82.9910689999997,d9d2dc2cac6998166c670b0c0cb278171243bc817fbe5da82c764b23e455dea5,0,0,0
main-0084,practice_generator,772e204af861a955,v5,ended,user_exit,16,5502.90828,5502908280,12,19984.54138636024,241,15,3,232,12,True,,0.2869780000000013,0.28789800000959076,458.57568999999995,1,82.9910689999997,36bbe44365b50088a3894ae3735582ae7506e242204ca092d35550f3e69af787,0.2000012490316294,0,0
main-0084,practice_generator,772e204af861a955,v6,ended,user_exit,16,5471.191325,5471191325,12,19705.956596194406,244,18,6,232,12,True,,0.35629199999999983,0.36370783401071094,455.93261041666665,1,82.9910689999997,0839f38829fd8a7ee32249290273fd6916f0b86010d32df7be22473925aa79bc,0.1705892929167021,6,0
main-0082,practice_generator,ddde805e0be1b4a7,v5,ended,user_exit,20,6074.150575,6074150575,10,20970.75285155949,300,24,14,288,10,True,,0.8810430000000018,0.893583833007142,607.4150575,5,144.31688899999972,b5801eb278ba9558a1987c794be6630afeaed486a7bf51ef213c797e350c572e,0.8128888770297635,0,0
main-0082,practice_generator,ddde805e0be1b4a7,v6,ended,user_exit,18,5861.660435,5861660435,10,20088.302154361198,296,20,10,284,10,True,,0.6127889999999994,0.6204347499879077,586.1660435,5,352.7248579999996,d987a2825e122e4f2a03e24d388ad7efbfd178019a9314d291dd2bfd9018f455,0.4911706669954583,7,2
main-0082,practice_generator,ddde805e0be1b4a7,v4,ended,user_exit,20,6069.522438,6069522438,10,21062.61220329185,295,26,16,284,10,True,,0.031148999999999205,0.0313809169747401,606.9522438,5,352.95165499999985,cdcdb7773f1c30af580f589b3469b6efa8ebc43993a94f777c61242b3b3411b5,0,0,0
main-0081,practice_generator,757edf11bdf3d6c1,v4,ended,user_exit,2,6330.454901,6330454901,12,22717.274520421364,286,20,8,273,12,True,,0.029735000000002287,0.030654541013063863,527.5379084166667,10,0.0,513a7d3be630a5fd03694a0ad14a65afd37cafb5c502d7755978c631bb3f4812,0,0,0
main-0081,practice_generator,757edf11bdf3d6c1,v5,ended,user_exit,2,6219.935437,6219935437,12,22149.67719566776,284,25,13,271,12,True,,0.7006329999999998,0.7120628750126343,518.3279530833333,10,0.0,eac70a5b3af30cfe4e8bb77fb0d5d74f39028367a3a33767f627d92af4e5e0e9,0.5754406659980305,0,0
main-0081,practice_generator,757edf11bdf3d6c1,v6,ended,user_exit,2,6214.57072,6214570720,12,22077.853608760408,288,21,9,272,12,True,,0.9475689999999979,0.9569630829792004,517.8808933333333,10,0.0,2f1374b3a7df1620fd83fa09e00c32426ed54dae97e55dffded40fba74e3cbd7,0.781736291013658,5,0
main-0085,practice_generator,2f13446da621a08a,v5,ended,user_exit,12,5091.259878,5091259878,16,18686.29939800818,211,22,6,201,16,True,,0.5690390000000001,0.5755292499961797,318.203742375,5,0.0,8c53b5b9a80456c506f382d4f85dc7553bc89714e2bf82af5f2db0587c2325e1,0.3871892920869868,0,0
main-0085,practice_generator,2f13446da621a08a,v6,ended,user_exit,12,4985.372086,4985372086,16,18136.860407606837,212,22,6,200,16,True,,0.5073729999999976,0.5093821250193287,311.585755375,5,0.0,3bfa5081e2617f82080e431ba54b9ff7ef47c8ad21a1103f46e27a1f336c0370,0.26848678989335895,9,4
main-0085,practice_generator,2f13446da621a08a,v4,ended,user_exit,12,5249.422055,5249422055,16,19392.110281340894,213,24,8,202,16,True,,0.034911000000001025,0.034994374989764765,328.0888784375,5,0.0,899e9e1c9efbd281b5d22000f7c1c1e143077df095e98a41455a330a64dec9ff,0,0,0
main-0087,practice_generator,269911abfbff7694,v4,ended,user_exit,19,5450.6559,5450655900,13,20183.279495124887,225,17,4,212,13,True,,0.03544899999999984,0.036074458999792114,419.2812230769231,3,245.69905800000015,d7b4c615adb446b8fadc3e62e723c30cd6b4e2b53271a01ee0b5434c866179b7,0,0,0
main-0087,practice_generator,269911abfbff7694,v5,ended,user_exit,14,5166.001131,5166001131,13,19340.005648535425,205,19,6,190,13,True,,0.3117800000000024,0.3135164589912165,397.38470238461537,3,402.8332849999997,a1992bf79620af1350dbd4ef67f28aff6a1613eb2f831346ce710e5448b054c4,0.20104433406959288,0,0
main-0087,practice_generator,269911abfbff7694,v6,ended,user_exit,14,5293.562562,5293562562,13,19847.812798952873,210,18,5,194,13,True,,0.39318600000000004,0.3944465000240598,407.1971201538462,3,914.7688699999999,08f8dc2cf2513e4be4ece9869e18642e1e503a8f9d36dc1e6673b824a0b78fcd,0.22385025001130998,5,3
main-0086,practice_generator,24b67a52d2362710,v6,ended,user_exit,16,6047.138753,6047138753,13,22005.693765638658,262,21,8,247,13,True,,0.882987,0.8886870830028784,465.1645194615385,10,222.01666399999976,f4c47f1d63cc275d59fd6605f30c92ccf39e38fe10b99ba419f0659310b724bb,0.702114208979765,13,0
main-0086,practice_generator,24b67a52d2362710,v4,ended,user_exit,16,5979.498376,5979498376,13,21932.49189370301,253,21,8,239,13,True,,0.03334600000000165,0.03342024999437854,459.9614135384615,10,222.90059699999983,8678b08dffe0f13dcd3ed80e56e21a20ab0a042760b33d939da3e9fbe82d22d3,0,0,0
main-0086,practice_generator,24b67a52d2362710,v5,ended,user_exit,16,5998.683712,5998683712,13,21983.41858407054,252,27,14,235,13,True,,0.8677109999999999,0.8746355420153122,461.43720861538463,10,222.90059699999983,a4c7b37769fd590f2a9e4cec0f57b7013d9c0dcf4f4fb85c8b233eca04aafe0a,0.7524975850537885,0,0
main-0089,practice_generator,9f73e07da375b476,v6,ended,user_exit,19,5511.335069,5511335069,14,20251.67535293862,234,15,1,218,14,True,,0.5161339999999974,0.5196566249942407,393.6667906428571,2,402.08891499999936,550bb16483d5d3bc01f046193c90cb4b4ca68400c47c9632ae39081e5fdd93eb,0.3213454600481782,11,1
main-0089,practice_generator,9f73e07da375b476,v4,ended,user_exit,17,5576.46857,5576468570,14,20877.342848849126,221,20,6,208,14,True,,0.030727999999999867,0.031098333012778312,398.3191835714286,2,166.233929,32b9576abf558f98c127d1c6a06db97bfedb325837c606a3afa636fa91b5aac2,0,0,0
main-0089,practice_generator,9f73e07da375b476,v5,ended,user_exit,17,5515.521226,5515521226,14,20362.606128282077,227,21,7,217,14,True,,0.4501599999999968,0.45441012500668876,393.9658018571428,2,404.15545999999995,a81a4ed97ececed510ef1042cef0a458014772654f28f78e5dd0783efc17cfc0,0.328398332989309,0,0
main-0088,practice_generator,3138931ae016ecff,v5,ended,user_exit,16,6046.163929,6046163929,14,22250.819628246118,250,26,12,240,14,True,,0.7934270000000012,0.7980488749744836,431.8688520714286,8,157.46270800000002,b571de198ef4596a719dce799a3d196ec650a70004b7fc41f6b128abef41d453,0.6791678339650389,0,0
main-0088,practice_generator,3138931ae016ecff,v6,ended,user_exit,16,6159.427338,6159427338,14,22607.136667195453,261,21,7,242,14,True,,0.9996800000000015,1.0079164170019794,439.9590955714286,8,160.22862200000054,4a4e31cadf96a5e799ee6e1fb5cda48dcfb854fba6eea85ae3f54e93ce787e5a,0.792619082989404,14,2
main-0088,practice_generator,3138931ae016ecff,v4,ended,user_exit,16,6009.99801,6009998010,14,22394.99004195898,241,23,9,229,14,True,,0.03804799999999986,0.038275041995802894,429.2855721428572,8,275.97783700000036,846492268007d6eff02e235cdf3e7e56baa9671c2574dba3bdd25a2532f7e4a2,0,0,0
main-0092,practice_generator,8ec9b60773a699e9,v6,ended,user_exit,16,5440.064883,5440064883,10,18915.324405899755,269,12,2,256,10,True,,0.22369400000000184,0.22627429201384075,544.0064883,1,148.6728720000001,4d98864872c98d06b2a099f2cf7638c7fd4094d074d5ed89593b49f326ef4489,0.0695199990295805,6,1
main-0092,practice_generator,8ec9b60773a699e9,v4,ended,user_exit,16,5444.15427,5444154270,10,18925.77134484813,267,16,6,256,10,True,,0.027149999999998897,0.02755870801047422,544.415427,1,148.6728720000001,1a1d81a1da3fbd60315e826b0eaa2d5ea09cb1276886f05ce74b550cc5fb5681,0,0,0
main-0092,practice_generator,8ec9b60773a699e9,v5,ended,user_exit,16,5444.15427,5444154270,10,18925.77134484813,267,16,6,256,10,True,,0.14972000000000207,0.1510088340146467,544.415427,1,148.6728720000001,1a1d81a1da3fbd60315e826b0eaa2d5ea09cb1276886f05ce74b550cc5fb5681,0.06766637397231534,0,0
main-0090,practice_generator,c1aaa012f34a534b,v4,ended,user_exit,18,6085.622131,6085622131,12,22323.110654135435,255,27,15,241,12,True,,0.03965800000000286,0.040461332973791286,507.13517758333336,8,139.32532400000036,ce94f86c56af52e9d3daafe3c8d637251c20ae7ae913b780c267d976d9c5dca7,0,0,0
main-0090,practice_generator,c1aaa012f34a534b,v5,ended,user_exit,16,6013.038577,6013038577,12,21035.19285806531,288,23,11,273,12,True,,1.1792109999999987,1.1891273749934044,501.08654808333335,8,382.8049690000007,78f60e88a83d3718e252cc980e918570c1f1d1a90aa9020f6bca4561d9d997b2,1.0588089159573428,0,0
main-0090,practice_generator,c1aaa012f34a534b,v6,ended,user_exit,16,5676.86761,5676867610,12,20379.33804791687,258,15,3,242,12,True,,0.5612359999999974,0.5660599159891717,473.0723008333334,8,137.43522399999983,7be38fb071694e5e4b9a3e9861167f23be4ee4f239e50bfaf6a2c681e1b077c3,0.389527502033161,13,4
main-0091,practice_generator,4a380b809513a0bc,v5,ended,user_exit,17,5596.70971,5596709710,12,20888.548551857144,220,30,18,205,12,True,,0.6102920000000012,0.6160795829782728,466.3924758333333,9,1724.7335630000002,94fe048c5f83ce35433d7452dc5bd7e97e4e538b906125672d503557b51f9dcc,0.5328480399912223,0,0
main-0091,practice_generator,4a380b809513a0bc,v6,ended,user_exit,18,5682.641361,5682641361,12,21153.206809317322,228,26,14,210,12,True,,0.7853650000000023,0.7992149170022458,473.55344675,9,1721.643095,baa0605160414eda485e30c13e3d4d438aecdd4607ae360c0adb08acf1408df0,0.616536916961195,7,0
main-0091,practice_generator,4a380b809513a0bc,v4,ended,user_exit,17,5607.243601,5607243601,12,20986.218009077056,220,27,15,205,12,True,,0.039346999999999355,0.040742209006566554,467.2703000833333,9,1724.7761370000003,c849fef76d8f7a35b6cace9ec846952e1fdf11ec97adc6fcba2368fae96408a5,0,0,0
main-0093,practice_generator,81f738596809f4f9,v4,ended,user_exit,20,6040.597221,6040597221,13,21837.986094328207,263,28,15,248,13,True,,0.029551000000001437,0.029902333015343174,464.6613246923077,5,216.46459200000027,4b6ddc23379b70cd5efc12ed48e2bac2aeb9864c2091af605e99ba466e08338d,0,0,0
main-0093,practice_generator,81f738596809f4f9,v5,ended,user_exit,20,6010.710146,6010710146,13,21783.550735901685,263,21,8,250,13,True,,0.7797480000000014,0.7884510000003502,462.36231892307694,5,214.9545050000006,df59e491094b148cba24eab61a3a53b40ebdf241c17324db01e826767748c874,0.6917845409479924,0,0
main-0093,practice_generator,81f738596809f4f9,v6,ended,user_exit,20,5971.229409,5971229409,13,21516.14704005235,267,19,6,250,13,True,,0.8345110000000027,0.8508065829810221,459.32533915384613,5,214.9545049999997,88089eafa3d5bc6a18f97a13a8187c636d2f43a299fb3e12570d09583dfc4439,0.677765081054531,6,0
main-0097,practice_generator,089ae11acb2a5b57,v5,ended,user_exit,20,5534.252468,5534252468,12,19906.262332728562,248,18,6,235,12,True,,0.3593570000000028,0.3667960000166204,461.18770566666666,4,876.3468759999996,4537d7f7a7b9ba74e8788ab921f508dd42e3da0bac88a0c8528ece5ec903b038,0.25017053991905414,0,0
main-0097,practice_generator,089ae11acb2a5b57,v6,ended,user_exit,20,5551.596707,5551596707,12,19847.983516850498,253,17,5,242,12,True,,0.27669799999999967,0.28548295798827894,462.63305891666664,4,876.3615019999997,e31cf438435418633de6113520df86edc00c91dc74d13c4d002a4499466622e3,0.10590504205902107,7,0
main-0097,practice_generator,089ae11acb2a5b57,v4,ended,user_exit,20,5552.15268,5552152680,12,19915.76338856681,248,23,11,236,12,True,,0.03734800000000149,0.04461445799097419,462.67939,4,876.3468760000005,70eb67a00acd91e261b39a641cb9393bd306a4f10487b73c26866972f40f3249,0,0,0
main-0094,practice_generator,2061eceaea52304f,v5,ended,user_exit,16,6080.03632,6080036320,13,22620.18159635299,241,34,21,223,13,True,,1.3629870000000004,1.387570874998346,467.69510153846153,10,336.56025899999986,e36f5477c2c053e6cd189162d2715429609a5ff1e6b712d58159084e5314b021,1.2650419569399673,0,0
main-0094,practice_generator,2061eceaea52304f,v6,ended,user_exit,16,6014.321347,6014321347,13,22311.60673011137,246,23,10,227,13,True,,0.9078300000000006,0.9308735000086017,462.64010361538465,10,333.89262899999994,ac6081a0ad454d99818204da30eb7d8dd8dfaee4694286cc6dd1362047386052,0.7288885430025402,12,1
main-0094,practice_generator,2061eceaea52304f,v4,ended,user_exit,17,6135.779219,6135779219,13,22318.896095856955,264,25,12,251,13,True,,0.03881600000000063,0.03903962500044145,471.9830168461539,10,217.2035480000004,3a634b2c88a70cb1e91d0183900a13074dd08d1ba10293794a01d58f86cb0c0b,0,0,0
main-0095,practice_generator,a6794ea60713a600,v6,ended,user_exit,20,6149.746821,6149746821,13,22113.73409055839,278,16,3,263,13,True,,1.0672690000000031,1.0902534580091015,473.05744776923075,11,559.2980779999998,803b1fb2193e6d05a4dc365907528d2e49e19762078cac17014959ce5d04fe33,0.870107125985669,10,2
main-0095,practice_generator,a6794ea60713a600,v4,ended,user_exit,17,6428.251573,6428251573,13,23481.2578481499,271,31,18,258,13,True,,0.032798000000003213,0.033116959006292745,494.4808902307692,11,558.2456309999998,2edc69b073a2173bb37ba80bdccbc6d0838dc13fed710c5421c69f8e632e7944,0,0,0
main-0095,practice_generator,a6794ea60713a600,v5,ended,user_exit,17,6454.936454,6454936454,13,23624.682265940093,273,27,14,258,13,True,,1.3283340000000017,1.3612041659944225,496.53357338461535,11,558.0372879999995,d67214f9f556205ca19d6396ea620bc950844bb525da992824999812b7d4f54a,1.2473227070004214,0,0
main-0096,practice_generator,156185d5d8c5d766,v4,ended,user_exit,19,4767.764706,4767764706,16,17698.823521913102,190,22,6,180,16,True,,0.0369250000000001,0.03737633299897425,297.985294125,10,0.0,da23a9de8fcd07322b594c462ecf3973216831ee9d69c7838266ab524086efe7,0,0,0
main-0096,practice_generator,156185d5d8c5d766,v5,ended,user_exit,19,4666.945987,4666945987,16,17019.729930169728,197,22,6,180,16,True,,1.4676369999999999,1.5006557919841725,291.6841241875,10,0.0,af88e8632d56edbcba9fb62bac9b160a7cbc7506429a6919ef70b02e21004b52,1.294897165033035,0,0
main-0096,practice_generator,156185d5d8c5d766,v6,ended,user_exit,17,5819.620739,5819620739,16,22778.103682259392,197,22,6,181,16,True,,0.701080000000001,0.7095905420137569,363.7262961875,10,0.0,e3a8263c36c242466eeea11b2ace3e43a4d0964a7b1438ddd7624ca54f03a05a,0.5131588329968508,9,2
main-0098,practice_generator,2da706ec50654716,v6,ended,user_exit,20,5696.207586,5696207586,15,21126.03790285223,229,27,12,215,15,True,,0.496656999999999,0.501225042011356,379.7471724,7,85.63941800000066,2c2b1a6ed268e9db3d6e3204fda29fee6a31396fdf989a299e80ae420680add2,0.2909100840042811,10,0
main-0098,practice_generator,2da706ec50654716,v4,ended,user_exit,13,6084.54178,6084541780,15,22827.7088804415,232,37,22,218,15,True,,0.0444110000000002,0.04531966702779755,405.6361186666666,7,84.36089699999957,386278f4ce9df0620e45c1ddd0c8cad75adfa79d7bcc59f2c7915ab61798bfea,0,0,0
main-0098,practice_generator,2da706ec50654716,v5,ended,user_exit,13,5842.192505,5842192505,15,21805.962486486304,226,36,21,213,15,True,,0.8574190000000037,0.866620792017784,389.4795003333333,7,85.11507100000017,a615c0a7efdfb7a9d31e9eaefa0e2088571b40f822d70f24aaf01b0188adc08e,0.7503107499214821,0,0
main-0099,practice_generator,9dd07f138700877c,v4,ended,user_exit,1,6066.735287,6066735287,11,21533.676423418692,279,24,13,271,11,True,,0.036104999999999166,0.036288667004555464,551.5213897272728,9,0.0,4eefaa141c4f6285ccd80493ad0c3d1d0151d44a4f875f9a71bfccb58e48e9a1,0,0,0
main-0099,practice_generator,9dd07f138700877c,v5,ended,user_exit,1,6086.067694,6086067694,11,21605.338457825812,282,20,9,273,11,True,,0.6543069999999993,0.661413875001017,553.2788812727273,9,0.0,26b6fffd08d1923b41558237931a79fc9d0b4de6e2f9cac72533e77b841ad049,0.5261386680067517,0,0
main-0099,practice_generator,9dd07f138700877c,v6,ended,user_exit,17,6032.597576,6032597576,11,21672.987881050023,273,18,7,257,11,True,,0.6882650000000012,0.6956540829851292,548.4179614545454,9,821.779743,86531491a31ffd76e28588986a93ab2c5daff815bf4494d770e8917df4e82683,0.4723747090320103,8,4
main-0103,practice_generator,18305fe2568d5173,v5,ended,user_exit,20,5850.977918,5850977918,10,20489.889577315796,286,10,0,273,10,True,,0.23898200000000003,0.2413656249991618,585.0977918,1,134.5725939999993,c3e6ab9d247b635b28bc756d8190801fd93e0a88dc389bb540dbf7684a46e9cc,0.13788029304123484,0,0
main-0103,practice_generator,18305fe2568d5173,v6,ended,user_exit,16,5853.918865,5853918865,10,20489.594318750605,285,13,3,272,10,True,,0.26577100000000087,0.26936291699530557,585.3918864999999,1,133.5725939999993,163ea3c7c41feca01e82fdada33ee56f32acec30878203c5d9261667ab8ea129,0.10887316599837504,6,1
main-0103,practice_generator,18305fe2568d5173,v4,ended,user_exit,20,5808.198072,5808198072,10,20275.9903412389,286,10,0,273,10,True,,0.027532000000000778,0.027707999979611486,580.8198072,1,134.5725940000002,b233a21108bec90e9a056aba5186fb7f3cf9e0294428c6ddad0e021964e41580,0,0,0
main-0100,practice_generator,6aae8ef52fbb84c8,v5,ended,user_exit,10,5861.874563,5861874563,15,21544.3728025921,242,28,13,229,15,True,,1.0754319999999993,1.0855900419992395,390.79163753333336,12,362.07902900000045,43beb733f24b7bf0cd945ede2cf474ecd8a5dcf66062573a45bd398c71371293,0.9301154550339561,0,0
main-0100,practice_generator,6aae8ef52fbb84c8,v6,ended,user_exit,16,5536.867446,5536867446,15,20774.337226929914,216,22,7,206,15,True,,0.3548270000000002,0.36058383298222907,369.1244964,12,543.2773750000006,6ee4d1981345fd3b05d26781384c826b7fa07d258c3e41fadcf0054008d40090,0.09219403899624012,8,2
main-0100,practice_generator,6aae8ef52fbb84c8,v4,ended,user_exit,16,6033.212746,6033212746,15,22261.06371154522,246,28,13,237,15,True,,0.03405899999999917,0.03451391597627662,402.2141830666667,12,0.0,83dc280e1f7a1389d63065073ebbdde3e96f343de8926ab6ca902c369f861e6b,0,0,0
main-0101,practice_generator,63647b3e388ffb46,v6,ended,user_exit,13,5922.660255,5922660255,15,21323.301245966868,262,23,8,249,15,True,,0.547780000000003,0.5539226669934578,394.844017,13,221.28578800000014,e31e977af66f4357e2d804b64cec8519960da8001fbc9de6622fbc1858be37fa,0.30704529097420163,13,2
main-0101,practice_generator,63647b3e388ffb46,v4,ended,user_exit,13,6146.026934,6146026934,15,22805.13464199446,249,23,8,241,15,True,,0.0317009999999982,0.03191237500868738,409.7351289333334,13,0.0,ccb5c1d78b9fb014532b804e0552a8c628be5d3b895bcf3c9c6c0fb8b64ba48c,0,0,0
main-0101,practice_generator,63647b3e388ffb46,v5,ended,user_exit,13,6181.20107,6181201070,15,22681.005328237792,256,32,17,239,15,True,,1.0312270000000012,1.0451681670092512,412.08007133333336,13,222.13361799999984,6041e3c86c9a365ce6347326c643d1082a622b60c4354b351fa75e783f053fd8,0.8944826660153922,0,0
main-0102,practice_generator,2b4a4e63b68da67d,v4,ended,user_exit,19,5476.645496,5476645496,13,19773.22748421168,242,19,6,229,13,True,,0.037824000000000524,0.038069792004534975,421.28042276923077,2,142.93206199999986,ccce970d77737344f21511f35b8f0bdcf95ae30279b4e4c2c6d5431ba5ab2eed,0,0,0
main-0102,practice_generator,2b4a4e63b68da67d,v5,ended,user_exit,16,5696.495843,5696495843,13,20572.479213992996,252,19,6,239,13,True,,0.8113350000000068,0.821691874996759,438.1919879230769,2,0.0,09377d7b8a1fb7e049897404c20504a1f063d86cd1940f0fe424a9b63f04918f,0.6808743749861605,0,0
main-0102,practice_generator,2b4a4e63b68da67d,v6,ended,user_exit,19,5599.677053,5599677053,13,20053.38526715685,254,18,5,239,13,True,,0.5818089999999998,0.5930856670020148,430.7443886923077,2,117.85113100000035,deff22d9b5f5ab42dcf7a239065129a2d596cf525d09dfc4c22a0ff84652293d,0.36924387494218536,9,2
main-0104,practice_generator,045c3b56089ce7b4,v6,ended,user_exit,19,5690.760731,5690760731,15,20763.803628204736,241,25,10,228,15,True,,0.5765430000000009,0.5874476250028238,379.3840487333334,2,783.2713300000005,92a5a0c9a635e11814e6a3c25f7d380aa87a9b7db26851cc2300f6bf3eddf4f1,0.29878895802539773,4,1
main-0104,practice_generator,045c3b56089ce7b4,v4,ended,user_exit,19,5571.580107,5571580107,15,20257.90051265768,239,22,7,229,15,True,,0.04154499999999928,0.041845958010526374,371.4386738,2,786.1278009999996,7190da0fcce0926964cd91288ea3d320677f7aae41f633b69091f02d4098653c,0,0,0
main-0104,practice_generator,045c3b56089ce7b4,v5,ended,user_exit,19,5577.848231,5577848231,15,20284.24113152047,240,20,5,231,15,True,,0.4235079999999982,0.4309425000101328,371.85654873333334,2,786.1278009999996,7c56da93b56f7ca4a2f0aa78a13f1e1ccb8c6024a675e0473a83bccc39cafff3,0.2350487080111634,0,0
main-0106,practice_generator,85985dec4f68b904,v5,ended,user_exit,19,5469.108915,5469108915,11,19135.54455253366,265,14,3,253,11,True,,0.4084479999999999,0.41678883400163613,497.19171954545453,1,937.6007609999997,87da6e6c59670ecf31b81986fc9b985e22d6bc56d55cd88e21ffce5b3f849374,0.3112489160266705,0,0
main-0106,practice_generator,85985dec4f68b904,v6,ended,user_exit,20,5485.597493,5485597493,11,19182.987442114274,268,11,0,254,11,True,,0.3792529999999985,0.3874089169839863,498.6906811818182,1,941.4747310000002,081fc53a3fb3149b8b3e1e36ca1323847cf7f4aa5ac39a7652cef4e52a355828,0.2304208740242757,7,2
main-0106,practice_generator,85985dec4f68b904,v4,ended,user_exit,19,5475.811949,5475811949,11,19209.059746423707,265,11,0,254,11,True,,0.03566399999999703,0.04239483299897984,497.8010862727273,1,941.5705950000001,ba8afe27e3f5ab96c99b1493efb5d4c7129e924cffceb2dd0b1d15ae37527c47,0,0,0
main-0105,practice_generator,104d201783bd202c,v4,ended,user_exit,18,6145.445006,6145445006,12,22162.22501599238,273,21,9,261,12,True,,0.030821000000003096,0.031171417009318247,512.1204171666667,4,302.42996200000016,2d70e740f4fed2409e0d9a63b83aa55b864d6003be24b2200801cc9dfa3eda85,0,0,0
main-0105,practice_generator,104d201783bd202c,v5,ended,user_exit,18,5936.811366,5936811366,12,21209.056815072545,268,26,14,253,12,True,,0.9747500000000002,0.9918973339954391,494.7342805,4,492.51641800000016,8a83596844db43b88655de1645edeca1932c2e866622e4a09d963c9dbf0c2256,0.8884278769837692,0,0
main-0105,practice_generator,104d201783bd202c,v6,ended,user_exit,16,5551.050433,5551050433,12,19935.252154514892,249,21,9,232,12,True,,0.7661930000000012,0.7907436669920571,462.58753608333336,4,877.406551,f88d485289fa28bf23a02709a71812ff67e19265205c900ecc5574d4841c4156,0.5777533760410734,8,2
main-0107,practice_generator,4d33b259c1aa52a8,v6,ended,user_exit,19,5856.988071,5856988071,15,20944.94033551965,262,27,12,247,15,True,,0.6460049999999953,0.6648148750246037,390.46587139999997,9,101.05247400000007,de7acacc0eecfe3bdde2cb10357866ff737f9cf859f020c63614aef7baf097b9,0.3643461660249159,11,0
main-0107,practice_generator,4d33b259c1aa52a8,v4,ended,user_exit,19,6005.577143,6005577143,15,21617.885728358866,258,38,23,248,15,True,,0.035763000000002876,0.03607745800400153,400.37180953333336,9,99.78431900000032,a6194f3e11a06375a0360d302259eb9dec110fe24252713b6bafeae462de7cd5,0,0,0
main-0107,practice_generator,4d33b259c1aa52a8,v5,ended,user_exit,19,5958.300721,5958300721,15,21376.503590442735,263,29,14,251,15,True,,0.8768589999999961,0.8960743329953402,397.22004806666666,9,99.78431899999941,631f816812b9c49e0a7b431df967b71de7863cc30cdd8c02533c2663d82ae88c,0.6737722089746967,0,0
main-0109,practice_generator,4005a265802a99f2,v5,ended,user_exit,20,5819.507225,5819507225,15,21617.536101819376,232,29,14,219,15,True,,0.7636579999999995,0.7802924160205293,387.96714833333334,7,631.9535720000003,ac66137d259a6d6b402ebfa9fef13cfe5dee1469d5161e097037adb03515e3eb,0.5463617909699678,0,0
main-0109,practice_generator,4005a265802a99f2,v6,ended,user_exit,20,5789.315054,5789315054,15,21441.575262561317,232,31,16,218,15,True,,0.5771409999999975,0.5847268330107909,385.9543369333333,7,634.9705299999996,a63b28bdf44d624e767ccecc0520230749cc224b647490a564d36b726be730aa,0.2717337890935596,6,1
main-0109,practice_generator,4005a265802a99f2,v4,ended,user_exit,20,5701.151435,5701151435,15,21310.757182691366,225,24,9,212,15,True,,0.04367700000000241,0.04408849999890663,380.0767623333333,7,633.4092030000002,56fa922cbe186333bf4b89daa66ab8cf328c471a5b975371ac444f24cafb2533,0,0,0
main-0108,practice_generator,67f014225f68dad3,v4,ended,user_exit,19,6284.562825,6284562825,11,22652.81412633612,277,28,17,263,11,True,,0.035699000000001035,0.036315375007689,571.3238931818182,11,744.4884689999999,3c9a5676ec425a9701b1c720a05208db811b4b310d288d62b5e9739355c128b7,0,0,0
main-0108,practice_generator,67f014225f68dad3,v5,ended,user_exit,2,6472.609474,6472609474,11,23043.04736286848,294,31,20,279,11,True,,1.021148999999994,1.052060416986933,588.4190430909091,11,0.0,42ff30b537eb671b48c91a25124d5abad04fdea0090cb8358ee42cc97e5c33f9,0.9133970830298495,0,0
main-0108,practice_generator,67f014225f68dad3,v6,ended,user_exit,10,6157.693233,6157693233,11,21598.466148391028,293,23,12,282,11,True,,0.6653990000000007,0.6744118749920744,559.7902939090909,11,0.0,49d4aa36687b741c389c319445262abaa590b53e361e225a0f98da5529ab3358,0.4537490020156838,9,4
main-0113,practice_generator,fe9a5aec24a100f5,v6,ended,user_exit,17,5376.472604,5376472604,12,19217.362996832107,245,17,5,233,12,True,,0.6409249999999957,0.6483034169941675,448.03938366666665,7,601.812989,3c253a01187a439cf3372dd2a81c9f710e5060fa865fb056a71c6e55f1f1ffb3,0.4509319580101874,4,0
main-0113,practice_generator,fe9a5aec24a100f5,v4,ended,user_exit,17,6048.201032,6048201032,12,22276.005159457985,249,29,17,237,12,True,,0.036725000000004115,0.036952750000637025,504.01675266666666,7,600.9477049999996,242937aed7c8101edfad3bf35dfdb30e0e4e07292f98b5d0de5fae59e9f2f818,0,0,0
main-0113,practice_generator,fe9a5aec24a100f5,v5,ended,user_exit,17,5362.828655,5362828655,12,19269.1432573637,243,13,1,231,12,True,,0.6683840000000032,0.6757539589889348,446.90238791666667,7,600.9836080000005,799b293531539b3db7f7056c89c375cf795097fe9d86ce74ea303821c25f36a0,0.5540349170041736,0,0
main-0110,practice_generator,5445b4f5d2fcbd85,v6,ended,user_exit,5,5086.452268,5086452268,16,19202.261327236843,191,29,13,172,16,True,,1.490507000000001,1.5110176250163931,317.90326675,14,0.0,9ecd4b60e80609e9d3742cb94078ba8a0957415d1c3c97705e22990193001a50,1.212594789947616,9,4
main-0110,practice_generator,5445b4f5d2fcbd85,v4,ended,user_exit,5,5280.515031,5280515031,16,20047.575194741763,190,38,22,175,16,True,,0.04652600000000007,0.04719345801277086,330.0321894375,14,0.0,d262ac2dc32b2db3fb2af7ec1bef5023f39506f3c111f7ca2dd3c5f9e875c2a1,0,0,0
main-0110,practice_generator,5445b4f5d2fcbd85,v5,ended,user_exit,5,5197.401758,5197401758,16,19737.00879669224,189,33,17,174,16,True,,1.7047839999999965,1.7209037499851547,324.837609875,14,0.0,06847303e83c212a6e1b4ca20c23a08420e4c70069865e22912825847ac4ef1d,1.526106539007742,0,0
main-0111,practice_generator,43a8346bb1bc4b16,v4,ended,user_exit,16,5954.818739,5954818739,15,21279.093685729415,267,26,11,256,15,True,,0.038362999999996816,0.03922837498248555,396.98791593333334,9,118.68116800000007,ee41861ebaab60a2256e37a9e97a4dae319ff5af59043a92abb89d950eade8c9,0,0,0
main-0111,practice_generator,43a8346bb1bc4b16,v5,ended,user_exit,16,6020.605271,6020605271,15,21593.02636215198,268,26,11,254,15,True,,2.067330999999996,2.0926784579933155,401.37368473333333,9,118.40494300000046,a48ab493d3c1dada44f9ade9f31de07e87e3bbe07132378f1098640ab675ad38,1.9042166660365183,0,0
main-0111,practice_generator,43a8346bb1bc4b16,v6,ended,user_exit,16,5661.244675,5661244675,15,20441.223360549684,248,23,8,234,15,True,,1.0287719999999965,1.0376995420083404,377.4163116666667,9,151.08213799999976,643622008209074835a44e7d3215174223f92b94903737b46f6e74c020f5644d,0.7426144990022294,11,1
main-0114,practice_generator,bf7813b491223d35,v4,ended,user_exit,15,6178.919606,6178919606,10,22004.598018879333,286,20,10,268,10,True,,0.034857999999999834,0.035613249987363815,617.8919606000001,8,385.23171,aa653be546d5aa8736c9f9d65185b75ef61211543c19ffa708be4c35c7595b51,0,0,0
main-0114,practice_generator,bf7813b491223d35,v5,ended,user_exit,15,5881.577277,5881577277,10,20692.88636758541,283,14,4,266,10,True,,0.8029329999999959,0.8101626250136178,588.1577277,8,388.7272920000005,71789c5181f1e9bddb426fc5853e6083ef31a10a03c215c6ce9859cea3096659,0.6806424160022289,0,0
main-0114,practice_generator,bf7813b491223d35,v6,ended,user_exit,16,6032.328617,6032328617,10,21151.643056392844,292,18,8,268,10,True,,1.0398950000000013,1.051808374992106,603.2328617000001,8,386.6938360000004,c8686910b4d451bddcc69b1975f680b443c8da50f2613564c7a5d886854cfaf8,0.8436081680411007,7,3
main-0116,practice_generator,1968c753092d817c,v6,ended,user_exit,17,5399.917023,5399917023,15,20314.58511320521,204,32,17,191,15,True,,0.5187689999999989,0.5252789999940433,359.9944682,8,449.98411099999976,425a7c61877224444d654441f9c89cb734eee7435a32aad156d6cf2c65967211,0.23295074995257892,5,0
main-0116,practice_generator,1968c753092d817c,v4,ended,user_exit,17,5632.489018,5632489018,15,21307.445090072495,203,45,30,191,15,True,,0.043668000000003815,0.04424204200040549,375.4992678666667,8,449.98411100000067,9a19532002479c2d375e560ac3cd80c39f01decb1cf948083c9b5feaf721347b,0,0,0
main-0116,practice_generator,1968c753092d817c,v5,ended,user_exit,17,5606.750976,5606750976,15,21178.7548898346,206,39,24,194,15,True,,0.8860340000000022,0.9499175829987507,373.7833984,8,449.98411100000067,541ff09acc2de10e7db10ea0540bf2e9003f61f3f1c55387d8b10916783eeeec,0.7383809579769149,0,0
main-0112,practice_generator,eb6547e0bb1fbd26,v5,ended,user_exit,16,6470.729794,6470729794,14,23273.648951602987,284,34,20,266,14,True,,2.0780499999999975,2.102001291990746,462.19498528571427,13,397.1006120000002,af140a92592060869a0ad1bfd86894c51faad98bd59c9806afd1781d269895fe,2.0070684559759684,0,0
main-0112,practice_generator,eb6547e0bb1fbd26,v6,ended,user_exit,16,6637.600407,6637600407,14,23798.00202957201,294,36,22,272,14,True,,2.1140570000000025,2.189811333984835,474.11431478571427,13,397.58742299999994,2bcc95a9709016ac8a2c1819f51d796ee4308389c1ccf73ae6efd8429f736e33,2.0008450389723293,9,0
main-0112,practice_generator,eb6547e0bb1fbd26,v4,ended,user_exit,16,6615.041506,6615041506,14,23945.20751532643,285,35,21,268,14,True,,0.0366029999999995,0.03708116602501832,472.50296471428567,13,398.2272469999998,54453c65b52d27cbf6546c09b26e86998ae15b9cb1c7f017e3ab2682a2e3ea1f,0,0,0
main-0115,practice_generator,54fdde538b9d30e1,v5,ended,user_exit,18,5443.297667,5443297667,16,20641.488330401757,203,25,9,193,16,True,,0.9480670000000018,0.9586660420172848,340.2061041875,11,0.0,b583d91cf43f450455973e502739d902479f0762e091010ffec4ca552441097c,0.7947270839649718,0,0
main-0115,practice_generator,54fdde538b9d30e1,v6,ended,user_exit,18,5707.933809,5707933809,16,21524.66903288245,216,29,13,204,16,True,,0.9769170000000003,1.048811749991728,356.7458630625,11,0.0,c5ceaf89f02a0cc0b4e63144e3bf5339ef51119d661a694a4e5328c1a439ff9e,0.74419358492014,14,3
main-0115,practice_generator,54fdde538b9d30e1,v4,ended,user_exit,15,4927.58328,4927583280,16,18782.916377203448,172,39,23,162,16,True,,0.04182500000000289,0.0424799169995822,307.973955,11,0.0,378da073e65460a648093f309599c8055c6d1aa8fbe1b089e9c75a42798897b6,0,0,0
main-0120,practice_generator,74baece75fdf76aa,v4,ended,user_exit,18,4349.146214,4349146214,16,16855.731055567732,150,19,3,139,16,True,,0.05151600000000656,0.05224404198816046,271.821638375,9,0.0,83f8f0e723d0479dd974543e71712216dcf8454760c3d735645059068dca170d,0,0,0
main-0120,practice_generator,74baece75fdf76aa,v5,ended,user_exit,17,3978.501228,3978501228,16,15392.506130619275,136,21,5,125,16,True,,0.3872029999999995,0.40291391700156964,248.65632675,9,0.0,9d9085fa143ef245d6e964934cc5fe2cfd0d1bc43ebd024d7ed2f425115d659b,0.22256916799233295,0,0
main-0120,practice_generator,74baece75fdf76aa,v6,ended,user_exit,17,4028.13291,4028132910,16,15520.664529347834,140,21,5,129,16,True,,0.527512999999999,0.6081593340204563,251.758306875,9,0.0,7d5c7773c5f1a53a211ec4549f075c5ac802ea5ed9b87808b390bf302d5e86fb,0.331325002014637,2,0
main-0119,practice_generator,a9bf4ace27e6ac42,v6,ended,user_exit,19,5772.848486,5772848486,11,20679.24240250963,264,16,5,247,11,True,,0.507677000000001,0.5245634159946349,524.8044078181819,6,136.31971199999953,8035105fd42d525b088dfb2649c4e1c32dc84d91560f4405da73a2692230e0b7,0.2962995410198346,10,1
main-0119,practice_generator,a9bf4ace27e6ac42,v4,ended,user_exit,19,5855.367624,5855367624,11,21231.838128520976,256,21,10,244,11,True,,0.03161000000000058,0.03299729200080037,532.3061476363637,6,136.31971200000044,5a698b680a6c55267aaecbf99afd3d1e953329a25e2d1390e53e48b379e22c89,0,0,0
main-0119,practice_generator,a9bf4ace27e6ac42,v5,ended,user_exit,19,5763.668838,5763668838,11,20738.344176827595,259,18,7,245,11,True,,0.5979529999999968,0.6948325420089532,523.9698943636363,6,136.31971199999953,b46b79a29d3e846474db3c1205b3b73743ea8c148167d5a70e9ec8c821093264,0.5756702919607051,0,0
main-0121,practice_generator,94111804ec7278a2,v5,ended,user_exit,16,5557.833305,5557833305,10,19449.166525173085,267,20,10,253,10,True,,0.41317699999999746,0.9957391670031939,555.7833305,2,85.39902799999982,6121f49460d268735309cb1abffe371db203bcdcb92d329e1910505ea751d6a2,0.7781430430477485,0,0
main-0121,practice_generator,94111804ec7278a2,v6,ended,user_exit,16,5553.720837,5553720837,10,19468.604176232984,269,14,4,253,10,True,,0.43828700000000254,0.49937204201705754,555.3720837,2,85.29509099999996,bb12cbb2113b2db2b6f10b3b382335f561e5f30ab6e03fc9b1fe2313c6d902cc,0.30097091593779624,3,1
main-0121,practice_generator,94111804ec7278a2,v4,ended,user_exit,16,5578.555694,5578555694,10,19532.778487267795,266,23,13,253,10,True,,0.029977000000002363,0.03316920800716616,557.8555693999999,2,85.39902799999982,79f326f5b170592aee67833d0c8d6fbfc0b9407402bb160edb771dfab37abecd,0,0,0
main-0122,practice_generator,dad9af5f177fcc7d,v6,ended,user_exit,20,5709.411643,5709411643,13,20922.05819878824,243,19,6,227,13,True,,0.7095739999999964,1.3383348749775905,439.185511,3,589.9997560000002,2d8c23862b62268d7510f0e291365171b05ecdc131e83e30efe219197889ce41,0.7089221239439212,9,3
main-0122,practice_generator,dad9af5f177fcc7d,v4,ended,user_exit,20,5629.510286,5629510286,13,20412.55141956894,246,19,6,234,13,True,,0.04396599999999751,0.04819250002037734,433.03925276923076,3,391.18052699999953,efdbb275765ec5ad136db1b1646cabe99ce73e77c001c0025380a6491e8e1e75,0,0,0
main-0122,practice_generator,dad9af5f177fcc7d,v5,ended,user_exit,20,5614.149255,5614149255,13,20390.746267897637,245,17,4,234,13,True,,0.5468159999999997,0.5689035410177894,431.857635,3,391.18052700000044,6d5f2367a1b339bdc709f5b8029ef6015b728d4c100d5ac2c592a21925272752,0.46231554201222025,0,0
main-0123,practice_generator,391fde415ae0d633,v4,ended,user_exit,17,5864.617094,5864617094,10,20503.085460438597,284,17,7,273,10,True,,0.026337000000005162,0.026831124996533617,586.4617094,1,678.5632960000003,dfa56d631e1307c97fa41163133504bc0d8313a176465f8255e14c651e1a23bb,0,0,0
main-0123,practice_generator,391fde415ae0d633,v5,ended,user_exit,18,5846.960876,5846960876,10,20449.804379575886,283,17,7,271,10,True,,0.3086190000000002,0.3151182910078205,584.6960876,1,931.4662120000003,7a7ae1cdd9c16a16d1befa2df412a868e70d6c62a52a53ab1760020c9b7c67dc,0.2213812510308344,0,0
main-0123,practice_generator,391fde415ae0d633,v6,ended,user_exit,18,5668.412216,5668412216,10,19562.061075834084,286,11,1,273,10,True,,0.33052800000000104,0.3370215840113815,566.8412215999999,1,678.6932889999998,503ff33b2a7187d5e57c263e34dcf5a8a88e112411b009ec515ce655f805038e,0.17264041703310795,6,1
main-0117,practice_generator,1713e85d44173055,v4,ended,user_exit,18,6476.119708,6476119708,11,23110.598541743642,290,35,24,277,11,True,,0.034559999999999036,0.03480745802517049,588.7381552727273,11,0.0,1174c58fab4d66cee7a1add0fd3d63f39c7654420b39d5294a707a83eba4cb06,0,0,0
main-0117,practice_generator,1713e85d44173055,v5,ended,user_exit,18,6482.827402,6482827402,11,23164.136994615284,289,36,25,275,11,True,,1.7214139999999958,1.8164921670104377,589.3479456363636,11,0.0,0fe9d1381c4a1521a26f851a3f4aa862adcacb922ee436e7c27db3dc966708c9,1.7237487489474006,0,0
main-0117,practice_generator,1713e85d44173055,v6,ended,user_exit,11,6473.03804,6473038040,11,23125.190153587642,294,27,16,275,11,True,,1.922023000000003,2.6741507920087315,588.4580036363636,11,0.0,765a45a6517f94fc900e5420d43721c517c7b06765e582cc21a3fe53188591a7,2.3856084150029346,5,0
main-0118,practice_generator,b6c5d75c77dcd296,v5,ended,user_exit,5,5927.649644,5927649644,14,22138.24820110418,227,43,29,208,14,True,,1.8633840000000035,2.607841165998252,423.403546,10,0.0,5a06c1b2124f100a8e8f1a27b5487187980f7a89d285bd2bfac16ee7af43d9f0,2.4353309189609718,0,0
main-0118,practice_generator,b6c5d75c77dcd296,v6,ended,user_exit,5,5722.120792,5722120792,14,21250.603919825742,227,33,19,210,14,True,,1.4918650000000042,1.542462790996069,408.7229137142857,10,0.0,0664f2275a56c5b785fa19bad05a73f4b80754ea2418a6c00108f484fc71cdaf,1.3502056250581518,7,0
main-0118,practice_generator,b6c5d75c77dcd296,v4,ended,user_exit,7,6004.290832,6004290832,14,21996.454188202595,244,41,27,234,14,True,,0.037976000000000454,0.03877958300290629,428.87791657142856,10,0.0,cfab0031c22f12bc36d1da9e814787b63e9314537bf6a835fe15b57ee38fa4b3,0,0,0
main-0126,practice_generator,5defef5372235221,v4,ended,user_exit,18,5599.879795,5599879795,14,20289.398979839592,247,15,1,234,14,True,,0.030197999999998615,0.030567457986762747,399.99141392857143,8,338.04124799999954,ebad618cdc6484ffac67ae0e04d8616f2eb9c5bdd326e5c0816169218725723f,0,0,0
main-0126,practice_generator,5defef5372235221,v5,ended,user_exit,16,5730.967399,5730967399,14,20989.83697036239,243,19,5,233,14,True,,0.606856999999998,0.624323625001125,409.35481421428574,8,415.429255,e3556b2c53ccf8faf6dcd848722b68cffc9331af1017e5eeb1eb71592b65cda2,0.4560549169254955,0,0
main-0126,practice_generator,5defef5372235221,v6,ended,user_exit,18,5623.033558,5623033558,14,20305.16778420841,248,21,7,231,14,True,,0.35981900000000167,0.3674257499806117,401.64525414285714,8,414.73920799999996,e678ef2a192d1628d1f46c0549e087d31d353f5676ba78d35c9e7c91292dc206,0.1293469580123201,10,0
main-0125,practice_generator,9bd9fcaf3e44f454,v6,ended,user_exit,15,5081.730357,5081730357,16,19563.651771524597,175,34,18,160,16,True,,0.7245730000000066,0.7420109160011634,317.6081473125,10,0.0,2ce668aa17f968e0ecdd3ee96378e2d958bf2a002b7d8172013b9d962bb7c846,0.5490703759423923,10,3
main-0125,practice_generator,9bd9fcaf3e44f454,v4,ended,user_exit,12,5832.256764,5832256764,16,22856.28381139962,195,24,8,182,16,True,,0.04088899999999995,0.04165637501864694,364.51604775,10,0.0,a9984447933ebb0ee1d26776b9d7c10b0460ccc2feb52b1b182c969927926ac3,0,0,0
main-0125,practice_generator,9bd9fcaf3e44f454,v5,ended,user_exit,12,5678.469276,5678469276,16,22067.346367981154,193,29,13,181,16,True,,0.995123999999997,1.0217637500027195,354.90432975,10,0.0,941cc9c92f11a6ec30a39f84a7971477be7685f0520dc2d56e3426a9af0e4a8d,0.8707410869537853,0,0
main-0124,practice_generator,4aab4753b5e14c13,v5,ended,user_exit,11,6019.066915,6019066915,15,22430.334556742582,237,31,16,225,15,True,,1.2645799999999952,1.2932009999931324,401.2711276666667,15,55.057802000000265,b5fe403714d24970dd878f56cb3e2c5c01ff34f017412ec8689a604a4ca74054,1.1575309990148526,0,0
main-0124,practice_generator,4aab4753b5e14c13,v6,ended,user_exit,10,5943.845502,5943845502,15,21759.227483133014,248,30,15,232,15,True,,0.8628639999999947,0.8854885420005303,396.2563668,15,54.993343000000095,e6e2936e3f957ae31065ada3a2684c4c2898e332bfb152f13c51c58222877161,0.6103788769687526,14,4
main-0124,practice_generator,4aab4753b5e14c13,v4,ended,user_exit,11,6406.621708,6406621708,15,24313.108521168186,238,33,18,225,15,True,,0.03930199999999928,0.03978625001036562,427.10811386666666,15,51.853588999999374,96d384c55c7070e883a6900b8add7d928bf35499686aa480b44eed457d8d4d74,0,0,0
main-0127,practice_generator,12cac694cdd5acb8,v5,ended,user_exit,2,4634.625285,4634625285,16,17643.126418351396,165,30,14,159,16,True,,0.8515039999999985,0.8794498330098577,289.6640803125,13,0.0,9df78195d9c18fbc4fb88cf269893f5eb9cd32aa52d18f5568e70865a9730f17,0.7184058320417535,0,0
main-0127,practice_generator,12cac694cdd5acb8,v6,ended,user_exit,3,5597.874965,5597874965,16,20739.37481091855,224,30,14,208,16,True,,1.001958000000002,1.0165459160052706,349.8671853125,13,0.0,71cdd419243a3667b0ac5192c826f2062be0e2eb8bb7279948dc4821c9195545,0.7140604141459335,10,4
main-0127,practice_generator,12cac694cdd5acb8,v4,ended,user_exit,13,5579.407937,5579407937,16,20932.039654662134,211,35,19,201,16,True,,0.03490699999999691,0.03536254202481359,348.7129960625,13,0.0,c3ca29a7681dfa3da3065293a6d7249965b77364edb6b50e8389d9760451ba16,0,0,0
main-0129,practice_generator,588a93d5aaff8db6,v4,ended,user_exit,14,3796.090385,3796090385,16,14810.451926765421,123,23,7,118,16,True,,0.03296399999999977,0.03345379201346077,237.2556490625,1,0.0,91267336646fcde6ce9d0718e99c59d8043d67c85a35b526539f2d82749ec014,0,0,0
main-0129,practice_generator,588a93d5aaff8db6,v5,ended,user_exit,14,3768.173675,3768173675,16,14715.868359749098,121,24,8,116,16,True,,0.42871099999999984,0.4361920840165112,235.5108546875,1,0.0,f8c2a49d696aea1c41da292f3a9f6915c442965632adc5e8e38bed9032dd0921,0.31353983498411253,0,0
main-0129,practice_generator,588a93d5aaff8db6,v6,ended,user_exit,16,3784.497126,3784497126,16,14667.485645275707,126,24,8,117,16,True,,0.37960499999999797,0.384867957996903,236.531070375,1,0.0,99108dee1d2d23edff3c5d50cd0f49c06e563bd5314dd81f3ac98b27b007b08d,0.19345754297683015,8,1
main-0128,practice_generator,d29278db228ed2d2,v6,ended,user_exit,18,5527.404769,5527404769,16,21497.023838531033,192,19,3,179,16,True,,0.7832250000000016,0.8084600000001956,345.4627980625,7,0.0,8fcdb4a711d6c7d4c35514fa6dcd7be9b1db8571c799ee695beb878de8b265ae,0.566501291905297,8,4
main-0128,practice_generator,d29278db228ed2d2,v4,ended,user_exit,14,5593.523109,5593523109,16,21267.615544655062,210,20,4,198,16,True,,0.037817000000003986,0.038490917009767145,349.5951943125,7,0.0,19cf4ec6c50bcf2a4f5e9a8345dbb2ce1fc56a40fb0cf60d4f76e0550e4da475,0,0,0
main-0128,practice_generator,d29278db228ed2d2,v5,ended,user_exit,14,5681.689696,5681689696,16,21748.448480136307,208,21,5,197,16,True,,0.8757890000000046,0.8887675000005402,355.105606,7,0.0,9cfefbcc3bd1ff7007e94d5581abf2eac9eb2176397e775c622e70e04ba34508,0.754803249030374,0,0
main-0130,practice_generator,af062e01dd579f57,v5,ended,user_exit,17,6048.621304,6048621304,11,21958.10651176655,263,25,14,245,11,True,,0.825415999999997,0.8368782920006197,549.874664,8,216.23191099999985,97b78bf961507f6f0e1a023a269b43a578fd48a31cd9c1d799b14cb3a903b897,0.7649890010070521,0,0
main-0130,practice_generator,af062e01dd579f57,v6,ended,user_exit,17,5988.19052,5988190520,11,21730.952593785212,267,13,2,246,11,True,,0.40184899999999857,0.4082276249828283,544.3809563636364,8,217.43283400000018,800c3d83458753af565e59da410237368c05688038d083c55053967b018da465,0.246926832041936,8,0
main-0130,practice_generator,af062e01dd579f57,v4,ended,user_exit,17,6229.893488,6229893488,11,22814.467423747672,264,27,16,244,11,True,,0.031531000000001086,0.03182962501887232,566.3539534545454,8,216.23191099999985,420c54e086ae6c8bb87c88e5c297fb1cf4a2570a80b570670fb03f2d95307166,0,0,0
main-0131,practice_generator,e9a0904704d6c4ba,v6,ended,user_exit,18,6325.809126,6325809126,13,22769.04563968135,280,28,15,262,13,True,,1.2707679999999968,1.2921379999897908,486.600702,9,133.933763,94e95f899b7a7e899f45d4d4f36f4251bbaa4a99ff23e207a424bb642dc9ebb6,1.0394080030091573,12,1
main-0131,practice_generator,e9a0904704d6c4ba,v4,ended,user_exit,19,6507.941224,6507941224,13,23214.706126353733,297,23,10,285,13,True,,0.032314999999996985,0.03362362500047311,500.6108633846154,9,210.59013099999993,1308f1b97989919252c88ca92df030b9efe2c0e0c48b2fb511d32f34d72e2830,0,0,0
main-0131,practice_generator,e9a0904704d6c4ba,v5,ended,user_exit,19,6267.361402,6267361402,13,22196.80700562927,294,17,4,281,13,True,,1.078669000000005,1.108288832998369,482.10472323076925,9,210.59013100000084,45469da9d029bed104b427c0c817743b1126486a475b61df9d2c735ee08cefa1,0.9639147928974126,0,0
main-0133,practice_generator,e43c8e7becf5baaf,v5,ended,user_exit,17,6156.760364,6156760364,11,21773.80183394989,286,27,16,269,11,True,,1.1897299999999973,1.211677499988582,559.7054876363636,11,436.85831700000017,c910fd32b90768b6bd6d75c19e1e5aef671fbf02c35bc34db0be4f837ceab453,1.125946541025769,0,0
main-0133,practice_generator,e43c8e7becf5baaf,v6,ended,user_exit,17,6101.945575,6101945575,11,21489.727876377907,290,21,10,269,11,True,,1.145029000000001,1.233010333002312,554.722325,11,437.49534799999947,f4efbd5485ab75a9ca4f80233fb7773a86401f6ec418d5730cc505d18ce7e7a4,1.045259540056577,10,0
main-0133,practice_generator,e43c8e7becf5baaf,v4,ended,user_exit,17,6176.621713,6176621713,11,22088.108563218637,279,27,16,261,11,True,,0.03610599999999664,0.03723079100018367,561.5110648181818,11,438.3166910000009,4c7319c2241c2d8dbc77a836b19e68382fa460381c7fe0aa292968384e879454,0,0,0
main-0134,practice_generator,447bcdad2399b358,v6,ended,user_exit,20,6317.146333,6317146333,14,23465.731639498834,256,27,13,235,14,True,,1.0174440000000047,1.0403902499820106,451.22473807142853,13,118.52129100000002,4f41226d58e73fe0ea876a98488227f355ae367ba387b2755bce6878452928de,0.8395236670621671,10,5
main-0134,practice_generator,447bcdad2399b358,v4,ended,user_exit,20,6055.248608,6055248608,14,22431.24302188508,249,22,8,230,14,True,,0.03542300000000154,0.03682050001225434,432.5177577142857,13,118.52129100000002,d812beab48df178470ff514ead5fdcb384d538a84cab4fdf385b1b828d6eb620,0,0,0
main-0134,practice_generator,447bcdad2399b358,v5,ended,user_exit,20,6056.847931,6056847931,14,22439.23962532422,248,23,9,232,14,True,,1.0119860000000003,1.0927727499802131,432.6319950714286,13,118.52129100000002,278406336775eba49c496327bfad59c497c55f06f8a3b2c6011f1e1c195d967c,0.9483977089985274,0,0
main-0132,practice_generator,225c0641eea61497,v4,ended,user_exit,20,6071.619786,6071619786,15,22463.098910818917,245,31,16,231,15,True,,0.0361779999999996,0.03706495798542164,404.77465240000004,11,0.0,aa753847c1407fa89054d27357c966c65d35c2ca5fe8528d9fc6fb63b238cfa0,0,0,0
main-0132,practice_generator,225c0641eea61497,v5,ended,user_exit,20,6070.962657,6070962657,15,22504.813277754118,243,31,16,232,15,True,,1.409400000000005,1.4337504169961903,404.7308438,11,0.0,c3c9fbd624d5661ee574ec928d5f987db6438cc77b7d94caa23305fcdbd069f8,1.2748873330419883,0,0
main-0132,practice_generator,225c0641eea61497,v6,ended,user_exit,20,6081.085648,6081085648,15,22450.428248278542,248,29,14,234,15,True,,1.258783000000001,1.3460628339962568,405.40570986666665,11,0.0,e1c47e0213f3e320d2b518ff5b7c63dc8daa787b124429a94c0c82a0a3b7963d,1.0322566670074593,9,2
main-0137,practice_generator,0c2ef9e4b7e464fd,v6,ended,user_exit,20,5485.146605,5485146605,12,19710.733006728387,248,14,2,237,12,True,,0.36628900000000186,0.37831458399887197,457.09555041666664,7,472.2093130000003,e5b26266d76c72bfa748078e67ddd17580dddf4660dda16e462e2f8879f5c472,0.19939383494784124,6,0
main-0137,practice_generator,0c2ef9e4b7e464fd,v4,ended,user_exit,20,5433.575009,5433575009,12,19702.87503933509,240,14,2,227,12,True,,0.03420300000000509,0.03528016697964631,452.7979174166667,7,202.42767300000014,aea46fa43018ac6a121c2c2b603cb4e548b03b00ff0a44dbccd26d158f63b837,0,0,0
main-0137,practice_generator,0c2ef9e4b7e464fd,v5,ended,user_exit,18,5460.188963,5460188963,12,19645.94479849286,245,17,5,231,12,True,,0.401567,0.43050358301843517,455.0157469166666,7,473.09259399999974,0d27aa01de760c2258e1338b933e0d0ec930f1caaec101056c3ea6aba85a295d,0.3094912509841379,0,0
main-0135,practice_generator,cc33474783804aa0,v4,ended,user_exit,20,5673.755942,5673755942,12,20103.77972002621,261,25,13,249,12,True,,0.03218400000000088,0.032616040989523754,472.81299516666667,4,406.7820819999997,e55c93b9718efd2950b721fb6074daf2e64613b2a2585d92c0750ece48f27330,0,0,0
main-0135,practice_generator,cc33474783804aa0,v5,ended,user_exit,20,5683.073172,5683073172,12,20135.365858056157,262,24,12,250,12,True,,0.7180990000000023,0.7955402079969645,473.58943100000005,4,406.7820820000006,315b4afbf8f90b88a2ed3b1909be0d28cb90029ecf7bdcef99cb4e88f0dfd9a9,0.6649487930117175,0,0
main-0135,practice_generator,cc33474783804aa0,v6,ended,user_exit,20,5757.354264,5757354264,12,20246.771312486886,276,15,3,259,12,True,,0.8670880000000025,0.9070682919991668,479.779522,4,405.1359629999997,63bdd2f18a0ed4be00307a5faa61986612d3e1a2f3c23c1d3010388d79c257ea,0.6516982500033919,11,2
main-0136,practice_generator,0c20b39f100cbdff,v5,ended,user_exit,19,5657.030062,5657030062,12,20240.15028006419,254,24,12,243,12,True,,0.9946470000000005,1.0423135419841856,471.41917183333334,6,324.9780810000002,777c780200a36f55f67e3419dfd67cf168e01589af88bd29c943d2313febfbd7,0.9195369179942645,0,0
main-0136,practice_generator,0c20b39f100cbdff,v6,ended,user_exit,18,5747.808747,5747808747,12,20419.043730791338,269,13,1,256,12,True,,0.5317769999999982,0.5454257499950472,478.98406225,6,477.5355179999997,798c5aa1b0028baea58f05e066925674cb276eb1fb9cd6cef1e597526aa9bbcd,0.343523291987367,10,3
main-0136,practice_generator,0c20b39f100cbdff,v4,ended,user_exit,19,5754.56234,5754562340,12,20737.811703797837,254,23,11,244,12,True,,0.03160299999999694,0.03226262499811128,479.5468616666667,6,324.9780810000002,6e21ead62e02efbe023a70fa8c8e57ca7dd09a19f6d4905095b29ca15e90c1df,0,0,0
main-0138,practice_generator,8cef7f052dceb4e5,v4,ended,user_exit,17,6202.229526,6202229526,10,21491.147611030523,305,23,13,290,10,True,,0.0303869999999975,0.031199832999845967,620.2229526,7,394.9101529999998,5d887f80cc4fa92434323f8fb7cc26eeca11e456e6f0247d30903d5696fe8778,0,0,0
main-0138,practice_generator,8cef7f052dceb4e5,v5,ended,user_exit,17,6205.247161,6205247161,10,21366.23580528036,310,22,12,296,10,True,,1.1449029999999993,1.1936667080153711,620.5247161,7,394.9101529999998,8411e4ba32bebc6ff2cf3a9848a3135f7ed36554f24b71040427266a9901fb9d,1.084333167062141,0,0
main-0138,practice_generator,8cef7f052dceb4e5,v6,ended,user_exit,17,5999.014839,5999014839,10,20600.074188044302,303,18,8,290,10,True,,0.9019989999999964,0.9254251669917721,599.9014839,7,397.952988,4eee686a652e2d717f18fe47400858d9314983ff40f8378e0d0358511722da5d,0.7326579600630794,8,3
main-0139,practice_generator,ccb54f5b18f8dac1,v5,ended,user_exit,19,5993.913604,5993913604,10,21024.567998511055,286,22,12,273,10,True,,0.6471990000000005,0.6620759999786969,599.3913604,10,432.32115000000067,23d2d69c0a92142beb3d55037f3dc798c9c3075fd49d007dd28c35bc8d8ccabc,0.561670503084315,0,0
main-0139,practice_generator,ccb54f5b18f8dac1,v6,ended,user_exit,19,6147.651522,6147651522,10,21518.257583549763,297,19,9,282,10,True,,0.935966999999998,0.9605540829943493,614.7651522,10,218.8544179999999,6a381e37528d217308377ca317fc174cc1b08b18b6c51cc1da9b907f6350bef5,0.7775605420465581,10,2
main-0139,practice_generator,ccb54f5b18f8dac1,v4,ended,user_exit,19,5988.26522,5988265220,10,20946.32609803572,286,25,15,274,10,True,,0.029798999999997022,0.030088208004599437,598.8265220000001,10,432.32115000000067,3ec26f3ee13e53d93b8ef3120e0a71d91ce6f217dd331440467b7674750aa6f7,0,0,0
main-0141,practice_generator,417a24d68e320d62,v4,ended,user_exit,10,5512.78367,5512783670,16,20553.918370699226,215,30,14,205,16,True,,0.038637000000001365,0.039283250021981075,344.548979375,8,0.0,ab44a0feb2248ce1d091261d149c8678fc4c15c6a46f57cd6b4d033d32e59a2d,0,0,0
main-0141,practice_generator,417a24d68e320d62,v5,ended,user_exit,10,5593.502872,5593502872,16,20857.514338107616,222,23,7,211,16,True,,0.7083340000000007,0.7284532079938799,349.5939295,8,0.0,2a899bfa7ed110f4793e87dcdfb0a8109fb4c314ef875d4d1d87d9efc7b74be8,0.4859172090655193,0,0
main-0141,practice_generator,417a24d68e320d62,v6,ended,user_exit,13,5357.334971,5357334971,16,20006.674846380527,209,29,13,192,16,True,,1.0055779999999999,1.0278521250002086,334.8334356875,8,0.0,72a2f21b4aeae04a3048c0b60f303d703eb3767defc4ef080a1ea4ae180df8b4,0.6912249598826747,13,4
main-0140,practice_generator,a994b7bbe74c15a4,v6,ended,user_exit,18,6524.309877,6524309877,13,23281.549386446808,292,36,23,274,13,True,,1.2867000000000033,1.3191601669823285,501.86999053846154,12,185.26393800000005,c4c5db074d313d3739dfddacae6fd108d0e60f303ff71873681be0fba565e2b2,1.1034735840221401,6,0
main-0140,practice_generator,a994b7bbe74c15a4,v4,ended,user_exit,18,6416.367016,6416367016,13,22886.835082717298,283,43,30,269,13,True,,0.032907000000001574,0.03398974999436177,493.56669353846155,12,182.6932569999999,6a37b38887de9357801f69548db6df4981fe7884d364d9acf7954dc0eeadb69b,0,0,0
main-0140,practice_generator,a994b7bbe74c15a4,v5,ended,user_exit,18,6505.170978,6505170978,13,23290.85488065517,284,44,31,269,13,True,,1.2412050000000008,1.2771983330021612,500.39776753846155,12,181.64102100000036,b7fabe27a091e59dd7a3fb15094973a3431ac82a956fc095c4a90fb2c89cdb9c,1.1598797069455031,0,0
main-0143,practice_generator,fd2a41fa7331b14c,v6,ended,user_exit,20,5633.382579,5633382579,12,20406.912875576054,248,20,8,228,12,True,,0.8786929999999984,0.901764665992232,469.44854825,12,1374.3758230000003,75904352538816165aa6678d16bffa852945ffab28c5843e163e7e6686668ba6,0.695043086016085,6,1
main-0143,practice_generator,fd2a41fa7331b14c,v4,ended,user_exit,19,5892.962482,5892962482,12,21799.812397098933,245,19,7,227,12,True,,0.03991000000000611,0.041163167014019564,491.0802068333333,12,1345.6356299999998,af11808397be8e73b8446803f04d01c8013aa05f7ba424cdf2f656cd6b14b25f,0,0,0
main-0143,practice_generator,fd2a41fa7331b14c,v5,ended,user_exit,19,5618.284195,5618284195,12,20621.420951899716,237,22,10,219,12,True,,0.5104410000000001,0.525041249988135,468.19034958333333,12,1342.8415759999998,1b043759ff90b04b8b5134ef431906c67fbb8881584a89a6efb6fa7bc1e6af5f,0.4164951229467988,0,0
main-0144,practice_generator,be96e58d6939f117,v4,ended,user_exit,17,5605.491614,5605491614,11,20112.458058702032,255,15,4,241,11,True,,0.030075000000003627,0.03149804097483866,509.59014672727267,3,443.33973199999946,62ae3b3b40374c63d1a4e46eb0e4ee4c66f62e266a1ee1165535427afd5d6cc8,0,0,0
main-0144,practice_generator,be96e58d6939f117,v5,ended,user_exit,17,5369.353169,5369353169,11,18951.765844183705,255,13,2,243,11,True,,0.48836299999999966,0.5042743340018205,488.12301536363634,3,442.3866049999997,29efe594846c614cdaecc35c01abe57aeef04b89bc8c781155005afd98fb2afc,0.4143006220110692,0,0
main-0144,practice_generator,be96e58d6939f117,v6,ended,user_exit,17,5491.089526,5491089526,11,19515.447623269298,258,11,0,243,11,True,,0.5382290000000012,0.5513090419990476,499.1899569090909,3,359.4528249999994,f7e2d71bdf5f794d54fa2c3bc53ac95c59b63dce984baf4cbb76bd86169a898f,0.38510366703849286,7,2
main-0142,practice_generator,08e8bc04b270ff0f,v5,ended,user_exit,15,5242.404269,5242404269,16,20087.02133353904,184,35,19,168,16,True,,1.3748000000000005,1.408183708001161,327.6502668125,11,0.0,602aa2be89c3c548e8b772cf5620018fec48f38e4802fd06a69d9b66076d3f4e,1.2100649190542754,0,0
main-0142,practice_generator,08e8bc04b270ff0f,v6,ended,user_exit,7,5734.184257,5734184257,16,22195.92127980679,197,33,17,179,16,True,,1.224020000000003,1.255541834019823,358.3865160625,11,0.0,d023f0bf28a7d1ed0488c41080523d26d9bb8f6ffd5470314c582901fee8858c,1.0043865840125363,11,3
main-0142,practice_generator,08e8bc04b270ff0f,v4,ended,user_exit,15,5316.964737,5316964737,16,20594.823664124462,183,29,13,164,16,True,,0.05142399999999725,0.05326029099524021,332.3102960625,11,0.0,9bf0ade79e4614338b7a32430231c8a44fb70541c825c5028fe4e7ddce405e29,0,0,0
main-0145,practice_generator,2e092696db0ae1c9,v5,ended,user_exit,18,6303.556026,6303556026,10,21922.780151247374,305,27,17,293,10,True,,0.5230549999999994,0.5326636250247248,630.3556026,10,661.3826440000003,442799bba5055f03ef91af7aefd99e6a67b87f637b4abe4c402630933cd41023,0.45169591798912734,0,0
main-0145,practice_generator,2e092696db0ae1c9,v6,ended,user_exit,18,6272.226538,6272226538,10,21791.132692494666,307,22,12,293,10,True,,0.46334199999999726,0.47662470798240975,627.2226538,10,658.526159,c0350427ef0dd686bebaf84d63f6b16fe8737c66eee22bfcfe474e8ed94e5120,0.33677862599142827,7,3
main-0145,practice_generator,2e092696db0ae1c9,v4,ended,user_exit,18,6366.313096,6366313096,10,22231.565502593294,304,29,19,293,10,True,,0.024424000000003332,0.024862625024979934,636.6313096,10,661.3826440000003,0dab0126b50ca2264c51d4b58ed95272b3109a5f62a59f3602b9e80643f55571,0,0,0
main-0148,practice_generator,96412956843267d7,v5,ended,user_exit,19,5756.885996,5756885996,11,20309.4299769247,275,12,1,262,11,True,,0.5025280000000052,0.5972311670193449,523.3532723636364,1,638.6286399999999,b9bf3560498be63fd002558f1fdd3e4f7e8cf7e733cf236a6133b4ba97f1bc12,0.4817923749797046,0,0
main-0148,practice_generator,96412956843267d7,v6,ended,user_exit,20,5796.792698,5796792698,11,20268.963478109305,283,12,1,270,11,True,,0.36249099999999856,0.38165641599334776,526.9811543636364,1,397.7672510000002,40d1902f74eb71d726213e4737aed7e1313a1519604d91aadd7c47e7e80cb120,0.17341333397780545,6,3
main-0148,practice_generator,96412956843267d7,v4,ended,user_exit,20,5507.616355,5507616355,11,19813.081770800647,248,16,5,235,11,True,,0.03763200000000211,0.040739916992606595,500.6923959090909,1,638.8941400000003,b42c326da1c7b91a6eb478a059dc64b6e8f016ea7db4bf79b30134d9bca809eb,0,0,0
main-0147,practice_generator,d69f55d66f7d9dbd,v4,ended,user_exit,20,5812.904858,5812904858,11,19659.524282387596,304,17,6,288,11,True,,0.027750999999994974,0.02844100000220351,528.4458961818182,3,863.9060339999996,a5ecdf3ca757eeba36c0c8bc79f2a17fb8af7579a79941feed0d954f08534756,0,0,0
main-0147,practice_generator,d69f55d66f7d9dbd,v5,ended,user_exit,20,5792.600117,5792600117,11,19653.000587133993,302,15,4,285,11,True,,0.6914159999999967,0.7101852920022793,526.6000106363637,3,863.5613270000003,b146bf2e15c97099008feb5da51d5100aec9a77a8a98412d9eee969e9f7ca54b,0.5713640860340092,0,0
main-0147,practice_generator,d69f55d66f7d9dbd,v6,ended,user_exit,20,5829.114427,5829114427,11,19725.57211244078,307,13,2,288,11,True,,0.7062759999999955,0.8226352500205394,529.9194933636364,3,863.5613270000003,7b4993c30eda49b4c2b6dd611cc6c24cbe62c31e016d8a686661cf972d312d64,0.5954760430031456,7,4
main-0149,practice_generator,bd06e3c8c9da8ff9,v6,ended,user_exit,9,5405.411539,5405411539,14,20082.057669144076,218,25,11,196,14,True,,0.29547100000000626,0.34073229201021604,386.1008242142857,5,608.5884939999996,658e9caaed0697f7a45a14e73435365534be8d00eba5d4bbe1045b8efeb5b9d8,0.10670112594380043,9,1
main-0149,practice_generator,bd06e3c8c9da8ff9,v4,ended,user_exit,15,5533.420074,5533420074,14,20792.100350633515,215,24,10,200,14,True,,0.04869399999999757,0.09317875001579523,395.244291,5,609.1881189999995,ee69558f4172e09a71714267b96fcbe4480d63936eea6f384c66cbb76a5347f0,0,0,0
main-0149,practice_generator,bd06e3c8c9da8ff9,v5,ended,user_exit,15,5567.81105,5567811050,14,20984.055229116195,215,23,9,199,14,True,,0.5905439999999942,0.6203682920022402,397.7007892857143,5,609.3407569999999,32b292ab8487f17ab8425ced4a9a6a93ef10e3527b77258fd15756fe2dc5c614,0.46881412403308786,0,0
main-0146,practice_generator,501c7c85882f6179,v6,ended,user_exit,18,5863.597965,5863597965,12,20492.989813817505,284,19,7,264,12,True,,1.5223960000000005,1.6574677079916,488.63316375,12,864.5945759999995,40b8c0e2abcf57cd443b71854b3b320a412107aa3bb90d62b678e1ae5ff5aecb,1.4376765019260347,8,0
main-0146,practice_generator,501c7c85882f6179,v4,ended,user_exit,19,5877.648077,5877648077,12,20648.240362830467,275,30,18,259,12,True,,0.03566400000000414,0.037050125014502555,489.80400641666665,12,627.6004599999997,ce8cee114fa74ffc024808c876398a55eb1b50bb336e2c130d15edcd1c6289dd,0,0,0
main-0146,practice_generator,501c7c85882f6179,v5,ended,user_exit,19,5852.362154,5852362154,12,20676.810778875188,274,21,9,260,12,True,,1.1797399999999953,1.2267390000051819,487.6968461666667,12,627.6004600000006,d7b00833322185b08a4c004a0104b89bc31f3d9d12a334d34aca6e5a05713a30,1.0998518308915664,0,0
main-0152,practice_generator,3cabf83df257e233,v6,ended,user_exit,19,5901.930823,5901930823,11,21264.65411431848,264,20,9,247,11,True,,0.5661430000000038,0.5876936249842402,536.5391657272727,5,305.53716899999927,076c8e0a3149d1b34cf29a1b10b2909d6d5d5336c672dea2b948171575d60f89,0.44696737197227776,5,0
main-0152,practice_generator,3cabf83df257e233,v4,ended,user_exit,19,5884.594429,5884594429,11,21277.972129278794,262,17,6,246,11,True,,0.03810000000000002,0.04134174998034723,534.9631299090909,5,306.90463399999953,fcfcb808ce636c2abe2c03da3645f35c7d58af81311f643e05efa4f4c74f8524,0,0,0
main-0152,practice_generator,3cabf83df257e233,v5,ended,user_exit,19,5890.258341,5890258341,11,21276.291689431637,263,17,6,247,11,True,,0.6584420000000009,0.7307845420145895,535.478031,5,306.90463399999953,ace7fb603852e33fe031b5e2b700942b10ac52a2b47288005b121b6f09313e34,0.6413474989822134,0,0
main-0151,practice_generator,b0e8f4f2b059f2c5,v5,ended,user_exit,18,5544.84205,5544842050,14,20894.210230919995,212,26,12,200,14,True,,0.6925979999999967,0.7211488749890123,396.06014642857144,7,910.8586610000002,5b383313ba3977c9340d0133247fe06387294a34f31eb82c2950358e5fc3c985,0.5800043319759425,0,0
main-0151,practice_generator,b0e8f4f2b059f2c5,v6,ended,user_exit,20,5549.971036,5549971036,14,20844.85516805809,216,25,11,198,14,True,,0.9787549999999996,1.070627458015224,396.42650257142856,7,352.6412929999997,8564f45d736fa271d2119f0b6adf66b321527fc70472ac73280aa644410939db,0.8495066229661461,8,2
main-0151,practice_generator,b0e8f4f2b059f2c5,v4,ended,user_exit,18,5615.612724,5615612724,14,21298.063602649414,211,25,11,198,14,True,,0.04143799999999942,0.0441643749945797,401.11519457142856,7,910.8586609999993,0abaca01f18a323cadafc24e605cc221832a103e612fb54dbe68658471a8d648,0,0,0
main-0150,practice_generator,27732a36442a1f40,v4,ended,user_exit,10,5720.946271,5720946271,16,21664.731332086812,212,31,15,203,16,True,,0.04640600000000461,0.04910975001985207,357.5591419375,13,0.0,fc577c01357e9c3a8441ef399f36fd34d992805efe5d854198b05b8493854d4e,0,0,0
main-0150,practice_generator,27732a36442a1f40,v5,ended,user_exit,10,5579.926384,5579926384,16,21144.631909928998,207,29,13,197,16,True,,1.1520549999999972,1.2235954999923706,348.745399,13,0.0,1cd3e60fffb0135cfeb994fb2c0aab9ecea96429a44c7de7e2da50a9cb897bcf,1.013190788042266,0,0
main-0150,practice_generator,27732a36442a1f40,v6,ended,user_exit,6,4667.34002,4667340020,16,17081.700099688536,197,17,1,183,16,True,,1.3512600000000035,1.505299374985043,291.70875125,13,0.0,9538a24f91fdf4f16647cd8c20a9bfde3b4a0e7706f6b1d2cd428a71ff5890d8,1.0778648770356085,13,5
main-0153,practice_generator,3b67e4e1c0642bda,v4,ended,user_exit,18,6049.964703,6049964703,12,21299.823500682032,283,27,15,270,12,True,,0.03262300000000096,0.033365167008014396,504.16372524999997,11,414.0335179999993,0c70a4f7288eacd224d51990d505d59442b3b72a3c95e8f75dc44c2adaa18aaf,0,0,0
main-0153,practice_generator,3b67e4e1c0642bda,v5,ended,user_exit,20,6030.627227,6030627227,12,20818.136143317184,294,31,19,280,12,True,,1.409911000000001,1.5968767500016838,502.55226891666666,11,119.98408399999971,ba8667f852c3f1c2c6e394417fa25a31cc6ef118b7a0b512d7399560f8a95faf,1.4461022909672465,0,0
main-0153,practice_generator,3b67e4e1c0642bda,v6,ended,user_exit,20,6013.689916,6013689916,12,20608.449541184407,302,25,13,283,12,True,,1.453828999999999,1.628630624996731,501.14082633333334,11,119.27508100000068,e3f99dce6a6480c5d6d3c6504eac160412fedcc6d3ad82238fb9694996bf6484,1.3818222079717088,9,1
main-0154,practice_generator,c48e8394705aa29b,v5,ended,user_exit,17,5959.906397,5959906397,13,21954.531989430627,243,33,20,229,13,True,,1.0506730000000033,1.175378540996462,458.4543382307692,7,324.28144299999985,b2a4457ba04e83041db84932f68d61697e1321b18a5fdd7174a819c427ffb7a3,0.9949115831113886,0,0
main-0154,practice_generator,c48e8394705aa29b,v6,ended,user_exit,17,6014.001239,6014001239,13,22145.006192912693,250,26,13,231,13,True,,1.3608390000000057,1.5322746250021737,462.6154799230769,7,323.43741000000045,e4c1baf702a5ef82b1ea23de47ce1b5a57c7bc4b5ab8141b372cda685bd36c2a,1.1921001259761397,9,1
main-0154,practice_generator,c48e8394705aa29b,v4,ended,user_exit,15,6156.900872,6156900872,13,22674.504369923303,257,23,10,242,13,True,,0.03898499999999672,0.03966429200954735,473.6077593846154,7,324.28144299999985,5f3ad031d79f78362d7dbd701774619b9326803640d00ba64e453707f9e8d09b,0,0,0
main-0156,practice_generator,0f81873eae48db48,v4,ended,user_exit,15,5942.566118,5942566118,12,21712.830589240202,253,23,11,242,12,True,,0.042544999999996946,0.049620083009358495,495.21384316666666,5,512.0115369999994,e997b03577015e4a6c8ebf7e8aeb1bee434e1155400cf737e61559dc09ee7d69,0,0,0
main-0156,practice_generator,0f81873eae48db48,v5,ended,user_exit,20,5722.348444,5722348444,12,20701.742210181495,250,23,11,239,12,True,,0.7737029999999976,0.8961218330077827,476.86237033333333,5,631.2229029999999,42a03f22292e31ea946a1636051a6a42a4626fd544a3b4afffb1cc4559d76934,0.7321845830301754,0,0
main-0156,practice_generator,0f81873eae48db48,v6,ended,user_exit,15,5881.677511,5881677511,12,21343.387567325808,256,21,9,246,12,True,,0.9264160000000032,0.9657674999907613,490.1397925833333,5,510.9111869999997,1be410f24360b0e0a4704c498dcb77cf0fb30b1232228911ef83c4e978c832e8,0.7141504579922184,6,2
main-0155,practice_generator,1e7b85dd2bb457b6,v6,ended,user_exit,19,6064.627492,6064627492,13,21008.13745103319,300,18,5,283,13,True,,1.6256969999999953,1.8536744580196682,466.50980707692304,13,213.47845699999925,b9b87e988f60d76546aa3a8ac5f1dba5272d30e35781788370ee01b761732ccd,1.552034001040738,12,1
main-0155,practice_generator,1e7b85dd2bb457b6,v4,ended,user_exit,20,6516.591474,6516591474,13,23212.95737842766,291,38,25,279,13,True,,0.04579999999999984,0.050848124985350296,501.27626723076924,13,132.5954469999997,f352b456d3773dbab4c68c6f7e399b4f18abb2fd458abc473365d3295340dd91,0,0,0
main-0155,practice_generator,1e7b85dd2bb457b6,v5,ended,user_exit,20,6039.925324,6039925324,13,21174.626629894956,288,20,7,279,13,True,,1.3788829999999948,1.4236569170025177,464.6096403076923,13,214.59613199999967,ad72ac589a654ea0d1b12913e462ccd2bfe22c834e6a755a1466f48ff0169c60,1.2812453750811983,0,0
main-0158,practice_generator,66080c45e58255ed,v6,ended,user_exit,18,5444.967466,5444967466,15,20839.837343138395,198,24,9,185,15,True,,0.4696819999999988,0.4807806670141872,362.99783106666666,5,651.2375259999999,27794ee935e5aef1475ee7dcf0a854faabeee838fa7e2fb895aa654980636822,0.19663062403560616,9,1
main-0158,practice_generator,66080c45e58255ed,v4,ended,user_exit,18,5620.31616,5620316160,15,21681.58078515285,197,28,13,185,15,True,,0.04391499999999837,0.044336291000945494,374.687744,5,154.21926200000053,5493c6824d909dfc35e42225a9d2de9d99314122a085f9263b0b3efe5396a276,0,0,0
main-0158,practice_generator,66080c45e58255ed,v5,ended,user_exit,18,5548.778973,5548778973,15,21408.89485405486,195,26,11,184,15,True,,0.48125399999999985,0.49098108301404864,369.9185982,5,154.21926200000053,2cac3e38efebfdaf995fd67c7804883faaf9594e30978a5626daac24793dd985,0.332382999942638,0,0
main-0157,practice_generator,938a91ec08799394,v5,ended,user_exit,19,5965.818399,5965818399,12,21359.09198658779,271,20,8,255,12,True,,0.9387949999999989,0.9588853339955676,497.15153325,12,618.9571779999997,ee5f2b7693574557fa7b0650ec01f2469a8407774498ecaef9339993ed492a46,0.8034931269066874,0,0
main-0157,practice_generator,938a91ec08799394,v6,ended,user_exit,20,5836.455133,5836455133,12,20582.27566662324,275,20,8,261,12,True,,0.4228480000000019,0.43193433398846537,486.37126108333337,12,0.0,b5e1e96c3c9935c08a49c23753f7c81e6042777f3c1c75164aea6f7bf259af1c,0.21119537705089897,8,4
main-0157,practice_generator,938a91ec08799394,v4,ended,user_exit,19,5759.923531,5759923531,12,20544.617637948282,262,24,12,245,12,True,,0.04048699999999883,0.05704433299251832,479.99362758333336,12,1035.193421,07d90d854fb482cfed4be6421a9debce166a98e08da3df1a439132730818eeea,0,0,0
main-0161,practice_generator,82ed49e8d062ae4a,v6,ended,user_exit,20,6199.254264,6199254264,10,22516.27131272148,274,15,5,261,10,True,,0.6500909999999962,0.7169077909784392,619.9254264,9,671.3837920000005,814b599f1c7cd205fbce818df8dc97888ad3c58fadc0c6374d7e6eafc096bfca,0.531943873007549,7,1
main-0161,practice_generator,82ed49e8d062ae4a,v4,ended,user_exit,20,6117.271174,6117271174,10,22136.355868508912,274,14,4,258,10,True,,0.03035099999999602,0.03592754201963544,611.7271174,9,671.3837920000005,71f162ecb33caa267d7c8c3048c50a6d083b84fc299e09425337c30b66518646,0,0,0
main-0161,practice_generator,82ed49e8d062ae4a,v5,ended,user_exit,20,6155.461566,6155461566,10,22472.30781942683,268,16,6,253,10,True,,0.5634189999999961,0.5792221250012517,615.5461566,9,671.3837919999996,bcabadb25af6828f9577f81d9ef28b465cae56b7c69f859b6c3bd8fdcfd0090d,0.4953757089970168,0,0
main-0159,practice_generator,71b838b0568838d8,v4,ended,user_exit,2,5100.587454,5100587454,16,19617.937282865583,174,39,23,158,16,True,,0.04910799999999682,0.049647250009002164,318.786715875,12,0.0,48d4c359a2e64348bf85bfd69a9d8d9e244f03b13806bb8397c0b0203dea862e,0,0,0
main-0159,practice_generator,71b838b0568838d8,v5,ended,user_exit,2,5073.837482,5073837482,16,19559.18737828503,170,42,26,154,16,True,,1.3643059999999991,1.44918141598464,317.114842625,12,0.0,aa4f4288cf611d3effbeb36b4a34c097e1eaa53ab778ef360039d2f31753282e,1.3193970010033809,0,0
main-0159,practice_generator,71b838b0568838d8,v6,ended,user_exit,2,5087.641093,5087641093,16,19523.205438522098,175,39,23,159,16,True,,0.6678459999999973,0.6895604580058716,317.9775683125,12,0.0,77b6601039cf87bcb930b3f371605a61945f9a11b18c082749b6106890781c77,0.44144028998562135,10,1
main-0160,practice_generator,ccb35c787eee3d6d,v5,ended,user_exit,16,6043.947839,6043947839,10,21034.739196040846,295,21,11,279,10,True,,0.947804000000005,1.0281330840080045,604.3947839,8,0.0,1e35f31e90cec35e4c5db7f244891033afaa396139d3cff6ca0e25374504da28,0.9329007510386873,0,0
main-0160,practice_generator,ccb35c787eee3d6d,v6,ended,user_exit,20,6184.561944,6184561944,10,21482.809703338196,305,18,8,289,10,True,,0.7444679999999977,0.777326958021149,618.4561944,8,629.6466710000004,1608f751c720a3c487ec6a112f39e26e520bcfeb97b3c548a02474a9c1a55301,0.651470873010112,7,0
main-0160,practice_generator,ccb35c787eee3d6d,v4,ended,user_exit,16,6114.08771,6114087710,10,21135.438517356215,303,21,11,289,10,True,,0.03481199999999518,0.039189624978462234,611.408771,8,883.1308680000002,e6719298735311543058aa1755339ef76a714fa90146a1d3b06bb0d6dfa0a387,0,0,0
main-0164,practice_generator,bc8fe200928c9531,v6,ended,user_exit,14,5535.126655,5535126655,13,20210.633264069522,240,14,1,225,13,True,,0.3534080000000017,0.39475616699201055,425.77897346153844,3,1045.5811130000002,7e3cc48af59f5e0b2efdcb8b3f5fc918244758480b042f25ae7dcb48283581be,0.09866458404576406,5,1
main-0164,practice_generator,bc8fe200928c9531,v4,ended,user_exit,17,5596.734925,5596734925,13,20598.674607028337,234,20,7,221,13,True,,0.03752200000000272,0.042101125000044703,430.5180711538461,3,1045.4521100000002,c8822c6af16669f65ba240c35bfe26d1f12cc73fd9e4f3377fd540d96b39a87f,0,0,0
main-0164,practice_generator,bc8fe200928c9531,v5,ended,user_exit,17,5609.431098,5609431098,13,20657.155490239227,234,20,7,222,13,True,,0.2673020000000008,0.295855832984671,431.4946998461538,3,1045.4521100000002,c858056c2e5cd2329eb0cc53b93dfab2ba22fb67af85650b28486bc6aac72af0,0.10801999998511747,0,0
main-0162,practice_generator,9b2005c0b06c7d56,v4,ended,user_exit,18,5917.471871,5917471871,10,20292.359375632142,298,20,10,289,10,True,,0.031595000000002926,0.03480675001628697,591.7471871,4,326.5979529999995,99a38a34992cc6e6765e7936ff2faefdab99cdd638b549473854a00a0ac3381d,0,0,0
main-0162,practice_generator,9b2005c0b06c7d56,v5,ended,user_exit,19,5888.968898,5888968898,10,20239.844499471656,299,12,2,290,10,True,,0.8056369999999973,0.8613796659919899,588.8968898,4,325.5979530000004,aabb9dd9fef9a92914ca360eebbbdc7d39d6a6339349c38c67a5f13699e50df7,0.7741522940050345,0,0
main-0162,practice_generator,9b2005c0b06c7d56,v6,ended,user_exit,18,6151.446068,6151446068,10,21377.230346870194,305,15,5,286,10,True,,1.1582580000000036,1.2683677089808043,615.1446068,4,532.188827,484c4695b8c9c70cda33445411909b26dcca10e4111037a8417c321cf5422dc6,1.1071530819754116,8,2
main-0165,practice_generator,a01036cfb022e3e7,v4,ended,user_exit,7,5379.714845,5379714845,16,20573.574178211715,193,29,13,181,16,True,,0.05039399999999716,0.05937608398380689,336.2321778125,4,0.0,933b2e7f1dde70b047f270290a3e555619248958656e0783308799fe8af37e7f,0,0,0
main-0165,practice_generator,a01036cfb022e3e7,v5,ended,user_exit,7,5490.675068,5490675068,16,21128.375320831048,195,24,8,186,16,True,,0.8231509999999957,0.9095217080030125,343.16719175,4,0.0,99782a0cedfcca407a1b5a0329bc32ad926ac57e8ba827980c7716c9f9f0de73,0.7079306670057122,0,0
main-0165,practice_generator,a01036cfb022e3e7,v6,ended,user_exit,14,5218.515958,5218515958,16,20157.57979478771,182,26,10,167,16,True,,0.7159559999999985,0.7551609170041047,326.157247375,4,0.0,852e6e298a762a514dd13d1d9003cd4711ea1d3e44e8f3708a42b52464ee7c0a,0.504237167944666,10,0
main-0166,practice_generator,89d27c8c0487d65f,v5,ended,user_exit,13,5832.677069,5832677069,14,22228.38534659279,220,17,3,208,14,True,,1.1189350000000005,1.200657792011043,416.61979064285714,7,880.1088870000003,46156507e100c7912710fee70fa76441d231b79bca799c3bc3b2293fdfab6178,1.062540248996811,0,0
main-0166,practice_generator,89d27c8c0487d65f,v6,ended,user_exit,13,5927.551616,5927551616,14,22987.758070160773,211,17,3,196,14,True,,0.668097000000003,0.6963257500028703,423.396544,7,1019.3176359999998,0d2ac588e6e2c25b81f1d358cca88b4ed28ab596ed3f76d5e7acdab73058f4e1,0.43677133400342427,10,6
main-0166,practice_generator,89d27c8c0487d65f,v4,ended,user_exit,13,5916.980249,5916980249,14,22589.901252783802,221,20,6,206,14,True,,0.04262299999999897,0.04405883399886079,422.64144635714285,7,880.1088870000003,b63995875a515936b38a5dca6856856da23f541ea738bcb39ba52d183b2d8004,0,0,0
main-0163,practice_generator,9db59b492f55854a,v5,ended,user_exit,4,6149.521915,6149521915,16,22717.60958132687,252,26,10,236,16,True,,1.3087069999999983,1.4449199170048814,384.3451196875,11,0.0,90b0a7aa2e1ada90ca5fe9f662969bd0d1cf54287cf365eb3d642efbf475dc63,1.193360878067324,0,0
main-0163,practice_generator,9db59b492f55854a,v6,ended,user_exit,13,5674.569845,5674569845,16,21732.84920448895,206,25,9,191,16,True,,2.1269100000000023,2.291380583017599,354.6606153125,11,0.0,008b25f35c2fc360fb42946917efc779e1624e90292e73e91fbdb820a3953549,1.9944231659465004,10,3
main-0163,practice_generator,9db59b492f55854a,v4,ended,user_exit,4,6576.792734,6576792734,16,25393.963665710253,235,23,7,222,16,True,,0.04835200000000128,0.05140716698952019,411.049545875,11,0.0,5bafe863bdaf5a287c1376a370b18c1745ff3562c0b5cf6db4b201618fd71471,0,0,0
main-0168,practice_generator,17d27464f246901d,v4,ended,user_exit,20,6490.392891,6490392891,12,23081.964461453234,300,20,8,290,12,True,,0.03934199999999777,0.04361295799026266,540.86607425,6,0.0,4b1e6f619244d49f614ecdcdf6fe5a09be221a024c09479e01c45e1f03c059df,0,0,0
main-0168,practice_generator,17d27464f246901d,v5,ended,user_exit,17,5924.296625,5924296625,12,21456.483113642964,257,26,14,246,12,True,,0.7522250000000028,0.78397404201678,493.69138541666666,6,429.48169599999983,77c3e10fcaa3713fc588eae81d13630178ff743cf7b7bd2fd70cacc12cbb6533,0.6078039580024779,0,0
main-0168,practice_generator,17d27464f246901d,v6,ended,user_exit,16,5919.994086,5919994086,12,21469.970411694652,257,23,11,248,12,True,,0.7351370000000017,0.8268798339995556,493.3328405,6,428.77570000000014,4a5ab54c992cca44693c09c8c9337d1329ebef342d2760feb47e2c3cd8b73be3,0.5438378370599821,9,0
main-0169,practice_generator,34a5a7689427d9bd,v5,ended,user_exit,13,5265.510401,5265510401,14,20047.55199158452,198,17,3,187,14,True,,0.5682530000000057,0.6455158749886323,376.10788578571425,9,0.0,a88edd0c0f9668bc4b5b77c33259198b5cdaf7f5755ad37f199192bc65b86721,0.4327090399165172,0,0
main-0169,practice_generator,34a5a7689427d9bd,v6,ended,user_exit,20,5266.310038,5266310038,14,19921.55016284273,201,21,7,186,14,True,,0.42628799999999956,0.44725425000069663,376.16500271428566,9,0.0,248174b45f6497c3c380e6097672b5c22468eb996a2d98ed6057e7626ca47be6,0.1905308339628391,6,3
main-0169,practice_generator,34a5a7689427d9bd,v4,ended,user_exit,13,5855.403156,5855403156,14,21967.015778260757,227,29,15,212,14,True,,0.038875000000004434,0.039924917015014216,418.2430825714286,9,788.755768,34d2ba7577a501ad3f3b4c94316c0a1eaa69f982d1e79651b37bbe84cc487dce,0,0,0
main-0167,practice_generator,098179c4e915acbd,v6,ended,user_exit,16,6003.741944,6003741944,10,20508.70970642084,306,21,11,289,10,True,,1.360837999999994,1.440930541983107,600.3741944000001,8,646.9327450000001,dc89fcaac4a5b50e0c817b706b6eb3f68eb0bbbf813b5e08a1851260ddd28d9e,1.2368184979713988,4,1
main-0167,practice_generator,098179c4e915acbd,v4,ended,user_exit,16,6051.237188,6051237188,10,20806.185964888515,299,30,20,285,10,True,,0.03131799999999885,0.03213366601266898,605.1237188,8,646.9327450000001,6a1f935218839e8976ae236f4ba0889cc44de8c2554f76b1c618431e69bc1b82,0,0,0
main-0167,practice_generator,098179c4e915acbd,v5,ended,user_exit,16,6057.751076,6057751076,10,20863.755386357465,303,21,11,287,10,True,,1.5550449999999998,1.6776710000121966,605.7751076,8,646.9327449999992,72d66b06f96714bead64133b07ea288bbcbe86fbc591503e139ae5f0e0d290e5,1.55963895804598,0,0
main-0171,practice_generator,274f8eab03646695,v4,ended,user_exit,17,5585.006051,5585006051,10,19610.03025615582,267,19,9,251,10,True,,0.0340139999999991,0.03545366699108854,558.5006051,2,666.632404,79efc44810f86fcc6d698cddf1bd25fc45fb94bf919aab498659bc909409a470,0,0,0
main-0171,practice_generator,274f8eab03646695,v5,ended,user_exit,17,5569.387995,5569387995,10,19531.93996689216,267,19,9,251,10,True,,0.46888299999999106,0.48616733399103396,556.9387995,2,666.632404,dee9303e92e4f323ef6d989066d47db88596db4b1e98dc4bf8cde649adc2e7cf,0.37629079102771357,0,0
main-0171,practice_generator,274f8eab03646695,v6,ended,user_exit,15,5588.311406,5588311406,10,19661.557028975792,268,15,5,251,10,True,,0.3560509999999937,0.41602758297813125,558.8311406,2,664.2085589999997,e481ee532f10a02097f4eaef9106c09c11a28d897e358c1be6c7c9c1fb89cf88,0.21803141504642554,8,0
main-0170,practice_generator,14a5d3fa4bb79b3a,v6,ended,user_exit,18,5385.011966,5385011966,15,19995.059824469397,217,22,7,205,15,True,,0.5404309999999981,0.5628365839947946,359.00079773333334,4,173.827722,3e96970d877eb3f9710d149181103e2b408b0feb2c77849ed0659f9b678cdcf2,0.22841545802657492,10,1
main-0170,practice_generator,14a5d3fa4bb79b3a,v4,ended,user_exit,13,5485.863225,5485863225,15,20589.316120926203,213,24,9,201,15,True,,0.044669999999996435,0.045891374989878386,365.724215,4,574.757619,121ff86dd867f2f552b16af8400896e7a8cd192a3b1e136005386378bd77e405,0,0,0
main-0170,practice_generator,14a5d3fa4bb79b3a,v5,ended,user_exit,13,5449.323016,5449323016,15,20481.615072859473,213,19,4,201,15,True,,0.6701580000000007,0.7489467920095194,363.28820106666666,4,574.7486820000004,97e53dd8a0c5a361e77c3591a2f2139ec9fd55fafc3637e6dc49d1fc9ac5c089,0.5110246690164786,0,0
main-0173,practice_generator,3dd4b7592c5bce63,v6,ended,user_exit,14,5467.52946,5467529460,12,20322.647293896694,225,14,2,212,12,True,,0.3656959999999998,0.42971716600004584,455.627455,3,615.9342609999994,044498d86e59c3a2f30c270d94ab2bb7acd6872f48b91369509804fcd2e30c8b,0.21270450102747418,6,0
main-0173,practice_generator,3dd4b7592c5bce63,v4,ended,user_exit,14,5644.820388,5644820388,12,20569.101935728508,245,17,5,231,12,True,,0.03964700000000221,0.04144929099129513,470.401699,3,897.5154920000004,be54f03fc94235ab3c0d13edf0602452a5819a7f43cf75067a64fc1b5cef12a5,0,0,0
main-0173,practice_generator,3dd4b7592c5bce63,v5,ended,user_exit,17,5469.857058,5469857058,12,20389.28528207763,223,15,3,208,12,True,,0.3260179999999906,0.34916825001710095,455.8214215,3,615.9342609999994,0f5767b2c831e5bdc0a0005781a8d682df08ed84f2adf0dfdab71c987e5785cd,0.22746229195035994,0,0
main-0175,practice_generator,27378151fc69ddc4,v5,ended,user_exit,18,5147.063617,5147063617,15,19635.318072425052,189,22,7,179,15,True,,0.5360429999999923,0.5728018330119085,343.13757446666665,2,538.7995810000002,14110b8c7658784b3de73f0df2f2ad4898046ef574db5ccfec3d044e37a7b675,0.41441600007237867,0,0
main-0175,practice_generator,27378151fc69ddc4,v6,ended,user_exit,18,5199.895765,5199895765,15,19969.478813041365,186,23,8,177,15,True,,0.529239000000004,0.5885280410002451,346.65971766666667,2,66.17984500000057,9d489b08bd29fdbbf5b975e15ba45cfef3e3914cee38a9b24a360c637a08cb07,0.25778170899138786,7,1
main-0175,practice_generator,27378151fc69ddc4,v4,ended,user_exit,15,5292.724121,5292724121,15,20073.620595821227,196,28,13,184,15,True,,0.041894999999996685,0.04265350001514889,352.84827473333337,2,317.43689300000005,7b9561e3d4c64353ab8d6947ebf59e1a560401e3f2d8361837f94270c6675dda,0,0,0
main-0172,practice_generator,b7df213d8483baeb,v5,ended,user_exit,18,5921.547378,5921547378,13,21712.736885259405,249,25,12,233,13,True,,1.341110999999998,1.4416077089845203,455.5036444615385,7,323.14637800000037,bc97581da1cc11af297b0dab28ac696da16f96a50fa6172d601bc1c8ce732e3d,1.22263266594382,0,0
main-0172,practice_generator,b7df213d8483baeb,v6,ended,user_exit,20,5697.059081,5697059081,13,20730.29539974512,248,17,4,234,13,True,,0.7299479999999932,0.810518874990521,438.23531392307694,7,432.2973740000007,f7dce7b8cfa131c9f49c1f5cc1b04a43a81f4114e8df354533841b8426dbb46b,0.5216842090012506,11,1
main-0172,practice_generator,b7df213d8483baeb,v4,ended,user_exit,20,5796.645317,5796645317,13,21433.226579163857,240,20,7,224,13,True,,0.04057299999999486,0.04186454199953005,445.89579361538466,7,821.1538470000005,667fec34c51add576355224b6e15893cd8761c3349cc05c12f7f6add3aff0813,0,0,0
main-0174,practice_generator,f4af35e65321cda3,v4,ended,user_exit,20,5763.30296,5763302960,15,22026.51478707416,211,24,9,201,15,True,,0.04430999999999585,0.04624400002649054,384.2201973333333,13,620.728564,0ea69d6dddb531e9da9c2c458d848271d4dd4ae25cc8213908e5f67ccd9fcc2a,0,0,0
main-0174,practice_generator,f4af35e65321cda3,v5,ended,user_exit,20,5763.987395,5763987395,15,22059.93697573325,211,22,7,201,15,True,,0.8112060000000128,0.8654570410144515,384.26582633333334,13,620.728564,26a4239918e483d7e6930d24d34e5a66f187ce383a3acff59e39a270d11f6aa2,0.6869866669585463,0,0
main-0174,practice_generator,f4af35e65321cda3,v6,ended,user_exit,20,5796.746104,5796746104,15,22108.730519289224,214,25,10,200,15,True,,0.8507069999999999,0.9244786250055768,386.44974026666665,13,620.7445029999999,75a09b504e7501f51ea1471f9875b8074398c620ae883013d2956c73dc6cf208,0.6207210009742994,6,0
main-0177,practice_generator,7f47fedcd431ca98,v4,ended,user_exit,12,5677.59254,5677592540,13,19867.962704254067,270,22,9,262,13,True,,0.028891000000001554,0.029337416985072196,436.73788769230765,2,151.8433869999999,4716c15eb12b4969fb0b346dc31e2124715de6d9c5f7c8b080f0c2384da24da8,0,0,0
main-0177,practice_generator,7f47fedcd431ca98,v5,ended,user_exit,19,5693.482772,5693482772,13,19942.41385959827,272,18,5,265,13,True,,0.325452999999996,0.344118167005945,437.9602132307692,2,152.91700500000024,7e83f61d9400d0a3d939bbde713b921ba0d2fab7a4d69c2ca40adf4e4562e156,0.18575225202948786,0,0
main-0177,practice_generator,7f47fedcd431ca98,v6,ended,user_exit,12,5728.962522,5728962522,13,19869.812597181277,281,19,6,267,13,True,,0.29541399999999385,0.30334854099783115,440.68942476923075,2,151.9179809999996,20024dec5d010c9315adf006a575d5c160bba4bae1d2ba69e10cf511c9553c3a,0.08477337399381213,12,1
main-0176,practice_generator,709ce6428ec5d2a7,v6,ended,user_exit,20,6166.703096,6166703096,10,21258.515451463405,308,21,11,292,10,True,,1.0261040000000037,1.1151275419979356,616.6703096,9,933.5393009999998,f67e541e80df8b9d9df9e20f3fdd6e0c9e441ca28f57897299e7bb45a1da2b8b,0.9089377900236286,8,0
main-0176,practice_generator,709ce6428ec5d2a7,v4,ended,user_exit,20,6255.92002,6255920020,10,21744.60010840249,302,30,20,287,10,True,,0.032034999999993374,0.03289754097932018,625.592002,9,429.3812849999995,a96ec5ce3d920fd66d8fe3ef11410990dfa9b463dd4fa20d92336a5b77effc32,0,0,0
main-0176,practice_generator,709ce6428ec5d2a7,v5,ended,user_exit,20,6098.209963,6098209963,10,21081.049811708937,300,25,15,287,10,True,,0.848228000000006,0.8874114170030225,609.8209963,9,429.3812850000004,3a0e243004ddf17bc6ca4c72a3dba1fc6322ccf07129dfeadf6641291cc5f810,0.7703029169060756,0,0
main-0178,practice_generator,4a0fb88dd6cc8f88,v5,ended,user_exit,16,5895.418746,5895418746,10,21227.09372274581,269,11,1,252,10,True,,0.6007999999999925,0.623770667007193,589.5418746,8,497.9308170000004,29f6bb2e329e30828c0a24c4dd6d98607db1146acddee036b59d7ac1e610e57b,0.5410871679487173,0,0
main-0178,practice_generator,4a0fb88dd6cc8f88,v6,ended,user_exit,16,5917.21142,5917211420,10,21226.05708236927,273,11,1,254,10,True,,0.6030590000000018,0.6435973329935223,591.721142,8,497.9308169999995,c2e9ad283b71fe1bb9193b0c2ccc25cfcc81f0481295598669acb04a5c596065,0.5093353750417009,4,0
main-0178,practice_generator,4a0fb88dd6cc8f88,v4,ended,user_exit,16,6099.270861,6099270861,10,21661.354295419434,286,16,6,269,10,True,,0.03031000000000006,0.030953665991546586,609.9270861,8,497.9308170000004,0faa603c382a724d33b8e7d366e08e13fccc4fe24400864da88716e3f8c119c4,0,0,0
main-0179,practice_generator,055b3e8c28beecec,v6,ended,user_exit,20,5724.710816,5724710816,12,20563.554064461456,255,25,13,238,12,True,,0.6590860000000021,0.698727915994823,477.05923466666667,4,189.97707300000002,fd5e16147aac05da05e5d1e9b9df51871e1f93bbb484d60eca0ffa7443afca6d,0.542051748954691,8,0
main-0179,practice_generator,055b3e8c28beecec,v4,ended,user_exit,20,5694.186564,5694186564,12,20535.932833658655,251,23,11,239,12,True,,0.028644999999997367,0.029523708974011242,474.51554699999997,4,189.0391069999996,3f93c146665f587f9196466dd76095339f4a8b8cdd19acb5b52af2fb5e03cbb7,0,0,0
main-0179,practice_generator,055b3e8c28beecec,v5,ended,user_exit,20,5679.65849,5679658490,12,20508.29246563596,251,20,8,239,12,True,,0.5678110000000061,0.6059212500113063,473.30487416666665,4,188.83381800000006,41844254de1f05b4f803e7a7cc84f3ba7bb84418a3111a653efd0d31c65b71bc,0.5140707099926658,0,0
main-0183,practice_generator,61775302a6363a20,v4,ended,user_exit,1,4792.429252,4792429252,16,18667.14623950622,163,19,3,155,16,True,,0.03737600000000896,0.038436166010797024,299.52682825,2,0.0,8bcb76dfcafb7439385848dbe52eb8f706e421e73adfa45b8670b94520aee8bf,0,0,0
main-0183,practice_generator,61775302a6363a20,v5,ended,user_exit,1,4643.440058,4643440058,16,18372.20029580415,149,16,0,144,16,True,,0.5639549999999929,0.6534498330147471,290.215003625,2,0.0,c08f69dce7e37ec7d448ecccc8aea5be691c5645893ae45052eac5db8f53cf44,0.498499498993624,0,0
main-0183,practice_generator,61775302a6363a20,v6,ended,user_exit,14,3621.145445,3621145445,16,14455.727240996554,107,20,4,103,16,True,,0.30361499999999353,0.3170786249975208,226.3215903125,2,0.0,23b5091ade5c1933b79b34a15e8a6d9456730dfccbae63393434360cf494dee2,0.13329545999295078,8,3
main-0180,practice_generator,28dcafbed417b285,v4,ended,user_exit,7,3862.5341,3862534100,16,14102.670494451806,157,25,9,150,16,True,,0.03070299999998838,0.031417999998666346,241.40838125,12,0.0,f80e3e7df69e165879343302964c03ea555c13c9671f362ef239851d321fade9,0,0,0
main-0180,practice_generator,28dcafbed417b285,v5,ended,user_exit,2,5183.843931,5183843931,16,19154.21965469941,209,26,10,198,16,True,,0.8187420000000003,0.8860205409873743,323.9902456875,12,0.0,4e17770d86ef29f7f423295f61ee33fb6626966ee6b8e3317f5604bafac834f0,0.6153867059329059,0,0
main-0180,practice_generator,28dcafbed417b285,v6,ended,user_exit,2,5289.508488,5289508488,16,19172.54244926962,223,34,18,206,16,True,,1.2166989999999913,1.3805829999910202,330.5942805,12,0.0,2abedd4c260d674649ed5431992c91280d6de85c6aef24f830a0e2f8f045ff0b,0.9130767489841674,10,2
main-0181,practice_generator,e8de8967c5dbf6b4,v5,ended,user_exit,19,5709.972093,5709972093,10,20259.860456331582,267,16,6,255,10,True,,0.988933000000003,1.087842416978674,570.9972093,6,609.3202740000006,691127dd82972b120b50c08f409453b2c499b2f2f06767948516b61a6413b7b2,0.9927958750049584,0,0
main-0181,practice_generator,e8de8967c5dbf6b4,v6,ended,user_exit,20,5676.938928,5676938928,10,20044.694641312395,269,16,6,255,10,True,,1.0854479999999995,1.2318256669968832,567.6938928,6,611.4207569999999,d97d68a45fa7d481ce5275598ecd5805517b26c36b74877f9936145f4347a856,1.066246250004042,9,0
main-0181,practice_generator,e8de8967c5dbf6b4,v4,ended,user_exit,19,5657.553706,5657553706,10,19662.768503691077,277,18,8,266,10,True,,0.03398199999999463,0.03704437499982305,565.7553706,6,607.6944020000001,7c1a075f3aabf0e1a5bdf6e9dbad6f67e8b033a2d9a9959613afd42d0a70f30d,0,0,0
main-0182,practice_generator,9bcdaf1e77913872,v6,ended,user_exit,20,5871.149761,5871149761,13,21065.74880716825,263,24,11,245,13,True,,1.0347610000000032,1.1602224579837639,451.6269046923077,11,101.84778099999949,118b5470c9cff16dfd2ca594fbc249349f66d93d446f41057123fd2a5427b773,0.8100534570694435,13,1
main-0182,practice_generator,9bcdaf1e77913872,v4,ended,user_exit,20,6305.399722,6305399722,13,22086.998565032136,292,41,28,279,13,True,,0.03415800000000502,0.03516170900547877,485.0307478461539,11,162.75605900000028,f0b7e15f55cc547710fab4bed44472d52bd6c58b70cb5c84f7c69cdb112d96ef,0,0,0
main-0182,practice_generator,9bcdaf1e77913872,v5,ended,user_exit,20,6288.93771,6288937710,13,22044.688519254487,290,42,29,278,13,True,,0.9952910000000088,1.1439418329973705,483.76443923076926,11,162.75605900000028,368d27b1c3c40fb36ec6866db9abb3e87bf3373bf89ab0c590a6869defaa6843,0.9557812490675133,0,0
main-0185,practice_generator,7d1dd26a36ad089f,v6,ended,user_exit,15,5729.080927,5729080927,10,19835.404614709136,283,19,9,270,10,True,,0.38707000000000846,0.4297530000039842,572.9080927,4,108.29622699999982,ebcde87ec4778aba7790abc090ff846aec9026bff931a9298f5d4d4ac841adb9,0.24821849996806122,6,2
main-0185,practice_generator,7d1dd26a36ad089f,v4,ended,user_exit,15,5772.303645,5772303645,10,20116.518223236963,280,20,10,269,10,True,,0.028340999999997507,0.030203583010006696,577.2303645,4,967.1514219999999,a49c486d19b90cd09d5553e0ff7c4b2f8b981f1152e1c45c6b19427f5b5d99e5,0,0,0
main-0185,practice_generator,7d1dd26a36ad089f,v5,ended,user_exit,15,5794.925756,5794925756,10,20299.628773320757,279,18,8,266,10,True,,0.6594800000000021,0.7595885409973562,579.4925756,4,965.2599019999998,65b7007465488752313b0b43c7b501b83d4ba18436c5732f8bacf29bfde12b63,0.6148172100074589,0,0
main-0187,practice_generator,95120deedfa5be0d,v5,ended,user_exit,17,5389.965829,5389965829,13,20559.82912602314,202,18,5,188,13,True,,0.2669479999999993,0.29095604200847447,414.61275607692306,3,1368.334465,29247941c3070c2c998d3b550269089c0e8744f8d12395865af6d9991f0944b1,0.14402333201724105,0,0
main-0187,practice_generator,95120deedfa5be0d,v6,ended,user_exit,17,5389.748219,5389748219,13,20568.74107351226,202,17,4,189,13,True,,0.3851240000000047,0.45392887500929646,414.5960168461539,3,1368.334465,0d030e70eac8ba205c527dfbc98b9eca465094f92867e06d3c875684ab7f5ed0,0.17407308396650478,4,0
main-0187,practice_generator,95120deedfa5be0d,v4,ended,user_exit,17,5562.610578,5562610578,13,21568.05287465996,197,19,6,181,13,True,,0.0481410000000011,0.05276866600615904,427.89312138461537,3,1368.4053349999995,a37fe1e5599534685618457d9d1ae6df422812955acc2e692a327e8304421c88,0,0,0
main-0184,practice_generator,3ed9c56e9c3c9471,v5,ended,user_exit,18,6056.822699,6056822699,12,21459.113483729987,284,16,4,273,12,True,,1.0394560000000013,1.1877512089849915,504.7352249166667,11,0.0,41f7c9bdfb5792a95cf09bcf1bec8d5b2af052d5c054f1537ed18a49428db0d7,1.0404877469409257,0,0
main-0184,practice_generator,3ed9c56e9c3c9471,v6,ended,user_exit,18,6095.554953,6095554953,12,21477.774747118132,292,14,2,274,12,True,,1.153852999999998,1.3393328330130316,507.96291275,11,0.0,7faa845aac78eba473e68ec725db3c7f6f7806c56d57d22acfcf0db1788be575,1.1271855019440409,10,0
main-0184,practice_generator,3ed9c56e9c3c9471,v4,ended,user_exit,18,6099.04068,6099040680,12,21645.203394619355,285,16,4,273,12,True,,0.033343999999999596,0.03715954098151997,508.25339,11,0.0,71eed0590684815b3fe636ddf24268952294b57f552b5cfe4e51d8dbbecb023e,0,0,0
main-0186,practice_generator,95fa6b05c98e0fab,v4,ended,user_exit,1,4461.041407,4461041407,16,17135.20704945472,153,31,15,144,16,True,,0.04221300000000383,0.04736716698971577,278.8150879375,10,0.0,e14c906ff4f39bd3ae2b4757bdcb8ddf68444c24a3b1ce11cd8902fa93da3778,0,0,0
main-0186,practice_generator,95fa6b05c98e0fab,v5,ended,user_exit,1,4273.832426,4273832426,16,16484.16213748472,146,26,10,137,16,True,,1.173476000000008,1.3338460419909097,267.114526625,10,0.0,901a24aad533acace7790554de1fa89379bbca407c2a1c99daaa087d5d097140,1.1634554989286698,0,0
main-0186,practice_generator,95fa6b05c98e0fab,v6,ended,user_exit,1,4258.892373,4258892373,16,16244.461861694643,152,25,9,143,16,True,,0.9982959999999963,1.121162582974648,266.1807733125,10,0.0,5a680ca9a42c05e90fc0713a3ceecb03c3d5a39763b7e4f677c0b41a7a044d9a,0.8347425839456264,9,0
main-0188,practice_generator,ec6974b2c24c3ac2,v6,ended,user_exit,18,5498.424191,5498424191,15,21732.12093093732,177,25,10,162,15,True,,0.8184959999999961,0.9449855840066448,366.56161273333333,3,171.34380899999996,d81d8720137c5b90152610a65c3d35c66935fbbd432815dbf3cae4bf2337a4ff,0.63914124891744,6,1
main-0188,practice_generator,ec6974b2c24c3ac2,v4,ended,user_exit,16,5666.085971,5666085971,15,22145.42982882264,192,24,9,175,15,True,,0.05230299999999488,0.057610541000030935,377.73906473333335,3,169.9222260000006,530b2b28b2588524468196bd3545a9d773ddad35dbb74b10c40a6b684e1a22a3,0,0,0
main-0188,practice_generator,ec6974b2c24c3ac2,v5,ended,user_exit,18,5456.91135,5456911350,15,21629.556741093547,174,24,9,159,15,True,,0.6785480000000064,0.7263868339941837,363.79409000000004,3,309.1455730000007,4784fb4be92e0496a423bfcb4fb2b913089c2b6b7ac0bf54080e18504320824a,0.5732325840508565,0,0
main-0190,practice_generator,d276384be5e5a338,v5,ended,user_exit,20,6209.66967,6209669670,10,21563.3483429122,305,19,9,295,10,True,,0.8638440000000003,0.9178930000052787,620.9669670000001,10,773.1743770000003,dee49fa4e3145c40c8ccb593caede348f8e871afd24a7eed24368a36870372bc,0.8078057089878712,0,0
main-0190,practice_generator,d276384be5e5a338,v6,ended,user_exit,20,6103.968516,6103968516,10,21769.842581105942,281,19,9,268,10,True,,0.6387200000000064,0.6935991669888608,610.3968516,10,638.0493820000002,f8287fcd67c979c1c64e527ef0d0cf1654e209d6a2bbddd2a5cdb5c10f9f1ea9,0.4825058759597596,10,3
main-0190,practice_generator,d276384be5e5a338,v4,ended,user_exit,20,6313.898484,6313898484,10,22024.4924118455,307,19,9,297,10,True,,0.031352999999995745,0.03218524999101646,631.3898484,10,773.1743770000003,8571a39059686717890d5edfc200df8756488de4a9e46ba931524f1442afd8c0,0,0,0
main-0189,practice_generator,717011970786aa9e,v4,ended,user_exit,19,6241.749763,6241749763,14,23218.74879746495,251,27,13,234,14,True,,0.04295199999999966,0.04664354200940579,445.8392687857143,14,121.40618300000006,0374ddd6a39ce2bdf17822eb99b1da8cb9b3c84de180fe828c382f944a8958c6,0,0,0
main-0189,practice_generator,717011970786aa9e,v5,ended,user_exit,19,5988.679079,5988679079,14,22068.39537865345,248,25,11,232,14,True,,1.8283059999999978,1.9748392500041518,427.7627913571428,14,121.40618299999915,946928b1a3568ef52bac2e8c6d4b8c32b0e15d2b28f3b99ca0559a86bb2e9257,1.8075831219903193,0,0
main-0189,practice_generator,717011970786aa9e,v6,ended,user_exit,19,5804.374907,5804374907,14,21331.87451757784,243,22,8,229,14,True,,0.5993050000000011,0.6509977079986129,414.5982076428572,14,169.95077800000035,97f146d85cb65022ffb602751610fde2638f5ee2949ea1e98d594f6e5079b81f,0.34147245695930906,11,1
main-0193,practice_generator,a65d84bbb9ac4ab3,v5,ended,user_exit,18,5602.774147,5602774147,10,20048.870727471534,258,12,2,247,10,True,,0.2717130000000054,0.27633095800410956,560.2774147,2,991.3243320000001,42210d32599b350491c44aab35455716c7d595cf9a90cd378a2bc2c322209873,0.17624854302266613,0,0
main-0193,practice_generator,a65d84bbb9ac4ab3,v6,ended,user_exit,20,5872.221587,5872221587,10,21486.107920109233,256,11,1,242,10,True,,0.2303240000000102,0.2357510000001639,587.2221587,2,453.2259789999998,80cf5cca8049dbd2593f1f29a0eb95389b1f635a0d99530112f97434622c1bdd,0.06364895799197257,5,2
main-0193,practice_generator,a65d84bbb9ac4ab3,v4,ended,user_exit,18,5618.526763,5618526763,10,20122.633789339077,255,19,9,242,10,True,,0.029468000000008487,0.03013837497564964,561.8526763,2,1204.0714669999998,e70f87a55d979366b25accbec0af355fe98d86560ef4a8bda812b05031648461,0,0,0
main-0191,practice_generator,6dae3dd7423550c2,v6,ended,user_exit,17,5936.781344,5936781344,12,21673.90670278144,254,24,12,236,12,True,,1.1458789999999937,1.2061682920029853,494.7317786666667,9,1100.7546359999997,66500bccbe15dcfa277178cfa3b65a2367007e845cb009c145d4bbba01094cd3,0.9560210840136278,7,1
main-0191,practice_generator,6dae3dd7423550c2,v4,ended,user_exit,17,6146.199527,6146199527,12,22390.997642576905,257,40,28,239,12,True,,0.03841099999999642,0.039114999992307276,512.1832939166667,9,1101.7870029999995,662f2146b313941cb17e1b91cff0880876057fb4be299e91dd602a0d621c9e35,0,0,0
main-0191,practice_generator,6dae3dd7423550c2,v5,ended,user_exit,17,6159.336848,6159336848,12,22751.684231951796,250,34,22,233,12,True,,1.1041699999999963,1.128462499997113,513.2780706666666,9,1101.7870030000004,0017713e09c483636622e3f8537b9e3beb18fa0200f8730095753cb70f054aee,1.0082235450390726,0,0
main-0192,practice_generator,b679019a5adec3fc,v4,ended,user_exit,13,4323.479294,4323479294,16,17227.39647944557,128,29,13,119,16,True,,0.04346999999999923,0.044086874986533076,270.217455875,10,0.0,14d076383a7cba9f4d440b45871e4226acbe80a858580d2f7449bfc5fcce2ad2,0,0,0
main-0192,practice_generator,b679019a5adec3fc,v5,ended,user_exit,5,5062.338147,5062338147,16,20106.690739972266,159,23,7,145,16,True,,1.1439659999999918,1.2081910840061028,316.3961341875,10,0.0,3cd0e74c2f1597dee53ceff580be4f6e84c7866fa202d29c6b482dcf6ff0773d,1.0720243329997174,0,0
main-0192,practice_generator,b679019a5adec3fc,v6,ended,user_exit,12,4997.374335,4997374335,16,19721.87168149523,162,21,5,148,16,True,,1.0378039999999942,1.0621041250124108,312.3358959375,10,0.0,0acaf6ac1fd7470029c240afb65484e99591a86df13e0d53eeafd0120fa16b48,0.8515678329567891,6,1
main-0194,practice_generator,a1154a8b35722782,v6,ended,user_exit,15,5546.178179,5546178179,15,21325.890874391524,203,17,2,185,15,True,,0.5171180000000106,0.527892709011212,369.7452119333333,5,565.1012069999997,0963c7ff3f292390428478254caacf69659aef4b757221988a77a0263719e13d,0.27498175197979435,7,2
main-0194,practice_generator,a1154a8b35722782,v4,ended,user_exit,15,5813.508163,5813508163,15,22517.54078777128,203,27,12,184,15,True,,0.04049599999999032,0.04097854098654352,387.5672108666667,5,614.226533,eec01c59df9cfe24acc91cfc089f8653587d8b46fb1d6497da51675a03769383,0,0,0
main-0194,practice_generator,a1154a8b35722782,v5,ended,user_exit,15,5680.847209,5680847209,15,21974.236021662797,202,21,6,183,15,True,,1.0573000000000121,1.094813042000169,378.7231472666666,5,614.226533,3a227d18c4cea9acac94f4c14e41fc29b93da58a51486ed52f47573961ed68bd,0.9383872910402715,0,0
main-0195,practice_generator,c22888a5c4eb5795,v4,ended,user_exit,18,5922.423894,5922423894,11,20642.119475637766,285,25,14,272,11,True,,0.03650299999999618,0.03728545899502933,538.4021721818182,11,0.0,951f58442dead1ac41388e8d5bd98d4f0e6331ced4ce2e6fb047ef77cca81649,0,0,0
main-0195,practice_generator,c22888a5c4eb5795,v5,ended,user_exit,18,5656.579366,5656579366,11,19972.896840343255,264,22,11,254,11,True,,0.7290599999999898,0.7461920419882517,514.2344878181818,11,152.54548799999975,06c84fe3933d1fd5ed4a407f59362979f3cbf656a864b12879ee2c995ae268fc,0.6389307079953142,0,0
main-0195,practice_generator,c22888a5c4eb5795,v6,ended,user_exit,16,5775.541757,5775541757,11,20052.708774798484,277,31,20,265,11,True,,0.8370699999999971,0.8684540829854086,525.0492506363636,11,134.24289399999998,0a91ed61fc4af78b55de5f6574badac73dd9ae64192caf3973354ac67f061b3f,0.6865615410497412,8,0
main-0198,practice_generator,d9de34487b7484d7,v4,ended,user_exit,16,5602.946042,5602946042,10,20149.730206161374,256,11,1,240,10,True,,0.033338000000000534,0.033862790995044634,560.2946042,1,712.2590719999998,c253e2cbe11ab6d7c7ff2284589984c2a2932e952e07eceaa256da16c1513be7,0,0,0
main-0198,practice_generator,d9de34487b7484d7,v5,ended,user_exit,16,5762.421622,5762421622,10,20902.108109123146,257,11,1,244,10,True,,0.17188199999999654,0.17555416698451154,576.2421621999999,1,412.10827900000004,c68187ca9e9c48eee49e50a0fa8520203b2c360ee0174151a6e5fe4374fce316,0.058575417002430186,0,0
main-0198,practice_generator,d9de34487b7484d7,v6,ended,user_exit,16,5801.568549,5801568549,10,21002.842722102512,260,11,1,248,10,True,,0.2435300000000069,0.24661470798309892,580.1568549,1,413.2577019999999,ddbe2632c3961d513174f92a105f4a48079057325458579df3828c4fd48cf84e,0.05900741700315848,6,1
main-0196,practice_generator,774fc6e94897a75f,v5,ended,user_exit,18,5773.407449,5773407449,13,21987.037226873872,213,28,15,201,13,True,,0.7288900000000069,0.7571030000108294,444.1082653076923,9,362.2822120000001,1bf040dfb666cd5408f53f486c811eea8bfe6aca1112dc75ed0e8016b591a679,0.6248212069913279,0,0
main-0196,practice_generator,774fc6e94897a75f,v6,ended,user_exit,12,5812.762258,5812762258,13,21813.811256321642,225,29,16,212,13,True,,0.9450810000000018,0.9759543749969453,447.1355583076923,9,322.2358059999997,1a7b8e140d642fe66e081fd900f5e74b58f3c70193f83ac5790b4506e1819a7c,0.7463374179787934,6,1
main-0196,practice_generator,774fc6e94897a75f,v4,ended,user_exit,12,6234.450675,6234450675,13,23792.253375475626,228,32,19,214,13,True,,0.05031300000000272,0.052720374980708584,479.57312884615385,9,324.67991299999994,5e43092d8881b72c6981d56e755c127aa2a1ebea8a0c636d8166a2489cccec11,0,0,0
main-0197,practice_generator,50e9df7aab5a30ec,v6,ended,user_exit,15,5167.633778,5167633778,16,19493.168878366465,197,23,7,183,16,True,,0.8873820000000023,0.9186834580032155,322.977111125,9,0.0,106cf214647fcd2f1e37080f2227908a431e569d1f1b3becead4205d9c726d63,0.6171041669440456,6,0
main-0197,practice_generator,50e9df7aab5a30ec,v4,ended,user_exit,7,5028.912937,5028912937,16,18519.564676951337,206,23,7,194,16,True,,0.04547900000000027,0.04600050000590272,314.3070585625,9,0.0,744dbd2dffa5781f95e19261f68e67ad0aefbe35ecd347d865652e34c1bca272,0,0,0
main-0197,practice_generator,50e9df7aab5a30ec,v5,ended,user_exit,15,5152.624618,5152624618,16,19513.123080507423,193,24,8,181,16,True,,1.005383000000009,1.041441124980338,322.039038625,9,0.0,6c851cc37641a9d1139e2bb13541ac83bb5a9ec2db9f73b2e2e65a7005f0f460,0.8863300019875169,0,0
main-0200,practice_generator,951334efbbd199f0,v6,ended,user_exit,16,5718.090616,5718090616,10,20115.45307628777,275,14,4,258,10,True,,0.41773400000001004,0.432396707998123,571.8090616000001,2,808.6447500000004,d356f8bd07d8b901b32d52a0100cc1212015f6f76c8b4d7a64fd041d428f9746,0.2820707499922719,7,2
main-0200,practice_generator,951334efbbd199f0,v4,ended,user_exit,16,5753.168139,5753168139,10,20460.840698090407,270,12,2,255,10,True,,0.038666000000006306,0.041344041004776955,575.3168139,2,158.88580100000036,1fd7c153194c314c272820c50f7dddd9384c245255bdbb41b44e301388ebcb91,0,0,0
main-0200,practice_generator,951334efbbd199f0,v5,ended,user_exit,16,5713.557524,5713557524,10,20307.787618476283,268,12,2,256,10,True,,0.49977900000000375,0.5216699579905253,571.3557524,2,159.9213890000001,77e227aa13a19378dea6040222d1db9b8e2dc997fa28fb8ec9b1d09613be0f81,0.4296069999691099,0,0
main-0201,practice_generator,30f92450f6a9391d,v4,ended,user_exit,2,4302.568284,4302568284,16,16532.841420348603,151,22,6,143,16,True,,0.03780499999999165,0.0393757080018986,268.91051775,7,0.0,c833774287a59089d154f41bc8e8934a4667ebabc25011c6ae575ceccfd37182,0,0,0
main-0201,practice_generator,30f92450f6a9391d,v5,ended,user_exit,2,4300.051857,4300051857,16,16475.259283184816,153,21,5,145,16,True,,0.47566399999999476,0.4910204579937272,268.7532410625,7,0.0,1a374c794fbf082092834ffb6064ca797644b23500928847e3e6ee4163b61ad6,0.296597127977293,0,0
main-0201,practice_generator,30f92450f6a9391d,v6,ended,user_exit,5,4370.45708,4370457080,16,16667.285384257197,160,19,3,148,16,True,,0.4176130000000029,0.428965208993759,273.1535675,7,0.0,a57755977a57ec6e571e5c37f01d9bf085d0649deee7574757374fb7ee4e7483,0.1574086699692998,6,1
main-0199,practice_generator,f8093c9223fd7eef,v5,ended,user_exit,19,6012.407526,6012407526,11,21517.037624284454,272,23,12,258,11,True,,1.292738,1.3348517089907546,546.5825023636363,9,105.92196700000022,bf2b650ef6c1077107f44e0626b4d3200866fcd994a09582f63dd147eb62998f,1.2102702499832958,0,0
main-0199,practice_generator,f8093c9223fd7eef,v6,ended,user_exit,19,5959.937055,5959937055,11,21204.685266679342,278,15,4,262,11,True,,1.1279230000000098,1.1548197910015006,541.8124595454545,9,105.91189000000031,2d9bcdf0d24d4e2a1ea885e22109027e7a924abb4b2e70a3279cd4821db7f214,0.9201065840024967,11,3
main-0199,practice_generator,f8093c9223fd7eef,v4,ended,user_exit,4,6188.568694,6188568694,11,22487.843448234245,269,23,12,255,11,True,,0.0362480000000005,0.036904290987877175,562.5971539999999,9,0.0,7b4812ba6a7e98e6e0d96209c9821c851b987b08593e41e06afcebfd46573d40,0,0,0
main-0202,practice_generator,09c978d9a7595e4c,v5,ended,user_exit,10,5508.472795,5508472795,15,21087.36396894523,203,20,5,186,15,True,,0.8591129999999936,0.8838413330086041,367.23151966666666,7,362.78467399999954,57c059de3308cae1ad71db56fa5d4e8664fda812649dd3ac1d84dec092404b92,0.728709914983483,0,0
main-0202,practice_generator,09c978d9a7595e4c,v6,ended,user_exit,17,5266.432724,5266432724,15,20437.16360026578,182,23,8,170,15,True,,0.5832240000000013,0.594445959024597,351.09551493333333,7,340.9340060000004,424898e843175212446255cef4fecd57adb41da46858da63ff3b081aa0fd475c,0.3780282920051832,8,3
main-0202,practice_generator,09c978d9a7595e4c,v4,ended,user_exit,17,5596.696996,5596696996,15,21598.484944318057,198,25,10,182,15,True,,0.041347999999999274,0.0421445409883745,373.11313306666665,7,158.89852299999984,ba5855bb9946e65537f99d1d7f52239f3e3d46f0991cb0e70aa15ebe1e7a720a,0,0,0
main-0204,practice_generator,b98c0865b3b27fbf,v4,ended,user_exit,17,5815.169794,5815169794,13,21610.84897060193,234,25,12,222,13,True,,0.033276999999998225,0.03429374998086132,447.3207533846154,9,143.1248030000006,3bbbd05e96c5f08cc4b5c74659e7af0f420dcd44478fb854525fe077abafd447,0,0,0
main-0204,practice_generator,b98c0865b3b27fbf,v5,ended,user_exit,17,5701.342977,5701342977,13,21136.7148909745,235,17,4,222,13,True,,0.5478339999999946,0.5594236660108436,438.5648443846154,9,143.1248030000006,0dba8cd627df14a507811307c89b5ad0722cd487b0c5abc00e4edb2eee759ac6,0.4518526659812778,0,0
main-0204,practice_generator,b98c0865b3b27fbf,v6,ended,user_exit,18,5729.346588,5729346588,13,21046.732930467962,244,15,2,229,13,True,,0.6614840000000015,0.6775046670227312,440.7189683076923,9,139.71617800000058,5be4fdd0877b15afa47737f3ba57eec39359b5a3423cd9c403eb27ebfacc9c00,0.47777520804083906,10,4
main-0203,practice_generator,8a923da42342fee6,v6,ended,user_exit,19,5703.551435,5703551435,13,20692.7571755746,252,15,2,234,13,True,,0.9885340000000014,1.014470041001914,438.7347257692308,9,186.175886,f4bb708d89f7dda66bbb89538176f8e2d481244f6e0fd116dcd368de3c0ee51c,0.7515858761034906,12,3
main-0203,practice_generator,8a923da42342fee6,v4,ended,user_exit,19,6070.523301,6070523301,13,22662.616507275983,243,22,9,231,13,True,,0.038549000000003275,0.03903470901423134,466.96333084615384,9,685.6719440000006,bd8d033769ad4df2f104e57abcad7e1aba8acf73beb0e4eb8e2830524bc720dd,0,0,0
main-0203,practice_generator,8a923da42342fee6,v5,ended,user_exit,19,5607.70178,5607701780,13,20583.50890984843,236,21,8,222,13,True,,0.9947540000000004,1.0200620830000844,431.3616753846154,9,684.702577,31b128004d3f4b99f8098f483b8d1e5624b1b313816be438ed1efb5026e8c047,0.8940160799538717,0,0
main-0205,practice_generator,1e0a17d78a148500,v5,ended,user_exit,17,5592.496915,5592496915,11,19627.484566225114,267,19,8,253,11,True,,0.4186650000000043,0.42724466702202335,508.4088104545454,7,1597.5803159999996,c0b8917725f686c693c402cd03c2a9ca98d643967bfef15cd8b59c2b4b378713,0.30685833501047455,0,0
main-0205,practice_generator,1e0a17d78a148500,v6,ended,user_exit,17,5739.886809,5739886809,11,20204.434039856384,272,21,10,254,11,True,,0.6296230000000094,0.6541861250007059,521.8078917272727,7,180.3750689999997,fa069fe08e924f6ffa59444bf24746d56e5706dea4ccf44647d6472e8d5d00bc,0.4491834159998689,7,3
main-0205,practice_generator,1e0a17d78a148500,v4,ended,user_exit,17,5724.000864,5724000864,11,20750.004322350032,252,18,7,238,11,True,,0.03314600000000212,0.03463650000048801,520.3637149090908,7,1559.7543099999994,269ee124f6efd1d88542b2aa03ae5bdb1dd751f7d7011029163ab0dcfb21ab9a,0,0,0
main-0206,practice_generator,51d18cab775bcd89,v6,ended,user_exit,20,5540.279482,5540279482,11,19516.397396449105,264,14,3,253,11,True,,0.495309000000006,0.5117578749777749,503.6617710909091,2,633.0467939999999,70f3878b828fc96d7e27d11321bd14c9f96207a0142303eaac350b7c75e0c061,0.35772075099521317,3,1
main-0206,practice_generator,51d18cab775bcd89,v4,ended,user_exit,19,5747.91841,5747918410,11,20289.592032534696,272,15,4,263,11,True,,0.03307199999999,0.03437666699755937,522.5380372727273,2,171.15886800000044,33f4e08781b905291e8876a830a51270ec055f4d4b02532541e6b635cf5f52bd,0,0,0
main-0206,practice_generator,51d18cab775bcd89,v5,ended,user_exit,20,5602.73389,5602733890,11,19568.669435924945,272,15,4,262,11,True,,0.37852800000000286,0.3973845419823192,509.33944454545457,2,406.76327500000025,0dc3f2c267fb75124587629865558e5360c97ed748155ae639cf3c0bf5336d90,0.24828716594493017,0,0
main-0207,practice_generator,f4380bf63be711cc,v4,ended,user_exit,18,4417.179081,4417179081,16,16240.895386783157,176,30,14,167,16,True,,0.049115000000000464,0.051692291017388925,276.0736925625,10,0.0,9f0a86cb825a2984c37448474b3d9040c9c7a330c1bfd2e8aabc5e3ea9bacf9e,0,0,0
main-0207,practice_generator,f4380bf63be711cc,v5,ended,user_exit,18,4377.26412,4377264120,16,16141.320584305018,171,33,17,163,16,True,,0.8098150000000004,0.8458918340038508,273.5790075,10,0.0,99417be2ab65e57ab8faf292cd6fcf220b62baf2f83b9190580eb6cad13321c7,0.6208889560075477,0,0
main-0207,practice_generator,f4380bf63be711cc,v6,ended,user_exit,18,4036.019312,4036019312,16,14480.096563588082,173,27,11,162,16,True,,0.4760299999999944,0.49836570900515653,252.251207,10,0.0,12e798a239c60b4d577ca3e192ae39140b2726b9fa555b47b057d59455459a24,0.1639401659485884,9,1
main-0209,practice_generator,d808d2585fb144f6,v6,ended,user_exit,3,4513.006296,4513006296,16,17010.031472691015,170,22,6,163,16,True,,0.47619899999999404,0.49923304200638086,282.0628935,3,0.0,1a7d2b803b784557a496ff601d0267178d99812ae2abada6c39b650103b7149d,0.23716237500775605,8,0
main-0209,practice_generator,d808d2585fb144f6,v4,ended,user_exit,3,4731.046417,4731046417,16,17750.232119901764,171,44,28,162,16,True,,0.039155000000008044,0.040717708005104214,295.6904010625,3,0.0,1a4db751ae8128ed247855c9064c1d1e60e412b04e7d60a5ed301c0d1b179ec4,0,0,0
main-0209,practice_generator,d808d2585fb144f6,v5,ended,user_exit,3,4452.409751,4452409751,16,16737.048755602045,167,26,10,160,16,True,,0.45552800000000104,0.4743468750093598,278.2756094375,3,0.0,f5794510006953ef49efbc3e0ec22f3a93827149486f0da6b09b5bf6930b2ee0,0.315344458038453,0,0
main-0208,practice_generator,002d8f8f61fa1d25,v5,ended,user_exit,15,6132.60379,6132603790,12,22583.01893698911,258,19,7,245,12,True,,0.6008270000000095,0.6267870420124382,511.05031583333334,12,0.0,24642648b75c327b8d02862dd0c6f32fb8afd8d3d935d75f5ddb88281cf04ff2,0.5296802910161205,0,0
main-0208,practice_generator,002d8f8f61fa1d25,v6,ended,user_exit,18,6214.306341,6214306341,12,22306.531683083,279,24,12,262,12,True,,0.9709050000000019,1.006744834012352,517.8588617500001,12,171.6490760000006,d3b66fc793039cce8ec8c377b8190dbd391a7e6a888230298ffaf43b1a3174c8,0.814317334064981,12,5
main-0208,practice_generator,002d8f8f61fa1d25,v4,ended,user_exit,15,6136.408078,6136408078,12,22602.04036950993,258,19,7,245,12,True,,0.02817499999999029,0.02884391599218361,511.36733983333335,12,0.0,31fd66b27ccccc0a823c4c0638acce80f2cec4d2e1ea7c8481f0dd89344feb2f,0,0,0
main-0210,practice_generator,af2f6a15add41436,v4,ended,user_exit,18,5880.108163,5880108163,12,21155.540790019015,262,21,9,252,12,True,,0.049730999999994197,0.05209012498380616,490.00901358333334,8,1617.2372379999997,267fd0ffaf06669bdeb746b1145302083bb0227776ba5590517e7158a0098db0,0,0,0
main-0210,practice_generator,af2f6a15add41436,v5,ended,user_exit,18,5599.154211,5599154211,12,20035.771033803732,255,16,4,245,12,True,,0.9197350000000029,0.9589262089866679,466.59618425,8,1617.1696040000002,672f5da3938787a193b065885a91f1445b88e22c6a0ca8c66397e78899007b3b,0.7620466249645688,0,0
main-0210,practice_generator,af2f6a15add41436,v6,ended,user_exit,17,5641.709989,5641709989,12,20268.54992205485,253,21,9,236,12,True,,0.6539399999999915,0.6779830830055289,470.14249908333335,8,193.96096000000034,3f7dc7b7e9a6f5d310655ecc321af05babc151a1665fd5a13eedc4acc04a39bb,0.38958958702278323,10,2
main-0211,practice_generator,a2e4606fbad04d66,v5,ended,user_exit,11,5835.472962,5835472962,13,20022.364800692154,296,14,1,283,13,True,,0.6245090000000033,0.6463315000000875,448.8825355384615,4,0.0,59e06f9ca58f23a402ea0125f3f2e9fe0115b707767a2e10b6308bfd6cfc8a25,0.4649017490155529,0,0
main-0211,practice_generator,a2e4606fbad04d66,v6,ended,user_exit,11,5941.12562,5941125620,13,20215.628097010278,307,16,3,289,13,True,,1.0242199999999997,1.0456660000199918,457.00966307692306,4,0.0,2250fb14e87b84c32f2a87f89cd2a3dd4bc8608c8342345aaf7df1fd71021bc9,0.7882805439876392,13,1
main-0211,practice_generator,a2e4606fbad04d66,v4,ended,user_exit,11,5899.56104,5899561040,13,20277.80520595089,297,16,3,285,13,True,,0.03700899999999763,0.038124958984553814,453.81238769230765,4,0.0,352b17ce8663405f0eb5f03e9cc52b35b6d5272e2e1d9771eb27239e9a39d72e,0,0,0
main-0215,practice_generator,ede069fe23560383,v6,ended,user_exit,18,5593.92959,5593929590,11,20189.64793606635,251,14,3,237,11,True,,0.20710499999999854,0.2155992080224678,508.53905363636363,2,424.4857579999998,2ef8d149f13704e3e2b43c6104e2a002caef5797849f60de8f585363167fa3a3,0.021910500014200807,4,0
main-0215,practice_generator,ede069fe23560383,v4,ended,user_exit,18,5632.07462,5632074620,11,20465.37308746718,249,12,1,236,11,True,,0.03079600000000937,0.03127587502240203,512.0067836363637,2,424.302815,40f650d5a278366d76b407654b1df28bc15106fdaca44dfdda40c318d0db1285,0,0,0
main-0215,practice_generator,ede069fe23560383,v5,ended,user_exit,18,5649.30519,5649305190,11,20566.52593892632,249,11,0,236,11,True,,0.22129400000000032,0.22602787500363775,513.573199090909,2,424.47800499999994,9202a4aee969963cdb32bd40a191af2abef7c53b1a62458e39ead05444361e37,0.12139266502344981,0,0
main-0214,practice_generator,6201cff8db4906f8,v5,ended,user_exit,8,5313.132341,5313132341,16,20905.661696227722,169,32,16,159,16,True,,0.9148100000000028,0.9348468329990283,332.0707713125,10,0.0,f26aa6a280116809509b9debe08638a21597299362c37174eac88210086e3ff6,0.7669802908203565,0,0
main-0214,practice_generator,6201cff8db4906f8,v6,ended,user_exit,2,5336.706065,5336706065,16,20703.530333682374,179,34,18,167,16,True,,0.7703740000000039,0.7930961250094697,333.5441290625,10,0.0,9524a3a51c787dd78b5c897f866643199a543887a26cff6ac92ec547aabc638e,0.48935137400985695,12,4
main-0214,practice_generator,6201cff8db4906f8,v4,ended,user_exit,8,5347.023454,5347023454,16,20770.11725472448,177,36,20,168,16,True,,0.0373170000000016,0.03823983299662359,334.188965875,10,0.0,031bcd287e9204299f3a6d93a9a98adf72799a4bc35d0db5874144bed9ec94b4,0,0,0
main-0213,practice_generator,d166c4c8f0422ffe,v4,ended,user_exit,19,5981.774237,5981774237,15,22603.871181493563,228,27,12,210,15,True,,0.038235999999997716,0.039706583018414676,398.7849491333333,12,546.1884149999996,4b9cfc38fe312c4481beb6b9be88d8be5f403e98a3480428e72442f1ff31a14e,0,0,0
main-0213,practice_generator,d166c4c8f0422ffe,v5,ended,user_exit,19,5978.717658,5978717658,15,22398.58825811448,224,47,32,208,15,True,,1.472650999999999,1.5137233749846928,398.58117719999996,12,546.1884149999996,7d6b876378be7b58416eb355c99f5e62b9c99d5e2fb0c29eacc6b2d09e658dab,1.3667478770075832,0,0
main-0213,practice_generator,d166c4c8f0422ffe,v6,ended,user_exit,10,5977.373578,5977373578,15,22416.867873957104,227,39,24,212,15,True,,1.1407389999999964,1.1757680410228204,398.4915718666667,12,548.1375330000001,f4d266016ca43208f287e6d8d3188a630708fbb44a6fd2f937c8c5a7158bcb4d,0.9667992510076147,9,1
main-0212,practice_generator,b39ab1d0d0d11ef3,v6,ended,user_exit,17,6291.721654,6291721654,15,24703.608264963492,211,24,9,194,15,True,,1.4066729999999978,1.4458471249963623,419.4481102666667,15,82.38565199999994,68fb65e5a84b1879435ed374ca43cde16eb876c03da87ff57c15e7d642db5637,1.1443087889638264,8,5
main-0212,practice_generator,b39ab1d0d0d11ef3,v4,ended,user_exit,15,6234.118775,6234118775,15,23990.593858162123,224,25,10,211,15,True,,0.04987799999999254,0.05163745800382458,415.6079183333333,15,0.0,c2e88adc957ac5e4db4a4694342831dc2fa019e213567af8b9b71f3ceba378bf,0,0,0
main-0212,practice_generator,b39ab1d0d0d11ef3,v5,ended,user_exit,18,6461.097358,6461097358,15,25530.486783007433,212,23,8,196,15,True,,1.8215239999999966,1.8851204579987098,430.73982386666665,15,0.0,36480bd1b3b6e26b0fdc2a5d92673dd44e5f0c071a69a58a50ec3e056e7effe2,1.6777678320650011,0,0
main-0217,practice_generator,eeb9736fb0e5785e,v5,ended,user_exit,14,5340.470003,5340470003,13,20157.350012383635,208,15,2,198,13,True,,0.5163600000000059,0.5336260409967508,410.80538484615386,1,1324.2906930000004,5425bf4214bb305f5019fc0255f7ef0e9ee889ca5fecb9a06737518d3836b40f,0.40925404298468493,0,0
main-0217,practice_generator,eeb9736fb0e5785e,v6,ended,user_exit,19,5328.708356,5328708356,13,20123.541774880956,208,14,1,196,13,True,,0.5137260000000055,0.5354234580008779,409.9006427692308,1,1324.226283,2608a41f523288c457cfbcba00cff37045119fe7990393d2a6d69010f8de6b78,0.31291087600402534,7,0
main-0217,practice_generator,eeb9736fb0e5785e,v4,ended,user_exit,14,5441.81548,5441815480,13,20679.077382390875,207,17,4,194,13,True,,0.03902399999999773,0.039817415992729366,418.6011907692308,1,1324.290693,a8a85cb7e0af98269efba15b7d73a9bee20f7965171a5b3d97ea36e210b836e0,0,0,0
main-0218,practice_generator,f8bf2a5660936a38,v6,ended,user_exit,19,5514.049557,5514049557,13,20065.24777499015,240,16,3,227,13,True,,0.29796799999999735,0.31019358299090527,424.15765823076924,2,447.63167000000067,a9556766994d3dbf59af8e27f7127c5375e503239b86909c6a82effafeeedca7,0.07501370797399431,8,1
main-0218,practice_generator,f8bf2a5660936a38,v4,ended,user_exit,19,5570.725462,5570725462,13,20278.62731828512,240,21,8,226,13,True,,0.039995000000004666,0.04108041699510068,428.51734323076926,2,580.7766600000004,032e2cf0256d8d8a246576f097a9edae30657f8640479f3e7d64d0ce135f4658,0,0,0
main-0218,practice_generator,f8bf2a5660936a38,v5,ended,user_exit,18,5536.42881,5536428810,13,20482.14406169562,229,18,5,215,13,True,,0.24276100000000156,0.24975620899931528,425.8791392307693,2,197.09846900000048,c2c44e4f3c9a7ec013ab06312b18de37d6b3db1ad52ae9a5702262e62c831817,0.09682424998027273,0,0
main-0216,practice_generator,98ad520bef6192cf,v4,ended,user_exit,17,6016.297562,6016297562,12,21286.487807955087,283,17,5,269,12,True,,0.03517399999999782,0.03633216701564379,501.3581301666666,9,279.42119399999956,aaadee707beef508f98a2237b08215a330d49050c922842845891e211c91afeb,0,0,0
main-0216,practice_generator,98ad520bef6192cf,v5,ended,user_exit,17,5999.524028,5999524028,12,21202.620139924813,283,17,5,269,12,True,,0.5108100000000064,0.523180958989542,499.96033566666665,9,279.42119399999956,0abcf1f62449c4d07cd90a099400d4ec0cf057e7d3405f1bf8ac40096f6ce728,0.3779159159748815,0,0
main-0216,practice_generator,98ad520bef6192cf,v6,ended,user_exit,17,6044.327801,6044327801,12,20881.638991669795,300,20,8,284,12,True,,1.0233929999999987,1.0622360830020625,503.6939834166667,9,380.08186300000034,1af5046477d2ed46f40771565febbfccf7f76845d2ad39000149ed2418dce5fe,0.8617663329932839,13,1
main-0219,practice_generator,79099c706df1127f,v4,ended,user_exit,20,5883.191756,5883191756,12,22010.958759641777,231,28,16,218,12,True,,0.03844999999999743,0.039324874989688396,490.2659796666667,7,1083.438478,9d3f467aafb5cffe84550c7e616454875c96cad96008bb7a44a3fa3e9848e401,0,0,0
main-0219,practice_generator,79099c706df1127f,v5,ended,user_exit,18,5624.811338,5624811338,12,20599.05669426343,238,21,9,228,12,True,,0.37797700000000134,0.38960166700417176,468.7342781666667,7,843.3594700000003,47b38d7e9cfcc0dc48dbaf91cf0280dde967696f8c2caf4a5b9f4ec3b1c19d1e,0.26596325196442194,0,0
main-0219,practice_generator,79099c706df1127f,v6,ended,user_exit,18,5608.892212,5608892212,12,20494.4610497261,239,22,10,225,12,True,,0.3976199999999892,0.4075645840202924,467.4076843333333,7,842.9249289999998,b045362910063bf4ae5ce62dd7ae095153b2e83d2bfd13859b3932f791e98bb3,0.20716204206109978,9,2
main-0220,practice_generator,ba10810bc6ae4784,v5,ended,user_exit,20,5581.179584,5581179584,12,19985.897918713916,254,16,4,242,12,True,,0.3470870000000019,0.3616172909969464,465.0982986666667,7,132.10240800000065,ab50874eb6aaf518d8edddacb84679f91299f3ddafcf4eba1bdae53d8c5870a6,0.24616266597877257,0,0
main-0220,practice_generator,ba10810bc6ae4784,v6,ended,user_exit,20,5543.824364,5543824364,12,19914.121814709953,252,12,0,241,12,True,,0.25733600000000934,0.2621898330107797,461.9853636666667,7,129.9466169999996,809b27cb1a9af99603aa467bcf1e8bea5d8be04b00d18988c3521437f84e6b3e,0.08651546001783572,6,1
main-0220,practice_generator,ba10810bc6ae4784,v4,ended,user_exit,20,5574.028156,5574028156,12,19955.140775998156,254,16,4,241,12,True,,0.028576000000001045,0.02881625000736676,464.5023463333334,7,132.10240800000065,96748f9ad012e768982a7c2c0db7f783c25f2433841d40834c0b82749a244390,0,0,0
main-0222,practice_generator,5195571ebed1187b,v4,ended,user_exit,19,6215.007018,6215007018,10,21520.035084012452,307,21,11,293,10,True,,0.029696000000001277,0.030177540989825502,621.5007018,6,874.5978869999999,2679ff847e87ead9071a0cfa0b889722a39d0340f0aa04ac567990e8759ac574,0,0,0
main-0222,practice_generator,5195571ebed1187b,v5,ended,user_exit,19,5923.797125,5923797125,10,20343.98560361979,301,14,4,288,10,True,,0.674311000000003,0.6972162919992115,592.3797125,6,874.5978869999999,53193a849fd518c2625957f401cd944ad123452e1a6fcf29ece7f5c17d578ab1,0.5828777490241919,0,0
main-0222,practice_generator,5195571ebed1187b,v6,ended,user_exit,20,6241.081027,6241081027,10,21195.405117912094,319,28,18,303,10,True,,0.48340899999999465,0.4909099159995094,624.1081027,6,238.42599100000007,41dd0c58cc99333397b80b6e25bab0f3882be676350b45099a20129dc50002be,0.32021808504941873,10,3
main-0221,practice_generator,2b6866a6e3e70c91,v6,ended,user_exit,18,5833.414487,5833414487,13,21627.072422490717,236,27,14,221,13,True,,0.6827069999999935,0.6979146670200862,448.7241913076923,9,579.2052439999998,70c42566e7fd8ae9f2a5fd5dac063984c88fbcc20756ebafc566530ac9c85e98,0.5400371250580065,9,1
main-0221,practice_generator,2b6866a6e3e70c91,v4,ended,user_exit,18,5854.765229,5854765229,13,21748.826146380663,233,32,19,218,13,True,,0.03288299999999822,0.03380183401168324,450.3665560769231,9,581.5931049999999,38ad70771dce595d8938478fd4fddad06c35903859a5096ee2f5100102d9e851,0,0,0
main-0221,practice_generator,2b6866a6e3e70c91,v5,ended,user_exit,18,5824.165568,5824165568,13,21610.82783494692,233,31,18,218,13,True,,0.5444110000000109,0.5525992079928983,448.012736,9,581.5931049999999,5534c94e787f4670651ae8fb163ab1757781896e16e0be576d02f4cc35eaae7b,0.44284208500175737,0,0
main-0226,practice_generator,fd159a4a15331283,v5,ended,user_exit,2,5190.821197,5190821197,16,19939.10597488632,187,19,3,179,16,True,,0.6047800000000052,0.6145890830084682,324.4263248125,7,0.0,72b69125a17e6408aec43fbcda14f9c9b62f321f3ca7adb1c20cd2c5a7b7d7d5,0.4672780430119019,0,0
main-0226,practice_generator,fd159a4a15331283,v6,ended,user_exit,13,5558.370356,5558370356,16,21491.851751162503,194,25,9,183,16,True,,0.526637000000008,0.5345802080119029,347.39814725,7,0.0,878f0dd7fce914cf0936b0cf2f3a3ba760ecce27f4fd4dad41b23546dcc1ffe0,0.29435921303229406,12,0
main-0226,practice_generator,fd159a4a15331283,v4,ended,user_exit,2,5199.561512,5199561512,16,19967.807548157463,187,20,4,179,16,True,,0.03353599999999801,0.0340189169801306,324.9725945,7,0.0,98454d58a4772661da9dc556ba34d7e2d8be1cc9683c8992c154d8f2c650098a,0,0,0
main-0225,practice_generator,40661764a6f60d60,v4,ended,user_exit,13,6340.544139,6340544139,12,23492.72069127393,259,27,15,242,12,True,,0.03937799999999925,0.04006249998928979,528.37867825,8,121.46392899999955,82425dd95947e712cb7e90a1f743693191732e0ce3825ff833e305ecb5087c76,0,0,0
main-0225,practice_generator,40661764a6f60d60,v5,ended,user_exit,17,5786.52134,5786521340,12,20837.606688312768,257,24,12,238,12,True,,0.6568900000000042,0.6677787500084378,482.2101116666667,8,121.56286400000045,7169f2d83fd4f212f7d04f709ee1ae227e04597bdbee6e2a836df2c2cf165edd,0.5053235829400364,0,0
main-0225,practice_generator,40661764a6f60d60,v6,ended,user_exit,13,5815.859326,5815859326,12,21269.2966123742,248,21,9,235,12,True,,0.6220339999999993,0.6312796250276733,484.65494383333333,8,851.7772639999994,14e25054875a566ca1e92debd575de4b3487d95d2339969e5d12f39e93c76e9f,0.4351360819709953,5,3
main-0224,practice_generator,0448773687f3b006,v6,ended,user_exit,17,5923.526989,5923526989,15,21177.634915674047,267,25,10,248,15,True,,1.007048999999995,1.0228734999836888,394.90179926666667,10,528.0549579999997,64de68feb3c2da2fc86d73553b4ebc9cfdaf3c2a74705804c604bfd1da5d884a,0.738894874957623,12,3
main-0224,practice_generator,0448773687f3b006,v4,ended,user_exit,17,5947.883992,5947883992,15,21629.4199469471,256,23,8,243,15,True,,0.03807399999999461,0.038589834002777934,396.5255994666667,10,136.4641190000002,05316f6da5862024ce5fee9fdd351eb1f411761d2a0cd28f1476ccc538a160ee,0,0,0
main-0224,practice_generator,0448773687f3b006,v5,ended,user_exit,17,5935.950956,5935950956,15,21724.75478443225,248,29,14,234,15,True,,1.1134019999999936,1.1309397089935374,395.73006373333334,10,135.94033599999966,af73dcb98e42a8fb03dec46f93839a4d58f2b8c150d5e2369695cee9dc403ef2,0.9735305829963181,0,0
main-0227,practice_generator,b5fbe9f54b500d82,v6,ended,user_exit,11,5148.299429,5148299429,13,18776.497133295314,221,18,5,208,13,True,,0.32876600000000167,0.3340162499807775,396.023033,2,1585.4813619999995,d4cf1e6d80595c73f7d9d0626e37b42c5f5d919814dd3acc108a7447d50e6465,0.11085924998042174,7,1
main-0227,practice_generator,b5fbe9f54b500d82,v4,ended,user_exit,12,5306.800401,5306800401,13,19624.001984213308,220,16,3,208,13,True,,0.03412500000000307,0.03485333299613558,408.2154154615385,2,97.90602800000033,93d5c4b6986d6120c8b7971b0e8ce4ce3ec8c7455fe9d3a1398003f465226ef7,0,0,0
main-0227,practice_generator,b5fbe9f54b500d82,v5,ended,user_exit,12,5306.045678,5306045678,13,19635.228374334783,220,15,2,208,13,True,,0.19621499999999514,0.1993126249872148,408.1573598461539,2,97.90602800000033,6068b82160737ef8f414263ec9e7b5ac0e239a3b6426eb04114959916a5c5234,0.07299078998039477,0,0
main-0228,practice_generator,eeeec7d22686dc15,v4,ended,user_exit,8,4913.83279,4913832790,16,18989.1639415594,171,22,6,163,16,True,,0.03907099999999275,0.0398510420054663,307.114549375,2,0.0,175f65e15ae981aba2e65f8b3b5008c18c67f222e1bc89634533a3438a004ab8,0,0,0
main-0228,practice_generator,eeeec7d22686dc15,v5,ended,user_exit,20,5100.477298,5100477298,16,20277.386482200374,160,20,4,153,16,True,,0.5457109999999972,0.5565050839795731,318.779831125,2,0.0,bd4699d9e577e9c7eae1740595f79dc83efb5f12c9f7e0f65131b8b22a671246,0.3923447919951286,0,0
main-0228,practice_generator,eeeec7d22686dc15,v6,ended,user_exit,2,4288.424882,4288424882,16,16542.12440511057,150,19,3,141,16,True,,0.3716879999999918,0.38218862502253614,268.026555125,2,0.0,99766af2d87ed36adf920dd3b896467197e4bccb7decff09a510061f18ea2e0e,0.07531700097024441,10,1
main-0230,practice_generator,9de8deb0f4f0d506,v6,ended,user_exit,17,5744.424792,5744424792,10,19792.12393526794,290,14,4,274,10,True,,0.38339500000000726,0.39226112500182353,574.4424792,4,0.0,94f6a54b083b795b0dc421010a9c125e3fc02fe37aedc23352dd39f8a64a4d7f,0.21764679098851047,8,3
main-0230,practice_generator,9de8deb0f4f0d506,v4,ended,user_exit,20,5579.944748,5579944748,10,19494.723732846767,274,10,0,261,10,True,,0.03194100000000333,0.03291633300250396,557.9944748,4,176.7152470000001,3e5d491867cd2f6c917a396d9490bf9b8282ba416c47549c28138ea1745d9269,0,0,0
main-0230,practice_generator,9de8deb0f4f0d506,v5,ended,user_exit,20,5833.889116,5833889116,10,19879.445578864113,301,15,5,288,10,True,,0.39555099999999754,0.4033230830100365,583.3889116,4,176.7152470000001,e9207fdfb26cb3417e083417c46ccc954dea2388a4ec6fc66a5b7107a03869e2,0.29336974999750964,0,0
main-0223,practice_generator,e7b7e948566a9803,v5,ended,user_exit,19,6324.938671,6324938671,14,22889.693330734182,275,28,14,260,14,True,,1.9192999999999927,1.9510446659987792,451.78133364285713,13,640.2426619999997,5c2ae2e8a38022e2058cfcbe9eb867a11e55148dcc261eb95ad0181415646176,1.7747599180147517,0,0
main-0223,practice_generator,e7b7e948566a9803,v6,ended,user_exit,19,6560.671269,6560671269,14,23273.356287788065,299,35,21,278,14,True,,1.5136389999999977,1.5447927079803776,468.61937635714287,13,0.0,563afd57a12cd2f2dd9321a6e933a0233959586b9cfc33b164e9dd8d6dfe5986,1.224117164965719,16,3
main-0223,practice_generator,e7b7e948566a9803,v4,ended,user_exit,19,6685.108983,6685108983,14,24210.544908837473,289,33,19,271,14,True,,0.04355499999999779,0.04436437500407919,477.5077845,13,640.2426619999997,67162aa6e2d23dc2cc5003bf7765c093e9ddf4face76ac82616e0bdc1439510a,0,0,0
main-0231,practice_generator,c0d95793c5f36440,v4,ended,user_exit,19,5842.78916,5842789160,10,20428.94579457934,284,17,7,266,10,True,,0.031141000000005192,0.03182674999698065,584.278916,2,631.9642979999999,aa626b5d2a6831dcff68132e2ecad021ae62d89cde4d39370a9008589d23fe24,0,0,0
main-0231,practice_generator,c0d95793c5f36440,v5,ended,user_exit,19,5895.494803,5895494803,10,20612.47399066065,283,25,15,263,10,True,,0.5994129999999984,0.6159427500097081,589.5494802999999,2,631.9173419999997,cfe50906cb3103f086126d70b06f03ecb5cbc2dc71457800dcaf3ff32a48fabf,0.5064106250065379,0,0
main-0231,practice_generator,c0d95793c5f36440,v6,ended,user_exit,19,5900.915759,5900915759,10,20484.57876663174,288,25,15,269,10,True,,0.5264470000000046,0.5380766250018496,590.0915759000001,2,631.9173420000006,11d79da313299ec933fae993fef103cf23d779bd3a4c297d13a2aad27cc5eb2c,0.37793991799117066,5,1
main-0233,practice_generator,09a62ca38f964e75,v6,ended,user_exit,19,5866.362666,5866362666,10,20126.813302231574,294,23,13,282,10,True,,0.39362800000000675,0.4064320829929784,586.6362666,9,730.7392719999998,0cdec12745b94115c4b3d6b13e89a39f3e52b4e48c04b674db41cd1ec830e709,0.2410984160087537,7,2
main-0233,practice_generator,09a62ca38f964e75,v4,ended,user_exit,19,5764.393106,5764393106,10,19861.965521299004,286,22,12,276,10,True,,0.03032699999999977,0.032643833983456716,576.4393106,9,732.6447200000002,edf4ca49bef29bd72962f6bdd079f5dca9f9778d55608fb2b1a2fdffe5d22f63,0,0,0
main-0233,practice_generator,09a62ca38f964e75,v5,ended,user_exit,19,5754.738326,5754738326,10,19818.691615622804,288,17,7,280,10,True,,0.4742480000000029,0.48084341699723154,575.4738325999999,9,732.1719979999998,f1c6f789b485968dd06aa5bf88411bea243b0fa414b5f51918cb82c2e85fb45b,0.36749504393083043,0,0
main-0229,practice_generator,c69a51e5d5f4799a,v5,ended,user_exit,16,6208.133596,6208133596,15,23810.66799871035,221,33,18,212,15,True,,1.3133510000000115,1.3411304999899585,413.8755730666666,15,376.19153800000004,77c21f4e4c8e19cd959edcf42b397904c8e5240feb48069aaa6f7f4e476650c6,1.1813969569921028,0,0
main-0229,practice_generator,c69a51e5d5f4799a,v6,ended,user_exit,16,6123.024326,6123024326,15,23365.121627462795,222,33,18,211,15,True,,0.9500470000000121,0.9762847920064814,408.2016217333333,15,376.19153800000004,d354d338d44e91f304c429cd52c8113a4fd11e9a63f7946a6beda9111e2fc44f,0.7244818360486533,9,1
main-0229,practice_generator,c69a51e5d5f4799a,v4,ended,user_exit,16,6248.958274,6248958274,15,23939.791368108516,222,36,21,213,15,True,,0.0446409999999986,0.04553624999243766,416.59721826666663,15,376.2066909999994,f93ebd8d6b35311509ede161de2d070927fd3786c8a2c567bc964e6a4cbe7779,0,0,0
main-0232,practice_generator,cfe22d5e16dc3420,v5,ended,user_exit,18,5837.562823,5837562823,13,21242.814091777902,253,21,8,235,13,True,,1.052699000000004,1.0756405839929357,449.0432940769231,10,1062.1573090000002,057bb3206f991a44544761854596faa0068e6373d9dc7f16af4433a72116f264,0.9011208330630325,0,0
main-0232,practice_generator,cfe22d5e16dc3420,v6,ended,user_exit,19,5964.767664,5964767664,13,22363.83828755355,236,22,9,220,13,True,,0.8547129999999896,0.8693960829987191,458.82828184615386,10,362.02790300000015,edc48f075413bf0b0653dbf15c86f06200cd1b4750d3582e313c6ecd436f0e55,0.6367489179538097,10,2
main-0232,practice_generator,cfe22d5e16dc3420,v4,ended,user_exit,18,6005.038541,6005038541,13,21780.192696533035,260,26,13,245,13,True,,0.03974799999998879,0.04047075001290068,461.92604161538463,10,1062.20813,6e88abbb88ab727ad38be5bbdc820e99a49f9d1c5b56af51f786a4631073cf2e,0,0,0
main-0234,practice_generator,42ec06a4c3a6c47a,v4,ended,user_exit,19,5905.3711,5905371100,11,20901.855501432718,276,20,9,263,11,True,,0.032477999999997564,0.03294791700318456,536.8519181818182,10,150.5107969999999,5adb165e846b823036f9cdfde46be996f24e06d144b1dca034dc703c1d38c2e4,0,0,0
main-0234,practice_generator,42ec06a4c3a6c47a,v5,ended,user_exit,19,5889.176516,5889176516,11,20800.882585806416,276,21,10,264,11,True,,0.7387620000000084,0.753485916997306,535.3796832727273,10,151.17370000000028,4f224b0f419842b2d552461258a12e2bbec80766ea8bbe5dde413bf389f1702c,0.6520347059995402,0,0
main-0234,practice_generator,42ec06a4c3a6c47a,v6,ended,user_exit,19,6143.918545,6143918545,11,21779.592719343844,288,18,7,272,11,True,,0.6849990000000048,0.6954674159933347,558.5380495454546,10,151.35002900000018,4a102e7d372830c5303d2e777ca82d1e4a46c8e9159f122e8636e996abfe82b3,0.468061374995159,11,1
main-0238,practice_generator,2c9b33d63d3a197d,v5,ended,user_exit,20,5693.169454,5693169454,14,20995.847268091395,230,34,20,214,14,True,,0.6934110000000118,0.7040395840012934,406.654961,9,1035.5292229999995,6be6782f618e3ef5e4bf516de56c02b00779c1d91b0b2d5897a535e73e52dbbe,0.557468751037959,0,0
main-0238,practice_generator,2c9b33d63d3a197d,v6,ended,user_exit,20,5700.419159,5700419159,14,20952.095789019968,238,24,10,220,14,True,,0.9181349999999924,0.9604179169982672,407.1727970714286,9,1036.9791400000004,83bcc08290304282f2e11f9d8dbf23d065635cd6ad63bcc68b887889c5bf47cb,0.6604289580427576,5,1
main-0238,practice_generator,2c9b33d63d3a197d,v4,ended,user_exit,20,5917.706384,5917706384,14,22043.531930010256,235,28,14,222,14,True,,0.04245000000000232,0.04371662501944229,422.69331314285716,9,1035.5292230000005,8c03a0470da9892f8bdda15047c4f49abe4745420ea7b45ac3a37ef052408c14,0,0,0
main-0236,practice_generator,d3d7011767f11784,v6,ended,user_exit,18,6347.755745,6347755745,12,23028.77870689445,281,18,6,259,12,True,,1.4430150000000026,1.4629767920123413,528.9796454166667,10,410.388833,203a9256d5d75e0a5631e6297c7b47ea2b5e65855672607d5bfe3abb6537a917,1.3252171260246541,10,6
main-0236,practice_generator,d3d7011767f11784,v4,ended,user_exit,19,6230.441003,6230441003,12,22152.205015239488,282,32,20,270,12,True,,0.02870699999999715,0.029061665991321206,519.2034169166667,10,226.34527999999955,3f5cf45eee5ff8f2153e25c58a6b29bcf6b11f0dfd82b2c0a0040eeebcd3273a,0,0,0
main-0236,practice_generator,d3d7011767f11784,v5,ended,user_exit,18,6164.741118,6164741118,12,22138.70557375204,277,22,10,262,12,True,,1.4717150000000032,1.527573208004469,513.7284265,10,378.39013799999975,cb303b65d9d63796a9535aa488effe83d3ff26e0be4219de407226747a322a95,1.4217557920492254,0,0
main-0237,practice_generator,30cf99297c943c78,v4,ended,user_exit,5,4547.773028,4547773028,16,17778.865141990205,144,34,18,138,16,True,,0.03522100000000705,0.03596125001786277,284.23581425,9,0.0,7fda76a69bea18d743daf5123b5da1ee31a4b23f2147deee9270c05dc665603c,0,0,0
main-0237,practice_generator,30cf99297c943c78,v5,ended,user_exit,16,6204.158685,6204158685,16,23750.793428384368,229,21,5,214,16,True,,1.2169949999999972,1.236834750015987,387.7599178125,9,0.0,2562d3cd79978d2a9cab59ade89101121e1394ba548ad5440b895b2138cc2c12,1.1056360420188867,0,0
main-0237,practice_generator,30cf99297c943c78,v6,ended,user_exit,6,4774.360815,4774360815,16,18911.80408443749,151,24,8,133,16,True,,1.0679870000000022,1.1147743750188965,298.3975509375,9,0.0,491fb5bc9d096206e9459c95682791ed7cba0084608e1e8317f84177db815a75,0.8706772099831142,8,2
main-0239,practice_generator,b477afd238a34feb,v6,ended,user_exit,14,5293.200101,5293200101,14,20011.000492995252,205,17,3,187,14,True,,0.6171899999999937,0.63567741701263,378.08572150000003,4,934.5030670000006,fc63f4051f6c627bf2f899060a671277e8df85269461465db6e90a8b738e221d,0.38134641700889915,3,0
main-0239,practice_generator,b477afd238a34feb,v4,ended,user_exit,14,5267.096456,5267096456,14,19905.4822733969,205,15,1,188,14,True,,0.039028999999999314,0.03985349999857135,376.2211754285714,4,934.412977,e6d167c469ceb1b76dba6ebfb85418ae285b5055ad34e8a360d3c7c228c6e43b,0,0,0
main-0239,practice_generator,b477afd238a34feb,v5,ended,user_exit,14,5268.262575,5268262575,14,19986.312850986775,202,16,2,185,14,True,,0.5192969999999946,0.5330643749912269,376.3044696428571,4,934.412977,45adc7e4c8296e88335e98181c7ca4c162ee5a73fe64d55037b249f6816b6563,0.3911052501061931,0,0
main-0235,practice_generator,5edc21a7f7d5823a,v5,ended,user_exit,2,6395.050885,6395050885,16,23955.254427806052,246,39,23,225,16,True,,1.9995880000000028,2.0316393749963026,399.6906803125,15,0.0,fa18eda2fb8aa990db88102fdbfca78738b9fcfd4b50201a04a16a277ee6afa3,1.9391348739736713,0,0
main-0235,practice_generator,5edc21a7f7d5823a,v6,ended,user_exit,11,5962.334908,5962334908,16,20966.67453367976,276,35,19,252,16,True,,2.5266620000000017,2.6109543329803273,372.64593175,15,0.0,564322efdd3849838aba8d5267fb00c592ef099d81fc8bab17870ab2f5f6f3b9,2.3379354589560535,13,6
main-0235,practice_generator,5edc21a7f7d5823a,v4,ended,user_exit,2,6377.993849,6377993849,16,23959.96924109243,244,36,20,226,16,True,,0.031645999999994956,0.031811959022888914,398.6246155625,15,0.0,d488eacbb6dcb08a61326ddd13772bf57db08459b54db37b80ff460d29d3a68d,0,0,0
main-0240,practice_generator,9db61721e85f9396,v4,ended,user_exit,4,4619.036622,4619036622,16,17640.183101997558,163,29,13,157,16,True,,0.03868400000000349,0.03940291699836962,288.689788875,13,0.0,c7d7729ab9ffb1343685893df27be6e2a0bb01eeb3db72970967963ede2fe33d,0,0,0
main-0240,practice_generator,9db61721e85f9396,v5,ended,user_exit,4,4563.257485,4563257485,16,17311.287421199282,164,30,14,159,16,True,,1.1410730000000058,1.1707066250091884,285.2035928125,13,0.0,6b76917d04d42189fb9551a8c23efb94113beba16d31be9542b00a4fbbd01099,0.9815490820328705,0,0
main-0240,practice_generator,9db61721e85f9396,v6,ended,user_exit,4,4616.037028,4616037028,16,17470.185103487995,169,28,12,161,16,True,,1.0382939999999934,1.0536514169943985,288.50231425,13,0.0,7007076db594d7bbde594e2246c24c310aea22aba4cc4946c1f0de977ff7a6eb,0.7893476669560187,13,0
main-0241,practice_generator,6ca729ee743acf1d,v5,ended,user_exit,18,5987.222436,5987222436,14,22466.112181076714,235,24,10,219,14,True,,0.9549219999999963,0.9778587080072612,427.6587454285714,9,217.20958900000005,b585d6c46c00d73c628581cff9e718d5631fab0ff0df600d23459043329cc304,0.8686550859711133,0,0
main-0241,practice_generator,6ca729ee743acf1d,v6,ended,user_exit,18,6052.725554,6052725554,14,22628.62774988329,238,29,15,222,14,True,,1.1504990000000106,1.1696152919903398,432.3375395714285,9,217.81220099999973,583cce6d5ee5c6342fada00d7499510453508c795cf1d5e8edd0867a7ccb7d55,1.0059336680278648,5,0
main-0241,practice_generator,6ca729ee743acf1d,v4,ended,user_exit,18,5979.55839,5979558390,14,22487.79194347409,234,21,7,221,14,True,,0.03041400000000749,0.031079292006324977,427.1113135714286,9,220.06261799999993,908d52e5c7a451251a3d2dd5338ed000851f418fa16ae4a814732f96d7b5c8cb,0,0,0
main-0245,practice_generator,ad4681c7f029e1e1,v6,ended,user_exit,18,5477.85024,5477850240,13,19749.251197536843,245,15,2,232,13,True,,0.2518390000000039,0.2567390830081422,421.37309538461534,2,192.7867809999998,640b7abfed3e5d3e00dd09f9a20d845be53f7932554825cc6ef879170ff03321,0.02467341595911421,7,0
main-0245,practice_generator,ad4681c7f029e1e1,v4,ended,user_exit,17,5568.062589,5568062589,13,20215.312942269586,244,16,3,231,13,True,,0.034049999999993474,0.03472716698888689,428.31250684615384,2,190.82827300000008,49e37739faca27b8b845693181a7960fe34b9125a6813535f58acd351d903ee4,0,0,0
main-0245,practice_generator,ad4681c7f029e1e1,v5,ended,user_exit,17,5486.696837,5486696837,13,19838.48417688153,243,16,3,230,13,True,,0.5750740000000008,0.5878447920258623,422.05360284615386,2,190.82827300000008,3d3085d24edd4421aa1cc9b6cad1adbf1f282bef0bc2cd109dce2ec9acba73b9,0.4312404999509454,0,0
main-0243,practice_generator,605ee89c71db0013,v4,ended,user_exit,16,5720.472555,5720472555,12,20337.362759105155,259,29,17,247,12,True,,0.031441999999998416,0.032059916004072875,476.70604625000004,9,69.95565200000055,7018dff5d3cb9ad6ada7dc53e3cfa675967230147d429343ac19db1e3275108b,0,0,0
main-0243,practice_generator,605ee89c71db0013,v5,ended,user_exit,16,6153.627415,6153627415,12,22298.13708453978,265,32,20,249,12,True,,0.9579820000000012,0.9745650000113528,512.8022845833333,9,144.29554300000018,8124de04effd1770d30fcef3811b08ea19805ff472140e5a172935c0f44289aa,0.8754709589411505,0,0
main-0243,practice_generator,605ee89c71db0013,v6,ended,user_exit,15,5998.306747,5998306747,12,21566.533722668617,268,23,11,252,12,True,,0.8328360000000004,0.8494889160210732,499.8588955833333,9,144.65522899999996,14c1d170f8f07955cb1383839eb46a408a52b339673ae0f1020551543f8b801e,0.6789924160111696,7,1
main-0242,practice_generator,5b4db579d20e585b,v6,ended,user_exit,18,6242.01153,6242011530,14,22505.057628543524,277,23,9,259,14,True,,1.1361890000000017,1.1559257920016535,445.8579664285714,12,124.51478299999962,c0e0c9eaf32a84edd861882b5d636da5f790e9d84f67dab3ecff17e70efce127,0.9289930429949891,16,1
main-0242,practice_generator,5b4db579d20e585b,v4,ended,user_exit,18,5803.963382,5803963382,14,21004.816897580386,252,26,12,237,14,True,,0.031868000000002894,0.03208087501116097,414.568813,12,883.3975460000001,5b7fbe7442e571ae5b2351ba1b564da39fc92a137bf8c1f77355ba670b071ff3,0,0,0
main-0242,practice_generator,5b4db579d20e585b,v5,ended,user_exit,18,5810.71014,5810710140,14,21253.550689728665,246,22,8,236,14,True,,1.217291000000003,1.242558291007299,415.0507242857143,12,883.3975460000001,16886ece2ad523eb225971d1315cb89a7c58552cd6c669a06d766c00019332a7,1.1037501249811612,0,0
main-0246,practice_generator,6601d024088a039d,v4,ended,user_exit,19,5846.347035,5846347035,15,22156.735166616974,218,29,14,208,15,True,,0.03611100000000533,0.03644475000328384,389.756469,7,0.0,9f198b8a774af5bf3df15ffdc96de243589c6f2b0f6f351383957994592b8c8e,0,0,0
main-0246,practice_generator,6601d024088a039d,v5,ended,user_exit,19,5839.067888,5839067888,15,22160.339431017015,217,28,13,208,15,True,,0.3695810000000108,0.37645350000821054,389.2711925333333,7,0.0,68fe0ca9839744a9b603864cf5735f1821295617db5f9d814c6be0b7dd6d44eb,0.22681012499378994,0,0
main-0246,practice_generator,6601d024088a039d,v6,ended,user_exit,20,5733.518919,5733518919,15,21282.594595155155,228,30,15,217,15,True,,0.5127820000000014,0.521844458009582,382.2345946,7,322.5328930000005,65cbafaf6d296fa5671a73f562e1da5701d83eeadf0050f4b459b6dabd96171e,0.2359270399902016,10,2
main-0248,practice_generator,08ab75b198d6ffbb,v6,ended,user_exit,20,5600.415256,5600415256,11,19202.076272430495,280,23,12,269,11,True,,0.32199500000000114,0.32839591600350104,509.12865963636364,4,177.3899449999999,66fe3f1eca6bfbbafcbe477d6200e62d097e29cbbc31e69cda2a215b9caedb5a,0.12963591807056218,7,0
main-0248,practice_generator,08ab75b198d6ffbb,v4,ended,user_exit,20,5637.41346,5637413460,11,19452.067298138427,280,18,7,271,11,True,,0.02710500000000593,0.02744095798698254,512.4921327272727,4,177.0256559999998,b35b7be16bc6a1a41f2842f55dd1d825a49698977f3265cfd547ce1cfec7a9d2,0,0,0
main-0248,practice_generator,08ab75b198d6ffbb,v5,ended,user_exit,20,5581.96383,5581963830,11,19204.819148037193,278,20,9,269,11,True,,0.35992099999999994,0.3666488750022836,507.4512572727272,4,177.0256559999998,99f4ef095aa673df4768026e9a9ca397c2ec7743c7f7d6aea5df45239b3fddb3,0.2407640409655869,0,0
main-0244,practice_generator,d788307565e84cff,v5,ended,user_exit,16,6049.222836,6049222836,12,21491.114154731957,278,23,11,268,12,True,,1.4525879999999916,1.4814122499956284,504.101903,8,193.35894000000008,8c226095cf39202b6634dc946f1a937c37db3972e94409d398b77c6977b570be,1.3924260820494965,0,0
main-0244,practice_generator,d788307565e84cff,v6,ended,user_exit,16,5997.034349,5997034349,12,21155.17172223787,283,20,8,267,12,True,,0.8592939999999913,0.8741903750051279,499.75286241666663,8,192.24921899999936,eef6e5e4fb860a89932c9195c7a34c2cebab61f6e27bb72a27f6f4b6b94e9d61,0.7043670840503182,11,2
main-0244,practice_generator,d788307565e84cff,v4,ended,user_exit,16,6054.783553,6054783553,12,21578.917752966314,278,19,7,268,12,True,,0.027222999999992226,0.02754149999236688,504.56529608333335,8,195.16116200000033,a2fee1b2e45c59ddc6068b2e60af16c38f1f450c857f79f6149f45dc7951e1af,0,0,0
main-0249,practice_generator,be82a1599a494d9e,v4,ended,user_exit,19,5430.900683,5430900683,15,20904.503407709195,196,19,4,183,15,True,,0.03483699999999601,0.035685209004441276,362.0600455333333,4,204.53791300000012,a4125fafdc140183d08d7a13baef5fa7dc8a4ad3a6d8bd48ce606f742e85134c,0,0,0
main-0249,practice_generator,be82a1599a494d9e,v5,ended,user_exit,19,5446.946902,5446946902,15,20954.734508863687,197,19,4,184,15,True,,0.4139469999999932,0.4201302499859594,363.1297934666666,4,205.10724699999992,5c107370beec6bea579c753fac571c1b3efa8863e4968218e672a77f79610ec0,0.28123033497831784,0,0
main-0249,practice_generator,be82a1599a494d9e,v6,ended,user_exit,17,5312.36483,5312364830,15,20741.82413391302,183,16,1,171,15,True,,0.25396999999999537,0.2580764580052346,354.15765533333337,4,282.03571100000045,15e4aa5a999d66ffe6ce131adb324545a6651e92a77baf03c5439a1643ec3b32,0.0505670010461472,6,1
main-0250,practice_generator,365276dff0ba5231,v5,ended,user_exit,16,5615.085074,5615085074,15,21745.425359559813,198,21,6,183,15,True,,0.39048699999999315,0.3962798330176156,374.3390049333333,7,88.26162199999999,96e8f203f71c6de0ef8fd3e275750a585bf8d7cd4cfc5baff8cab3b6807d5e0f,0.24843162597971968,0,0
main-0250,practice_generator,365276dff0ba5231,v6,ended,user_exit,20,5558.905491,5558905491,15,21499.527441866103,196,23,8,180,15,True,,0.31046999999999514,0.3149859999830369,370.59369940000005,7,86.85445200000049,549704f5572b60ce2e19c66c3af0cf76bfbb64cd954d8caa88543e36e192c597,0.07384637498762459,12,1
main-0250,practice_generator,365276dff0ba5231,v4,ended,user_exit,16,5715.151307,5715151307,15,22230.75652755484,198,22,7,183,15,True,,0.03690699999999936,0.03728741701343097,381.01008713333334,7,88.26162199999999,b88569f9c4d6bca89caccfad67ac3c93592164fdc8465ca1874cb74590c3c1b9,0,0,0
main-0247,practice_generator,7f96e1610b10db17,v5,ended,user_exit,16,5920.088578,5920088578,14,22535.44286414954,220,25,11,210,14,True,,1.2111969999999985,1.2329882500052918,422.86346985714283,12,617.1899569999996,47c163facf2c872d9b3470c2f47c5a3d8154161a7b47ac3f4fa1adb124719223,1.0778156250016764,0,0
main-0247,practice_generator,7f96e1610b10db17,v6,ended,user_exit,14,5820.542419,5820542419,14,22227.712073054998,215,24,10,200,14,True,,0.5627660000000105,0.5702875000133645,415.75302992857144,12,615.2463430000007,d95f72718aacddda33b4ed494c6b5040d044d4cdaf277c033107cddb57a729d4,0.3562950410123449,10,3
main-0247,practice_generator,7f96e1610b10db17,v4,ended,user_exit,14,5953.846582,5953846582,14,22919.232903490712,216,19,5,205,14,True,,0.042988999999991506,0.043931459018494934,425.27475585714285,12,615.5981710000005,0bffbbc8a2d9ee44ac3b411305b6a9623ba4b9fc143e1066fadca305bb3fb132,0,0,0
main-0251,practice_generator,782d209cb261b18d,v6,ended,user_exit,20,5627.607715,5627607715,11,19783.03857392551,269,16,5,256,11,True,,0.38209000000000515,0.3874633749946952,511.60070136363635,6,629.8933669999997,d88e02de3221894b682e0e0f3d84b1c89e31b912b7547859ee862943cf8cb470,0.15919308297452517,8,3
main-0251,practice_generator,782d209cb261b18d,v4,ended,user_exit,20,5773.263853,5773263853,11,20671.31924803399,262,19,8,250,11,True,,0.027712000000008175,0.0279142499784939,524.8421684545455,6,629.8933670000006,5415fa569c66e335d105d01ff25cceb83855d4d5719c04b1146651f340371f6e,0,0,0
main-0251,practice_generator,782d209cb261b18d,v5,ended,user_exit,20,5685.644876,5685644876,11,20233.224365521048,262,19,8,250,11,True,,0.25467499999999177,0.25826316699385643,516.876806909091,6,629.8933670000006,1787ff4278d8c1f2c395f10279fe99fbc04b6ca97e2d343fdb7ef171848d757c,0.1373688740131911,0,0
main-0252,practice_generator,7bc77876b2242629,v4,ended,user_exit,17,5538.959826,5538959826,14,20719.79912496313,221,17,3,211,14,True,,0.031089000000008582,0.031529624975519255,395.6399875714286,1,800.224311,7ae8cd0769ed30d13cfcc74161971d74215d1fef90283b4dac8498c8a9e406e2,0,0,0
main-0252,practice_generator,7bc77876b2242629,v5,ended,user_exit,17,5515.750647,5515750647,14,20643.753220727645,220,16,2,211,14,True,,0.24626000000000658,0.24894187500467524,393.98218907142854,1,800.224311,ee7681212b84bae1890f4e0717f9d8e03f6b98dd05f02d7b03cb050163392eee,0.11088812199886888,0,0
main-0252,practice_generator,7bc77876b2242629,v6,ended,user_exit,17,5433.164324,5433164324,14,20440.821588526072,214,17,3,196,14,True,,0.3132180000000062,0.318115875008516,388.083166,1,802.4704529999999,2c4271feb5cacf96dcaab47008faf2d9286ad453f331fc00766cad1eb5ad1264,0.11616266804048792,8,3
main-0254,practice_generator,9ebb0ea7c3d27e66,v6,ended,user_exit,19,5516.298332,5516298332,14,20611.491641454613,220,19,5,209,14,True,,0.41829799999999295,0.42361766699468717,394.02130942857144,6,203.24093799999991,9fd3c98328be674fcff06854f01c3beb5121792603bc9181f64f963b19854c52,0.23417320899898186,5,2
main-0254,practice_generator,9ebb0ea7c3d27e66,v4,ended,user_exit,14,6053.005335,6053005335,14,22800.026653065863,235,23,9,221,14,True,,0.04104100000000699,0.04158941700006835,432.3575239285714,6,0.0,8bed40437dc8f31da1749863b453c5c935c6c8995a8b60a354681843ec912c76,0,0,0
main-0254,practice_generator,9ebb0ea7c3d27e66,v5,ended,user_exit,19,5685.993338,5685993338,14,21274.966672309944,226,20,6,213,14,True,,1.0169059999999916,1.0494993749889545,406.1423812857143,6,586.6959740000002,1455a29659cfcc7d06bd624075810fc73bf9054e716ddbb8f7995ff00129a30b,0.8995134170691017,0,0
main-0255,practice_generator,53b1f530b4001538,v4,ended,user_exit,18,6108.257731,6108257731,13,21766.28864561777,278,24,11,267,13,True,,0.030838999999986072,0.031140458973823115,469.86597930769227,13,164.00489899999957,47afa605efcb5a1003fe09c8bb716c3ee358001f63539b03459d91d6a3d8b274,0,0,0
main-0255,practice_generator,53b1f530b4001538,v5,ended,user_exit,18,6176.421306,6176421306,13,22127.106519614863,277,25,12,265,13,True,,1.105245999999994,1.1278482079796959,475.10933123076927,13,164.00489900000048,7334c7951ac5af25ed5ca22249ebd0f48338ec9802176b6835e919ff2cb95830,1.0003257039643358,0,0
main-0255,practice_generator,53b1f530b4001538,v6,ended,user_exit,16,5987.639487,5987639487,13,21463.197415487943,270,22,9,253,13,True,,0.8526509999999945,0.8755842079990543,460.5876528461539,13,153.6264540000002,a76c432adce3904bdf643eae275eb8b9b1e004b2012ac1914f24415df6c2f92a,0.6671332510304637,13,2
main-0256,practice_generator,a4ca2519491d4ddd,v5,ended,user_exit,12,4657.713005,4657713005,16,17638.565043487957,170,30,14,158,16,True,,0.9625390000000067,0.9834764169936534,291.1070628125,4,0.0,44865f5f588a1348f64f96caf800a371deb610c91fcf4665c35e9150e6f2ef52,0.8460347079962958,0,0
main-0256,practice_generator,a4ca2519491d4ddd,v6,ended,user_exit,4,4700.499661,4700499661,16,17687.49830395276,175,31,15,163,16,True,,0.8720769999999902,0.8966609579802025,293.7812288125,4,0.0,6c7f11fce6590b1031db3233acfe42045bf6776cd889caa8c6b236ae0c9c965b,0.6717707099451218,8,1
main-0256,practice_generator,a4ca2519491d4ddd,v4,ended,user_exit,4,4684.638328,4684638328,16,17608.19161571014,170,41,25,158,16,True,,0.039826000000005024,0.04050533301779069,292.7898955,4,0.0,fdd4f34096dbef4ce9ba435391ad53eb6f68940f4bb0898e29219017ad69d635,0,0,0
main-0257,practice_generator,2f1f63df4a06b150,v6,ended,user_exit,18,5844.451539,5844451539,10,19692.257700617338,311,12,2,295,10,True,,0.366934999999998,0.3748328340006992,584.4451538999999,1,404.1348589999998,ce9e4d689d7b9c89037fac5e8cffea686ada4bbe2229e1fafa82d91173fabdc6,0.19256154095637612,11,5
main-0257,practice_generator,2f1f63df4a06b150,v4,ended,user_exit,19,5766.15254,5766152540,10,19885.76270575253,290,13,3,280,10,True,,0.02565899999999033,0.02656883400049992,576.615254,1,232.023373,372f720326d44eab3f08403b9b5fcde3df4eb172a64c95c4a806ce5ce99ef49c,0,0,0
main-0257,practice_generator,2f1f63df4a06b150,v5,ended,user_exit,19,5753.108967,5753108967,10,19500.544832538657,302,11,1,290,10,True,,0.22354100000001154,0.22979195800144225,575.3108967000001,1,244.26451700000052,f97f04a568100490500b986e12e3d1fabd1dd18095b091a0b3c11c795ae31857,0.10995920698042028,0,0
main-0253,practice_generator,650f1e9da9982a7c,v5,ended,user_exit,8,6065.984799,6065984799,11,21659.923995102767,280,15,4,267,11,True,,1.1910680000000013,1.2134546670131385,551.4531635454546,8,0.0,187c93af1806f0dadf93cd5cb9101bf61b7f38e607316c15bb5126e57f6c6ed6,1.120893874031026,0,0
main-0253,practice_generator,650f1e9da9982a7c,v6,ended,user_exit,20,6212.369407,6212369407,11,22166.847030729645,287,18,7,268,11,True,,1.3642559999999975,1.402386415982619,564.7608551818182,8,814.3325560000003,fe18c569eb88bfdec34fe225fecabbd87a1e2faf99b6893ef15dafffdbab7d10,1.271120626013726,5,1
main-0253,practice_generator,650f1e9da9982a7c,v4,ended,user_exit,8,6266.525826,6266525826,11,22577.629127120847,280,21,10,266,11,True,,0.03185799999999972,0.03228987500187941,569.684166,8,0.0,80a02ebc41a5848f0d889868b7a580e5a3d56844ac3771cd410e764e0f130ceb,0,0,0
main-0259,practice_generator,d5728bc36613350a,v5,ended,user_exit,19,5717.066712,5717066712,10,19950.333548513318,278,17,7,266,10,True,,0.46611000000000047,0.4738190839998424,571.7066712,9,143.95623999999953,19f20c9a3e5b60cb43d0a0b1c94e7e2d694c844476eaa7e48da268a1d041e970,0.3609054989356082,0,0
main-0259,practice_generator,d5728bc36613350a,v6,ended,user_exit,19,5779.736214,5779736214,10,20208.681058542927,280,18,8,264,10,True,,0.6398569999999921,0.7330683750042226,577.9736214,9,143.8445839999995,6a153309e18c53b3200df0aa5b36b0467911215f79b2bd222b29010f26c5333b,0.5349861659633461,5,0
main-0259,practice_generator,d5728bc36613350a,v4,ended,user_exit,19,5804.778238,5804778238,10,20343.89115674511,278,20,10,266,10,True,,0.03272899999998913,0.03385579099995084,580.4778238,9,144.4318290000001,7fccd919cbaf9cd69d16249a7fcb77af8f750e058debef8b580d5d49b6359317,0,0,0
main-0260,practice_generator,fd8963fef8170ea4,v6,ended,user_exit,17,5713.512131,5713512131,15,21747.560646466973,216,17,2,203,15,True,,0.7239629999999977,0.7468199590221047,380.90080873333335,5,122.53923100000065,365571df4059ad4d1caa0092d47213cd8b6686392a690e3f5f213a394c36c74a,0.5245539169118274,8,2
main-0260,practice_generator,fd8963fef8170ea4,v4,ended,user_exit,17,5441.872998,5441872998,15,21084.364990036513,189,23,8,181,15,True,,0.0544840000000022,0.11955870801466517,362.7915332,5,107.29260499999964,47287aec3d1a436f364066dfbda7b5353018520f6f8435fb0a9481d683e2336f,0,0,0
main-0260,practice_generator,fd8963fef8170ea4,v5,ended,user_exit,17,5596.075229,5596075229,15,21930.376146691757,189,20,5,175,15,True,,0.6055210000000102,0.6193014589953236,373.0716819333333,5,826.699138,cca0afc2aaed847ddcfb6ead55eb16c5ce4f782f66a64e314738fc212d737d19,0.4772152069781441,0,0
main-0258,practice_generator,00d99f572024375d,v4,ended,user_exit,20,5750.566076,5750566076,10,20402.830367302107,268,19,9,253,10,True,,0.03143000000000029,0.03260645901900716,575.0566076,9,655.5704750000004,cc5689003bf8fb5969f571d9b48faea21b34e40185747855aeebf8afb759c0d6,0,0,0
main-0258,practice_generator,00d99f572024375d,v5,ended,user_exit,20,5690.421444,5690421444,10,20137.10719762167,267,19,9,251,10,True,,0.7011839999999978,0.7236892910150345,569.0421444,9,655.5704749999995,da799fb4a64bde3b6734a566370eeea6b6c2b6afafeebe06836aa0302d28ed75,0.6405247929797042,0,0
main-0258,practice_generator,00d99f572024375d,v6,ended,user_exit,20,5651.054171,5651054171,10,19910.270824296837,270,16,6,251,10,True,,0.7456559999999968,0.8251140840002336,565.1054171,9,655.1532699999998,acbce58d408618d8c43ea4437cb9b7c882bcae0339db4ab88a44ec6318484796,0.6551014999567997,5,0
main-0261,practice_generator,86c3631c854d0215,v4,ended,user_exit,20,6043.608425,6043608425,10,20613.042114104475,305,28,18,292,10,True,,0.027197000000001026,0.027539000002434477,604.3608425,10,133.77029399999992,c9799e01e0041c91330b223a23e9779a6ef3d944e3360d748c8aca76cfb699f6,0,0,0
main-0261,practice_generator,86c3631c854d0215,v5,ended,user_exit,20,6021.612987,6021612987,10,20558.064915310664,306,22,12,294,10,True,,1.0205160000000006,1.1160887080186512,602.1612987000001,10,133.77029400000083,111c18b97d61f7e4aa129823fc96ac3f966238d1f52bffeaa3dce5c892e1b95d,1.0513171679631341,0,0
main-0261,practice_generator,86c3631c854d0215,v6,ended,user_exit,20,5710.055338,5710055338,10,19130.276681817642,305,16,6,291,10,True,,0.7798099999999977,0.8029396669880953,571.0055338,10,201.49634700000024,b6013237a3b018517a5df56ff7351f8d451aa79f8c6fb39315224a6dcb65da01,0.625606499001151,8,1
main-0263,practice_generator,e372e3fd83320e2b,v6,ended,user_exit,16,5602.117119,5602117119,12,19915.58559563686,262,12,0,249,12,True,,0.2773420000000044,0.2895462920132559,466.84309325,1,0.0,e0029668effbdd8388eb48d88ce289fc6aef2a26ddfc2f101bb7c01ab628f1f2,0.05546670802868903,9,0
main-0263,practice_generator,e372e3fd83320e2b,v4,ended,user_exit,16,5693.005777,5693005777,12,20345.028882032082,261,16,4,247,12,True,,0.03252100000000269,0.032923375023528934,474.41714808333336,1,0.0,80ed541ff6e08399020289320cc734468c08b87f9de0dc308b894520f391cc5a,0,0,0
main-0263,practice_generator,e372e3fd83320e2b,v5,ended,user_exit,14,5632.623636,5632623636,12,20293.11816381667,254,14,2,238,12,True,,0.38332499999999925,0.3902053329802584,469.385303,1,696.2586040000006,9c433ff3cd17c7f990e6a1f4171afb823c7c2f4bd9f164f9831e66d7a4993b40,0.249677541985875,0,0
main-0262,practice_generator,5943aac621847a54,v5,ended,user_exit,20,6143.656478,6143656478,11,21673.282392460416,292,16,5,279,11,True,,1.0153770000000009,1.043321167002432,558.5142252727272,8,708.9945319999997,c5c7a43073fcef7fb64608728c88e85cb259d7e8d0e4242ec01d3bb7659322e6,0.8990868340188172,0,0
main-0262,practice_generator,5943aac621847a54,v6,ended,user_exit,20,6241.05457,6241054570,11,22000.272855015057,298,15,4,284,11,True,,0.9618719999999996,0.9869552080053836,567.3685972727272,8,707.8928679999999,12f9c03cef1fb9be5df7d9d44cd60dc4bbdc18c65b3c7446be95c67a58b1df2c,0.758027707983274,11,0
main-0262,practice_generator,5943aac621847a54,v4,ended,user_exit,20,6391.175308,6391175308,11,22725.876528388355,295,22,11,283,11,True,,0.0324759999999884,0.033117915998445824,581.0159370909091,8,708.9945319999997,3172124d51478b8cd912929d58d8931c822d296df43ac2cf1fe729b5c195fcbb,0,0,0
main-0265,practice_generator,f4f58fb92e4dae46,v5,ended,user_exit,16,5519.597724,5519597724,14,21042.988626677816,207,18,4,194,14,True,,0.7332169999999962,0.7514123329892755,394.2569802857143,10,373.7417540000006,705d4ae38841e84a99d825c84efd5f2623b4d24be75390e40267476792230f8b,0.6345330399344675,0,0
main-0265,practice_generator,f4f58fb92e4dae46,v6,ended,user_exit,17,5580.961278,5580961278,14,21129.80639028831,212,23,9,198,14,True,,0.7238009999999946,0.7399332500062883,398.6400912857143,10,564.1900369999994,87f86759d30637635d674df2cf6bb4ecea5294ae569c0bf1d294344c6ca9ddcb,0.5464503740367945,5,2
main-0265,practice_generator,f4f58fb92e4dae46,v4,ended,user_exit,16,5677.703539,5677703539,14,21728.517706158556,209,21,7,196,14,True,,0.038026000000002114,0.039134291000664234,405.5502527857143,10,374.45386599999983,faf28183a4307c02c64aa527ad99df9848f4d6c368782330a98dfe45daec3df5,0,0,0
main-0267,practice_generator,41de64edb9858a38,v4,ended,user_exit,17,5669.122822,5669122822,14,20955.614088463524,228,32,18,214,14,True,,0.03924299999999903,0.0397158749983646,404.93734442857146,2,203.50471199999993,e473261b05de371f075326b44ff40ad7eadab4e5dd448cfd34877aaf24ca8499,0,0,0
main-0267,practice_generator,41de64edb9858a38,v5,ended,user_exit,17,5623.904363,5623904363,14,19984.521808196427,254,29,15,242,14,True,,0.4965360000000061,0.506306041002972,401.7074545,2,142.867389,fb51c339a97598f54cfe11f3d37626fc647e3f6b2e2d04fef53d30529f54f1a9,0.325228414934827,0,0
main-0267,practice_generator,41de64edb9858a38,v6,ended,user_exit,12,5212.653612,5212653612,14,19333.26805922306,211,21,7,200,14,True,,0.34007800000000543,0.3454590420005843,372.3324008571429,2,140.56277000000046,ea0c35285fccafa7d7b85f7da258d0b6223df63aa275cf1d694e5870ee4b83ad,0.1191991250088904,6,2
main-0266,practice_generator,4a26be1a0ab1a848,v6,ended,user_exit,18,6075.930348,6075930348,10,21024.65174077931,303,17,7,285,10,True,,1.148342999999997,1.1762187499844003,607.5930347999999,7,226.32020399999965,714ffb88cae7a2292a4b6237a96dd8604e370198859d51754536ef43ee8af3e8,0.9552597909932956,10,4
main-0266,practice_generator,4a26be1a0ab1a848,v4,ended,user_exit,17,6398.10253,6398102530,10,21925.512647295338,319,32,22,302,10,True,,0.029604999999989445,0.030345834005856887,639.810253,7,367.95524399999977,38ff693bdd8abf0ff1323513da7a493fdaccd00a948da946fab76838a7adc2bf,0,0,0
main-0266,practice_generator,4a26be1a0ab1a848,v5,ended,user_exit,17,5964.520774,5964520774,10,20932.603855350586,285,20,10,273,10,True,,0.8919800000000038,0.9084474999981467,596.4520774,7,448.8582579999993,2e24c87624d96e858bc14df95f586eb9d549c32f39126d0e6cc1d3404e2c500c,0.7921938780636992,0,0
main-0264,practice_generator,49ccb7aebe0218b5,v4,ended,user_exit,1,6147.274228,6147274228,16,22816.371161950236,246,30,14,232,16,True,,0.041578000000001225,0.04184024999267422,384.20463925,16,0.0,11db4dd5bedd01a2ebfbdfbf177d81536b561d39bbebe24d1c22aa6da0c80433,0,0,0
main-0264,practice_generator,49ccb7aebe0218b5,v5,ended,user_exit,1,6006.747539,6006747539,16,22153.737714995343,245,29,13,232,16,True,,1.6330250000000035,1.6824091250018682,375.4217211875,16,0.0,3b172404c3c841e16fa5fb969d21d3c319f4e18d95dac1275a989400cb4b69dc,1.51387537404662,0,0
main-0264,practice_generator,49ccb7aebe0218b5,v6,ended,user_exit,1,6100.204076,6100204076,16,22336.020387529737,254,31,15,238,16,True,,1.1486260000000073,1.1684899580141064,381.26275475,16,0.0,1918192269dc2e20ffc2e1b76b034c6264500e401d49936ce7b26cd94c00369c,0.8856361660000402,15,0
main-0271,practice_generator,8eed2e5b37f6adc7,v5,ended,user_exit,11,5306.721415,5306721415,15,20893.60706914286,177,16,1,165,15,True,,0.5210260000000062,0.5418660420109518,353.7814276666667,3,337.05081900000005,83d8b86d247f1feddced51cec205198d6d44eaef2f22b6c4c93b08b587688b65,0.38947196007939056,0,0
main-0271,practice_generator,8eed2e5b37f6adc7,v6,ended,user_exit,15,5236.450526,5236450526,15,20892.252617332902,166,16,1,150,15,True,,0.4550259999999895,0.4720212079992052,349.0967017333333,3,745.5252399999999,f544b6fac0bbe30f5c66ba5c4d91a3575ab766e7f61f4925f93e8ccfa3f95d7d,0.24111491793883033,4,1
main-0271,practice_generator,8eed2e5b37f6adc7,v4,ended,user_exit,11,5375.819873,5375819873,15,21239.099358020885,177,16,1,165,15,True,,0.04838800000000276,0.05049666599370539,358.3879915333334,3,337.05081900000005,9a2942033e8ad3057066126c844bf064ab388493e96ddead9f34f17cd603f20a,0,0,0
main-0268,practice_generator,5359343186b870c6,v5,ended,user_exit,18,6037.906089,6037906089,10,20424.53043406296,317,17,7,297,10,True,,0.9911649999999952,1.0156718340003863,603.7906089,10,405.2584260000003,ae768ba6d76153b40af22923370475d6b6c262778eb4ce78040c5721b78210e9,0.9393440429412294,0,0
main-0268,practice_generator,5359343186b870c6,v6,ended,user_exit,18,6036.040642,6036040642,10,20080.203193497935,329,17,7,304,10,True,,1.2273410000000098,1.28487174998736,603.6040642,10,405.2989319999997,729155716925c5ce6b9b9f1c6ad1c724ed8b7bcdf5bba5addeb83923a49f66ea,1.120787668885896,10,4
main-0268,practice_generator,5359343186b870c6,v4,ended,user_exit,18,6172.419627,6172419627,10,21017.098130013765,315,25,15,299,10,True,,0.02864199999999073,0.02937766700051725,617.2419627,10,405.2584260000003,2d4a233926226ed2b77f2f2cd98560f6221ad6033f1592ad6739e140a4e44cfa,0,0,0
main-0269,practice_generator,ede53d53a05822c3,v6,ended,user_exit,20,5720.461931,5720461931,11,19852.309644966903,281,17,6,272,11,True,,0.5462369999999908,0.5638589589798357,520.0419937272727,11,432.11736199999996,7aff457f872d7ac40cd674c23e1bf82c378ff16e498958513f157e2419865092,0.38157679201685824,4,1
main-0269,practice_generator,ede53d53a05822c3,v4,ended,user_exit,20,6169.413768,6169413768,11,21582.068829789816,289,37,26,275,11,True,,0.033467999999999165,0.0348344589874614,560.8557970909092,11,703.9915730000002,fe6d4c62af43dfbbce2b275ab60c472023714e969df1c0f69872ceeccae521ff,0,0,0
main-0269,practice_generator,ede53d53a05822c3,v5,ended,user_exit,18,6021.798951,6021798951,11,21058.99472747144,289,23,12,274,11,True,,1.2811569999999932,1.3407836249971297,547.4362682727273,11,0.0,c44c06be8c80b06c6ddf94ce753d230f5d9b6c02b164930ace892171ac0fbe5f,1.1777102509804536,0,0
main-0270,practice_generator,f70501929e96da17,v4,ended,user_exit,6,6052.027827,6052027827,13,22165.13912136551,259,17,4,247,13,True,,0.035358999999999696,0.036257542000385,465.54060207692305,12,0.0,bb85a2954eb4f42d0c608aedde14c9b2b7739c2d476e45174656ad6e006cd025,0,0,0
main-0270,practice_generator,f70501929e96da17,v5,ended,user_exit,16,6073.569341,6073569341,13,22142.846695349883,263,19,6,247,13,True,,1.7343350000000015,1.809332082979381,467.19764161538467,12,716.6955170000001,e30ca5948a6f8a9c4167a9faca7111deda0bbe4ea34d36ab978310e14277d73b,1.63731825092691,0,0
main-0270,practice_generator,f70501929e96da17,v6,ended,user_exit,12,5958.316805,5958316805,13,21661.584012234533,260,19,6,243,13,True,,0.8795190000000019,0.9545617499970831,458.33206192307694,12,0.0,6b19a7081876a6e0f2ecf85b98caa00e7a387ee19a5b36ff4e10f0dfc41edf2c,0.675349875993561,8,0
main-0273,practice_generator,a3bfb978dbfbf339,v4,ended,user_exit,17,5728.08558,5728085580,10,19285.427883955334,299,23,13,287,10,True,,0.029398999999997955,0.029897000000346452,572.808558,5,695.4606210000002,bff9e5ad4d96b9b1071b6f180884f8710f81ea3659d9ea111a7a1d84a1febb05,0,0,0
main-0273,practice_generator,a3bfb978dbfbf339,v5,ended,user_exit,17,5706.281979,5706281979,10,19296.40988853453,295,23,13,283,10,True,,0.4235840000000053,0.4489133339957334,570.6281979,5,695.4606210000002,dce0bacade3a0d03268922571820aab9ad759d9ce0fba96af07a82845b0701aa,0.3410269170126412,0,0
main-0273,practice_generator,a3bfb978dbfbf339,v6,ended,user_exit,17,5874.750647,5874750647,10,19913.753212426553,303,24,14,285,10,True,,0.8288009999999986,0.9092789590067696,587.4750647,5,946.3092649999999,94c7ab45576b830c48d9229f79ea1bf674ef4cce4a07fe8020d50000490734fa,0.6976890020305291,10,1
main-0272,practice_generator,ad86f872edda872c,v6,ended,user_exit,17,5019.209216,5019209216,16,18561.04607564731,202,25,9,190,16,True,,0.9287419999999997,0.984064166987082,313.700576,11,0.0,f0eff31046c9917cbdd1d660a7b12f8ad36fb185b0067242c7a46a291c0a7572,0.67051654093666,14,0
main-0272,practice_generator,ad86f872edda872c,v4,ended,user_exit,1,5049.690563,5049690563,16,18998.452814575965,190,28,12,184,16,True,,0.03835699999999065,0.04136887501226738,315.6056601875,11,0.0,e2510cde21fc694d1824482b8aac0698298207b73feb056a8092db96944b93e8,0,0,0
main-0272,practice_generator,ad86f872edda872c,v5,ended,user_exit,14,4934.262087,4934262087,16,18531.310428393284,188,25,9,181,16,True,,1.2529269999999997,1.360839417000534,308.3913804375,11,0.0,6e1fd4afc94392544c63a54292e947341f080a836528e391ff93c560f44830db,1.118793873989489,0,0
main-0275,practice_generator,04c81a06ac247fa7,v6,ended,user_exit,18,5435.687012,5435687012,12,19638.435055460835,241,17,5,228,12,True,,0.327738999999994,0.3581076250120532,452.9739176666667,8,422.6364170000006,4925124b8947d8a37205631b6266720020f9c28b403d6490ef2cd014b47797ba,0.10559479202493094,8,3
main-0275,practice_generator,04c81a06ac247fa7,v4,ended,user_exit,18,5819.694153,5819694153,12,20793.470777161077,260,30,18,247,12,True,,0.037564999999986526,0.04059099999722093,484.97451275000003,8,421.92547600000034,f88112be5977abc7bf625b83a10eac8f92376a71703c2e2cd028518b029c297d,0,0,0
main-0275,practice_generator,04c81a06ac247fa7,v5,ended,user_exit,18,5750.286414,5750286414,12,20801.432064404657,253,20,8,241,12,True,,0.4878539999999987,0.5245313750056084,479.1905345,8,421.92547600000034,2ca9217b7103a3c7f0ca561bb5b49750cee472b31c45042591d2bbb121e06f91,0.4081013340037316,0,0
main-0276,practice_generator,585bb55a125c61c1,v4,ended,user_exit,20,5503.654757,5503654757,13,20583.27377316517,223,13,0,207,13,True,,0.05515499999999918,0.05970920898835175,423.35805823076925,2,1556.3242600000003,e627e843a98ddd5fee8f229b2f1d30ea862796d911e4a95c9e70a530d84c0fd4,0,0,0
main-0276,practice_generator,585bb55a125c61c1,v5,ended,user_exit,13,5395.51506,5395515060,13,19627.57526927349,228,31,18,211,13,True,,0.3777280000000047,0.40896145897568204,415.03961999999996,2,124.92110899999989,40c145c506146e75eb69ec76fec30ed3c0c2fc73867ec268d0a48e990c48606a,0.2329588329885155,0,0
main-0276,practice_generator,585bb55a125c61c1,v6,ended,user_exit,13,5369.205119,5369205119,13,19631.025569593818,228,21,8,214,13,True,,0.5935910000000035,0.6392054999887478,413.0157783846154,2,2259.074505,482a85c86b05a278ecc04ee634cc6eaed584f46f21c6ef962aa565b57c57ef01,0.3516606669581961,5,2
main-0274,practice_generator,0029b6be60c0cda7,v5,ended,user_exit,19,5871.871595,5871871595,12,20769.357976847685,268,32,20,258,12,True,,1.2853649999999988,1.3966229170036968,489.32263291666663,9,110.47151899999972,3df89825107528e06df9689f35e3be9dee78152cca7b0a6539b4dc7f6c2e0103,1.2789907110272907,0,0
main-0274,practice_generator,0029b6be60c0cda7,v6,ended,user_exit,19,5850.141273,5850141273,12,20515.70636386433,279,22,10,262,12,True,,1.3600259999999906,1.4544523340009619,487.51177275000003,9,111.14700300000004,4f86c5601733e35efa2231b0dc129b5bcbd2045430747b481850a9e1344d98ce,1.207042168971384,12,1
main-0274,practice_generator,0029b6be60c0cda7,v4,ended,user_exit,19,5786.643587,5786643587,12,20298.217927259637,278,14,2,271,12,True,,0.025869000000000142,0.026378459006082267,482.22029891666665,9,633.4435389999999,b81e8afc3d906f3da55fc69aa97cb1c819d4da2ecfd261b67983d3c6c426a40c,0,0,0
main-0277,practice_generator,68878e45497674ae,v5,ended,user_exit,15,5341.094176,5341094176,14,20600.470875650182,190,22,8,177,14,True,,0.4721090000000032,0.5036615839926526,381.50672685714284,3,677.9285249999994,2f43ad58ed979dd1afcbdba1adc58ddf9de9645e87fd1155c338b3a5d071b8ed,0.3424439169757534,0,0
main-0277,practice_generator,68878e45497674ae,v6,ended,user_exit,14,5346.314259,5346314259,14,20566.57129672405,192,22,8,179,14,True,,0.614964999999998,0.6532494999992196,381.8795899285714,3,677.9285249999994,d0201e07eac282130f149fa1c4fc124b228f921f87e07f1a88fc4896bcb95abc,0.3904682089923881,3,1
main-0277,practice_generator,68878e45497674ae,v4,ended,user_exit,15,5329.974274,5329974274,14,20459.871367101656,192,24,10,178,14,True,,0.04282599999999093,0.04367912499583326,380.71244814285717,3,678.3701490000003,608e213534190c2fd686a2b746f6fdf9bdabb6b9f371aa8e63dea6bae115915e,0,0,0
main-0279,practice_generator,1803e762f621bee9,v4,ended,user_exit,9,3971.885101,3971885101,16,14299.425507557164,167,28,12,161,16,True,,0.03700700000000268,0.04000904198619537,248.2428188125,3,0.0,a115dcebcf6e2ba2bba5c44451280bddfa1d392f9fdb830abe7f8c19e221297d,0,0,0
main-0279,practice_generator,1803e762f621bee9,v5,ended,user_exit,9,3956.167222,3956167222,16,14360.836097288786,167,19,3,160,16,True,,0.4657320000000027,0.488952290994348,247.260451375,3,0.0,d63d802fd9ffd15cbbd68e3e5b28ab98e884a6576d2b83352962ed2fd890daa1,0.30768295703455806,0,0
main-0279,practice_generator,1803e762f621bee9,v6,ended,user_exit,9,4008.655042,4008655042,16,14363.275199755732,176,20,4,164,16,True,,0.579624999999993,0.598484832997201,250.540940125,3,0.0,00fff51195e84b306c94e2d69fb6b1394d93b40088450fe24a1effa6b9fa7284,0.3176876269571949,6,0
main-0278,practice_generator,9727f39a67656465,v6,ended,user_exit,20,5706.619399,5706619399,15,21578.09698298368,215,28,13,202,15,True,,0.9946920000000006,1.0589575420017354,380.44129326666666,12,142.7547800000002,34b9297b3fd5512a3d4ffb1ed93040738991ab2464755602b3c06e3dc654a60b,0.7462373339512851,8,2
main-0278,practice_generator,9727f39a67656465,v4,ended,user_exit,20,5787.886824,5787886824,15,21829.434131039783,219,30,15,207,15,True,,0.03709299999999871,0.037715792015660554,385.85912160000004,12,108.28536600000007,7cac9c59587ecb667961c33601878d45cd228384340f0c3e7a3928dc0ac1f7de,0,0,0
main-0278,practice_generator,9727f39a67656465,v5,ended,user_exit,16,5742.693806,5742693806,15,21703.46901736046,215,32,17,201,15,True,,0.884286000000003,0.9080358750070445,382.84625373333336,12,458.32277200000044,7d7aa73e86afbda87b1eac5474871ecf7109af458ce76e728d8c8f197f9bb0c8,0.7529868330457248,0,0
main-0280,practice_generator,c1593cbe373f4162,v5,ended,user_exit,20,5641.814679,5641814679,11,19889.07338609993,263,26,15,249,11,True,,0.636690999999999,0.6548750000074506,512.8922435454546,11,179.73091399999976,d237aa662a98bdf78a8a66b720d6437e6b4028412ac41a43176517076640aa6d,0.5333525399910286,0,0
main-0280,practice_generator,c1593cbe373f4162,v6,ended,user_exit,20,5645.51871,5645518710,11,19822.59354375913,267,24,13,252,11,True,,0.5799430000000001,0.5943865830195136,513.2289736363637,11,176.8359300000002,fa73c71c69949a5b9397272d069570ebdf02c2edd1ad1924aa5da0dce81ccb21,0.40592016707523726,6,1
main-0280,practice_generator,c1593cbe373f4162,v4,ended,user_exit,20,5918.772627,5918772627,11,20938.86312772685,274,26,15,261,11,True,,0.040642000000005396,0.04162283398909494,538.0702388181818,11,179.73299300000053,86b1c0a6ddb6918be24f9b3c708ace53571d01a0727deeaca8d891034b597c6b,0,0,0
main-0281,practice_generator,e401d2555dd517e6,v6,ended,user_exit,3,5581.011062,5581011062,16,21335.05528619843,205,22,6,191,16,True,,0.5312330000000003,0.548136458004592,348.813191375,9,0.0,cd97e517feeb20d4931492aea8f706849b19821366103a926e970d505d195348,0.2970765399222728,10,2
main-0281,practice_generator,e401d2555dd517e6,v4,ended,user_exit,3,5654.419132,5654419132,16,21697.095645957874,204,24,8,191,16,True,,0.03759500000001026,0.03826545798801817,353.40119575,9,0.0,11f0a506cb0523e96106419913bfab6945ae8b9e7b21ed8bd09a2d0cc1c75460,0,0,0
main-0281,practice_generator,e401d2555dd517e6,v5,ended,user_exit,3,5592.607224,5592607224,16,21263.036096145617,202,35,19,193,16,True,,0.6588840000000005,0.676283583015902,349.5379515,9,0.0,49fe95fe8e106407ec876f2c4d8a52b06c89cd5b7ed519ea9a938a4d2b3b31bb,0.49433745988062583,0,0
main-0284,practice_generator,865d3e33327fd4b2,v6,ended,user_exit,17,5608.889716,5608889716,11,19724.448567815612,268,15,4,257,11,True,,0.3421419999999955,0.3557464999903459,509.89906509090906,1,887.9724349999997,9734b5d0a1dd3da58930a8a61642c907fbea746cf55bc9590031783d35bbaf2e,0.183799500024179,6,2
main-0284,practice_generator,865d3e33327fd4b2,v4,ended,user_exit,17,5570.055305,5570055305,11,19505.276510867006,266,21,10,254,11,True,,0.031222999999997114,0.032245042006252334,506.3686640909091,1,887.9724349999997,7a9dfaa731d3f1e9b9aa4df418cfba5c53d3abf5b2064357c4245f568362a35a,0,0,0
main-0284,practice_generator,865d3e33327fd4b2,v5,ended,user_exit,17,5554.025617,5554025617,11,19515.128066599587,266,15,4,254,11,True,,0.20685799999999688,0.21324308300972916,504.91141972727274,1,887.9724350000006,5eeb2ee6973bcbbfd376a9adf48d999e93e10b35245a2fb3d649bb1d58115086,0.11151995800901204,0,0
main-0282,practice_generator,fc779939629b3dc9,v4,ended,user_exit,20,6149.795751,6149795751,10,21118.978732144653,307,27,17,290,10,True,,0.03175099999999986,0.032104208978125826,614.9795750999999,5,660.3604269999996,a03dabddd0ae41efb160da15d9e2747835fa2dd9f5edc86e7a8cc4d432d069ca,0,0,0
main-0282,practice_generator,fc779939629b3dc9,v5,ended,user_exit,20,5967.259926,5967259926,10,21126.299619155507,284,10,0,272,10,True,,0.44283800000000895,0.4539719999884255,596.7259925999999,5,556.3522079999993,54c9dd4b2044c10ada06cc25e59cf78c2b0725e6dadef3f9b9133fcc89f2b7da,0.36307778998161666,0,0
main-0282,practice_generator,fc779939629b3dc9,v6,ended,user_exit,20,6120.409899,6120409899,10,21122.04947068848,309,14,4,289,10,True,,1.0798360000000002,1.118726874992717,612.0409899,5,559.090827,d270d6972ff3fef4dbe19ef0967495fc13c8a19da4bd437524081ff9bbf50f70,0.9288453769986518,11,3
main-0287,practice_generator,f5e652f1dbb6c4a8,v6,ended,user_exit,18,5679.221832,5679221832,10,19746.109149427735,281,12,2,269,10,True,,0.2474950000000007,0.2523556669766549,567.9221832000001,2,390.56854699999985,1432ce74d75dd6723493cd2eb8f54cd9b060eac8e663066d4f7559abe6c3cd30,0.09398737296578474,1,1
main-0287,practice_generator,f5e652f1dbb6c4a8,v4,ended,user_exit,18,5787.941059,5787941059,10,20124.705280654875,287,11,1,275,10,True,,0.028244000000000824,0.0285963750211522,578.7941059,2,179.39466099999936,257175b7fd1a1672a169244bbe4aec432922e3de38a2a2e30776b9bda77d1d3e,0,0,0
main-0287,practice_generator,f5e652f1dbb6c4a8,v5,ended,user_exit,18,5770.941059,5770941059,10,20124.705280654875,284,11,1,273,10,True,,0.16628500000000201,0.23972191699431278,577.0941058999999,2,179.39466099999936,986a947d6b3c245cdbd7758067667e93d143e2a05e050d77fae42ec419a8dbde,0.03401362500153482,0,0
main-0286,practice_generator,5736d11dd2cfea9f,v5,ended,user_exit,18,5425.236965,5425236965,14,20871.184811793784,196,20,6,183,14,True,,0.3968619999999987,0.4119825000234414,387.5169260714286,9,1988.9846149999998,bd7e7ae5d2ac433f56956e61acdd8eaf416b2c92268e18436508bbe76add61e1,0.2635025850322563,0,0
main-0286,practice_generator,5736d11dd2cfea9f,v6,ended,user_exit,16,5383.789813,5383789813,14,20573.94904261311,200,18,4,187,14,True,,0.4005369999999999,0.478267207974568,384.5564152142857,9,1987.7504360000003,9f2eead006ba392fb6320e3644283faa63180903f05c8e4b382b7644699aefb4,0.15259716697619297,5,1
main-0286,practice_generator,5736d11dd2cfea9f,v4,ended,user_exit,18,5468.920591,5468920591,14,20939.602948069776,200,22,8,187,14,True,,0.053554999999988695,0.05805795901687816,390.6371850714286,9,1988.9846149999998,0fc8db53722aae6d1bc08f0e4499458bfe4df84bb9a35cc1677dfdd434a7c852,0,0,0
main-0283,practice_generator,752bffeaa54a489d,v5,ended,user_exit,18,5830.724025,5830724025,12,21513.620118526425,244,18,6,230,12,True,,0.8356930000000062,0.8645795839838684,485.89366875,11,148.38760400000047,f559c09a082b84de6ffe2a30a0aaad075f7476a4caf592451bc214d83ced94cf,0.7696445819747169,0,0
main-0283,practice_generator,752bffeaa54a489d,v6,ended,user_exit,18,5909.553584,5909553584,12,21752.767894327157,247,23,11,231,12,True,,0.9650939999999935,1.0850374579895288,492.4627986666667,11,145.24801200000002,49be9bfe8de1ed6a6901e4b681ed19d0d4afb49f79b76efe7f990c17b68869cc,0.9490564580191858,7,1
main-0283,practice_generator,752bffeaa54a489d,v4,ended,user_exit,4,6181.612425,6181612425,12,22278.062103717908,274,23,11,263,12,True,,0.03488099999999861,0.03568516601808369,515.13436875,11,0.0,d60a0f9b2dfe377b6cfb480abcf1efdb359c5c9c8aeb59daeef8cbfa8942435f,0,0,0
main-0285,practice_generator,44a3a2c2fbe0eafc,v4,ended,user_exit,15,6001.789036,6001789036,12,20638.945166138914,297,27,15,284,12,True,,0.030554000000009296,0.03192974999547005,500.14908633333334,7,106.47693799999979,b87bb7475ab9c6a4b45342ee42e167f689595dc910797fda7af364bbf02622c4,0,0,0
main-0285,practice_generator,44a3a2c2fbe0eafc,v5,ended,user_exit,15,5966.323768,5966323768,12,20591.618817028604,295,22,10,283,12,True,,0.7701950000000011,0.7986821249942295,497.19364733333333,7,104.0828190000002,f3b78377cb558c339babfc5e9fa1b0ba63265de643bfb578153c2e6ce86381df,0.6601612909871619,0,0
main-0285,practice_generator,44a3a2c2fbe0eafc,v6,ended,user_exit,15,5974.070374,5974070374,12,20495.351852960375,301,19,7,289,12,True,,0.7686160000000086,0.8787160840001889,497.83919783333334,7,104.53115900000012,86196f61ae37b45872540d5fc51229a3b41aa5366f0bf3bc1a72c15ce68f882e,0.6220007079828065,13,2
main-0290,practice_generator,7018fe90048f12d8,v6,ended,user_exit,17,5406.98041,5406980410,13,20324.902028610024,212,19,6,199,13,True,,0.420353999999989,0.43049949998385273,415.92157000000003,5,875.4581399999997,26e4044a2046f4fdb9f983f67b322cfb27ceb37be7579c1526c78bb5cd2d1c63,0.21400579190230928,4,2
main-0290,practice_generator,7018fe90048f12d8,v4,ended,user_exit,13,5545.035251,5545035251,13,20770.17622407701,218,24,11,203,13,True,,0.04095599999999422,0.04159458400681615,426.54117315384616,5,580.062199,5189e466632da799900959ca68e1324ed23224465978d6725cf466750c2efbfa,0,0,0
main-0290,practice_generator,7018fe90048f12d8,v5,ended,user_exit,13,5562.117355,5562117355,13,20735.586769305195,219,29,16,207,13,True,,0.2993620000000021,0.3039261669910047,427.85518115384616,5,579.9041990000005,197093885980ecb4fdd1525e31adf101f80cfda17b39fcacc483638bc48220bd,0.16032599998288788,0,0
main-0291,practice_generator,edb451660c69188c,v4,ended,user_exit,13,3100.113834,3100113834,16,12045.56916404718,95,31,15,91,16,True,,0.03803599999999108,0.03938699999707751,193.757114625,2,0.0,1df7fa10c93d3f1dda99f29c3bf8bd0094485d4929dbe7605e027fb7bf8824b8,0,0,0
main-0291,practice_generator,edb451660c69188c,v5,ended,user_exit,18,4573.351779,4573351779,16,17031.758858786456,180,23,7,166,16,True,,0.6641230000000036,0.6794190829969011,285.8344861875,2,0.0,83159273c38ac7feaf04fea8214ded5e4bda54f68e293a3e4277da5dc16c7f61,0.44760424905689433,0,0
main-0291,practice_generator,edb451660c69188c,v6,ended,user_exit,3,3366.838062,3366838062,16,12799.190307340465,121,18,2,116,16,True,,0.305728000000002,0.31042416699347086,210.427378875,2,0.0,a10b3950b150ea95a7381e6662c66ee7aff4b3ee7d3ae60c45dd3ee47ab41726,0.08735095895826817,4,1
main-0288,practice_generator,d1f045b693c7f9a0,v4,ended,user_exit,20,5518.484225,5518484225,14,21067.421124867575,205,20,6,192,14,True,,0.05207999999998947,0.05771358299534768,394.17744464285715,7,135.4972910000006,8e697fdf86223c75e11c08fad1e0a42d8492aa0bf9a2bbd55151fd0eb5c035d3,0,0,0
main-0288,practice_generator,d1f045b693c7f9a0,v5,ended,user_exit,20,5709.519378,5709519378,14,22032.596881170157,200,29,15,188,14,True,,0.912542000000002,0.9513375000096858,407.8228127142857,7,537.1023830000004,ac565c242571192fbfa675de79bed506fd9bc1f09d799e6b3cde609536c412b5,0.8186532490071841,0,0
main-0288,practice_generator,d1f045b693c7f9a0,v6,ended,user_exit,18,5798.683756,5798683756,14,22383.418762530506,209,18,4,195,14,True,,0.3427719999999965,0.34886379100498743,414.19169685714286,7,441.01283200000034,af2bfd355f55b0fd13cf2e1287ad2ef33c878e5d0552332d042751f31623d964,0.08733158602262847,8,2
main-0289,practice_generator,b10b16ffef7d58df,v5,ended,user_exit,20,6354.224949,6354224949,11,21276.124721155935,342,14,3,325,11,True,,1.0649520000000052,1.1047689999977592,577.6568135454546,7,116.34815300000082,20cc9bc05423b549aec5bd753b1c6123c9eed5db297142c72b93897786b68ea0,0.9147667509678286,0,0
main-0289,practice_generator,b10b16ffef7d58df,v6,ended,user_exit,17,6265.895654,6265895654,11,21374.47825946371,325,13,2,305,11,True,,1.277507,1.2988750830118079,569.6268776363636,7,343.52459699999963,c7745cbad9f2e0f96ba01d0a008efb076352ff0016dc72b8a8ff5b499e101a11,1.0448789160582237,10,2
main-0289,practice_generator,b10b16ffef7d58df,v4,ended,user_exit,20,6413.009499,6413009499,11,21540.047468803325,341,17,6,327,11,True,,0.02972800000000575,0.029943417001049966,583.0008635454545,7,116.34815299999991,d1d977694641f6d42ea8fccea41e8a0158e11e2fe791ac080688526d9ade3df0,0,0,0
main-0293,practice_generator,a4179debe7d55fa3,v6,ended,user_exit,10,5693.609592,5693609592,13,20778.047943650363,245,20,7,227,13,True,,0.9828279999999978,0.9999444589775521,437.9699686153846,7,179.73472599999968,da0f5ecf2740d087a5b1825e799110ecebd64458401d623aacc0a0195a291287,0.7570625010703225,10,3
main-0293,practice_generator,a4179debe7d55fa3,v4,ended,user_exit,10,5896.264216,5896264216,13,21536.32107587194,248,30,17,233,13,True,,0.040448999999995294,0.04100883399951272,453.5587858461538,7,394.07453799999985,0d8e945c7cadcd52fc2292c66c995fa4f15c9cbc0589495b8364d1db5e211f6d,0,0,0
main-0293,practice_generator,a4179debe7d55fa3,v5,ended,user_exit,13,5873.520809,5873520809,13,21442.604056173353,247,31,18,231,13,True,,0.7946770000000072,0.8069416250218637,451.80929299999997,7,393.8236109999998,1fcc2a012ae858ac504c823ac437ac1c3709571f745af0bd40789a97b6bb4d55,0.6542267079639714,0,0
main-0294,practice_generator,cf8819c71007ef07,v4,ended,user_exit,15,5822.424253,5822424253,15,21487.121288169194,233,36,21,222,15,True,,0.037206999999995105,0.037795792013639584,388.1616168666667,10,173.41542600000048,e48c4352be8150813b585573e46bbdcb1e91798c678955eaaedfd03898d78f7e,0,0,0
main-0294,practice_generator,cf8819c71007ef07,v5,ended,user_exit,14,6109.738374,6109738374,15,23158.6918722532,227,32,17,217,15,True,,1.0802750000000003,1.0978843329939991,407.3158916,10,464.29117399999996,84557d602a157bfbafe2c209e8d82372dc137a16ac0a2e3afef5f9987c69d9e3,0.9496046229905915,0,0
main-0294,practice_generator,cf8819c71007ef07,v6,ended,user_exit,14,6048.906422,6048906422,15,22664.532095312956,235,30,15,221,15,True,,1.1643349999999941,1.185156041989103,403.26042813333333,10,463.0104819999997,78322ada3875e6939b14db20d2130e06edc056046b388a0e96a7c0b5035d01f6,0.9374920008995105,9,0
main-0295,practice_generator,28216f28613cd5ae,v5,ended,user_exit,18,6067.915713,6067915713,12,22314.57855706542,258,14,2,249,12,True,,0.5043950000000024,0.5116907079936936,505.65964275000005,4,758.0460280000007,6e54d939200b938025eb7fdff768622d7c9e21d8a306eaedadc96f686dc10fe6,0.3990523340180516,0,0
main-0295,practice_generator,28216f28613cd5ae,v6,ended,user_exit,18,6054.648191,6054648191,12,22133.240950731844,263,13,1,250,12,True,,0.6410950000000071,0.6528199999884237,504.5540159166667,4,757.2477290000006,663a64e985a10b38f2173013f2f0f789d6a5caa20e4c5e05220c295b381e6e88,0.4653252920252271,7,1
main-0295,practice_generator,28216f28613cd5ae,v4,ended,user_exit,18,6074.312895,6074312895,12,22376.56448015086,257,14,2,248,12,True,,0.03481500000000892,0.03558470800635405,506.19274125,4,758.0460279999998,fbdf8b298b57acbfe753620d0f75aaf13a7dbdc7e1645d22f5cffc8914ed0d7a,0,0,0
main-0292,practice_generator,ddf9a67d6b60e03f,v5,ended,user_exit,18,6563.608095,6563608095,13,22683.04047246054,327,17,4,315,13,True,,1.1478249999999974,1.1682745830039494,504.89293038461534,13,0.0,a0646786469263813cbfeaea1d993ad47dc9d841e4e497bd038e51744f8e8848,0.9723482900008094,0,0
main-0292,practice_generator,ddf9a67d6b60e03f,v6,ended,user_exit,6,6883.269991,6883269991,13,23856.3499594146,338,28,15,312,13,True,,2.1310940000000045,2.1796937090111896,529.482307,13,0.0,edbaf1ee443492b32f3bbb1a15c82b0b347c5a768d31901f514efa39c8183745,1.9664309999789111,12,2
main-0292,practice_generator,ddf9a67d6b60e03f,v4,ended,user_exit,18,6590.22676,6590226760,13,22791.133798887327,328,17,4,315,13,True,,0.037067999999990775,0.038078959012636915,506.94052,13,0.0,0bb2da03affd98e2b8db78347d1b0157d7ee29403626085cbe165b33e59f5b78,0,0,0
main-0296,practice_generator,1c55e3226ccdc1d1,v6,ended,user_exit,17,5520.228826,5520228826,12,19631.144116950756,250,28,16,236,12,True,,0.6406159999999943,0.6537824169790838,460.0190688333333,11,446.94477799999913,0df7ade3dd1f797ae4c56efdd1da2ac90701d36eb0800fd06dd66b7756ec90eb,0.48201783499098383,8,0
main-0296,practice_generator,1c55e3226ccdc1d1,v4,ended,user_exit,17,5840.46667,5840466670,12,20832.33333297705,257,40,28,245,12,True,,0.036912000000000944,0.03799775001243688,486.70555583333334,11,447.4611589999995,37ccbd285a6ee7de7c73ba8944277a59327c13d59b8bf4cce46bfdbf9b1baa7c,0,0,0
main-0296,practice_generator,1c55e3226ccdc1d1,v5,ended,user_exit,17,5517.882038,5517882038,12,19789.41019089694,245,26,14,233,12,True,,0.7115610000000032,0.7358073749928735,459.8235031666666,11,444.1564520000002,d7f6cc25bfe9e600b82dec7d66592b0534dbe078cfa7280287cabf89d6097bc5,0.6287567510444205,0,0
main-0297,practice_generator,882b8af022201faa,v4,ended,user_exit,17,5670.406855,5670406855,10,20442.03426033641,256,13,3,243,10,True,,0.03258800000000406,0.0329252079827711,567.0406855,2,442.17363699999987,4985b9524f9b04fb5247dd2694749f8aff8d135d3cad7fb28abe0c3200084d5d,0,0,0
main-0297,practice_generator,882b8af022201faa,v5,ended,user_exit,17,5673.115064,5673115064,10,20130.575307515683,266,15,5,252,10,True,,0.43206100000000447,0.4498070830013603,567.3115064,2,964.2174809999997,8a7728ac249098c24571ec687416dd29f47ed820b704e39e5ba1df90def72eb9,0.34115533097065054,0,0
main-0297,practice_generator,882b8af022201faa,v6,ended,user_exit,20,5695.724019,5695724019,10,20078.62006869715,272,15,5,255,10,True,,0.42486900000000105,0.43682158397859894,569.5724019,2,964.0319150000005,f653f22890a32b1d238257ecffb50ea8a1fa1d78f5f8960d3e35adf1e0dc7835,0.2427815010305494,9,2
main-0299,practice_generator,ed8520f3f909a58d,v6,ended,user_exit,14,5851.691803,5851691803,15,21363.45902616746,250,20,5,239,15,True,,0.6514179999999925,0.6673047090007458,390.1127868666666,6,0.0,9ff635d8e2d6fd3b4ff286150457e3b2488e3aa5a206d1c30fb85aba567b3bd5,0.35425624894560315,9,1
main-0299,practice_generator,ed8520f3f909a58d,v4,ended,user_exit,19,5968.545339,5968545339,15,21677.726697066773,259,20,5,248,15,True,,0.03861499999999296,0.039130166987888515,397.90302260000004,6,67.45866800000022,eb0cc1e9580d777bd5b574ab3a628260d2160325c6ca98e14d894bfe2380fd97,0,0,0
main-0299,practice_generator,ed8520f3f909a58d,v5,ended,user_exit,19,5902.507196,5902507196,15,21912.53599362836,239,22,7,229,15,True,,0.5535739999999976,0.564105291996384,393.5004797333333,6,0.0,cc1de09abd213a36fbbf38b6cd94dd6bda08a7a65685d8d10b9f9807205e268b,0.38542629301082343,0,0
all_directional-0001,all_directional,77c44344e376b22d,v5,ended,user_exit,17,5792.893715,5792893715,11,20799.46855963987,257,27,16,245,11,True,,0.3533249999999981,0.3609258329961449,526.6267013636364,11,136.21187199999986,862a73e70b3c1dd886b4adc38943e95a1c529eb2e9c9ca3a9326d7b152bedee1,0.2384462479967624,0,0
all_directional-0001,all_directional,77c44344e376b22d,v6,ended,user_exit,17,5840.274511,5840274511,11,20841.372517767297,268,20,9,250,11,True,,0.6829409999999996,0.694787583022844,530.9340464545454,11,136.21187199999986,6835031b7e626be6c6c5a0bb2d66cc3e36e0c76a48e8448c1ade9d215cc9fbf3,0.43496583198430017,11,2
all_directional-0001,all_directional,77c44344e376b22d,v4,ended,user_exit,17,5814.893715,5814893715,11,20799.46855963987,261,27,16,247,11,True,,0.03340999999998928,0.03408924999530427,528.6267013636364,11,136.21187199999986,377a2e230d95a15ba0318741b23a8a5b627c31f1cc0a504396af954667596f9f,0,0,0
main-0298,practice_generator,6a725a49c47719bb,v5,ended,user_exit,8,5390.796356,5390796356,16,21083.981810788115,177,31,15,164,16,True,,1.0613469999999978,1.0951056249905378,336.92477225,16,0.0,f23dd8c3a6451d2c391c42a8fbd4b6c080354452c0771aeb244f68e4327147f6,0.8852848740061745,0,0
main-0298,practice_generator,6a725a49c47719bb,v6,ended,user_exit,8,5407.623648,5407623648,16,21048.118257787624,183,28,12,167,16,True,,1.1491979999999984,1.171304791001603,337.976478,16,0.0,acb7490a63af0b908e91e71ee65b16fbc66c09f641fda7b7dfa158625c324c5e,0.8631048320094123,7,1
main-0298,practice_generator,6a725a49c47719bb,v4,ended,user_exit,8,5303.392597,5303392597,16,20601.962986354672,181,26,10,168,16,True,,0.05299299999998652,0.0538657920260448,331.4620373125,16,0.0,a291c630073c4cac95279de90268f40c84961d07818ca3ca04621a21f65dc6ff,0,0,0
all_directional-0000,all_directional,dde3797e4195c4a5,v4,ended,user_exit,19,5813.985827,5813985827,10,19779.92914931979,298,21,11,285,10,True,,0.034937999999996805,0.0357101249974221,581.3985827,10,401.87801000000036,7b3d3f64b2364ed27460066d5f8c8cb0537cf1ae3aa72ebc2d40e9870922a19f,0,0,0
all_directional-0000,all_directional,dde3797e4195c4a5,v5,ended,user_exit,19,5745.626919,5745626919,10,19588.13457593645,297,13,3,284,10,True,,0.666080000000008,0.6779892909980845,574.5626919,10,401.8541750000004,623f93682a1b5232dbfd93feb981d1f88b0270cf8a398a15dadd7795adf0ce1c,0.5809887109789997,0,0
all_directional-0000,all_directional,dde3797e4195c4a5,v6,ended,user_exit,19,5848.05825,5848058250,10,19830.291235275174,305,15,5,292,10,True,,0.7529530000000051,0.7684824159950949,584.805825,10,402.4144580000002,8bf697cd121c99d8048c34b9c7643ee0223876972b6d69ca1ed50dea597a8ed4,0.5855290410108864,10,2
all_directional-0003,all_directional,d1e2f623e3edefce,v4,ended,user_exit,17,6341.059766,6341059766,13,23445.298823350815,257,32,19,245,13,True,,0.03788400000000536,0.03841829200973734,487.7738281538462,13,450.79076200000054,a1e6a40571ac89c40c885a924bc149e654225d1d24eb5e9c2e018fdd2c4156ce,0,0,0
all_directional-0003,all_directional,d1e2f623e3edefce,v5,ended,user_exit,19,6266.661343,6266661343,13,22878.30669732464,266,27,14,254,13,True,,0.9269899999999893,0.9415873329853639,482.05087253846153,13,0.0,e3859f9c24c8bff5808096800afc6fb48e6e73e0def8cd9036ff2fd97ac9dfa1,0.8163614169461653,0,0
all_directional-0003,all_directional,d1e2f623e3edefce,v6,ended,user_exit,19,5603.361473,5603361473,13,20656.80735287915,232,22,9,220,13,True,,0.5545280000000048,0.5605749590031337,431.02780561538464,13,195.09311199999956,95a9ad4941084c857b35c3526ddeffb21787792c7346ef9c6f6d406ad23676a1,0.37922008393798023,6,2
all_directional-0002,all_directional,d50ef6073db84bd5,v6,ended,user_exit,19,6053.860365,6053860365,12,21419.30180655906,285,17,5,270,12,True,,0.5991659999999968,0.6105835420021322,504.48836374999996,12,447.46169799999916,1d9d39ab0fa10c4a17aaf212c69613205cf5ca3b18e20ca50210504887a396ed,0.47338799995486625,8,1
all_directional-0002,all_directional,d50ef6073db84bd5,v4,ended,user_exit,20,6409.969779,6409969779,12,22904.84889146559,286,35,23,270,12,True,,0.0330019999999962,0.033550416002981365,534.16414825,12,382.8759739999996,62b1d43c15e05a0649589ca2bc6236a55968ddf27efb92fec9f46cb9a6170cce,0,0,0
all_directional-0002,all_directional,d50ef6073db84bd5,v5,ended,user_exit,20,6241.44761,6241447610,12,22182.238049849984,285,29,17,269,12,True,,1.1402229999999918,1.1532833340170328,520.1206341666667,12,382.8759740000005,078a4e433d67b52b47f7445ffa26b2591446e6ebfe888c63a588ca4852999ae2,1.0402236240333878,0,0
all_directional-0004,all_directional,469d72a242e0e322,v5,ended,user_exit,20,5849.63118,5849631180,14,22298.15589258437,219,21,7,204,14,True,,0.675028999999995,0.6847511250234675,417.8307985714286,14,187.38678100000016,acef53bda5e652501efd844ff82c19844e17be86efe9abd8ba6df77750170299,0.5528046679974068,0,0
all_directional-0004,all_directional,469d72a242e0e322,v6,ended,user_exit,14,5582.205472,5582205472,14,20981.027357253988,219,18,4,209,14,True,,0.9151739999999933,0.9249826660088729,398.72896228571426,14,411.85164899999927,1695c886325fe7aa13911c874f7ad924d795d361c8da0c8a5df3d150c2b9de59,0.625147914950503,8,2
all_directional-0004,all_directional,469d72a242e0e322,v4,ended,user_exit,20,5989.700575,5989700575,14,22793.502869895736,223,27,13,207,14,True,,0.04020300000000532,0.040796375018544495,427.83575535714283,14,185.6880089999995,aaee19ce4f30c52529ff6d3b94e8ab1e8548badb698b3155333604eda4f85326,0,0,0
all_directional-0005,all_directional,73cdccfd9578e9de,v6,ended,user_exit,20,5806.167204,5806167204,15,22295.83599916422,208,28,13,193,15,True,,1.1307469999999995,1.1441622500133235,387.0778136,15,594.4495690000003,ac083e9452f2f8b40a093aeabf9f207d903006afb69843d26a837907f5fb494e,0.9111080039583612,6,1
all_directional-0005,all_directional,73cdccfd9578e9de,v4,ended,user_exit,20,6114.579076,6114579076,15,23897.895363298958,209,22,7,194,15,True,,0.04882499999999368,0.04925520802498795,407.6386050666667,15,594.0952690000004,3957c1fcc417963a24fc1ece7498bc6d3f0dfbcbdff36e772ad81947c824dabf,0,0,0
all_directional-0005,all_directional,73cdccfd9578e9de,v5,ended,user_exit,15,5903.730792,5903730792,15,22838.653952498666,206,29,14,189,15,True,,1.4922660000000008,1.513762249989668,393.58205280000004,15,594.5745919999999,44e308ae6d067d17e2b8aa247fe66a9863fc87d5216cc378b67902ed43f88237,1.382003376929788,0,0
all_directional-0007,all_directional,6eadb74c70aa32c2,v5,ended,user_exit,9,6435.330549,6435330549,10,23256.652730831658,289,14,4,277,10,True,,0.4269780000000054,0.43192454101517797,643.5330549,10,0.0,fc94222a248e996e1d6d7057df3ccef45947a27bab0b963289d963acd9395c43,0.33357033305219375,0,0
all_directional-0007,all_directional,6eadb74c70aa32c2,v6,ended,user_exit,18,5974.174746,5974174746,10,20595.873721507025,302,13,3,286,10,True,,1.017265000000009,1.0360103329876438,597.4174746,10,0.0,0ea11420c9f67ff704a6051f9e4feafabd1b9fcae71a2ec20bee8857c7caf8a3,0.7768860000069253,11,3
all_directional-0007,all_directional,6eadb74c70aa32c2,v4,ended,user_exit,9,6435.330549,6435330549,10,23256.652730831658,289,14,4,277,10,True,,0.036432000000004905,0.03694941700086929,643.5330549,10,0.0,fc94222a248e996e1d6d7057df3ccef45947a27bab0b963289d963acd9395c43,0,0,0
all_directional-0006,all_directional,26c0c6147451087b,v4,ended,user_exit,9,5201.701911,5201701911,16,20378.50954951098,174,22,6,158,16,True,,0.05177199999999971,0.05226662498898804,325.1063694375,16,0.0,b39d7bb12f3297a4d7b259e762dffdc9a87c59f4334a5fa77e6a7a4470642368,0,0,0
all_directional-0006,all_directional,26c0c6147451087b,v5,ended,user_exit,9,5144.446939,5144446939,16,20017.23471648376,171,33,17,155,16,True,,1.0732289999999978,1.0853872089937795,321.5279336875,16,0.0,52becd41ad9e540e4a197d3f7f487f9f10307bd13ac17911c39dbe76b219593b,0.8996649598993827,0,0
all_directional-0006,all_directional,26c0c6147451087b,v6,ended,user_exit,15,5160.364785,5160364785,16,19881.823910949686,178,35,19,157,16,True,,0.9484479999999991,0.9689124589785933,322.5227990625,16,0.0,9cdd1ea1d04ae521454a2c337dc0d934e6abba7b67d77bd24ea4ac7b89cf75b4,0.6135209150379524,11,2
all_directional-0008,all_directional,3ee6daa33dbf74f0,v6,ended,user_exit,5,5985.239325,5985239325,11,20696.196615470468,295,24,13,277,11,True,,0.8925299999999936,0.9025099170103204,544.1126659090909,11,0.0,ea20a6b5488d460eb8d335120a177ae58c31bc312ad6cfa133b142932cd17493,0.72895704198163,7,0
all_directional-0008,all_directional,3ee6daa33dbf74f0,v4,ended,user_exit,20,6176.566993,6176566993,11,21677.834973431287,292,27,16,278,11,True,,0.03792500000000132,0.03861250000772998,561.5060902727273,11,0.0,a5a18286347e0a751e3fdb5de772e01d8dc7a0816771ac6db719b68a3008fc4c,0,0,0
all_directional-0008,all_directional,3ee6daa33dbf74f0,v5,ended,user_exit,20,6087.200545,6087200545,11,21261.002725242604,292,25,14,278,11,True,,1.0452259999999995,1.0667774169996846,553.3818677272727,11,0.0,ff00444fed2bbe6fca3bab7097d2ad10d680600ca8bbe60656d31f5bac14c6a5,0.9578177910589147,0,0
all_directional-0010,all_directional,5d3e612def340168,v5,ended,user_exit,20,5946.836671,5946836671,13,22144.18334884712,240,22,9,226,13,True,,0.9157550000000043,0.9264792920148466,457.4489746923077,13,319.04939600000034,363a1c48cc7ea7849e66472064ed13ba26911e6b6ba2fe1bf475af1ac5a35c18,0.8122897490684409,0,0
all_directional-0010,all_directional,5d3e612def340168,v6,ended,user_exit,20,5969.588249,5969588249,13,22252.941248592433,242,19,6,226,13,True,,1.019798999999992,1.0296099160041194,459.1990960769231,13,318.9784490000002,a9b433f46b1051f371f1f7f43691be78c56434a831806182d507450e769f7a01,0.870508542022435,5,0
all_directional-0010,all_directional,5d3e612def340168,v4,ended,user_exit,20,6138.151258,6138151258,13,22770.75630882686,249,25,12,238,13,True,,0.04286599999998941,0.04329320800025016,472.16548138461536,13,611.1392939999996,a7427222fe53a738230f6474cf6597acdd44d24eeec628f2278239201df746a2,0,0,0
all_directional-0011,all_directional,97b997f4c04c8b5a,v6,ended,user_exit,12,6142.961932,6142961932,14,22624.809641303695,257,21,7,242,14,True,,0.8853709999999921,0.8949087079963647,438.78299514285715,14,191.34893999999986,5f7dd7fa79d4f270a2e9b80d009c872563243f4a463129c83a29a79de1b55eb6,0.6451033750199713,11,1
all_directional-0011,all_directional,97b997f4c04c8b5a,v4,ended,user_exit,16,5954.078974,5954078974,14,22160.394870887336,240,22,8,228,14,True,,0.039248000000000616,0.03951587501796894,425.2913552857143,14,120.84996800000044,15d001d710e38953bcd20be27250d2d11d769112630f5cb06de3aecd45151953,0,0,0
all_directional-0011,all_directional,97b997f4c04c8b5a,v5,ended,user_exit,12,5951.154934,5951154934,14,22145.774654038207,240,22,8,228,14,True,,0.9619739999999979,0.9710303329920862,425.0824952857143,14,120.84996800000044,dce298a63301d3fc66833f9ccbfd4d5a9c4795225ec6c4e44ce295da9f6d77f2,0.8048205850063823,0,0
all_directional-0012,all_directional,6f9870ef0ffa9d4a,v4,ended,user_exit,15,6020.16217,6020162170,15,22480.810850393114,235,33,18,220,15,True,,0.04350700000000529,0.04383225002675317,401.34414466666664,15,295.9472479999995,19f5b5f2701a2b8d5134ce5c6d05966042b086492910d751740d72b589e7c581,0,0,0
all_directional-0012,all_directional,6f9870ef0ffa9d4a,v5,ended,user_exit,15,5770.471675,5770471675,15,21332.358354686316,231,35,20,214,15,True,,0.9573689999999999,0.9660252500034403,384.69811166666665,15,295.9472479999995,c84bc1cce4df547952ea18545184cb5be1d0326ad2a59519b3a6be8eb7e4c79a,0.7811357899627183,0,0
all_directional-0012,all_directional,6f9870ef0ffa9d4a,v6,ended,user_exit,15,5747.650501,5747650501,15,21213.252495566132,238,21,6,222,15,True,,1.1786519999999996,1.1955203749821521,383.1767000666667,15,77.83392100000037,10a31618f02330719384ad98d2e8df0e95079910e35ebd407edccc703d961f93,0.9164467489172239,14,1
all_directional-0009,all_directional,a91e4f208459495c,v4,ended,user_exit,20,6274.234222,6274234222,12,22781.171111531574,273,23,11,260,12,True,,0.04330699999999865,0.04388158398796804,522.8528518333334,12,220.85277899999983,179e9bffadc38ea05d343943f8e1d64a7f393cad974df3f9676b0a9c58eaaf3f,0,0,0
all_directional-0009,all_directional,a91e4f208459495c,v5,ended,user_exit,20,6198.090435,6198090435,12,22425.45218466237,268,31,19,256,12,True,,1.6686940000000021,1.6872420830186456,516.50753625,12,220.85277899999983,25c320ef0e9513df170f0298188bf829ab49d25c2867d60103f9c5a8bb60e202,1.582327998999972,0,0
all_directional-0009,all_directional,a91e4f208459495c,v6,ended,user_exit,20,6031.835278,6031835278,12,21659.17637475246,272,20,8,256,12,True,,1.6204210000000074,1.641479708981933,502.6529398333333,12,222.9780269999992,2b030eaa912ce38d101df728c634ddd533f8b1d35204108f7b57d0ac3b4797c7,1.4522002059966326,10,0
all_directional-0014,all_directional,9e03db6e2ebb081e,v6,ended,user_exit,18,6242.141908,6242141908,10,21715.70953151215,303,26,16,286,10,True,,0.9206020000000024,0.9345166670100298,624.2141908,10,0.0,5abf4bd80151a4789ee8e40dc53f82fb2b3f1664abb4fe449ad668f8df59565a,0.7631080839200877,11,3
all_directional-0014,all_directional,9e03db6e2ebb081e,v4,ended,user_exit,17,6248.779407,6248779407,10,21948.897024067344,299,19,9,287,10,True,,0.0299930000000046,0.03043208399321884,624.8779407,10,503.32820100000026,5c089c6d09bbb45e087d88edaf64111c5c671923a30dcbd890c64c6deeb3fdc3,0,0,0
all_directional-0014,all_directional,9e03db6e2ebb081e,v5,ended,user_exit,17,6273.792725,6273792725,10,21773.963645783464,302,33,23,290,10,True,,1.1448120000000017,1.2266063750139438,627.3792725000001,10,473.7481600000001,659fbe7e864e9cd4988de5b086a307d1143b30a796816eb386767ea5300ccc9e,1.1304880829993635,0,0
all_directional-0015,all_directional,e772ce5151797007,v4,ended,user_exit,20,5874.034972,5874034972,11,21125.17487301684,262,25,14,242,11,True,,0.04191400000000556,0.04280620801728219,534.0031792727273,11,193.19999000000007,27cff77ddda49e1fe1eaa52a6c0288e473f891ecd9e0943700392185f6016bae,0,0,0
all_directional-0015,all_directional,e772ce5151797007,v5,ended,user_exit,20,5776.811715,5776811715,11,20709.058573001807,260,24,13,241,11,True,,1.0452089999999998,1.0834642499976326,525.1647013636364,11,193.76294700000017,29f8643a3a319381f386ca463a187e8338dcd8d3d3f4568acb9aa29a3622def0,0.9546385830326471,0,0
all_directional-0015,all_directional,e772ce5151797007,v6,ended,user_exit,20,5790.920459,5790920459,11,20784.60228084903,261,21,10,244,11,True,,1.067742999999993,1.1380691249796655,526.4473144545454,11,192.23978199999965,695bcfa0615b9068e6944887a80a3513336a13a4b9410c69d98fa5a3d6b33caf,0.9243335429928266,7,0
all_directional-0016,all_directional,b030dfc28eaebb65,v5,ended,user_exit,17,5937.110176,5937110176,12,21965.55088569267,245,22,10,229,12,True,,0.9737300000000033,1.02483204100281,494.75918133333334,12,1236.9435389999999,b2798908809b563fc6c838b3057c9293969fba2a61c82b712e7f89d1a533636d,0.895525083062239,0,0
all_directional-0016,all_directional,b030dfc28eaebb65,v6,ended,user_exit,16,6044.931159,6044931159,12,22319.6557838692,252,20,8,237,12,True,,1.2519010000000037,1.3162877920258325,503.74426324999996,12,568.0216030000001,b64c2f36eb647cacfc9e8974110734cf1fc60f34b8db923bde462430bca0639f,1.0543338349962141,9,5
all_directional-0016,all_directional,b030dfc28eaebb65,v4,ended,user_exit,17,6390.903328,6390903328,12,23524.516645228967,269,21,9,254,12,True,,0.03953200000000834,0.040856874984456226,532.5752773333334,12,1143.5610980000001,b698bd1919cdf397e57b2f974f0f268024111c4cfcb83f8d781045a811319aa7,0,0,0
all_directional-0013,all_directional,e9fa22f583b5af84,v5,ended,user_exit,6,5858.821655,5858821655,16,22129.108283462454,216,41,25,198,16,True,,1.8636929999999978,1.891279375005979,366.1763534375,16,0.0,cfe7ef48990145ac2965da99e799b9d1efa3059602ea139c527dcc19df797f39,1.7371828330506105,0,0
all_directional-0013,all_directional,e9fa22f583b5af84,v6,ended,user_exit,6,5736.187032,5736187032,16,21555.935158313845,218,34,18,201,16,True,,1.790097000000003,1.9067507500003558,358.5116895,16,0.0,8c0e252719d7d54862a5334ad31c402d2c89823b7490600d89d674a4bb709bfb,1.5694280819152482,8,3
all_directional-0013,all_directional,e9fa22f583b5af84,v4,ended,user_exit,6,5703.098196,5703098196,16,22055.490977548423,196,33,17,181,16,True,,0.05396600000000262,0.05533054200350307,356.44363725,16,0.0,712567c0d9463d84519469fa49e84ca58bbd4b6b2ed3f2219477743f9bab4de2,0,0,0
all_directional-0017,all_directional,161fc5d2015cc4b7,v6,ended,user_exit,15,6201.875239,6201875239,13,22104.37617160788,277,37,24,259,13,True,,0.8703319999999906,0.9037832920148503,477.06732607692305,13,418.6220579999999,5362e8396b13b41a80e88fea9aeb3e93fe80b3e754d07a84d661b2771d41b625,0.6142829159507528,10,3
all_directional-0017,all_directional,161fc5d2015cc4b7,v4,ended,user_exit,15,6269.196024,6269196024,13,22760.980119120297,272,26,13,253,13,True,,0.05148200000000713,0.053177708003204316,482.24584799999997,13,418.0757590000003,470c9d98a2c4a9292f07106a762f423ea4be0f1eac98bde4a8a1e7bdcdb7b365,0,0,0
all_directional-0017,all_directional,161fc5d2015cc4b7,v5,ended,user_exit,18,6049.742547,6049742547,13,22258.712715470836,251,27,14,236,13,True,,0.6208589999999958,0.6379304169968236,465.3648113076923,13,605.3182299999999,546850af3abda6069ebee34dfcf203a6171c840f0add0876a96aa9414772c118,0.4527113760705106,0,0
all_directional-0018,all_directional,fc00353149d6c0b5,v4,ended,user_exit,18,5845.808143,5845808143,14,22074.040696334352,222,28,14,209,14,True,,0.03866899999999873,0.039852417015936226,417.5577245,14,199.79342700000052,8240015744ce1f063f5fbf34ab1cf24a43dce2d222f71ad4a04bf0b7b99be382,0,0,0
all_directional-0018,all_directional,fc00353149d6c0b5,v5,ended,user_exit,18,5838.326321,5838326321,14,21946.631611572175,225,28,14,212,14,True,,1.046008999999998,1.0753082500013988,417.0233086428571,14,200.03560899999957,04a5578823eb55e30fe58baa7acbef781a52085f18ab5845019de0abdca7404f,0.9653437479864806,0,0
all_directional-0018,all_directional,fc00353149d6c0b5,v6,ended,user_exit,18,5924.953055,5924953055,14,22159.76527215593,233,28,14,216,14,True,,1.1150049999999965,1.1355363329930697,423.2109325,14,200.9419799999996,c6d9bb632a82e24786165c223000d9d5a060b91f146350af71b2a4e9c887b0f2,0.9378304180281702,6,0
all_directional-0020,all_directional,376bceb6ef57e2aa,v6,ended,user_exit,10,5908.044327,5908044327,16,22870.221645556227,202,36,20,184,16,True,,1.2050660000000022,1.2304475410201121,369.2527704375,16,0.0,86c9d848d3144058f4c8398a7dfe6fe3544583b46f2ee61726f34221aab02f06,0.9822831250203308,9,5
all_directional-0020,all_directional,376bceb6ef57e2aa,v4,ended,user_exit,10,5249.960611,5249960611,16,20759.803020318926,165,31,15,148,16,True,,0.050501999999994496,0.05130841600475833,328.1225381875,16,0.0,35dbad94384b0f62c535b7692784f3aaf3143deea00410f0d50bb80c292f9d32,0,0,0
all_directional-0020,all_directional,376bceb6ef57e2aa,v5,ended,user_exit,8,4784.034584,4784034584,16,18730.172929357574,150,40,24,136,16,True,,0.8911900000000088,0.9074648749956395,299.0021615,16,0.0,278c2dc2019c4cddb16a8703bd51f5b4495982fee19b06cf39748c8ebc28893a,0.7610196250025183,0,0
all_directional-0021,all_directional,970c0974ce8ac7b6,v4,ended,user_exit,20,6148.319977,6148319977,10,22176.59989659951,273,24,14,256,10,True,,0.03710099999999272,0.03843154100468382,614.8319977,10,204.9965970000003,ff51fe77ec9ce6af6032dfe828d26ac28ebc5f37220f7f325df6d742327c1560,0,0,0
all_directional-0021,all_directional,970c0974ce8ac7b6,v5,ended,user_exit,19,5928.14455,5928144550,10,20800.722746814026,285,17,7,272,10,True,,1.0189200000000085,1.0386735000065528,592.814455,10,363.2487080000001,b17ef5fdcf0336de89979fd1acd8a362a9ad3ec04a4ed9ae293921fe87eb6fce,0.9144848749856465,0,0
all_directional-0021,all_directional,970c0974ce8ac7b6,v6,ended,user_exit,19,5993.145014,5993145014,10,21050.72505428521,288,17,7,272,10,True,,1.1640210000000053,1.1899461669963785,599.3145013999999,10,361.6315879999993,347fba88a2f6ff17c177f565da40e9782ed4658deee903eb98ecb56c17576402,0.9962695000576787,7,2
all_directional-0022,all_directional,2f6ad4b4722ab0f6,v5,ended,user_exit,15,5789.270316,5789270316,11,21401.351567388105,241,19,8,225,11,True,,0.37583499999999503,0.38197208402561955,526.2973014545455,11,945.8624639999998,36105d02bf89be03c281c326f8e44692f784192d981e9ce98ac90d3dc6be9100,0.26601958301034756,0,0
all_directional-0022,all_directional,2f6ad4b4722ab0f6,v6,ended,user_exit,18,5781.08785,5781087850,11,21180.43922801834,248,17,6,232,11,True,,0.4903730000000053,0.5027720000070985,525.5534409090909,11,944.7127009999995,cc8d694821be7619fffa97459d9c95389203d747bfaec50aa30328213f546018,0.2724408750073053,7,1
all_directional-0022,all_directional,2f6ad4b4722ab0f6,v4,ended,user_exit,18,5892.579047,5892579047,11,21472.89518070191,249,33,22,232,11,True,,0.039334999999994125,0.04021891698357649,535.6890042727273,11,1091.6389520000002,22b7aa22d247a271774fa16ea3e5ab1b885b65bac72a54a3cb3eff86a471feac,0,0,0
all_directional-0019,all_directional,6986d816b0d03d3d,v5,ended,user_exit,12,5893.808086,5893808086,15,22504.040435500643,215,29,14,201,15,True,,1.8177980000000105,1.857566416991176,392.92053906666666,15,137.69443599999977,7eed606de390fd96e609093d8acfe7dfeb60dd3aabb9566150498cc565f4190c,1.673534708970692,0,0
all_directional-0019,all_directional,6986d816b0d03d3d,v6,ended,user_exit,12,5901.374717,5901374717,15,22496.87357562016,215,33,18,198,15,True,,1.4955109999999934,1.5260565830103587,393.4249811333333,15,136.37687099999948,79079514caf36a7fc67545db2c8bd747a30226593796a9c0a35f64e01fc3305d,1.2807079568738118,12,1
all_directional-0019,all_directional,6986d816b0d03d3d,v4,ended,user_exit,12,6467.187706,6467187706,15,24855.938550396535,227,40,25,211,15,True,,0.050103000000007114,0.05115266700158827,431.14584706666665,15,137.69443599999977,f4cb8c5fd6b8985a4a099ba343ab8ea3e5593e5b5bc4d24ea589e5d1c3e434c4,0,0,0
all_directional-0023,all_directional,c2c4fcb53e0d6c42,v6,ended,user_exit,20,6027.160746,6027160746,12,21970.803703491856,261,21,9,241,12,True,,0.7960580000000022,0.8139007500139996,502.26339549999994,12,1137.5765499999998,e88101aa47b5c471db0ffad7fd30097e3bbfe66fbc8c08c800d29397968748d0,0.6448252069822047,10,3
all_directional-0023,all_directional,c2c4fcb53e0d6c42,v4,ended,user_exit,20,6072.760725,6072760725,12,22218.803601591106,256,27,15,244,12,True,,0.03413799999999867,0.0346643750090152,506.06339375,12,609.8179609999997,65f5ba83bb7a076c55eec4370f2e8fc3107a4974e146d3611333ee903e202abe,0,0,0
all_directional-0023,all_directional,c2c4fcb53e0d6c42,v5,ended,user_exit,20,6068.06796,6068067960,12,22275.33979647321,256,22,10,243,12,True,,1.2227120000000014,1.2606591669900808,505.67233000000004,12,605.2519769999999,e6b7ebaee7a372c1703ab5899f051d146a900cb40d19b3111c6d522948cd1315,1.1561313300335314,0,0
all_directional-0024,all_directional,809fddf349108c86,v4,ended,user_exit,19,6179.537088,6179537088,13,22772.685451923935,252,33,20,240,13,True,,0.03619799999999884,0.036897084006341174,475.34900676923075,13,625.8318879999997,cad681ef50d69c06135d2eb54ad7cf44544fc6974014317910f4dc55415de6cf,0,0,0
all_directional-0024,all_directional,809fddf349108c86,v5,ended,user_exit,19,5955.999094,5955999094,13,21819.995463872805,251,24,11,239,13,True,,1.0139790000000062,1.0501669170043897,458.1537764615384,13,625.8318879999997,30bf86dd799fcd89a56defb7b535d9f6f7a0de8fededb76b841720a7854ac1d0,0.9153492920449935,0,0
all_directional-0024,all_directional,809fddf349108c86,v6,ended,user_exit,19,6033.708156,6033708156,13,22018.540770440566,259,21,8,246,13,True,,0.8881479999999868,0.9055499579990283,464.1313966153846,13,625.8318879999997,c47e96d4c76c6b2d0d944482871842c5302ee16718280cf9f26881ca30ddc373,0.6616137929959223,9,0
all_directional-0025,all_directional,d4c3fbc0b24a9010,v5,ended,user_exit,20,6118.705042,6118705042,14,23088.525191432564,232,29,15,226,14,True,,0.7824140000000028,0.8047030000016093,437.05036014285713,14,0.0,41d085944c59d0348653538badd629da413ef3b854f0327030bec118705a3079,0.6441134569759015,0,0
all_directional-0025,all_directional,d4c3fbc0b24a9010,v6,ended,user_exit,12,5898.382856,5898382856,14,21571.914279646546,247,31,17,228,14,True,,1.1118670000000037,1.1370245419966523,421.3130611428572,14,300.48463900000024,c2c47a8d59410c5d0c518eaaa2af39ad319308f4226ef38b573d9b1fe72930b0,0.8897107919910923,12,4
all_directional-0025,all_directional,d4c3fbc0b24a9010,v4,ended,user_exit,20,6234.168569,6234168569,14,23530.842829228695,237,28,14,231,14,True,,0.03903900000000249,0.0399079589988105,445.29775492857146,14,0.0,dc25728ebfe583f53a17051dad884aaeddbecd909841d2848ea1f7e06591ab6a,0,0,0
all_directional-0026,all_directional,e21d525285b338af,v6,ended,user_exit,19,6113.69171,6113691710,15,22083.458535561287,264,33,18,248,15,True,,0.9821519999999992,1.011722124996595,407.57944733333335,15,553.8824960000002,96f34211fa6e945e58c542cde8ce0d9a903adb039454a3a03717add59a73c664,0.7181198340549599,11,0
all_directional-0026,all_directional,e21d525285b338af,v4,ended,user_exit,19,6151.033439,6151033439,15,22325.167180496974,259,39,24,244,15,True,,0.03607499999999675,0.03654204201302491,410.0688959333333,15,552.9116610000001,73e83ab042584c945d3a8a1609f62f5a8416d67099e3aaa4ea32547efb7c393c,0,0,0
all_directional-0026,all_directional,e21d525285b338af,v5,ended,user_exit,19,6076.499508,6076499508,15,22072.497534855283,259,31,16,244,15,True,,0.9940749999999952,1.0223687500110827,405.0999672,15,552.9116610000001,994ad7180623d490a6f37db8691f916a25aa35da60d01723ab2c9defd5ee6602,0.8419224179815501,0,0
all_directional-0027,all_directional,3f9c41c076d2eb8b,v4,ended,user_exit,17,5863.599642,5863599642,16,22627.998207013126,203,33,17,192,16,True,,0.04027700000000323,0.04146254199440591,366.474977625,16,0.0,392108ab5b322ce3b106ddc224609162183028131d702ebd22ec8bc2619a4864,0,0,0
all_directional-0027,all_directional,3f9c41c076d2eb8b,v5,ended,user_exit,17,5854.516649,5854516649,16,22627.583227255265,203,30,14,192,16,True,,1.193183999999988,1.2300427079899237,365.9072905625,16,0.0,97ace7212b9718f056966247e3cce5c471d8f2d4653ce6bd4f6c8fbf0cf18b7c,1.0336520009150263,0,0
all_directional-0027,all_directional,3f9c41c076d2eb8b,v6,ended,user_exit,8,5577.241832,5577241832,16,21206.209157059897,207,26,10,191,16,True,,0.6353259999999921,0.6891205839929171,348.5776145,16,0.0,5336e14469afa6a8e9a1803a698d5c9b0a7dd746979a9a3f5918806ccb067a95,0.34206379199167714,11,1
all_directional-0028,all_directional,427a405b9d0f33ac,v5,ended,user_exit,7,6140.544542,6140544542,10,20987.722704961856,314,18,8,299,10,True,,1.2040079999999875,1.2511662500037346,614.0544542,10,0.0,374cb820a5e3f16b545cf3c4d9ed724ce85d38592906ae764da21483a449067d,1.1549022889812477,0,0
all_directional-0028,all_directional,427a405b9d0f33ac,v6,ended,user_exit,7,6184.228085,6184228085,10,21086.140407691793,317,21,11,299,10,True,,0.8863330000000076,0.9432847920106724,618.4228085,10,0.0,7d0cd2d1f309c5c930395e078c19140fcfe5ced7b56777b3d5dae06d152b45fc,0.7564782509871293,6,1
all_directional-0028,all_directional,427a405b9d0f33ac,v4,ended,user_exit,7,6317.021631,6317021631,10,21755.108163017485,311,31,21,298,10,True,,0.0357919999999865,0.044673459022305906,631.7021631,10,0.0,dfda114f3b21386f94734fa4e90d371cec987d6c0e7ae787353d0ae91399896f,0,0,0
all_directional-0029,all_directional,55b0268e7fbf4a34,v6,ended,user_exit,20,6250.344631,6250344631,11,21711.72314903007,304,25,14,291,11,True,,0.8476480000000208,0.8728564170014579,568.2131482727273,11,293.14498300000014,a0fa3e850bea18a700cf469a556877bf3f2a4eab1f6a49badd31795d87fef807,0.7062806689937133,6,1
all_directional-0029,all_directional,55b0268e7fbf4a34,v4,ended,user_exit,20,6097.120375,6097120375,11,21645.60186523953,282,24,13,264,11,True,,0.035393999999996595,0.03715600000577979,554.2836704545455,11,228.98694800000067,ac735c0e6db3eb8f5fc12c2bf4cf3317f4864724e77ec9caef3082396708edc5,0,0,0
all_directional-0029,all_directional,55b0268e7fbf4a34,v5,ended,user_exit,20,5979.897639,5979897639,11,21074.48819714292,278,31,20,260,11,True,,1.3169079999999838,1.4107051249884535,543.627058090909,11,228.98694799999976,fe5590d4e3cd52b809489433c3bb9789e0b660d8c485b6952137c0ea9bbd5218,1.2634417079098057,0,0
all_directional-0030,all_directional,7cba6ffd08ca4655,v4,ended,user_exit,19,6300.635856,6300635856,12,22233.17927413839,297,21,9,282,12,True,,0.03455199999999081,0.03541841698461212,525.052988,12,272.54904499999975,4a6840d0d8540c30add69e529e738577ff532427ae71971961a89f81b41bb9de,0,0,0
all_directional-0030,all_directional,7cba6ffd08ca4655,v5,ended,user_exit,19,6343.324808,6343324808,12,22081.62403665084,309,23,11,289,12,True,,1.9957789999999989,2.1317667909897864,528.6104006666667,12,0.0,423edb18db56169b716844bb3edb2b8f7aa8d43b880be75f771ce13783a5da0e,1.8087931689224206,0,0
all_directional-0030,all_directional,7cba6ffd08ca4655,v6,ended,user_exit,17,6044.653405,6044653405,12,20868.267021751355,299,23,11,283,12,True,,0.707886000000002,0.72726333400351,503.72111708333335,12,568.7384869999996,475f65952249ed1beaeefde3204c842adae0b9cf8923f5550b049c9af84fbba5,0.47660091597936116,11,0
all_directional-0031,all_directional,3862531c20070404,v5,ended,user_exit,19,5936.129035,5936129035,13,21150.645158881947,274,17,4,259,13,True,,1.3672150000000158,1.4432557499967515,456.6253103846154,13,621.0627059999997,e2776bfdbc50f26eb6199ceacc34d1fd6c70f7471ea30d43f63f842d4becb511,1.2467306250182446,0,0
all_directional-0031,all_directional,3862531c20070404,v6,ended,user_exit,19,5922.457693,5922457693,13,21072.28843585559,274,19,6,255,13,True,,0.9223880000000122,0.9425094590114895,455.5736686923077,13,617.0069659999999,13f249442235fedb0407733c38240a7a734d1bfd13b7b79d92ae855a7074496c,0.6740117059380282,9,0
all_directional-0031,all_directional,3862531c20070404,v4,ended,user_exit,19,6049.012822,6049012822,13,21830.064104885467,268,21,8,254,13,True,,0.03486700000001974,0.03589058399666101,465.30867861538457,13,620.7381399999995,824627918d0e22782ec9c7e7809c5ea7cd91c83051e7dfd910a5d03185af626c,0,0,0
all_directional-0032,all_directional,4f1a1a56711c2009,v6,ended,user_exit,20,5563.525696,5563525696,14,20877.628486595466,217,24,10,203,14,True,,0.9600709999999992,1.0181288339954335,397.39469257142855,14,150.73976099999982,2c88021cc15c603ab50cade7ee053a120aa421e9c3b58cc737910fb86f96933d,0.7500643780513201,3,0
all_directional-0032,all_directional,4f1a1a56711c2009,v4,ended,user_exit,20,5925.758108,5925758108,14,22338.790540380567,226,30,16,210,14,True,,0.05164299999998434,0.052867666992824525,423.2684362857143,14,150.82305900000028,d378f811f4b19383efa7dddf3e116ee93479cee78856362ab94cd68d1bd0afcc,0,0,0
all_directional-0032,all_directional,4f1a1a56711c2009,v5,ended,user_exit,20,5550.470343,5550470343,14,20902.351713369266,214,24,10,200,14,True,,0.8713349999999878,0.8901627500017639,396.46216735714285,14,150.42634699999962,585b8e9836f122102ce946529082c7bbfb6798df159921e681900913fcce2d55,0.7272409190190956,0,0
all_directional-0033,all_directional,50006b3d6a1987b5,v4,ended,user_exit,13,6225.207881,6225207881,15,23871.03941313151,224,30,15,211,15,True,,0.05532800000000293,0.05768245900981128,415.01385873333334,15,0.0,982fdbe766bb4fa9b855ff663e7ebdad14eb1e53f800fb9f81d784935e57ee8f,0,0,0
all_directional-0033,all_directional,50006b3d6a1987b5,v5,ended,user_exit,13,6112.78951,6112789510,15,23503.9475409391,218,29,14,205,15,True,,1.4338750000000005,1.487330416974146,407.51930066666665,15,0.0,cf203225395852c3244f65671348fa056901defa1123500bc453f727220675cc,1.3449022929999046,0,0
all_directional-0033,all_directional,50006b3d6a1987b5,v6,ended,user_exit,12,6191.852298,6191852298,15,23574.26151555209,224,40,25,207,15,True,,1.095247999999998,1.141601167008048,412.79015319999996,15,0.0,1472e99293ee5e8e99481c7c35d040e70d1d35e043003f8feec0ebe5ea615579,0.8678536259976681,12,0
boundary_outward_r1000-0001,boundary_outward_r1000,8c37f49aac47e55c,v4,ended,user_exit,4,6965.049078,6965049078,11,22450.245408488547,389,47,36,367,11,True,,0.03220799999999713,0.034176999994087964,633.1862798181818,11,0.0,9475b54c393fc07bf0f6ca18e9f396176aa9a33433c952167302334b0a360a1f,0,0,0
boundary_outward_r1000-0001,boundary_outward_r1000,8c37f49aac47e55c,v5,ended,user_exit,4,6944.299864,6944299864,11,22431.49933901735,387,45,34,366,11,True,,1.606176999999974,1.6488657910085749,631.2999876363637,11,0.0,93789244760a85d3149e680eb07e98f33333c504c498cbd2af31a476d01f27ff,1.530627829983132,0,0
boundary_outward_r1000-0001,boundary_outward_r1000,8c37f49aac47e55c,v6,ended,user_exit,4,6163.774275,6163774275,11,19153.8713752355,381,15,4,361,11,True,,0.5908780000000036,0.607919458008837,560.3431159090909,11,0.0,c69aff8bbf9a60e63f2bab9fa2331b3f3b5e43b3e74a15a564bc06137b33e19c,0.5226585009659175,7,0
boundary_outward_r1000-0000,boundary_outward_r1000,23176319f11e47a8,v6,ended,user_exit,17,6265.455098,6265455098,10,19477.275471097844,386,18,8,366,10,True,,0.5155279999999891,0.5458042499958538,626.5455098,10,0.0,9bd1e4fc63410cee882d3949ed1bcda5f0aedd7ba57ef65fe72af625ed134d9b,0.4749495829746593,7,0
boundary_outward_r1000-0000,boundary_outward_r1000,23176319f11e47a8,v4,ended,user_exit,17,7180.552137,7180552137,10,23167.76063579519,393,64,54,370,10,True,,0.026011999999980162,0.026470334007171914,718.0552137,10,0.0,3229e1f53dbaab02d43832201d00ba52de846f11ae9f52b9340d3e8e5b04d546,0,0,0
boundary_outward_r1000-0000,boundary_outward_r1000,23176319f11e47a8,v5,ended,user_exit,17,7198.803125,7198803125,10,23174.01557017524,396,64,54,372,10,True,,2.1758109999999817,2.223260707978625,719.8803125000001,10,0.0,3895c82af16caab95ad7ca84ae1e4d3d6faae584eaa203599ec5de669709aca3,2.1070912930590566,0,0
all_directional-0034,all_directional,561b0051c1df49d2,v5,ended,user_exit,18,6373.301246,6373301246,16,23851.506218972547,247,35,19,231,16,True,,2.5856119999999976,2.655568084010156,398.331327875,16,0.0,d77af32a1112e0dc20b3b3e3ff493f47cd62ad7c39ce1f976208a3140313fa47,2.4825413749495056,0,0
all_directional-0034,all_directional,561b0051c1df49d2,v6,ended,user_exit,20,5721.03203,5721032030,16,20540.16013453444,254,25,9,236,16,True,,1.9463950000000239,2.0114019580069,357.564501875,16,0.0,ddf32986ca7ee3376bb2c4c35887a6698b866dcf19d0df581eac1754379f9df2,1.7095334999030456,15,5
all_directional-0034,all_directional,561b0051c1df49d2,v4,ended,user_exit,18,6319.614053,6319614053,16,23488.070249307748,248,39,23,233,16,True,,0.04807099999999309,0.04871741699753329,394.9758783125,16,0.0,54c259bb9a66a00f1a149c1b97a4068f5c7a8b1a588cbeb797ca4bb99ddd51c9,0,0,0
boundary_outward_r1000-0002,boundary_outward_r1000,4a211674a01aa3b4,v5,ended,user_exit,13,6963.308006,6963308006,12,22841.540008917833,377,43,31,357,12,True,,1.8697369999999864,1.912762958992971,580.2756671666667,12,0.0,735aad30921bce91d7435702ff2450b5d6e3205d40ab2df9fa5111c3378b2464,1.7688476270704996,0,0
boundary_outward_r1000-0002,boundary_outward_r1000,4a211674a01aa3b4,v6,ended,user_exit,13,6649.117734,6649117734,12,21450.588645125157,378,28,16,361,12,True,,1.6483849999999904,1.701966500026174,554.0931445,12,0.0,8b6df5fa14162becbd8d6d02e025fd1eadf35866f11a6376d995fd617aa523e8,1.5275259160262067,9,0
boundary_outward_r1000-0002,boundary_outward_r1000,4a211674a01aa3b4,v4,ended,user_exit,13,6966.904946,6966904946,12,22769.52471351025,380,43,31,360,12,True,,0.0402909999999963,0.044276875007199124,580.5754121666666,12,0.0,e4e3a966929327e25fd97ec2a2767da374054bb4b88611e69099ace0b88b4ee0,0,0,0
boundary_outward_r1000-0003,boundary_outward_r1000,2bac37fa02b984a4,v6,ended,user_exit,19,6531.473108,6531473108,13,20982.365548619062,377,24,11,352,13,True,,1.3743240000000014,1.4143349579826463,502.4210083076923,13,274.5132960000001,2e0c902997a077732f53cf987410f73f9864a8fa7d66bc49dde5d20447d71a1c,1.1695229570323136,10,0
boundary_outward_r1000-0003,boundary_outward_r1000,2bac37fa02b984a4,v4,ended,user_exit,19,7266.737844,7266737844,13,24053.68925156924,388,42,29,364,13,True,,0.04144599999997922,0.04268491599941626,558.9798341538461,13,276.2288580000004,3330f228eda07814402e800cbc56709045b342bf92aee4eaa73a5bd664442b0b,0,0,0
boundary_outward_r1000-0003,boundary_outward_r1000,2bac37fa02b984a4,v5,ended,user_exit,19,7164.524249,7164524249,13,23582.62127751585,387,41,28,364,13,True,,2.8062850000000026,3.0907329999899957,551.1172499230769,13,276.2288580000004,4c101dfa437aab169a9682a08bd5511308adc1d646ec48b4d6f4ce7f3628aff9,2.6385517090384383,0,0
boundary_outward_r1000-0004,boundary_outward_r1000,0ad1c4cacd7efdf9,v4,ended,user_exit,9,7380.536731,7380536731,14,24402.683613103334,387,59,45,360,14,True,,0.03851099999999974,0.03929399998742156,527.1811950714285,14,0.0,358636ba722f64d6b69081f3951fdf4cdf077032d3cb3611b08e388f6b915b96,0,0,0
boundary_outward_r1000-0004,boundary_outward_r1000,0ad1c4cacd7efdf9,v5,ended,user_exit,9,7388.503616,7388503616,14,24447.518056371715,388,57,43,360,14,True,,3.9431219999999882,4.279224958998384,527.7502582857143,14,0.0,864c4795168280f2c4db74fc889702fe32186aa4826c11044226462a8041350a,4.0810924560937565,0,0
boundary_outward_r1000-0004,boundary_outward_r1000,0ad1c4cacd7efdf9,v6,ended,user_exit,9,6691.785342,6691785342,14,21648.926702196077,379,28,14,355,14,True,,1.802597999999989,1.8623453750042245,477.9846672857143,14,0.0,e3ef4e4596643d37e4fe7eaf24deaf2a5748cd206a5be13d4e391c8a40b25536,1.6693100828852039,10,0
boundary_outward_r1000-0005,boundary_outward_r1000,f0ed122bd09dd61c,v5,ended,user_exit,11,7105.454955,7105454955,15,23747.27482574143,362,59,44,339,15,True,,2.9313510000000065,3.2219652500061784,473.696997,15,0.0,84aa73d0543613044baf4ed9c4913ccc21dd5e92d69acf3b326eb71fde005a03,2.8852472481084988,0,0
boundary_outward_r1000-0005,boundary_outward_r1000,f0ed122bd09dd61c,v6,ended,user_exit,11,6403.294956,6403294956,15,21016.474775113053,352,27,12,329,15,True,,1.6388450000000034,1.6946386249910574,426.88633039999996,15,0.0,308425ceca3ea4ddde95873f313478bf6e9d0559eaba787d23c615c854be1b4b,1.45071416607243,8,0
boundary_outward_r1000-0005,boundary_outward_r1000,f0ed122bd09dd61c,v4,ended,user_exit,11,7200.995018,7200995018,15,24154.975140463685,363,62,47,339,15,True,,0.043608000000006086,0.04575812502298504,480.0663345333333,15,0.0,6b785da78dd3e2ef9e24ae1b6366093feb739d6165523f545567c64a8ba7fd7a,0,0,0
boundary_outward_r1000-0006,boundary_outward_r1000,cb7847d5fd266f33,v6,ended,user_exit,13,6431.582296,6431582296,16,20837.911480496965,363,25,9,342,16,True,,1.7316669999999874,1.9573200000158977,401.9738935,16,0.0,655ed4e6ece4a5dce0c40d7ac890e456f045170a0b82a3733430bc1de7af38a2,1.6785453740158118,11,0
boundary_outward_r1000-0006,boundary_outward_r1000,cb7847d5fd266f33,v4,ended,user_exit,2,7652.892122,7652892122,16,25799.460641129783,377,76,60,348,16,True,,0.04764600000001451,0.052633624989539385,478.305757625,16,0.0,5236c409d5589bcd02681ce35dcf8f468ef4a0537f3748fad0b91bacb27d2698,0,0,0
boundary_outward_r1000-0006,boundary_outward_r1000,cb7847d5fd266f33,v5,ended,user_exit,2,7626.019633,7626019633,16,25810.098188677213,376,68,52,348,16,True,,4.245188999999982,4.470435833005467,476.6262270625,16,0.0,49b2780a8cd813290bac5556b1d490f0f5f9e16da19e6fb016bd7207b40aacb8,4.2919658329337835,0,0
boundary_outward_r1000-0007,boundary_outward_r1000,c8bef768a8169e35,v4,ended,user_exit,19,7440.059443,7440059443,10,23600.297170685008,423,63,53,396,10,True,,0.0397440000000131,0.042470999993383884,744.0059443,10,210.26274399999966,2540446fb8d734b990d6d2c04a87c262bf2a02605ec1b2d245dd9d21d64151a2,0,0,0
boundary_outward_r1000-0007,boundary_outward_r1000,c8bef768a8169e35,v5,ended,user_exit,19,7412.912516,7412912516,10,23549.562565200835,426,52,42,397,10,True,,3.3089750000000038,3.4513462919858284,741.2912516,10,207.21038600000065,83c6376e9e63b065c93446464151bf39dc9ca655999b6f893d4cc84f97533047,3.182751666085096,0,0
boundary_outward_r1000-0007,boundary_outward_r1000,c8bef768a8169e35,v6,ended,user_exit,19,6837.892609,6837892609,10,21264.463027367303,419,27,17,389,10,True,,1.8421830000000057,1.9550960839842446,683.7892609,10,211.1803660000005,37a75598b4630e660e0de5619f84bf97cd4cd1113effd83418b5dc4114b345a2,1.7274061249627266,8,0
boundary_outward_r1000-0009,boundary_outward_r1000,2717f7fadf1e691a,v6,ended,user_exit,19,6302.171406,6302171406,12,20260.857038123282,363,22,10,345,12,True,,0.45817400000001385,0.48103149997768924,525.1809505,12,440.05189900000005,1ba35ff9c21a0090b4c790ea3b4d9c7e4ba4bbb8bc223ec7135a6c0c91fe565f,0.33517366502201185,7,0
boundary_outward_r1000-0009,boundary_outward_r1000,2717f7fadf1e691a,v4,ended,user_exit,19,7276.968413,7276968413,12,23929.842103135717,384,63,51,358,12,True,,0.03835300000000075,0.039440207998268306,606.4140344166666,12,441.4159439999994,08e5ce98a9faf9b5350ca9faa9741a22fa0828dba41f9373594bca728f0cd9e9,0,0,0
boundary_outward_r1000-0009,boundary_outward_r1000,2717f7fadf1e691a,v5,ended,user_exit,19,7337.503427,7337503427,12,24257.517170422452,386,58,46,358,12,True,,3.6046300000000144,3.824272458004998,611.4586189166666,12,441.4159439999994,aa8c0f13ed805daf45feaf91f0e5926de2ff91237113fb8ee0a985a77d9f8a4b,3.545065537939081,0,0
boundary_outward_r1000-0008,boundary_outward_r1000,49f23c59d18352a4,v5,ended,user_exit,18,6901.792707,6901792707,11,22043.96350538363,394,43,32,372,11,True,,2.758725999999996,2.921685166977113,627.4357006363635,11,183.91672799999924,f04fa60905b6d63d061642d0778cee91f89fffd16652f0af20b84b9516a05eb0,2.6303576650097966,0,0
boundary_outward_r1000-0008,boundary_outward_r1000,49f23c59d18352a4,v6,ended,user_exit,18,6427.50116,6427501160,11,20222.505783690085,387,21,10,363,11,True,,1.409054999999995,1.49877908299095,584.3182872727273,11,185.95895199999995,65b0657c2556c30e3b59f570e3d5b1f5d2876d47b5fe18a8e8048430fdcc911d,1.2772606250073295,8,0
boundary_outward_r1000-0008,boundary_outward_r1000,49f23c59d18352a4,v4,ended,user_exit,18,6901.792707,6901792707,11,22043.96350538363,394,43,32,372,11,True,,0.03859999999997399,0.03910937500768341,627.4357006363635,11,183.91672799999924,f04fa60905b6d63d061642d0778cee91f89fffd16652f0af20b84b9516a05eb0,0,0,0
boundary_outward_r1000-0010,boundary_outward_r1000,da49b449b69ba8b5,v4,ended,user_exit,19,7135.38389,7135383890,13,22876.91946830217,405,44,31,377,13,True,,0.04108199999998874,0.04327820899197832,548.8756838461538,13,129.33575800000017,315cac68879c8d85c555e40cd394faf378c99d74a3c899f3cdc47a386518d2fd,0,0,0
boundary_outward_r1000-0010,boundary_outward_r1000,da49b449b69ba8b5,v5,ended,user_exit,19,7214.217152,7214217152,13,23281.085790255853,404,45,32,377,13,True,,3.721968000000004,3.909754916006932,554.9397809230769,13,129.33575800000017,70817c90c5f38ea40ea95dd05bd6796944f1cd5039cf8cfb1afee3c36cf1cbe3,3.5934657510370016,0,0
boundary_outward_r1000-0010,boundary_outward_r1000,da49b449b69ba8b5,v6,ended,user_exit,19,6761.22852,6761228520,13,21501.14260217326,398,25,12,370,13,True,,2.700427999999988,2.8689050420071,520.0945015384615,13,131.08948699999928,59fb0728b22a954cd3dac9c654800eee8f479ff054138ecd5b068bf4272d7998,2.650541375973262,10,0
boundary_outward_r1000-0011,boundary_outward_r1000,48ab27a54c688037,v5,ended,user_exit,4,7113.634114,7113634114,14,23083.170623021255,389,53,39,365,14,True,,3.316613000000018,3.5134490829950664,508.11672242857145,14,0.0,938a74702c822440cd1dbf5502d0edbdd646198e720490c1190e6e0ad471ca14,3.350519042025553,0,0
boundary_outward_r1000-0011,boundary_outward_r1000,48ab27a54c688037,v6,ended,user_exit,4,6791.847641,6791847641,14,21709.238178888765,389,37,23,366,14,True,,1.8234779999999944,1.9158838749863207,485.1319743571429,14,0.0,13031ffc1b32ad80dd24363a814eea3e1bf91555bb4485bebb5b35fdce298b9e,1.7245842919510324,10,0
boundary_outward_r1000-0011,boundary_outward_r1000,48ab27a54c688037,v4,ended,user_exit,4,7112.601878,7112601878,14,23088.009447338285,388,54,40,365,14,True,,0.03589900000000057,0.0372671669756528,508.0429912857143,14,0.0,45662a5147acbb85594d418e0982ec4f840a60d3b7859675104be310a523697c,0,0,0
boundary_outward_r1000-0012,boundary_outward_r1000,d1485042d4a13d21,v6,ended,user_exit,13,6579.876618,6579876618,15,21419.383076117763,368,27,12,345,15,True,,1.8126210000000071,1.924133083986817,438.6584412,15,510.8376040000003,2918323e9b914fd7379240f00d49994e92e388ba9cbc654f7ba14702cec37c8c,1.6815040850488003,10,0
boundary_outward_r1000-0012,boundary_outward_r1000,d1485042d4a13d21,v4,ended,user_exit,13,6857.650914,6857650914,15,22733.254608829597,361,44,29,344,15,True,,0.04095900000001507,0.04279083400615491,457.1767276,15,474.54451599999993,f17aa2ed7063ae6eac123736d28d91f2fbace6478d80b5ae2c453df853958323,0,0,0
boundary_outward_r1000-0012,boundary_outward_r1000,d1485042d4a13d21,v5,ended,user_exit,13,6895.809362,6895809362,15,22944.046823246328,361,43,28,343,15,True,,3.2242020000000196,3.3786132920067757,459.72062413333333,15,474.54451599999993,d6d50a8be1f560aec3ba1f0f78c8bfa07a1f1c35fdd9ce2e13fcef4cd4483f7c,3.2446677470579743,0,0
boundary_outward_r1000-0013,boundary_outward_r1000,43e11fe0dc3c15f3,v4,ended,user_exit,17,7652.480532,7652480532,16,26057.4026835715,363,87,71,333,16,True,,0.04873799999998596,0.04983812500722706,478.28003325,16,0.0,b5eb94ba852ba8e4ab49fd880c96be707d43b057a245d4953dda493f0795747c,0,0,0
boundary_outward_r1000-0013,boundary_outward_r1000,43e11fe0dc3c15f3,v5,ended,user_exit,17,7676.448325,7676448325,16,26252.24163929296,364,81,65,331,16,True,,5.553235999999998,5.820141958014574,479.7780203125,16,0.0,584acfb90d9353c07253924d7a63adbb83cbec0908493d13fa21727797df6549,5.543344542966224,0,0
boundary_outward_r1000-0013,boundary_outward_r1000,43e11fe0dc3c15f3,v6,ended,user_exit,2,6836.025726,6836025726,16,23200.12863907849,348,33,17,325,16,True,,2.5452339999999936,2.7031292500032578,427.251607875,16,0.0,e007cb0eb4e16d3427f1cc884125355c1269acefe05f3fa66b13811218e9a4d0,2.443776541069383,11,1
boundary_outward_r1000-0016,boundary_outward_r1000,91b6921fc81df429,v4,ended,user_exit,15,6154.608926,6154608926,12,19578.04465017729,361,23,11,341,12,True,,0.036158000000000357,0.03775808299542405,512.8840771666667,12,696.0841190000001,d77cac5a0785aa0cd55eb39bed6228bdddfa736ebb8d5a2ad3b93a819ee33665,0,0,0
boundary_outward_r1000-0016,boundary_outward_r1000,91b6921fc81df429,v5,ended,user_exit,15,6151.28884,6151288840,12,19586.444227142438,360,23,11,341,12,True,,1.738929000000013,1.78147162499954,512.6074033333333,12,696.0841190000001,74f60d164ea139876c743c56a8f00ec56564bc9676eae2640f849eb9a13bec61,1.6572161270596553,0,0
boundary_outward_r1000-0016,boundary_outward_r1000,91b6921fc81df429,v6,ended,user_exit,15,6137.134089,6137134089,12,19310.670444154544,368,22,10,345,12,True,,1.4168819999999869,1.559103709005285,511.42784075000003,12,696.2958040000003,06082c4d27097945bf9ad02b24d8bce08afee04a0c348f9d5b61cf84a356f7ab,1.3101790009823162,8,0
boundary_outward_r1000-0014,boundary_outward_r1000,c9cfe46e378e398f,v5,ended,user_exit,19,7117.014147,7117014147,10,23005.070766810117,392,56,46,368,10,True,,2.894014999999996,2.9745938749983907,711.7014147,10,151.09031400000003,83536b783c8c1f851dfb665fbfcf9e63a30b85f85d9327e55edcd84923b4aea4,2.844944708951516,0,0
boundary_outward_r1000-0014,boundary_outward_r1000,c9cfe46e378e398f,v6,ended,user_exit,19,6498.100866,6498100866,10,20585.50432604216,388,18,8,367,10,True,,1.4223790000000065,1.564912000001641,649.8100866,10,150.29127100000005,7667a870392e0942825a9422c1495ab8d2d7b5f3a4cbdfc95883ec40d3839fe5,1.4073582499986514,10,0
boundary_outward_r1000-0014,boundary_outward_r1000,c9cfe46e378e398f,v4,ended,user_exit,19,7118.268313,7118268313,10,22961.341599326268,391,61,51,368,10,True,,0.037321999999988975,0.03968766599427909,711.8268313,10,151.09031399999913,f5020609ac8ca34c095af9375833c2f112af243e3db2b7f7d28340230ab47274,0,0,0
boundary_outward_r1000-0015,boundary_outward_r1000,deefeb333c92cd28,v6,ended,user_exit,13,6607.010674,6607010674,11,21200.053344973367,376,36,25,357,11,True,,1.3892590000000098,1.4297541250125505,600.637334,11,0.0,f63980c24e68ca75ee7da81801347304dad9a1f6b8f80262cc266af3f279ab8d,1.3245204989507329,10,0
boundary_outward_r1000-0015,boundary_outward_r1000,deefeb333c92cd28,v4,ended,user_exit,13,7556.530828,7556530828,11,25082.654056216194,385,78,67,359,11,True,,0.036385999999993146,0.03711604198906571,686.957348,11,0.0,7738e6e0629d938ed4af6aca061bda32ee17eed74af5b0fb1c023fdfee22595f,0,0,0
boundary_outward_r1000-0015,boundary_outward_r1000,deefeb333c92cd28,v5,ended,user_exit,13,7618.686131,7618686131,11,25423.43059281466,388,71,60,359,11,True,,3.5846769999999992,3.828926916990895,692.6078300909091,11,0.0,57911eb9ef707f13aa2ed964d5c5f6a3e531fb60093289fb96d0b69678e56333,3.728811252163723,0,0
boundary_outward_r1000-0019,boundary_outward_r1000,b6f38f8177fd9e32,v4,ended,user_exit,16,7125.763159,7125763159,15,23848.815814324065,365,53,38,342,15,True,,0.05229500000001508,0.057287707983050495,475.05087726666665,15,452.31614400000035,e4415d1154e054caad80e263d5994e40c69734ff4220c270255e10c1f7559183,0,0,0
boundary_outward_r1000-0019,boundary_outward_r1000,b6f38f8177fd9e32,v5,ended,user_exit,16,7111.289095,7111289095,15,23941.445492559422,361,51,36,335,15,True,,3.338830999999999,3.599861750000855,474.08593966666666,15,452.31614400000035,12a57f8d5bc441b747379cba64eb914a168bb912d80a22bcb5a90a185c1c97ee,3.31043050106382,0,0
boundary_outward_r1000-0019,boundary_outward_r1000,b6f38f8177fd9e32,v6,ended,user_exit,16,6211.95533,6211955330,15,20204.776652718643,348,25,10,326,15,True,,1.2108240000000023,1.2421044999791775,414.13035533333334,15,455.77655499999946,52b3ae114a21f08ab758c025a424a28ad93f5cf2c44f6513815cd698d1c5264c,1.0170378740585875,9,0
boundary_outward_r1000-0018,boundary_outward_r1000,9dfeb5a3b97cbed5,v6,ended,user_exit,17,6553.685161,6553685161,14,20663.42579789197,390,27,13,362,14,True,,2.205830999999989,2.4081757079984527,468.12036864285716,14,0.0,14c54f61d1beebfa0bd329387951eb973d91fca56148cbde01130169f6374b13,2.101406793022761,9,0
boundary_outward_r1000-0018,boundary_outward_r1000,9dfeb5a3b97cbed5,v4,ended,user_exit,17,6909.381648,6909381648,14,22376.90825014944,380,49,35,359,14,True,,0.040098999999997886,0.041992791986558586,493.52726057142854,14,0.0,90dc454ec8c8d796f5297b72f06248ddd71cfdcdf0ed9a099dd08637dcbc71af,0,0,0
boundary_outward_r1000-0018,boundary_outward_r1000,9dfeb5a3b97cbed5,v5,ended,user_exit,17,6935.227704,6935227704,14,22431.138534573907,383,49,35,359,14,True,,2.7653469999999913,2.875131209002575,495.3734074285714,14,0.0,0b563fde01d8003d3e2305a588be1efdad5a822b392028fdff6ad0121743f800,2.649877207004465,0,0
boundary_outward_r1000-0017,boundary_outward_r1000,3bed85d6667e2ad8,v5,ended,user_exit,19,7252.06457,7252064570,13,24335.322860448916,371,53,40,345,13,True,,3.600779000000017,3.8632264579937328,557.8511207692308,13,181.30210699999952,4f27443762fd07d02d27c3fd186d9f59cf30fe217c63ec722c0fe9352af89186,3.673359918000642,0,0
boundary_outward_r1000-0017,boundary_outward_r1000,3bed85d6667e2ad8,v6,ended,user_exit,19,6432.572305,6432572305,13,21027.861531186343,361,19,6,339,13,True,,1.9109689999999944,1.9804984579968732,494.8132542307692,13,184.96596099999988,54ed404a40d887500c5ccea33bf13823ebdfe4f7179fc6b078d74925347dd30e,1.8161789559817407,10,0
boundary_outward_r1000-0017,boundary_outward_r1000,3bed85d6667e2ad8,v4,ended,user_exit,19,7344.290279,7344290279,13,24691.451407558165,373,56,43,347,13,True,,0.040701000000012755,0.04250899999169633,564.9454060769231,13,181.30210699999952,63684ccde11d5c3f33d5da84901126e02d31fc0acd3679f0d7d594ffa095e850,0,0,0
boundary_outward_r1000-0020,boundary_outward_r1000,dfbc2f25296fcf0c,v5,ended,user_exit,6,7500.677422,7500677422,16,24873.38710936847,385,71,55,356,16,True,,4.447099000000009,4.7192395419988316,468.792338875,16,0.0,af8654f12d85d1f11496dbeeaad18dce72fca89d8b2708db775441f9ec7cafe4,4.355114041041816,0,0
boundary_outward_r1000-0020,boundary_outward_r1000,dfbc2f25296fcf0c,v6,ended,user_exit,6,6618.491379,6618491379,16,21512.456905592986,369,33,17,340,16,True,,2.851754999999997,2.9639006670040544,413.6557111875,16,0.0,6c3ae4418cdb5271faeb8b59b2ada5a3209e30e8a6dbffc12e57b61ffa904b57,2.7107896249799524,12,1
boundary_outward_r1000-0020,boundary_outward_r1000,dfbc2f25296fcf0c,v4,ended,user_exit,6,7569.346228,7569346228,16,25286.73110780503,382,72,56,354,16,True,,0.05691600000000108,0.06164699999499135,473.08413925,16,0.0,8a552c180915eafa8eed5e5a03f5e9fcd7cd55c93357fbc50758ebc17759f640,0,0,0
boundary_outward_r1000-0021,boundary_outward_r1000,21ced4512a3ccd12,v6,ended,user_exit,5,6614.542264,6614542264,10,21232.711318005757,385,22,12,357,10,True,,2.2002899999999954,2.3046666659938637,661.4542263999999,10,0.0,a3ef79de459ebd0f8e7097ce8edcb9a7f6d2fe96435b1b12de699089da45ea18,2.159469374048058,7,0
boundary_outward_r1000-0021,boundary_outward_r1000,21ced4512a3ccd12,v4,ended,user_exit,13,6724.134906,6724134906,10,21800.674530057888,380,29,19,357,10,True,,0.03211199999998371,0.03289950001635589,672.4134906,10,0.0,ae580a5cacd5eca5d91e2a5d44d49e4a46df13dadf1ad7511355542aff072baf,0,0,0
boundary_outward_r1000-0021,boundary_outward_r1000,21ced4512a3ccd12,v5,ended,user_exit,13,6727.80673,6727806730,10,21879.033657122982,380,25,15,357,10,True,,2.0862050000000067,2.2192372499848716,672.780673,10,0.0,bb687cd5d73ddcfac6ca3e35bd1078dde538fc1316561717f3309666119fa80b,2.098008748027496,0,0
boundary_outward_r1000-0022,boundary_outward_r1000,f4f511c80e7c7705,v4,ended,user_exit,10,7042.846434,7042846434,11,22554.232161168988,401,43,32,376,11,True,,0.03932700000001432,0.04208804099471308,640.2587667272727,11,0.0,bb9c32d22d35ced100f02c4ce556e360957c4e0d83594dec08844d9e150f2d8e,0,0,0
boundary_outward_r1000-0022,boundary_outward_r1000,f4f511c80e7c7705,v5,ended,user_exit,10,7017.438433,7017438433,11,22517.192158273578,399,41,30,374,11,True,,2.4201599999999814,2.51252195800771,637.9489484545455,11,0.0,4118e8cfacb846f2642f11bd4211c4ab5044fdfbd2f83c430fd42a013c3c2ea1,2.3325059589988086,0,0
boundary_outward_r1000-0022,boundary_outward_r1000,f4f511c80e7c7705,v6,ended,user_exit,10,6675.367952,6675367952,11,21046.83974311576,400,23,12,375,11,True,,2.0054700000000025,2.1443072499823757,606.851632,11,0.0,f511b9bc022bd22c039ac58eec29dbdce35760c83f000bd14b717b948121d6d5,1.9245456240023486,8,0
boundary_outward_r1000-0023,boundary_outward_r1000,7d7f95f2d600b174,v5,ended,user_exit,20,6960.146414,6960146414,12,22680.732070296308,380,48,36,356,12,True,,2.593697999999989,2.692099500010954,580.0122011666666,12,0.0,51dc7301229a761340aa42963b776071cc7eb9aec3fb557a7a52ecfdc5d9c87f,2.5241845400305465,0,0
boundary_outward_r1000-0023,boundary_outward_r1000,7d7f95f2d600b174,v6,ended,user_exit,20,6546.327585,6546327585,12,21031.63791888522,376,28,16,352,12,True,,1.6028419999999812,1.7319410000054631,545.52729875,12,0.0,59999c05cebd274b777b5623f957590c06df04b5bab2ec549e77424ca391ea5a,1.553187625046121,8,0
boundary_outward_r1000-0023,boundary_outward_r1000,7d7f95f2d600b174,v4,ended,user_exit,20,6973.609768,6973609768,12,22708.04883844613,381,49,37,356,12,True,,0.040020999999995865,0.045487625000532717,581.1341473333333,12,0.0,1eec7412db0979f47fefcc0a5abf0b58c695f94af51f0d02ec6e82e3e4a774a9,0,0,0
boundary_outward_r1000-0024,boundary_outward_r1000,75c5481f62c27aee,v6,ended,user_exit,10,6102.525962,6102525962,13,19727.62979760003,350,18,5,327,13,True,,1.6892430000000047,1.8095399580197409,469.425074,13,0.0,9c3f4a993684404055cd3833d8d2cb075e94af7446b69a6ef99aa80f5aa89cd7,1.5052067910437472,9,0
boundary_outward_r1000-0024,boundary_outward_r1000,75c5481f62c27aee,v4,ended,user_exit,4,7281.997225,7281997225,13,23724.986124722902,401,44,31,374,13,True,,0.0448159999999973,0.046658000006573275,560.1536326923077,13,0.0,b36aa727094beeb0c7fd120e528667597ded4d7a957d396681cec6176bfb2371,0,0,0
boundary_outward_r1000-0024,boundary_outward_r1000,75c5481f62c27aee,v5,ended,user_exit,4,7260.83772,7260837720,13,23774.188603284565,399,37,24,374,13,True,,3.429491999999982,3.5274472910095938,558.5259784615384,13,0.0,9fe5508ce31aff1b767c13b2d16baee48e7db80243c9d03c2200cac651e36d74,3.193721958959941,0,0
boundary_outward_r1000-0027,boundary_outward_r1000,b5f3d35cf344dff1,v6,ended,user_exit,15,6621.45104,6621451040,16,20987.255198211355,391,23,7,368,16,True,,1.3783680000000231,1.414790874987375,413.84069,16,0.0,eddc066d524b3278f8c316ed1a7dd6a3e77a6458341f85f782e1f3a2cb4fa019,1.1290081680344883,8,0
boundary_outward_r1000-0027,boundary_outward_r1000,b5f3d35cf344dff1,v4,ended,user_exit,15,6975.691494,6975691494,16,22073.457442248644,400,51,35,376,16,True,,0.03935500000000047,0.040099666017340496,435.980718375,16,0.0,f74207883a5c0e99033184e260fe4a74bb93466bc149a46a153cc4fd71f4aa6e,0,0,0
boundary_outward_r1000-0027,boundary_outward_r1000,b5f3d35cf344dff1,v5,ended,user_exit,15,6898.077827,6898077827,16,21840.38911243931,397,46,30,375,16,True,,2.8278259999999875,2.926483624993125,431.1298641875,16,0.0,6833214d302da3427e8194eb3fad5afa74b82e9bdf6c017bf10ef042625e8503,2.6188286259712186,0,0
boundary_outward_r1000-0025,boundary_outward_r1000,ae3f75b6dcbaa315,v4,ended,user_exit,11,7459.961138,7459961138,14,25019.805736496182,375,69,55,346,14,True,,0.04412599999997724,0.0460621660167817,532.854367,14,409.603838,2319965ac851c37f1f3c93354692fc4fb3f5876e6845b116476d68cb5afe9ad5,0,0,0
boundary_outward_r1000-0025,boundary_outward_r1000,ae3f75b6dcbaa315,v5,ended,user_exit,11,7513.150496,7513150496,14,25395.752541569615,376,60,46,346,14,True,,3.864653999999973,3.9877493749954738,536.6536068571429,14,412.86209400000007,0053c888606091a2827b8da1293588b50324f60fff08e1f5cb836aeab694700a,3.7946617899287958,0,0
boundary_outward_r1000-0025,boundary_outward_r1000,ae3f75b6dcbaa315,v6,ended,user_exit,11,6534.332501,6534332501,14,21261.662502897427,367,26,12,341,14,True,,2.195616000000001,2.371195166982943,466.73803578571426,14,410.8558809999995,ece1a814956be005fff094709d0a9b66de2cdea065dc1b01d505204d8c4be05a,2.1699619169230573,12,0
boundary_outward_r1000-0026,boundary_outward_r1000,022c2fe05f84ef70,v5,ended,user_exit,17,8037.644542,8037644542,15,27428.222723591243,382,88,73,348,15,True,,5.11475999999999,5.36972750001587,535.8429694666667,15,0.0,ace6e1386f2f913700b09942b5394e027e0b5cf304440be015046eaea6e206e6,5.088277124013985,0,0
boundary_outward_r1000-0026,boundary_outward_r1000,022c2fe05f84ef70,v6,ended,user_exit,14,7035.410173,7035410173,15,23512.050858353054,370,37,22,342,15,True,,2.512674000000004,2.5788252909842413,469.0273448666667,15,0.0,3c0b3cf217e1397a2eaffa6d22d225e75e933226678ee6187c74a965a804b25e,2.260059126012493,13,0
boundary_outward_r1000-0026,boundary_outward_r1000,022c2fe05f84ef70,v4,ended,user_exit,17,8007.881093,8007881093,15,27299.405490341418,380,90,75,348,15,True,,0.0453600000000165,0.04607050001504831,533.8587395333333,15,0.0,1c980901fa1ffb8f4530a870a61011ecc5bec19c5b2eca9ea37a7c1d4e8072a0,0,0,0
boundary_outward_r1000-0028,boundary_outward_r1000,5a3b7d8b4715a050,v4,ended,user_exit,11,6926.151417,6926151417,10,21990.757068378043,407,29,19,386,10,True,,0.02848800000001006,0.02955258300062269,692.6151417,10,0.0,fed6014f3df40d532ba5a4df6ab210e3706a5c06f0d009e2d0fa95e1433b245e,0,0,0
boundary_outward_r1000-0028,boundary_outward_r1000,5a3b7d8b4715a050,v5,ended,user_exit,11,6922.930779,6922930779,10,22004.653867006742,407,27,17,386,10,True,,2.191441999999995,2.369208958989475,692.2930779000001,10,0.0,89c8630e57dd0457455bb657d8a0781d3078add1aca1b2bdea484176b5166724,2.263446874974761,0,0
boundary_outward_r1000-0028,boundary_outward_r1000,5a3b7d8b4715a050,v6,ended,user_exit,11,6898.843849,6898843849,10,21829.21923159245,411,24,14,386,10,True,,1.622037000000006,1.659419000003254,689.8843849,10,0.0,d20928c5e0252e7eb0775b3b4f0732da6d929c86890a6a9335947596ab254720,1.5439397060545161,8,0
boundary_outward_r1000-0029,boundary_outward_r1000,d896ed94ef0365c5,v5,ended,user_exit,20,6466.992377,6466992377,11,20819.96188907278,366,34,23,349,11,True,,2.100878999999992,2.2542492500215303,587.9083979090909,11,224.65331499999957,ae197e95ef10de44b92f49fdcb3caea18ffcf0ccb056d7a3dc499644da900359,2.148304081056267,0,0
boundary_outward_r1000-0029,boundary_outward_r1000,d896ed94ef0365c5,v6,ended,user_exit,20,6097.143049,6097143049,11,18960.71524801358,374,21,10,350,11,True,,1.4803079999999795,1.5150127089873422,554.2857317272727,11,225.92876400000023,d6aba1930b44f0bdecaf5068d38c2c76576d70196b774140b88b79a6746e3d45,1.3501508739136625,9,0
boundary_outward_r1000-0029,boundary_outward_r1000,d896ed94ef0365c5,v4,ended,user_exit,20,6458.112406,6458112406,11,20565.562045053426,372,37,26,352,11,True,,0.0337340000000097,0.034360541991190985,587.1011278181818,11,224.65331500000048,de7e952be98982e8438b4baeb68b6c1c9cad1a143e1dbc16e7050b447b10ea9a,0,0,0
boundary_outward_r1000-0030,boundary_outward_r1000,aff2351728099c18,v6,ended,user_exit,20,6177.26066,6177260660,12,19426.303304414017,374,15,3,353,12,True,,0.9719440000000077,0.994047459011199,514.7717216666666,12,186.29176000000007,64941b537890acc1fecdf16a7538260ce2bba82fbaaaf2e635c859bb1af97a99,0.8471315820352174,10,0
boundary_outward_r1000-0030,boundary_outward_r1000,aff2351728099c18,v4,ended,user_exit,7,7356.886499,7356886499,12,24589.432498249662,381,51,39,357,12,True,,0.038850999999993974,0.039690000005066395,613.0738749166667,12,0.0,0efde538a42333ad9db486458c2dab22783275d4e2acff7f9ea79c402e244464,0,0,0
boundary_outward_r1000-0030,boundary_outward_r1000,aff2351728099c18,v5,ended,user_exit,20,6967.850166,6967850166,12,22939.250823904156,375,42,30,355,12,True,,1.9387530000000197,2.0227215829945635,580.6541805,12,185.51594699999987,89fb5c6d824e5c326265e1e3fdccf20dacfdb9f76e1295c1ffd42145205ceded,1.8991484179568943,0,0
boundary_outward_r1000-0034,boundary_outward_r1000,f4f273b5dc142002,v4,ended,user_exit,12,7348.341969,7348341969,16,24496.709847205333,376,62,46,351,16,True,,0.05333299999998076,0.06161020798026584,459.2713730625,16,0.0,838d4f16c52093ea3553e0316c720955a666799f3c375d7c115d4a77466123f1,0,0,0
boundary_outward_r1000-0034,boundary_outward_r1000,f4f273b5dc142002,v5,ended,user_exit,12,7240.575501,7240575501,16,24057.877500371556,374,59,43,350,16,True,,2.968795,3.1419227920123376,452.5359688125,16,0.0,b50883c5f650b52d8a45c5b731b1de110423c3597116291849be18afefe2521a,2.8213683340582065,0,0
boundary_outward_r1000-0034,boundary_outward_r1000,f4f273b5dc142002,v6,ended,user_exit,12,6254.837448,6254837448,16,19949.187239342948,365,24,8,336,16,True,,1.610338000000013,1.7872637500113342,390.9273405,16,0.0,47b5556157a69e4e65adcdb273e0298a93ec6e21244ff080c7faf087dcfefeed,1.5552176239725668,11,0
boundary_outward_r1000-0032,boundary_outward_r1000,a982557a6930d159,v5,ended,user_exit,20,7267.26818,7267268180,14,24131.34088483383,380,53,39,354,14,True,,3.3385020000000054,3.5724778749863617,519.0905842857143,14,0.0,4e3dcbee9bc21d237bafcd84c54fb5a97e95866c9227028226bf8e92b975a97d,3.3113296249939594,0,0
boundary_outward_r1000-0032,boundary_outward_r1000,a982557a6930d159,v6,ended,user_exit,20,6704.606036,6704606036,14,21918.03017574181,373,27,13,347,14,True,,2.7848219999999912,2.997248750005383,478.90043114285714,14,0.0,ed93a68534a47645d741c405c334aaed1b0972f46ee8e535ce72d80dcc1eece3,2.793108291924,8,0
boundary_outward_r1000-0032,boundary_outward_r1000,a982557a6930d159,v4,ended,user_exit,20,7333.131274,7333131274,14,24310.65637689676,383,58,44,354,14,True,,0.051130000000000564,0.08113295797375031,523.7950910000001,14,0.0,d17f9fdc446bac1b665bb01aafae8039b0a8beb95d3dac57b2208e524e196772,0,0,0
boundary_outward_r1000-0033,boundary_outward_r1000,9cabdbd02f4c4e82,v6,ended,user_exit,19,6560.639945,6560639945,15,22268.19972665324,340,20,5,317,15,True,,2.4526889999999923,2.65223025000887,437.3759963333333,15,719.6442649999999,e1eea15149899a84d6813e594fc276ed68eb432b59a7b51ef69295dc9c416161,2.431587207916891,8,0
boundary_outward_r1000-0033,boundary_outward_r1000,9cabdbd02f4c4e82,v4,ended,user_exit,19,7077.168559,7077168559,15,24160.842797796224,348,51,36,322,15,True,,0.046190000000024156,0.04829395798151381,471.81123726666664,15,721.9202299999997,ef762ae8a32102c3302394470287b2126d8b924d4b9e5d428677b14afc82c481,0,0,0
boundary_outward_r1000-0033,boundary_outward_r1000,9cabdbd02f4c4e82,v5,ended,user_exit,19,7074.056783,7074056783,15,24205.28395104506,348,47,32,322,15,True,,3.849965999999995,4.17325704099494,471.60378553333334,15,721.9202299999997,241ee795b492e48c2d3997b043666fdefae44912574fb7306b9936cfe7b8245f,3.928920670034131,0,0
boundary_outward_r1000-0031,boundary_outward_r1000,879b06d3a7a138b1,v4,ended,user_exit,3,7546.279686,7546279686,13,24431.398445464347,406,76,63,376,13,True,,0.0412640000000124,0.041837833006866276,580.4830527692308,13,0.0,ac17b623acdb1e0d7afa3b90536f52cf1c891cdde4d5c46c1240eba7404a217b,0,0,0
boundary_outward_r1000-0031,boundary_outward_r1000,879b06d3a7a138b1,v5,ended,user_exit,3,7419.463489,7419463489,13,24022.317469055328,404,64,51,377,13,True,,3.562708000000015,3.79281208399334,570.7279606923076,13,0.0,df330294ac52fc0034ab6fa63e45b8e8a2cc5ff44b5fec59c9ab17e0a77675b8,3.4405165399657562,0,0
boundary_outward_r1000-0031,boundary_outward_r1000,879b06d3a7a138b1,v6,ended,user_exit,3,7287.621857,7287621857,13,23883.109275884897,405,29,16,373,13,True,,3.2197269999999776,3.5189926250022836,560.5862966923077,13,0.0,ec8f487bb608f2f66890e3c19c816c28afe6e8355373ae3e0f6cc05c5d24c24d,3.216914834018098,10,0
