seed,step,kind,distance_to_last_policy_step,distance_group,action,candidate_count,value_cost_prediction_s,mc_remaining_real_cost_s,mc_remaining_penalized_cost_s,value_error_real_s,value_error_penalized_s,gae95_advantage_s,gae1_advantage_s,sign_disagreement,opposite_nonzero_sign,charged_reward_cost_s,fixed_tail_charged_here_s,instantaneous_cost_s,physical_history_start,physical_history_stop,virtual_time_after_s
3000001,0,cover,145,120+,0,140,3126.265048980713,3274.645114,3274.645114,-148.38006501928703,-148.38006501928703,16.017090237548047,-148.38006501927603,True,True,5.0,0.0,5.0,0,1,5.0
3000001,1,cover,144,120+,5,139,3116.825819015503,3269.645114,3269.645114,-152.819294984497,-152.819294984497,12.18722133930314,-152.8192949844861,True,True,6.0,0.0,6.0,1,2,11.0
3000001,2,cover,143,120+,15,142,3092.160701751709,3263.645114,3263.645114,-171.48441224829094,-171.48441224829094,-6.818837815253708,-171.48441224828025,False,False,6.0,0.0,6.0,2,3,17.0
3000001,3,cover,142,120+,4,141,3098.383903503418,3257.645114,3257.645114,-159.26121049658195,-159.26121049658195,5.688804143636905,-159.2612104965715,True,True,6.0,0.0,6.0,3,4,23.0
3000001,4,cover,141,120+,8,140,3094.5310592651367,3251.645114,3251.645114,-157.1140547348632,-157.1140547348632,8.248378847742568,-157.11405473485297,True,True,6.0,0.0,6.0,4,5,29.0
3000001,5,cover,140,120+,14,143,3083.855390548706,3245.645114,3245.645114,-161.78972345129387,-161.78972345129387,3.7607475066438814,-161.78972345128383,True,True,6.0,0.0,6.0,5,6,35.0
3000001,6,cover,139,120+,7,142,3083.8420391082764,3239.645114,3239.645114,-155.80307489172355,-155.80307489172355,10.260416911804187,-155.80307489171375,True,True,6.0,0.0,6.0,6,7,41.0
3000001,7,cover,138,120+,7,141,3081.5091133117676,3233.645114,3233.645114,-152.13600068823234,-152.13600068823234,14.660516963468613,-152.13600068822274,True,True,6.0,0.0,6.0,7,8,47.0
3000001,8,cover,137,120+,8,140,3077.7807235717773,3227.645114,3227.645114,-149.86439042822258,-149.86439042822258,17.823291814187538,-149.8643904282132,True,True,6.0,0.0,6.0,8,9,53.0
3000001,9,cover,136,120+,6,139,3074.167251586914,3221.645114,3221.645114,-147.47786241308586,-147.47786241308586,21.273494557183202,-147.4778624130767,True,True,6.0,0.0,6.0,9,10,59.0
3000001,10,cover,135,120+,5,138,3071.5293884277344,3215.645114,3215.645114,-144.11572557226555,-144.11572557226555,25.93224357684558,-144.1157255722566,True,True,6.0,0.0,6.0,10,11,65.0
3000001,11,cover,134,120+,6,137,3068.410634994507,3209.645114,3209.645114,-141.23447900549309,-141.23447900549309,30.329989624860865,-141.23447900548436,True,True,6.0,0.0,6.0,11,12,71.0
3000001,12,cover,133,120+,4,136,3064.5618438720703,3203.645114,3203.645114,-139.0832701279296,-139.0832701279296,34.190735265709606,-139.0832701279211,True,True,6.0,0.0,6.0,12,13,77.0
3000001,13,cover,132,120+,0,139,3048.457384109497,3197.645114,3197.645114,-149.18772989050285,-149.18772989050285,25.353974213827524,-149.18772989049455,True,True,6.0,0.0,6.0,13,14,83.0
3000001,14,cover,131,120+,2,138,3047.2846031188965,3191.645114,3191.645114,-144.36051088110344,-144.36051088110344,31.76967707708076,-144.36051088109537,True,True,6.0,0.0,6.0,14,15,89.0
3000001,15,cover,130,120+,2,141,3022.9883193969727,3185.645114,3185.645114,-162.65679460302727,-162.65679460302727,14.182519321217596,-162.6567946030194,True,True,6.0,0.0,6.0,15,16,95.0
3000001,16,cover,129,120+,1,140,3020.000219345093,3179.645114,3179.645114,-159.64489465490715,-159.64489465490715,18.099388704565786,-159.6448946548995,True,True,6.0,0.0,6.0,16,17,101.0
3000001,17,cover,128,120+,0,143,3022.1776962280273,3173.645114,3173.645114,-151.46741777197258,-151.46741777197258,27.659858513158042,-151.46741777196516,True,True,6.0,0.0,6.0,17,18,107.0
3000001,18,cover,127,120+,0,142,3017.091989517212,3167.645114,3167.645114,-150.553124482788,-150.553124482788,30.07805452878147,-150.5531244827808,True,True,6.0,0.0,6.0,18,19,113.0
3000001,19,cover,126,120+,0,145,2997.6377487182617,3161.645114,3161.645114,-164.0073652817382,-164.0073652817382,17.49875129455901,-164.0073652817312,True,True,6.0,0.0,6.0,19,20,119.0
3000001,20,probe,125,120+,139,148,2971.6715812683105,3155.645114,3155.645114,-183.97353273168937,-183.97353273168937,-2.5972801635709244,-183.9735327316826,False,False,81.022595,0.0,81.022595,20,21,200.022595
3000001,21,probe,124,120+,140,154,2876.99294090271,3074.622519,3074.622519,-197.62957809729005,-197.62957809729005,-17.108763714917522,-197.62957809728331,False,False,23.996713,0.0,23.996713,21,22,224.019308
3000001,22,probe,123,120+,140,154,2864.013433456421,3050.625806,3050.625806,-186.6123725435791,-186.6123725435791,-6.41216648548079,-186.61237254357255,False,False,9.422657000000015,0.0,9.422657000000015,22,23,233.441965
3000001,23,clear,122,120+,140,151,2861.4330291748047,3041.203149,3041.203149,-179.77011982519525,-179.77011982519525,0.4527223504242114,-179.77011982518874,True,True,5.442656999999997,0.0,5.442656999999997,23,24,238.884622
3000001,24,probe,121,120+,128,144,2867.3083782196045,3035.760492,3035.760492,-168.4521137803954,-168.4521137803954,12.390240416025415,-168.45211378038883,True,True,6.0,0.0,6.0,24,25,244.884622
3000001,25,clear,120,120+,124,140,2868.678331375122,3029.760492,3029.760492,-161.08216062487782,-161.08216062487782,20.800203759518716,-161.08216062487145,True,True,32.85383799999997,0.0,32.85383799999997,25,26,277.73846
3000001,26,probe,119,60-119,132,133,2829.4661045074463,2996.906654,2996.906654,-167.4405494925536,-167.4405494925536,15.201910412466095,-167.44054949254738,True,True,6.0,0.0,6.0,26,27,283.73846
3000001,27,probe,118,60-119,131,132,2791.7749881744385,2990.906654,2990.906654,-199.1316658255614,-199.1316658255614,-17.357058863728355,-199.13166582555542,False,False,67.83213900000004,0.0,67.83213900000004,27,28,351.570599
3000001,28,probe,117,60-119,128,132,2748.361825942993,2923.074515,2923.074515,-174.71268905700663,-174.71268905700663,7.43359779455411,-174.71268905700066,True,True,47.825189999999964,0.0,47.825189999999964,28,29,399.395789
3000001,29,clear,116,60-119,128,129,2699.009656906128,2875.2493249999998,2875.2493249999998,-176.23966809387184,-176.23966809387184,6.217493429146379,-176.2396680938657,True,True,5.0,0.0,5.0,29,30,404.395789
3000001,30,cover,115,60-119,17,122,2703.6192417144775,2870.2493249999998,2870.2493249999998,-166.63008328552223,-166.63008328552223,16.660082355258826,-166.6300832855162,True,True,91.353658,0.0,91.353658,30,31,495.749447
3000001,31,cover,114,60-119,32,121,2567.657470703125,2778.895667,2778.895667,-211.23819629687478,-211.23819629687478,-29.418979637993324,-211.2381962968687,False,False,6.0,0.0,6.0,31,32,501.749447
3000001,32,cover,113,60-119,31,120,2577.9590606689453,2772.895667,2772.895667,-194.93660633105446,-194.93660633105446,-13.80777860228761,-194.93660633104858,False,False,6.0,0.0,6.0,32,33,507.749447
3000001,33,cover,112,60-119,24,119,2570.384740829468,2766.895667,2766.895667,-196.510926170532,-196.510926170532,-16.191682570279333,-196.51092617052635,False,False,6.000000000000057,0.0,6.000000000000057,33,34,513.749447
3000001,34,cover,111,60-119,28,118,2561.342477798462,2760.895667,2760.895667,-199.55318920153786,-199.55318920153786,-20.246258527668385,-199.55318920153198,False,False,6.0,0.0,6.0,34,35,519.749447
3000001,35,cover,110,60-119,26,117,2559.6444606781006,2754.895667,2754.895667,-195.2512063218992,-195.2512063218992,-16.783448050557823,-195.25120632189353,False,False,6.0,0.0,6.0,35,36,525.749447
3000001,36,cover,109,60-119,18,116,2554.5589923858643,2748.895667,2748.895667,-194.33667461413552,-194.33667461413552,-16.704122466099335,-194.33667461413006,False,False,6.0,0.0,6.0,36,37,531.749447
3000001,37,cover,108,60-119,25,115,2550.6043434143066,2742.895667,2742.895667,-192.29132358569314,-192.29132358569314,-15.430285723849654,-192.2913235856879,False,False,6.0,0.0,6.0,37,38,537.749447
3000001,38,cover,107,60-119,22,114,2551.616907119751,2736.895667,2736.895667,-185.2787598802488,-185.2787598802488,-8.860760019374247,-185.27875988024377,False,False,6.0,0.0,6.0,38,39,543.749447
3000001,39,cover,106,60-119,17,113,2545.430898666382,2730.895667,2730.895667,-185.46476833361794,-185.46476833361794,-9.522914181835374,-185.46476833361314,False,False,6.0,0.0,6.0,39,40,549.749447
3000001,40,cover,105,60-119,21,112,2537.7750396728516,2724.895667,2724.895667,-187.1206273271482,-187.1206273271482,-11.767129658279858,-187.12062732714364,False,False,6.0,0.0,6.0,40,41,555.749447
3000001,41,cover,104,60-119,19,111,2529.588460922241,2718.895667,2718.895667,-189.30720607775856,-189.30720607775856,-14.688114114621502,-189.3072060777542,False,False,6.0,0.0,6.0,41,42,561.749447
3000001,42,cover,103,60-119,20,110,2515.1731967926025,2712.895667,2712.895667,-197.72247020739724,-197.72247020739724,-24.319345520274098,-197.7224702073931,False,False,6.0,0.0,6.0,42,43,567.749447
3000001,43,probe,102,60-119,103,109,2508.8932514190674,2706.895667,2706.895667,-198.0024155809324,-198.0024155809324,-25.893990414536287,-198.00241558092847,False,False,6.0,0.0,6.0,43,44,573.749447
3000001,44,probe,101,60-119,97,107,2535.5021953582764,2700.895667,2700.895667,-165.3934716417234,-165.3934716417234,7.068372131234193,-165.39347164171969,True,True,6.0,0.0,6.0,44,45,579.749447
3000001,45,probe,100,60-119,91,105,2591.4227962493896,2694.895667,2694.895667,-103.47287075061013,-103.47287075061013,72.6199716024708,-103.47287075060663,True,True,6.0,0.0,6.0,45,46,585.749447
3000001,46,cover,99,60-119,19,103,2596.3962078094482,2688.895667,2688.895667,-92.49945919055153,-92.49945919055153,87.99303490792545,-92.49945919054825,True,True,236.0,0.0,236.0,46,47,821.749447
3000001,47,cover,98,60-119,27,105,2259.857416152954,2452.895667,2452.895667,-193.03825084704567,-193.03825084704567,-13.206059735335712,-193.03825084704263,False,False,6.0,0.0,6.0,47,48,827.749447
3000001,48,probe,97,60-119,88,104,2243.2303428649902,2446.895667,2446.895667,-203.66532413500954,-203.66532413500954,-25.08750844557873,-203.6653241350067,False,False,6.0,0.0,6.0,48,49,833.749447
3000001,49,cover,96,60-119,25,102,2259.1660022735596,2440.895667,2440.895667,-181.7296647264402,-181.7296647264402,-3.3177358284311715,-181.7296647264376,False,False,6.0,0.0,6.0,49,50,839.749447
3000001,50,cover,95,60-119,21,101,2242.0578002929688,2434.895667,2434.895667,-192.83786670703103,-192.83786670703103,-15.18519769370759,-192.83786670702864,False,False,6.0,0.0,6.0,50,51,845.749447
3000001,51,cover,94,60-119,25,100,2229.247570037842,2428.895667,2428.895667,-199.64809696215798,-199.64809696215798,-23.15308205140501,-199.6480969621558,False,False,6.0,0.0,6.0,51,52,851.749447
3000001,52,cover,93,60-119,23,99,2224.271297454834,2422.895667,2422.895667,-198.6243695451658,-198.6243695451658,-23.294057509908463,-198.62436954516383,False,False,6.0,0.0,6.0,52,53,857.749447
3000001,53,cover,92,60-119,22,98,2217.406749725342,2416.895667,2416.895667,-199.48891727465798,-199.48891727465798,-25.430110778316703,-199.48891727465622,False,False,6.0,0.0,6.0,53,54,863.749447
3000001,54,cover,91,60-119,26,97,2213.266372680664,2410.895667,2410.895667,-197.6292943193357,-197.6292943193357,-24.811039813678583,-197.62929431933418,False,False,6.0,0.0,6.0,54,55,869.749447
3000001,55,cover,90,60-119,23,96,2218.336820602417,2404.895667,2404.895667,-186.55884639758278,-186.55884639758278,-14.463780938869338,-186.55884639758148,False,False,6.0,0.0,6.0,55,56,875.749447
3000001,56,cover,89,60-119,19,95,2212.941884994507,2398.895667,2398.895667,-185.95378200549294,-185.95378200549294,-14.58812268082075,-185.95378200549183,False,False,6.0,0.0,6.0,56,57,881.749447
3000001,57,cover,88,60-119,21,94,2203.150987625122,2392.895667,2392.895667,-189.7446793748777,-189.7446793748777,-19.346336894953403,-189.74467937487682,False,False,6.0,0.0,6.0,57,58,887.749447
3000001,58,cover,87,60-119,22,93,2204.6306133270264,2386.895667,2386.895667,-182.2650536729734,-182.2650536729734,-12.491274940051918,-182.26505367297275,False,False,6.0,0.0,6.0,58,59,893.749447
3000001,59,cover,86,60-119,18,92,2190.3626918792725,2380.895667,2380.895667,-190.53297512072731,-190.53297512072731,-21.85178567137478,-190.53297512072686,False,False,6.0,0.0,6.0,59,60,899.749447
3000001,60,probe,85,60-119,85,91,2172.5075244903564,2374.895667,2374.895667,-202.38814250964333,-202.38814250964333,-35.48100322135896,-202.3881425096431,False,False,6.0,0.0,6.0,60,61,905.749447
3000001,61,cover,84,60-119,35,89,2159.3897342681885,2368.895667,2368.895667,-209.5059327318113,-209.5059327318113,-44.84083520371279,-209.50593273181127,False,False,235.9999999999999,0.0,235.9999999999999,61,62,1141.749447
3000001,62,cover,83,60-119,21,90,1918.5136556625366,2132.895667,2132.895667,-214.38201133746315,-214.38201133746315,-52.33359348354198,-214.38201133746338,False,False,6.0,0.0,6.0,62,63,1147.749447
3000001,63,cover,82,60-119,26,89,1911.3432168960571,2126.895667,2126.895667,-215.55245010394265,-215.55245010394265,-56.320033947391025,-215.55245010394287,False,False,6.0,0.0,6.0,63,64,1153.749447
3000001,64,cover,81,60-119,21,88,1912.6192331314087,2120.895667,2120.895667,-208.27643386859108,-208.27643386859108,-51.6252818021468,-208.27643386859128,False,False,6.0,0.0,6.0,64,65,1159.749447
3000001,65,cover,80,60-119,23,87,1894.8713541030884,2114.895667,2114.895667,-220.0243128969114,-220.0243128969114,-66.70859034786011,-220.0243128969116,False,False,6.0,0.0,6.0,65,66,1165.749447
3000001,66,probe,79,60-119,70,86,1880.5416822433472,2108.895667,2108.895667,-228.3539847566526,-228.3539847566526,-78.98764442905403,-228.3539847566528,False,False,6.0,0.0,6.0,66,67,1171.749447
3000001,67,cover,78,60-119,24,84,1887.5044584274292,2102.895667,2102.895667,-215.39120857257058,-215.39120857257058,-69.49986131049683,-215.39120857257078,False,False,6.0,0.0,6.0,67,68,1177.749447
3000001,68,cover,77,60-119,25,83,1863.4467124938965,2096.895667,2096.895667,-233.4489545061033,-233.4489545061033,-92.16590236213636,-233.4489545061035,False,False,6.0,0.0,6.0,68,69,1183.749447
3000001,69,cover,76,60-119,23,82,1856.0459613800049,2090.895667,2090.895667,-234.8497056199949,-234.8497056199949,-98.4912141852926,-234.84970561999506,False,False,6.0,0.0,6.0,69,70,1189.749447
3000001,70,cover,75,60-119,20,81,1847.6003408432007,2084.895667,2084.895667,-237.2953261567991,-237.2953261567991,-106.24929970747033,-237.29532615679926,False,False,6.0,0.0,6.0,70,71,1195.749447
3000001,71,cover,74,60-119,22,84,1818.5805082321167,2078.895667,2078.895667,-260.3151587678831,-260.3151587678831,-136.07277086163612,-260.31515876788325,False,False,6.0,0.0,6.0,71,72,1201.749447
3000001,72,cover,73,60-119,22,83,1819.9514150619507,2072.895667,2072.895667,-252.9442519380491,-252.9442519380491,-135.4756463492654,-252.94425193804926,False,False,6.0,0.0,6.0,72,73,1207.749447
3000001,73,cover,72,60-119,22,82,1821.266770362854,2066.895667,2066.895667,-245.62889663714577,-245.62889663714577,-134.90556952459164,-245.62889663714594,False,False,6.0,0.0,6.0,73,74,1213.749447
3000001,74,cover,71,60-119,23,81,1830.7610750198364,2060.895667,2060.895667,-230.13459198016335,-230.13459198016335,-125.69606828169394,-230.1345919801635,False,False,6.0,0.0,6.0,74,75,1219.749447
3000001,75,probe,70,60-119,83,84,1960.2916240692139,2054.895667,2054.895667,-94.60404293078591,-94.60404293078591,10.352085018614215,-94.60404293078606,True,True,37.94507599999997,0.0,37.94507599999997,75,76,1257.694523
3000001,76,probe,69,60-119,85,86,1904.0000438690186,2016.950591,2016.950591,-112.95054713098148,-112.95054713098148,-8.415178085874876,-112.9505471309814,False,False,29.708807000000206,0.0,29.708807000000206,76,77,1287.40333
3000001,77,probe,68,60-119,85,86,1889.979600906372,1987.2417839999998,1987.2417839999998,-97.26218309362775,-97.26218309362775,7.655985212083018,-97.26218309362767,True,True,23.504474999999957,0.0,23.504474999999957,77,78,1310.907805
3000001,78,probe,67,60-119,85,86,1862.1162176132202,1963.7373089999999,1963.7373089999999,-101.62109138677965,-101.62109138677965,3.470607283085403,-101.62109138677955,True,True,18.81743400000005,0.0,18.81743400000005,78,79,1329.725239
3000001,79,probe,66,60-119,85,86,1850.9607315063477,1944.9198749999998,1944.9198749999998,-93.95914349365216,-93.95914349365216,11.718479132855649,-93.95914349365209,True,True,15.363075999999865,0.0,15.363075999999865,79,80,1345.088315
3000001,80,probe,65,60-119,85,86,1825.883150100708,1929.556799,1929.556799,-103.67364889929195,-103.67364889929195,2.109446028648278,-103.67364889929188,True,True,12.772306999999955,0.0,12.772306999999955,80,81,1357.860622
3000001,81,fallback,64,60-119,82,83,1817.6840543746948,1916.784492,1916.784492,-99.10043762530518,-99.10043762530518,7.034376108036807,-99.10043762530518,True,True,18.68292900000006,0.0,18.68292900000006,81,83,1376.543551
3000001,82,probe,63,60-119,58,79,1798.7041473388672,1898.101563,1898.101563,-99.39741566113275,-99.39741566113275,7.091997970746628,-99.3974156611327,True,True,6.0,0.0,6.0,83,84,1382.543551
3000001,83,probe,62,60-119,54,78,1757.466197013855,1892.101563,1892.101563,-134.63536598614496,-134.63536598614496,-29.627318267647972,-134.6353659861449,False,False,138.03686199999993,0.0,138.03686199999993,84,85,1520.580413
3000001,84,clear,61,60-119,54,75,1624.4829893112183,1754.064701,1754.064701,-129.58171168878175,-129.58171168878175,-25.86701470556297,-129.58171168878175,False,False,5.0,0.0,5.0,85,86,1525.580413
3000001,85,probe,60,60-119,55,71,1691.7279958724976,1749.064701,1749.064701,-57.336705127502455,-57.336705127502455,48.818938795490766,-57.336705127502555,True,True,6.0,0.0,6.0,86,87,1531.580413
3000001,86,cover,59,30-59,35,70,1648.0979919433594,1743.064701,1743.064701,-94.96670905664064,-94.96670905664064,11.777826175107982,-94.96670905664072,True,True,215.25142600000004,0.0,215.25142600000004,87,88,1746.831839
3000001,87,cover,58,30-59,21,70,1453.301191329956,1527.813275,1527.813275,-74.51208367004392,-74.51208367004392,33.928896380741776,-74.51208367004402,True,True,6.0,0.0,6.0,88,89,1752.831839
3000001,88,cover,57,30-59,21,69,1424.9900579452515,1521.813275,1521.813275,-96.82321705474851,-96.82321705474851,12.22922420635494,-96.82321705474861,True,True,6.0,0.0,6.0,89,90,1758.831839
3000001,89,cover,56,30-59,25,68,1404.0323495864868,1515.813275,1515.813275,-111.78092541351316,-111.78092541351316,-2.8720885814838977,-111.78092541351326,False,False,6.0,0.0,6.0,90,91,1764.831839
3000001,90,probe,55,30-59,51,67,1376.28972530365,1509.813275,1509.813275,-133.52354969635007,-133.52354969635007,-25.910224067706114,-133.52354969635016,False,False,6.0,0.0,6.0,91,92,1770.831839
3000001,91,cover,54,30-59,27,65,1278.0742645263672,1503.813275,1503.813275,-225.7390104736328,-225.7390104736328,-124.34282615261982,-225.73901047363287,False,False,6.0,0.0,6.0,92,93,1776.831839
3000001,92,cover,53,30-59,27,64,1270.2635526657104,1497.813275,1497.813275,-227.54972233428953,-227.54972233428953,-132.79319790871216,-227.5497223342896,False,False,6.0,0.0,6.0,93,94,1782.831839
3000001,93,cover,52,30-59,27,63,1250.569462776184,1491.813275,1491.813275,-241.2438122238159,-241.2438122238159,-154.19714505077738,-241.24381222381598,False,False,6.0,0.0,6.0,94,95,1788.831839
3000001,94,cover,51,30-59,24,62,1229.1600704193115,1485.813275,1485.813275,-256.65320458068845,-256.65320458068845,-178.53319727121047,-256.6532045806885,False,False,6.0,0.0,6.0,95,96,1794.831839
3000001,95,cover,50,30-59,24,61,1211.111307144165,1479.813275,1479.813275,-268.70196785583494,-268.70196785583494,-200.61259004879682,-268.701967855835,False,False,6.0,0.0,6.0,96,97,1800.831839
3000001,96,cover,49,30-59,24,60,1197.6358890533447,1473.813275,1473.813275,-276.17738594665525,-276.17738594665525,-219.04000856801804,-276.1773859466553,False,False,6.0,0.0,6.0,97,98,1806.831839
3000001,97,cover,48,30-59,22,59,1172.4917888641357,1467.813275,1467.813275,-295.32148613586423,-295.32148613586423,-250.7201144812916,-295.3214861358643,False,False,6.0,0.0,6.0,98,99,1812.831839
3000001,98,probe,47,30-59,61,62,1435.8010292053223,1461.813275,1461.813275,-26.01224579467771,-26.01224579467771,19.567500905152517,-26.012245794677757,True,True,6.0,0.0,6.0,99,100,1818.831839
3000001,99,probe,46,30-59,50,60,1360.433578491211,1455.813275,1455.813275,-95.37969650878904,-95.37969650878904,-52.420999798904006,-95.37969650878908,False,False,40.15136900000016,0.0,40.15136900000016,100,101,1858.983208
3000001,100,probe,45,30-59,51,62,1290.5575037002563,1415.6619059999998,1415.6619059999998,-125.10440229974347,-125.10440229974347,-86.46916377879836,-125.10440229974351,False,False,30.404375999999957,0.0,30.404375999999957,101,102,1889.387584
3000001,101,probe,44,30-59,51,62,1248.1358051300049,1385.2575299999999,1385.2575299999999,-137.12172486999498,-137.12172486999498,-103.66998563057888,-137.12172486999506,False,False,24.053281999999854,0.0,24.053281999999854,102,103,1913.440866
3000001,102,probe,43,30-59,51,62,1212.3135328292847,1361.204248,1361.204248,-148.89071517071534,-148.89071517071534,-121.51471150663073,-148.8907151707154,False,False,19.264540000000125,0.0,19.264540000000125,103,104,1932.705406
3000001,103,probe,42,30-59,51,62,1174.636721611023,1341.9397079999999,1341.9397079999999,-167.30298638897693,-167.30298638897693,-147.2915607630445,-167.3029863889769,False,False,15.678687999999966,0.0,15.678687999999966,104,105,1948.384094
3000001,104,probe,41,30-59,48,62,1132.251262664795,1326.26102,1326.26102,-194.009757335205,-194.009757335205,-183.15613864133957,-194.00975733520497,False,False,21.01803300000006,0.0,21.01803300000006,105,106,1969.402127
3000001,105,fallback,40,30-59,48,59,1097.7014303207397,1305.2429869999999,1305.2429869999999,-207.5415566792601,-207.5415566792601,-207.03993472146811,-207.5415566792601,False,False,18.009015999999974,0.0,18.009015999999974,106,108,1987.411143
3000001,106,probe,39,30-59,36,56,1230.3587198257446,1287.2339709999999,1287.2339709999999,-56.875251174255254,-56.875251174255254,-59.34066233311927,-56.87525117425529,False,False,193.61806599999977,0.0,193.61806599999977,108,109,2181.029209
3000001,107,clear,38,30-59,36,52,903.7441611289978,1093.615905,1093.615905,-189.8717438710023,-189.8717438710023,-202.460163189333,-189.87174387100237,False,False,5.0,0.0,5.0,109,110,2186.029209
3000001,108,probe,37,30-59,36,49,923.4598278999329,1088.615905,1088.615905,-165.15607710006725,-165.15607710006725,-187.09946991410308,-165.1560771000673,False,False,204.48665400000027,0.0,204.48665400000027,110,111,2390.515863
3000001,109,clear,36,30-59,34,45,811.8191361427307,884.1292509999998,884.1292509999998,-72.31011485726913,-72.31011485726913,-99.21421860137359,-72.31011485726911,False,False,6.672110999999859,0.0,6.672110999999859,111,112,2397.187974
3000001,110,probe,35,30-59,38,39,757.4482560157776,877.45714,877.45714,-120.0088839842224,-120.0088839842224,-154.64525024034404,-120.00888398422236,False,False,6.0,0.0,6.0,112,113,2403.187974
3000001,111,probe,34,30-59,30,38,802.4876713752747,871.45714,871.45714,-68.96946862472532,-68.96946862472532,-109.0587735587863,-68.9694686247253,False,False,103.41567900000018,0.0,103.41567900000018,113,114,2506.603653
3000001,112,clear,33,30-59,29,35,766.1611437797546,768.0414609999998,768.0414609999998,-1.8803172202451606,-1.8803172202451606,-44.17854963611176,-1.880317220245162,False,False,7.265598999999838,0.0,7.265598999999838,114,115,2513.869252
3000001,113,cover,32,30-59,10,30,762.84259557724,760.775862,760.775862,2.0667335772400293,2.0667335772400293,-42.34894614592276,2.066733577239979,True,True,181.5719140000001,0.0,181.5719140000001,115,116,2695.441166
3000001,114,cover,31,30-59,1,29,598.9511013031006,579.2039479999999,579.2039479999999,19.74715330310073,19.74715330310073,-25.966869915854854,19.74715330310063,True,True,6.0,0.0,6.0,116,117,2701.441166
3000001,115,cover,30,30-59,5,28,574.8298168182373,573.2039479999999,573.2039479999999,1.6258688182374499,1.6258688182374499,-46.4085835797033,1.6258688182373553,True,True,6.0,0.0,6.0,117,118,2707.441166
3000001,116,cover,29,10-29,4,27,563.6581778526306,567.2039479999999,567.2039479999999,-3.5457701473692396,-3.5457701473692396,-54.2949711003263,-3.545770147369329,False,False,6.0,0.0,6.0,118,119,2713.441166
3000001,117,cover,28,10-29,5,30,665.1422381401062,561.2039479999999,561.2039479999999,103.93829014010635,103.93829014010635,55.98851493384136,103.93829014010626,False,False,6.0,0.0,6.0,119,120,2719.441166
3000001,118,cover,27,10-29,4,29,648.1288075447083,555.2039479999999,555.2039479999999,92.9248595447084,92.9248595447084,47.34219404046676,92.92485954470831,False,False,6.0,0.0,6.0,120,121,2725.441166
3000001,119,cover,26,10-29,0,32,666.5180921554565,549.2039479999999,549.2039479999999,117.31414415545669,117.31414415545669,75.50681963285797,117.31414415545662,False,False,6.0,0.0,6.0,121,122,2731.441166
3000001,120,cover,25,10-29,2,31,611.0124588012695,543.2039479999999,543.2039479999999,67.80851080126968,67.80851080126968,27.36966976702206,67.8085108012696,False,False,6.0,0.0,6.0,122,123,2737.441166
3000001,121,cover,24,10-29,1,30,602.4055480957031,537.2039479999999,537.2039479999999,65.20160009570327,65.20160009570327,26.066062169953327,65.20160009570321,False,False,6.0,0.0,6.0,123,124,2743.441166
3000001,122,cover,23,10-29,0,29,592.1247005462646,531.2039479999999,531.2039479999999,60.920752546264794,60.920752546264794,22.93180486369985,60.92075254626474,False,False,6.0,0.0,6.0,124,125,2749.441166
3000001,123,probe,22,10-29,27,28,577.6948928833008,525.2039479999999,525.2039479999999,52.49094488330093,52.49094488330093,15.265260211301038,52.49094488330088,False,False,6.0,0.0,6.0,125,126,2755.441166
3000001,124,probe,21,10-29,21,26,534.7225666046143,519.2039479999999,519.2039479999999,15.518618604614403,15.518618604614403,-22.84954322882682,15.518618604614357,True,True,81.02266899999995,0.0,81.02266899999995,126,127,2836.463835
3000001,125,probe,20,10-29,18,28,473.84512424468994,438.1812789999999,438.1812789999999,35.66384524469004,35.66384524469004,-2.8466490407906795,35.66384524469003,True,True,6.0,0.0,6.0,127,128,2842.463835
3000001,126,probe,19,10-29,18,27,476.08327865600586,432.1812789999999,432.1812789999999,43.901999656005955,43.901999656005955,5.675268811079205,43.901999656005955,False,False,118.51430200000004,0.0,118.51430200000004,128,129,2960.978137
3000001,127,probe,18,10-29,22,28,364.3794059753418,313.66697699999986,313.66697699999986,50.712428975341936,50.712428975341936,13.142840137279114,50.71242897534191,False,False,18.136267999999745,0.0,18.136267999999745,129,130,2979.114405
3000001,128,probe,17,10-29,22,28,363.99519443511963,295.5307090000001,295.5307090000001,68.46448543511951,68.46448543511951,32.520943786375454,68.46448543511947,False,False,12.769956999999977,0.0,12.769956999999977,130,131,2991.884362
3000001,129,probe,16,10-29,22,28,366.03695154190063,282.76075200000014,282.76075200000014,83.2761995419005,83.2761995419005,49.82385041384891,83.27619954190048,False,False,10.827468000000408,0.0,10.827468000000408,131,132,3002.71183
3000001,130,probe,15,10-29,22,28,366.6161894798279,271.93328399999973,271.93328399999973,94.68290547982815,94.68290547982815,64.45321721239637,94.68290547982812,False,False,7.973880000000007,0.0,7.973880000000008,132,133,3010.68571
3000001,131,clear,14,10-29,19,25,362.6953363418579,263.9594039999997,263.9594039999997,98.73593234185819,98.73593234185819,72.11183586781726,98.73593234185813,False,False,5.0,0.0,5.0,133,134,3015.68571
3000001,132,probe,13,10-29,17,23,354.85702753067017,258.9594039999997,258.9594039999997,95.89762353067044,95.89762353067044,72.91950216487318,95.8976235306704,False,False,6.0,0.0,6.0,134,135,3021.68571
3000001,133,probe,12,10-29,13,22,318.8410997390747,252.95940399999972,252.95940399999972,65.88169573907498,65.88169573907498,45.16165723502919,65.88169573907494,False,False,55.35952899999984,0.0,55.35952899999984,135,136,3077.045239
3000001,134,clear,11,10-29,13,19,258.6650848388672,197.59987499999988,197.59987499999988,61.065209838867304,61.065209838867304,42.46860140507529,61.065209838867275,False,False,5.742431000000124,0.0,5.742431000000124,136,137,3082.78767
3000001,135,probe,10,10-29,12,17,247.39868938922882,191.85744399999976,191.85744399999976,55.54124538922906,55.54124538922906,38.889091532038975,55.54124538922901,False,False,124.59010499999977,0.0,124.59010499999977,137,138,3207.377775
3000001,136,cover,9,00-09,4,13,142.81503856182098,67.26733899999999,67.26733899999999,75.54769956182099,75.54769956182099,61.99531126803255,75.54769956182096,False,False,13.457139000000097,0.0,13.457139000000097,138,139,3220.834914
3000001,137,cover,8,00-09,7,12,98.28312695026398,53.810199999999895,53.810199999999895,44.47292695026408,44.47292695026408,32.54793542786909,44.472926950264046,False,False,6.0,0.0,6.0,139,140,3226.834914
3000001,138,cover,7,00-09,9,11,100.50491988658905,47.810199999999895,47.810199999999895,52.694719886589155,52.694719886589155,42.915503541257024,52.69471988658912,False,False,6.0,0.0,6.0,140,141,3232.834914
3000001,139,cover,6,00-09,7,10,97.84035384654999,41.810199999999895,41.810199999999895,56.03015384655009,56.03015384655009,48.685197369703126,56.030153846550064,False,False,6.0,0.0,6.0,141,142,3238.834914
3000001,140,cover,5,00-09,4,9,91.0985916852951,35.810199999999895,35.810199999999895,55.28839168529521,55.28839168529521,50.46677390362974,55.28839168529519,False,False,6.0,0.0,6.0,142,143,3244.834914
3000001,141,cover,4,00-09,3,8,79.54896986484528,29.810199999999895,29.810199999999895,49.73876986484538,49.73876986484538,47.281212719136754,49.738769864845366,False,False,6.0,0.0,6.0,143,144,3250.834914
3000001,142,cover,3,00-09,3,7,70.40442526340485,23.810199999999895,23.810199999999895,46.59422526340495,46.59422526340495,46.45965065020666,46.59422526340494,False,False,6.0,0.0,6.0,144,145,3256.834914
3000001,143,cover,2,00-09,3,6,61.707690358161926,17.810199999999895,17.810199999999895,43.89749035816203,43.89749035816203,46.06622709996184,43.897490358162024,False,False,6.0,0.0,6.0,145,146,3262.834914
3000001,144,cover,1,00-09,3,5,-18.309935927391052,11.810199999999895,11.810199999999895,-30.120135927390947,-30.120135927390947,-29.422525458516972,-30.120135927390947,False,False,6.0,0.0,6.0,146,147,3268.834914
3000001,145,clear,0,00-09,3,4,-8.142009377479553,5.810199999999895,5.810199999999895,-13.952209377479448,-13.952209377479448,-13.952209377479448,-13.952209377479448,False,False,5.810199999999895,0.0,5.810199999999895,147,148,3274.645114
3000002,0,cover,129,120+,0,140,3126.265048980713,3593.9233830000016,3593.9233830000016,-467.65833401928876,-467.65833401928876,-39.79685834374614,-467.6583340192765,False,False,5.0,0.0,5.0,0,1,5.0
3000002,1,cover,128,120+,10,139,3116.825819015503,3588.9233830000016,3588.9233830000016,-472.0975639844987,-472.0975639844987,-46.5643034831118,-472.09756398448656,False,False,6.0,0.0,6.0,1,2,11.0
3000002,2,cover,127,120+,11,142,3087.843894958496,3582.9233830000016,3582.9233830000016,-495.07948804150556,-495.07948804150556,-73.20655530538828,-495.0794880414936,False,False,6.0,0.0,6.0,2,3,17.0
3000002,3,cover,126,120+,13,141,3089.991807937622,3576.9233830000016,3576.9233830000016,-486.9315750623796,-486.9315750623796,-68.48278139606582,-486.9315750623678,False,False,6.0,0.0,6.0,3,4,23.0
3000002,4,cover,125,120+,8,144,3072.819709777832,3570.9233830000016,3570.9233830000016,-498.1036732221696,-498.1036732221696,-83.84724163774324,-498.1036732221581,False,False,6.0,0.0,6.0,4,5,29.0
3000002,5,cover,124,120+,8,147,3075.007438659668,3564.9233830000016,3564.9233830000016,-489.9159443403337,-489.9159443403337,-79.6415923746395,-489.91594434032237,False,False,6.0,0.0,6.0,5,6,35.0
3000002,6,cover,123,120+,3,146,3072.352886199951,3558.9233830000016,3558.9233830000016,-486.5704968000505,-486.5704968000505,-80.3117314045858,-486.5704968000394,False,False,6.0,0.0,6.0,6,7,41.0
3000002,7,cover,122,120+,8,145,3067.9941177368164,3552.9233830000016,3552.9233830000016,-484.92926526318524,-484.92926526318524,-82.81105249233768,-484.9292652631744,False,False,6.0,0.0,6.0,7,8,47.0
3000002,8,cover,121,120+,5,144,3062.680959701538,3546.9233830000016,3546.9233830000016,-484.24242329846356,-484.24242329846356,-86.44653739749077,-484.24242329845293,False,False,6.0,0.0,6.0,8,9,53.0
3000002,9,cover,120,120+,0,147,3057.727098464966,3540.9233830000016,3540.9233830000016,-483.19628453503583,-483.19628453503583,-89.89515645690868,-483.19628453502537,False,False,6.0,0.0,6.0,9,10,59.0
3000002,10,cover,119,60-119,2,146,3054.363489151001,3534.9233830000016,3534.9233830000016,-480.5598938490007,-480.5598938490007,-91.85133239039342,-480.55989384899044,False,False,6.0,0.0,6.0,10,11,65.0
3000002,11,cover,118,60-119,3,145,3050.276041030884,3528.9233830000016,3528.9233830000016,-478.64734196911786,-478.64734196911786,-94.67240053737983,-478.64734196910786,False,False,6.0,0.0,6.0,11,12,71.0
3000002,12,cover,117,60-119,1,148,3057.4162006378174,3522.9233830000016,3522.9233830000016,-465.50718236218427,-465.50718236218427,-85.8234115057331,-465.5071823621745,False,False,6.0,0.0,6.0,12,13,77.0
3000002,13,cover,116,60-119,0,151,3043.1084632873535,3516.9233830000016,3516.9233830000016,-473.81491971264813,-473.81491971264813,-99.08541984862863,-473.8149197126386,False,False,6.0,0.0,6.0,13,14,83.0
3000002,14,cover,115,60-119,0,150,3041.3100719451904,3510.9233830000016,3510.9233830000016,-469.6133110548112,-469.6133110548112,-99.87769599030732,-469.61331105480184,False,False,6.0,0.0,6.0,14,15,89.0
3000002,15,cover,114,60-119,3,149,3039.8542881011963,3504.9233830000016,3504.9233830000016,-465.06909489880536,-465.06909489880536,-100.35103140452807,-465.0690948987962,False,False,6.0,0.0,6.0,15,16,95.0
3000002,16,cover,113,60-119,3,148,3035.2747440338135,3498.9233830000016,3498.9233830000016,-463.6486389661882,-463.6486389661882,-104.13744786516958,-463.64863896617925,False,False,6.0,0.0,6.0,16,17,101.0
3000002,17,cover,112,60-119,2,151,3015.165090560913,3492.9233830000016,3492.9233830000016,-477.75829243908856,-477.75829243908856,-124.4706329874423,-477.75829243907987,False,False,6.0,0.0,6.0,17,18,107.0
3000002,18,cover,111,60-119,0,150,3014.2502784729004,3486.9233830000016,3486.9233830000016,-472.67310452710126,-472.67310452710126,-125.66888955311076,-472.6731045270928,False,False,6.0,0.0,6.0,18,19,113.0
3000002,19,cover,110,60-119,0,149,3011.2195014953613,3480.9233830000016,3480.9233830000016,-469.7038815046403,-469.7038815046403,-129.15754371647373,-469.703881504632,False,False,6.0,0.0,6.0,19,20,119.0
3000002,20,probe,109,60-119,143,148,3006.788730621338,3474.9233830000016,3474.9233830000016,-468.13465237866376,-468.13465237866376,-134.30348904262885,-468.1346523786557,False,False,81.023955,0.0,81.023955,20,21,200.023955
3000002,21,probe,108,60-119,139,154,2917.6278114318848,3393.8994280000015,3393.8994280000015,-476.27161656811677,-476.27161656811677,-149.9373191916652,-476.2716165681088,False,False,6.0,0.0,6.0,21,22,206.023955
3000002,22,probe,107,60-119,143,153,2923.9931106567383,3387.8994280000015,3387.8994280000015,-463.90631734326325,-463.90631734326325,-144.8126525966441,-463.90631734325547,False,False,6.0,0.0,6.0,22,23,212.023955
3000002,23,probe,106,60-119,140,152,2908.3900451660156,3381.8994280000015,3381.8994280000015,-473.5093828339859,-473.5093828339859,-162.54286114459686,-473.50938283397835,False,False,150.17537599999997,0.0,150.17537599999997,23,24,362.199331
3000002,24,clear,105,60-119,140,151,2844.1672325134277,3231.7240520000014,3231.7240520000014,-387.55681948657366,-387.55681948657366,-80.62136610229975,-387.55681948656627,False,False,8.961078000000043,0.0,8.961078000000043,24,25,371.160409
3000002,25,probe,104,60-119,133,144,2874.3789196014404,3222.762974000001,3222.762974000001,-348.3840543985607,-348.3840543985607,-43.630106330828475,-348.3840543985536,False,False,6.0,0.0,6.0,25,26,377.160409
3000002,26,cover,103,60-119,36,143,2874.8385906219482,3216.762974000001,3216.762974000001,-341.9243833780529,-341.9243833780529,-39.12677401086409,-341.924383378046,False,False,123.51779599999998,0.0,123.51779599999998,26,27,500.678205
3000002,27,probe,102,60-119,122,143,2697.8402137756348,3093.245178000001,3093.245178000001,-395.40496422436627,-395.40496422436627,-97.48142616545029,-395.4049642243597,False,False,6.0,0.0,6.0,27,28,506.678205
3000002,28,probe,101,60-119,135,141,2698.8046169281006,3087.245178000001,3087.245178000001,-388.44056107190045,-388.44056107190045,-95.28107685577336,-388.4405610718941,False,False,6.000000000000057,0.0,6.000000000000057,28,29,512.678205
3000002,29,probe,100,60-119,129,136,2706.4616680145264,3081.245178000001,3081.245178000001,-374.78350998547467,-374.78350998547467,-85.92002712562879,-374.7835099854681,False,False,6.0,0.0,6.0,29,30,518.678205
3000002,30,cover,99,60-119,32,134,2729.8686504364014,3075.245178000001,3075.245178000001,-345.37652756359967,-345.37652756359967,-59.48741547763579,-345.3765275635933,False,False,6.0,0.0,6.0,30,31,524.678205
3000002,31,cover,98,60-119,31,133,2714.080572128296,3069.245178000001,3069.245178000001,-355.16460587170513,-355.16460587170513,-72.92157240604367,-355.16460587169894,False,False,6.0,0.0,6.0,31,32,530.678205
3000002,32,cover,97,60-119,28,136,2709.4953060150146,3063.245178000001,3063.245178000001,-353.7498719849864,-353.7498719849864,-75.27035633613171,-353.7498719849804,False,False,6.0,0.0,6.0,32,33,536.678205
3000002,33,cover,96,60-119,19,135,2696.7718601226807,3057.245178000001,3057.245178000001,-360.47331787732037,-360.47331787732037,-86.30926550364835,-360.4733178773146,False,False,6.0,0.0,6.0,33,34,542.678205
3000002,34,cover,95,60-119,28,134,2688.80295753479,3051.245178000001,3051.245178000001,-362.442220465211,-362.442220465211,-92.92438746477809,-362.4422204652055,False,False,6.0,0.0,6.0,34,35,548.678205
3000002,35,cover,94,60-119,19,137,2707.294702529907,3045.245178000001,3045.245178000001,-337.9504754700938,-337.9504754700938,-72.03436049438012,-337.9504754700885,False,False,6.0,0.0,6.0,35,36,554.678205
3000002,36,cover,93,60-119,25,136,2699.6123790740967,3039.245178000001,3039.245178000001,-339.63279892590435,-339.63279892590435,-77.59650942125357,-339.63279892589924,False,False,6.0,0.0,6.0,36,37,560.678205
3000002,37,cover,92,60-119,19,135,2694.969415664673,3033.245178000001,3033.245178000001,-338.2757623353282,-338.2757623353282,-80.25207666387116,-338.2757623353233,False,False,6.0,0.0,6.0,37,38,566.678205
3000002,38,cover,91,60-119,21,134,2684.3502521514893,3027.245178000001,3027.245178000001,-342.8949258485118,-342.8949258485118,-89.33814755479472,-342.8949258485071,False,False,6.0,0.0,6.0,38,39,572.678205
3000002,39,cover,90,60-119,21,133,2677.4723529815674,3021.245178000001,3021.245178000001,-343.77282501843365,-343.77282501843365,-94.96425971022822,-343.7728250184292,False,False,6.0,0.0,6.0,39,40,578.678205
3000002,40,cover,89,60-119,20,132,2669.91925239563,3015.245178000001,3015.245178000001,-345.32592560437115,-345.32592560437115,-101.5972213643852,-345.32592560436694,False,False,6.0,0.0,6.0,40,41,584.678205
3000002,41,cover,88,60-119,21,135,2623.1157779693604,3009.245178000001,3009.245178000001,-386.1294000306407,-386.1294000306407,-149.895469253321,-386.12940003063665,False,False,6.0,0.0,6.0,41,42,590.678205
3000002,42,probe,87,60-119,123,134,2633.8589191436768,3003.245178000001,3003.245178000001,-369.3862588563243,-369.3862588563243,-140.16034534632087,-369.38625885632047,False,False,50.84274299999993,0.0,50.84274299999993,42,43,641.520948
3000002,43,probe,86,60-119,126,138,2568.7026977539062,2952.402435000001,2952.402435000001,-383.6997372460946,-383.6997372460946,-162.6040249853593,-383.699737246091,False,False,38.63205700000003,0.0,38.63205700000003,43,44,680.153005
3000002,44,probe,85,60-119,126,138,2563.322067260742,2913.770378000001,2913.770378000001,-350.4483107392589,-350.4483107392589,-136.16062997739297,-350.44831073925496,False,False,30.224042999999938,0.0,30.224042999999938,44,45,710.377048
3000002,45,probe,84,60-119,126,138,2560.013771057129,2883.546335000001,2883.546335000001,-323.532563942872,-323.532563942872,-114.9946138747434,-323.53256394286825,False,False,23.622490000000084,0.0,23.622490000000084,45,46,733.999538
3000002,46,probe,83,60-119,126,138,2553.131341934204,2859.9238450000007,2859.9238450000007,-306.7925030657966,-306.7925030657966,-103.42584526070321,-306.79250306579286,False,False,18.966867999999977,0.0,18.966867999999977,46,47,752.966406
3000002,47,probe,82,60-119,126,138,2544.0406799316406,2840.9569770000007,2840.9569770000007,-296.9162970683601,-296.9162970683601,-98.473304487649,-296.9162970683562,False,False,15.475150999999983,0.0,15.475150999999983,47,48,768.441557
3000002,48,fallback,81,60-119,123,135,2548.9869117736816,2825.4818260000006,2825.4818260000006,-276.494914226319,-276.494914226319,-82.15991752169266,-276.49491422631525,False,False,42.41356099999996,0.0,42.41356099999996,48,51,810.855118
3000002,49,cover,80,60-119,37,129,2520.7488536834717,2783.068265000001,2783.068265000001,-262.3194113165291,-262.3194113165291,-71.56254169673956,-262.31941131652513,False,False,223.2174500000001,0.0,223.2174500000001,51,52,1034.072568
3000002,50,probe,79,60-119,106,128,2398.5540866851807,2559.8508150000007,2559.8508150000007,-161.29672831482003,-161.29672831482003,31.01067505786247,-161.29672831481622,True,True,6.0,0.0,6.0,52,53,1040.072568
3000002,51,cover,78,60-119,22,126,2353.7278175354004,2553.8508150000007,2553.8508150000007,-200.1229974646003,-200.1229974646003,-8.226941149387391,-200.12299746459672,False,False,6.0,0.0,6.0,53,54,1046.072568
3000002,52,cover,77,60-119,34,125,2345.11137008667,2547.8508150000007,2547.8508150000007,-202.73944491333077,-202.73944491333077,-11.414093261176925,-202.73944491332742,False,False,6.0,0.0,6.0,54,55,1052.072568
3000002,53,cover,76,60-119,30,124,2334.1872692108154,2541.8508150000007,2541.8508150000007,-207.66354578918526,-207.66354578918526,-17.198099091612246,-207.6635457891821,False,False,6.0,0.0,6.0,55,56,1058.072568
3000002,54,cover,75,60-119,29,123,2320.6992149353027,2535.8508150000007,2535.8508150000007,-215.15160006469796,-215.15160006469796,-25.985424596973854,-215.15160006469503,False,False,6.0,0.0,6.0,56,57,1064.072568
3000002,55,probe,74,60-119,110,122,2309.364080429077,2529.8508150000007,2529.8508150000007,-220.48673457092355,-220.48673457092355,-32.96900958231542,-220.48673457092082,False,False,6.0,0.0,6.0,57,58,1070.072568
3000002,56,cover,73,60-119,28,117,2302.4532794952393,2523.8508150000007,2523.8508150000007,-221.39753550476144,-221.39753550476144,-35.66295843805635,-221.39753550475893,False,False,6.0,0.0,6.0,58,59,1076.072568
3000002,57,cover,72,60-119,22,116,2313.5054111480713,2517.8508150000007,2517.8508150000007,-204.3454038519294,-204.3454038519294,-19.590343984446886,-204.34540385192713,False,False,6.0,0.0,6.0,59,60,1082.072568
3000002,58,cover,71,60-119,24,115,2307.8978061676025,2511.8508150000007,2511.8508150000007,-203.95300883239815,-203.95300883239815,-20.208367331490372,-203.95300883239608,False,False,6.0,0.0,6.0,60,61,1088.072568
3000002,59,cover,70,60-119,24,114,2307.621955871582,2505.8508150000007,2505.8508150000007,-198.22885912841866,-198.22885912841866,-15.246544871064312,-198.22885912841681,False,False,6.0,0.0,6.0,61,62,1094.072568
3000002,60,cover,69,60-119,21,113,2305.086851119995,2499.8508150000007,2499.8508150000007,-194.76396388000558,-194.76396388000558,-12.401736444896255,-194.76396388000396,False,False,6.0,0.0,6.0,62,63,1100.072568
3000002,61,probe,68,60-119,111,112,2248.5246658325195,2493.8508150000007,2493.8508150000007,-245.32614916748116,-245.32614916748116,-66.27781234986533,-245.32614916747974,False,False,6.0,0.0,6.0,63,64,1106.072568
3000002,62,clear,67,60-119,99,110,2236.9542121887207,2487.8508150000007,2487.8508150000007,-250.89660281128,-250.89660281128,-75.62975367754144,-250.8966028112788,False,False,127.49800699999992,0.0,127.49800699999992,64,65,1233.570575
3000002,63,cover,66,60-119,34,107,2119.7006702423096,2360.3528080000006,2360.3528080000006,-240.65213775769098,-240.65213775769098,-68.82661960416083,-240.65213775769013,False,False,113.74236300000007,0.0,113.74236300000007,65,66,1347.312938
3000002,64,cover,65,60-119,25,106,1978.7180423736572,2246.6104450000003,2246.6104450000003,-267.892402626343,-267.892402626343,-101.12303628717169,-267.8924026263424,False,False,6.0,0.0,6.0,66,67,1353.312938
3000002,65,cover,64,60-119,26,105,1964.3014669418335,2240.6104450000003,2240.6104450000003,-276.30897805816676,-276.30897805816676,-115.30485444104781,-276.30897805816613,False,False,6.0,0.0,6.0,67,68,1359.312938
3000002,66,cover,63,60-119,25,104,1956.1353921890259,2234.6104450000003,2234.6104450000003,-278.4750528109744,-278.4750528109744,-123.65360967774255,-278.47505281097375,False,False,6.0,0.0,6.0,68,69,1365.312938
3000002,67,cover,62,60-119,28,103,1929.1305541992188,2228.6104450000003,2228.6104450000003,-299.4798908007815,-299.4798908007815,-152.27205017636808,-299.4798908007809,False,False,6.0,0.0,6.0,69,70,1371.312938
3000002,68,cover,61,60-119,31,106,2003.2808780670166,2222.6104450000003,2222.6104450000003,-219.32956693298365,-219.32956693298365,-75.91760664060048,-219.32956693298323,False,False,6.0,0.0,6.0,70,71,1377.312938
3000002,69,cover,60,60-119,30,105,1983.8087558746338,2216.6104450000003,2216.6104450000003,-232.80168912536647,-232.80168912536647,-94.09445140314033,-232.80168912536604,False,False,6.0,0.0,6.0,71,72,1383.312938
3000002,70,cover,59,30-59,27,104,1979.2739152908325,2210.6104450000003,2210.6104450000003,-231.33652970916773,-231.33652970916773,-97.50451788099116,-231.33652970916728,False,False,6.0,0.0,6.0,72,73,1389.312938
3000002,71,cover,58,30-59,31,103,1982.6574325561523,2204.6104450000003,2204.6104450000003,-221.9530124438479,-221.9530124438479,-92.75894801649613,-221.95301244384746,False,False,6.0,0.0,6.0,73,74,1395.312938
3000002,72,cover,57,30-59,31,102,1987.8751039505005,2198.6104450000003,2198.6104450000003,-210.73534104949977,-210.73534104949977,-85.83292276015578,-210.7353410494993,False,False,6.0,0.0,6.0,74,75,1401.312938
3000002,73,probe,56,30-59,84,101,1968.9749479293823,2192.6104450000003,2192.6104450000003,-223.63549707061793,-223.63549707061793,-103.9295566118673,-223.63549707061748,False,False,6.0,0.0,6.0,75,76,1407.312938
3000002,74,probe,55,30-59,98,99,1987.5190258026123,2186.6104450000003,2186.6104450000003,-199.09141919738795,-199.09141919738795,-83.56366183014455,-199.0914191973875,False,False,6.0,0.0,6.0,76,77,1413.312938
3000002,75,probe,54,30-59,77,97,2002.9730796813965,2180.6104450000003,2180.6104450000003,-177.63736531860377,-177.63736531860377,-65.37853468564272,-177.6373653186035,False,False,38.79811900000004,0.0,38.79811900000004,77,78,1452.111057
3000002,76,probe,53,30-59,77,99,1922.1712350845337,2141.812326,2141.812326,-219.64109091546652,-219.64109091546652,-113.03395819211111,-219.64109091546635,False,False,29.50022399999989,0.0,29.50022399999989,78,79,1481.611281
3000002,77,probe,52,30-59,77,99,1892.1719789505005,2112.3121020000003,2112.3121020000003,-220.14012304949983,-220.14012304949983,-119.50841086962564,-220.14012304949958,False,False,22.008174000000054,0.0,22.008174000000054,79,80,1503.619455
3000002,78,probe,51,30-59,76,99,1843.4292078018188,2090.3039280000003,2090.3039280000003,-246.87472019818142,-246.87472019818142,-153.94000844032345,-246.87472019818125,False,False,12.782067000000097,0.0,12.782067000000097,80,81,1516.401522
3000002,79,clear,50,30-59,74,96,1826.8200159072876,2077.521861,2077.521861,-250.70184509271257,-250.70184509271257,-166.07066666826805,-250.70184509271243,False,False,6.12319199999979,0.0,6.12319199999979,81,82,1522.524714
3000002,80,probe,49,30-59,71,92,1813.2809400558472,2071.398669,2071.398669,-258.117728944153,-258.117728944153,-182.6174215996934,-258.1177289441531,False,False,169.85067500000014,0.0,169.85067500000014,82,83,1692.375389
3000002,81,clear,48,30-59,71,88,1708.9701890945435,1901.5479939999998,1901.5479939999998,-192.57780490545633,-192.57780490545633,-123.23947111683886,-192.57780490545662,False,False,5.0,0.0,5.0,83,84,1697.375389
3000002,82,probe,47,30-59,83,84,1721.4463949203491,1896.5479939999998,1896.5479939999998,-175.10159907965067,-175.10159907965067,-111.3297529379298,-175.10159907965107,False,False,6.0,0.0,6.0,84,85,1703.375389
3000002,83,clear,46,30-59,79,80,1621.6058731079102,1890.5479939999998,1890.5479939999998,-268.94212089208963,-268.94212089208963,-215.96871026354606,-268.94212089209003,False,False,144.7122609999999,0.0,144.7122609999999,85,86,1848.08765
3000002,84,probe,45,30-59,58,75,1609.4012260437012,1745.835733,1745.835733,-136.43450695629872,-136.43450695629872,-87.8537856081632,-136.43450695629897,False,False,6.0,0.0,6.0,86,87,1854.08765
3000002,85,probe,44,30-59,67,74,1615.333914756775,1739.835733,1739.835733,-124.50181824322499,-124.50181824322499,-79.91694410009417,-124.50181824322523,False,False,6.0,0.0,6.0,87,88,1860.08765
3000002,86,clear,43,30-59,63,70,1510.231375694275,1733.835733,1733.835733,-223.604357305725,-223.604357305725,-188.44156122378334,-223.60435730572522,False,False,68.98840600000017,0.0,68.98840600000017,88,89,1929.076056
3000002,87,probe,42,30-59,52,64,1500.184416770935,1664.8473269999997,1664.8473269999997,-164.66291022906466,-164.66291022906466,-136.3159096285506,-164.66291022906495,False,False,6.0,0.0,6.0,89,90,1935.076056
3000002,88,probe,41,30-59,48,63,1519.9886560440063,1658.8473269999997,1658.8473269999997,-138.85867095599338,-138.85867095599338,-116.3280740583993,-138.85867095599366,False,False,117.72567299999969,0.0,117.72567299999969,90,91,2052.801729
3000002,89,clear,40,30-59,48,60,1411.0387563705444,1541.121654,1541.121654,-130.0828976294556,-130.0828976294556,-113.2129481388017,-130.082897629456,False,False,5.0,0.0,5.0,91,92,2057.801729
3000002,90,cover,39,30-59,31,53,1442.4244165420532,1536.121654,1536.121654,-93.69723745794681,-93.69723745794681,-80.87082943925581,-93.69723745794731,False,False,85.16413200000034,0.0,85.16413200000034,92,93,2142.965861
3000002,91,cover,38,30-59,36,52,1427.0133972167969,1450.9575219999997,1450.9575219999997,-23.944124783202824,-23.944124783202824,-11.702859752117767,-23.944124783203375,False,False,6.0,0.0,6.0,93,94,2148.965861
3000002,92,cover,37,30-59,39,51,1418.2370901107788,1444.9575219999997,1444.9575219999997,-26.72043188922089,-26.72043188922089,-15.241228271721925,-26.720431889221434,False,False,6.0,0.0,6.0,94,95,2154.965861
3000002,93,cover,36,30-59,35,50,1409.5567464828491,1438.9575219999997,1438.9575219999997,-29.400775517150578,-29.400775517150578,-18.86481252594906,-29.400775517151118,False,False,6.0,0.0,6.0,95,96,2160.965861
3000002,94,cover,35,30-59,34,49,1392.1220302581787,1432.9575219999997,1432.9575219999997,-40.83549174182099,-40.83549174182099,-31.894240790125753,-40.83549174182152,False,False,6.0,0.0,6.0,96,97,2166.965861
3000002,95,cover,34,30-59,30,48,1376.1905431747437,1426.9575219999997,1426.9575219999997,-50.76697882525605,-50.76697882525605,-44.02708197216927,-50.76697882525657,False,False,6.0,0.0,6.0,97,98,2172.965861
3000002,96,cover,33,30-59,30,47,1351.5475988388062,1420.9575219999997,1420.9575219999997,-69.40992316119355,-69.40992316119355,-65.96844874537555,-69.40992316119407,False,False,6.0,0.0,6.0,98,99,2178.965861
3000002,97,cover,32,30-59,31,46,1342.9821729660034,1414.9575219999997,1414.9575219999997,-71.97534903399628,-71.97534903399628,-72.14092065071398,-71.97534903399679,False,False,6.0,0.0,6.0,99,100,2184.965861
3000002,98,cover,31,30-59,33,45,1330.39391040802,1408.9575219999997,1408.9575219999997,-78.56361159197968,-78.56361159197968,-82.87282443020777,-78.56361159198019,False,False,6.0,0.0,6.0,100,101,2190.965861
3000002,99,probe,30,30-59,44,48,1418.136477470398,1402.9575219999997,1402.9575219999997,15.17895547039825,15.17895547039825,11.441834349652805,15.178955470397742,False,False,70.43515499999967,0.0,70.43515499999967,101,102,2261.401016
3000002,100,probe,29,10-29,47,48,1391.5001153945923,1332.522367,1332.522367,58.977748394592254,58.977748394592254,58.14802870931251,58.97774839459183,False,False,21.310144000000037,0.0,21.310144000000037,102,103,2282.71116
3000002,101,probe,28,10-29,44,48,1382.200837135315,1311.212223,1311.212223,70.98861413531495,70.98861413531495,73.85146784214238,70.98861413531458,False,False,29.45937700000013,0.0,29.45937700000013,103,104,2312.170537
3000002,102,probe,27,10-29,47,48,1363.1900548934937,1281.7528459999999,1281.7528459999999,81.43720889349379,81.43720889349379,88.73690800033825,81.43720889349352,False,False,9.253815999999915,0.0,9.253815999999915,104,105,2321.424353
3000002,103,probe,26,10-29,46,48,1356.9108247756958,1272.49903,1272.49903,84.41179477569585,84.41179477569585,96.5384146132004,84.41179477569563,False,False,12.97937600000023,0.0,12.97937600000023,105,106,2334.403729
3000002,104,clear,25,10-29,44,45,1351.5679836273193,1259.5196539999997,1259.5196539999997,92.04832962731962,92.04832962731962,109.65784154192026,92.04832962731949,False,False,6.210211999999956,0.0,6.210211999999956,106,107,2340.613941
3000002,105,cover,24,10-29,22,42,1404.1849374771118,1253.3094419999998,1253.3094419999998,150.87549547711205,150.87549547711205,177.3526393596977,150.87549547711203,False,False,300.77553499999976,0.0,300.77553499999976,107,108,2641.389476
3000002,106,cover,23,10-29,21,41,1050.6047010421753,952.533907,952.533907,98.0707940421753,98.0707940421753,131.10309255237982,98.07079404217514,False,False,6.0,0.0,6.0,108,109,2647.389476
3000002,107,cover,22,10-29,21,40,1018.4541940689087,946.533907,946.533907,71.92028706890869,71.92028706890869,110.47640587275076,71.92028706890855,False,False,6.0,0.0,6.0,109,110,2653.389476
3000002,108,cover,21,10-29,17,39,998.4727501869202,940.533907,940.533907,57.93884318692017,57.93884318692017,101.57364420080236,57.938843186920025,False,False,6.0,0.0,6.0,110,111,2659.389476
3000002,109,cover,20,10-29,23,38,970.1165556907654,934.533907,934.533907,35.58264869076538,35.58264869076538,83.38678916278694,35.58264869076525,False,False,6.0,0.0,6.0,111,112,2665.389476
3000002,110,cover,19,10-29,20,37,949.9722719192505,928.533907,928.533907,21.43836491925049,21.43836491925049,72.88684778028637,21.438364919250358,False,False,6.0,0.0,6.0,112,113,2671.389476
3000002,111,cover,18,10-29,18,36,907.5263142585754,922.533907,922.533907,-15.00759274142456,-15.00759274142456,38.35883170485403,-15.007592741424686,True,True,6.0,0.0,6.0,113,114,2677.389476
3000002,112,cover,17,10-29,17,35,889.273464679718,916.533907,916.533907,-27.26044232028198,-27.26044232028198,27.4799811852596,-27.260442320282102,True,True,6.0,0.0,6.0,114,115,2683.389476
3000002,113,clear,16,10-29,33,34,868.4893250465393,910.533907,910.533907,-42.04458195346069,-42.04458195346069,13.364043739032521,-42.044581953460806,True,True,366.85319700000036,0.0,366.85319700000036,115,116,3050.242673
3000002,114,probe,15,10-29,27,28,414.75367546081543,543.6807099999996,543.6807099999996,-128.9270345391842,-128.9270345391842,-77.38779878599047,-128.92703453918426,False,False,6.0,0.0,6.0,116,117,3056.242673
3000002,115,cover,14,10-29,1,27,450.2069354057312,537.6807099999996,537.6807099999996,-87.47377459426843,-87.47377459426843,-37.82583035902599,-87.4737745942685,False,False,83.07493599999998,0.0,83.07493599999998,117,118,3139.317609
3000002,116,probe,13,10-29,21,27,355.46791553497314,454.60577399999966,454.60577399999966,-99.13785846502651,-99.13785846502651,-52.09464655766743,-99.13785846502657,False,False,6.0,0.0,6.0,118,119,3145.317609
3000002,117,cover,12,10-29,0,25,270.60699462890625,448.60577399999966,448.60577399999966,-177.9987793710934,-177.9987793710934,-137.84796575129928,-177.99877937109346,False,False,6.0,0.0,6.0,119,120,3151.317609
3000002,118,cover,11,10-29,4,24,250.563383102417,442.60577399999966,442.60577399999966,-192.04239089758266,-192.04239089758266,-159.88587081872478,-192.04239089758272,False,False,6.0,0.0,6.0,120,121,3157.317609
3000002,119,cover,10,10-29,0,23,247.61854112148285,436.60577399999966,436.60577399999966,-188.9872328785168,-188.9872328785168,-165.08496084174627,-188.98723287851683,False,False,6.0,0.0,6.0,121,122,3163.317609
3000002,120,cover,9,00-09,4,22,229.30054366588593,430.60577399999966,430.60577399999966,-201.30523033411373,-201.30523033411373,-186.73995610246652,-201.30523033411376,False,False,6.0,0.0,6.0,122,123,3169.317609
3000002,121,cover,8,00-09,0,21,232.5626164674759,424.60577399999966,424.60577399999966,-192.04315753252376,-192.04315753252376,-186.81882452723846,-192.0431575325238,False,False,6.0,0.0,6.0,123,124,3175.317609
3000002,122,cover,7,00-09,1,24,380.1416754722595,418.60577399999966,418.60577399999966,-38.464098527740134,-38.464098527740134,-34.98922686574193,-38.46409852774016,False,False,6.0,0.0,6.0,124,125,3181.317609
3000002,123,cover,6,00-09,0,23,370.88286876678467,412.60577399999966,412.60577399999966,-41.72290523321499,-41.72290523321499,-40.26108796970187,-41.72290523321501,False,False,6.0,0.0,6.0,125,126,3187.317609
3000002,124,cover,5,00-09,0,22,368.9749240875244,406.60577399999966,406.60577399999966,-37.63084991247524,-37.63084991247524,-38.07266594627592,-37.630849912475256,False,False,6.0,0.0,6.0,126,127,3193.317609
3000002,125,clear,4,00-09,16,17,365.97925424575806,400.60577399999966,400.60577399999966,-34.6265197542416,-34.6265197542416,-36.91403767162344,-34.626519754241606,False,False,100.77469799999972,0.0,100.77469799999972,127,128,3294.092307
3000002,126,probe,3,00-09,13,14,346.8210697174072,299.83107599999994,299.83107599999994,46.98999371740729,46.98999371740729,47.05523768423731,46.98999371740728,False,False,6.0,0.0,6.0,128,129,3300.092307
3000002,127,clear,2,00-09,9,10,291.5748357772827,293.83107599999994,293.83107599999994,-2.2562402227172242,-2.2562402227172242,-2.3063118483023106,-2.256240222717223,False,False,100.0904660000001,0.0,100.0904660000001,129,130,3400.182773
3000002,128,probe,1,00-09,4,9,203.3805400133133,193.74060999999983,193.74060999999983,9.63993001331346,9.63993001331346,10.094587776556178,9.639930013313457,False,False,188.74060999999983,0.0,188.74060999999983,130,131,3588.923383
3000002,129,clear,0,00-09,4,5,-4.093155264854431,5.0,5.0,-9.093155264854431,-9.093155264854431,-9.093155264854433,-9.093155264854433,False,False,5.0,0.0,5.0,131,132,3593.923383
3000003,0,cover,139,120+,9,140,3126.265048980713,2988.83634,2988.83634,137.42870898071305,137.42870898071305,6.186560313565477,137.42870898072437,False,False,6.0,0.0,6.0,0,1,6.0
3000003,1,cover,138,120+,7,139,3119.969367980957,2982.83634,2982.83634,137.1330279809572,137.1330279809572,6.200925593483579,137.1330279809683,False,False,6.0,0.0,6.0,1,2,12.0
3000003,2,cover,137,120+,10,142,3094.890594482422,2976.83634,2976.83634,118.05425448242204,118.05425448242204,-13.55562937373873,118.05425448243292,True,True,6.0,0.0,6.0,2,3,18.0
3000003,3,cover,136,120+,10,141,3092.5562381744385,2970.83634,2970.83634,121.71989817443864,121.71989817443864,-10.41051124391826,121.71989817444931,True,True,6.0,0.0,6.0,3,4,24.0
3000003,4,cover,135,120+,6,144,3083.0254554748535,2964.83634,2964.83634,118.18911547485368,118.18911547485368,-14.675046256319408,118.18911547486414,True,True,6.0,0.0,6.0,4,5,30.0
3000003,5,cover,134,120+,6,143,3081.592798233032,2958.83634,2958.83634,122.75645823303239,122.75645823303239,-10.63968789277991,122.75645823304262,True,True,6.0,0.0,6.0,5,6,36.0
3000003,6,cover,133,120+,4,142,3077.5678157806396,2952.83634,2952.83634,124.73147578063981,124.73147578063981,-9.120705626497585,124.73147578064983,True,True,6.0,0.0,6.0,6,7,42.0
3000003,7,cover,132,120+,7,141,3075.779676437378,2946.83634,2946.83634,128.9433364373781,128.9433364373781,-5.167205231325812,128.9433364373879,True,True,6.0,0.0,6.0,7,8,48.0
3000003,8,cover,131,120+,5,140,3071.2292194366455,2940.83634,2940.83634,130.39287943664567,130.39287943664567,-3.913328665324685,130.39287943665525,True,True,6.0,0.0,6.0,8,9,54.0
3000003,9,cover,130,120+,4,139,3068.90606880188,2934.83634,2934.83634,134.06972880188005,134.06972880188005,-0.24892557904265983,134.06972880188943,True,True,6.0,0.0,6.0,9,10,60.0
3000003,10,cover,129,120+,4,138,3066.9713020324707,2928.83634,2928.83634,138.13496203247087,138.13496203247087,4.017165948997835,138.13496203248002,False,False,6.0,0.0,6.0,10,11,66.0
3000003,11,cover,128,120+,8,137,3063.2004737854004,2922.83634,2922.83634,140.36413378540055,140.36413378540055,6.575092317818218,140.36413378540948,False,False,6.0,0.0,6.0,11,12,72.0
3000003,12,cover,127,120+,7,140,3044.0022945404053,2916.83634,2916.83634,127.16595454040544,127.16595454040544,-6.971670449660123,127.16595454041416,True,True,6.0,0.0,6.0,12,13,78.0
3000003,13,cover,126,120+,0,143,3035.0475311279297,2910.83634,2910.83634,124.21119112792985,124.21119112792985,-10.448877749616763,124.21119112793835,True,True,6.0,0.0,6.0,13,14,84.0
3000003,14,cover,125,120+,1,142,3034.844160079956,2904.83634,2904.83634,130.00782007995622,130.00782007995622,-4.897103997463804,130.00782007996452,True,True,6.0,0.0,6.0,14,15,90.0
3000003,15,cover,124,120+,0,141,3031.0299396514893,2898.83634,2898.83634,132.19359965148942,132.19359965148942,-2.8540257115061234,132.1935996514975,True,True,6.0,0.0,6.0,15,16,96.0
3000003,16,cover,123,120+,0,140,3029.9413204193115,2892.83634,2892.83634,137.1049804193117,137.1049804193117,2.165636901385185,137.10498041931953,False,False,6.0,0.0,6.0,16,17,102.0
3000003,17,cover,122,120+,1,139,3028.780937194824,2886.83634,2886.83634,141.94459719482438,141.94459719482438,7.373951238839646,141.94459719483203,False,False,6.0,0.0,6.0,17,18,108.0
3000003,18,cover,121,120+,0,138,3026.029586791992,2880.83634,2880.83634,145.19324679199235,145.19324679199235,11.181685090534103,145.19324679199977,False,False,6.0,0.0,6.0,18,19,114.0
3000003,19,cover,120,120+,0,137,3021.31724357605,2874.83634,2874.83634,146.48090357604997,146.48090357604997,13.125623025885792,146.48090357605716,False,False,6.0,0.0,6.0,19,20,120.0
3000003,20,probe,119,60-119,135,136,3027.5256633758545,2868.83634,2868.83634,158.68932337585466,158.68932337585466,26.667413500726592,158.68932337586165,False,False,81.022986,0.0,81.022986,20,21,201.022986
3000003,21,probe,118,60-119,124,139,2929.2728900909424,2787.813354,2787.813354,141.4595360909425,141.4595360909425,9.934343385067667,141.45953609094934,False,False,6.0,0.0,6.0,21,22,207.022986
3000003,22,clear,117,60-119,120,135,2907.283306121826,2781.813354,2781.813354,125.46995212182628,125.46995212182628,-6.373937456893432,125.4699521218329,True,True,29.892009,0.0,29.892009,22,23,236.914995
3000003,23,probe,116,60-119,128,129,2880.5019855499268,2751.9213449999997,2751.9213449999997,128.580640549927,128.580640549927,-3.434998977676566,128.5806405499336,True,True,6.0,0.0,6.0,23,24,242.914995
3000003,24,probe,115,60-119,124,128,2839.4668102264404,2745.9213449999997,2745.9213449999997,93.54546522644068,93.54546522644068,-40.4949203170138,93.54546522644705,True,True,89.85048299999997,0.0,89.85048299999997,24,25,332.765478
3000003,25,clear,114,60-119,124,125,2735.772132873535,2656.0708619999996,2656.0708619999996,79.70127087353558,79.70127087353558,-57.199068073599285,79.70127087354153,True,True,7.457812000000047,0.0,7.457812000000047,25,26,340.22329
3000003,26,cover,113,60-119,18,118,2784.2628955841064,2648.6130499999995,2648.6130499999995,135.64984558410697,135.64984558410697,-1.316308803187184,135.649845584113,True,True,64.91673699999996,0.0,64.91673699999996,26,27,405.140027
3000003,27,probe,112,60-119,116,117,2733.323335647583,2583.6963129999995,2583.6963129999995,149.62702264758354,149.62702264758354,13.327229747672916,149.62702264758946,False,False,6.0,0.0,6.0,27,28,411.140027
3000003,28,cover,111,60-119,24,115,2697.478771209717,2577.6963129999995,2577.6963129999995,119.78245820971733,119.78245820971733,-17.38666809494054,119.78245820972303,True,True,6.0,0.0,6.0,28,29,417.140027
3000003,29,cover,110,60-119,32,114,2721.407413482666,2571.6963129999995,2571.6963129999995,149.71110048266655,149.71110048266655,13.202078082114172,149.71110048267204,False,False,6.0,0.0,6.0,29,30,423.140027
3000003,30,cover,109,60-119,27,113,2713.4921550750732,2565.6963129999995,2565.6963129999995,147.79584207507378,147.79584207507378,11.880862815285454,147.79584207507904,False,False,6.0,0.0,6.0,30,31,429.140027
3000003,31,cover,108,60-119,28,112,2703.18865776062,2559.6963129999995,2559.6963129999995,143.49234476062065,143.49234476062065,7.976174211402225,143.49234476062568,False,False,6.0,0.0,6.0,31,32,435.140027
3000003,32,cover,107,60-119,29,111,2693.8793659210205,2553.6963129999995,2553.6963129999995,140.18305292102104,140.18305292102104,4.912507759791999,140.18305292102588,False,False,6.0,0.0,6.0,32,33,441.140027
3000003,33,cover,106,60-119,25,110,2684.480667114258,2547.6963129999995,2547.6963129999995,136.78435411425835,136.78435411425835,1.5934831084516696,136.78435411426295,False,False,6.0,0.0,6.0,33,34,447.140027
3000003,34,cover,105,60-119,21,109,2675.889730453491,2541.6963129999995,2541.6963129999995,134.19341745349175,134.19341745349175,-1.0499511077001564,134.19341745349615,True,True,6.0,0.0,6.0,34,35,453.140027
3000003,35,cover,104,60-119,18,108,2670.151948928833,2535.6963129999995,2535.6963129999995,134.45563592883354,134.45563592883354,-0.8291922445879751,134.45563592883772,True,True,6.0,0.0,6.0,35,36,459.140027
3000003,36,cover,103,60-119,19,107,2666.6207313537598,2529.6963129999995,2529.6963129999995,136.9244183537603,136.9244183537603,1.7258844003563851,136.92441835376425,False,False,6.0,0.0,6.0,36,37,465.140027
3000003,37,cover,102,60-119,24,106,2655.491828918457,2523.6963129999995,2523.6963129999995,131.79551591845757,131.79551591845757,-3.582124247312175,131.79551591846132,True,True,6.0,0.0,6.0,37,38,471.140027
3000003,38,cover,101,60-119,19,105,2644.8721885681152,2517.6963129999995,2517.6963129999995,127.17587556811577,127.17587556811577,-8.633436418583356,127.1758755681193,True,True,6.0,0.0,6.0,38,39,477.140027
3000003,39,cover,100,60-119,18,104,2635.817766189575,2511.6963129999995,2511.6963129999995,124.12145318957573,124.12145318957573,-12.30300926013012,124.12145318957904,True,True,6.0,0.0,6.0,39,40,483.140027
3000003,40,cover,99,60-119,18,103,2628.3063888549805,2505.6963129999995,2505.6963129999995,122.610075854981,122.610075854981,-14.541459573394803,122.6100758549841,True,True,6.0,0.0,6.0,40,41,489.140027
3000003,41,cover,98,60-119,19,102,2617.3226833343506,2499.6963129999995,2499.6963129999995,117.62637033435112,117.62637033435112,-20.55280536213148,117.626370334354,True,True,6.0,0.0,6.0,41,42,495.140027
3000003,42,cover,97,60-119,18,101,2606.726884841919,2493.6963129999995,2493.6963129999995,113.03057184191948,113.03057184191948,-26.472214583750883,113.03057184192214,True,True,6.0,0.0,6.0,42,43,501.140027
3000003,43,probe,96,60-119,95,100,2657.224178314209,2487.6963129999995,2487.6963129999995,169.52786531420952,169.52786531420952,31.605346198462044,169.52786531421197,False,False,6.0,0.0,6.0,43,44,507.140027
3000003,44,probe,95,60-119,97,98,2649.047374725342,2481.6963129999995,2481.6963129999995,167.35106172534233,167.35106172534233,30.977413273257522,167.35106172534455,False,False,111.56797899999998,0.0,111.56797899999998,44,45,618.708006
3000003,45,probe,94,60-119,98,99,2533.4627628326416,2370.1283339999995,2370.1283339999995,163.33442883264206,163.33442883264206,28.379768821639452,163.3344288326445,False,False,57.74824699999999,0.0,57.74824699999999,45,46,676.456253
3000003,46,clear,93,60-119,95,96,2460.06441116333,2312.3800869999995,2312.3800869999995,147.68432416333053,147.68432416333053,13.39964647613481,147.68432416333314,False,False,57.42901600000005,0.0,57.42901600000005,46,47,733.885269
3000003,47,cover,92,60-119,13,90,2415.0397777557373,2254.9510709999995,2254.9510709999995,160.0887067557378,160.0887067557378,27.16213586162314,160.0887067557403,False,False,65.60481800000002,0.0,65.60481800000002,47,48,799.490087
3000003,48,cover,91,60-119,2,89,2357.992172241211,2189.3462529999997,2189.3462529999997,168.64591924121123,168.64591924121123,37.59931404957573,168.6459192412141,False,False,6.0,0.0,6.0,48,49,805.490087
3000003,49,cover,90,60-119,6,88,2331.6988945007324,2183.3462529999997,2183.3462529999997,148.35264150073272,148.35264150073272,18.216880325365267,148.3526415007354,False,False,6.0,0.0,6.0,49,50,811.490087
3000003,50,cover,89,60-119,6,91,2346.4884757995605,2177.3462529999997,2177.3462529999997,169.14222279956084,169.14222279956084,41.0594332886244,169.14222279956329,False,False,6.0,0.0,6.0,50,51,817.490087
3000003,51,cover,88,60-119,2,90,2316.619634628296,2171.3462529999997,2171.3462529999997,145.2733816282962,145.2733816282962,18.095360123536352,145.2733816282984,False,False,6.0,0.0,6.0,51,52,823.490087
3000003,52,cover,87,60-119,10,89,2304.2359352111816,2165.3462529999997,2165.3462529999997,138.88968221118193,138.88968221118193,12.328063901496714,138.88968221118395,False,False,6.0,0.0,6.0,52,53,829.490087
3000003,53,cover,86,60-119,6,88,2296.729803085327,2159.3462529999997,2159.3462529999997,137.38355008532744,137.38355008532744,11.391507132254743,137.38355008532923,False,False,6.0,0.0,6.0,53,54,835.490087
3000003,54,cover,85,60-119,1,87,2283.3845615386963,2153.3462529999997,2153.3462529999997,130.03830853869658,130.03830853869658,4.259226932235439,130.03830853869817,False,False,6.0,0.0,6.0,54,55,841.490087
3000003,55,cover,84,60-119,0,86,2277.6143550872803,2147.3462529999997,2147.3462529999997,130.26810208728057,130.26810208728057,4.725284716651797,130.26810208728193,False,False,6.0,0.0,6.0,55,56,847.490087
3000003,56,cover,83,60-119,6,85,2271.0559368133545,2141.3462529999997,2141.3462529999997,129.7096838133548,129.7096838133548,4.386175202869262,129.70968381335592,False,False,6.0,0.0,6.0,56,57,853.490087
3000003,57,cover,82,60-119,6,88,2297.5785732269287,2135.3462529999997,2135.3462529999997,162.232320226929,162.232320226929,38.85138064888765,162.23232022692994,False,False,6.0,0.0,6.0,57,58,859.490087
3000003,58,cover,81,60-119,4,87,2289.106845855713,2129.3462529999997,2129.3462529999997,159.76059285571318,159.76059285571318,38.29437187123328,159.7605928557139,False,False,6.0,0.0,6.0,58,59,865.490087
3000003,59,cover,80,60-119,3,86,2278.6192893981934,2123.3462529999997,2123.3462529999997,155.27303639819365,155.27303639819365,35.58612148811951,155.27303639819414,False,False,6.0,0.0,6.0,59,60,871.490087
3000003,60,cover,79,60-119,2,85,2269.0749168395996,2117.3462529999997,2117.3462529999997,151.7286638395999,151.7286638395999,33.728156767921625,151.7286638396002,False,False,6.0,0.0,6.0,60,61,877.490087
3000003,61,cover,78,60-119,0,84,2260.4262828826904,2111.3462529999997,2111.3462529999997,149.08002988269072,149.08002988269072,32.71528716948656,149.08002988269078,False,False,6.0,0.0,6.0,61,62,883.490087
3000003,62,cover,77,60-119,0,83,2253.000259399414,2105.3462529999997,2105.3462529999997,147.65400639941436,147.65400639941436,32.936067038115766,147.65400639941421,False,False,6.0,0.0,6.0,62,63,889.490087
3000003,63,probe,76,60-119,81,82,2220.555305480957,2099.3462529999997,2099.3462529999997,121.20905248095733,121.20905248095733,6.832750652272123,121.20905248095696,False,False,38.547473999999966,0.0,38.547473999999966,63,64,928.037561
3000003,64,probe,75,60-119,82,83,2213.7863636016846,2060.7987789999997,2060.7987789999997,152.98758460168483,152.98758460168483,40.643455550525985,152.98758460168452,False,False,29.382862000000046,0.0,29.382862000000046,64,65,957.420423
3000003,65,probe,74,60-119,80,83,2194.9715614318848,2031.4159169999998,2031.4159169999998,163.55564443188496,163.55564443188496,53.90685829550108,163.55564443188456,False,False,39.13709499999993,0.0,39.13709499999993,65,66,996.557518
3000003,66,clear,73,60-119,79,80,2188.741445541382,1992.2788219999998,1992.2788219999998,196.46262354138207,196.46262354138207,91.3829867421034,196.4626235413817,False,False,30.348838,0.0,30.348838,66,67,1026.906356
3000003,67,probe,72,60-119,69,75,2074.991226196289,1961.9299839999999,1961.9299839999999,113.06124219628919,113.06124219628919,8.401689891590236,113.06124219628902,False,False,6.0,0.0,6.0,67,68,1032.906356
3000003,68,probe,71,60-119,65,74,2147.3169326782227,1955.9299839999999,1955.9299839999999,191.38694867822278,191.38694867822278,91.29199618265643,191.3869486782224,False,False,183.79188999999997,0.0,183.79188999999997,68,69,1216.698246
3000003,69,probe,70,60-119,65,74,1936.2369775772095,1772.138094,1772.138094,164.09888357720956,164.09888357720956,67.37255903330887,164.0988835772094,False,False,9.855274000000009,0.0,9.855274000000009,69,70,1226.55352
3000003,70,clear,69,60-119,65,71,1890.8134698867798,1762.28282,1762.28282,128.53064988677988,128.53064988677988,33.47823720303068,128.53064988677968,False,False,5.87527399999999,0.0,5.87527399999999,70,71,1232.428794
3000003,71,cover,68,60-119,59,66,1859.4821691513062,1756.407546,1756.407546,103.07462315130624,103.07462315130624,8.444432071112791,103.07462315130614,False,False,195.49195700000018,0.0,195.49195700000018,71,72,1427.920751
3000003,72,cover,67,60-119,53,65,1683.1181049346924,1560.9155889999997,1560.9155889999997,122.20251593469266,122.20251593469266,29.023499846841304,122.20251593469258,False,False,6.0,0.0,6.0,72,73,1433.920751
3000003,73,cover,66,60-119,50,64,1669.0765619277954,1554.9155889999997,1554.9155889999997,114.16097292779568,114.16097292779568,22.086270357836145,114.16097292779561,False,False,6.0,0.0,6.0,73,74,1439.920751
3000003,74,cover,65,60-119,50,63,1656.0708284378052,1548.9155889999997,1548.9155889999997,107.15523943780545,107.15523943780545,15.87424933457465,107.15523943780539,False,False,6.0,0.0,6.0,74,75,1445.920751
3000003,75,cover,64,60-119,49,62,1643.1752443313599,1542.9155889999997,1542.9155889999997,100.25965533136014,100.25965533136014,9.451226555925624,100.25965533136008,False,False,6.0,0.0,6.0,75,76,1451.920751
3000003,76,cover,63,60-119,50,61,1626.55508518219,1536.9155889999997,1536.9155889999997,89.63949618219021,89.63949618219021,-1.2304553613097826,89.63949618219017,True,True,6.0,0.0,6.0,76,77,1457.920751
3000003,77,cover,62,60-119,49,60,1615.1301860809326,1530.9155889999997,1530.9155889999997,84.21459708093289,84.21459708093289,-7.005636276386423,84.21459708093285,True,True,6.0,0.0,6.0,77,78,1463.920751
3000003,78,cover,61,60-119,47,59,1595.239281654358,1524.9155889999997,1524.9155889999997,70.32369265435818,70.32369265435818,-21.99635863469592,70.32369265435814,True,True,6.0,0.0,6.0,78,79,1469.920751
3000003,79,cover,60,60-119,48,58,1569.4235563278198,1518.9155889999997,1518.9155889999997,50.5079673278201,50.5079673278201,-44.01271995919369,50.50796732782006,True,True,6.0,0.0,6.0,79,80,1475.920751
3000003,80,cover,59,30-59,51,61,1671.1331605911255,1512.9155889999997,1512.9155889999997,158.21757159112576,158.21757159112576,67.04935189906524,158.21757159112573,False,False,6.0,0.0,6.0,80,81,1481.920751
3000003,81,cover,58,30-59,50,64,1627.8258562088013,1506.9155889999997,1506.9155889999997,120.91026720880154,120.91026720880154,31.30741843867478,120.91026720880151,False,False,6.0,0.0,6.0,81,82,1487.920751
3000003,82,cover,57,30-59,48,63,1614.709973335266,1500.9155889999997,1500.9155889999997,113.79438433526639,113.79438433526639,25.46477427909435,113.79438433526637,False,False,6.0,0.0,6.0,82,83,1493.920751
3000003,83,cover,56,30-59,47,62,1603.5436391830444,1494.9155889999997,1494.9155889999997,108.6280501830447,108.6280501830447,21.366779080918608,108.62805018304469,False,False,6.0,0.0,6.0,83,84,1499.920751
3000003,84,cover,55,30-59,46,61,1591.251015663147,1488.9155889999997,1488.9155889999997,102.33542666314725,102.33542666314725,15.867532169495952,102.33542666314725,False,False,6.0,0.0,6.0,84,85,1505.920751
3000003,85,probe,54,30-59,59,64,1590.706467628479,1482.9155889999997,1482.9155889999997,107.79087862847928,107.79087862847928,22.445246457713676,107.79087862847928,False,False,6.0,0.0,6.0,85,86,1511.920751
3000003,86,probe,53,30-59,53,62,1563.2399320602417,1476.9155889999997,1476.9155889999997,86.32434306024197,86.32434306024197,1.0302219889225008,86.32434306024197,False,False,40.237936999999874,0.0,40.237936999999874,86,87,1552.158688
3000003,87,probe,52,30-59,64,65,1544.5588827133179,1436.6776519999999,1436.6776519999999,107.88123071331802,107.88123071331802,23.77590488631428,107.88123071331803,False,False,6.0,0.0,6.0,87,88,1558.158688
3000003,88,probe,51,30-59,50,64,1549.9603748321533,1430.6776519999999,1430.6776519999999,119.28272283215347,119.28272283215347,37.028838952789194,119.2827228321535,False,False,6.0,0.0,6.0,88,89,1564.158688
3000003,89,probe,50,30-59,50,63,1553.2349348068237,1424.6776519999999,1424.6776519999999,128.55728280682388,128.55728280682388,48.740419923641696,128.5572828068239,False,False,57.35690599999998,0.0,57.35690599999998,89,90,1621.515594
3000003,90,probe,49,30-59,64,65,1492.557406425476,1367.3207459999999,1367.3207459999999,125.2366604254762,125.2366604254762,47.81031320241465,125.23666042547613,False,False,6.0,0.0,6.0,90,91,1627.515594
3000003,91,probe,48,30-59,54,64,1496.7888593673706,1361.3207459999999,1361.3207459999999,135.46811336737073,135.46811336737073,61.09659594137809,135.46811336737068,False,False,18.780455000000075,0.0,18.780455000000075,91,92,1646.296049
3000003,92,probe,47,30-59,54,65,1473.1066226959229,1342.5402909999998,1342.5402909999998,130.56633169592305,130.56633169592305,59.15243607361103,130.56633169592305,False,False,11.462489999999889,0.0,11.462489999999889,92,93,1657.758539
3000003,93,clear,46,30-59,51,62,1462.035059928894,1331.077801,1331.077801,130.95725892889413,130.95725892889413,62.67722453324444,130.95725892889422,False,False,5.0,0.0,5.0,93,94,1662.758539
3000003,94,probe,45,30-59,57,58,1404.2065143585205,1326.077801,1326.077801,78.1287133585206,78.1287133585206,10.367030487232414,78.12871335852059,False,False,6.0,0.0,6.0,94,95,1668.758539
3000003,95,clear,44,30-59,53,54,1396.5569734573364,1320.077801,1320.077801,76.47917245733652,76.47917245733652,9.176304827419303,76.47917245733652,False,False,49.61021000000005,0.0,49.61021000000005,95,96,1718.368749
3000003,96,probe,43,30-59,44,50,1286.0513925552368,1270.4675909999999,1270.4675909999999,15.58380155523696,15.58380155523696,-54.44112218387402,15.583801555236892,True,True,6.0,0.0,6.0,96,97,1724.368749
3000003,97,clear,42,30-59,40,46,1325.899362564087,1264.4675909999999,1264.4675909999999,61.43177156408706,61.43177156408706,-9.045423342130439,61.43177156408699,True,True,81.36734200000001,0.0,81.36734200000001,97,98,1805.736091
3000003,98,cover,41,30-59,26,42,1256.052851676941,1183.1002489999998,1183.1002489999998,72.95260267694107,72.95260267694107,2.6056923902353994,72.95260267694107,False,False,191.69386099999997,0.0,191.69386099999997,98,99,1997.429952
3000003,99,cover,40,30-59,27,41,1036.7752313613892,991.4063879999999,991.4063879999999,45.36884336138928,45.36884336138928,-26.29270202664872,45.36884336138938,True,True,6.0,0.0,6.0,99,100,2003.429952
3000003,100,cover,39,30-59,26,40,1018.3693170547485,985.4063879999999,985.4063879999999,32.962929054748656,32.962929054748656,-40.73538561398878,32.96292905474876,True,True,6.0,0.0,6.0,100,101,2009.429952
3000003,101,cover,38,30-59,28,39,998.7382292747498,979.4063879999999,979.4063879999999,19.331841274749877,19.331841274749877,-57.22786673051322,19.33184127474999,True,True,6.0,0.0,6.0,101,102,2015.429952
3000003,102,cover,37,30-59,25,38,981.6385507583618,973.4063879999999,973.4063879999999,8.232162758361937,8.232162758361937,-71.92373183884332,8.232162758362055,True,True,6.0,0.0,6.0,102,103,2021.429952
3000003,103,cover,36,30-59,27,41,1082.6082229614258,967.4063879999999,967.4063879999999,115.2018349614259,115.2018349614259,36.89046354128489,115.20183496142603,False,False,6.0,0.0,6.0,103,104,2027.429952
3000003,104,cover,35,30-59,25,40,1062.7905130386353,961.4063879999999,961.4063879999999,101.38412503863537,101.38412503863537,24.287109072099334,101.3841250386355,False,False,6.0,0.0,6.0,104,105,2033.429952
3000003,105,cover,34,30-59,29,39,1055.5059909820557,955.4063879999999,955.4063879999999,100.09960298205579,100.09960298205579,24.21324949002079,100.09960298205591,False,False,6.0,0.0,6.0,105,106,2039.429952
3000003,106,cover,33,30-59,25,38,1056.3023090362549,949.4063879999999,949.4063879999999,106.895921036255,106.895921036255,32.64165004654738,106.89592103625515,False,False,6.0,0.0,6.0,106,107,2045.429952
3000003,107,cover,32,30-59,25,37,1052.9155731201172,943.4063879999999,943.4063879999999,109.50918512011731,109.50918512011731,37.11043592674705,109.50918512011745,False,False,6.0,0.0,6.0,107,108,2051.429952
3000003,108,cover,31,30-59,26,36,1039.7788286209106,937.4063879999999,937.4063879999999,102.37244062091077,102.37244062091077,31.55125413425317,102.37244062091092,False,False,6.0,0.0,6.0,108,109,2057.429952
3000003,109,cover,30,30-59,25,35,1002.2649765014648,931.4063879999999,931.4063879999999,70.85858850146496,70.85858850146496,0.039370541902498946,70.85858850146512,False,False,6.0,0.0,6.0,109,110,2063.429952
3000003,110,probe,29,10-29,31,33,1030.8815240859985,925.4063879999999,925.4063879999999,105.47513608599866,105.47513608599866,36.47991381730126,105.47513608599881,False,False,70.62462199999982,0.0,70.62462199999982,110,111,2134.054574
3000003,111,clear,28,10-29,30,31,990.3623461723328,854.7817660000001,854.7817660000001,135.5805801723327,135.5805801723327,70.0898504248792,135.5805801723328,False,False,7.584602000000359,0.0,7.584602000000359,111,112,2141.639176
3000003,112,probe,27,10-29,26,27,951.0747790336609,847.1971639999997,847.1971639999997,103.87761503366119,103.87761503366119,40.40724766969227,103.87761503366124,False,False,6.0,0.0,6.0,112,113,2147.639176
3000003,113,probe,26,10-29,24,26,915.7469868659973,841.1971639999997,841.1971639999997,74.54982286599761,74.54982286599761,11.66258473897758,74.54982286599768,False,False,141.52682699999968,0.0,141.52682699999968,113,114,2289.166003
3000003,114,clear,25,10-29,22,23,766.4653658866882,699.670337,699.670337,66.79502888668821,66.79502888668821,4.1134639575454015,66.79502888668823,False,False,7.936099000000012,0.0,7.936099000000013,114,115,2297.102102
3000003,115,cover,24,10-29,12,20,795.1350212097168,691.734238,691.734238,103.40078320971679,103.40078320971679,42.862335032183154,103.40078320971682,False,False,231.49814600000036,0.0,231.49814600000036,115,116,2528.600248
3000003,116,cover,23,10-29,16,19,559.8486661911011,460.23609199999964,460.23609199999964,99.61257419110143,99.61257419110143,41.13065896165024,99.61257419110139,False,False,6.0,0.0,6.0,116,117,2534.600248
3000003,117,cover,22,10-29,14,18,566.1119818687439,454.23609199999964,454.23609199999964,111.87588986874425,111.87588986874425,56.20418383083481,111.87588986874422,False,False,6.0,0.0,6.0,117,118,2540.600248
3000003,118,cover,21,10-29,16,17,549.938440322876,448.23609199999964,448.23609199999964,101.70234832287633,101.70234832287633,48.45330766838621,101.7023483228763,False,False,6.0,0.0,6.0,118,119,2546.600248
3000003,119,cover,20,10-29,14,16,554.8462867736816,442.23609199999964,442.23609199999964,112.610194773682,112.610194773682,62.485425388623035,112.61019477368198,False,False,6.0,0.0,6.0,119,120,2552.600248
3000003,120,cover,19,10-29,14,19,555.6893348693848,436.23609199999964,436.23609199999964,119.45324286938512,119.45324286938512,72.97734050981703,119.45324286938511,False,False,6.0,0.0,6.0,120,121,2558.600248
3000003,121,cover,18,10-29,12,18,545.3280806541443,430.23609199999964,430.23609199999964,115.09198865414464,115.09198865414464,72.227459257449,115.09198865414463,False,False,6.0,0.0,6.0,121,122,2564.600248
3000003,122,cover,17,10-29,12,17,534.710705280304,424.23609199999964,424.23609199999964,110.47461328030431,110.47461328030431,71.16850935116703,110.47461328030431,False,False,6.0,0.0,6.0,122,123,2570.600248
3000003,123,cover,16,10-29,10,16,526.3370275497437,418.23609199999964,418.23609199999964,108.10093554974401,108.10093554974401,72.41561223221761,108.10093554974401,False,False,6.0,0.0,6.0,123,124,2576.600248
3000003,124,cover,15,10-29,10,15,511.5202069282532,412.23609199999964,412.23609199999964,99.28411492825353,99.28411492825353,66.94609643234436,99.28411492825353,False,False,6.0,0.0,6.0,124,125,2582.600248
3000003,125,probe,14,10-29,13,14,492.9359555244446,406.23609199999964,406.23609199999964,86.69986352444494,86.69986352444494,57.22299476687976,86.69986352444495,False,False,60.0190319999997,0.0,60.0190319999997,125,126,2642.61928
3000003,126,probe,13,10-29,13,14,434.3152642250061,346.21705999999995,346.21705999999995,88.09820422500616,88.09820422500616,61.70666891309577,88.09820422500617,False,False,44.2149330000002,0.0,44.2149330000002,126,127,2686.834213
3000003,127,probe,12,10-29,13,14,394.18041706085205,302.00212699999975,302.00212699999975,92.1782900608523,92.1782900608523,69.24921552520199,92.17829006085229,False,False,34.411199000000124,0.0,34.411199000000124,127,128,2721.245412
3000003,128,probe,11,10-29,13,14,362.85412311553955,267.5909279999996,267.5909279999996,95.26319511553993,95.26319511553993,76.14117955777853,95.2631951155399,False,False,27.058399999999892,0.0,27.058399999999892,128,129,2748.303812
3000003,129,probe,10,10-29,13,14,326.8575668334961,240.53252799999973,240.53252799999973,86.32503883349636,86.32503883349636,70.74002450077363,86.32503883349632,False,False,7.0679660000000695,0.0,7.0679660000000695,129,130,2755.371778
3000003,130,clear,9,00-09,10,11,307.6273202896118,233.46456199999966,233.46456199999966,74.16275828961216,74.16275828961216,61.66078311251521,74.16275828961213,False,False,5.163430999999946,0.0,5.163430999999946,130,131,2760.535209
3000003,131,cover,8,00-09,4,9,239.27591741085052,228.3011309999997,228.3011309999997,10.974786410850811,10.974786410850811,-1.607567122364359,10.974786410850792,True,True,180.3011309999997,0.0,180.3011309999997,131,132,2940.83634
3000003,132,cover,7,00-09,6,8,96.53495252132416,48.0,48.0,48.53495252132416,48.53495252132416,37.84484104011474,48.53495252132415,False,False,6.0,0.0,6.0,132,133,2946.83634
3000003,133,cover,6,00-09,0,7,85.98567545413971,42.0,42.0,43.98567545413971,43.98567545413971,35.047962076768734,43.98567545413971,False,False,6.0,0.0,6.0,133,134,2952.83634
3000003,134,cover,5,00-09,5,6,71.94806635379791,36.0,36.0,35.94806635379791,35.94806635379791,28.431950501502044,35.94806635379791,False,False,6.0,0.0,6.0,134,135,2958.83634
3000003,135,cover,4,00-09,0,5,64.62924182415009,30.0,30.0,34.629241824150085,34.629241824150085,28.54013260195181,34.62924182415009,False,False,6.0,0.0,6.0,135,136,2964.83634
3000003,136,cover,3,00-09,3,4,53.209319710731506,24.0,24.0,29.209319710731506,29.209319710731506,24.337063672140243,29.209319710731513,False,False,6.0,0.0,6.0,136,137,2970.83634
3000003,137,cover,2,00-09,0,3,52.315399050712585,18.0,18.0,34.315399050712585,34.315399050712585,30.992782118022443,34.31539905071259,False,False,6.0,0.0,6.0,137,138,2976.83634
3000003,138,cover,1,00-09,1,2,43.41442883014679,12.0,12.0,31.41442883014679,31.41442883014679,29.57032831311226,31.414428830146793,False,False,6.0,0.0,6.0,138,139,2982.83634
3000003,139,cover,0,00-09,0,1,42.88201034069061,6.0,6.0,36.88201034069061,36.88201034069061,36.88201034069061,36.88201034069061,False,False,6.0,0.0,6.0,139,140,2988.83634
3000004,0,cover,125,120+,0,140,3126.265048980713,2820.9511340000004,2820.9511340000004,305.3139149807125,305.3139149807125,46.45169224189982,305.31391498072287,False,False,5.0,0.0,5.0,0,1,5.0
3000004,1,cover,124,120+,5,139,3116.825819015503,2815.9511340000004,2815.9511340000004,300.87468501550256,300.87468501550256,44.22364450177869,300.8746850155128,False,False,6.0,0.0,6.0,1,2,11.0
3000004,2,cover,123,120+,7,138,3113.8272285461426,2809.9511340000004,2809.9511340000004,303.8760945461422,303.8760945461422,49.71058319201909,303.8760945461522,False,False,6.0,0.0,6.0,2,3,17.0
3000004,3,cover,122,120+,1,141,3087.824583053589,2803.9511340000004,2803.9511340000004,283.8734490535885,283.8734490535885,31.271513367858063,283.8734490535983,False,False,6.0,0.0,6.0,3,4,23.0
3000004,4,cover,121,120+,10,140,3081.444501876831,2797.9511340000004,2797.9511340000004,283.4933678768307,283.4933678768307,32.5172970432632,283.49336787684024,False,False,6.0,0.0,6.0,4,5,29.0
3000004,5,cover,120,120+,8,143,3073.956251144409,2791.9511340000004,2791.9511340000004,282.0051171444088,282.0051171444088,32.662154011411694,282.0051171444182,False,False,6.0,0.0,6.0,5,6,35.0
3000004,6,cover,119,60-119,5,142,3073.2834339141846,2785.9511340000004,2785.9511340000004,287.3322999141842,287.3322999141842,39.988775559144074,287.33229991419336,False,False,6.0,0.0,6.0,6,7,41.0
3000004,7,cover,118,60-119,7,145,3072.963237762451,2779.9511340000004,2779.9511340000004,293.0121037624508,293.0121037624508,48.07218884990575,293.01210376245973,False,False,6.0,0.0,6.0,7,8,47.0
3000004,8,cover,117,60-119,8,144,3068.535566329956,2773.9511340000004,2773.9511340000004,294.5844323299557,294.5844323299557,52.25738675516886,294.5844323299644,False,False,6.0,0.0,6.0,8,9,53.0
3000004,9,cover,116,60-119,3,143,3064.521312713623,2767.9511340000004,2767.9511340000004,296.5701787136227,296.5701787136227,57.098034882984884,296.57017871363115,False,False,6.0,0.0,6.0,9,10,59.0
3000004,10,cover,115,60-119,3,146,3062.9029273986816,2761.9511340000004,2761.9511340000004,300.9517933986813,300.9517933986813,64.71542059794028,300.9517933986896,False,False,6.0,0.0,6.0,10,11,65.0
3000004,11,cover,114,60-119,1,145,3060.086488723755,2755.9511340000004,2755.9511340000004,304.1353547237545,304.1353547237545,71.47261255054033,304.1353547237626,False,False,6.0,0.0,6.0,11,12,71.0
3000004,12,cover,113,60-119,1,144,3057.039976119995,2749.9511340000004,2749.9511340000004,307.08884211999475,307.08884211999475,78.34326310187404,307.0888421200026,False,False,6.0,0.0,6.0,12,13,77.0
3000004,13,cover,112,60-119,0,147,3046.018362045288,2743.9511340000004,2743.9511340000004,302.0672280452877,302.0672280452877,77.18068318649138,302.06722804529534,False,False,6.0,0.0,6.0,13,14,83.0
3000004,14,cover,111,60-119,2,150,3033.5114002227783,2737.9511340000004,2737.9511340000004,295.56026622277795,295.56026622277795,74.3933909094541,295.56026622278534,False,False,6.0,0.0,6.0,14,15,89.0
3000004,15,cover,110,60-119,0,153,3023.3962535858154,2731.9511340000004,2731.9511340000004,291.44511958581506,291.44511958581506,73.97709923420105,291.4451195858222,False,False,6.0,0.0,6.0,15,16,95.0
3000004,16,cover,109,60-119,0,152,3020.0490951538086,2725.9511340000004,2725.9511340000004,294.0979611538082,294.0979611538082,80.66309558125685,294.0979611538152,False,False,6.0,0.0,6.0,16,17,101.0
3000004,17,cover,108,60-119,0,155,2987.8220558166504,2719.9511340000004,2719.9511340000004,267.87092181665,267.87092181665,57.301111835893096,267.8709218166568,False,False,6.0,0.0,6.0,17,18,107.0
3000004,18,cover,107,60-119,1,158,2953.8774490356445,2713.9511340000004,2713.9511340000004,239.92631503564417,239.92631503564417,30.901584268302127,239.9263150356507,False,False,6.0,0.0,6.0,18,19,113.0
3000004,19,cover,106,60-119,0,161,2928.7314414978027,2707.9511340000004,2707.9511340000004,220.78030749780237,220.78030749780237,12.37429129522117,220.78030749780868,False,False,6.0,0.0,6.0,19,20,119.0
3000004,20,probe,105,60-119,135,164,2898.0679512023926,2701.9511340000004,2701.9511340000004,196.1168172023922,196.1168172023922,-12.935998947567583,196.11681720239832,True,True,81.02320900000001,0.0,81.02320900000001,20,21,200.023209
3000004,21,probe,104,60-119,173,174,2849.130630493164,2620.9279250000004,2620.9279250000004,228.20270549316365,228.20270549316365,20.15777825600415,228.20270549316984,False,False,6.0,0.0,6.0,21,22,206.023209
3000004,22,probe,103,60-119,158,173,2841.2110805511475,2614.9279250000004,2614.9279250000004,226.28315555114705,226.28315555114705,19.198135067355086,226.28315555115302,False,False,6.0,0.0,6.0,22,23,212.023209
3000004,23,probe,102,60-119,129,172,2809.5457553863525,2608.9279250000004,2608.9279250000004,200.61783038635213,200.61783038635213,-6.807568523621112,200.6178303863579,True,True,6.0,0.0,6.0,23,24,218.023209
3000004,24,clear,101,60-119,125,168,2761.9054317474365,2602.9279250000004,2602.9279250000004,158.9775067474361,158.9775067474361,-50.99778122372352,158.97750674744165,True,True,18.12438499999999,0.0,18.12438499999999,24,25,236.147594
3000004,25,probe,100,60-119,163,164,2795.576572418213,2584.8035400000003,2584.8035400000003,210.77303241821255,210.77303241821255,0.8397309968978667,210.77303241821815,False,False,6.0,0.0,6.0,25,26,242.147594
3000004,26,probe,99,60-119,162,163,2762.664794921875,2578.8035400000003,2578.8035400000003,183.86125492187466,183.86125492187466,-27.44425947309499,183.86125492188003,True,True,30.91112899999999,0.0,30.91112899999999,26,27,273.058723
3000004,27,probe,98,60-119,148,163,2745.7382678985596,2547.8924110000003,2547.8924110000003,197.8458568985593,197.8458568985593,-14.16806052253713,197.84585689856476,True,True,6.0,0.0,6.0,27,28,279.058723
3000004,28,probe,97,60-119,128,159,2760.3704929351807,2541.8924110000003,2541.8924110000003,218.4780819351804,218.4780819351804,6.804383699035521,218.47808193518563,False,False,6.0,0.0,6.0,28,29,285.058723
3000004,29,probe,96,60-119,154,158,2730.222702026367,2535.8924110000003,2535.8924110000003,194.33029102636692,194.33029102636692,-18.25621811555597,194.33029102637195,True,True,28.841773999999987,0.0,28.841773999999987,29,30,313.900497
3000004,30,clear,95,60-119,155,156,2715.484857559204,2507.0506370000003,2507.0506370000003,208.43422055920382,208.43422055920382,-4.370830087072707,208.43422055920885,True,True,5.0,0.0,5.0,30,31,318.900497
3000004,31,clear,94,60-119,138,149,2709.3632221221924,2502.0506370000003,2502.0506370000003,207.3125851221921,207.3125851221921,-5.781542656931086,207.31258512219702,True,True,34.20191100000005,0.0,34.20191100000005,31,32,353.102408
3000004,32,probe,93,60-119,116,142,2650.8710384368896,2467.848726,2467.848726,183.02231243688948,183.02231243688948,-31.65454246550902,183.02231243689454,True,True,6.0,0.0,6.0,32,33,359.102408
3000004,33,probe,92,60-119,125,141,2636.950969696045,2461.848726,2461.848726,175.10224369604475,175.10224369604475,-41.6574854803726,175.10224369604958,True,True,6.0,0.0,6.0,33,34,365.102408
3000004,34,probe,91,60-119,112,140,2650.707483291626,2455.848726,2455.848726,194.8587572916258,194.8587572916258,-23.053654615570274,194.85875729163044,True,True,81.17612299999996,0.0,81.17612299999996,34,35,446.278531
3000004,35,clear,90,60-119,112,138,2559.3936443328857,2374.672603,2374.672603,184.72104133288576,184.72104133288576,-34.9382848150636,184.7210413328903,True,True,5.0,0.0,5.0,35,36,451.278531
3000004,36,cover,89,60-119,61,131,2624.6626377105713,2369.672603,2369.672603,254.9900347105713,254.9900347105713,37.19021953960194,254.99003471057574,False,False,58.81531799999999,0.0,58.81531799999999,36,37,510.093849
3000004,37,probe,88,60-119,104,130,2518.083095550537,2310.857285,2310.857285,207.22581055053706,207.22581055053706,-11.130531179402174,207.22581055054172,True,True,6.0,0.0,6.0,37,38,516.093849
3000004,38,cover,87,60-119,52,128,2507.805347442627,2304.857285,2304.857285,202.9480624426269,202.9480624426269,-16.21924135506584,202.94806244263137,True,True,6.0,0.0,6.0,38,39,522.093849
3000004,39,cover,86,60-119,48,127,2487.628698348999,2298.857285,2298.857285,188.77141334899898,188.77141334899898,-31.995674156519986,188.7714133490032,True,True,6.0,0.0,6.0,39,40,528.093849
3000004,40,cover,85,60-119,51,126,2481.4956188201904,2292.857285,2292.857285,188.63833382019038,188.63833382019038,-33.81974072139873,188.6383338201944,True,True,6.0,0.0,6.0,40,41,534.093849
3000004,41,cover,84,60-119,50,129,2481.381893157959,2286.857285,2286.857285,194.52460815795894,194.52460815795894,-29.4036488248741,194.52460815796275,True,True,6.0,0.0,6.0,41,42,540.093849
3000004,42,cover,83,60-119,53,128,2474.83229637146,2280.857285,2280.857285,193.9750113714599,193.9750113714599,-31.529732222498254,193.9750113714635,True,True,6.0,0.0,6.0,42,43,546.093849
3000004,43,cover,82,60-119,51,127,2470.4253673553467,2274.857285,2274.857285,195.56808235534663,195.56808235534663,-31.512274988012372,195.56808235535001,True,True,6.0,0.0,6.0,43,44,552.093849
3000004,44,cover,81,60-119,52,126,2465.107202529907,2268.857285,2268.857285,196.24991752990718,196.24991752990718,-32.45309454047583,196.24991752991033,True,True,6.0,0.0,6.0,44,45,558.093849
3000004,45,cover,80,60-119,49,125,2466.7434692382812,2262.857285,2262.857285,203.8861842382812,203.8861842382812,-26.12297666537055,203.88618423828413,True,True,6.0,0.0,6.0,45,46,564.093849
3000004,46,probe,79,60-119,118,124,2436.328887939453,2256.857285,2256.857285,179.47160293945308,179.47160293945308,-53.197429435998835,179.4716029394558,True,True,6.0,0.0,6.0,46,47,570.093849
3000004,47,probe,78,60-119,107,122,2426.079273223877,2250.857285,2250.857285,175.2219882238769,175.2219882238769,-60.470572791131815,175.2219882238794,True,True,6.0,0.0,6.0,47,48,576.093849
3000004,48,probe,77,60-119,96,120,2414.754867553711,2244.857285,2244.857285,169.8975825537109,169.8975825537109,-69.25787206452426,169.89758255371316,True,True,77.36914000000002,0.0,77.36914000000002,48,49,653.462989
3000004,49,probe,76,60-119,97,123,2376.1329650878906,2167.488145,2167.488145,208.64482008789082,208.64482008789082,-32.11645740036265,208.64482008789292,True,True,58.526854999999955,0.0,58.526854999999955,49,50,711.989844
3000004,50,probe,75,60-119,97,123,2335.0963592529297,2108.9612899999997,2108.9612899999997,226.13506925292995,226.13506925292995,-15.396008668761914,226.13506925293174,True,True,45.13394500000004,0.0,45.13394500000004,50,51,757.123789
3000004,51,probe,74,60-119,97,123,2277.829170227051,2063.8273449999997,2063.8273449999997,214.00182522705109,214.00182522705109,-28.97816073120097,214.00182522705273,True,True,35.100459,0.0,35.100459,51,52,792.224248
3000004,52,probe,73,60-119,97,123,2232.1884632110596,2028.726886,2028.726886,203.46157721105965,203.46157721105965,-41.59832499704426,203.46157721106167,True,True,27.42605900000001,0.0,27.42605900000001,52,53,819.650307
3000004,53,probe,72,60-119,97,123,2220.4205989837646,2001.3008269999998,2001.3008269999998,219.11977198376485,219.11977198376485,-27.30540023614633,219.11977198376692,True,True,21.81033400000001,0.0,21.81033400000001,53,54,841.460641
3000004,54,fallback,71,60-119,94,120,2229.4063568115234,1979.4904929999998,1979.4904929999998,249.91586381152365,249.91586381152365,3.6744122016973133,249.9158638115257,False,False,52.823252000000025,0.0,52.823252000000025,54,57,894.283893
3000004,55,cover,70,60-119,42,114,2240.8647537231445,1926.6672409999999,1926.6672409999999,314.19751272314465,314.19751272314465,71.53269590875627,314.1975127231468,False,False,122.72083999999995,0.0,122.72083999999995,57,58,1017.004733
3000004,56,cover,69,60-119,30,113,2068.31693649292,1803.946401,1803.946401,264.37053549292,264.37053549292,22.84812492477012,264.37053549292216,False,False,6.0,0.0,6.0,58,59,1023.004733
3000004,57,probe,68,60-119,106,112,2050.3292083740234,1797.946401,1797.946401,252.3828073740235,252.3828073740235,11.431996637761491,252.38280737402548,False,False,6.0,0.0,6.0,59,60,1029.004733
3000004,58,probe,67,60-119,90,110,2034.9090099334717,1791.946401,1791.946401,242.96260893347176,242.96260893347176,2.1176823128521227,242.9626089334735,False,False,6.0,0.0,6.0,60,61,1035.004733
3000004,59,cover,66,60-119,34,108,2029.9372673034668,1785.946401,1785.946401,243.99086630346687,243.99086630346687,3.3115154556284456,243.99086630346838,False,False,6.0,0.0,6.0,61,62,1041.004733
3000004,60,cover,65,60-119,36,107,2033.6437225341797,1779.946401,1779.946401,253.69732153417976,253.69732153417976,13.703127038253811,253.69732153418107,False,False,6.0,0.0,6.0,62,63,1047.004733
3000004,61,cover,64,60-119,36,106,2027.6496410369873,1773.946401,1773.946401,253.70324003698738,253.70324003698738,14.430574253748643,253.70324003698846,False,False,6.0,0.0,6.0,63,64,1053.004733
3000004,62,cover,63,60-119,34,105,2018.6524391174316,1767.946401,1767.946401,250.70603811743172,250.70603811743172,12.035128772834488,250.70603811743257,False,False,6.0,0.0,6.0,64,65,1059.004733
3000004,63,probe,62,60-119,103,104,1999.5735883712769,1761.946401,1761.946401,237.62718737127693,237.62718737127693,-1.0986547087584349,237.62718737127759,True,True,6.0,0.0,6.0,65,66,1065.004733
3000004,64,cover,61,60-119,31,102,2013.6682987213135,1755.946401,1755.946401,257.72189772131355,257.72189772131355,19.995848043450497,257.721897721314,False,False,6.0,0.0,6.0,66,67,1071.004733
3000004,65,cover,60,60-119,31,101,2027.4059772491455,1749.946401,1749.946401,277.4595762491456,277.4595762491456,41.82476481187612,277.4595762491458,False,False,6.0,0.0,6.0,67,68,1077.004733
3000004,66,probe,59,30-59,77,100,2031.2879085540771,1743.946401,1743.946401,287.3415075540772,287.3415075540772,54.42810117558689,287.3415075540772,False,False,6.0,0.0,6.0,68,69,1083.004733
3000004,67,probe,58,30-59,71,98,1992.357850074768,1737.946401,1737.946401,254.41144907476814,254.41144907476814,22.629518627660858,254.41144907476814,False,False,6.0,0.0,6.0,69,70,1089.004733
3000004,68,probe,57,30-59,95,96,1988.1333112716675,1731.946401,1731.946401,256.18691027166756,256.18691027166756,25.689452446905555,256.18691027166756,False,False,119.54625600000008,0.0,119.54625600000008,70,71,1208.550989
3000004,69,clear,56,30-59,96,97,1884.6393823623657,1612.4001449999998,1612.4001449999998,272.2392373623659,272.2392373623659,43.93871530274086,272.2392373623658,False,False,116.73096299999997,0.0,116.73096299999997,71,72,1325.281952
3000004,70,probe,55,30-59,75,91,1792.9095029830933,1495.6691819999999,1495.6691819999999,297.2403209830934,297.2403209830934,72.56820939312459,297.24032098309334,False,False,6.0,0.0,6.0,72,73,1331.281952
3000004,71,probe,54,30-59,84,90,1780.4254293441772,1489.6691819999999,1489.6691819999999,290.7562473441774,290.7562473441774,69.56224816232482,290.7562473441773,False,False,6.0,0.0,6.0,73,74,1337.281952
3000004,72,probe,53,30-59,65,89,1781.9141149520874,1483.6691819999999,1483.6691819999999,298.24493295208754,298.24493295208754,81.10624607393157,298.2449329520875,False,False,6.0,0.0,6.0,74,75,1343.281952
3000004,73,probe,52,30-59,64,88,1739.2728328704834,1477.6691819999999,1477.6691819999999,261.60365087048353,261.60365087048353,46.805225255081666,261.6036508704835,False,False,33.29593699999987,0.0,33.29593699999987,75,76,1376.577889
3000004,74,probe,51,30-59,63,90,1704.7735452651978,1444.373245,1444.373245,260.40030026519776,260.40030026519776,48.00197331557464,260.4003002651977,False,False,33.60343899999998,0.0,33.60343899999998,76,77,1410.181328
3000004,75,clear,50,30-59,61,87,1687.5897645950317,1410.769806,1410.769806,276.8199585950317,276.8199585950317,67.81224383727219,276.81995859503166,False,False,8.664506000000074,0.0,8.664506000000074,77,78,1418.845834
3000004,76,probe,49,30-59,65,81,1666.3490533828735,1402.1053,1402.1053,264.2437533828736,264.2437533828736,58.1431985527517,264.2437533828736,False,False,6.0,0.0,6.0,78,79,1424.845834
3000004,77,probe,48,30-59,74,80,1679.1080236434937,1396.1053,1396.1053,283.0027236434937,283.0027236434937,80.94965138249665,283.0027236434937,False,False,6.0,0.0,6.0,79,80,1430.845834
3000004,78,probe,47,30-59,62,79,1683.1598281860352,1390.1053,1390.1053,293.0545281860352,293.0545281860352,95.7910062368823,293.0545281860352,False,False,96.80594599999995,0.0,96.80594599999995,80,81,1527.65178
3000004,79,clear,46,30-59,61,77,1603.0045747756958,1293.299354,1293.299354,309.7052207756958,309.7052207756958,118.35968297530827,309.7052207756958,False,False,7.175907000000052,0.0,7.175907000000052,81,82,1534.827687
3000004,80,probe,45,30-59,70,71,1571.1077451705933,1286.123447,1286.123447,284.9842981705933,284.9842981705933,98.5671161791641,284.9842981705934,False,False,6.0,0.0,6.0,82,83,1540.827687
3000004,81,cover,44,30-59,12,70,1577.5245428085327,1280.123447,1280.123447,297.4010958085328,297.4010958085328,116.82517243905637,297.40109580853283,False,False,97.7382970000001,0.0,97.7382970000001,83,84,1638.565984
3000004,82,cover,43,30-59,15,70,1448.739767074585,1182.3851499999998,1182.3851499999998,266.3546170745851,266.3546170745851,90.29336179485122,266.3546170745851,False,False,6.0,0.0,6.0,84,85,1644.565984
3000004,83,cover,42,30-59,20,69,1439.3521547317505,1176.3851499999998,1176.3851499999998,262.96700473175065,262.96700473175065,91.47973626528079,262.96700473175065,False,False,6.0,0.0,6.0,85,86,1650.565984
3000004,84,cover,41,30-59,20,68,1442.2121047973633,1170.3851499999998,1170.3851499999998,271.82695479736344,271.82695479736344,105.62072245357221,271.82695479736344,False,False,6.0,0.0,6.0,86,87,1656.565984
3000004,85,cover,40,30-59,18,63,1390.8864259719849,1164.3851499999998,1164.3851499999998,226.50127597198502,226.50127597198502,63.4684669770461,226.50127597198505,False,False,6.0,0.0,6.0,87,88,1662.565984
3000004,86,cover,39,30-59,17,62,1393.4409618377686,1158.3851499999998,1158.3851499999998,235.05581183776872,235.05581183776872,75.81368720297874,235.05581183776874,False,False,6.0,0.0,6.0,88,89,1668.565984
3000004,87,cover,38,30-59,15,61,1384.3401670455933,1152.3851499999998,1152.3851499999998,231.95501704559342,231.95501704559342,76.53988674821416,231.95501704559345,False,False,6.0,0.0,6.0,89,90,1674.565984
3000004,88,cover,37,30-59,13,60,1372.7275133132935,1146.3851499999998,1146.3851499999998,226.34236331329362,226.34236331329362,74.66024527990986,226.34236331329365,False,False,6.0,0.0,6.0,90,91,1680.565984
3000004,89,cover,36,30-59,12,59,1366.093635559082,1140.3851499999998,1140.3851499999998,225.7084855590822,225.7084855590822,77.92249213231416,225.70848555908225,False,False,6.0,0.0,6.0,91,92,1686.565984
3000004,90,clear,35,30-59,57,58,1369.947910308838,1134.3851499999998,1134.3851499999998,235.56276030883805,235.56276030883805,92.39659671796845,235.5627603088381,False,False,27.651672999999846,0.0,27.651672999999846,92,93,1714.217657
3000004,91,cover,34,30-59,13,54,1218.9809083938599,1106.733477,1106.733477,112.24743139385987,112.24743139385987,-32.546033891589225,112.2474313938599,True,True,28.651673000000073,0.0,28.651673000000073,93,94,1742.86933
3000004,92,probe,33,30-59,42,52,1278.1320810317993,1078.081804,1078.081804,200.0502770317994,200.0502770317994,58.1650649961583,200.0502770317995,False,False,6.0,0.0,6.0,94,95,1748.86933
3000004,93,probe,32,30-59,46,50,1254.1629076004028,1072.081804,1072.081804,182.0811036004029,182.0811036004029,42.31146480501244,182.08110360040303,False,False,257.51577700000007,0.0,257.51577700000007,95,96,2006.385107
3000004,94,clear,31,30-59,47,48,1116.8079376220703,814.5660269999998,814.5660269999998,302.24191062207046,302.24191062207046,171.02344402808419,302.2419106220706,False,False,5.0,0.0,5.0,96,97,2011.385107
3000004,95,cover,30,30-59,0,42,1163.0462408065796,809.5660269999998,809.5660269999998,353.48021380657974,353.48021380657974,233.959733907993,353.48021380657974,False,False,82.39051399999971,0.0,82.39051399999971,97,98,2093.775621
3000004,96,cover,29,10-29,8,41,997.0157146453857,727.1755130000001,727.1755130000001,269.8402016453856,269.8402016453856,158.2312860492619,269.84020164538555,False,False,6.0,0.0,6.0,98,99,2099.775621
3000004,97,cover,28,10-29,7,40,983.0829501152039,721.1755130000001,721.1755130000001,261.9074371152037,261.9074371152037,158.20897002008425,261.90743711520366,False,False,6.0,0.0,6.0,99,100,2105.775621
3000004,98,cover,27,10-29,6,39,966.7879939079285,715.1755130000001,715.1755130000001,251.61248090792833,251.61248090792833,155.69896190821987,251.61248090792827,False,False,6.0,0.0,6.0,100,101,2111.775621
3000004,99,cover,26,10-29,1,38,949.9576091766357,709.1755130000001,709.1755130000001,240.7820961766356,240.7820961766356,152.49323913360752,240.78209617663555,False,False,6.0,0.0,6.0,101,102,2117.775621
3000004,100,cover,25,10-29,2,37,939.130961894989,703.1755130000001,703.1755130000001,235.95544889498888,235.95544889498888,155.4385177389061,235.95544889498882,False,False,6.0,0.0,6.0,102,103,2123.775621
3000004,101,cover,24,10-29,2,36,928.0027151107788,697.1755130000001,697.1755130000001,230.82720211077867,230.82720211077867,158.22133784704835,230.82720211077861,False,False,6.0,0.0,6.0,103,104,2129.775621
3000004,102,cover,23,10-29,0,35,903.8376808166504,691.1755130000001,691.1755130000001,212.66216781665025,212.66216781665025,147.42768795044202,212.6621678166502,False,False,6.0,0.0,6.0,104,105,2135.775621
3000004,103,probe,22,10-29,28,34,851.4485955238342,685.1755130000001,685.1755130000001,166.2730825238341,166.2730825238341,106.35642385013249,166.27308252383403,False,False,6.0,0.0,6.0,105,106,2141.775621
3000004,104,probe,21,10-29,31,32,859.8526120185852,679.1755130000001,679.1755130000001,180.67709901858507,180.67709901858507,127.11625299461419,180.67709901858504,False,False,6.0,0.0,6.0,106,107,2147.775621
3000004,105,cover,20,10-29,16,30,844.6661233901978,673.1755130000001,673.1755130000001,171.49061039019762,171.49061039019762,124.13659406971236,171.4906103901976,False,False,236.0,0.0,236.0,107,108,2383.775621
3000004,106,cover,19,10-29,19,31,536.4824533462524,437.17551300000014,437.17551300000014,99.3069403462523,99.3069403462523,54.687288448175835,99.30694034625226,False,False,6.0,0.0,6.0,108,109,2389.775621
3000004,107,cover,18,10-29,19,30,529.0597081184387,431.17551300000014,431.17551300000014,97.88419511843858,97.88419511843858,56.06794023196013,97.88419511843854,False,False,6.0,0.0,6.0,109,110,2395.775621
3000004,108,cover,17,10-29,18,29,517.1101093292236,425.17551300000014,425.17551300000014,91.9345963292235,91.9345963292235,52.756148887100046,91.93459632922347,False,False,6.0,0.0,6.0,110,111,2401.775621
3000004,109,cover,16,10-29,16,28,505.68443536758423,419.17551300000014,419.17551300000014,86.50892236758409,86.50892236758409,49.821552553116476,86.50892236758406,False,False,6.0,0.0,6.0,111,112,2407.775621
3000004,110,cover,15,10-29,13,27,495.3099489212036,413.17551300000014,413.17551300000014,82.13443592120348,82.13443592120348,47.839016954458806,82.13443592120345,False,False,6.0,0.0,6.0,112,113,2413.775621
3000004,111,probe,14,10-29,20,26,491.446852684021,407.17551300000014,407.17551300000014,84.27133968402086,84.27133968402086,52.60623233397495,84.27133968402084,False,False,6.0,0.0,6.0,113,114,2419.775621
3000004,112,cover,13,10-29,13,24,483.11686515808105,401.17551300000014,401.17551300000014,81.94135215808092,81.94135215808092,52.92236295582633,81.9413521580809,False,False,6.0,0.0,6.0,114,115,2425.775621
3000004,113,cover,12,10-29,12,23,476.8434762954712,395.17551300000014,395.17551300000014,81.66796329547105,81.66796329547105,55.41997272970155,81.66796329547104,False,False,6.0,0.0,6.0,115,116,2431.775621
3000004,114,probe,11,10-29,13,22,464.97178077697754,389.17551300000014,389.17551300000014,75.7962677769774,75.7962677769774,52.15608127495569,75.7962677769774,False,False,135.51374300000043,0.0,135.51374300000043,116,117,2567.289364
3000004,115,clear,10,10-29,13,19,348.9883542060852,253.6617699999997,253.6617699999997,95.3265842060855,95.3265842060855,75.45936600427764,95.32658420608547,False,False,5.0,0.0,5.0,117,118,2572.289364
3000004,116,probe,9,00-09,12,17,337.6384377479553,248.6617699999997,248.6617699999997,88.97666774795562,88.97666774795562,72.74678899594502,88.9766677479556,False,False,61.95791499999996,0.0,61.95791499999996,118,119,2634.247279
3000004,117,clear,8,00-09,12,13,240.6463474035263,186.70385499999975,186.70385499999975,53.94249240352656,53.94249240352656,39.69748805422735,53.94249240352656,False,False,5.0,0.0,5.0,119,120,2639.247279
3000004,118,cover,7,00-09,0,8,245.8874136209488,181.70385499999975,181.70385499999975,64.18355862094904,64.18355862094904,52.566899233315624,64.18355862094904,False,False,139.70385499999975,0.0,139.70385499999975,120,121,2778.951134
3000004,119,cover,6,00-09,0,7,103.48339378833771,42.0,42.0,61.48339378833771,61.48339378833771,52.4912993691624,61.48339378833771,False,False,6.0,0.0,6.0,121,122,2784.951134
3000004,120,cover,5,00-09,5,6,89.20656144618988,36.0,36.0,53.20656144618988,53.20656144618988,46.541544238962715,53.20656144618988,False,False,6.0,0.0,6.0,122,123,2790.951134
3000004,121,cover,4,00-09,1,5,65.13594090938568,30.0,30.0,35.13594090938568,35.13594090938568,29.96939337069318,35.13594090938569,False,False,6.0,0.0,6.0,123,124,2796.951134
3000004,122,cover,3,00-09,1,4,56.47061765193939,24.0,24.0,32.47061765193939,32.47061765193939,28.741126434996726,32.4706176519394,False,False,6.0,0.0,6.0,124,125,2802.951134
3000004,123,cover,2,00-09,2,3,47.46423661708832,18.0,18.0,29.464236617088318,29.464236617088318,27.08920568436384,29.46423661708832,False,False,6.0,0.0,6.0,125,126,2808.951134
3000004,124,cover,1,00-09,0,2,38.188353180885315,12.0,12.0,26.188353180885315,26.188353180885315,25.066654998064042,26.18835318088532,False,False,6.0,0.0,6.0,126,127,2814.951134
3000004,125,cover,0,00-09,0,1,28.433963656425476,6.0,6.0,22.433963656425476,22.433963656425476,22.433963656425476,22.433963656425476,False,False,6.0,0.0,6.0,127,128,2820.951134
3000005,0,cover,131,120+,0,140,3126.265048980713,3223.21019,3223.21019,-96.9451410192869,-96.9451410192869,20.363699156117217,-96.94514101927577,True,True,5.0,0.0,5.0,0,1,5.0
3000005,1,cover,130,120+,6,139,3116.825819015503,3218.21019,3218.21019,-101.38437098449685,-101.38437098449685,16.762599148323318,-101.38437098448583,True,True,6.0,0.0,6.0,1,2,11.0
3000005,2,cover,129,120+,2,138,3113.5451793670654,3212.21019,3212.21019,-98.66501063293435,-98.66501063293435,20.507325789353267,-98.66501063292354,True,True,6.0,0.0,6.0,2,3,17.0
3000005,3,cover,128,120+,9,137,3110.382318496704,3206.21019,3206.21019,-95.82787150329568,-95.82787150329568,24.573120967359706,-95.8278715032851,True,True,6.0,0.0,6.0,3,4,23.0
3000005,4,cover,127,120+,3,140,3074.864387512207,3200.21019,3200.21019,-125.34580248779275,-125.34580248779275,-5.205063175934296,-125.34580248778238,False,False,6.0,0.0,6.0,4,5,29.0
3000005,5,cover,126,120+,9,139,3067.981004714966,3194.21019,3194.21019,-126.22918528503396,-126.22918528503396,-6.408890498079708,-126.2291852850238,False,False,6.0,0.0,6.0,5,6,35.0
3000005,6,cover,125,120+,7,142,3071.7358589172363,3188.21019,3188.21019,-116.47433108276346,-116.47433108276346,3.5220670570427197,-116.47433108275351,True,True,6.0,0.0,6.0,6,7,41.0
3000005,7,cover,124,120+,7,141,3067.845344543457,3182.21019,3182.21019,-114.36484545654275,-114.36484545654275,5.9279501929086384,-114.36484545653303,True,True,6.0,0.0,6.0,7,8,47.0
3000005,8,cover,123,120+,6,140,3064.8186206817627,3176.21019,3176.21019,-111.39156931823709,-111.39156931823709,9.369711927593775,-111.39156931822758,True,True,6.0,0.0,6.0,8,9,53.0
3000005,9,cover,122,120+,3,143,3047.343969345093,3170.21019,3170.21019,-122.86622065490701,-122.86622065490701,-2.215725693764593,-122.86622065489772,False,False,6.0,0.0,6.0,9,10,59.0
3000005,10,cover,121,120+,3,146,3061.2053871154785,3164.21019,3164.21019,-103.00480288452127,-103.00480288452127,18.57441271223256,-103.00480288451219,True,True,6.0,0.0,6.0,10,11,65.0
3000005,11,cover,120,120+,3,145,3058.366060256958,3158.21019,3158.21019,-99.84412974304178,-99.84412974304178,22.879037740749304,-99.84412974303292,True,True,6.0,0.0,6.0,11,12,71.0
3000005,12,cover,119,60-119,2,148,3044.5199012756348,3152.21019,3152.21019,-107.69028872436502,-107.69028872436502,15.824082904658786,-107.69028872435638,True,True,6.0,0.0,6.0,12,13,77.0
3000005,13,cover,118,60-119,1,147,3043.170928955078,3146.21019,3146.21019,-103.03926104492166,-103.03926104492166,21.55274798326519,-103.03926104491323,True,True,6.0,0.0,6.0,13,14,83.0
3000005,14,cover,117,60-119,0,146,3039.4222736358643,3140.21019,3140.21019,-100.78791636413553,-100.78791636413553,25.056939646369585,-100.78791636412731,True,True,6.0,0.0,6.0,14,15,89.0
3000005,15,cover,116,60-119,3,149,3035.5262756347656,3134.21019,3134.21019,-98.68391436523416,-98.68391436523416,28.59046488975867,-98.68391436522617,True,True,6.0,0.0,6.0,15,16,95.0
3000005,16,cover,115,60-119,0,148,3031.1245918273926,3128.21019,3128.21019,-97.0855981726072,-97.0855981726072,31.7776642972478,-97.08559817259943,True,True,6.0,0.0,6.0,16,17,101.0
3000005,17,cover,114,60-119,0,147,3027.8098583221436,3122.21019,3122.21019,-94.40033167785623,-94.40033167785623,36.27676925473533,-94.40033167784867,True,True,6.0,0.0,6.0,17,18,107.0
3000005,18,cover,113,60-119,0,146,3023.8795280456543,3116.21019,3116.21019,-92.33066195434549,-92.33066195434549,40.364672608679854,-92.33066195433814,True,True,6.0,0.0,6.0,18,19,113.0
3000005,19,cover,112,60-119,0,145,3019.993305206299,3110.21019,3110.21019,-90.21688479370096,-90.21688479370096,44.71415765192018,-90.21688479369384,True,True,6.0,0.0,6.0,19,20,119.0
3000005,20,probe,111,60-119,147,148,2988.947629928589,3104.21019,3104.21019,-115.26256007141092,-115.26256007141092,20.703665657063162,-115.26256007140401,True,True,80.022595,0.0,80.022595,20,21,199.022595
3000005,21,probe,110,60-119,139,154,2916.667938232422,3024.187595,3024.187595,-107.519656767578,-107.519656767578,29.943756800943312,-107.51965676757102,True,True,6.0,0.0,6.0,21,22,205.022595
3000005,22,probe,109,60-119,143,153,2890.9621238708496,3018.187595,3018.187595,-127.22547112915026,-127.22547112915026,10.776781515127192,-127.22547112914351,True,True,6.0,0.0,6.0,22,23,211.022595
3000005,23,probe,108,60-119,142,152,2878.0016899108887,3012.187595,3012.187595,-134.1859050891112,-134.1859050891112,4.017207952806356,-134.18590508910466,True,True,36.13945799999999,0.0,36.13945799999999,23,24,247.162053
3000005,24,probe,107,60-119,153,154,2844.1202640533447,2976.0481369999998,2976.0481369999998,-131.92787294665504,-131.92787294665504,6.605515889749978,-131.92787294664853,True,True,6.0,0.0,6.0,24,25,253.162053
3000005,25,probe,106,60-119,140,153,2860.579252243042,2970.0481369999998,2970.0481369999998,-109.46888475695778,-109.46888475695778,30.594214820470555,-109.4688847569515,True,True,35.29653700000003,0.0,35.29653700000003,25,26,288.45859
3000005,26,clear,105,60-119,140,151,2822.1447467803955,2934.7515999999996,2934.7515999999996,-112.60685321960409,-112.60685321960409,28.901311955604534,-112.60685321959774,True,True,5.083369000000005,0.0,5.083369000000005,26,27,293.541959
3000005,27,probe,104,60-119,128,144,2809.715747833252,2929.6682309999997,2929.6682309999997,-119.9524831667477,-119.9524831667477,22.690191587853494,-119.95248316674146,True,True,6.0,0.0,6.0,27,28,299.541959
3000005,28,probe,103,60-119,126,143,2786.0944271087646,2923.6682309999997,2923.6682309999997,-137.573803891235,-137.573803891235,5.335653540385232,-137.57380389122898,True,True,88.07070799999997,0.0,88.07070799999997,28,29,387.612667
3000005,29,clear,102,60-119,124,140,2703.8400173187256,2835.597523,2835.597523,-131.75750568127432,-131.75750568127432,11.738896579311815,-131.757505681268,True,True,16.15557000000001,0.0,16.15557000000001,29,30,403.768237
3000005,30,cover,101,60-119,2,133,2684.0498447418213,2819.441953,2819.441953,-135.39210825817872,-135.39210825817872,8.530835792007922,-135.39210825817227,True,True,46.31321600000001,0.0,46.31321600000001,30,31,450.081453
3000005,31,probe,100,60-119,116,132,2623.533010482788,2773.128737,2773.128737,-149.59572651721192,-149.59572651721192,-5.971349965289606,-149.59572651720532,False,False,6.0,0.0,6.0,31,32,456.081453
3000005,32,cover,99,60-119,3,130,2577.958822250366,2767.128737,2767.128737,-189.1699147496338,-189.1699147496338,-47.942671787064945,-189.16991474962742,False,False,6.0,0.0,6.0,32,33,462.081453
3000005,33,cover,98,60-119,12,129,2560.7776641845703,2761.128737,2761.128737,-200.3510728154297,-200.3510728154297,-62.2356103714327,-200.35107281542352,False,False,6.0,0.0,6.0,33,34,468.081453
3000005,34,cover,97,60-119,0,128,2550.450086593628,2755.128737,2755.128737,-204.67865040637207,-204.67865040637207,-70.06651364460559,-204.67865040636613,False,False,6.0,0.0,6.0,34,35,474.081453
3000005,35,cover,96,60-119,10,127,2530.6499004364014,2749.128737,2749.128737,-218.47883656359863,-218.47883656359863,-88.28073663350776,-218.4788365635929,False,False,6.0,0.0,6.0,35,36,480.081453
3000005,36,cover,95,60-119,9,126,2518.871545791626,2743.128737,2743.128737,-224.25719120837402,-224.25719120837402,-99.00956976661406,-224.2571912083685,False,False,6.0,0.0,6.0,36,37,486.081453
3000005,37,cover,94,60-119,9,125,2502.779960632324,2737.128737,2737.128737,-234.34877636767578,-234.34877636767578,-114.84332097464848,-234.3487763676705,False,False,6.0,0.0,6.0,37,38,492.081453
3000005,38,cover,93,60-119,1,124,2490.194320678711,2731.128737,2731.128737,-240.93441632128906,-240.93441632128906,-127.81995887185471,-240.93441632128398,False,False,6.0,0.0,6.0,38,39,498.081453
3000005,39,cover,92,60-119,5,123,2473.845958709717,2725.128737,2725.128737,-251.2827782902832,-251.2827782902832,-145.44033772720954,-251.28277829027834,False,False,6.0,0.0,6.0,39,40,504.081453
3000005,40,cover,91,60-119,3,126,2551.466226577759,2719.128737,2719.128737,-167.6625104222412,-167.6625104222412,-65.07375774649238,-167.6625104222366,False,False,6.0,0.0,6.0,40,41,510.081453
3000005,41,probe,90,60-119,124,125,2534.7084999084473,2713.128737,2713.128737,-178.42023709155274,-178.42023709155274,-79.82261517453065,-178.42023709154833,False,False,6.0,0.0,6.0,41,42,516.081453
3000005,42,cover,89,60-119,4,120,2580.603837966919,2707.128737,2707.128737,-126.52489903308106,-126.52489903308106,-29.39713380637809,-126.52489903307688,False,False,6.0,0.0,6.0,42,43,522.081453
3000005,43,cover,88,60-119,1,119,2558.2258701324463,2701.128737,2701.128737,-142.9028668675537,-142.9028668675537,-48.184317516685226,-142.90286686754973,False,False,6.0,0.0,6.0,43,44,528.081453
3000005,44,cover,87,60-119,1,122,2572.2570419311523,2695.128737,2695.128737,-122.87169506884766,-122.87169506884766,-29.634890229451987,-122.8716950688439,False,False,6.0,0.0,6.0,44,45,534.081453
3000005,45,cover,86,60-119,1,121,2575.7110118865967,2689.128737,2689.128737,-113.41772511340332,-113.41772511340332,-21.24307397263986,-113.41772511339978,False,False,6.0,0.0,6.0,45,46,540.081453
3000005,46,clear,85,60-119,118,119,2579.209089279175,2683.128737,2683.128737,-103.9196477208252,-103.9196477208252,-12.363154294802056,-103.91964772082189,False,False,103.59626200000002,0.0,103.59626200000002,46,47,643.677715
3000005,47,probe,84,60-119,111,117,2467.8869247436523,2579.532475,2579.532475,-111.64555025634763,-111.64555025634763,-21.146375610867977,-111.6455502563444,False,False,6.0,0.0,6.0,47,48,649.677715
3000005,48,probe,83,60-119,106,116,2477.1735668182373,2573.532475,2573.532475,-96.35890818176267,-96.35890818176267,-6.168140564508665,-96.35890818175966,False,False,6.0,0.0,6.0,48,49,655.677715
3000005,49,clear,82,60-119,102,112,2462.580919265747,2567.532475,2567.532475,-104.9515557342529,-104.9515557342529,-15.537671702104332,-104.9515557342501,False,False,70.77840399999991,0.0,70.77840399999991,49,50,726.456119
3000005,50,cover,81,60-119,2,107,2429.4192790985107,2496.7540710000003,2496.7540710000003,-67.33479190148955,-67.33479190148955,23.24114961122026,-67.33479190148653,True,True,78.48744900000008,0.0,78.48744900000008,50,51,804.943568
3000005,51,cover,80,60-119,16,106,2293.6229705810547,2418.266622,2418.266622,-124.64365141894541,-124.64365141894541,-35.86074726972162,-124.64365141894233,False,False,6.0,0.0,6.0,51,52,810.943568
3000005,52,cover,79,60-119,4,105,2290.5094623565674,2412.266622,2412.266622,-121.75715964343271,-121.75715964343271,-34.70974262548331,-121.75715964342984,False,False,6.0,0.0,6.0,52,53,816.943568
3000005,53,cover,78,60-119,13,104,2276.437520980835,2406.266622,2406.266622,-129.82910101916514,-129.82910101916514,-45.03335158022731,-129.8291010191625,False,False,6.0,0.0,6.0,53,54,822.943568
3000005,54,cover,77,60-119,13,103,2276.872396469116,2400.266622,2400.266622,-123.39422553088389,-123.39422553088389,-40.62997483362766,-123.39422553088144,False,False,6.0,0.0,6.0,54,55,828.943568
3000005,55,probe,76,60-119,96,102,2271.8307971954346,2394.266622,2394.266622,-122.43582480456553,-122.43582480456553,-41.759551691904754,-122.43582480456331,False,False,6.0,0.0,6.0,55,56,834.943568
3000005,56,cover,75,60-119,9,97,2247.6868629455566,2388.266622,2388.266622,-140.57975905444346,-140.57975905444346,-63.056300991350426,-140.57975905444144,False,False,6.0,0.0,6.0,56,57,840.943568
3000005,57,cover,74,60-119,4,96,2257.83371925354,2382.266622,2382.266622,-124.43290274646006,-124.43290274646006,-49.378362824597104,-124.43290274645827,False,False,6.0,0.0,6.0,57,58,846.943568
3000005,58,cover,73,60-119,3,95,2251.1682510375977,2376.266622,2376.266622,-125.09837096240244,-125.09837096240244,-52.67771688477864,-125.09837096240086,False,False,6.0,0.0,6.0,58,59,852.943568
3000005,59,cover,72,60-119,8,94,2246.0954189300537,2370.266622,2370.266622,-124.17120306994639,-124.17120306994639,-54.4742620971819,-124.17120306994504,False,False,6.0,0.0,6.0,59,60,858.943568
3000005,60,cover,71,60-119,5,93,2247.817039489746,2364.266622,2364.266622,-116.449582510254,-116.449582510254,-49.213306881568144,-116.44958251025287,False,False,6.0,0.0,6.0,60,61,864.943568
3000005,61,cover,70,60-119,5,92,2240.4353618621826,2358.266622,2358.266622,-117.83126013781748,-117.83126013781748,-53.257878430665095,-117.83126013781656,False,False,6.0,0.0,6.0,61,62,870.943568
3000005,62,probe,69,60-119,90,91,2258.6097717285156,2352.266622,2352.266622,-93.65685027148447,-93.65685027148447,-30.614177436139272,-93.65685027148376,False,False,6.0,0.0,6.0,62,63,876.943568
3000005,63,clear,68,60-119,84,89,2278.01251411438,2346.266622,2346.266622,-68.25410788562021,-68.25410788562021,-5.485721105552877,-68.25410788561973,False,False,148.37736299999995,0.0,148.37736299999995,63,64,1025.320931
3000005,64,probe,67,60-119,74,85,2127.9821395874023,2197.889259,2197.889259,-69.9071194125977,-69.9071194125977,-7.514455402663788,-69.90711941259745,False,False,6.0,0.0,6.0,64,65,1031.320931
3000005,65,probe,66,60-119,73,84,2124.2778301239014,2191.889259,2191.889259,-67.61142887609867,-67.61142887609867,-5.493436701226297,-67.61142887609864,False,False,119.30892300000005,0.0,119.30892300000005,65,66,1150.629854
3000005,66,probe,65,60-119,70,84,2045.365571975708,2072.580336,2072.580336,-27.21476402429198,-27.21476402429198,36.74024015850581,-27.21476402429182,True,True,162.40393100000006,0.0,162.40393100000006,66,67,1313.033785
3000005,67,clear,64,60-119,70,81,1858.0557107925415,1910.1764049999997,1910.1764049999997,-52.1206942074582,-52.1206942074582,12.457168395094072,-52.12069420745827,True,True,7.555642999999918,0.0,7.555642999999918,67,68,1320.589428
3000005,68,probe,63,60-119,69,75,1778.1093120574951,1902.6207619999998,1902.6207619999998,-124.51144994250467,-124.51144994250467,-63.087986673634134,-124.51144994250477,False,False,6.0,0.0,6.0,68,69,1326.589428
3000005,69,probe,62,60-119,65,74,1708.258032798767,1896.6207619999998,1896.6207619999998,-188.3627292012327,-188.3627292012327,-133.62027992880226,-188.36272920123278,False,False,206.65128200000004,0.0,206.65128200000004,69,70,1533.24071
3000005,70,clear,61,60-119,65,71,1584.430456161499,1689.9694799999997,1689.9694799999997,-105.53902383850073,-105.53902383850073,-53.47007849060018,-105.5390238385007,False,False,5.0,0.0,5.0,70,71,1538.24071
3000005,71,cover,60,60-119,42,65,1600.473165512085,1684.9694799999997,1684.9694799999997,-84.49631448791479,-84.49631448791479,-34.13407277896248,-84.49631448791486,False,False,62.28692499999988,0.0,62.28692499999988,71,72,1600.527635
3000005,72,cover,59,30-59,47,64,1523.952603340149,1622.6825549999999,1622.6825549999999,-98.72995165985094,-98.72995165985094,-50.913378895682655,-98.72995165985091,False,False,6.0,0.0,6.0,72,73,1606.527635
3000005,73,cover,58,30-59,46,63,1516.730546951294,1616.6825549999999,1616.6825549999999,-99.95200804870592,-99.95200804870592,-54.879405562671195,-99.95200804870588,False,False,6.0,0.0,6.0,73,74,1612.527635
3000005,74,cover,57,30-59,49,66,1558.3927631378174,1610.6825549999999,1610.6825549999999,-52.28979186218248,-52.28979186218248,-7.597041448576581,-52.28979186218244,False,False,6.0,0.0,6.0,74,75,1618.527635
3000005,75,cover,56,30-59,45,65,1545.4751253128052,1604.6825549999999,1604.6825549999999,-59.20742968719469,-59.20742968719469,-15.278609761672405,-59.20742968719464,False,False,6.0,0.0,6.0,75,76,1624.527635
3000005,76,cover,55,30-59,44,68,1499.337077140808,1598.6825549999999,1598.6825549999999,-99.34547785919176,-99.34547785919176,-58.333324140704704,-99.3454778591917,False,False,6.0,0.0,6.0,76,77,1630.527635
3000005,77,cover,54,30-59,43,67,1487.4958992004395,1592.6825549999999,1592.6825549999999,-105.18665579956041,-105.18665579956041,-67.55210745376144,-105.18665579956036,False,False,6.0,0.0,6.0,77,78,1636.527635
3000005,78,cover,53,30-59,46,66,1462.136149406433,1586.6825549999999,1586.6825549999999,-124.54640559356676,-124.54640559356676,-91.4861655239661,-124.54640559356669,False,False,6.0,0.0,6.0,78,79,1642.527635
3000005,79,cover,52,30-59,45,65,1451.095461845398,1580.6825549999999,1580.6825549999999,-129.58709315460192,-129.58709315460192,-101.60721377368552,-129.58709315460186,False,False,6.0,0.0,6.0,79,80,1648.527635
3000005,80,cover,51,30-59,43,64,1441.1734342575073,1574.6825549999999,1574.6825549999999,-133.50912074249254,-133.50912074249254,-111.08341195955383,-133.50912074249246,False,False,6.0,0.0,6.0,80,81,1654.527635
3000005,81,cover,50,30-59,44,63,1430.5927753448486,1568.6825549999999,1568.6825549999999,-138.08977965515123,-138.08977965515123,-121.7516535496974,-138.08977965515115,False,False,6.0,0.0,6.0,81,82,1660.527635
3000005,82,probe,49,30-59,61,62,1465.8091068267822,1562.6825549999999,1562.6825549999999,-96.87344817321764,-96.87344817321764,-84.77402322922507,-96.87344817321755,False,False,6.0,0.0,6.0,82,83,1666.527635
3000005,83,probe,48,30-59,47,60,1452.773928642273,1556.6825549999999,1556.6825549999999,-103.90862635772692,-103.90862635772692,-96.64126464603615,-103.90862635772683,False,False,6.0,0.0,6.0,83,84,1672.527635
3000005,84,probe,47,30-59,50,58,1441.3849115371704,1550.6825549999999,1550.6825549999999,-109.29764346282946,-109.29764346282946,-107.40029658014598,-109.29764346282936,False,False,112.89366100000007,0.0,112.89366100000007,84,85,1785.421296
3000005,85,probe,46,30-59,51,61,1330.5325508117676,1437.7888939999998,1437.7888939999998,-107.25634318823222,-107.25634318823222,-110.90420663741983,-107.25634318823221,False,False,6.0,0.0,6.0,85,86,1791.421296
3000005,86,probe,45,30-59,54,60,1350.1979112625122,1431.7888939999998,1431.7888939999998,-81.5909827374876,-81.5909827374876,-89.72510124913178,-81.59098273748758,False,False,32.02317199999993,0.0,32.02317199999993,86,87,1823.444468
3000005,87,probe,44,30-59,55,61,1315.9770965576172,1399.7657219999999,1399.7657219999999,-83.78862544238268,-83.78862544238268,-96.76078310950199,-83.78862544238267,False,False,24.15615200000002,0.0,24.15615200000002,87,88,1847.60062
3000005,88,probe,43,30-59,55,61,1296.814203262329,1375.6095699999998,1375.6095699999998,-78.79536673767075,-78.79536673767075,-96.59739411030534,-78.79536673767076,False,False,8.354710000000068,0.0,8.354710000000068,88,89,1855.95533
3000005,89,probe,42,30-59,54,61,1296.9400882720947,1367.2548599999998,1367.2548599999998,-70.31477172790505,-70.31477172790505,-92.75452536898908,-70.31477172790504,False,False,11.626154999999926,0.0,11.626154999999926,89,90,1867.581485
3000005,90,clear,41,30-59,52,58,1298.365831375122,1355.6287049999999,1355.6287049999999,-57.262873624877784,-57.262873624877784,-83.89750238522304,-57.262873624877834,False,False,7.7481840000000375,0.0,7.7481840000000375,90,91,1875.329669
3000005,91,probe,40,30-59,48,54,1279.582142829895,1347.8805209999998,1347.8805209999998,-68.2983781701048,-68.2983781701048,-99.92948097942116,-68.2983781701049,False,False,6.0,0.0,6.0,91,92,1881.329669
3000005,92,probe,39,30-59,46,53,1279.4986963272095,1341.8805209999998,1341.8805209999998,-62.381824672790344,-62.381824672790344,-98.96097629695443,-62.38182467279044,False,False,47.928701000000046,0.0,47.928701000000046,92,93,1929.25837
3000005,93,clear,38,30-59,44,50,1251.4019012451172,1293.9518199999998,1293.9518199999998,-42.54991875488258,-42.54991875488258,-83.29375829373336,-42.549918754882704,False,False,8.977875999999924,0.0,8.977875999999924,93,94,1938.236246
3000005,94,cover,37,30-59,27,46,1237.416386604309,1284.9739439999998,1284.9739439999998,-47.557557395690765,-47.557557395690765,-92.94883887846484,-47.55755739569093,False,False,171.99940000000015,0.0,171.99940000000015,94,95,2110.235646
3000005,95,probe,36,30-59,48,49,1111.777901649475,1112.9745439999997,1112.9745439999997,-1.1966423505245984,-1.1966423505245984,-49.03991982452482,-1.1966423505246626,False,False,6.0,0.0,6.0,95,96,2116.235646
3000005,96,cover,35,30-59,25,47,1114.3547296524048,1106.9745439999997,1106.9745439999997,7.380185652405089,7.380185652405089,-42.592728233258036,7.38018565240503,True,True,6.0,0.0,6.0,96,97,2122.235646
3000005,97,cover,34,30-59,30,46,1123.496651649475,1100.9745439999997,1100.9745439999997,22.5221076494754,22.5221076494754,-28.895585511776545,22.52210764947535,True,True,6.0,0.0,6.0,97,98,2128.235646
3000005,98,cover,33,30-59,30,45,1112.9345893859863,1094.9745439999997,1094.9745439999997,17.960045385986632,17.960045385986632,-35.21857660554244,17.960045385986582,True,True,6.0,0.0,6.0,98,99,2134.235646
3000005,99,cover,32,30-59,30,44,1100.164294242859,1088.9745439999997,1088.9745439999997,11.18975024285919,11.18975024285919,-44.19881236702092,11.189750242859148,True,True,6.0,0.0,6.0,99,100,2140.235646
3000005,100,cover,31,30-59,27,43,1080.8383226394653,1082.9745439999997,1082.9745439999997,-2.136221360534364,-2.136221360534364,-60.55240417938365,-2.1362213605344014,False,False,6.0,0.0,6.0,100,101,2146.235646
3000005,101,cover,30,30-59,26,42,1068.9553022384644,1076.9745439999997,1076.9745439999997,-8.01924176153534,-8.01924176153534,-69.93202587408908,-8.019241761535373,False,False,6.0,0.0,6.0,101,102,2152.235646
3000005,102,cover,29,10-29,26,45,1160.593032836914,1070.9745439999997,1070.9745439999997,89.61848883691437,89.61848883691437,29.163899709853304,89.61848883691434,False,False,6.0,0.0,6.0,102,103,2158.235646
3000005,103,cover,28,10-29,26,44,1140.8357620239258,1064.9745439999997,1064.9745439999997,75.86121802392609,75.86121802392609,16.21750410196319,75.86121802392606,False,False,6.0,0.0,6.0,103,104,2164.235646
3000005,104,probe,27,10-29,39,43,1108.3508729934692,1058.9745439999997,1058.9745439999997,49.37632899346954,49.37632899346954,-10.80777360894037,49.37632899346953,True,True,115.88908899999979,0.0,115.88908899999979,104,105,2280.124735
3000005,105,clear,26,10-29,41,42,1051.1860847473145,943.0854549999999,943.0854549999999,108.10062974731454,108.10062974731454,50.43844962621534,108.10062974731446,False,False,5.0,0.0,5.0,105,106,2285.124735
3000005,106,probe,25,10-29,32,38,1015.9293413162231,938.0854549999999,938.0854549999999,77.84388631622323,77.84388631622323,21.243901258025186,77.84388631622305,False,False,6.0,0.0,6.0,106,107,2291.124735
3000005,107,probe,24,10-29,36,37,1044.7461605072021,932.0854549999999,932.0854549999999,112.66070550720224,112.66070550720224,59.011284683162316,112.66070550720205,False,False,6.0,0.0,6.0,107,108,2297.124735
3000005,108,probe,23,10-29,27,36,1028.676152229309,926.0854549999999,926.0854549999999,102.59069722930917,102.59069722930917,51.51713305817816,102.590697229309,False,False,6.0,0.0,6.0,108,109,2303.124735
3000005,109,clear,22,10-29,23,32,1001.3914108276367,920.0854549999999,920.0854549999999,81.30595582763681,81.30595582763681,31.82357016474295,81.30595582763664,False,False,26.979427000000214,0.0,26.979427000000214,109,110,2330.104162
3000005,110,probe,21,10-29,24,28,972.2709059715271,893.1060279999997,893.1060279999997,79.1648779715274,79.1648779715274,31.24472874593006,79.16487797152725,False,False,181.15147799999977,0.0,181.15147799999977,110,111,2511.25564
3000005,111,clear,20,10-29,23,24,811.358392238617,711.9545499999999,711.9545499999999,99.40384223861702,99.40384223861702,54.193361066336486,99.40384223861685,False,False,10.299183999999968,0.0,10.299183999999968,111,112,2521.554824
3000005,112,probe,19,10-29,20,21,770.5286145210266,701.655366,701.655366,68.87324852102665,68.87324852102665,24.90817615657486,68.87324852102647,False,False,6.0,0.0,6.0,112,113,2527.554824
3000005,113,probe,18,10-29,19,20,798.7027168273926,695.655366,695.655366,103.04735082739262,103.04735082739262,62.19187206625351,103.04735082739244,False,False,99.16941799999995,0.0,99.16941799999995,113,114,2626.724242
3000005,114,clear,17,10-29,16,17,700.8177042007446,596.485948,596.485948,104.33175620074462,104.33175620074462,66.81713414695324,104.33175620074451,False,False,94.53612300000032,0.0,94.53612300000032,114,115,2721.260365
3000005,115,cover,16,10-29,8,14,615.0833964347839,501.9498249999997,501.9498249999997,113.13357143478424,113.13357143478424,79.5988940852557,113.13357143478417,False,False,118.76111600000013,0.0,118.76111600000013,115,116,2840.021481
3000005,116,cover,15,10-29,9,13,466.4456248283386,383.18870899999956,383.18870899999956,83.25691582833906,83.25691582833906,52.33919839874794,83.25691582833902,False,False,6.0,0.0,6.0,116,117,2846.021481
3000005,117,cover,14,10-29,8,12,466.64977073669434,377.18870899999956,377.18870899999956,89.46106173669477,89.46106173669477,61.62457295484596,89.46106173669475,False,False,6.0,0.0,6.0,117,118,2852.021481
3000005,118,cover,13,10-29,10,11,446.79760932922363,371.18870899999956,371.18870899999956,75.60890032922407,75.60890032922407,50.286748997237126,75.60890032922404,False,False,6.0,0.0,6.0,118,119,2858.021481
3000005,119,cover,12,10-29,9,10,444.0818428993225,365.18870899999956,365.18870899999956,78.89313389932295,78.89313389932295,56.39050796561685,78.89313389932292,False,False,6.0,0.0,6.0,119,120,2864.021481
3000005,120,cover,11,10-29,8,9,430.72253465652466,359.18870899999956,359.18870899999956,71.5338256565251,71.5338256565251,51.611789181914745,71.53382565652508,False,False,6.0,0.0,6.0,120,121,2870.021481
3000005,121,cover,10,10-29,7,8,413.83397579193115,353.18870899999956,353.18870899999956,60.64526679193159,60.64526679193159,42.8665582287592,60.645266791931576,False,False,6.0,0.0,6.0,121,122,2876.021481
3000005,122,probe,9,00-09,10,11,444.618284702301,347.18870899999956,347.18870899999956,97.42957570230146,97.42957570230146,83.84301804118851,97.42957570230146,False,False,54.354707999999846,0.0,54.354707999999846,122,123,2930.376189
3000005,123,probe,8,00-09,7,11,353.64657640457153,292.8340009999997,292.8340009999997,60.81257540457182,60.81257540457182,49.71159762469356,60.81257540457183,False,False,24.685437000000093,0.0,24.685437000000093,123,124,2955.061626
3000005,124,probe,7,00-09,7,11,344.7369933128357,268.1485639999996,268.1485639999996,76.58842931283607,76.58842931283607,68.93415950837664,76.58842931283607,False,False,9.523430999999619,0.0,9.523430999999619,124,125,2964.585057
3000005,125,clear,6,00-09,7,8,319.546639919281,258.625133,258.625133,60.921506919281,60.921506919281,56.070775910338526,60.921506919281036,False,False,5.543431000000055,0.0,5.543431000000055,125,126,2970.128488
3000005,126,cover,5,00-09,5,6,278.8030505180359,253.08170199999995,253.08170199999995,25.72134851803594,25.72134851803594,21.969071062203632,25.72134851803596,False,False,223.08170199999995,0.0,223.08170199999995,126,127,3193.21019
3000005,127,cover,4,00-09,4,5,42.8854376077652,30.0,30.0,12.885437607765198,12.885437607765198,9.61385279150829,12.885437607765207,False,False,6.0,0.0,6.0,127,128,3199.21019
3000005,128,cover,3,00-09,1,4,37.32164204120636,24.0,24.0,13.32164204120636,13.32164204120636,10.579007605209949,13.321642041206367,False,False,6.0,0.0,6.0,128,129,3205.21019
3000005,129,cover,2,00-09,1,3,32.389625906944275,18.0,18.0,14.389625906944275,14.389625906944275,12.259991022050382,14.38962590694428,False,False,6.0,0.0,6.0,129,130,3211.21019
3000005,130,cover,1,00-09,1,2,27.995958924293518,12.0,12.0,15.995958924293518,15.995958924293518,14.596130567789078,15.995958924293522,False,False,6.0,0.0,6.0,130,131,3217.21019
3000005,131,cover,0,00-09,0,1,33.996567130088806,6.0,6.0,27.996567130088806,27.996567130088806,27.996567130088806,27.996567130088806,False,False,6.0,0.0,6.0,131,132,3223.21019
3000006,0,cover,125,120+,0,140,3126.265048980713,3032.1675969999997,3032.1675969999997,94.09745198071323,94.09745198071323,-14.526711758640346,94.09745198072356,True,True,5.0,0.0,5.0,0,1,5.0
3000006,1,cover,124,120+,7,139,3116.825819015503,3027.1675969999997,3027.1675969999997,89.65822201550327,89.65822201550327,-19.964149183000433,89.65822201551349,True,True,6.0,0.0,6.0,1,2,11.0
3000006,2,cover,123,120+,7,138,3113.6085987091064,3021.1675969999997,3021.1675969999997,92.44100170910679,92.44100170910679,-18.085652094102247,92.44100170911679,True,True,6.0,0.0,6.0,2,3,17.0
3000006,3,cover,122,120+,6,137,3111.59086227417,3015.1675969999997,3015.1675969999997,96.42326527417026,96.42326527417026,-14.845672135830512,96.42326527418005,True,True,6.0,0.0,6.0,3,4,23.0
3000006,4,cover,121,120+,7,136,3108.0524921417236,3009.1675969999997,3009.1675969999997,98.88489514172397,98.88489514172397,-13.035833966607388,98.88489514173354,True,True,6.0,0.0,6.0,4,5,29.0
3000006,5,cover,120,120+,6,139,3103.2400131225586,3003.1675969999997,3003.1675969999997,100.07241612255893,100.07241612255893,-12.471908406076468,100.07241612256828,True,True,6.0,0.0,6.0,5,6,35.0
3000006,6,cover,119,60-119,8,142,3089.9171829223633,2997.1675969999997,2997.1675969999997,92.74958592236362,92.74958592236362,-20.836566953970525,92.74958592237276,True,True,6.0,0.0,6.0,6,7,41.0
3000006,7,cover,118,60-119,5,141,3086.6212844848633,2991.1675969999997,2991.1675969999997,95.45368748486362,95.45368748486362,-19.086805675232362,95.45368748487255,True,True,6.0,0.0,6.0,7,8,47.0
3000006,8,cover,117,60-119,1,144,3063.9967918395996,2985.1675969999997,2985.1675969999997,78.82919483959995,78.82919483959995,-37.590840337364476,78.82919483960865,True,True,6.0,0.0,6.0,8,9,53.0
3000006,9,cover,116,60-119,8,147,3059.652328491211,2979.1675969999997,2979.1675969999997,80.48473149121128,80.48473149121128,-37.826635458687754,80.48473149121976,True,True,6.0,0.0,6.0,9,10,59.0
3000006,10,cover,115,60-119,4,146,3056.657314300537,2973.1675969999997,2973.1675969999997,83.48971730053745,83.48971730053745,-36.65436805195979,83.48971730054572,True,True,6.0,0.0,6.0,10,11,65.0
3000006,11,cover,114,60-119,5,145,3054.3453693389893,2967.1675969999997,2967.1675969999997,87.1777723389896,87.1777723389896,-34.701382119481956,87.17777233899766,True,True,6.0,0.0,6.0,11,12,71.0
3000006,12,cover,113,60-119,1,144,3052.232027053833,2961.1675969999997,2961.1675969999997,91.06443005383335,91.06443005383335,-32.43655200488254,91.06443005384118,True,True,6.0,0.0,6.0,12,13,77.0
3000006,13,cover,112,60-119,2,147,3044.6653366088867,2955.1675969999997,2955.1675969999997,89.49773960888706,89.49773960888706,-35.79288678929374,89.49773960889468,True,True,6.0,0.0,6.0,13,14,83.0
3000006,14,cover,111,60-119,0,146,3040.5635833740234,2949.1675969999997,2949.1675969999997,91.39598637402378,91.39598637402378,-35.67856844648131,91.39598637403118,True,True,6.0,0.0,6.0,14,15,89.0
3000006,15,cover,110,60-119,0,145,3040.916681289673,2943.1675969999997,2943.1675969999997,97.74908428967319,97.74908428967319,-30.868916348244326,97.74908428968038,True,True,6.0,0.0,6.0,15,16,95.0
3000006,16,cover,109,60-119,0,144,3040.2586460113525,2937.1675969999997,2937.1675969999997,103.09104901135288,103.09104901135288,-26.87047539638406,103.09104901135984,True,True,6.0,0.0,6.0,16,17,101.0
3000006,17,cover,108,60-119,0,143,3038.0988121032715,2931.1675969999997,2931.1675969999997,106.93121510327182,106.93121510327182,-24.24243084680561,106.93121510327857,True,True,6.0,0.0,6.0,17,18,107.0
3000006,18,cover,107,60-119,0,142,3035.6528759002686,2925.1675969999997,2925.1675969999997,110.4852789002689,110.4852789002689,-21.7772284734829,110.48527890027543,True,True,6.0,0.0,6.0,18,19,113.0
3000006,19,cover,106,60-119,0,141,3033.578872680664,2919.1675969999997,2919.1675969999997,114.4112756806644,114.4112756806644,-18.790770203250116,114.41127568067073,True,True,6.0,0.0,6.0,19,20,119.0
3000006,20,probe,105,60-119,143,144,3010.040283203125,2913.1675969999997,2913.1675969999997,96.87268620312534,96.87268620312534,-38.24143124293621,96.87268620313144,True,True,80.026341,0.0,80.026341,20,21,199.026341
3000006,21,probe,104,60-119,124,149,2935.9443187713623,2833.141256,2833.141256,102.80306277136242,102.80306277136242,-34.011636499683114,102.80306277136869,True,True,6.0,0.0,6.0,21,22,205.026341
3000006,22,probe,103,60-119,147,148,2926.518201828003,2827.141256,2827.141256,99.37694582800304,99.37694582800304,-39.408161518992316,99.3769458280091,True,True,62.25469099999998,0.0,62.25469099999998,22,23,267.281032
3000006,23,clear,102,60-119,145,146,2869.422197341919,2764.886565,2764.886565,104.53563234191915,104.53563234191915,-36.05207895271175,104.53563234192525,True,True,6.810225000000003,0.0,6.810225000000003,23,24,274.091257
3000006,24,probe,101,60-119,118,139,2852.055311203003,2758.0763399999996,2758.0763399999996,93.97897120300331,93.97897120300331,-49.06183167539747,93.97897120300941,True,True,6.0,0.0,6.0,24,25,280.091257
3000006,25,probe,100,60-119,114,138,2819.9775218963623,2752.0763399999996,2752.0763399999996,67.90118189636269,67.90118189636269,-79.09433787582981,67.90118189636857,True,True,89.31699400000002,0.0,89.31699400000002,25,26,369.408251
3000006,26,clear,99,60-119,114,135,2741.6069507598877,2662.759346,2662.759346,78.84760475988787,78.84760475988787,-71.73464738137328,78.84760475989377,True,True,5.969302999999968,0.0,5.969302999999968,26,27,375.377554
3000006,27,cover,98,60-119,1,128,2767.9412364959717,2656.790043,2656.790043,111.15119349597171,111.15119349597171,-41.50637752135707,111.15119349597785,True,True,59.66721700000005,0.0,59.66721700000005,27,28,435.044771
3000006,28,cover,97,60-119,16,127,2682.469606399536,2597.122826,2597.122826,85.34678039953633,85.34678039953633,-70.85346380820287,85.34678039954218,True,True,6.0,0.0,6.0,28,29,441.044771
3000006,29,cover,96,60-119,10,126,2671.6277599334717,2591.122826,2591.122826,80.50493393347188,80.50493393347188,-79.67927397291321,80.50493393347752,True,True,6.0,0.0,6.0,29,30,447.044771
3000006,30,cover,95,60-119,7,125,2654.49857711792,2585.122826,2585.122826,69.37575111792012,69.37575111792012,-95.58784925101598,69.37575111792555,True,True,6.0,0.0,6.0,30,31,453.044771
3000006,31,cover,94,60-119,0,124,2638.784408569336,2579.122826,2579.122826,59.66158256933613,59.66158256933613,-110.84422926273704,59.66158256934134,True,True,6.0,0.0,6.0,31,32,459.044771
3000006,32,cover,93,60-119,10,123,2625.0085830688477,2573.122826,2573.122826,51.88575706884785,51.88575706884785,-124.8632155402374,51.88575706885285,True,True,6.0,0.0,6.0,32,33,465.044771
3000006,33,cover,92,60-119,10,126,2690.826177597046,2567.122826,2567.122826,123.7033515970461,123.7033515970461,-55.83749580214673,123.70335159705087,True,True,6.0,0.0,6.0,33,34,471.044771
3000006,34,cover,91,60-119,9,129,2630.589723587036,2561.122826,2561.122826,69.46689758703633,69.46689758703633,-115.8673155917439,69.46689758704089,True,True,6.0,0.0,6.0,34,35,477.044771
3000006,35,cover,90,60-119,9,128,2610.2240085601807,2555.122826,2555.122826,55.10118256018086,55.10118256018086,-137.08740065115745,55.1011825601852,True,True,6.0,0.0,6.0,35,36,483.044771
3000006,36,cover,89,60-119,2,127,2598.1507301330566,2549.122826,2549.122826,49.027904133056836,49.027904133056836,-150.69545166134915,49.027904133060964,True,True,6.0,0.0,6.0,36,37,489.044771
3000006,37,cover,88,60-119,7,130,2643.8286304473877,2543.122826,2543.122826,100.70580444738789,100.70580444738789,-104.22900141791402,100.7058044473918,True,True,6.0,0.0,6.0,37,38,495.044771
3000006,38,cover,87,60-119,1,129,2638.561487197876,2537.122826,2537.122826,101.43866119787617,101.43866119787617,-108.94331017623786,101.43866119787987,True,True,6.0,0.0,6.0,38,39,501.044771
3000006,39,cover,86,60-119,2,132,2642.6596641540527,2531.122826,2531.122826,111.53683815405293,111.53683815405293,-104.04750865269612,111.53683815405641,True,True,6.0,0.0,6.0,39,40,507.044771
3000006,40,cover,85,60-119,2,131,2642.7130699157715,2525.122826,2525.122826,117.59024391577168,117.59024391577168,-103.15168725366063,117.59024391577493,True,True,5.999999999999943,0.0,5.999999999999943,40,41,513.044771
3000006,41,probe,84,60-119,111,130,2622.3549842834473,2519.122826,2519.122826,103.23215828344746,103.23215828344746,-123.69449777472111,103.2321582834505,True,True,6.0,0.0,6.0,41,42,519.044771
3000006,42,probe,83,60-119,101,128,2666.426181793213,2513.122826,2513.122826,153.3033557932131,153.3033557932131,-77.49821080521654,153.3033557932159,True,True,57.14521500000001,0.0,57.14521500000001,42,43,576.189986
3000006,43,probe,82,60-119,106,132,2574.3348598480225,2455.977611,2455.977611,118.35724884802266,118.35724884802266,-118.3624397372707,118.35724884802529,True,True,6.0,0.0,6.0,43,44,582.189986
3000006,44,probe,81,60-119,101,131,2606.6558361053467,2449.977611,2449.977611,156.67822510534688,156.67822510534688,-84.25417208415442,156.6782251053493,True,True,43.498999000000026,0.0,43.498999000000026,44,45,625.688985
3000006,45,probe,80,60-119,98,132,2565.539598464966,2406.478612,2406.478612,159.06098646496594,159.06098646496594,-86.18043234161598,159.06098646496852,True,True,61.24849800000004,0.0,61.24849800000004,45,46,686.937483
3000006,46,probe,79,60-119,98,132,2519.7746753692627,2345.230114,2345.230114,174.54456136926274,174.54456136926274,-74.41774467086236,174.54456136926527,True,True,33.12424899999996,0.0,33.12424899999996,46,47,720.061732
3000006,47,probe,78,60-119,98,132,2491.6861057281494,2312.105865,2312.105865,179.58024072814942,179.58024072814942,-73.03375295997425,179.5802407281521,True,True,19.062125000000037,0.0,19.062125000000037,47,48,739.123857
3000006,48,probe,77,60-119,101,132,2484.959840774536,2293.04374,2293.04374,191.91610077453606,191.91610077453606,-63.89251885640788,191.91610077453885,True,True,8.51553100000001,0.0,8.51553100000001,48,49,747.639388
3000006,49,clear,76,60-119,98,129,2483.3483695983887,2284.528209,2284.528209,198.8201605983886,198.8201605983886,-59.98785161321613,198.82016059839142,True,True,5.0,0.0,5.0,49,50,752.639388
3000006,50,probe,75,60-119,97,123,2530.0590991973877,2279.528209,2279.528209,250.53089019738763,250.53089019738763,-8.712760014965491,250.53089019739033,True,True,6.0,0.0,6.0,50,51,758.639388
3000006,51,probe,74,60-119,93,122,2552.93869972229,2273.528209,2273.528209,279.41049072229,279.41049072229,21.228253168354353,279.4104907222925,False,False,180.65051899999992,0.0,180.65051899999992,51,52,939.289907
3000006,52,clear,73,60-119,93,119,2393.1291103363037,2092.8776900000003,2092.8776900000003,300.25142033630345,300.25142033630345,44.28335029722934,300.25142033630596,False,False,7.864921999999979,0.0,7.864921999999979,52,53,947.154829
3000006,53,cover,72,60-119,18,113,2402.4510383605957,2085.012768,2085.012768,317.43827036059565,317.43827036059565,64.70547402265403,317.438270360598,False,False,97.41474100000016,0.0,97.41474100000016,53,54,1044.56957
3000006,54,probe,71,60-119,96,112,2214.4899368286133,1987.598027,1987.598027,226.89190982861328,226.89190982861328,-27.20093316771395,226.89190982861567,True,True,6.0,0.0,6.0,54,55,1050.56957
3000006,55,cover,70,60-119,3,110,2218.1007862091064,1981.598027,1981.598027,236.50275920910644,236.50275920910644,-18.515877670758947,236.50275920910863,True,True,6.0,0.0,6.0,55,56,1056.56957
3000006,56,cover,69,60-119,15,109,2196.9175338745117,1975.598027,1975.598027,221.31950687451172,221.31950687451172,-35.47276842668831,221.31950687451368,True,True,6.0,0.0,6.0,56,57,1062.56957
3000006,57,cover,68,60-119,3,108,2198.9526748657227,1969.598027,1969.598027,229.35464786572265,229.35464786572265,-28.88171308997641,229.35464786572442,True,True,6.0,0.0,6.0,57,58,1068.56957
3000006,58,cover,67,60-119,5,107,2182.5525760650635,1963.598027,1963.598027,218.95454906506347,218.95454906506347,-41.34927567435348,218.954549065065,True,True,6.0,0.0,6.0,58,59,1074.56957
3000006,59,cover,66,60-119,5,106,2176.805257797241,1957.598027,1957.598027,219.2072307972412,219.2072307972412,-43.25957257071154,219.20723079724252,True,True,6.0,0.0,6.0,59,60,1080.56957
3000006,60,cover,65,60-119,8,105,2173.931121826172,1951.598027,1951.598027,222.33309482617187,222.33309482617187,-42.246008991348525,222.33309482617298,True,True,6.0,0.0,6.0,60,61,1086.56957
3000006,61,cover,64,60-119,5,104,2176.760673522949,1945.598027,1945.598027,231.16264652294922,231.16264652294922,-35.175218204812005,231.1626465229501,True,True,6.0,0.0,6.0,61,62,1092.56957
3000006,62,cover,63,60-119,7,107,2266.55650138855,1939.598027,1939.598027,326.9584743885498,326.9584743885498,63.81116806398776,326.9584743885505,False,False,6.0,0.0,6.0,62,63,1098.56957
3000006,63,cover,62,60-119,6,106,2272.0437049865723,1933.598027,1933.598027,338.44567798657226,338.44567798657226,79.26144385474737,338.4456779865727,False,False,6.0,0.0,6.0,63,64,1104.56957
3000006,64,probe,61,60-119,85,105,2258.023977279663,1927.598027,1927.598027,330.4259502796631,330.4259502796631,74.99128015561892,330.4259502796633,False,False,51.61109199999987,0.0,51.61109199999987,64,65,1156.180662
3000006,65,probe,60,60-119,85,106,2261.795997619629,1875.9869350000001,1875.9869350000001,385.8090626196288,385.8090626196288,137.23620262693123,385.80906261962906,False,False,38.79358900000011,0.0,38.79358900000011,65,66,1194.974251
3000006,66,probe,59,30-59,85,106,2229.9888134002686,1837.193346,1837.193346,392.79546740026854,392.79546740026854,151.8132709553377,392.79546740026865,False,False,30.241195999999945,0.0,30.241195999999945,66,67,1225.215447
3000006,67,probe,58,30-59,82,106,2150.435209274292,1806.95215,1806.95215,343.4830592742919,343.4830592742919,107.89564508353804,343.4830592742921,False,False,17.620597999999973,0.0,17.620597999999973,67,68,1242.836045
3000006,68,clear,57,30-59,82,103,2112.717866897583,1789.331552,1789.331552,323.3863148975829,323.3863148975829,92.41989548087285,323.38631489758325,False,False,5.0,0.0,5.0,68,69,1247.836045
3000006,69,cover,56,30-59,18,98,2130.854606628418,1784.331552,1784.331552,346.52305462841787,346.52305462841787,121.63856338074497,346.5230546284181,False,False,209.35003000000006,0.0,209.35003000000006,69,70,1457.186075
3000006,70,probe,55,30-59,81,97,1763.7542486190796,1574.981522,1574.981522,188.77272661907955,188.77272661907955,-38.01238381957206,188.7727266190797,True,True,6.0,0.0,6.0,70,71,1463.186075
3000006,71,cover,54,30-59,8,95,1776.6633033752441,1568.981522,1568.981522,207.6817813752441,207.6817813752441,-20.10876743516579,207.68178137524424,True,True,6.0,0.0,6.0,71,72,1469.186075
3000006,72,cover,53,30-59,15,94,1784.795641899109,1562.981522,1562.981522,221.81411989910885,221.81411989910885,-6.290977801369515,221.814119899109,True,True,6.0,0.0,6.0,72,73,1475.186075
3000006,73,cover,52,30-59,17,93,1781.7736864089966,1556.981522,1556.981522,224.79216440899654,224.79216440899654,-3.4872982015598044,224.79216440899668,True,True,6.0,0.0,6.0,73,74,1481.186075
3000006,74,cover,51,30-59,17,92,1775.483250617981,1550.981522,1550.981522,224.50172861798092,224.50172861798092,-3.976562097447815,224.50172861798106,True,True,6.0,0.0,6.0,74,75,1487.186075
3000006,75,cover,50,30-59,14,91,1768.991470336914,1544.981522,1544.981522,224.00994833691402,224.00994833691402,-4.703518293173373,224.00994833691416,True,True,6.0,0.0,6.0,75,76,1493.186075
3000006,76,cover,49,30-59,8,90,1756.9257020950317,1538.981522,1538.981522,217.9441800950317,217.9441800950317,-11.336091089532308,217.94418009503187,True,True,6.0,0.0,6.0,76,77,1499.186075
3000006,77,cover,48,30-59,10,89,1735.756754875183,1532.981522,1532.981522,202.77523287518306,202.77523287518306,-27.900040325664143,202.77523287518324,True,True,6.0,0.0,6.0,77,78,1505.186075
3000006,78,cover,47,30-59,10,88,1729.0172576904297,1526.981522,1526.981522,202.03573569042965,202.03573569042965,-30.146881589913217,202.03573569042982,True,True,6.0,0.0,6.0,78,79,1511.186075
3000006,79,probe,46,30-59,62,91,1971.4374542236328,1520.981522,1520.981522,450.4559322236328,450.4559322236328,229.7613841508315,450.45593222363294,False,False,6.0,0.0,6.0,79,80,1517.186075
3000006,80,probe,45,30-59,69,89,1977.4166345596313,1514.981522,1514.981522,462.4351125596313,462.4351125596313,254.46375209140004,462.4351125596315,False,False,40.15175999999997,0.0,40.15175999999997,80,81,1557.337835
3000006,81,probe,44,30-59,70,91,1905.9512615203857,1474.829762,1474.829762,431.12149952038567,431.12149952038567,234.89488321279404,431.1214995203857,False,False,30.613820000000032,0.0,30.613820000000032,81,82,1587.951655
3000006,82,probe,43,30-59,70,91,1884.9917650222778,1444.215942,1444.215942,440.7758230222778,440.7758230222778,257.4202175944066,440.77582302227796,False,False,24.202320999999984,0.0,24.202320999999984,82,83,1612.153976
3000006,83,probe,42,30-59,70,91,1855.7958602905273,1420.013621,1420.013621,435.7822392905273,435.7822392905273,265.7122461712169,435.78223929052746,False,False,19.320891999999958,0.0,19.320891999999958,83,84,1631.474868
3000006,84,probe,41,30-59,67,91,1785.4090929031372,1400.692729,1400.692729,384.7163639031371,384.7163639031371,225.94354819350173,384.71636390313716,False,False,18.911272000000054,0.0,18.911272000000054,84,85,1650.38614
3000006,85,clear,40,30-59,67,88,1713.2455110549927,1381.781457,1381.781457,331.46405405499263,331.46405405499263,181.78025088984967,331.46405405499263,False,False,5.0,0.0,5.0,85,86,1655.38614
3000006,86,cover,39,30-59,24,84,1734.3653440475464,1376.781457,1376.781457,357.58388704754634,357.58388704754634,218.8421935604245,357.5838870475462,False,False,327.18605,0.0,327.18605,86,87,1982.57219
3000006,87,probe,38,30-59,72,83,1371.9395399093628,1049.595407,1049.595407,322.34413290936277,322.34413290936277,193.2657257076219,322.34413290936254,False,False,6.0,0.0,6.0,87,88,1988.57219
3000006,88,cover,37,30-59,16,81,1406.1936140060425,1043.595407,1043.595407,362.59820700604246,362.59820700604246,245.8103155834754,362.59820700604223,False,False,6.0,0.0,6.0,88,89,1994.57219
3000006,89,cover,36,30-59,13,80,1382.7157020568848,1037.595407,1037.595407,345.12029505688474,345.12029505688474,240.34989856243965,345.1202950568845,False,False,6.0,0.0,6.0,89,90,2000.57219
3000006,90,cover,35,30-59,16,79,1361.0138893127441,1031.595407,1031.595407,329.4184823127441,329.4184823127441,236.47166928242007,329.4184823127439,False,False,6.0,0.0,6.0,90,91,2006.57219
3000006,91,cover,34,30-59,16,78,1353.409767150879,1025.595407,1025.595407,327.8143601508789,327.8143601508789,247.22899696900507,327.81436015087866,False,False,6.0,0.0,6.0,91,92,2012.57219
3000006,92,cover,33,30-59,16,77,1335.4047536849976,1019.595407,1019.595407,315.80934668499754,315.80934668499754,247.6041931611829,315.8093466849973,False,False,6.0,0.0,6.0,92,93,2018.57219
3000006,93,cover,32,30-59,12,76,1320.2193975448608,1013.595407,1013.595407,306.6239905448608,306.6239905448608,250.96719686425917,306.6239905448606,False,False,6.0,0.0,6.0,93,94,2024.57219
3000006,94,cover,31,30-59,17,75,1254.211664199829,1007.595407,1007.595407,246.61625719982908,246.61625719982908,201.0099615991868,246.61625719982888,False,False,6.0,0.0,6.0,94,95,2030.57219
3000006,95,cover,30,30-59,14,74,1189.9410486221313,1001.595407,1001.595407,188.34564162213132,188.34564162213132,150.2519431805148,188.34564162213113,False,False,6.0,0.0,6.0,95,96,2036.57219
3000006,96,cover,29,10-29,12,69,1136.165738105774,995.595407,995.595407,140.5703311057739,140.5703311057739,107.87013964648146,140.5703311057737,False,False,6.0,0.0,6.0,96,97,2042.57219
3000006,97,clear,28,10-29,49,64,1144.2779302597046,989.595407,989.595407,154.68252325970457,154.68252325970457,128.4024545267496,154.6825232597044,False,False,125.16253099999972,0.0,125.16253099999972,97,98,2167.734721
3000006,98,clear,27,10-29,40,61,1009.19508934021,864.4328760000003,864.4328760000003,144.76221334020966,144.76221334020966,124.718046955005,144.7622133402095,False,False,79.11575000000039,0.0,79.11575000000039,98,99,2246.850471
3000006,99,probe,26,10-29,45,56,955.522894859314,785.3171259999999,785.3171259999999,170.20576885931405,170.20576885931405,158.0648447095888,170.20576885931388,False,False,6.0,0.0,6.0,99,100,2252.850471
3000006,100,clear,25,10-29,41,52,879.3907761573792,779.3171259999999,779.3171259999999,100.07365015737923,100.07365015737923,92.56076421858317,100.07365015737908,False,False,64.47822899999983,0.0,64.47822899999983,100,101,2317.3287
3000006,101,cover,24,10-29,9,46,827.6217579841614,714.8388970000001,714.8388970000001,112.78286098416129,112.78286098416129,110.81050004775294,112.78286098416119,False,False,95.24098099999992,0.0,95.24098099999992,101,102,2412.569681
3000006,102,cover,23,10-29,11,45,731.8270802497864,619.5979160000002,619.5979160000002,112.22916424978621,112.22916424978621,116.05979296145034,112.22916424978608,False,False,6.0,0.0,6.0,102,103,2418.569681
3000006,103,cover,22,10-29,11,44,713.4330868721008,613.5979160000002,613.5979160000002,99.83517087210066,99.83517087210066,109.1218942986998,99.83517087210055,False,False,6.0,0.0,6.0,103,104,2424.569681
3000006,104,cover,21,10-29,11,43,694.2524313926697,607.5979160000002,607.5979160000002,86.65451539266951,86.65451539266951,100.99077770449331,86.6545153926694,False,False,6.0,0.0,6.0,104,105,2430.569681
3000006,105,cover,20,10-29,11,42,669.3434119224548,601.5979160000002,601.5979160000002,67.74549592245467,67.74549592245467,86.40185077292472,67.74549592245457,False,False,6.0,0.0,6.0,105,106,2436.569681
3000006,106,cover,19,10-29,13,41,643.4905529022217,595.5979160000002,595.5979160000002,47.89263690222151,47.89263690222151,70.05157026599113,47.89263690222141,False,False,6.0,0.0,6.0,106,107,2442.569681
3000006,107,cover,18,10-29,13,40,620.3047037124634,589.5979160000002,589.5979160000002,30.70678771246321,30.70678771246321,55.648127448666145,30.706787712463115,False,False,6.0,0.0,6.0,107,108,2448.569681
3000006,108,cover,17,10-29,9,39,558.4560632705688,583.5979160000002,583.5979160000002,-25.14185272943132,-25.14185272943132,-0.21106630866145337,-25.14185272943141,False,False,6.0,0.0,6.0,108,109,2454.569681
3000006,109,probe,16,10-29,27,38,481.0221791267395,577.5979160000002,577.5979160000002,-96.57573687326067,-96.57573687326067,-75.41573731841136,-96.57573687326075,False,False,6.0,0.0,6.0,109,110,2460.569681
3000006,110,probe,15,10-29,22,36,501.63447856903076,571.5979160000002,571.5979160000002,-69.9634374309694,-69.9634374309694,-51.37203986960011,-69.96343743096949,False,False,197.56176300000016,0.0,197.56176300000016,110,111,2658.131444
3000006,111,clear,14,10-29,22,33,355.21501302719116,374.036153,374.036153,-18.82113997280885,-18.82113997280885,-0.24183411730477777,-18.82113997280892,False,False,5.971567999999934,0.0,5.971567999999934,111,112,2664.103012
3000006,112,cover,13,10-29,12,28,348.95485639572144,368.0645850000001,368.0645850000001,-19.109728604278644,-19.109728604278644,-0.5583397355521866,-19.109728604278718,False,False,60.777955999999904,0.0,60.777955999999904,112,113,2724.880968
3000006,113,cover,12,10-29,15,27,242.7305430173874,307.2866290000002,307.2866290000002,-64.55608598261279,-64.55608598261279,-48.425996961985604,-64.55608598261286,False,False,6.0,0.0,6.0,113,114,2730.880968
3000006,114,cover,11,10-29,11,26,237.35399544239044,301.2866290000002,301.2866290000002,-63.93263355760973,-63.93263355760973,-50.318467933665836,-63.9326335576098,False,False,6.0,0.0,6.0,114,115,2736.880968
3000006,115,cover,10,10-29,11,25,229.50293123722076,295.2866290000002,295.2866290000002,-65.78369776277941,-65.78369776277941,-54.91529698824791,-65.78369776277947,False,False,6.0,0.0,6.0,115,116,2742.880968
3000006,116,cover,9,00-09,13,24,227.64553129673004,289.2866290000002,289.2866290000002,-61.641097703270134,-61.641097703270134,-53.44494413551434,-61.641097703270184,False,False,6.0,0.0,6.0,116,117,2748.880968
3000006,117,cover,8,00-09,9,23,221.12803161144257,283.2866290000002,283.2866290000002,-62.15859738855761,-62.15859738855761,-56.802572442949284,-62.15859738855765,False,False,6.0,0.0,6.0,117,118,2754.880968
3000006,118,cover,7,00-09,9,22,216.94044768810272,277.2866290000002,277.2866290000002,-60.34618131189745,-60.34618131189745,-57.88437512240961,-60.346181311897496,False,False,6.0,0.0,6.0,118,119,2760.880968
3000006,119,cover,6,00-09,8,21,227.52584517002106,271.2866290000002,271.2866290000002,-43.76078382997912,-43.76078382997912,-43.47260804262239,-43.760783829979154,False,False,6.0,0.0,6.0,119,120,2766.880968
3000006,120,probe,5,00-09,19,20,170.78997194766998,265.2866290000002,265.2866290000002,-94.49665705233019,-94.49665705233019,-99.1668223841826,-94.49665705233022,False,False,6.0,0.0,6.0,120,121,2772.880968
3000006,121,probe,4,00-09,13,18,221.5568572282791,259.2866290000002,259.2866290000002,-37.72977177172106,-37.72977177172106,-44.63151274060364,-37.72977177172108,False,False,6.0,0.0,6.0,121,122,2778.880968
3000006,122,probe,3,00-09,8,16,212.71581947803497,253.28662900000018,253.28662900000018,-40.5708095219652,-40.5708095219652,-49.97110577983976,-40.570809521965224,False,False,149.77089100000012,0.0,149.77089100000012,122,123,2928.651859
3000006,123,clear,2,00-09,8,14,151.8300324678421,103.51573800000006,103.51573800000006,48.314294467842046,48.314294467842046,40.96210337891315,48.31429446784204,False,False,5.0,0.0,5.0,123,124,2933.651859
3000006,124,probe,1,00-09,4,9,201.3331800699234,98.51573800000006,98.51573800000006,102.81744206992335,102.81744206992335,100.489737874731,102.81744206992335,False,False,93.22854800000005,0.0,93.22854800000005,124,125,3026.880407
3000006,125,clear,0,00-09,4,5,51.84127390384674,5.28719000000001,5.28719000000001,46.55408390384673,46.55408390384673,46.55408390384673,46.55408390384673,False,False,5.28719000000001,0.0,5.28719000000001,125,126,3032.167597
3000007,0,cover,137,120+,0,140,3126.265048980713,3441.9915090000004,3441.9915090000004,-315.7264600192875,-315.7264600192875,-18.799778141897196,-315.72646001927575,False,False,5.0,0.0,5.0,0,1,5.0
3000007,1,cover,136,120+,5,139,3116.825819015503,3436.9915090000004,3436.9915090000004,-320.1656899844975,-320.1656899844975,-24.462113796955013,-320.1656899844858,False,False,6.0,0.0,6.0,1,2,11.0
3000007,2,cover,135,120+,5,138,3113.8272285461426,3430.9915090000004,3430.9915090000004,-317.1642804538578,-317.1642804538578,-22.590215017174298,-317.16428045384635,False,False,6.0,0.0,6.0,2,3,17.0
3000007,3,cover,134,120+,13,141,3111.8948459625244,3424.9915090000004,3424.9915090000004,-313.096663037476,-313.096663037476,-19.497471158729137,-313.09666303746474,False,False,6.0,0.0,6.0,3,4,23.0
3000007,4,cover,133,120+,15,144,3086.64608001709,3418.9915090000004,3418.9915090000004,-332.34542898291056,-332.34542898291056,-40.78551274122518,-332.34542898289953,False,False,6.0,0.0,6.0,4,5,29.0
3000007,5,cover,132,120+,5,147,3081.195831298828,3412.9915090000004,3412.9915090000004,-331.7956777011723,-331.7956777011723,-42.3534331152496,-331.7956777011615,False,False,6.0,0.0,6.0,5,6,35.0
3000007,6,cover,131,120+,10,146,3084.675073623657,3406.9915090000004,3406.9915090000004,-322.3164353763432,-322.3164353763432,-34.6044113583376,-322.3164353763326,False,False,6.0,0.0,6.0,6,7,41.0
3000007,7,cover,130,120+,3,149,3069.3094730377197,3400.9915090000004,3400.9915090000004,-331.6820359622807,-331.6820359622807,-46.284223099237174,-331.68203596227033,False,False,6.0,0.0,6.0,7,8,47.0
3000007,8,cover,129,120+,5,148,3066.885232925415,3394.9915090000004,3394.9915090000004,-328.10627607458537,-328.10627607458537,-44.95627706478113,-328.1062760745752,False,False,6.0,0.0,6.0,8,9,53.0
3000007,9,cover,128,120+,5,151,3048.619270324707,3388.9915090000004,3388.9915090000004,-340.3722386752934,-340.3722386752934,-60.2339364899888,-340.3722386752834,False,False,6.0,0.0,6.0,9,10,59.0
3000007,10,cover,127,120+,2,150,3046.3318824768066,3382.9915090000004,3382.9915090000004,-336.65962652319377,-336.65962652319377,-59.496130881988854,-336.65962652318404,False,False,6.0,0.0,6.0,10,11,65.0
3000007,11,cover,126,120+,0,149,3042.9816246032715,3376.9915090000004,3376.9915090000004,-334.0098843967289,-334.0098843967289,-59.8383039531834,-334.00988439671943,False,False,6.0,0.0,6.0,11,12,71.0
3000007,12,cover,125,120+,1,148,3041.0616397857666,3370.9915090000004,3370.9915090000004,-329.9298692142338,-329.9298692142338,-58.69293554809315,-329.92986921422454,False,False,6.0,0.0,6.0,12,13,77.0
3000007,13,cover,124,120+,0,147,3038.4697914123535,3364.9915090000004,3364.9915090000004,-326.5217175876469,-326.5217175876469,-58.194509391059434,-326.5217175876378,False,False,6.0,0.0,6.0,13,14,83.0
3000007,14,cover,123,120+,0,146,3039.0563011169434,3358.9915090000004,3358.9915090000004,-319.93520788305705,-319.93520788305705,-54.32421019628401,-319.9352078830482,False,False,6.0,0.0,6.0,14,15,89.0
3000007,15,cover,122,120+,0,145,3037.593364715576,3352.9915090000004,3352.9915090000004,-315.39814428442423,-315.39814428442423,-52.40752273436991,-315.3981442844156,False,False,6.0,0.0,6.0,15,16,95.0
3000007,16,cover,121,120+,0,148,3024.3375301361084,3346.9915090000004,3346.9915090000004,-322.653978863892,-322.653978863892,-62.80353401456622,-322.6539788638836,False,False,6.0,0.0,6.0,16,17,101.0
3000007,17,cover,120,120+,2,147,3019.2689895629883,3340.9915090000004,3340.9915090000004,-321.7225194370121,-321.7225194370121,-65.12849956598585,-321.72251943700394,False,False,6.0,0.0,6.0,17,18,107.0
3000007,18,cover,119,60-119,1,146,3014.566659927368,3334.9915090000004,3334.9915090000004,-320.42484907263224,-320.42484907263224,-67.19034652800651,-320.4248490726242,False,False,6.0,0.0,6.0,18,19,113.0
3000007,19,cover,118,60-119,0,145,3010.455846786499,3328.9915090000004,3328.9915090000004,-318.5356622135014,-318.5356622135014,-68.73806280934302,-318.5356622134936,False,False,6.0,0.0,6.0,19,20,119.0
3000007,20,probe,117,60-119,131,144,3001.023530960083,3322.9915090000004,3322.9915090000004,-321.9679780399174,-321.9679780399174,-75.96881961658869,-321.96797803990984,False,False,81.02371099999999,0.0,81.02371099999999,20,21,200.023711
3000007,21,probe,116,60-119,148,149,2938.5392665863037,3241.9677980000006,3241.9677980000006,-303.4285314136969,-303.4285314136969,-60.451971568808595,-303.4285314136893,False,False,6.0,0.0,6.0,21,22,206.023711
3000007,22,probe,115,60-119,124,148,2941.462755203247,3235.9677980000006,3235.9677980000006,-294.5050427967535,-294.5050427967535,-54.240508370384696,-294.5050427967462,False,False,6.0,0.0,6.0,22,23,212.023711
3000007,23,probe,114,60-119,132,147,2957.7670097351074,3229.9677980000006,3229.9677980000006,-272.20078826489316,-272.20078826489316,-33.617109303710066,-272.200788264886,False,False,62.26704000000001,0.0,62.26704000000001,23,24,274.290751
3000007,24,probe,113,60-119,133,149,2894.9928283691406,3167.7007580000004,3167.7007580000004,-272.7079296308598,-272.7079296308598,-35.92026386281769,-272.7079296308528,False,False,47.187613999999996,0.0,47.187613999999996,24,25,321.478365
3000007,25,cover,112,60-119,73,149,2855.128049850464,3120.5131440000005,3120.5131440000005,-265.3850941495366,-265.3850941495366,-30.10255619104698,-265.3850941495297,False,False,71.55721599999998,0.0,71.55721599999998,25,26,393.035581
3000007,26,probe,111,60-119,123,149,2808.872938156128,3048.9559280000003,3048.9559280000003,-240.08298984387238,-240.08298984387238,-5.053107247771512,-240.08298984386568,False,False,6.0,0.0,6.0,26,27,399.035581
3000007,27,probe,110,60-119,131,147,2811.1178874969482,3042.9559280000003,3042.9559280000003,-231.83804050305207,-231.83804050305207,3.3598337821564033,-231.83804050304556,True,True,6.0,0.0,6.0,27,28,405.035581
3000007,28,cover,109,60-119,61,142,2804.3055534362793,3036.9559280000003,3036.9559280000003,-232.65037456372102,-232.65037456372102,2.681578654197096,-232.65037456371473,True,True,6.0,0.0,6.0,28,29,411.035581
3000007,29,cover,108,60-119,67,141,2789.905071258545,3030.9559280000003,3030.9559280000003,-241.0508567414554,-241.0508567414554,-6.019898445828943,-241.05085674144934,False,False,6.0,0.0,6.0,29,30,417.035581
3000007,30,probe,107,60-119,143,144,2797.3392009735107,3024.9559280000003,3024.9559280000003,-227.61672702648957,-227.61672702648957,7.804453967512274,-227.61672702648372,True,True,6.0,0.0,6.0,30,31,423.035581
3000007,31,cover,106,60-119,66,142,2766.613006591797,3018.9559280000003,3018.9559280000003,-252.34292140820344,-252.34292140820344,-17.812358330738746,-252.3429214081978,False,False,6.0,0.0,6.0,31,32,429.035581
3000007,32,cover,105,60-119,63,145,2805.1767349243164,3012.9559280000003,3012.9559280000003,-207.7791930756839,-207.7791930756839,28.159336843979546,-207.7791930756785,True,True,6.0,0.0,6.0,32,33,435.035581
3000007,33,cover,104,60-119,68,144,2796.6229915618896,3006.9559280000003,3006.9559280000003,-210.33293643811066,-210.33293643811066,26.95325629637113,-210.33293643810546,True,True,6.0,0.0,6.0,33,34,441.035581
3000007,34,cover,103,60-119,69,143,2796.6232299804688,3000.9559280000003,3000.9559280000003,-204.33269801953156,-204.33269801953156,34.687889173631596,-204.3326980195266,True,True,6.0,0.0,6.0,34,35,447.035581
3000007,35,cover,102,60-119,64,142,2794.597387313843,2994.9559280000003,2994.9559280000003,-200.35854068615754,-200.35854068615754,40.69689106000569,-200.35854068615276,True,True,6.0,0.0,6.0,35,36,453.035581
3000007,36,cover,101,60-119,68,141,2787.038564682007,2988.9559280000003,2988.9559280000003,-201.91736331799348,-201.91736331799348,41.19796676649425,-201.91736331798893,True,True,6.0,0.0,6.0,36,37,459.035581
3000007,37,cover,100,60-119,65,140,2788.5749340057373,2982.9559280000003,2982.9559280000003,-194.380993994263,-194.380993994263,51.29930114760474,-194.3809939942587,True,True,6.0,0.0,6.0,37,38,465.035581
3000007,38,cover,99,60-119,63,139,2781.5303802490234,2976.9559280000003,2976.9559280000003,-195.42554775097688,-195.42554775097688,52.899734095674376,-195.42554775097275,True,True,6.0,0.0,6.0,38,39,471.035581
3000007,39,cover,98,60-119,61,138,2771.4247703552246,2970.9559280000003,2970.9559280000003,-199.5311576447757,-199.5311576447757,51.36223600197403,-199.5311576447718,True,True,6.0,0.0,6.0,39,40,477.035581
3000007,40,cover,97,60-119,60,137,2761.725902557373,2964.9559280000003,2964.9559280000003,-203.23002544262727,-203.23002544262727,50.171966530655006,-203.23002544262357,True,True,6.0,0.0,6.0,40,41,483.035581
3000007,41,cover,96,60-119,60,140,2761.8236541748047,2958.9559280000003,2958.9559280000003,-197.13227382519563,-197.13227382519563,59.23128226114361,-197.13227382519216,True,True,6.0,0.0,6.0,41,42,489.035581
3000007,42,clear,95,60-119,124,139,2746.0975646972656,2952.9559280000003,2952.9559280000003,-206.8583633027347,-206.8583633027347,52.11072924589929,-206.85836330273145,True,True,39.238811000000055,0.0,39.238811000000055,42,43,528.274392
3000007,43,probe,94,60-119,112,138,2663.562059402466,2913.717117,2913.717117,-250.15505759753432,-250.15505759753432,9.277931527473305,-250.15505759753108,True,True,6.0,0.0,6.0,43,44,534.274392
3000007,44,probe,93,60-119,108,137,2625.9353160858154,2907.717117,2907.717117,-281.7818009141847,-281.7818009141847,-23.525065041239266,-281.7818009141817,False,False,78.13835299999994,0.0,78.13835299999994,44,45,612.412745
3000007,45,clear,92,60-119,108,134,2566.1349296569824,2829.5787640000003,2829.5787640000003,-263.4438343430179,-263.4438343430179,-5.460103652707722,-263.44383434301477,False,False,5.0,0.0,5.0,45,46,617.412745
3000007,46,probe,91,60-119,107,128,2515.437602996826,2824.5787640000003,2824.5787640000003,-309.14116100317415,-309.14116100317415,-53.849926645120085,-309.14116100317113,False,False,6.0,0.0,6.0,46,47,623.412745
3000007,47,probe,90,60-119,126,127,2510.209321975708,2818.5787640000003,2818.5787640000003,-308.3694420242923,-308.3694420242923,-55.87179754340892,-308.3694420242895,False,False,6.0,0.0,6.0,47,48,629.412745
3000007,48,clear,89,60-119,122,123,2489.102840423584,2812.5787640000003,2812.5787640000003,-323.47592357641633,-323.47592357641633,-74.71397799529807,-323.4759235764137,False,False,96.98138500000005,0.0,96.98138500000005,48,49,726.39413
3000007,49,probe,88,60-119,102,118,2363.3859157562256,2715.5973790000003,2715.5973790000003,-352.2114632437747,-352.2114632437747,-108.8942291185859,-352.2114632437723,False,False,6.0,0.0,6.0,49,50,732.39413
3000007,50,probe,87,60-119,101,117,2335.515260696411,2709.5973790000003,2709.5973790000003,-374.08211830358914,-374.08211830358914,-137.64724650357954,-374.082118303587,False,False,70.04627399999993,0.0,70.04627399999993,50,51,802.440404
3000007,51,probe,86,60-119,100,117,2297.9230880737305,2639.5511050000005,2639.5511050000005,-341.62801692627,-341.62801692627,-110.72962644869489,-341.62801692626755,False,False,72.3904960000001,0.0,72.3904960000001,51,52,874.8309
3000007,52,clear,85,60-119,98,114,2261.9588375091553,2567.1606090000005,2567.1606090000005,-305.2017714908452,-305.2017714908452,-78.21408527712626,-305.2017714908426,False,False,10.940236999999911,0.0,10.940236999999911,52,53,885.771137
3000007,53,cover,84,60-119,42,108,2260.7412338256836,2556.2203720000007,2556.2203720000007,-295.4791381743171,-295.4791381743171,-72.09626522168224,-295.47913817431447,False,False,91.28063300000008,0.0,91.28063300000008,53,54,977.05177
3000007,54,cover,83,60-119,38,107,2125.788688659668,2464.9397390000004,2464.9397390000004,-339.1510503403324,-339.1510503403324,-121.86123935547121,-339.1510503403299,False,False,6.0,0.0,6.0,54,55,983.05177
3000007,55,cover,82,60-119,44,106,2114.764928817749,2458.9397390000004,2458.9397390000004,-344.17481018225135,-344.17481018225135,-133.5631570498846,-344.1748101822491,False,False,6.0,0.0,6.0,55,56,989.05177
3000007,56,cover,81,60-119,34,105,2109.7652912139893,2452.9397390000004,2452.9397390000004,-343.1744477860111,-343.1744477860111,-139.53978384594168,-343.174447786009,False,False,6.0,0.0,6.0,56,57,995.05177
3000007,57,cover,80,60-119,41,104,2099.874496459961,2446.9397390000004,2446.9397390000004,-347.06524254003943,-347.06524254003943,-150.9795564210213,-347.06524254003756,False,False,6.0,0.0,6.0,57,58,1001.05177
3000007,58,cover,79,60-119,42,107,2099.289894104004,2440.9397390000004,2440.9397390000004,-341.64984489599647,-341.64984489599647,-153.22543029155636,-341.6498448959948,False,False,6.0,0.0,6.0,58,59,1007.05177
3000007,59,cover,78,60-119,39,106,2104.8529148101807,2434.9397390000004,2434.9397390000004,-330.0868241898197,-330.0868241898197,-149.11832587934717,-330.0868241898183,False,False,6.0,0.0,6.0,59,60,1013.05177
3000007,60,cover,77,60-119,33,105,2100.663661956787,2428.9397390000004,2428.9397390000004,-328.27607704321326,-328.27607704321326,-155.0606091923589,-328.27607704321207,False,False,6.0,0.0,6.0,60,61,1019.05177
3000007,61,cover,76,60-119,34,104,2087.311267852783,2422.9397390000004,2422.9397390000004,-335.62847114721717,-335.62847114721717,-170.96105610143474,-335.62847114721615,False,False,6.0,0.0,6.0,61,62,1025.05177
3000007,62,cover,75,60-119,33,103,2083.1055641174316,2416.9397390000004,2416.9397390000004,-333.83417488256873,-333.83417488256873,-178.07027351240686,-333.83417488256794,False,False,6.0,0.0,6.0,62,63,1031.05177
3000007,63,cover,74,60-119,33,102,2072.6699829101562,2410.9397390000004,2410.9397390000004,-338.2697560898441,-338.2697560898441,-192.1114260207184,-338.26975608984355,False,False,6.0,0.0,6.0,63,64,1037.05177
3000007,64,probe,73,60-119,81,101,2134.369373321533,2404.9397390000004,2404.9397390000004,-270.57036567846717,-270.57036567846717,-130.96003748351754,-270.5703656784668,False,False,6.0,0.0,6.0,64,65,1043.05177
3000007,65,probe,72,60-119,93,99,2136.4622116088867,2398.9397390000004,2398.9397390000004,-262.47752739111365,-262.47752739111365,-129.33389389069922,-262.47752739111354,False,False,77.00333299999988,0.0,77.00333299999988,65,66,1120.055103
3000007,66,probe,71,60-119,94,100,2045.7134246826172,2321.9364060000003,2321.9364060000003,-276.2229813173831,-276.2229813173831,-150.6098398073356,-276.2229813173831,False,False,58.252500000000055,0.0,58.252500000000055,66,67,1178.307603
3000007,67,probe,70,60-119,94,100,2005.2285194396973,2263.683906,2263.683906,-258.45538656030294,-258.45538656030294,-139.83394215816367,-258.455386560303,False,False,44.93937499999993,0.0,44.93937499999993,67,68,1223.246978
3000007,68,probe,69,60-119,94,100,1980.1105260849,2218.7445310000003,2218.7445310000003,-238.63400491510038,-238.63400491510038,-126.329011066275,-238.63400491510055,False,False,34.75204000000008,0.0,34.75204000000008,68,69,1257.999018
3000007,69,probe,68,60-119,94,100,1957.726001739502,2183.992491,2183.992491,-226.26648926049802,-226.26648926049802,-119.95946885439248,-226.26648926049842,False,False,27.314030000000002,0.0,27.314030000000002,69,70,1285.313048
3000007,70,probe,67,60-119,94,100,1938.4467601776123,2156.678461,2156.678461,-218.23170082238767,-218.23170082238767,-117.81545306977057,-218.23170082238795,False,False,21.473441999999977,0.0,21.473441999999977,70,71,1306.78649
3000007,71,fallback,66,60-119,91,97,1918.636441230774,2135.205019,2135.205019,-216.56857776922607,-216.56857776922607,-122.26561054379887,-216.56857776922632,False,False,53.086488000000145,0.0,53.086488000000145,71,74,1359.872978
3000007,72,cover,65,60-119,28,92,1919.297695159912,2082.118531,2082.118531,-162.82083584008797,-162.82083584008797,-72.12407222595847,-162.820835840088,False,False,124.52763199999981,0.0,124.52763199999981,74,75,1484.40061
3000007,73,cover,64,60-119,17,95,1763.0847692489624,1957.590899,1957.590899,-194.50612975103763,-194.50612975103763,-109.27301698621945,-194.50612975103797,False,False,6.0,0.0,6.0,75,76,1490.40061
3000007,74,cover,63,60-119,20,94,1752.6990175247192,1951.590899,1951.590899,-198.8918814752808,-198.8918814752808,-119.64080916890799,-198.89188147528114,False,False,6.0,0.0,6.0,76,77,1496.40061
3000007,75,cover,62,60-119,26,97,1804.6705722808838,1945.590899,1945.590899,-140.92032671911625,-140.92032671911625,-64.9150046449931,-140.9203267191166,False,False,6.0,0.0,6.0,77,78,1502.40061
3000007,76,cover,61,60-119,23,96,1803.9249181747437,1939.590899,1939.590899,-135.66598082525638,-135.66598082525638,-62.80069342224551,-135.66598082525672,False,False,6.0,0.0,6.0,78,79,1508.40061
3000007,77,cover,60,60-119,16,95,1801.1589050292969,1933.590899,1933.590899,-132.43199397070316,-132.43199397070316,-62.70179638704451,-132.4319939707035,False,False,6.0,0.0,6.0,79,80,1514.40061
3000007,78,cover,59,30-59,16,94,1789.4542217254639,1927.590899,1927.590899,-138.13667727453617,-138.13667727453617,-72.00682072723949,-138.13667727453648,False,False,6.0,0.0,6.0,80,81,1520.40061
3000007,79,cover,58,30-59,20,93,1785.7670783996582,1921.590899,1921.590899,-135.82382060034183,-135.82382060034183,-73.36206742425804,-135.82382060034215,False,False,6.0,0.0,6.0,81,82,1526.40061
3000007,80,cover,57,30-59,16,92,1782.6721668243408,1915.590899,1915.590899,-132.91873217565922,-132.91873217565922,-74.16524105218467,-132.91873217565953,False,False,6.0,0.0,6.0,82,83,1532.40061
3000007,81,cover,56,30-59,16,91,1773.66042137146,1909.590899,1909.590899,-135.93047762854007,-135.93047762854007,-81.23893316322686,-135.9304776285404,False,False,6.0,0.0,6.0,83,84,1538.40061
3000007,82,probe,55,30-59,65,90,1788.2672548294067,1903.590899,1903.590899,-115.3236441705933,-115.3236441705933,-63.82326284766325,-115.3236441705936,False,False,39.01663500000018,0.0,39.01663500000018,84,85,1577.417245
3000007,83,probe,54,30-59,65,91,1710.0147008895874,1864.5742639999999,1864.5742639999999,-154.55956311041245,-154.55956311041245,-108.4833492499816,-154.55956311041285,False,False,29.70930599999997,0.0,29.70930599999997,85,86,1607.126551
3000007,84,probe,53,30-59,62,91,1692.206859588623,1834.864958,1834.864958,-142.65809841137684,-142.65809841137684,-101.6651416325747,-142.6580984113772,False,False,41.93954999999983,0.0,41.93954999999983,86,87,1649.066101
3000007,85,clear,52,30-59,62,88,1621.8645572662354,1792.925408,1792.925408,-171.0608507337647,-171.0608507337647,-136.91357258417102,-171.060850733765,False,False,5.0,0.0,5.0,87,88,1654.066101
3000007,86,probe,51,30-59,83,84,1625.8666515350342,1787.925408,1787.925408,-162.05875646496588,-162.05875646496588,-134.64366138460244,-162.05875646496625,False,False,6.0,0.0,6.0,88,89,1660.066101
3000007,87,probe,50,30-59,82,83,1683.316707611084,1781.925408,1781.925408,-98.60870038891608,-98.60870038891608,-74.94063716689749,-98.60870038891645,False,False,112.31052,0.0,112.31052,89,90,1772.376621
3000007,88,probe,49,30-59,80,83,1569.4222450256348,1669.614888,1669.614888,-100.1926429743653,-100.1926429743653,-80.55218921299645,-100.19264297436558,False,False,113.44613800000002,0.0,113.44613800000002,90,91,1885.822759
3000007,89,clear,48,30-59,79,80,1472.7542400360107,1556.16875,1556.16875,-83.4145099639893,-83.4145099639893,-67.13058547644258,-83.41450996398959,False,False,16.404442000000017,0.0,16.404442000000017,91,92,1902.227201
3000007,90,cover,47,30-59,9,76,1406.229019165039,1539.764308,1539.764308,-133.53528883496097,-133.53528883496097,-123.42248878675183,-133.53528883496125,False,False,163.4745730000002,0.0,163.4745730000002,92,93,2065.701774
3000007,91,probe,46,30-59,69,75,1177.266240119934,1376.2897349999998,1376.2897349999998,-199.02349488006575,-199.02349488006575,-198.85336298090166,-199.02349488006598,False,False,6.0,0.0,6.0,93,94,2071.701774
3000007,92,cover,45,30-59,4,73,1176.5483617782593,1370.2897349999998,1370.2897349999998,-193.74137322174056,-193.74137322174056,-203.75920139218576,-193.7413732217408,False,False,6.0,0.0,6.0,94,95,2077.701774
3000007,93,cover,44,30-59,7,72,1162.8544330596924,1364.2897349999998,1364.2897349999998,-201.43530194030745,-201.43530194030745,-222.5822422218449,-201.43530194030768,False,False,6.0,0.0,6.0,95,96,2083.701774
3000007,94,cover,43,30-59,3,75,1341.8552875518799,1358.2897349999998,1358.2897349999998,-16.434447448119954,-16.434447448119954,-39.55935550490252,-16.434447448120157,False,False,6.0,0.0,6.0,96,97,2089.701774
3000007,95,cover,42,30-59,2,74,1333.3617448806763,1352.2897349999998,1352.2897349999998,-18.927990119323567,-18.927990119323567,-44.266208606427504,-18.927990119323766,False,False,6.0,0.0,6.0,97,98,2095.701774
3000007,96,cover,41,30-59,1,73,1324.2348432540894,1346.2897349999998,1346.2897349999998,-22.05489174591048,-22.05489174591048,-49.887484455804646,-22.054891745910673,False,False,6.0,0.0,6.0,98,99,2101.701774
3000007,97,cover,40,30-59,5,76,1368.7196969985962,1340.2897349999998,1340.2897349999998,28.429961998596355,28.429961998596355,0.6288097775812573,28.429961998596166,False,False,6.0,0.0,6.0,99,100,2107.701774
3000007,98,cover,39,30-59,1,79,1396.7704772949219,1334.2897349999998,1334.2897349999998,62.48074229492204,62.48074229492204,36.50483165674415,62.48074229492185,False,False,6.0,0.0,6.0,100,101,2113.701774
3000007,99,probe,38,30-59,60,78,1375.1107454299927,1328.2897349999998,1328.2897349999998,46.82101042999284,46.82101042999284,21.942210307173646,46.82101042999266,False,False,6.0,0.0,6.0,101,102,2119.701774
3000007,100,probe,37,30-59,71,76,1389.082670211792,1322.2897349999998,1322.2897349999998,66.79293521179216,66.79293521179216,44.12014219891891,66.79293521179198,False,False,6.0,0.0,6.0,102,103,2125.701774
3000007,101,probe,36,30-59,61,74,1376.8935203552246,1316.2897349999998,1316.2897349999998,60.60378535522477,60.60378535522477,39.92736036037003,60.60378535522461,False,False,38.83412700000008,0.0,38.83412700000008,103,104,2164.535901
3000007,102,probe,35,30-59,60,79,1326.9309997558594,1277.4556079999998,1277.4556079999998,49.47539175585962,49.47539175585962,30.31470185368938,49.47539175585948,False,False,54.1890699999999,0.0,54.1890699999999,104,105,2218.724971
3000007,103,probe,34,30-59,60,79,1309.0647459030151,1223.2665379999999,1223.2665379999999,85.79820790301528,85.79820790301528,70.14475579036313,85.79820790301508,False,False,29.594534999999723,0.0,29.594534999999723,105,106,2248.319506
3000007,104,probe,33,30-59,60,79,1277.8308391571045,1193.6720030000001,1193.6720030000001,84.15883615710436,84.15883615710436,72.11093057310764,84.15883615710419,False,False,17.29726800000026,0.0,17.29726800000026,106,107,2265.616774
3000007,105,probe,32,30-59,60,79,1260.5513334274292,1176.3747349999999,1176.3747349999999,84.17659842742933,84.17659842742933,75.92493983519228,84.17659842742921,False,False,11.14863400000013,0.0,11.14863400000013,107,108,2276.765408
3000007,106,clear,31,30-59,60,76,1229.3479442596436,1165.2261009999997,1165.2261009999997,64.12184325964381,64.12184325964381,58.81072070253353,64.12184325964378,False,False,5.605044999999791,0.0,5.605044999999791,108,109,2282.370453
3000007,107,probe,30,30-59,72,73,1233.7716817855835,1159.621056,1159.621056,74.15062578558354,74.15062578558354,72.46263497734029,74.15062578558353,False,False,6.0,0.0,6.0,109,110,2288.370453
3000007,108,probe,29,10-29,47,72,1251.9280910491943,1153.621056,1153.621056,98.30703504919438,98.30703504919438,101.70425709573804,98.30703504919437,False,False,6.0,0.0,6.0,110,111,2294.370453
3000007,109,clear,28,10-29,43,68,1151.869297027588,1147.621056,1147.621056,4.248241027587937,4.248241027587937,8.047855867506959,4.248241027587932,False,False,144.2286509999999,0.0,144.2286509999999,111,112,2438.599104
3000007,110,probe,27,10-29,65,66,1022.9686498641968,1003.392405,1003.392405,19.576244864196724,19.576244864196724,24.606168109595554,19.57624486419675,False,False,6.0,0.0,6.0,112,113,2444.599104
3000007,111,probe,26,10-29,51,65,1007.4163675308228,997.392405,997.392405,10.0239625308227,10.0239625308227,15.846195553917406,10.02396253082273,False,False,122.66774400000031,0.0,122.66774400000031,113,114,2567.266848
3000007,112,clear,25,10-29,51,62,919.1948771476746,874.7246609999997,874.7246609999997,44.47021614767482,44.47021614767482,52.93942017975744,44.47021614767489,False,False,5.0,0.0,5.0,114,115,2572.266848
3000007,113,probe,24,10-29,41,56,873.7104535102844,869.7246609999997,869.7246609999997,3.985792510284682,3.985792510284682,13.110522676176114,3.9857925102847607,False,False,76.89358999999968,0.0,76.89358999999968,115,116,2649.160438
3000007,114,clear,23,10-29,41,52,818.3333277702332,792.8310710000001,792.8310710000001,25.50225677023309,25.50225677023309,36.4494599327626,25.502256770233114,False,False,5.0,0.0,5.0,116,117,2654.160438
3000007,115,probe,22,10-29,45,46,772.8855609893799,787.8310710000001,787.8310710000001,-14.945510010620183,-14.945510010620183,-4.208744050621753,-14.945510010620152,False,False,6.0,0.0,6.0,117,118,2660.160438
3000007,116,probe,21,10-29,36,45,745.1031804084778,781.8310710000001,781.8310710000001,-36.72789059152228,-36.72789059152228,-27.35907855949879,-36.72789059152225,False,False,40.10842899999989,0.0,40.10842899999989,118,119,2700.268867
3000007,117,clear,20,10-29,36,42,723.1058478355408,741.7226420000002,741.7226420000002,-18.616794164459407,-18.616794164459407,-9.734718034143066,-18.616794164459368,False,False,5.0,0.0,5.0,119,120,2705.268867
3000007,118,probe,19,10-29,31,36,676.8512725830078,736.7226420000002,736.7226420000002,-59.871369416992366,-59.871369416992366,-53.672940301764235,-59.87136941699232,False,False,132.80456300000014,0.0,132.80456300000014,120,121,2838.07343
3000007,119,clear,18,10-29,31,32,568.3082938194275,603.918079,603.918079,-35.609785180572544,-35.609785180572544,-30.9593221740468,-35.60978518057255,False,False,5.0,0.0,5.0,121,122,2843.07343
3000007,120,cover,17,10-29,16,29,592.8000807762146,598.918079,598.918079,-6.117998223785435,-6.117998223785435,-1.5447739129049314,-6.117998223785434,False,False,69.16488800000025,0.0,69.16488800000025,122,123,2912.238318
3000007,121,cover,16,10-29,17,28,453.94963026046753,529.7531909999998,529.7531909999998,-75.80356073953226,-75.80356073953226,-74.97930150384401,-75.8035607395323,False,False,6.0,0.0,6.0,123,124,2918.238318
3000007,122,cover,15,10-29,15,27,444.51409578323364,523.7531909999998,523.7531909999998,-79.23909521676615,-79.23909521676615,-82.54193261166094,-79.23909521676619,False,False,6.0,0.0,6.0,124,125,2924.238318
3000007,123,cover,14,10-29,14,26,446.66987657546997,517.7531909999998,517.7531909999998,-71.08331442452982,-71.08331442452982,-78.3012124414996,-71.08331442452985,False,False,6.0,0.0,6.0,125,126,2930.238318
3000007,124,cover,13,10-29,13,29,497.47413396835327,511.7531909999998,511.7531909999998,-14.279057031646516,-14.279057031646516,-22.628373735385573,-14.279057031646545,False,False,6.0,0.0,6.0,126,127,2936.238318
3000007,125,cover,12,10-29,13,28,469.4855809211731,505.7531909999998,505.7531909999998,-36.26761007882669,-36.26761007882669,-46.96518608691131,-36.26761007882671,False,False,6.0,0.0,6.0,127,128,2942.238318
3000007,126,probe,11,10-29,18,26,512.8757953643799,499.7531909999998,499.7531909999998,13.122604364380095,13.122604364380095,2.5526614276794555,13.122604364380077,False,False,112.53413599999976,0.0,112.53413599999976,128,129,3054.772454
3000007,127,probe,10,10-29,18,27,424.582302570343,387.219055,387.219055,37.36324757034299,37.36324757034299,28.203478561728758,37.36324757034294,False,False,56.28711299999986,0.0,56.28711299999986,129,130,3111.059567
3000007,128,clear,9,00-09,18,24,391.15262031555176,330.93194200000016,330.93194200000016,60.220678315551595,60.220678315551595,53.748325586249884,60.220678315551574,False,False,5.0,0.0,5.0,130,131,3116.059567
3000007,129,probe,8,00-09,17,22,347.14025259017944,325.93194200000016,325.93194200000016,21.20831059017928,21.20831059017928,15.511534590397446,21.20831059017926,False,False,91.4549350000002,0.0,91.4549350000002,131,132,3207.514502
3000007,130,clear,7,00-09,17,18,262.3754143714905,234.47700699999996,234.47700699999996,27.89840737149052,27.89840737149052,23.37013828600918,27.89840737149053,False,False,8.013258999999834,0.0,8.013258999999834,132,133,3215.527761
3000007,131,cover,6,00-09,6,14,266.3745880126953,226.46374800000012,226.46374800000012,39.91084001269519,39.91084001269519,37.24481150233036,39.910840012695196,False,False,99.68478200000027,0.0,99.68478200000027,133,134,3315.212543
3000007,132,cover,5,00-09,6,13,142.29629933834076,126.77896599999985,126.77896599999985,15.517333338340904,15.517333338340904,13.527689292606372,15.517333338340888,False,False,6.0,0.0,6.0,134,135,3321.212543
3000007,133,cover,4,00-09,5,12,144.79248225688934,120.77896599999985,120.77896599999985,24.01351625688949,24.01351625688949,23.183023380163117,24.013516256889478,False,False,6.0,0.0,6.0,135,136,3327.212543
3000007,134,cover,3,00-09,4,11,144.04182136058807,114.77896599999985,114.77896599999985,29.26285536058822,29.26285536058822,29.928802614591422,29.262855360588212,False,False,6.0,0.0,6.0,136,137,3333.212543
3000007,135,probe,2,00-09,9,10,126.88766419887543,108.77896599999985,108.77896599999985,18.108698198875572,18.108698198875572,19.762784687240824,18.108698198875572,False,False,6.0,0.0,6.0,137,138,3339.212543
3000007,136,probe,1,00-09,4,8,76.10626518726349,102.77896599999985,102.77896599999985,-26.672700812736366,-26.672700812736366,-26.335383499338008,-26.672700812736363,False,False,95.53943600000002,0.0,95.53943600000002,138,139,3434.751979
3000007,137,clear,0,00-09,4,5,0.4931837320327759,7.2395299999998315,7.2395299999998315,-6.746346267967056,-6.746346267967056,-6.746346267967056,-6.746346267967056,False,False,7.2395299999998315,0.0,7.2395299999998315,139,140,3441.991509
3000008,0,cover,135,120+,0,140,3126.265048980713,3069.909294,3069.909294,56.355754980712845,56.355754980712845,-7.1757220078256525,56.35575498072332,True,True,5.0,0.0,5.0,0,1,5.0
3000008,1,cover,134,120+,8,143,3103.808641433716,3064.909294,3064.909294,38.899347433715775,38.899347433715775,-25.928557426129295,38.89934743372614,True,True,6.0,0.0,6.0,1,2,11.0
3000008,2,cover,133,120+,4,142,3093.0209159851074,3058.909294,3058.909294,34.11162198510738,34.11162198510738,-32.33292934182938,34.11162198511752,True,True,6.0,0.0,6.0,2,3,17.0
3000008,3,cover,132,120+,5,141,3090.6641483306885,3052.909294,3052.909294,37.75485433068843,37.75485433068843,-30.19968104868268,37.754854330698365,True,True,6.0,0.0,6.0,3,4,23.0
3000008,4,cover,131,120+,7,144,3074.90611076355,3046.909294,3046.909294,27.99681676354976,27.99681676354976,-42.060756437706914,27.996816763559472,True,True,6.0,0.0,6.0,4,5,29.0
3000008,5,cover,130,120+,8,143,3067.519426345825,3040.909294,3040.909294,26.61013234582515,26.61013234582515,-45.73414826887552,26.610132345834646,True,True,6.0,0.0,6.0,5,6,35.0
3000008,6,cover,129,120+,7,142,3063.8277530670166,3034.909294,3034.909294,28.918459067016556,28.918459067016556,-45.711391102825615,28.918459067025836,True,True,6.0,0.0,6.0,6,7,41.0
3000008,7,cover,128,120+,5,141,3060.6307983398438,3028.909294,3028.909294,31.721504339843705,31.721504339843705,-45.16667982105124,31.721504339852768,True,True,6.0,0.0,6.0,7,8,47.0
3000008,8,cover,127,120+,4,140,3057.2776794433594,3022.909294,3022.909294,34.36838544335933,34.36838544335933,-44.75768286056404,34.368385443368176,True,True,6.0,0.0,6.0,8,9,53.0
3000008,9,cover,126,120+,5,143,3058.6702823638916,3016.909294,3016.909294,41.760988363891556,41.760988363891556,-39.331663094770555,41.76098836390019,True,True,6.0,0.0,6.0,9,10,59.0
3000008,10,cover,125,120+,2,146,3052.1175861358643,3010.909294,3010.909294,41.20829213586421,41.20829213586421,-41.98353612926118,41.208292135872625,True,True,6.0,0.0,6.0,10,11,65.0
3000008,11,cover,124,120+,0,145,3049.2889881134033,3004.909294,3004.909294,44.379694113403275,44.379694113403275,-40.85487805444456,44.379694113411475,True,True,6.0,0.0,6.0,11,12,71.0
3000008,12,cover,123,120+,1,144,3047.4953651428223,2998.909294,2998.909294,48.58607114282222,48.58607114282222,-38.5773695000272,48.5860711428302,True,True,6.0,0.0,6.0,12,13,77.0
3000008,13,cover,122,120+,0,143,3044.888496398926,2992.909294,2992.909294,51.979202398925736,51.979202398925736,-37.03604025676201,51.9792023989335,True,True,6.0,0.0,6.0,13,14,83.0
3000008,14,cover,121,120+,4,142,3046.1182594299316,2986.909294,2986.909294,59.208965429931595,59.208965429931595,-31.37502865869091,59.20896542993914,True,True,6.0,0.0,6.0,14,15,89.0
3000008,15,cover,120,120+,0,145,3045.9907054901123,2980.909294,2980.909294,65.08141149011226,65.08141149011226,-26.84482378790575,65.08141149011959,True,True,6.0,0.0,6.0,15,16,95.0
3000008,16,cover,119,60-119,1,148,3036.17000579834,2974.909294,2974.909294,61.2607117983398,61.2607117983398,-32.2794983996615,61.26071179834691,True,True,6.0,0.0,6.0,16,17,101.0
3000008,17,cover,118,60-119,0,147,3033.1904888153076,2968.909294,2968.909294,64.28119481530757,64.28119481530757,-30.798963560730467,64.28119481531446,True,True,6.0,0.0,6.0,17,18,107.0
3000008,18,cover,117,60-119,0,146,3030.7509899139404,2962.909294,2962.909294,67.84169591394038,67.84169591394038,-28.67206574957671,67.84169591394706,True,True,6.0,0.0,6.0,18,19,113.0
3000008,19,cover,116,60-119,0,149,3002.11238861084,2956.909294,2956.909294,45.2030946108398,45.2030946108398,-54.011228476502644,45.203094610846264,True,True,6.0,0.0,6.0,19,20,119.0
3000008,20,probe,115,60-119,127,148,2999.5484352111816,2950.909294,2950.909294,48.639141211181595,48.639141211181595,-53.23703355385375,48.63914121118784,True,True,81.02399399999999,0.0,81.02399399999999,20,21,200.023994
3000008,21,probe,114,60-119,138,154,2933.938980102539,2869.8853,2869.8853,64.05368010253915,64.05368010253915,-39.81315227631176,64.05368010254541,True,True,6.0,0.0,6.0,21,22,206.023994
3000008,22,probe,113,60-119,134,153,2911.329507827759,2863.8853,2863.8853,47.44420782775887,47.44420782775887,-59.39223636957079,47.44420782776493,True,True,68.13495900000001,0.0,68.13495900000001,22,23,274.158953
3000008,23,clear,112,60-119,135,151,2884.2973709106445,2795.750341,2795.750341,88.5470299106446,88.5470299106446,-19.25201503861585,88.54702991065066,True,True,5.0,0.0,5.0,23,24,279.158953
3000008,24,probe,111,60-119,138,144,2873.5432624816895,2790.750341,2790.750341,82.79292148168952,82.79292148168952,-26.32223522902214,82.79292148169549,True,True,6.0,0.0,6.0,24,25,285.158953
3000008,25,probe,110,60-119,123,140,2910.6051921844482,2784.750341,2784.750341,125.85485118444831,125.85485118444831,17.62073102498572,125.85485118445405,False,False,6.0,0.0,6.0,25,26,291.158953
3000008,26,cover,109,60-119,67,139,2913.2080078125,2778.750341,2778.750341,134.45766681250007,134.45766681250007,27.603733318986592,134.4576668125056,False,False,110.689414,0.0,110.689414,26,27,401.848367
3000008,27,probe,108,60-119,132,139,2840.512752532959,2668.060927,2668.060927,172.451825532959,172.451825532959,69.05041267310048,172.45182553296445,False,False,6.0,0.0,6.0,27,28,407.848367
3000008,28,probe,107,60-119,121,137,2831.3186168670654,2662.060927,2662.060927,169.25768986706544,169.25768986706544,69.32239684969129,169.2576898670707,False,False,6.0,0.0,6.0,28,29,413.848367
3000008,29,cover,106,60-119,65,132,2813.481092453003,2656.060927,2656.060927,157.42016545300294,157.42016545300294,60.51039203750376,157.42016545300797,False,False,6.0,0.0,6.0,29,30,419.848367
3000008,30,cover,105,60-119,59,131,2805.4189682006836,2650.060927,2650.060927,155.3580412006836,155.3580412006836,61.52449240545706,155.3580412006884,False,False,6.0,0.0,6.0,30,31,425.848367
3000008,31,cover,104,60-119,60,130,2795.3310012817383,2644.060927,2644.060927,151.2700742817383,151.2700742817383,60.45950051211741,151.2700742817429,False,False,6.0,0.0,6.0,31,32,431.848367
3000008,32,cover,103,60-119,60,129,2788.7940406799316,2638.060927,2638.060927,150.73311367993165,150.73311367993165,63.0763578003269,150.73311367993603,False,False,6.0,0.0,6.0,32,33,437.848367
3000008,33,cover,102,60-119,59,128,2780.9689044952393,2632.060927,2632.060927,148.90797749523927,148.90797749523927,64.47497012172032,148.90797749524341,False,False,6.0,0.0,6.0,33,34,443.848367
3000008,34,cover,101,60-119,61,127,2772.7277278900146,2626.060927,2626.060927,146.66680089001466,146.66680089001466,65.50925633315316,146.6668008900186,False,False,6.0,0.0,6.0,34,35,449.848367
3000008,35,cover,100,60-119,60,126,2769.9570655822754,2620.060927,2620.060927,149.8961385822754,149.8961385822754,72.35641476359335,149.89613858227912,False,False,6.0,0.0,6.0,35,36,455.848367
3000008,36,cover,99,60-119,65,125,2761.666774749756,2614.060927,2614.060927,147.60584774975587,147.60584774975587,73.753814664288,147.6058477497594,False,False,6.0,0.0,6.0,36,37,461.848367
3000008,37,cover,98,60-119,62,124,2760.5130672454834,2608.060927,2608.060927,152.4521402454834,152.4521402454834,82.73695490527929,152.4521402454867,False,False,6.0,0.0,6.0,37,38,467.848367
3000008,38,cover,97,60-119,60,123,2752.8040409088135,2602.060927,2602.060927,150.74311390881348,150.74311390881348,85.29255638800964,150.74311390881655,False,False,6.0,0.0,6.0,38,39,473.848367
3000008,39,cover,96,60-119,60,122,2744.605302810669,2596.060927,2596.060927,148.54437581066895,148.54437581066895,87.46717714722621,148.54437581067182,False,False,6.0,0.0,6.0,39,40,479.848367
3000008,40,cover,95,60-119,58,121,2733.757257461548,2590.060927,2590.060927,143.69633046154786,143.69633046154786,86.96750715589991,143.6963304615505,False,False,6.0,0.0,6.0,40,41,485.848367
3000008,41,clear,94,60-119,104,120,2698.587656021118,2584.060927,2584.060927,114.52672902111817,114.52672902111817,60.839900753126315,114.5267290211206,False,False,91.73737499999999,0.0,91.73737499999999,41,42,577.585742
3000008,42,cover,93,60-119,41,115,2628.270387649536,2492.323552,2492.323552,135.9468356495363,135.9468356495363,86.58948145425727,135.94683564953868,False,False,158.370044,0.0,158.370044,42,43,735.955786
3000008,43,probe,92,60-119,113,114,2399.935483932495,2333.953508,2333.953508,65.98197593249506,65.98197593249506,17.499601828648906,65.98197593249789,False,False,6.0,0.0,6.0,43,44,741.955786
3000008,44,cover,91,60-119,49,112,2396.4428901672363,2327.953508,2327.953508,68.48938216723627,68.48938216723627,21.060008487778845,68.48938216723887,False,False,6.0,0.0,6.0,44,45,747.955786
3000008,45,cover,90,60-119,39,111,2379.1122436523438,2321.953508,2321.953508,57.158735652343694,57.158735652343694,10.241433655669525,57.15873565234608,False,False,6.0,0.0,6.0,45,46,753.955786
3000008,46,cover,89,60-119,38,110,2365.7286167144775,2315.953508,2315.953508,49.77510871447748,49.77510871447748,3.008217597687471,49.77510871447966,False,False,6.0,0.0,6.0,46,47,759.955786
3000008,47,cover,88,60-119,44,109,2356.670141220093,2309.953508,2309.953508,46.71663322009272,46.71663322009272,-0.05290304915527463,46.71663322009467,True,True,6.0,0.0,6.0,47,48,765.955786
3000008,48,cover,87,60-119,43,108,2350.6691455841064,2303.953508,2303.953508,46.71563758410639,46.71563758410639,-0.0567354580440205,46.71563758410813,True,True,6.0,0.0,6.0,48,49,771.955786
3000008,49,cover,86,60-119,44,107,2343.2044982910156,2297.953508,2297.953508,45.25099029101557,45.25099029101557,-1.601455527510587,45.25099029101709,True,True,6.0,0.0,6.0,49,50,777.955786
3000008,50,cover,85,60-119,42,106,2338.1974697113037,2291.953508,2291.953508,46.243961711303655,46.243961711303655,-0.6405095865502293,46.24396171130496,True,True,6.0,0.0,6.0,50,51,783.955786
3000008,51,cover,84,60-119,44,105,2332.2863578796387,2285.953508,2285.953508,46.332849879638616,46.332849879638616,-0.5806541244373526,46.3328498796397,True,True,6.0,0.0,6.0,51,52,789.955786
3000008,52,cover,83,60-119,38,104,2314.769744873047,2279.953508,2279.953508,34.81623687304682,34.81623687304682,-12.733965401083545,34.81623687304769,True,True,6.0,0.0,6.0,52,53,795.955786
3000008,53,cover,82,60-119,37,103,2305.063486099243,2273.953508,2273.953508,31.109978099243108,31.109978099243108,-17.305499131460497,31.10997809924376,True,True,6.0,0.0,6.0,53,54,801.955786
3000008,54,cover,81,60-119,38,102,2275.937795639038,2267.953508,2267.953508,7.98428763903803,7.98428763903803,-42.559146938595575,7.984287639038468,True,True,6.0,0.0,6.0,54,55,807.955786
3000008,55,cover,80,60-119,38,101,2270.65110206604,2261.953508,2261.953508,8.697594066039983,8.697594066039983,-44.048253170098775,8.697594066040203,True,True,6.0,0.0,6.0,55,56,813.955786
3000008,56,probe,79,60-119,98,104,2391.9053077697754,2255.953508,2255.953508,135.95179976977533,135.95179976977533,87.58521319330143,135.95179976977533,False,False,6.0,0.0,6.0,56,57,819.955786
3000008,57,probe,78,60-119,92,102,2380.197763442993,2249.953508,2249.953508,130.2442554429931,130.2442554429931,86.18701985949367,130.2442554429929,False,False,38.52465200000006,0.0,38.52465200000006,57,58,858.480438
3000008,58,probe,77,60-119,92,104,2322.0388889312744,2211.428856,2211.428856,110.61003293127442,110.61003293127442,70.05557615555256,110.61003293127413,False,False,29.39339599999994,0.0,29.39339599999994,58,59,887.873834
3000008,59,probe,76,60-119,89,104,2217.0732021331787,2182.03546,2182.03546,35.037742133178654,35.037742133178654,-5.807068044782131,35.03774213317856,True,True,13.595129000000043,0.0,13.595129000000043,59,60,901.468963
3000008,60,clear,75,60-119,89,101,2190.6323432922363,2168.440331,2168.440331,22.19201229223654,22.19201229223654,-19.63452409023629,22.192012292236218,True,True,5.0,0.0,5.0,60,61,906.468963
3000008,61,cover,74,60-119,26,96,2231.4207553863525,2163.440331,2163.440331,67.98042438635275,67.98042438635275,27.53040842513665,67.98042438635233,False,False,274.5250659999999,0.0,274.5250659999999,61,62,1180.994029
3000008,62,cover,73,60-119,22,95,1893.1074142456055,1888.915265,1888.915265,4.192149245605378,4.192149245605378,-38.16617549011643,4.19214924560507,True,True,6.0,0.0,6.0,62,63,1186.994029
3000008,63,probe,72,60-119,93,94,1871.6312646865845,1882.915265,1882.915265,-11.284000313415618,-11.284000313415618,-56.4656053148815,-11.28400031341592,False,False,6.0,0.0,6.0,63,64,1192.994029
3000008,64,cover,71,60-119,30,92,1858.0595254898071,1876.915265,1876.915265,-18.85573951019296,-18.85573951019296,-67.40773106490404,-18.85573951019326,False,False,6.0,0.0,6.0,64,65,1198.994029
3000008,65,cover,70,60-119,28,91,1847.5433588027954,1870.915265,1870.915265,-23.37190619720468,-23.37190619720468,-75.70936605464816,-23.37190619720497,False,False,6.0,0.0,6.0,65,66,1204.994029
3000008,66,cover,69,60-119,27,90,1830.7640552520752,1864.915265,1864.915265,-34.151209747924895,-34.151209747924895,-91.04070484775619,-34.15120974792518,False,False,6.0,0.0,6.0,66,67,1210.994029
3000008,67,cover,68,60-119,25,89,1815.305471420288,1858.915265,1858.915265,-43.609793579712004,-43.609793579712004,-105.78872492583506,-43.60979357971229,False,False,6.0,0.0,6.0,67,68,1216.994029
3000008,68,cover,67,60-119,18,88,1799.6915578842163,1852.915265,1852.915265,-53.22370711578378,-53.22370711578378,-121.47646153884929,-53.22370711578406,False,False,6.0,0.0,6.0,68,69,1222.994029
3000008,69,cover,66,60-119,19,91,1854.4421195983887,1846.915265,1846.915265,7.5268545983885815,7.5268545983885815,-63.9219998154494,7.526854598388311,True,True,6.0,0.0,6.0,69,70,1228.994029
3000008,70,cover,65,60-119,21,90,1844.889521598816,1840.915265,1840.915265,3.9742565988158276,3.9742565988158276,-71.0258924368654,3.974256598815562,True,True,6.0,0.0,6.0,70,71,1234.994029
3000008,71,cover,64,60-119,21,89,1842.5605297088623,1834.915265,1834.915265,7.645264708862214,7.645264708862214,-70.89987823875686,7.645264708861954,True,True,6.0,0.0,6.0,71,72,1240.994029
3000008,72,cover,63,60-119,19,88,1838.117003440857,1828.915265,1828.915265,9.201738440856843,9.201738440856843,-72.99305737553918,9.201738440856587,True,True,6.0,0.0,6.0,72,73,1246.994029
3000008,73,cover,62,60-119,18,87,1829.0339708328247,1822.915265,1822.915265,6.118705832824617,6.118705832824617,-80.08009471954885,6.118705832824367,True,True,6.0,0.0,6.0,73,74,1252.994029
3000008,74,probe,61,60-119,70,86,1869.9253797531128,1816.915265,1816.915265,53.0101147531127,53.0101147531127,-34.935458736063964,53.01011475311246,True,True,50.02698200000009,0.0,50.02698200000009,74,75,1303.021011
3000008,75,probe,60,60-119,70,87,1789.6069288253784,1766.888283,1766.888283,22.718645825378417,22.718645825378417,-68.65992385662972,22.718645825378193,True,True,38.02023600000007,0.0,38.02023600000007,75,76,1341.041247
3000008,76,probe,59,30-59,67,87,1748.9904165267944,1728.868047,1728.868047,20.1223695267945,20.1223695267945,-75.00652647917217,20.12236952679436,True,True,53.788315999999895,0.0,53.788315999999895,76,77,1394.829563
3000008,77,probe,58,30-59,67,87,1722.7851152420044,1675.079731,1675.079731,47.70538424200436,47.70538424200436,-49.91948606732875,47.705384242004214,True,True,29.384009000000106,0.0,29.384009000000106,77,78,1424.213572
3000008,78,probe,57,30-59,67,87,1705.8380842208862,1645.695722,1645.695722,60.1423622208863,60.1423622208863,-39.455271672049214,60.142362220886206,True,True,17.108502999999928,0.0,17.108502999999928,78,79,1441.322075
3000008,79,probe,56,30-59,67,87,1695.9055662155151,1628.587219,1628.587219,67.31834721551513,67.31834721551513,-33.9781965025477,67.3183472155151,True,True,10.965175000000045,0.0,10.965175000000045,79,80,1452.28725
3000008,80,clear,55,30-59,67,84,1705.832839012146,1617.622044,1617.622044,88.21079501214604,88.21079501214604,-13.774472322017797,88.21079501214591,True,True,6.973880999999892,0.0,6.973880999999892,80,81,1459.261131
3000008,81,probe,54,30-59,79,80,1649.972677230835,1610.648163,1610.648163,39.32451423083489,39.32451423083489,-65.95868747718829,39.32451423083483,True,True,6.0,0.0,6.0,81,82,1465.261131
3000008,82,clear,53,30-59,75,76,1721.2235927581787,1604.648163,1604.648163,116.57542975817864,116.57542975817864,11.886555842268907,116.57542975817859,False,False,113.56804299999999,0.0,113.56804299999999,82,83,1578.829174
3000008,83,cover,52,30-59,14,71,1539.9658679962158,1491.08012,1491.08012,48.88574799621574,48.88574799621574,-58.74013254704641,48.88574799621559,True,True,151.68078000000014,0.0,151.68078000000014,83,84,1730.509954
3000008,84,cover,51,30-59,8,74,1565.3547048568726,1339.39934,1339.39934,225.95536485687262,225.95536485687262,124.5573519090637,225.9553648568725,False,False,6.0,0.0,6.0,84,85,1736.509954
3000008,85,cover,50,30-59,1,73,1558.017611503601,1333.39934,1333.39934,224.61827150360114,224.61827150360114,129.70553532188654,224.61827150360102,False,False,6.0,0.0,6.0,85,86,1742.509954
3000008,86,cover,49,30-59,1,72,1535.771369934082,1327.39934,1327.39934,208.3720299340821,208.3720299340821,119.4308355288079,208.37202993408198,False,False,6.0,0.0,6.0,86,87,1748.509954
3000008,87,cover,48,30-59,4,71,1520.297884941101,1321.39934,1321.39934,198.89854494110114,198.89854494110114,115.7445795113968,198.89854494110105,False,False,6.0,0.0,6.0,87,88,1754.509954
3000008,88,cover,47,30-59,7,70,1508.362889289856,1315.39934,1315.39934,192.96354928985602,192.96354928985602,115.58903564226493,192.96354928985593,False,False,6.0,0.0,6.0,88,89,1760.509954
3000008,89,cover,46,30-59,1,69,1502.7155876159668,1309.39934,1309.39934,193.31624761596686,193.31624761596686,122.04393049302715,193.31624761596677,False,False,6.0,0.0,6.0,89,90,1766.509954
3000008,90,cover,45,30-59,1,68,1484.2122793197632,1303.39934,1303.39934,180.81293931976325,180.81293931976325,115.3059181019195,180.81293931976316,False,False,6.0,0.0,6.0,90,91,1772.509954
3000008,91,cover,44,30-59,3,71,1517.1440839767456,1297.39934,1297.39934,219.74474397674567,219.74474397674567,162.3554976409494,219.74474397674558,False,False,6.0,0.0,6.0,91,92,1778.509954
3000008,92,cover,43,30-59,4,70,1511.3931894302368,1291.39934,1291.39934,219.99384943023688,219.99384943023688,171.1627400994112,219.99384943023682,False,False,6.0,0.0,6.0,92,93,1784.509954
3000008,93,cover,42,30-59,2,69,1516.0422325134277,1285.39934,1285.39934,230.6428925134278,230.6428925134278,191.3808244027391,230.64289251342774,False,False,6.0,0.0,6.0,93,94,1790.509954
3000008,94,probe,41,30-59,48,68,1517.575979232788,1279.39934,1279.39934,238.17663923278815,238.17663923278815,209.38375907589418,238.1766392327881,False,False,6.0,0.0,6.0,94,95,1796.509954
3000008,95,probe,40,30-59,65,66,1531.6091775894165,1273.39934,1273.39934,258.20983758941657,258.20983758941657,241.4915341394975,258.2098375894165,False,False,48.27221099999997,0.0,48.27221099999997,95,96,1844.782165
3000008,96,probe,39,30-59,64,68,1409.691333770752,1225.127129,1225.127129,184.56420477075199,184.56420477075199,176.6798961271926,184.56420477075199,False,False,28.866119000000026,0.0,28.866119000000026,96,97,1873.648284
3000008,97,probe,38,30-59,64,68,1387.5170946121216,1196.26101,1196.26101,191.25608461212164,191.25608461212164,193.02292207217093,191.25608461212173,False,False,14.699817999999823,0.0,14.699817999999823,97,98,1888.348102
3000008,98,clear,37,30-59,64,65,1364.853858947754,1181.5611920000001,1181.5611920000001,183.2926669477538,183.2926669477538,194.79947832400316,183.29266694775382,False,False,5.0,0.0,5.0,98,99,1893.348102
3000008,99,probe,36,30-59,50,62,1323.0992555618286,1176.5611920000001,1176.5611920000001,146.5380635618285,146.5380635618285,166.36302625060816,146.5380635618284,False,False,6.0,0.0,6.0,99,100,1899.348102
3000008,100,probe,35,30-59,46,61,1265.26939868927,1170.5611920000001,1170.5611920000001,94.7082066892699,94.7082066892699,120.56123092426274,94.70820668926983,False,False,165.88269100000025,0.0,165.88269100000025,100,101,2065.230793
3000008,101,clear,34,30-59,46,58,1092.3130512237549,1004.6785009999999,1004.6785009999999,87.63455022375501,87.63455022375501,119.46060469341873,87.63455022375489,False,False,8.459967999999662,0.0,8.459967999999662,101,102,2073.690761
3000008,102,probe,33,30-59,43,55,1073.8087892532349,996.2185330000002,996.2185330000002,77.59025625323466,77.59025625323466,115.17506391884045,77.59025625323457,False,False,6.0,0.0,6.0,102,103,2079.690761
3000008,103,probe,32,30-59,39,54,1074.3027925491333,990.2185330000002,990.2185330000002,84.0842595491331,84.0842595491331,128.0727023313041,84.08425954913301,False,False,165.6875960000002,0.0,165.6875960000002,103,104,2245.378357
3000008,104,clear,31,30-59,39,51,877.1865367889404,824.530937,824.530937,52.655599788940435,52.655599788940435,101.73057112748567,52.6555997889403,False,False,5.0,0.0,5.0,104,105,2250.378357
3000008,105,cover,30,30-59,23,45,864.6058440208435,819.530937,819.530937,45.07490702084351,45.07490702084351,99.10513511514607,45.07490702084338,False,False,18.904684999999972,0.0,18.904684999999972,105,106,2269.283042
3000008,106,cover,29,10-29,28,44,769.7857022285461,800.626252,800.626252,-30.84054977145388,-30.84054977145388,24.41018770826178,-30.840549771454008,True,True,6.0,0.0,6.0,106,107,2275.283042
3000008,107,cover,28,10-29,25,43,758.6031556129456,794.626252,794.626252,-36.023096387054466,-36.023096387054466,20.23962220280126,-36.023096387054586,True,True,6.0,0.0,6.0,107,108,2281.283042
3000008,108,cover,27,10-29,28,42,742.3102259635925,788.626252,788.626252,-46.31602603640749,-46.31602603640749,10.470202687840251,-46.31602603640761,True,True,6.0,0.0,6.0,108,109,2287.283042
3000008,109,cover,26,10-29,26,41,732.4627637863159,782.626252,782.626252,-50.163488213684104,-50.163488213684104,6.971305800593311,-50.16348821368422,True,True,6.0,0.0,6.0,109,110,2293.283042
3000008,110,cover,25,10-29,22,40,719.0026640892029,776.626252,776.626252,-57.62358791079714,-57.62358791079714,-0.5145198910733901,-57.62358791079725,False,False,6.0,0.0,6.0,110,111,2299.283042
3000008,111,cover,24,10-29,26,39,693.2658553123474,770.626252,770.626252,-77.36039668765261,-77.36039668765261,-21.317188071504056,-77.36039668765271,False,False,6.0,0.0,6.0,111,112,2305.283042
3000008,112,cover,23,10-29,24,38,689.4075870513916,764.626252,764.626252,-75.21866494860842,-75.21866494860842,-20.184690876273542,-75.21866494860852,False,False,6.0,0.0,6.0,112,113,2311.283042
3000008,113,cover,22,10-29,22,37,681.7011833190918,758.626252,758.626252,-76.92506868090823,-76.92506868090823,-23.043257482708782,-76.92506868090831,False,False,6.0,0.0,6.0,113,114,2317.283042
3000008,114,probe,21,10-29,29,36,640.2166485786438,752.626252,752.626252,-112.40960342135622,-112.40960342135622,-61.60820234016503,-112.40960342135631,False,False,6.0,0.0,6.0,114,115,2323.283042
3000008,115,probe,20,10-29,32,34,668.136715888977,746.626252,746.626252,-78.48953611102297,-78.48953611102297,-29.14540529455976,-78.48953611102306,False,False,6.0,0.0,6.0,115,116,2329.283042
3000008,116,probe,19,10-29,23,32,696.4775323867798,740.626252,740.626252,-44.14871961322024,-44.14871961322024,5.468853898150504,-44.14871961322031,True,True,131.24241500000016,0.0,131.24241500000016,116,117,2460.525457
3000008,117,clear,18,10-29,23,30,579.1305899620056,609.3838369999999,609.3838369999999,-30.253247037994242,-30.253247037994242,20.383501550922695,-30.253247037994257,True,True,5.742289999999684,0.0,5.742289999999684,117,118,2466.267747
3000008,118,clear,17,10-29,23,24,550.8708953857422,603.6415470000002,603.6415470000002,-52.770651614257986,-52.770651614257986,-2.246213710885292,-52.77065161425798,False,False,88.21776600000021,0.0,88.21776600000021,118,119,2554.485513
3000008,119,cover,16,10-29,4,17,428.8177490234375,515.423781,515.423781,-86.60603197656246,-86.60603197656246,-37.98062534019977,-86.60603197656246,False,False,186.6903699999998,0.0,186.6903699999998,119,120,2741.175883
3000008,120,cover,15,10-29,2,16,192.40348041057587,328.73341100000016,328.73341100000016,-136.3299305894243,-136.3299305894243,-92.32055152953856,-136.32993058942432,False,False,6.0,0.0,6.0,120,121,2747.175883
3000008,121,cover,14,10-29,4,15,180.51908910274506,322.73341100000016,322.73341100000016,-142.2143218972551,-142.2143218972551,-103.37362403933618,-142.21432189725513,False,False,6.0,0.0,6.0,121,122,2753.175883
3000008,122,cover,13,10-29,7,14,175.61383545398712,316.73341100000016,316.73341100000016,-141.11957554601304,-141.11957554601304,-107.66197651378329,-141.11957554601307,False,False,6.0,0.0,6.0,122,123,2759.175883
3000008,123,cover,12,10-29,7,13,172.69040644168854,310.73341100000016,310.73341100000016,-138.04300455831162,-138.04300455831162,-110.08990055377039,-138.04300455831165,False,False,6.0,0.0,6.0,123,124,2765.175883
3000008,124,cover,11,10-29,4,12,165.46939313411713,304.73341100000016,304.73341100000016,-139.26401786588303,-139.26401786588303,-117.16938301193875,-139.26401786588306,False,False,6.0,0.0,6.0,124,125,2771.175883
3000008,125,cover,10,10-29,3,15,232.91708528995514,298.73341100000016,298.73341100000016,-65.81632571004502,-65.81632571004502,-46.02283248010604,-65.81632571004504,False,False,6.0,0.0,6.0,125,126,2777.175883
3000008,126,cover,9,00-09,3,14,226.73137485980988,292.73341100000016,292.73341100000016,-66.00203614019028,-66.00203614019028,-48.64057148447505,-66.00203614019028,False,False,6.0,0.0,6.0,126,127,2783.175883
3000008,127,cover,8,00-09,2,17,264.19752836227417,286.73341100000016,286.73341100000016,-22.53588263772599,-22.53588263772599,-5.446755770537635,-22.53588263772599,False,False,6.0,0.0,6.0,127,128,2789.175883
3000008,128,cover,7,00-09,2,16,241.01199209690094,280.73341100000016,280.73341100000016,-39.72141890309922,-39.72141890309922,-23.8234653009588,-39.72141890309921,False,False,6.0,0.0,6.0,128,129,2795.175883
3000008,129,clear,6,00-09,10,11,195.56613266468048,274.73341100000016,274.73341100000016,-79.16727833531968,-79.16727833531968,-66.59928919282027,-79.16727833531966,False,False,71.63407000000007,0.0,71.63407000000007,129,130,2866.809953
3000008,130,probe,5,00-09,9,10,143.74218881130219,203.0993410000001,203.0993410000001,-59.35715218869791,-59.35715218869791,-49.25175057494581,-59.35715218869792,False,False,6.0,0.0,6.0,130,131,2872.809953
3000008,131,clear,4,00-09,5,6,117.04675853252411,197.0993410000001,197.0993410000001,-80.05258246747599,-80.05258246747599,-73.62861142497252,-80.05258246747599,False,False,59.77338499999996,0.0,59.77338499999996,131,132,2932.583338
3000008,132,probe,3,00-09,4,5,79.54026758670807,137.32595600000013,137.32595600000013,-57.785688413292064,-57.785688413292064,-54.06496565346168,-57.78568841329207,False,False,6.0,0.0,6.0,132,133,2938.583338
3000008,133,probe,2,00-09,3,4,106.68705403804779,131.32595600000013,131.32595600000013,-24.638901961952342,-24.638901961952342,-22.019136002233633,-24.638901961952342,False,False,60.704283999999916,0.0,60.704283999999916,133,134,2999.287622
3000008,134,probe,1,00-09,1,4,61.14913523197174,70.62167200000022,70.62167200000022,-9.472536768028476,-9.472536768028476,-7.213442956115548,-9.472536768028478,False,False,60.70561399999997,0.0,60.70561399999997,134,135,3059.993236
3000008,135,clear,0,00-09,0,1,-35.26581823825836,9.916058000000248,9.916058000000248,-45.18187623825861,-45.18187623825861,-45.18187623825861,-45.18187623825861,False,False,9.916058000000248,0.0,9.916058000000248,135,136,3069.909294
3000009,0,cover,115,60-119,0,140,3126.265048980713,2899.7808020000007,2899.7808020000007,226.48424698071221,226.48424698071221,76.12180899016363,226.48424698072236,False,False,5.0,0.0,5.0,0,1,5.0
3000009,1,cover,114,60-119,3,143,3089.986562728882,2894.7808020000007,2894.7808020000007,195.20576072888116,195.20576072888116,47.203497619297345,195.2057607288912,False,False,6.0,0.0,6.0,1,2,11.0
3000009,2,cover,113,60-119,13,146,3086.195230484009,2888.7808020000007,2888.7808020000007,197.4144284840081,197.4144284840081,52.01280565728851,197.41442848401795,False,False,6.0,0.0,6.0,2,3,17.0
3000009,3,cover,112,60-119,15,145,3094.0890312194824,2882.7808020000007,2882.7808020000007,211.30822921948175,211.30822921948175,69.37537515027572,211.30822921949135,False,False,6.0,0.0,6.0,3,4,23.0
3000009,4,cover,111,60-119,8,144,3090.5497074127197,2876.7808020000007,2876.7808020000007,213.76890541271905,213.76890541271905,75.6168961510661,213.76890541272846,False,False,6.0,0.0,6.0,4,5,29.0
3000009,5,cover,110,60-119,3,143,3087.3332023620605,2870.7808020000007,2870.7808020000007,216.55240036205987,216.55240036205987,82.52672747411232,216.55240036206905,False,False,6.0,0.0,6.0,5,6,35.0
3000009,6,cover,109,60-119,4,142,3082.4456214904785,2864.7808020000007,2864.7808020000007,217.66481949047784,217.66481949047784,88.04120695003166,217.6648194904868,False,False,6.0,0.0,6.0,6,7,41.0
3000009,7,cover,108,60-119,5,141,3077.125072479248,2858.7808020000007,2858.7808020000007,218.34427047924737,218.34427047924737,93.39016625136945,218.34427047925612,False,False,6.0,0.0,6.0,7,8,47.0
3000009,8,cover,107,60-119,5,140,3071.8257427215576,2852.7808020000007,2852.7808020000007,219.04494072155694,219.04494072155694,99.0429857828198,219.04494072156547,False,False,6.0,0.0,6.0,8,9,53.0
3000009,9,cover,106,60-119,5,139,3066.7660236358643,2846.7808020000007,2846.7808020000007,219.98522163586358,219.98522163586358,105.24554389171182,219.98522163587188,False,False,6.0,0.0,6.0,9,10,59.0
3000009,10,cover,105,60-119,7,142,3051.0413646698,2840.7808020000007,2840.7808020000007,210.26056266979913,210.26056266979913,100.54829992173383,210.26056266980723,False,False,6.0,0.0,6.0,10,11,65.0
3000009,11,cover,104,60-119,6,141,3049.6397018432617,2834.7808020000007,2834.7808020000007,214.85889984326104,214.85889984326104,110.68067062652162,214.85889984326892,False,False,6.0,0.0,6.0,11,12,71.0
3000009,12,cover,103,60-119,1,140,3046.262264251709,2828.7808020000007,2828.7808020000007,217.4814622517083,217.4814622517083,119.26656108944071,217.48146225171598,False,False,6.0,0.0,6.0,12,13,77.0
3000009,13,cover,102,60-119,3,143,3031.2602519989014,2822.7808020000007,2822.7808020000007,208.4794499989007,208.4794499989007,116.06794614382409,208.47944999890814,False,False,6.0,0.0,6.0,13,14,83.0
3000009,14,cover,101,60-119,1,146,3030.514717102051,2816.7808020000007,2816.7808020000007,213.7339151020501,213.7339151020501,127.70780131260345,213.73391510205732,False,False,6.0,0.0,6.0,14,15,89.0
3000009,15,cover,100,60-119,0,149,3020.066022872925,2810.7808020000007,2810.7808020000007,209.28522087292413,209.28522087292413,129.74642850892346,209.28522087293115,False,False,6.0,0.0,6.0,15,16,95.0
3000009,16,cover,99,60-119,0,152,3003.4000873565674,2804.7808020000007,2804.7808020000007,198.6192853565667,198.6192853565667,125.3478873605956,198.6192853565735,False,False,6.0,0.0,6.0,16,17,101.0
3000009,17,cover,98,60-119,1,155,2985.980987548828,2798.7808020000007,2798.7808020000007,187.20018554882745,187.20018554882745,119.92503952932222,187.200185548834,False,False,6.0,0.0,6.0,17,18,107.0
3000009,18,cover,97,60-119,0,158,2968.430519104004,2792.7808020000007,2792.7808020000007,175.64971710400323,175.64971710400323,114.07849587841874,175.6497171040096,False,False,6.0,0.0,6.0,18,19,113.0
3000009,19,cover,96,60-119,0,157,2962.371349334717,2786.7808020000007,2786.7808020000007,175.59054733471612,175.59054733471612,120.0203432727699,175.59054733472226,False,False,6.0,0.0,6.0,19,20,119.0
3000009,20,probe,95,60-119,151,160,2926.3432025909424,2780.7808020000007,2780.7808020000007,145.5624005909417,145.5624005909417,94.72862792525818,145.56240059094765,False,False,81.02274700000001,0.0,81.02274700000001,20,21,200.022747
3000009,21,probe,94,60-119,124,169,2832.775354385376,2699.7580550000007,2699.7580550000007,133.01729938537528,133.01729938537528,86.50897549441241,133.01729938538122,False,False,6.0,0.0,6.0,21,22,206.022747
3000009,22,probe,93,60-119,143,168,2814.769506454468,2693.7580550000007,2693.7580550000007,121.01145145446708,121.01145145446708,78.42434480368841,121.01145145447282,False,False,6.0,0.0,6.0,22,23,212.022747
3000009,23,clear,92,60-119,139,164,2819.3576335906982,2687.7580550000007,2687.7580550000007,131.59957859069755,131.59957859069755,93.69733888412492,131.59957859070306,False,False,41.698317,0.0,41.698317,23,24,253.721064
3000009,24,probe,91,60-119,128,159,2801.9556999206543,2646.059738000001,2646.059738000001,155.89596192065346,155.89596192065346,124.20391812008505,155.89596192065895,False,False,6.0,0.0,6.0,24,25,259.721064
3000009,25,probe,90,60-119,147,158,2769.8659896850586,2640.059738000001,2640.059738000001,129.80625168505776,129.80625168505776,103.27811356262013,129.80625168506302,False,False,6.0,0.0,6.0,25,26,265.721064
3000009,26,probe,89,60-119,142,157,2752.56085395813,2634.059738000001,2634.059738000001,118.50111595812905,118.50111595812905,96.81366087967497,118.5011159581341,False,False,6.0,0.0,6.0,26,27,271.721064
3000009,27,probe,88,60-119,118,156,2728.048324584961,2628.059738000001,2628.059738000001,99.9885865849601,99.9885865849601,82.42224369105874,99.98858658496493,False,False,6.0,0.0,6.0,27,28,277.721064
3000009,28,clear,87,60-119,114,152,2711.4813327789307,2622.059738000001,2622.059738000001,89.42159477892983,89.42159477892983,75.63710724739816,89.42159477893443,False,False,50.89310599999999,0.0,50.89310599999999,28,29,328.61417
3000009,29,probe,86,60-119,137,148,2636.096954345703,2571.166632000001,2571.166632000001,64.93032234570228,64.93032234570228,53.83772085702191,64.93032234570708,False,False,6.0,0.0,6.0,29,30,334.61417
3000009,30,probe,85,60-119,133,147,2644.9971199035645,2565.166632000001,2565.166632000001,79.83048790356361,79.83048790356361,72.35566991040318,79.8304879035682,False,False,73.98641800000001,0.0,73.98641800000001,30,31,408.600588
3000009,31,clear,84,60-119,133,144,2585.1595401763916,2491.180214000001,2491.180214000001,93.97932617639071,93.97932617639071,91.05737703497935,93.9793261763954,False,False,5.3944439999999645,0.0,5.3944439999999645,31,32,413.995032
3000009,32,probe,83,60-119,111,137,2557.7540397644043,2485.785770000001,2485.785770000001,71.96826976440343,71.96826976440343,72.68033749788613,71.96826976440788,False,False,6.0,0.0,6.0,32,33,419.995032
3000009,33,cover,82,60-119,46,136,2552.306652069092,2479.785770000001,2479.785770000001,72.52088206909093,72.52088206909093,77.08731558165623,72.52088206909515,False,False,55.87865100000005,0.0,55.87865100000005,33,34,475.873683
3000009,34,probe,81,60-119,115,136,2498.727321624756,2423.907119000001,2423.907119000001,74.82020262475498,74.82020262475498,83.56488014454767,74.82020262475922,False,False,6.0,0.0,6.0,34,35,481.873683
3000009,35,probe,80,60-119,118,134,2441.793441772461,2417.907119000001,2417.907119000001,23.886322772460062,23.886322772460062,34.34842136026583,23.88632277246408,False,False,6.0,0.0,6.0,35,36,487.873683
3000009,36,probe,79,60-119,121,132,2399.4123935699463,2411.907119000001,2411.907119000001,-12.494725430054586,-12.494725430054586,-2.1396072023674075,-12.494725430050785,False,False,6.0,0.0,6.0,36,37,493.873683
3000009,37,cover,78,60-119,43,130,2388.01646232605,2405.907119000001,2405.907119000001,-17.89065667395107,-17.89065667395107,-7.932145732909588,-17.890656673947486,False,False,6.0,0.0,6.0,37,38,499.873683
3000009,38,probe,77,60-119,106,129,2370.448589324951,2399.907119000001,2399.907119000001,-29.458529675049704,-29.458529675049704,-20.526335509482568,-29.458529675046336,False,False,6.0,0.0,6.0,38,39,505.873683
3000009,39,cover,76,60-119,39,124,2342.900276184082,2393.907119000001,2393.907119000001,-51.006842815918844,-51.006842815918844,-44.28910384247571,-51.00684281591569,False,False,6.0,0.0,6.0,39,40,511.873683
3000009,40,cover,75,60-119,39,123,2326.970338821411,2387.907119000001,2387.907119000001,-60.93678017858974,-60.93678017858974,-57.07267495278614,-60.93678017858681,False,False,6.0,0.0,6.0,40,41,517.873683
3000009,41,cover,74,60-119,38,126,2427.539348602295,2381.907119000001,2381.907119000001,45.632229602294046,45.632229602294046,52.101405082207826,45.63222960229677,False,False,6.0,0.0,6.0,41,42,523.873683
3000009,42,cover,73,60-119,40,125,2401.198625564575,2375.907119000001,2375.907119000001,25.29150656457432,25.29150656457432,33.432296888934616,25.29150656457682,False,False,6.0,0.0,6.0,42,43,529.873683
3000009,43,cover,72,60-119,38,124,2400.2294540405273,2369.907119000001,2369.907119000001,30.322335040526468,30.322335040526468,40.4875003840911,30.322335040528753,False,False,6.0,0.0,6.0,43,44,535.873683
3000009,44,cover,71,60-119,36,127,2376.52587890625,2363.907119000001,2363.907119000001,12.618759906249124,12.618759906249124,23.983079210330047,12.618759906251192,False,False,6.0,0.0,6.0,44,45,541.873683
3000009,45,cover,70,60-119,36,126,2361.06276512146,2357.907119000001,2357.907119000001,3.1556461214590854,3.1556461214590854,15.284174132147148,3.1556461214609364,False,False,6.0,0.0,6.0,45,46,547.873683
3000009,46,cover,69,60-119,35,125,2353.7256717681885,2351.907119000001,2351.907119000001,1.818552768187601,1.818552768187601,14.681137661974157,1.8185527681892355,False,False,6.0,0.0,6.0,46,47,553.873683
3000009,47,probe,68,60-119,113,124,2341.3913249969482,2345.907119000001,2345.907119000001,-4.515794003052633,-4.515794003052633,8.786095674456533,-4.515794003051216,True,True,39.47193099999993,0.0,39.47193099999993,47,48,593.345614
3000009,48,clear,67,60-119,114,125,2302.77419090271,2306.435188000001,2306.435188000001,-3.660997097290874,-3.660997097290874,10.148307979177124,-3.6609970972894814,True,True,5.0,0.0,5.0,48,49,598.345614
3000009,49,probe,66,60-119,108,119,2247.081518173218,2301.435188000001,2301.435188000001,-54.35366982678306,-54.35366982678306,-42.678278684542285,-54.353669826781775,False,False,6.0,0.0,6.0,49,50,604.345614
3000009,50,clear,65,60-119,88,118,2288.543939590454,2295.435188000001,2295.435188000001,-6.8912484095467335,-6.8912484095467335,5.035939718625079,-6.891248409545664,True,True,17.76002100000005,0.0,17.76002100000005,50,51,622.105635
3000009,51,probe,64,60-119,102,113,2283.2963466644287,2277.675167000001,2277.675167000001,5.6211796644279275,5.6211796644279275,18.471966097473313,5.6211796644289045,False,False,5.0,0.0,5.0,51,52,627.105635
3000009,52,probe,63,60-119,98,112,2258.5537433624268,2272.675167000001,2272.675167000001,-14.121423637574026,-14.121423637574026,-1.337512846872363,-14.121423637573155,False,False,104.36475499999995,0.0,104.36475499999995,52,53,731.47039
3000009,53,clear,62,60-119,98,109,2073.920965194702,2168.3104120000007,2168.3104120000007,-94.38944680529858,-94.38944680529858,-85.90056422589181,-94.38944680529801,False,False,5.0,0.0,5.0,53,54,736.47039
3000009,54,probe,61,60-119,88,103,2146.9035148620605,2163.3104120000007,2163.3104120000007,-16.406897137940177,-16.406897137940177,-8.334752166877399,-16.40689713793972,False,False,278.015302,0.0,278.015302,54,55,1014.485692
3000009,55,clear,60,60-119,88,99,1878.9676427841187,1885.2951100000005,1885.2951100000005,-6.327467215881825,-6.327467215881825,1.8365029001902387,-6.327467215881594,True,True,5.068110000000047,0.0,5.068110000000047,55,56,1019.553802
3000009,56,cover,59,30-59,40,93,1844.1015481948853,1880.2270000000003,1880.2270000000003,-36.12545180511506,-36.12545180511506,-29.43313862004536,-36.12545180511492,False,False,36.96921699999996,0.0,36.96921699999996,56,57,1056.523019
3000009,57,cover,58,30-59,34,92,1820.306658744812,1843.2577830000002,1843.2577830000002,-22.951124255188233,-22.951124255188233,-17.1145379685459,-22.951124255188166,False,False,6.0,0.0,6.0,57,58,1062.523019
3000009,58,cover,57,30-59,35,91,1813.2445812225342,1837.2577830000002,1837.2577830000002,-24.013201777466065,-24.013201777466065,-19.133279464024973,-24.01320177746599,False,False,6.0,0.0,6.0,58,59,1068.523019
3000009,59,cover,56,30-59,31,90,1809.1963529586792,1831.2577830000002,1831.2577830000002,-22.061430041321046,-22.061430041321046,-18.085797608294683,-22.061430041320968,False,False,6.0,0.0,6.0,59,60,1074.523019
3000009,60,cover,55,30-59,35,93,1807.7715635299683,1825.2577830000002,1825.2577830000002,-17.486219470031983,-17.486219470031983,-14.221670565269068,-17.486219470031898,False,False,6.0,0.0,6.0,60,61,1080.523019
3000009,61,cover,54,30-59,34,92,1803.416132926941,1819.2577830000002,1819.2577830000002,-15.841650073059327,-15.841650073059327,-13.239053861364638,-15.841650073059238,False,False,6.0,0.0,6.0,61,62,1086.523019
3000009,62,cover,53,30-59,32,91,1801.8543720245361,1813.2577830000002,1813.2577830000002,-11.403410975464112,-11.403410975464112,-9.264015540809915,-11.403410975464018,False,False,6.0,0.0,6.0,62,63,1092.523019
3000009,63,cover,52,30-59,32,94,1808.5072040557861,1807.2577830000002,1807.2577830000002,1.2494210557858878,1.2494210557858878,3.567175253094832,1.2494210557859875,False,False,6.0,0.0,6.0,63,64,1098.523019
3000009,64,cover,51,30-59,30,93,1777.6869535446167,1801.2577830000002,1801.2577830000002,-23.570829455383546,-23.570829455383546,-22.371658166394315,-23.57082945538344,False,False,6.0,0.0,6.0,64,65,1104.523019
3000009,65,probe,50,30-59,64,91,1817.468285560608,1795.2577830000002,1795.2577830000002,22.210502560607665,22.210502560607665,24.641761946944108,22.210502560607775,False,False,49.436636000000135,0.0,49.436636000000135,65,66,1153.959655
3000009,66,clear,49,30-59,64,90,1773.5384702682495,1745.821147,1745.821147,27.7173232682494,27.7173232682494,31.73535016272184,27.717323268249412,False,False,5.420862999999827,0.0,5.420862999999827,66,67,1159.380518
3000009,67,probe,48,30-59,74,85,1721.6650247573853,1740.4002840000003,1740.4002840000003,-18.73525924261503,-18.73525924261503,-15.49182352436056,-18.73525924261496,False,False,6.0,0.0,6.0,67,68,1165.380518
3000009,68,probe,47,30-59,64,81,1709.6025943756104,1734.4002840000003,1734.4002840000003,-24.797689624389932,-24.797689624389932,-22.688688322247852,-24.797689624389857,False,False,6.0,0.0,6.0,68,69,1171.380518
3000009,69,clear,46,30-59,69,80,1739.3178939819336,1728.4002840000003,1728.4002840000003,10.91760998193331,10.91760998193331,13.71222240428989,10.91760998193339,False,False,54.63802600000008,0.0,54.63802600000008,69,70,1226.018544
3000009,70,probe,45,30-59,60,76,1691.3609504699707,1673.7622580000002,1673.7622580000002,17.5986924699705,17.5986924699705,21.466636728765387,17.59869246997062,False,False,5.0,0.0,5.0,70,71,1231.018544
3000009,71,probe,44,30-59,59,75,1675.2480268478394,1668.7622580000002,1668.7622580000002,6.485768847839154,6.485768847839154,10.89864537540414,6.485768847839163,False,False,63.596598999999976,0.0,63.59659899999997,71,72,1294.615143
3000009,72,probe,43,30-59,56,75,1619.0276145935059,1605.1656590000002,1605.1656590000002,13.861955593505627,13.861955593505627,19.236665390600713,13.861955593505698,False,False,67.300704,0.0,67.300704,72,73,1361.915847
3000009,73,clear,42,30-59,56,72,1545.0680255889893,1537.8649550000002,1537.8649550000002,7.203070588989021,7.203070588989021,13.239768827456949,7.203070588989085,False,False,5.0,0.0,5.0,73,74,1366.915847
3000009,74,cover,41,30-59,33,67,1617.6666021347046,1532.8649550000002,1532.8649550000002,84.80164713470435,84.80164713470435,95.61931091912861,84.80164713470431,False,False,222.10498499999994,0.0,222.10498499999994,74,75,1589.020832
3000009,75,cover,40,30-59,31,66,1389.0184164047241,1310.7599700000003,1310.7599700000003,78.25844640472383,78.25844640472383,93.76432651489264,78.25844640472371,False,False,6.0,0.0,6.0,75,76,1595.020832
3000009,76,cover,39,30-59,29,65,1369.1579103469849,1304.7599700000003,1304.7599700000003,64.39794034698457,64.39794034698457,84.10928469174041,64.39794034698446,False,False,6.0,0.0,6.0,76,77,1601.020832
3000009,77,cover,38,30-59,29,64,1355.0466299057007,1298.7599700000003,1298.7599700000003,56.28665990570039,56.28665990570039,79.99789921100657,56.28665990570028,False,False,6.0,0.0,6.0,77,78,1607.020832
3000009,78,cover,37,30-59,29,63,1343.8470363616943,1292.7599700000003,1292.7599700000003,51.08706636169404,51.08706636169404,78.73505859684235,51.08706636169394,False,False,6.0,0.0,6.0,78,79,1613.020832
3000009,79,cover,36,30-59,30,62,1333.0042362213135,1286.7599700000003,1286.7599700000003,46.24426622131318,46.24426622131318,77.7813246910121,46.24426622131308,False,False,6.0,0.0,6.0,79,80,1619.020832
3000009,80,probe,35,30-59,45,61,1277.8027057647705,1280.7599700000003,1280.7599700000003,-2.957264235229786,-2.957264235229786,30.083993931020153,-2.9572642352298786,True,True,6.0,0.0,6.0,80,81,1625.020832
3000009,81,cover,34,30-59,29,59,1318.9114332199097,1274.7599700000003,1274.7599700000003,44.151463219909374,44.151463219909374,81.25549619595718,44.15146321990929,False,False,6.0,0.0,6.0,81,82,1631.020832
3000009,82,cover,33,30-59,35,57,1349.4242429733276,1268.7599700000003,1268.7599700000003,80.66427297332734,80.66427297332734,123.96663784144752,80.66427297332726,False,False,236.0,0.0,236.0,82,83,1867.020832
3000009,83,cover,32,30-59,33,58,968.3132171630859,1032.7599700000003,1032.7599700000003,-64.44675283691436,-64.44675283691436,-22.25725049346757,-64.44675283691446,False,False,6.0,0.0,6.0,83,84,1873.020832
3000009,84,cover,31,30-59,31,57,955.6864500045776,1026.7599700000003,1026.7599700000003,-71.07351999542266,-71.07351999542266,-30.404229107343014,-71.07351999542274,False,False,6.0,0.0,6.0,84,85,1879.020832
3000009,85,probe,30,30-59,40,56,942.327082157135,1020.7599700000003,1020.7599700000003,-78.43288784286528,-78.43288784286528,-39.75115468924804,-78.43288784286537,False,False,6.0,0.0,6.0,85,86,1885.020832
3000009,86,cover,29,10-29,31,54,971.3113307952881,1014.7599700000003,1014.7599700000003,-43.44863920471221,-43.44863920471221,-5.017795843257851,-43.448639204712286,False,False,6.0,0.0,6.0,86,87,1891.020832
3000009,87,cover,28,10-29,30,53,976.1000275611877,1008.7599700000003,1008.7599700000003,-32.65994243881255,-32.65994243881255,6.074632550149277,-32.65994243881262,True,True,6.0,0.0,6.0,87,88,1897.020832
3000009,88,cover,27,10-29,31,52,952.7794718742371,1002.7599700000003,1002.7599700000003,-49.98049812576323,-49.98049812576323,-11.837813828212001,-49.9804981257633,False,False,6.0,0.0,6.0,88,89,1903.020832
3000009,89,probe,26,10-29,50,51,905.7279229164124,996.7599700000003,996.7599700000003,-91.03204708358794,-91.03204708358794,-55.673013458986006,-91.032047083588,False,False,6.0,0.0,6.0,89,90,1909.020832
3000009,90,probe,25,10-29,44,49,975.2700924873352,990.7599700000003,990.7599700000003,-15.489877512665089,-15.489877512665089,20.914901170459842,-15.489877512665146,True,True,6.0,0.0,6.0,90,91,1915.020832
3000009,91,probe,24,10-29,30,47,964.1175270080566,984.7599700000003,984.7599700000003,-20.642442991943653,-20.642442991943653,16.591932306506614,-20.642442991943703,True,True,149.06782799999996,0.0,149.06782799999996,91,92,2064.08866
3000009,92,clear,23,10-29,30,46,736.2499833106995,835.6921420000003,835.6921420000003,-99.44215868930087,-99.44215868930087,-65.48187725352696,-99.44215868930092,False,False,5.588901000000078,0.0,5.588901000000078,92,93,2069.677561
3000009,93,probe,22,10-29,40,41,708.0134153366089,830.1032410000003,830.1032410000003,-122.08982566339137,-122.08982566339137,-92.76794129222888,-122.08982566339141,False,False,6.0,0.0,6.0,93,94,2075.677561
3000009,94,probe,21,10-29,35,40,715.0564789772034,824.1032410000003,824.1032410000003,-109.04676202279688,-109.04676202279688,-83.92092384382569,-109.04676202279693,False,False,6.0,0.0,6.0,94,95,2081.677561
3000009,95,probe,20,10-29,31,39,696.5344548225403,818.1032410000003,818.1032410000003,-121.56878617745997,-121.56878617745997,-101.51889262998817,-121.56878617746,False,False,129.61063300000023,0.0,129.61063300000023,95,96,2211.288194
3000009,96,clear,19,10-29,31,37,572.3732709884644,688.492608,688.492608,-116.11933701153566,-116.11933701153566,-101.12572996217253,-116.11933701153573,False,False,5.0,0.0,5.0,96,97,2216.288194
3000009,97,probe,18,10-29,30,31,552.5272488594055,683.492608,683.492608,-130.9653591405945,-130.9653591405945,-122.07552851708566,-130.96535914059456,False,False,6.0,0.0,6.0,97,98,2222.288194
3000009,98,probe,17,10-29,26,30,554.9963116645813,677.492608,677.492608,-122.49629633541872,-122.49629633541872,-119.58575338095777,-122.49629633541878,False,False,127.23515699999963,0.0,127.23515699999962,98,99,2349.523351
3000009,99,clear,16,10-29,26,27,445.4728960990906,550.2574510000004,550.2574510000004,-104.78455490090982,-104.78455490090982,-107.23580204889352,-104.78455490090985,False,False,5.0,0.0,5.0,99,100,2354.523351
3000009,100,cover,15,10-29,4,22,490.07922410964966,545.2574510000004,545.2574510000004,-55.17822689035074,-55.17822689035074,-60.66260425087835,-55.178226890350764,False,False,45.78061200000002,0.0,45.78061200000002,100,101,2400.303963
3000009,101,cover,14,10-29,1,21,405.6379199028015,499.4768390000004,499.4768390000004,-93.83891909719887,-93.83891909719887,-104.55083837655421,-93.83891909719891,False,False,6.0,0.0,6.0,101,102,2406.303963
3000009,102,cover,13,10-29,4,20,391.082227230072,493.4768390000004,493.4768390000004,-102.39461176992836,-102.39461176992836,-119.05950636766705,-102.39461176992839,False,False,6.0,0.0,6.0,102,103,2412.303963
3000009,103,cover,12,10-29,2,23,484.9725365638733,487.4768390000004,487.4768390000004,-2.504302436127091,-2.504302436127091,-20.178102140911356,-2.5043024361271202,False,False,6.0,0.0,6.0,103,104,2418.303963
3000009,104,cover,11,10-29,1,26,503.0580759048462,481.4768390000004,481.4768390000004,21.58123690484581,21.58123690484581,4.113091789538474,21.581236904845785,False,False,6.0,0.0,6.0,104,105,2424.303963
3000009,105,cover,10,10-29,1,25,486.3966703414917,475.4768390000004,475.4768390000004,10.919831341491317,10.919831341491317,-6.89296186717475,10.919831341491298,True,True,6.0,0.0,6.0,105,106,2430.303963
3000009,106,probe,9,00-09,20,24,496.1453080177307,469.4768390000004,469.4768390000004,26.66846901773033,26.66846901773033,9.321764009541337,26.668469017730317,False,False,102.92054899999994,0.0,102.92054899999994,106,107,2533.224512
3000009,107,probe,8,00-09,20,25,409.65020656585693,366.55629000000044,366.55629000000044,43.09391656585649,43.09391656585649,27.10232795543945,43.09391656585645,False,False,6.0,0.0,6.0,107,108,2539.224512
3000009,108,clear,7,00-09,16,21,377.86924839019775,360.55629000000044,360.55629000000044,17.31295839019731,17.31295839019731,1.3909155576634458,17.31295839019728,False,False,17.3567850000004,0.0,17.3567850000004,108,109,2556.581297
3000009,109,probe,6,00-09,19,20,360.29958724975586,343.19950500000004,343.19950500000004,17.100082249755815,17.100082249755815,1.2400414918125533,17.10008224975576,False,False,6.0,0.0,6.0,109,110,2562.581297
3000009,110,probe,5,00-09,17,19,386.0779404640198,337.19950500000004,337.19950500000004,48.87843546401973,48.87843546401973,34.75620495376471,48.87843546401968,False,False,83.10663299999987,0.0,83.10663299999987,110,111,2645.68793
3000009,111,clear,4,00-09,15,16,296.50771617889404,254.09287200000017,254.09287200000017,42.41484417889387,42.41484417889387,29.781698598567214,42.41484417889382,False,False,6.2179080000000795,0.0,6.2179080000000795,111,112,2651.905838
3000009,112,cover,3,00-09,5,14,276.0806679725647,247.8749640000001,247.8749640000001,28.205703972564606,28.205703972564606,16.392166728671555,28.20570397256458,False,False,212.47969399999965,0.0,212.47969399999965,112,113,2864.385532
3000009,113,probe,2,00-09,12,13,113.34364116191864,35.39527000000044,35.39527000000044,77.9483711619182,77.9483711619182,69.6156146505528,77.94837116191819,False,False,6.0,0.0,6.0,113,114,2870.385532
3000009,114,probe,1,00-09,7,11,106.0141772031784,29.395270000000437,29.395270000000437,76.61890720317797,76.61890720317797,71.8801586229606,76.61890720317795,False,False,24.395270000000437,0.0,24.395270000000437,114,115,2894.780802
3000009,115,clear,0,00-09,7,8,99.77497160434723,5.0,5.0,94.77497160434723,94.77497160434723,94.77497160434723,94.77497160434723,False,False,5.0,0.0,5.0,115,116,2899.780802
3000010,0,cover,135,120+,3,140,3126.265048980713,3391.6548989999997,3391.6548989999997,-265.38985001928677,-265.38985001928677,-38.62183777273114,-265.3898500192757,False,False,6.0,0.0,6.0,0,1,6.0
3000010,1,cover,134,120+,7,139,3118.9050674438477,3385.6548989999997,3385.6548989999997,-266.749831556152,-266.749831556152,-42.08612558904905,-266.74983155614115,False,False,6.0,0.0,6.0,1,2,12.0
3000010,2,cover,133,120+,5,142,3084.960460662842,3379.6548989999997,3379.6548989999997,-294.69443833715786,-294.69443833715786,-73.71656038953171,-294.6944383371472,False,False,6.0,0.0,6.0,2,3,18.0
3000010,3,cover,132,120+,3,145,3073.500633239746,3373.6548989999997,3373.6548989999997,-300.15426576025357,-300.15426576025357,-83.34356611855542,-300.1542657602431,False,False,6.0,0.0,6.0,3,4,24.0
3000010,4,cover,131,120+,15,144,3071.6865062713623,3367.6548989999997,3367.6548989999997,-295.96839272863735,-295.96839272863735,-83.32388745993623,-295.9683927286271,False,False,6.0,0.0,6.0,4,5,30.0
3000010,5,cover,130,120+,14,143,3076.638698577881,3361.6548989999997,3361.6548989999997,-285.0162004221188,-285.0162004221188,-76.1807317404399,-285.0162004221088,False,False,6.0,0.0,6.0,5,6,36.0
3000010,6,cover,129,120+,6,146,3066.1284923553467,3355.6548989999997,3355.6548989999997,-289.526406644653,-289.526406644653,-84.93782943470977,-289.5264066446432,False,False,6.0,0.0,6.0,6,7,42.0
3000010,7,cover,128,120+,5,145,3064.776659011841,3349.6548989999997,3349.6548989999997,-284.87823998815884,-284.87823998815884,-84.51543450338511,-284.8782399881493,False,False,6.0,0.0,6.0,7,8,48.0
3000010,8,cover,127,120+,3,144,3060.3864192962646,3343.6548989999997,3343.6548989999997,-283.268479703735,-283.268479703735,-87.26913075680157,-283.26847970372563,False,False,6.0,0.0,6.0,8,9,54.0
3000010,9,cover,126,120+,3,143,3056.284189224243,3337.6548989999997,3337.6548989999997,-281.3707097757565,-281.3707097757565,-89.86459034612977,-281.37070977574734,False,False,6.0,0.0,6.0,9,10,60.0
3000010,10,cover,125,120+,7,146,3051.034450531006,3331.6548989999997,3331.6548989999997,-280.6204484689938,-280.6204484689938,-93.80455688354452,-280.6204484689849,False,False,6.0,0.0,6.0,10,11,66.0
3000010,11,cover,124,120+,3,145,3046.9961166381836,3325.6548989999997,3325.6548989999997,-278.65878236181607,-278.65878236181607,-96.6767271330179,-278.65878236180737,False,False,6.0,0.0,6.0,11,12,72.0
3000010,12,cover,123,120+,0,144,3044.431447982788,3319.6548989999997,3319.6548989999997,-275.2234510172116,-275.2234510172116,-98.14883767201435,-275.2234510172031,False,False,6.0,0.0,6.0,12,13,78.0
3000010,13,cover,122,120+,0,143,3045.8531379699707,3313.6548989999997,3313.6548989999997,-267.80176103002896,-267.80176103002896,-95.50226072087574,-267.80176103002066,False,False,6.0,0.0,6.0,13,14,84.0
3000010,14,cover,121,120+,0,142,3043.717622756958,3307.6548989999997,3307.6548989999997,-263.93727624304165,-263.93727624304165,-96.46081677251438,-263.9372762430336,False,False,6.0,0.0,6.0,14,15,90.0
3000010,15,cover,120,120+,2,141,3043.25270652771,3301.6548989999997,3301.6548989999997,-258.4021924722897,-258.4021924722897,-95.71129789659226,-258.40219247228185,False,False,6.0,0.0,6.0,15,16,96.0
3000010,16,cover,119,60-119,1,140,3041.4583683013916,3295.6548989999997,3295.6548989999997,-254.19653069860806,-254.19653069860806,-96.32172223464299,-254.19653069860044,False,False,6.0,0.0,6.0,16,17,102.0
3000010,17,cover,118,60-119,2,139,3038.566827774048,3289.6548989999997,3289.6548989999997,-251.0880712259518,-251.0880712259518,-98.11922395998626,-251.0880712259444,False,False,6.0,0.0,6.0,17,18,108.0
3000010,18,cover,117,60-119,0,142,3033.358335494995,3283.6548989999997,3283.6548989999997,-250.29656350500454,-250.29656350500454,-102.45022762004129,-250.29656350499735,False,False,6.0,0.0,6.0,18,19,114.0
3000010,19,cover,116,60-119,0,141,3029.585361480713,3277.6548989999997,3277.6548989999997,-248.06953751928677,-248.06953751928677,-105.49810698349867,-248.0695375192798,False,False,6.0,0.0,6.0,19,20,120.0
3000010,20,probe,115,60-119,139,140,3029.5841693878174,3271.6548989999997,3271.6548989999997,-242.07072961218228,-242.07072961218228,-104.73610429094146,-242.0707296121755,False,False,81.022595,0.0,81.022595,20,21,201.022595
3000010,21,probe,114,60-119,139,144,2954.742670059204,3190.6323039999997,3190.6323039999997,-235.88963394079565,-235.88963394079565,-103.74211433637356,-235.88963394078894,False,False,6.0,0.0,6.0,21,22,207.022595
3000010,22,clear,113,60-119,135,140,2926.269054412842,3184.6323039999997,3184.6323039999997,-258.36324958715795,-258.36324958715795,-132.85866313972218,-258.3632495871515,False,False,103.71624699999998,0.0,103.71624699999998,22,23,310.738842
3000010,23,probe,112,60-119,133,134,2914.238452911377,3080.916057,3080.916057,-166.67760408862296,-166.67760408862296,-43.340018569670654,-166.67760408861636,False,False,6.0,0.0,6.0,23,24,316.738842
3000010,24,probe,111,60-119,123,133,2932.443141937256,3074.916057,3074.916057,-142.47291506274405,-142.47291506274405,-20.142452151359958,-142.47291506273768,False,False,6.0,0.0,6.0,24,25,322.738842
3000010,25,cover,110,60-119,70,132,2925.9259700775146,3068.916057,3068.916057,-142.99008692248526,-142.99008692248526,-21.74697264326462,-142.99008692247912,False,False,180.64457000000004,0.0,180.64457000000004,25,26,503.383412
3000010,26,cover,109,60-119,60,137,2769.8121070861816,2888.271487,2888.271487,-118.45937991381834,-118.45937991381834,2.930246700423673,-118.459379913812,True,True,6.0,0.0,6.0,26,27,509.383412
3000010,27,cover,108,60-119,57,136,2756.2341690063477,2882.271487,2882.271487,-126.03731799365232,-126.03731799365232,-4.892306715168977,-126.0373179936462,False,False,6.0,0.0,6.0,27,28,515.383412
3000010,28,cover,107,60-119,60,135,2750.0908374786377,2876.271487,2876.271487,-126.18064952136228,-126.18064952136228,-5.300671834609637,-126.18064952135639,False,False,6.0,0.0,6.0,28,29,521.383412
3000010,29,cover,106,60-119,68,138,2739.922046661377,2870.271487,2870.271487,-130.34944033862303,-130.34944033862303,-9.96785542302168,-130.34944033861734,False,False,6.0,0.0,6.0,29,30,527.383412
3000010,30,probe,105,60-119,136,137,2735.2545261383057,2864.271487,2864.271487,-129.01696086169432,-129.01696086169432,-9.089869416940196,-129.01696086168886,False,False,6.0,0.0,6.0,30,31,533.383412
3000010,31,cover,104,60-119,64,135,2741.9843673706055,2858.271487,2858.271487,-116.28711962939451,-116.28711962939451,3.831549279325676,-116.28711962938925,True,True,6.0,0.0,6.0,31,32,539.383412
3000010,32,cover,103,60-119,58,134,2734.5919609069824,2852.271487,2852.271487,-117.67952609301756,-117.67952609301756,2.5675187533709605,-117.67952609301253,True,True,6.0,0.0,6.0,32,33,545.383412
3000010,33,cover,102,60-119,65,137,2737.363338470459,2846.271487,2846.271487,-108.908148529541,-108.908148529541,11.93568033352348,-108.90814852953618,True,True,6.0,0.0,6.0,33,34,551.383412
3000010,34,cover,101,60-119,63,136,2735.2774143218994,2840.271487,2840.271487,-104.99407267810057,-104.99407267810057,16.68395387890915,-104.99407267809596,True,True,6.0,0.0,6.0,34,35,557.383412
3000010,35,cover,100,60-119,64,135,2731.212854385376,2834.271487,2834.271487,-103.058632614624,-103.058632614624,19.599362044616313,-103.05863261461961,True,True,6.0,0.0,6.0,35,36,563.383412
3000010,36,cover,99,60-119,64,134,2729.644536972046,2828.271487,2828.271487,-98.62695002795408,-98.62695002795408,25.29583645398528,-98.62695002794992,True,True,6.0,0.0,6.0,36,37,569.383412
3000010,37,cover,98,60-119,63,137,2736.6697788238525,2822.271487,2822.271487,-85.60170817614744,-85.60170817614744,40.33797716399127,-85.60170817614349,True,True,6.0,0.0,6.0,37,38,575.383412
3000010,38,cover,97,60-119,62,136,2728.591203689575,2816.271487,2816.271487,-87.68028331042478,-87.68028331042478,40.27305476811969,-87.68028331042105,True,True,6.0,0.0,6.0,38,39,581.383412
3000010,39,cover,96,60-119,58,135,2720.0849056243896,2810.271487,2810.271487,-90.18658137561033,-90.18658137561033,39.75448073993046,-90.1865813756068,True,True,6.0,0.0,6.0,39,40,587.383412
3000010,40,cover,95,60-119,57,134,2708.1692218780518,2804.271487,2804.271487,-96.10226512194822,-96.10226512194822,35.619786309044585,-96.10226512194492,True,True,6.0,0.0,6.0,40,41,593.383412
3000010,41,probe,94,60-119,105,133,2698.1964111328125,2798.271487,2798.271487,-100.07507586718748,-100.07507586718748,33.31260585663696,-100.0750758671844,True,True,38.69180599999993,0.0,38.69180599999993,41,42,632.075218
3000010,42,probe,93,60-119,106,137,2645.8635330200195,2759.579681,2759.579681,-113.71614797998063,-113.71614797998063,20.706877625099047,-113.71614797997725,True,True,29.517006000000038,0.0,29.517006000000038,42,43,661.592224
3000010,43,probe,92,60-119,106,137,2610.7378005981445,2730.062675,2730.062675,-119.3248744018556,-119.3248744018556,15.892790740235679,-119.32487440185241,True,True,13.798925000000054,0.0,13.798925000000054,43,44,675.391149
3000010,44,probe,91,60-119,106,137,2605.1864624023438,2716.26375,2716.26375,-111.07728759765632,-111.07728759765632,25.41092373098424,-111.07728759765307,True,True,11.285009999999943,0.0,11.285009999999943,44,45,686.676159
3000010,45,clear,90,60-119,103,134,2608.8874340057373,2704.97874,2704.97874,-96.09130599426271,-96.09130599426271,42.5230582467134,-96.09130599425959,True,True,6.048401000000013,0.0,6.048401000000013,45,46,692.72456
3000010,46,probe,89,60-119,117,128,2561.4278316497803,2698.930339,2698.930339,-137.50250735021973,-137.50250735021973,1.1703756744805351,-137.50250735021646,True,True,6.0,0.0,6.0,46,47,698.72456
3000010,47,probe,88,60-119,116,127,2564.8765563964844,2692.930339,2692.930339,-128.05378260351563,-128.05378260351563,11.178000443352023,-128.0537826035126,True,True,59.77373399999999,0.0,59.77373399999999,47,48,758.498294
3000010,48,probe,87,60-119,114,127,2519.544839859009,2633.156605,2633.156605,-113.61176514099134,-113.61176514099134,26.968439900922764,-113.61176514098797,True,True,59.52914499999997,0.0,59.52914499999997,48,49,818.027439
3000010,49,clear,86,60-119,113,124,2489.039421081543,2573.62746,2573.62746,-84.58803891845719,-84.58803891845719,58.93912223521779,-84.58803891845385,True,True,8.855122000000051,0.0,8.855122000000051,49,50,826.882561
3000010,50,probe,85,60-119,112,118,2453.9716243743896,2564.772338,2564.772338,-110.80071362561057,-110.80071362561057,34.44889213480464,-110.80071362560723,True,True,6.0,0.0,6.0,50,51,832.882561
3000010,51,clear,84,60-119,108,114,2405.0302505493164,2558.772338,2558.772338,-153.7420874506838,-153.7420874506838,-8.939454410809288,-153.74208745068069,False,False,161.07532200000003,0.0,161.07532200000003,51,52,993.957883
3000010,52,cover,83,60-119,45,108,2314.399480819702,2397.697016,2397.697016,-83.29753518029793,-83.29753518029793,64.74220827323822,-83.29753518029509,True,True,87.74199999999996,0.0,87.74199999999996,52,53,1081.699883
3000010,53,probe,82,60-119,91,107,2153.7811756134033,2309.955016,2309.955016,-156.17384038659657,-156.17384038659657,-8.56220729795855,-156.17384038659392,False,False,6.0,0.0,6.0,53,54,1087.699883
3000010,54,cover,81,60-119,33,105,2177.71577835083,2303.955016,2303.955016,-126.23923764916981,-126.23923764916981,22.49725835733473,-126.23923764916739,True,True,6.0,0.0,6.0,54,55,1093.699883
3000010,55,cover,80,60-119,42,104,2166.8426990509033,2297.955016,2297.955016,-131.11231694909657,-131.11231694909657,18.551767428850273,-131.11231694909438,True,True,6.0,0.0,6.0,55,56,1099.699883
3000010,56,cover,79,60-119,35,103,2165.773868560791,2291.955016,2291.955016,-126.18114743920887,-126.18114743920887,24.718880988145003,-126.18114743920688,True,True,6.0,0.0,6.0,56,57,1105.699883
3000010,57,cover,78,60-119,32,102,2161.334276199341,2285.955016,2285.955016,-124.62073980065907,-124.62073980065907,27.66240908073115,-124.6207398006573,True,True,6.0,0.0,6.0,57,58,1111.699883
3000010,58,cover,77,60-119,40,101,2150.8562564849854,2279.955016,2279.955016,-129.09875951501454,-129.09875951501454,24.404620385658387,-129.09875951501297,True,True,6.0,0.0,6.0,58,59,1117.699883
3000010,59,cover,76,60-119,38,100,2151.3969898223877,2273.955016,2273.955016,-122.55802617761219,-122.55802617761219,32.574056550590015,-122.55802617761086,True,True,6.0,0.0,6.0,59,60,1123.699883
3000010,60,cover,75,60-119,36,99,2145.5399990081787,2267.955016,2267.955016,-122.41501699182118,-122.41501699182118,34.439016564611386,-122.41501699182005,True,True,6.0,0.0,6.0,60,61,1129.699883
3000010,61,cover,74,60-119,37,98,2139.9028301239014,2261.955016,2261.955016,-122.05218587609852,-122.05218587609852,36.63352387403561,-122.05218587609762,True,True,6.0,0.0,6.0,61,62,1135.699883
3000010,62,cover,73,60-119,36,97,2134.305953979492,2255.955016,2255.955016,-121.6490620205077,-121.6490620205077,38.9859449785539,-121.64906202050702,True,True,6.0,0.0,6.0,62,63,1141.699883
3000010,63,cover,72,60-119,33,96,2118.6130046844482,2249.955016,2249.955016,-131.34201131555164,-131.34201131555164,30.834732298431312,-131.3420113155512,True,True,6.0,0.0,6.0,63,64,1147.699883
3000010,64,probe,71,60-119,89,95,2120.3513145446777,2243.955016,2243.955016,-123.60370145532215,-123.60370145532215,40.6032022722743,-123.6037014553219,True,True,6.0,0.0,6.0,64,65,1153.699883
3000010,65,cover,70,60-119,28,93,2139.2643451690674,2237.955016,2237.955016,-98.6906708309325,-98.6906708309325,68.96445568069868,-98.69067083093248,True,True,236.0,0.0,236.0,65,66,1389.699883
3000010,66,probe,69,60-119,78,94,1810.29212474823,2001.9550160000001,2001.9550160000001,-191.66289125177013,-191.66289125177013,-25.271331305409444,-191.6628912517701,False,False,6.0,0.0,6.0,66,67,1395.699883
3000010,67,probe,68,60-119,86,92,1746.6412782669067,1995.9550160000001,1995.9550160000001,-249.31373773309338,-249.31373773309338,-87.28650293340283,-249.31373773309335,False,False,6.0,0.0,6.0,67,68,1401.699883
3000010,68,cover,67,60-119,25,90,1761.8200778961182,1989.9550160000001,1989.9550160000001,-228.13493810388195,-228.13493810388195,-69.58705610967516,-228.13493810388192,False,False,6.0,0.0,6.0,68,69,1407.699883
3000010,69,cover,66,60-119,25,89,1752.9228925704956,1983.9550160000001,1983.9550160000001,-231.0321234295045,-231.0321234295045,-76.29920151083971,-231.03212342950445,False,False,6.0,0.0,6.0,69,70,1413.699883
3000010,70,cover,65,60-119,25,88,1748.19016456604,1977.9550160000001,1977.9550160000001,-229.76485143396008,-229.76485143396008,-78.98097843715293,-229.76485143396002,False,False,6.0,0.0,6.0,70,71,1419.699883
3000010,71,cover,64,60-119,19,87,1746.5922832489014,1971.9550160000001,1971.9550160000001,-225.36273275109875,-225.36273275109875,-78.50406289925432,-225.3627327510987,False,False,6.0,0.0,6.0,71,72,1425.699883
3000010,72,cover,63,60-119,19,86,1738.0633354187012,1965.9550160000001,1965.9550160000001,-227.89168058129894,-227.89168058129894,-85.29790603100476,-227.89168058129889,False,False,6.0,0.0,6.0,72,73,1431.699883
3000010,73,cover,62,60-119,22,85,1731.188178062439,1959.9550160000001,1959.9550160000001,-228.76683793756115,-228.76683793756115,-90.70848777607048,-228.7668379375611,False,False,6.0,0.0,6.0,73,74,1437.699883
3000010,74,cover,61,60-119,17,84,1725.4213094711304,1953.9550160000001,1953.9550160000001,-228.53370652886974,-228.53370652886974,-95.23721722882009,-228.5337065288697,False,False,6.0,0.0,6.0,74,75,1443.699883
3000010,75,cover,60,60-119,16,87,1874.5379447937012,1947.9550160000001,1947.9550160000001,-73.41707120629894,-73.41707120629894,63.03096641447445,-73.41707120629887,True,True,6.0,0.0,6.0,75,76,1449.699883
3000010,76,cover,59,30-59,19,86,1853.7203073501587,1941.9550160000001,1941.9550160000001,-88.23470864984142,-88.23470864984142,50.750872600981026,-88.23470864984134,True,True,6.0,0.0,6.0,76,77,1455.699883
3000010,77,cover,58,30-59,18,85,1854.4362783432007,1935.9550160000001,1935.9550160000001,-81.51873765679943,-81.51873765679943,60.49141430949792,-81.51873765679935,True,True,6.0,0.0,6.0,77,78,1461.699883
3000010,78,probe,57,30-59,60,84,1884.4614028930664,1929.9550160000001,1929.9550160000001,-45.49361310693371,-45.49361310693371,101.596356694067,-45.493613106933616,True,True,39.03564600000004,0.0,39.03564600000004,78,79,1500.735529
3000010,79,probe,56,30-59,57,86,1833.3193063735962,1890.91937,1890.91937,-57.60006362640388,-57.60006362640388,94.19990123641776,-57.60006362640374,True,True,54.38460699999996,0.0,54.38460699999996,79,80,1555.120136
3000010,80,probe,55,30-59,57,86,1761.2701654434204,1836.534763,1836.534763,-75.2645975565797,-75.2645975565797,80.56354453288634,-75.26459755657949,True,True,29.692303000000038,0.0,29.692303000000038,80,81,1584.812439
3000010,81,clear,54,30-59,57,83,1731.693148612976,1806.84246,1806.84246,-75.149311387024,-75.149311387024,84.92508494993899,-75.1493113870238,True,True,5.0,0.0,5.0,81,82,1589.812439
3000010,82,probe,53,30-59,63,79,1683.6323738098145,1801.84246,1801.84246,-118.21008619018562,-118.21008619018562,44.06769489134448,-118.21008619018552,True,True,6.0,0.0,6.0,82,83,1595.812439
3000010,83,probe,52,30-59,60,78,1667.460560798645,1795.84246,1795.84246,-128.38189920135505,-128.38189920135505,35.679875663342166,-128.38189920135494,True,True,122.76670399999989,0.0,122.76670399999989,83,84,1718.579143
3000010,84,clear,51,30-59,59,75,1537.8801822662354,1673.0757560000002,1673.0757560000002,-135.19557373376483,-135.19557373376483,30.385474874665793,-135.1955737337646,True,True,6.7192710000001625,0.0,6.7192710000001625,84,85,1725.298414
3000010,85,probe,50,30-59,64,70,1491.418719291687,1666.356485,1666.356485,-174.937765708313,-174.937765708313,-9.849175894613062,-174.9377657083128,False,False,6.0,0.0,6.0,85,86,1731.298414
3000010,86,clear,49,30-59,60,66,1474.6190309524536,1660.356485,1660.356485,-185.7374540475464,-185.7374540475464,-21.73564656194364,-185.7374540475462,False,False,109.5285829999998,0.0,109.5285829999998,86,87,1840.826997
3000010,87,cover,48,30-59,0,61,1400.2083539962769,1550.8279020000002,1550.8279020000002,-150.61954800372337,-150.61954800372337,14.086588928294216,-150.61954800372308,True,True,96.58343000000013,0.0,96.58343000000013,87,88,1937.410427
3000010,88,cover,47,30-59,6,60,1220.8906412124634,1454.244472,1454.244472,-233.3538307875367,-233.3538307875367,-72.26073037423066,-233.3538307875364,False,False,6.0,0.0,6.0,88,89,1943.410427
3000010,89,cover,46,30-59,8,59,1212.04674243927,1448.244472,1448.244472,-236.19772956073007,-236.19772956073007,-79.05750436570949,-236.19772956072975,False,False,6.0,0.0,6.0,89,90,1949.410427
3000010,90,cover,45,30-59,8,58,1204.1023969650269,1442.244472,1442.244472,-238.14207503497323,-238.14207503497323,-85.265105094687,-238.14207503497292,False,False,6.0,0.0,6.0,90,91,1955.410427
3000010,91,cover,44,30-59,4,57,1199.3008852005005,1436.244472,1436.244472,-236.9435867994996,-236.9435867994996,-88.49117564127724,-236.9435867994993,False,False,6.0,0.0,6.0,91,92,1961.410427
3000010,92,cover,43,30-59,6,56,1192.9196119308472,1430.244472,1430.244472,-237.32486006915292,-237.32486006915292,-93.54994622203215,-237.3248600691526,False,False,6.0,0.0,6.0,92,93,1967.410427
3000010,93,cover,42,30-59,2,55,1191.4904117584229,1424.244472,1424.244472,-232.75406024157724,-232.75406024157724,-93.66225936258576,-232.75406024157692,False,False,6.0,0.0,6.0,93,94,1973.410427
3000010,94,cover,41,30-59,1,54,1188.8844966888428,1418.244472,1418.244472,-229.3599753111573,-229.3599753111573,-95.01913098122719,-229.35997531115697,False,False,6.0,0.0,6.0,94,95,1979.410427
3000010,95,cover,40,30-59,2,53,1160.0265502929688,1412.244472,1412.244472,-252.21792170703134,-252.21792170703134,-124.08113408115918,-252.217921707031,False,False,6.0,0.0,6.0,95,96,1985.410427
3000010,96,cover,39,30-59,2,56,1236.0419034957886,1406.244472,1406.244472,-170.2025685042115,-170.2025685042115,-44.279769345620366,-170.20256850421117,False,False,6.0,0.0,6.0,96,97,1991.410427
3000010,97,probe,38,30-59,49,55,1223.9887714385986,1400.244472,1400.244472,-176.25570056140145,-176.25570056140145,-52.98200147664243,-176.2557005614011,False,False,42.58799900000008,0.0,42.58799900000008,97,98,2033.998426
3000010,98,probe,37,30-59,49,55,1195.0665712356567,1357.656473,1357.656473,-162.58990176434327,-162.58990176434327,-41.38547650482562,-162.589901764343,False,False,32.1386379999999,0.0,32.1386379999999,98,99,2066.137064
3000010,99,probe,36,30-59,49,55,1169.5016622543335,1325.517835,1325.517835,-156.0161727456666,-156.0161727456666,-36.64394472226202,-156.01617274566632,False,False,25.353978000000097,0.0,25.353978000000097,99,100,2091.491042
3000010,100,probe,35,30-59,46,55,1147.1465826034546,1300.163857,1300.163857,-153.01727439654542,-153.01727439654542,-35.415838287516706,-153.01727439654516,False,False,35.53096800000003,0.0,35.53096800000003,100,101,2127.02201
3000010,101,probe,34,30-59,46,55,1105.5781841278076,1264.632889,1264.632889,-159.05470487219236,-159.05470487219236,-43.63501975069862,-159.05470487219213,False,False,19.678535999999895,0.0,19.678535999999895,101,102,2146.700546
3000010,102,clear,33,30-59,46,52,1082.108497619629,1244.954353,1244.954353,-162.84585538037118,-162.84585538037118,-49.922284483028974,-162.84585538037106,False,False,5.0,0.0,5.0,102,103,2151.700546
3000010,103,cover,32,30-59,25,49,1065.3082132339478,1239.954353,1239.954353,-174.64613976605233,-174.64613976605233,-64.97112512495815,-174.6461397660523,False,False,250.8652400000001,0.0,250.86524000000009,103,104,2402.565786
3000010,104,cover,31,30-59,30,48,714.7223949432373,989.089113,989.089113,-274.3667180567627,-274.3667180567627,-173.35968780596684,-274.36671805676264,False,False,6.0,0.0,6.0,104,105,2408.565786
3000010,105,cover,30,30-59,30,47,707.0906758308411,983.089113,983.089113,-275.99843716915893,-275.99843716915893,-184.20148096669797,-275.9984371691589,False,False,6.0,0.0,6.0,105,106,2414.565786
3000010,106,cover,29,10-29,29,50,875.6793141365051,977.089113,977.089113,-101.40979886349487,-101.40979886349487,-10.118781748456739,-101.40979886349483,False,False,6.0,0.0,6.0,106,107,2420.565786
3000010,107,cover,28,10-29,27,49,861.3696694374084,971.089113,971.089113,-109.71944356259155,-109.71944356259155,-19.398343629003595,-109.71944356259151,False,False,6.0,0.0,6.0,107,108,2426.565786
3000010,108,cover,27,10-29,26,48,855.3885221481323,965.089113,965.089113,-109.70059085186767,-109.70059085186767,-20.39946412450496,-109.70059085186762,False,False,6.0,0.0,6.0,108,109,2432.565786
3000010,109,cover,26,10-29,26,47,851.1117100715637,959.089113,959.089113,-107.97740292843628,-107.97740292843628,-19.659238106393218,-107.97740292843622,False,False,6.0,0.0,6.0,109,110,2438.565786
3000010,110,cover,25,10-29,24,46,844.1502451896667,953.089113,953.089113,-108.93886781033325,-108.93886781033325,-21.70600314556862,-108.93886781033318,False,False,6.0,0.0,6.0,110,111,2444.565786
3000010,111,cover,24,10-29,22,45,840.7970070838928,947.089113,947.089113,-106.29210591610718,-106.29210591610718,-20.062359211939516,-106.2921059161071,False,False,6.0,0.0,6.0,111,112,2450.565786
3000010,112,probe,23,10-29,34,44,794.697105884552,941.089113,941.089113,-146.392007115448,-146.392007115448,-63.32869516976877,-146.3920071154479,False,False,6.0,0.0,6.0,112,113,2456.565786
3000010,113,probe,22,10-29,30,39,783.1756472587585,935.089113,935.089113,-151.91346574124145,-151.91346574124145,-72.47384610059183,-151.91346574124137,False,False,74.9656689999997,0.0,74.9656689999997,113,114,2531.531455
3000010,114,probe,21,10-29,30,39,735.0221276283264,860.1234440000003,860.1234440000003,-125.10131637167387,-125.10131637167387,-48.06494392739398,-125.10131637167382,False,False,39.23399300000028,0.0,39.23399300000028,114,115,2570.765448
3000010,115,probe,20,10-29,30,39,711.4222645759583,820.889451,820.889451,-109.46718642404176,-109.46718642404176,-34.1376989260651,-109.46718642404169,False,False,22.048601999999846,0.0,22.048601999999846,115,116,2592.81405
3000010,116,probe,19,10-29,30,39,695.7212686538696,798.8408490000002,798.8408490000002,-103.11958034613053,-103.11958034613053,-29.25272931384623,-103.1195803461305,False,False,13.500268000000233,0.0,13.500268000000233,116,117,2606.314318
3000010,117,clear,18,10-29,30,36,646.7860341072083,785.3405809999999,785.3405809999999,-138.55454689279168,-138.55454689279168,-68.09231143211301,-138.55454689279162,False,False,5.0,0.0,5.0,117,118,2611.314318
3000010,118,clear,17,10-29,28,34,614.7797703742981,780.3405809999999,780.3405809999999,-165.56081062570183,-165.56081062570183,-100.10376333160333,-165.56081062570178,False,False,155.1307179999999,0.0,155.1307179999999,118,119,2766.445036
3000010,119,cover,16,10-29,10,28,435.1661801338196,625.209863,625.209863,-190.04368286618046,-190.04368286618046,-131.14382691798102,-190.0436828661804,False,False,134.45982000000004,0.0,134.45982000000004,119,120,2900.904856
3000010,120,probe,15,10-29,26,27,216.8608456850052,490.750043,490.750043,-273.8891973149948,-273.8891973149948,-226.30456985978464,-273.88919731499476,False,False,6.0,0.0,6.0,120,121,2906.904856
3000010,121,cover,14,10-29,7,25,261.92528009414673,484.750043,484.750043,-222.82476290585328,-222.82476290585328,-184.46330047436115,-222.82476290585325,False,False,6.0,0.0,6.0,121,122,2912.904856
3000010,122,cover,13,10-29,11,23,378.18044424057007,478.750043,478.750043,-100.56959875942994,-100.56959875942994,-65.48224876625034,-100.5695987594299,False,False,6.0,0.0,6.0,122,123,2918.904856
3000010,123,cover,12,10-29,10,22,364.2151355743408,472.750043,472.750043,-108.53490742565918,-108.53490742565918,-77.31321834997851,-108.53490742565913,False,False,6.0,0.0,6.0,123,124,2924.904856
3000010,124,cover,11,10-29,10,21,351.6077995300293,466.750043,466.750043,-115.14224346997071,-115.14224346997071,-88.33742567820003,-115.14224346997065,False,False,6.0,0.0,6.0,124,125,2930.904856
3000010,125,cover,10,10-29,7,20,339.5959734916687,460.750043,460.750043,-121.1540695083313,-121.1540695083313,-99.31500180690593,-121.15406950833125,False,False,6.0,0.0,6.0,125,126,2936.904856
3000010,126,cover,9,00-09,8,19,314.9944543838501,454.750043,454.750043,-139.7555886161499,-139.7555886161499,-124.12265359444687,-139.75558861614985,False,False,6.0,0.0,6.0,126,127,2942.904856
3000010,127,cover,8,00-09,6,18,301.4835715293884,448.750043,448.750043,-147.26647147061158,-147.26647147061158,-138.56161731464059,-147.2664714706115,False,False,6.0,0.0,6.0,127,128,2948.904856
3000010,128,cover,7,00-09,6,17,284.7866415977478,442.750043,442.750043,-157.9634014022522,-157.9634014022522,-157.1142602592434,-157.96340140225212,False,False,6.0,0.0,6.0,128,129,2954.904856
3000010,129,probe,6,00-09,15,20,384.58871841430664,436.750043,436.750043,-52.161324585693364,-52.161324585693364,-54.01282467651004,-52.16132458569328,False,False,38.455083999999715,0.0,38.455083999999715,129,130,2993.35994
3000010,130,probe,5,00-09,13,22,401.1040925979614,398.2949590000003,398.2949590000003,2.809133597961136,2.809133597961136,1.0080352706783555,2.8091335979611998,False,False,55.182626000000255,0.0,55.182626000000255,130,131,3048.542566
3000010,131,clear,4,00-09,13,19,375.2109408378601,343.11233300000004,343.11233300000004,32.09860783786007,32.09860783786007,31.892115274291864,32.098607837860115,False,False,7.793687999999747,0.0,7.793687999999747,131,132,3056.336254
3000010,132,probe,3,00-09,14,18,266.0908102989197,335.3186450000003,335.3186450000003,-69.22783470108061,-69.22783470108061,-73.0887655417356,-69.22783470108057,False,False,149.50108799999998,0.0,149.50108799999998,132,133,3205.837342
3000010,133,clear,2,00-09,13,14,201.60575211048126,185.8175570000003,185.8175570000003,15.788195110480956,15.788195110480956,12.555015020869403,15.788195110480963,False,False,9.068951000000197,0.0,9.068951000000197,133,134,3214.906293
3000010,134,probe,1,00-09,8,9,179.83032763004303,176.7486060000001,176.7486060000001,3.081721630042921,3.081721630042921,-0.15942995744067795,3.0817216300429164,True,True,6.0,0.0,6.0,134,135,3220.906293
3000010,135,clear,0,00-09,4,5,235.57163774967194,170.7486060000001,170.7486060000001,64.82303174967183,64.82303174967183,64.82303174967183,64.82303174967183,False,False,170.7486060000001,0.0,170.7486060000001,135,136,3391.654899
3000011,0,cover,134,120+,0,140,3126.265048980713,3471.212939,3471.212939,-344.9478900192871,-344.9478900192871,-21.74935128386187,-344.9478900192754,False,False,5.0,0.0,5.0,0,1,5.0
3000011,1,cover,133,120+,9,143,3104.2940616607666,3466.212939,3466.212939,-361.9188773392334,-361.9188773392334,-40.758251161903445,-361.9188773392218,False,False,6.0,0.0,6.0,1,2,11.0
3000011,2,cover,132,120+,12,142,3108.389139175415,3460.212939,3460.212939,-351.82379982458497,-351.82379982458497,-32.2770248918476,-351.82379982457354,False,False,6.0,0.0,6.0,2,3,17.0
3000011,3,cover,131,120+,12,141,3103.8405895233154,3454.212939,3454.212939,-350.3723494766846,-350.3723494766846,-32.44797320415519,-350.3723494766734,False,False,6.0,0.0,6.0,3,4,23.0
3000011,4,cover,130,120+,6,140,3100.5373001098633,3448.212939,3448.212939,-347.6756388901367,-347.6756388901367,-31.317118544850057,-347.67563889012575,False,False,6.0,0.0,6.0,4,5,29.0
3000011,5,cover,129,120+,6,139,3100.5239486694336,3442.212939,3442.212939,-341.6889903305664,-341.6889903305664,-26.663652616084168,-341.68899033055567,False,False,6.0,0.0,6.0,5,6,35.0
3000011,6,cover,128,120+,6,138,3095.0372219085693,3436.212939,3436.212939,-341.17571709143067,-341.17571709143067,-27.52671513363015,-341.17571709142015,False,False,6.0,0.0,6.0,6,7,41.0
3000011,7,cover,127,120+,5,141,3091.7460918426514,3430.212939,3430.212939,-338.46684715734864,-338.46684715734864,-26.124047578471934,-338.46684715733835,False,False,6.0,0.0,6.0,7,8,47.0
3000011,8,cover,126,120+,4,140,3088.073253631592,3424.212939,3424.212939,-336.1396853684082,-336.1396853684082,-25.04935346266497,-336.1396853683981,False,False,6.0,0.0,6.0,8,9,53.0
3000011,9,cover,125,120+,4,139,3084.5630168914795,3418.212939,3418.212939,-333.6499221085205,-333.6499221085205,-23.746937055555257,-333.6499221085106,False,False,6.0,0.0,6.0,9,10,59.0
3000011,10,cover,124,120+,6,142,3069.201707839966,3412.212939,3412.212939,-343.0112311600342,-343.0112311600342,-34.85078537586226,-343.0112311600245,False,False,6.0,0.0,6.0,10,11,65.0
3000011,11,cover,123,120+,3,141,3063.4944438934326,3406.212939,3406.212939,-342.7184951065674,-342.7184951065674,-36.3768940235744,-342.71849510655795,False,False,6.0,0.0,6.0,11,12,71.0
3000011,12,cover,122,120+,0,144,3050.5690574645996,3400.212939,3400.212939,-349.6438815354004,-349.6438815354004,-45.5813478446396,-349.6438815353912,False,False,6.0,0.0,6.0,12,13,77.0
3000011,13,cover,121,120+,1,143,3051.4988899230957,3394.212939,3394.212939,-342.7140490769043,-342.7140490769043,-40.685805669624976,-342.71404907689526,False,False,6.0,0.0,6.0,13,14,83.0
3000011,14,cover,120,120+,0,146,3036.153793334961,3388.212939,3388.212939,-352.05914566503907,-352.05914566503907,-52.664107639747336,-352.05914566503026,False,False,6.0,0.0,6.0,14,15,89.0
3000011,15,cover,119,60-119,3,145,3039.8130416870117,3382.212939,3382.212939,-342.3998973129883,-342.3998973129883,-45.26827293441765,-342.3998973129797,False,False,6.0,0.0,6.0,15,16,95.0
3000011,16,cover,118,60-119,1,144,3039.294719696045,3376.212939,3376.212939,-336.9182193039551,-336.9182193039551,-41.880626237247014,-336.9182193039467,False,False,6.0,0.0,6.0,16,17,101.0
3000011,17,cover,117,60-119,0,147,3011.442184448242,3370.212939,3370.212939,-358.7707545517578,-358.7707545517578,-67.08753840531575,-358.7707545517497,False,False,6.0,0.0,6.0,17,18,107.0
3000011,18,cover,116,60-119,0,150,3001.8703937530518,3364.212939,3364.212939,-362.34254524694825,-362.34254524694825,-74.3782411584278,-362.3425452469403,False,False,6.0,0.0,6.0,18,19,113.0
3000011,19,cover,115,60-119,0,149,2998.584985733032,3358.212939,3358.212939,-359.6279532669678,-359.6279532669678,-75.43542018783953,-359.62795326696005,False,False,6.0,0.0,6.0,19,20,119.0
3000011,20,probe,114,60-119,123,148,2994.4067001342773,3352.212939,3352.212939,-357.80623886572266,-357.80623886572266,-77.48811135431013,-357.80623886571516,False,False,81.022595,0.0,81.022595,20,21,200.022595
3000011,21,probe,113,60-119,153,154,2927.6716709136963,3271.190344,3271.190344,-343.5186730863038,-343.5186730863038,-66.52689007883298,-343.51867308629636,False,False,6.0,0.0,6.0,21,22,206.022595
3000011,22,probe,112,60-119,128,153,2905.303478240967,3265.190344,3265.190344,-359.8868657590333,-359.8868657590333,-87.25798184375019,-359.8868657590261,False,False,6.0,0.0,6.0,22,23,212.022595
3000011,23,probe,111,60-119,127,152,2920.600175857544,3259.190344,3259.190344,-338.59016814245615,-338.59016814245615,-69.43293076544555,-338.59016814244916,False,False,61.252714999999995,0.0,61.252714999999995,23,24,273.27531
3000011,24,probe,110,60-119,124,154,2872.769355773926,3197.937629,3197.937629,-325.16827322607423,-325.16827322607423,-58.95898510427741,-325.16827322606713,False,False,6.0,0.0,6.0,24,25,279.27531
3000011,25,probe,109,60-119,152,153,2863.3675575256348,3191.937629,3191.937629,-328.57007147436525,-328.57007147436525,-65.6429298448091,-328.5700714743584,False,False,6.0,0.0,6.0,25,26,285.27531
3000011,26,probe,108,60-119,148,152,2858.351469039917,3185.937629,3185.937629,-327.586159960083,-327.586159960083,-68.06212455844957,-327.5861599600763,False,False,84.215443,0.0,84.215443,26,27,369.490753
3000011,27,probe,107,60-119,150,154,2814.892292022705,3101.722186,3101.722186,-286.8298939772949,-286.8298939772949,-28.743009027011915,-286.82989397728807,False,False,9.43485000000004,0.0,9.43485000000004,27,28,378.925603
3000011,28,clear,106,60-119,150,151,2809.410810470581,3092.287336,3092.287336,-282.8765255294188,-282.8765255294188,-26.094358504353742,-282.8765255294122,False,False,5.0,0.0,5.0,28,29,383.925603
3000011,29,probe,105,60-119,123,144,2806.6885471343994,3087.287336,3087.287336,-280.59878886560045,-280.59878886560045,-25.070128253195254,-280.598788865594,False,False,6.0,0.0,6.0,29,30,389.925603
3000011,30,clear,104,60-119,119,140,2793.586492538452,3081.287336,3081.287336,-287.7008434615477,-287.7008434615477,-33.86545563067657,-287.70084346154147,False,False,64.09036399999997,0.0,64.09036399999997,30,31,454.015967
3000011,31,probe,103,60-119,112,133,2742.1770095825195,3017.1969719999997,3017.1969719999997,-275.0199624174802,-275.0199624174802,-22.299552196430596,-275.01996241747395,False,False,6.0,0.0,6.0,31,32,460.015967
3000011,32,probe,102,60-119,108,132,2745.0389862060547,3011.1969719999997,3011.1969719999997,-266.15798579394504,-266.15798579394504,-14.144816392521745,-266.157985793939,False,False,34.52044799999999,0.0,34.52044799999999,32,33,494.536415
3000011,33,clear,101,60-119,108,129,2725.349187850952,2976.676524,2976.676524,-251.32733614904782,-251.32733614904782,0.7219297393427221,-251.32733614904168,True,True,5.776116999999999,0.0,5.776116999999999,33,34,500.312532
3000011,34,cover,100,60-119,50,122,2767.467737197876,2970.900407,2970.900407,-203.4326698021241,-203.4326698021241,51.175364301333126,-203.43266980211794,True,True,126.17144699999999,0.0,126.171447,34,35,626.483979
3000011,35,probe,99,60-119,105,121,2589.479446411133,2844.72896,2844.72896,-255.2495135888671,-255.2495135888671,-0.6752415635895779,-255.24951358886116,False,False,6.0,0.0,6.0,35,36,632.483979
3000011,36,cover,98,60-119,37,119,2545.156955718994,2838.72896,2838.72896,-293.5720042810058,-293.5720042810058,-41.05024447971418,-293.57200428100003,False,False,6.0,0.0,6.0,36,37,638.483979
3000011,37,cover,97,60-119,38,122,2560.732841491699,2832.72896,2832.72896,-271.9961185083007,-271.9961185083007,-20.499324954746648,-271.9961185082952,False,False,6.0,0.0,6.0,37,38,644.483979
3000011,38,cover,96,60-119,35,121,2541.073799133301,2826.72896,2826.72896,-285.65516086669913,-285.65516086669913,-35.95617611910032,-285.65516086669385,False,False,6.0,0.0,6.0,38,39,650.483979
3000011,39,cover,95,60-119,44,120,2531.773328781128,2820.72896,2820.72896,-288.955631218872,-288.955631218872,-41.322785759235146,-288.9556312188669,False,False,6.0,0.0,6.0,39,40,656.483979
3000011,40,cover,94,60-119,44,119,2528.7528038024902,2814.72896,2814.72896,-285.9761561975097,-285.9761561975097,-40.361379724076905,-285.97615619750485,False,False,6.0,0.0,6.0,40,41,662.483979
3000011,41,cover,93,60-119,43,118,2522.646903991699,2808.72896,2808.72896,-286.0820560083007,-286.0820560083007,-42.597136352492775,-286.08205600829604,False,False,6.0,0.0,6.0,41,42,668.483979
3000011,42,cover,92,60-119,42,117,2514.9197578430176,2802.72896,2802.72896,-287.80920215698234,-287.80920215698234,-46.65713947492067,-287.8092021569779,False,False,6.0,0.0,6.0,42,43,674.483979
3000011,43,cover,91,60-119,41,116,2508.077383041382,2796.72896,2796.72896,-288.6515769586181,-288.6515769586181,-49.999488712164876,-288.6515769586139,False,False,6.0,0.0,6.0,43,44,680.483979
3000011,44,cover,90,60-119,38,115,2502.6092529296875,2790.72896,2790.72896,-288.1197070703124,-288.1197070703124,-52.07117770932572,-288.11970707030844,False,False,6.0,0.0,6.0,44,45,686.483979
3000011,45,cover,89,60-119,36,114,2493.4492111206055,2784.72896,2784.72896,-291.27974887939445,-291.27974887939445,-58.13812580885049,-291.2797488793907,False,False,6.0,0.0,6.0,45,46,692.483979
3000011,46,cover,88,60-119,35,113,2483.2329750061035,2778.72896,2778.72896,-295.4959849938964,-295.4959849938964,-65.63617044563438,-295.4959849938928,False,False,6.0,0.0,6.0,46,47,698.483979
3000011,47,cover,87,60-119,34,112,2472.583532333374,2772.72896,2772.72896,-300.1454276666259,-300.1454276666259,-73.98485591406748,-300.14542766662254,False,False,6.0,0.0,6.0,47,48,704.483979
3000011,48,probe,86,60-119,95,111,2483.7868213653564,2766.72896,2766.72896,-282.94213863464347,-282.94213863464347,-59.77007040219504,-282.94213863464034,False,False,45.13106000000005,0.0,45.13106000000005,48,49,749.615039
3000011,49,probe,85,60-119,96,112,2430.3464889526367,2721.5978999999998,2721.5978999999998,-291.25141104736304,-291.25141104736304,-71.66246612096279,-291.25141104735997,False,False,33.96781699999997,0.0,33.96781699999997,49,50,783.582856
3000011,50,probe,84,60-119,96,112,2402.8220176696777,2687.630083,2687.630083,-284.8080653303223,-284.8080653303223,-68.65170568833854,-284.80806533031875,False,False,26.712320999999974,0.0,26.712320999999974,50,51,810.295177
3000011,51,probe,83,60-119,96,112,2379.837989807129,2660.917762,2660.917762,-281.07977219287113,-281.07977219287113,-68.34043426409221,-281.07977219286784,False,False,21.284241000000065,0.0,21.284241000000065,51,52,831.579418
3000011,52,probe,82,60-119,96,112,2353.0805110931396,2639.633521,2639.633521,-286.55300990686055,-286.55300990686055,-77.69860208219099,-286.5530099068571,False,False,17.122543999999948,0.0,17.122543999999948,52,53,848.701962
3000011,53,clear,81,60-119,93,109,2322.317123413086,2622.5109770000004,2622.5109770000004,-300.19385358691443,-300.19385358691443,-96.14678501288937,-300.19385358691096,False,False,6.463339000000019,0.0,6.463339000000019,53,54,855.165301
3000011,54,cover,80,60-119,46,103,2361.9444370269775,2616.0476380000005,2616.0476380000005,-254.10320097302292,-254.10320097302292,-52.69066568315535,-254.1032009730192,False,False,240.70764899999995,0.0,240.70764899999995,54,55,1095.87295
3000011,55,cover,79,60-119,39,102,2089.4007682800293,2375.3399890000005,2375.3399890000005,-285.9392207199712,-285.9392207199712,-88.9754583474775,-285.93922071996747,False,False,6.0,0.0,6.0,55,56,1101.87295
3000011,56,probe,78,60-119,90,101,2072.9644298553467,2369.3399890000005,2369.3399890000005,-296.37555914465383,-296.37555914465383,-104.64399660227404,-296.3755591446503,False,False,6.0,0.0,6.0,56,57,1107.87295
3000011,57,probe,77,60-119,93,99,2067.803382873535,2363.3399890000005,2363.3399890000005,-295.53660612646536,-295.53660612646536,-109.26846693061663,-295.53660612646206,False,False,6.0,0.0,6.0,57,58,1113.87295
3000011,58,cover,76,60-119,35,97,2071.55704498291,2357.3399890000005,2357.3399890000005,-285.78294401709036,-285.78294401709036,-104.752426127623,-285.78294401708723,False,False,6.0,0.0,6.0,58,59,1119.87295
3000011,59,cover,75,60-119,35,96,2045.872449874878,2351.3399890000005,2351.3399890000005,-305.4675391251226,-305.4675391251226,-130.9863381427952,-305.4675391251197,False,False,6.0,0.0,6.0,59,60,1125.87295
3000011,60,cover,74,60-119,38,95,2027.3113250732422,2345.3399890000005,2345.3399890000005,-318.0286639267583,-318.0286639267583,-151.10259257308545,-318.02866392675566,False,False,6.0,0.0,6.0,60,61,1131.87295
3000011,61,cover,73,60-119,37,94,2024.9340534210205,2339.3399890000005,2339.3399890000005,-314.40593557898,-314.40593557898,-155.2419623424288,-314.40593557897756,False,False,6.0,0.0,6.0,61,62,1137.87295
3000011,62,cover,72,60-119,38,93,2020.5190181732178,2333.3399890000005,2333.3399890000005,-312.82097082678274,-312.82097082678274,-161.74420798971764,-312.8209708267805,False,False,6.0,0.0,6.0,62,63,1143.87295
3000011,63,cover,71,60-119,36,92,2021.139144897461,2327.3399890000005,2327.3399890000005,-306.2008441025396,-306.2008441025396,-163.28850659523653,-306.2008441025376,False,False,6.0,0.0,6.0,63,64,1149.87295
3000011,64,cover,70,60-119,38,95,2060.767650604248,2321.3399890000005,2321.3399890000005,-260.57233839575247,-260.57233839575247,-123.8526325141575,-260.57233839575065,False,False,6.0,0.0,6.0,64,65,1155.87295
3000011,65,cover,69,60-119,39,94,2054.783344268799,2315.3399890000005,2315.3399890000005,-260.5566447312017,-260.5566447312017,-130.35467247327048,-260.5566447312001,False,False,6.0,0.0,6.0,65,66,1161.87295
3000011,66,cover,68,60-119,37,93,2054.447889328003,2309.3399890000005,2309.3399890000005,-254.89209967199758,-254.89209967199758,-131.2527656990175,-254.89209967199622,False,False,6.0,0.0,6.0,66,67,1167.87295
3000011,67,cover,67,60-119,37,92,2052.90150642395,2303.3399890000005,2303.3399890000005,-250.43848257605032,-250.43848257605032,-133.47278800323204,-250.43848257604918,False,False,6.0,0.0,6.0,67,68,1173.87295
3000011,68,probe,66,60-119,74,91,2057.978391647339,2297.3399890000005,2297.3399890000005,-239.36159735266165,-239.36159735266165,-128.83779239983537,-239.36159735266074,False,False,71.26393099999996,0.0,71.26393099999996,68,69,1245.136881
3000011,69,probe,65,60-119,77,93,2023.8304138183594,2226.0760580000006,2226.0760580000006,-202.24564418164118,-202.24564418164118,-96.54930445138424,-202.2456441816404,False,False,21.315983000000188,0.0,21.315983000000188,69,70,1266.452864
3000011,70,probe,64,60-119,77,93,2012.4578475952148,2204.760075,2204.760075,-192.3022274047853,-192.3022274047853,-91.16409228897763,-192.3022274047849,False,False,17.225131999999803,0.0,17.225131999999803,70,71,1283.677996
3000011,71,probe,63,60-119,75,93,2002.7577877044678,2187.5349430000006,2187.5349430000006,-184.7771552955328,-184.7771552955328,-88.0410738733948,-184.7771552955323,False,False,25.495727000000215,0.0,25.495727000000215,71,72,1309.173723
3000011,72,clear,62,60-119,74,90,2022.7892398834229,2162.039216,2162.039216,-139.24997611657727,-139.24997611657727,-44.75146809941021,-139.24997611657722,False,False,18.256632999999965,0.0,18.256632999999965,72,73,1327.430356
3000011,73,probe,61,60-119,79,85,2044.632911682129,2143.782583,2143.782583,-99.14967131787125,-99.14967131787125,-4.895961369162246,-99.14967131787114,False,False,6.0,0.0,6.0,73,74,1333.430356
3000011,74,cover,60,60-119,49,84,2000.439167022705,2137.782583,2137.782583,-137.34341597729508,-137.34341597729508,-45.35758529324873,-137.3434159772952,False,False,306.594014,0.0,306.594014,74,75,1640.02437
3000011,75,cover,59,30-59,38,84,1689.2131567001343,1831.188569,1831.188569,-141.97541229986564,-141.97541229986564,-52.62061222717837,-141.9754122998659,False,False,6.0,0.0,6.0,75,76,1646.02437
3000011,76,probe,58,30-59,77,83,1666.6475534439087,1825.188569,1825.188569,-158.54101555609122,-158.54101555609122,-72.82759524568837,-158.54101555609148,False,False,6.0,0.0,6.0,76,77,1652.02437
3000011,77,cover,57,30-59,43,81,1647.3957300186157,1819.188569,1819.188569,-171.7928389813842,-171.7928389813842,-90.60991439050667,-171.79283898138445,False,False,6.0,0.0,6.0,77,78,1658.02437
3000011,78,cover,56,30-59,38,80,1634.212851524353,1813.188569,1813.188569,-178.9757174756469,-178.9757174756469,-102.93978198396775,-178.97571747564714,False,False,6.0,0.0,6.0,78,79,1664.02437
3000011,79,cover,55,30-59,35,79,1611.618995666504,1807.188569,1807.188569,-195.569573333496,-195.569573333496,-125.8248819387546,-195.56957333349627,False,False,6.0,0.0,6.0,79,80,1670.02437
3000011,80,cover,54,30-59,38,78,1596.0102081298828,1801.188569,1801.188569,-205.1783608701171,-205.1783608701171,-142.56175734250073,-205.17836087011733,False,False,6.0,0.0,6.0,80,81,1676.02437
3000011,81,cover,53,30-59,35,77,1576.7558813095093,1795.188569,1795.188569,-218.43268769049064,-218.43268769049064,-164.01693069776238,-218.43268769049087,False,False,6.0,0.0,6.0,81,82,1682.02437
3000011,82,cover,52,30-59,40,76,1565.2269124984741,1789.188569,1789.188569,-223.9616565015258,-223.9616565015258,-178.4693679039974,-223.96165650152602,False,False,6.0,0.0,6.0,82,83,1688.02437
3000011,83,cover,51,30-59,38,75,1550.4539012908936,1783.188569,1783.188569,-232.73466770910636,-232.73466770910636,-197.0972411700821,-232.7346677091066,False,False,6.0,0.0,6.0,83,84,1694.02437
3000011,84,cover,50,30-59,39,74,1541.2532091140747,1777.188569,1777.188569,-235.9353598859252,-235.9353598859252,-210.8399298388431,-235.93535988592544,False,False,6.0,0.0,6.0,84,85,1700.02437
3000011,85,cover,49,30-59,38,77,1677.94930934906,1771.188569,1771.188569,-93.23925965093986,-93.23925965093986,-71.73034695142921,-93.23925965094007,False,False,6.0,0.0,6.0,85,86,1706.02437
3000011,86,cover,48,30-59,36,76,1627.5050640106201,1765.188569,1765.188569,-137.6835049893798,-137.6835049893798,-122.28904451565174,-137.68350498938,False,False,6.0,0.0,6.0,86,87,1712.02437
3000011,87,clear,47,30-59,57,71,1653.3868312835693,1759.188569,1759.188569,-105.80173771643058,-105.80173771643058,-95.16555499231845,-105.80173771643078,False,False,115.54363599999988,0.0,115.54363599999988,87,88,1827.568006
3000011,88,probe,46,30-59,67,68,1539.5393371582031,1643.644933,1643.644933,-104.10559584179691,-104.10559584179691,-98.38885591335233,-104.10559584179704,False,False,6.0,0.0,6.0,88,89,1833.568006
3000011,89,probe,45,30-59,57,67,1500.6765127182007,1637.644933,1637.644933,-136.96842028179935,-136.96842028179935,-138.15966352984714,-136.96842028179947,False,False,6.0,0.0,6.0,89,90,1839.568006
3000011,90,clear,44,30-59,53,63,1485.748052597046,1631.644933,1631.644933,-145.89688040295414,-145.89688040295414,-154.8296038431599,-145.89688040295425,False,False,38.83997700000009,0.0,38.83997700000009,90,91,1878.407983
3000011,91,probe,43,30-59,53,59,1509.1341733932495,1592.804956,1592.804956,-83.67078260675044,-83.67078260675044,-97.47737478626972,-83.67078260675056,False,False,6.0,0.0,6.0,91,92,1884.407983
3000011,92,clear,42,30-59,49,55,1494.7947263717651,1586.804956,1586.804956,-92.01022962823481,-92.01022962823481,-111.38612821868853,-92.01022962823494,False,False,131.47255599999994,0.0,131.47255599999994,92,93,2015.880539
3000011,93,cover,41,30-59,31,48,1448.663353919983,1455.3324,1455.3324,-6.669046080017097,-6.669046080017097,-27.41573123207463,-6.66904608001731,False,False,162.4978520000002,0.0,162.4978520000002,93,94,2178.378391
3000011,94,cover,40,30-59,27,47,1373.3681440353394,1292.8345479999998,1292.8345479999998,80.53359603533954,80.53359603533954,62.93359040345478,80.53359603533936,False,False,6.0,0.0,6.0,94,95,2184.378391
3000011,95,cover,39,30-59,35,46,1359.1850996017456,1286.8345479999998,1286.8345479999998,72.35055160174579,72.35055160174579,57.63215365248531,72.35055160174561,False,False,6.0,0.0,6.0,95,96,2190.378391
3000011,96,cover,38,30-59,33,45,1338.0239009857178,1280.8345479999998,1280.8345479999998,57.18935298571796,57.18935298571796,44.70626845942893,57.18935298571778,False,False,6.0,0.0,6.0,96,97,2196.378391
3000011,97,cover,37,30-59,28,44,1320.825457572937,1274.8345479999998,1274.8345479999998,45.9909095729372,45.9909095729372,35.271394785945446,45.99090957293703,False,False,6.0,0.0,6.0,97,98,2202.378391
3000011,98,cover,36,30-59,30,47,1357.012391090393,1268.8345479999998,1268.8345479999998,88.17784309039325,88.17784309039325,81.53508242463317,88.17784309039308,False,False,6.0,0.0,6.0,98,99,2208.378391
3000011,99,cover,35,30-59,30,46,1339.7674560546875,1262.8345479999998,1262.8345479999998,76.93290805468769,76.93290805468769,73.98962883045012,76.93290805468753,False,False,6.0,0.0,6.0,99,100,2214.378391
3000011,100,cover,34,30-59,28,45,1319.8753595352173,1256.8345479999998,1256.8345479999998,63.04081153521747,63.04081153521747,63.26056032734727,63.040811535217316,False,False,6.0,0.0,6.0,100,101,2220.378391
3000011,101,cover,33,30-59,28,44,1302.5492429733276,1250.8345479999998,1250.8345479999998,51.71469497332782,51.71469497332782,54.66783554258697,51.714694973327674,False,False,6.0,0.0,6.0,101,102,2226.378391
3000011,102,cover,32,30-59,26,43,1272.0106840133667,1244.8345479999998,1244.8345479999998,27.176136013366886,27.176136013366886,31.71502798171163,27.17613601336674,False,False,6.0,0.0,6.0,102,103,2232.378391
3000011,103,probe,31,30-59,41,42,1251.996636390686,1238.8345479999998,1238.8345479999998,13.162088390686222,13.162088390686222,18.632610904243126,13.162088390686083,False,False,6.0,0.0,6.0,103,104,2238.378391
3000011,104,probe,30,30-59,35,40,1244.903802871704,1232.8345479999998,1232.8345479999998,12.069254871704288,12.069254871704288,18.46292356343284,12.069254871704155,False,False,42.79294899999968,0.0,42.79294899999968,104,105,2281.17134
3000011,105,probe,29,10-29,35,41,1219.794750213623,1190.0415990000001,1190.0415990000001,29.753151213622914,29.753151213622914,38.04928411089623,29.753151213622736,False,False,32.59471200000007,0.0,32.59471200000007,105,106,2313.766052
3000011,106,probe,28,10-29,32,41,1166.776180267334,1157.446887,1157.446887,9.329293267333924,9.329293267333924,18.553080173270793,9.329293267333755,False,False,18.797356000000036,0.0,18.797356000000036,106,107,2332.563408
3000011,107,probe,27,10-29,32,41,1166.1202907562256,1138.649531,1138.649531,27.47075975622556,27.47075975622556,38.62583859174999,27.470759756225455,False,False,10.913504000000103,0.0,10.913504000000103,107,108,2343.476912
3000011,108,clear,26,10-29,32,38,1159.4334840774536,1127.736027,1127.736027,31.69745707745369,31.69745707745369,45.107932539977,31.69745707745361,False,False,5.0,0.0,5.0,108,109,2348.476912
3000011,109,probe,25,10-29,34,35,1145.2058553695679,1122.736027,1122.736027,22.46982836956795,22.46982836956795,37.76874087588542,22.46982836956776,False,False,6.0,0.0,6.0,109,110,2354.476912
3000011,110,clear,24,10-29,30,31,1103.0458211898804,1116.736027,1116.736027,-13.69020581011955,-13.69020581011955,1.6933754696820262,-13.690205810119732,True,True,125.158727,0.0,125.158727,110,111,2479.635639
3000011,111,cover,23,10-29,9,28,922.5135445594788,991.5772999999999,991.5772999999999,-69.06375544052116,-69.06375544052116,-56.5054464849679,-69.06375544052126,False,False,393.5810269999997,0.0,393.5810269999997,111,112,2873.216666
3000011,112,cover,22,10-29,3,27,555.5671453475952,597.9962730000002,597.9962730000002,-42.429127652404986,-42.429127652404986,-31.44296704931758,-42.42912765240506,False,False,6.0,0.0,6.0,112,113,2879.216666
3000011,113,cover,21,10-29,5,26,540.3974652290344,591.9962730000002,591.9962730000002,-51.59880777096578,-51.59880777096578,-42.75015491355617,-51.59880777096584,False,False,6.0,0.0,6.0,113,114,2885.216666
3000011,114,cover,20,10-29,0,25,527.4942517280579,585.9962730000002,585.9962730000002,-58.50202127194234,-58.50202127194234,-52.26670359424499,-58.502021271942404,False,False,6.0,0.0,6.0,114,115,2891.216666
3000011,115,cover,19,10-29,0,24,512.4722719192505,579.9962730000002,579.9962730000002,-67.52400108074971,-67.52400108074971,-64.51440358216037,-67.52400108074977,False,False,6.0,0.0,6.0,115,116,2897.216666
3000011,116,cover,18,10-29,4,23,481.23699426651,573.9962730000002,573.9962730000002,-92.75927873349019,-92.75927873349019,-94.47334866831667,-92.75927873349025,False,False,6.0,0.0,6.0,116,117,2903.216666
3000011,117,cover,17,10-29,2,22,466.98349714279175,567.9962730000002,567.9962730000002,-101.01277585720845,-101.01277585720845,-108.13352188635257,-101.0127758572085,False,False,6.0,0.0,6.0,117,118,2909.216666
3000011,118,cover,16,10-29,1,25,550.9163737297058,561.9962730000002,561.9962730000002,-11.07989927029439,-11.07989927029439,-19.158573999408954,-11.07989927029443,False,False,6.0,0.0,6.0,118,119,2915.216666
3000011,119,cover,15,10-29,1,24,538.3385419845581,555.9962730000002,555.9962730000002,-17.657731015442096,-17.657731015442096,-27.090953415322794,-17.65773101544213,False,False,6.0,0.0,6.0,119,120,2921.216666
3000011,120,probe,14,10-29,18,23,567.7379369735718,549.9962730000002,549.9962730000002,17.741663973571576,17.741663973571576,8.745727972306192,17.741663973571548,False,False,6.0,0.0,6.0,120,121,2927.216666
3000011,121,probe,13,10-29,17,18,564.4725561141968,543.9962730000002,543.9962730000002,20.476283114196576,20.476283114196576,12.08457590834863,20.47628311419655,False,False,80.19652500000029,0.0,80.19652500000029,121,122,3007.413191
3000011,122,probe,12,10-29,17,18,466.9526219367981,463.7997479999999,463.7997479999999,3.152873936798187,3.152873936798187,-5.51456133584185,3.1528739367981675,True,True,60.64739400000008,0.0,60.64739400000008,122,123,3068.060585
3000011,123,cover,11,10-29,0,18,420.99523544311523,403.15235399999983,403.15235399999983,17.842881443115402,17.842881443115402,9.65836438997407,17.84288144311538,False,False,131.42445799999996,0.0,131.42445799999996,123,124,3199.485043
3000011,124,probe,10,10-29,17,18,381.59090280532837,271.7278959999999,271.7278959999999,109.8630068053285,109.8630068053285,107.02998921282855,109.86300680532842,False,False,6.0,0.0,6.0,124,125,3205.485043
3000011,125,cover,9,00-09,1,13,302.254319190979,265.7278959999999,265.7278959999999,36.52642319097913,36.52642319097913,35.46674273524127,36.52642319097907,False,False,6.0,0.0,6.0,125,126,3211.485043
3000011,126,cover,8,00-09,6,12,273.3839750289917,259.7278959999999,259.7278959999999,13.656079028991826,13.656079028991826,13.259366919214706,13.656079028991769,False,False,6.0,0.0,6.0,126,127,3217.485043
3000011,127,cover,7,00-09,1,11,277.4578928947449,253.72789599999987,253.72789599999987,23.729996894745,23.729996894745,24.561352405229353,23.729996894744946,False,False,6.0,0.0,6.0,127,128,3223.485043
3000011,128,cover,6,00-09,1,10,265.05976915359497,247.72789599999987,247.72789599999987,17.331873153595097,17.331873153595097,19.119188067452065,17.33187315359505,False,False,6.0,0.0,6.0,128,129,3229.485043
3000011,129,cover,5,00-09,0,9,260.1470947265625,241.72789599999987,241.72789599999987,18.419198726562627,18.419198726562627,21.270014358336418,18.419198726562584,False,False,6.0,0.0,6.0,129,130,3235.485043
3000011,130,cover,4,00-09,1,8,212.81014382839203,235.72789599999987,235.72789599999987,-22.917752171607845,-22.917752171607845,-21.123091094562152,-22.91775217160788,False,False,6.0,0.0,6.0,130,131,3241.485043
3000011,131,cover,3,00-09,0,7,221.18507325649261,229.72789599999987,229.72789599999987,-8.542822743507259,-8.542822743507259,-7.103328069959537,-8.542822743507289,False,False,6.0,0.0,6.0,131,132,3247.485043
3000011,132,cover,2,00-09,0,6,227.5720089673996,223.72789599999987,223.72789599999987,3.844112967399724,3.844112967399724,5.5616922536288955,3.844112967399699,False,False,6.0,0.0,6.0,132,133,3253.485043
3000011,133,clear,1,00-09,3,5,240.237757563591,217.72789599999987,217.72789599999987,22.50986156359113,22.50986156359113,25.502569315600326,22.50986156359111,False,False,60.5478049999997,0.0,60.5478049999997,133,134,3314.032848
3000011,134,clear,0,00-09,0,1,97.32593595981598,157.18009100000017,157.18009100000017,-59.854155040184196,-59.854155040184196,-59.85415504018421,-59.85415504018421,False,False,157.18009100000017,0.0,157.18009100000017,134,135,3471.212939
3000012,0,cover,137,120+,0,140,3126.265048980713,3206.032517000001,3206.032517000001,-79.76746801928812,-79.76746801928812,35.83107137844904,-79.76746801927648,True,True,5.0,0.0,5.0,0,1,5.0
3000012,1,cover,136,120+,5,143,3108.247756958008,3201.032517000001,3201.032517000001,-92.7847600419932,-92.7847600419932,24.01450458499354,-92.78476004198166,True,True,6.0,0.0,6.0,1,2,11.0
3000012,2,cover,135,120+,7,146,3094.318389892578,3195.032517000001,3195.032517000001,-100.71412710742288,-100.71412710742288,16.931723704803826,-100.71412710741157,True,True,6.0,0.0,6.0,2,3,17.0
3000012,3,cover,134,120+,15,149,3093.583106994629,3189.032517000001,3189.032517000001,-95.4494100053721,-95.4494100053721,23.364674533530938,-95.449410005361,True,True,6.0,0.0,6.0,3,4,23.0
3000012,4,cover,133,120+,7,148,3088.0792140960693,3183.032517000001,3183.032517000001,-94.95330290393167,-94.95330290393167,25.116612247338054,-94.95330290392079,True,True,6.0,0.0,6.0,4,5,29.0
3000012,5,cover,132,120+,6,147,3084.8705768585205,3177.032517000001,3177.032517000001,-92.1619401414805,-92.1619401414805,29.376815799777905,-92.16194014146983,True,True,6.0,0.0,6.0,5,6,35.0
3000012,6,cover,131,120+,5,146,3081.5165042877197,3171.032517000001,3171.032517000001,-89.51601271228128,-89.51601271228128,33.70815076734411,-89.51601271227084,True,True,6.0,0.0,6.0,6,7,41.0
3000012,7,cover,130,120+,2,149,3067.9099559783936,3165.032517000001,3165.032517000001,-97.12256102160745,-97.12256102160745,27.47537100843971,-97.12256102159722,True,True,6.0,0.0,6.0,7,8,47.0
3000012,8,cover,129,120+,5,152,3056.2117099761963,3159.032517000001,3159.032517000001,-102.82080702380472,-102.82080702380472,22.92328948025498,-102.8208070237947,True,True,6.0,0.0,6.0,8,9,53.0
3000012,9,cover,128,120+,3,151,3055.852174758911,3153.032517000001,3153.032517000001,-97.18034224108987,-97.18034224108987,30.06710975049432,-97.18034224108007,True,True,6.0,0.0,6.0,9,10,59.0
3000012,10,cover,127,120+,2,150,3053.3108711242676,3147.032517000001,3147.032517000001,-93.72164587573343,-93.72164587573343,35.29032222721111,-93.72164587572385,True,True,6.0,0.0,6.0,10,11,65.0
3000012,11,cover,126,120+,1,153,3042.0095920562744,3141.032517000001,3141.032517000001,-99.0229249437266,-99.0229249437266,31.56741385180814,-99.02292494371723,True,True,6.0,0.0,6.0,11,12,71.0
3000012,12,cover,125,120+,3,152,3038.870096206665,3135.032517000001,3135.032517000001,-96.16242079333597,-96.16242079333597,36.23991368652479,-96.16242079332682,True,True,6.0,0.0,6.0,12,13,77.0
3000012,13,cover,124,120+,0,151,3037.944555282593,3129.032517000001,3129.032517000001,-91.08796171740823,-91.08796171740823,43.48881343416032,-91.0879617173993,True,True,6.0,0.0,6.0,13,14,83.0
3000012,14,cover,123,120+,5,154,3015.789747238159,3123.032517000001,3123.032517000001,-107.24276976184183,-107.24276976184183,28.772637252343692,-107.24276976183312,True,True,6.0,0.0,6.0,14,15,89.0
3000012,15,cover,122,120+,0,157,2987.726926803589,3117.032517000001,3117.032517000001,-129.30559019641214,-129.30559019641214,7.06296507134017,-129.30559019640364,True,True,6.0,0.0,6.0,15,16,95.0
3000012,16,cover,121,120+,0,156,2986.114263534546,3111.032517000001,3111.032517000001,-124.91825346545511,-124.91825346545511,12.052949265575775,-124.91825346544682,True,True,6.0,0.0,6.0,16,17,101.0
3000012,17,cover,120,120+,2,155,2982.7258586883545,3105.032517000001,3105.032517000001,-122.30665831164652,-122.30665831164652,15.436362546720162,-122.30665831163844,True,True,6.0,0.0,6.0,17,18,107.0
3000012,18,cover,119,60-119,0,158,2963.8822078704834,3099.032517000001,3099.032517000001,-135.1503091295176,-135.1503091295176,2.7291702408935268,-135.15030912950976,True,True,6.0,0.0,6.0,18,19,113.0
3000012,19,cover,118,60-119,0,161,2938.3370876312256,3093.032517000001,3093.032517000001,-154.69542936877542,-154.69542936877542,-17.700999998278423,-154.69542936876778,False,False,6.0,0.0,6.0,19,20,119.0
3000012,20,probe,117,60-119,139,160,2938.687562942505,3087.032517000001,3087.032517000001,-148.34495405749612,-148.34495405749612,-11.947920723157205,-148.3449540574887,False,False,81.02562599999999,0.0,81.02562599999999,20,21,200.025626
3000012,21,probe,116,60-119,163,169,2900.8240699768066,3006.006891000001,3006.006891000001,-105.18282102319426,-105.18282102319426,32.85706559067867,-105.18282102318676,True,True,6.0,0.0,6.0,21,22,206.025626
3000012,22,probe,115,60-119,139,168,2867.382049560547,3000.006891000001,3000.006891000001,-132.62484143945403,-132.62484143945403,5.700047552019671,-132.62484143944675,True,True,6.0,0.0,6.0,22,23,212.025626
3000012,23,probe,114,60-119,124,167,2846.6641902923584,2994.006891000001,2994.006891000001,-147.3427007076425,-147.3427007076425,-9.492433385441077,-147.34270070763543,False,False,6.0,0.0,6.0,23,24,218.025626
3000012,24,probe,113,60-119,156,166,2789.5889282226562,2988.006891000001,2988.006891000001,-198.41796277734466,-198.41796277734466,-63.755468900150994,-198.4179627773378,False,False,6.0,0.0,6.0,24,25,224.025626
3000012,25,probe,112,60-119,123,165,2772.984027862549,2982.006891000001,2982.006891000001,-209.02286313745208,-209.02286313745208,-78.2740729055354,-209.02286313744546,False,False,28.414661000000024,0.0,28.414661000000024,25,26,252.440287
3000012,26,probe,111,60-119,120,169,2759.593725204468,2953.592230000001,2953.592230000001,-193.99850479553334,-193.99850479553334,-66.57864690906973,-193.99850479552626,False,False,24.292850999999985,0.0,24.292850999999985,26,27,276.733138
3000012,27,probe,110,60-119,120,169,2747.6463317871094,2929.299379000001,2929.299379000001,-181.65304721289158,-181.65304721289158,-57.08756771202984,-181.6530472128849,False,False,14.64642600000002,0.0,14.64642600000002,27,28,291.379564
3000012,28,probe,109,60-119,120,169,2745.4302310943604,2914.6529530000007,2914.6529530000007,-169.22272190564036,-169.22272190564036,-47.00762358397764,-169.22272190563382,False,False,9.82321300000001,0.0,9.82321300000001,28,29,301.202777
3000012,29,clear,108,60-119,120,166,2748.951196670532,2904.8297400000006,2904.8297400000006,-155.87854332946836,-155.87854332946836,-35.43520527137426,-155.8785433294617,False,False,5.748132999999996,0.0,5.748132999999996,29,30,306.95091
3000012,30,probe,107,60-119,133,159,2762.524127960205,2899.0816070000005,2899.0816070000005,-136.55747903979545,-136.55747903979545,-16.962253664948864,-136.5574790397889,False,False,6.0,0.0,6.0,30,31,312.95091
3000012,31,probe,106,60-119,147,158,2752.960443496704,2893.0816070000005,2893.0816070000005,-140.12116350329643,-140.12116350329643,-21.606250661526374,-140.12116350329006,False,False,6.0,0.0,6.0,31,32,318.95091
3000012,32,probe,105,60-119,128,157,2738.0592823028564,2887.0816070000005,2887.0816070000005,-149.0223246971441,-149.0223246971441,-32.11306511092026,-149.02232469713795,False,False,6.0,0.0,6.0,32,33,324.95091
3000012,33,probe,104,60-119,150,156,2756.683349609375,2881.0816070000005,2881.0816070000005,-124.39825739062553,-124.39825739062553,-7.883155583580974,-124.3982573906196,False,False,6.0,0.0,6.0,33,34,330.95091
3000012,34,cover,103,60-119,74,155,2756.75630569458,2875.0816070000005,2875.0816070000005,-118.32530130542045,-118.32530130542045,-1.905473156185382,-118.32530130541474,False,False,115.486827,0.0,115.486827,34,35,446.437737
3000012,35,cover,102,60-119,61,158,2675.339460372925,2759.5947800000004,2759.5947800000004,-84.25531962707555,-84.25531962707555,33.85737739174646,-84.25531962707022,True,True,6.0,0.0,6.0,35,36,452.437737
3000012,36,probe,101,60-119,141,157,2663.7051105499268,2753.5947800000004,2753.5947800000004,-89.8896694500736,-89.8896694500736,29.708450072366528,-89.88966945006848,True,True,6.0,0.0,6.0,36,37,458.437737
3000012,37,cover,100,60-119,67,155,2635.0924968719482,2747.5947800000004,2747.5947800000004,-112.50228312805211,-112.50228312805211,7.469301467776624,-112.50228312804722,True,True,6.0,0.0,6.0,37,38,464.437737
3000012,38,probe,99,60-119,143,154,2633.948802947998,2741.5947800000004,2741.5947800000004,-107.64597705200231,-107.64597705200231,12.974323730343382,-107.64597705199763,True,True,6.0,0.0,6.0,38,39,470.437737
3000012,39,cover,98,60-119,64,149,2632.4193477630615,2735.5947800000004,2735.5947800000004,-103.17543223693883,-103.17543223693883,18.363019521480677,-103.17543223693437,True,True,6.0,0.0,6.0,39,40,476.437737
3000012,40,cover,97,60-119,67,148,2626.729965209961,2729.5947800000004,2729.5947800000004,-102.86481479003942,-102.86481479003942,19.656459966715655,-102.86481479003517,True,True,6.0,0.0,6.0,40,41,482.437737
3000012,41,probe,96,60-119,126,147,2617.8245544433594,2723.5947800000004,2723.5947800000004,-105.77022555664098,-105.77022555664098,17.632683368540924,-105.77022555663696,True,True,6.0,0.0,6.0,41,42,488.437737
3000012,42,cover,95,60-119,63,142,2633.3906650543213,2717.5947800000004,2717.5947800000004,-84.20411494567907,-84.20411494567907,41.26188839947644,-84.20411494567526,True,True,6.0,0.0,6.0,42,43,494.437737
3000012,43,cover,94,60-119,64,141,2632.7836513519287,2711.5947800000004,2711.5947800000004,-78.81112864807164,-78.81112864807164,49.11039441798279,-78.81112864806805,True,True,6.0,0.0,6.0,43,44,500.437737
3000012,44,cover,93,60-119,63,140,2627.088785171509,2705.5947800000004,2705.5947800000004,-78.50599482849157,-78.50599482849157,52.01634551322385,-78.50599482848818,True,True,6.0,0.0,6.0,44,45,506.437737
3000012,45,cover,92,60-119,62,139,2624.281167984009,2699.5947800000004,2699.5947800000004,-75.31361201599157,-75.31361201599157,58.11445086918277,-75.31361201598841,True,True,5.999999999999943,0.0,5.999999999999943,45,46,512.437737
3000012,46,probe,91,60-119,132,138,2616.8644428253174,2693.5947800000004,2693.5947800000004,-76.73033717468297,-76.73033717468297,59.6818165373591,-76.73033717468003,True,True,6.0,0.0,6.0,46,47,518.437737
3000012,47,cover,90,60-119,58,136,2634.815216064453,2687.5947800000004,2687.5947800000004,-52.77956393554723,-52.77956393554723,88.03430502788909,-52.7795639355445,True,True,6.0,0.0,6.0,47,48,524.437737
3000012,48,probe,89,60-119,114,135,2594.717502593994,2681.5947800000004,2681.5947800000004,-86.87727740600621,-86.87727740600621,56.77535953413672,-86.8772774060037,True,True,6.0,0.0,6.0,48,49,530.437737
3000012,49,clear,88,60-119,120,130,2599.284887313843,2675.5947800000004,2675.5947800000004,-76.30989268615758,-76.30989268615758,70.88709921472119,-76.3098926861553,True,True,44.75560600000006,0.0,44.75560600000006,49,50,575.193343
3000012,50,clear,87,60-119,105,126,2510.899543762207,2630.839174,2630.839174,-119.93963023779315,-119.93963023779315,28.691959645352934,-119.93963023779119,True,True,62.43050299999993,0.0,62.43050299999993,50,51,637.623846
3000012,51,clear,86,60-119,99,120,2428.95770072937,2568.408671,2568.408671,-139.45097027063002,-139.45097027063002,9.663810118437768,-139.45097027062826,True,True,141.19098400000007,0.0,141.19098400000007,51,52,778.81483
3000012,52,probe,85,60-119,103,114,2365.1838302612305,2427.2176870000003,2427.2176870000003,-62.03385673876983,-62.03385673876983,91.66413015820862,-62.033856738767824,True,True,6.0,0.0,6.0,52,53,784.81483
3000012,53,cover,84,60-119,64,113,2348.1647968292236,2421.2176870000003,2421.2176870000003,-73.05289017077666,-73.05289017077666,84.88957550126482,-73.05289017077487,True,True,183.70736999999997,0.0,183.70736999999997,53,54,968.5222
3000012,54,probe,83,60-119,102,113,2159.0914726257324,2237.510317,2237.510317,-78.41884437426779,-78.41884437426779,83.70907505028805,-78.41884437426604,True,True,6.0,0.0,6.0,54,55,974.5222
3000012,55,cover,82,60-119,58,111,2157.052993774414,2231.510317,2231.510317,-74.45732322558615,-74.45732322558615,92.28483810417839,-74.45732322558463,True,True,6.0,0.0,6.0,55,56,980.5222
3000012,56,cover,81,60-119,57,110,2165.4772758483887,2225.510317,2225.510317,-60.03304115161154,-60.03304115161154,112.32538966121346,-60.033041151610234,True,True,6.0,0.0,6.0,56,57,986.5222
3000012,57,cover,80,60-119,53,109,2158.2512855529785,2219.510317,2219.510317,-61.2590314470217,-61.2590314470217,116.94673617452958,-61.259031447020604,True,True,6.0,0.0,6.0,57,58,992.5222
3000012,58,cover,79,60-119,54,108,2149.3887901306152,2213.510317,2213.510317,-64.12152686938498,-64.12152686938498,120.0886744759643,-64.1215268693841,True,True,6.0,0.0,6.0,58,59,998.5222
3000012,59,cover,78,60-119,58,107,2134.5221996307373,2207.510317,2207.510317,-72.98811736926291,-72.98811736926291,117.07587786956438,-72.98811736926226,True,True,6.0,0.0,6.0,59,60,1004.5222
3000012,60,cover,77,60-119,55,106,2122.7312088012695,2201.510317,2201.510317,-78.77910819873068,-78.77910819873068,117.14198635799619,-78.77910819873024,True,True,6.0,0.0,6.0,60,61,1010.5222
3000012,61,cover,76,60-119,56,105,2115.204095840454,2195.510317,2195.510317,-80.30622115954611,-80.30622115954611,121.69986673387427,-80.30622115954588,True,True,6.0,0.0,6.0,61,62,1016.5222
3000012,62,cover,75,60-119,55,104,2108.377456665039,2189.510317,2189.510317,-81.13286033496115,-81.13286033496115,127.23497637732528,-81.13286033496114,True,True,6.0,0.0,6.0,62,63,1022.5222
3000012,63,cover,74,60-119,56,103,2102.1180152893066,2183.510317,2183.510317,-81.39230171069357,-81.39230171069357,133.65845789641332,-81.39230171069379,True,True,6.000000000000114,0.0,6.000000000000114,63,64,1028.5222
3000012,64,probe,73,60-119,88,102,2064.92280960083,2177.510317,2177.510317,-112.58750739917014,-112.58750739917014,107.85605495572315,-112.58750739917012,True,True,126.6738579999999,0.0,126.67385799999988,64,65,1155.196058
3000012,65,clear,72,60-119,88,99,1876.8301010131836,2050.836459,2050.836459,-174.0063579868165,-174.0063579868165,48.8812677558699,-174.00635798681685,True,True,7.1821860000000015,0.0,7.1821860000000015,65,66,1162.378244
3000012,66,cover,71,60-119,57,94,1821.3658332824707,2043.654273,2043.654273,-222.2884397175294,-222.2884397175294,0.6307221317443136,-222.28843971752966,True,True,177.2733679999999,0.0,177.2733679999999,66,67,1339.651612
3000012,67,cover,70,60-119,63,93,1663.486361503601,1866.3809050000002,1866.3809050000002,-202.89454349639914,-202.89454349639914,21.078545634604744,-202.89454349639945,True,True,6.0,0.0,6.0,67,68,1345.651612
3000012,68,cover,69,60-119,55,92,1633.7010860443115,1860.3809050000002,1860.3809050000002,-226.6798189556887,-226.6798189556887,-2.8491892891418966,-226.679818955689,False,False,6.0,0.0,6.0,68,69,1351.651612
3000012,69,probe,68,60-119,90,91,1605.536937713623,1854.3809050000002,1854.3809050000002,-248.84396728637716,-248.84396728637716,-26.329829073505653,-248.84396728637748,False,False,6.0,0.0,6.0,69,70,1357.651612
3000012,70,probe,67,60-119,79,89,1571.7785358428955,1848.3809050000002,1848.3809050000002,-276.6023691571047,-276.6023691571047,-56.93497994129809,-276.602369157105,False,False,6.0,0.0,6.0,70,71,1363.651612
3000012,71,cover,66,60-119,56,87,1543.7252521514893,1842.3809050000002,1842.3809050000002,-298.65565284851095,-298.65565284851095,-83.14554066600458,-298.65565284851124,False,False,6.0,0.0,6.0,71,72,1369.651612
3000012,72,cover,65,60-119,57,86,1547.865390777588,1836.3809050000002,1836.3809050000002,-288.5155142224123,-288.5155142224123,-76.84779162095361,-288.5155142224126,False,False,6.0,0.0,6.0,72,73,1375.651612
3000012,73,cover,64,60-119,56,89,1629.1850805282593,1830.3809050000002,1830.3809050000002,-201.19582447174093,-201.19582447174093,11.023050662860815,-201.19582447174122,True,True,6.0,0.0,6.0,73,74,1381.651612
3000012,74,cover,63,60-119,60,88,1606.377124786377,1824.3809050000002,1824.3809050000002,-218.00378021362326,-218.00378021362326,-6.089373767391059,-218.00378021362354,False,False,6.0,0.0,6.0,74,75,1387.651612
3000012,75,cover,62,60-119,56,87,1580.7682275772095,1818.3809050000002,1818.3809050000002,-237.61267742279074,-237.61267742279074,-27.050811554272144,-237.61267742279102,False,False,6.0,0.0,6.0,75,76,1393.651612
3000012,76,cover,61,60-119,56,86,1564.214825630188,1812.3809050000002,1812.3809050000002,-248.16607936981222,-248.16607936981222,-39.58338263294066,-248.1660793698125,False,False,6.0,0.0,6.0,76,77,1399.651612
3000012,77,cover,60,60-119,56,89,1543.6910390853882,1806.3809050000002,1806.3809050000002,-262.689865914612,-262.689865914612,-56.954914923937324,-262.6898659146123,False,False,6.0,0.0,6.0,77,78,1405.651612
3000012,78,probe,59,30-59,78,88,1555.057168006897,1800.3809050000002,1800.3809050000002,-245.32373699310324,-245.32373699310324,-41.67240631834582,-245.3237369931035,False,False,59.73729000000003,0.0,59.73729000000003,78,79,1465.388902
3000012,79,probe,58,30-59,76,91,1529.632806777954,1740.6436150000002,1740.6436150000002,-211.01080822204608,-211.01080822204608,-7.7468184708302665,-211.01080822204642,False,False,6.0,0.0,6.0,79,80,1471.388902
3000012,80,probe,57,30-59,75,90,1507.7787637710571,1734.6436150000002,1734.6436150000002,-226.86485122894305,-226.86485122894305,-24.84301208181814,-226.8648512289434,False,False,26.778261000000157,0.0,26.778261000000157,80,81,1498.167163
3000012,81,probe,56,30-59,74,91,1490.2921915054321,1707.865354,1707.865354,-217.5731624945679,-217.5731624945679,-16.369814049939887,-217.57316249456815,False,False,27.74416899999983,0.0,27.74416899999983,81,82,1525.911332
3000012,82,clear,55,30-59,72,88,1484.1985702514648,1680.1211850000002,1680.1211850000002,-195.92261474853535,-195.92261474853535,5.558667048518518,-195.92261474853566,True,True,7.554076000000123,0.0,7.554076000000123,82,83,1533.465408
3000012,83,probe,54,30-59,73,84,1465.079665184021,1672.567109,1672.567109,-207.48744381597908,-207.48744381597908,-6.322275809394946,-207.4874438159794,False,False,6.0,0.0,6.0,83,84,1539.465408
3000012,84,probe,53,30-59,70,83,1447.3634958267212,1666.567109,1666.567109,-219.20361317327888,-219.20361317327888,-18.987837017573415,-219.2036131732792,False,False,79.91495099999997,0.0,79.91495099999997,84,85,1619.380359
3000012,85,clear,52,30-59,69,80,1414.4747257232666,1586.652158,1586.652158,-172.1774322767335,-172.1774322767335,29.51404618839147,-172.17743227673387,True,True,13.750226999999995,0.0,13.750226999999995,85,86,1633.130586
3000012,86,probe,51,30-59,75,76,1374.2635250091553,1572.901931,1572.901931,-198.63840599084483,-198.63840599084483,3.213760499242317,-198.63840599084514,True,True,6.0,0.0,6.0,86,87,1639.130586
3000012,87,probe,50,30-59,71,75,1388.3572816848755,1566.901931,1566.901931,-178.54464931512462,-178.54464931512462,24.534228605223724,-178.54464931512493,True,True,144.6743160000001,0.0,144.6743160000001,87,88,1783.804902
3000012,88,clear,49,30-59,71,72,1245.888352394104,1422.227615,1422.227615,-176.339262605896,-176.339262605896,28.14696348889724,-176.33926260589627,True,True,5.0,0.0,5.0,88,89,1788.804902
3000012,89,cover,48,30-59,1,66,1273.8417387008667,1417.227615,1417.227615,-143.38587629913332,-143.38587629913332,64.31615767964192,-143.38587629913368,True,True,38.836200999999846,0.0,38.836200999999846,89,90,1827.641103
3000012,90,probe,47,30-59,54,65,1179.7419786453247,1378.3914140000002,1378.3914140000002,-198.64943535467546,-198.64943535467546,9.52905118326293,-198.64943535467583,True,True,6.0,0.0,6.0,90,91,1833.641103
3000012,91,probe,46,30-59,48,63,1157.798409461975,1372.3914140000002,1372.3914140000002,-214.59300453802507,-214.59300453802507,-6.752124210617553,-214.59300453802544,False,False,6.0,0.0,6.0,91,92,1839.641103
3000012,92,cover,45,30-59,8,61,1149.4873762130737,1366.3914140000002,1366.3914140000002,-216.90403778692644,-216.90403778692644,-9.540165746862016,-216.9040377869268,False,False,6.0,0.0,6.0,92,93,1845.641103
3000012,93,cover,44,30-59,6,60,1135.2542638778687,1360.3914140000002,1360.3914140000002,-225.13715012213152,-225.13715012213152,-18.708713770596937,-225.13715012213186,False,False,6.0,0.0,6.0,93,94,1851.641103
3000012,94,cover,43,30-59,0,59,1121.6964721679688,1354.3914140000002,1354.3914140000002,-232.69494183203142,-232.69494183203142,-27.648953137365087,-232.69494183203176,False,False,6.0,0.0,6.0,94,95,1857.641103
3000012,95,cover,42,30-59,1,58,1107.611060142517,1348.3914140000002,1348.3914140000002,-240.78035385748308,-240.78035385748308,-37.61512122401763,-240.78035385748342,False,False,6.0,0.0,6.0,95,96,1863.641103
3000012,96,cover,41,30-59,2,57,1095.0371026992798,1342.3914140000002,1342.3914140000002,-247.35431130072038,-247.35431130072038,-46.51481964974203,-247.35431130072072,False,False,6.0,0.0,6.0,96,97,1869.641103
3000012,97,cover,40,30-59,1,56,1085.9705209732056,1336.3914140000002,1336.3914140000002,-250.4208930267946,-250.4208930267946,-52.19094881664868,-250.42089302679494,False,False,6.0,0.0,6.0,97,98,1875.641103
3000012,98,cover,39,30-59,1,55,1072.085976600647,1330.3914140000002,1330.3914140000002,-258.3054373993532,-258.3054373993532,-63.23736125179713,-258.30543739935354,False,False,6.0,0.0,6.0,98,99,1881.641103
3000012,99,probe,38,30-59,48,54,1020.6472873687744,1324.3914140000002,1324.3914140000002,-303.74412663122575,-303.74412663122575,-114.39584261438915,-303.7441266312261,False,False,6.0,0.0,6.0,99,100,1887.641103
3000012,100,clear,37,30-59,43,49,993.943989276886,1318.3914140000002,1318.3914140000002,-324.4474247231142,-324.4474247231142,-142.20962179608165,-324.4474247231145,False,False,126.47548500000016,0.0,126.47548500000016,100,101,2014.116588
3000012,101,probe,36,30-59,36,46,892.1763300895691,1191.915929,1191.915929,-299.7395989104309,-299.7395989104309,-123.68610103515607,-299.73959891043114,False,False,207.5963919999997,0.0,207.5963919999997,101,102,2221.71298
3000012,102,clear,35,30-59,36,42,656.4792990684509,984.3195370000003,984.3195370000003,-327.8402379315494,-327.8402379315494,-159.77551584871006,-327.8402379315496,False,False,5.0,0.0,5.0,102,103,2226.71298
3000012,103,cover,34,30-59,6,36,634.8431706428528,979.3195370000003,979.3195370000003,-344.4763663571475,-344.4763663571475,-185.69646765716652,-344.47636635714775,False,False,89.19662200000039,0.0,89.19662200000039,103,104,2315.909602
3000012,104,probe,33,30-59,34,35,547.7755665779114,890.1229149999999,890.1229149999999,-342.34734842208854,-342.34734842208854,-193.22889444432369,-342.3473484220887,False,False,6.0,0.0,6.0,104,105,2321.909602
3000012,105,probe,32,30-59,28,33,549.5039224624634,884.1229149999999,884.1229149999999,-334.61899253753654,-334.61899253753654,-195.26372479975964,-334.6189925375367,False,False,6.0,0.0,6.0,105,106,2327.909602
3000012,106,clear,31,30-59,23,28,524.6050953865051,878.1229149999999,878.1229149999999,-353.5178196134948,-353.5178196134948,-225.43426513233464,-353.5178196134949,False,False,34.48181199999999,0.0,34.48181199999999,106,107,2362.391414
3000012,107,cover,30,30-59,1,24,575.9462714195251,843.6411029999999,843.6411029999999,-267.6948315804748,-267.6948315804748,-146.95923905191015,-267.6948315804749,False,False,35.48181199999999,0.0,35.48181199999999,107,108,2397.873226
3000012,108,cover,29,10-29,1,22,494.16619539260864,808.1592909999999,808.1592909999999,-313.9930956073913,-313.9930956073913,-203.4289506092912,-313.9930956073914,False,False,6.0,0.0,6.0,108,109,2403.873226
3000012,109,cover,28,10-29,1,21,469.8132872581482,802.1592909999999,802.1592909999999,-332.34600374185175,-332.34600374185175,-233.45458815131752,-332.34600374185186,False,False,6.0,0.0,6.0,109,110,2409.873226
3000012,110,cover,27,10-29,4,24,561.6047978401184,796.1592909999999,796.1592909999999,-234.55449315988153,-234.55449315988153,-142.8032395466814,-234.55449315988162,False,False,6.0,0.0,6.0,110,111,2415.873226
3000012,111,cover,26,10-29,1,27,656.3762426376343,790.1592909999999,790.1592909999999,-133.78304836236566,-133.78304836236566,-44.243994472805795,-133.78304836236575,False,False,6.0,0.0,6.0,111,112,2421.873226
3000012,112,cover,25,10-29,1,26,636.0228061676025,784.1592909999999,784.1592909999999,-148.1364848323974,-148.1364848323974,-61.68150625561845,-148.13648483239746,False,False,6.0,0.0,6.0,112,113,2427.873226
3000012,113,cover,24,10-29,1,25,626.6601085662842,778.1592909999999,778.1592909999999,-151.49918243371576,-151.49918243371576,-68.46758300730191,-151.49918243371582,False,False,6.0,0.0,6.0,113,114,2433.873226
3000012,114,probe,23,10-29,23,24,596.825897693634,772.1592909999999,772.1592909999999,-175.3333933063659,-175.3333933063659,-97.15978303152848,-175.33339330636596,False,False,41.04390299999977,0.0,41.04390299999977,114,115,2474.917129
3000012,115,probe,22,10-29,25,26,586.3109827041626,731.1153880000002,731.1153880000002,-144.80440529583757,-144.80440529583757,-70.13767896947377,-144.80440529583757,False,False,31.282928000000084,0.0,31.282928000000084,115,116,2506.200057
3000012,116,probe,21,10-29,25,26,541.5613651275635,699.8324600000001,699.8324600000001,-158.2710948724366,-158.2710948724366,-88.00459846955032,-158.2710948724366,False,False,14.636617000000115,0.0,14.636617000000115,116,117,2520.836674
3000012,117,probe,20,10-29,24,26,522.9601263999939,685.195843,685.195843,-162.23571660000607,-162.23571660000607,-96.80970547065246,-162.2357166000061,False,False,16.314386000000013,0.0,16.314386000000013,117,118,2537.15106
3000012,118,clear,19,10-29,22,23,513.4753584861755,668.881457,668.881457,-155.40609851382442,-155.40609851382442,-94.7158814573377,-155.40609851382445,False,False,7.517383999999765,0.0,7.517383999999765,118,119,2544.668444
3000012,119,probe,18,10-29,15,21,479.0688157081604,661.3640730000002,661.3640730000002,-182.2952572918398,-182.2952572918398,-128.005305510898,-182.29525729183985,False,False,6.0,0.0,6.0,119,120,2550.668444
3000012,120,probe,17,10-29,15,20,509.5580816268921,655.3640730000002,655.3640730000002,-145.8059913731081,-145.8059913731081,-96.33267325491192,-145.80599137310816,False,False,230.98307299999988,0.0,230.98307299999988,120,121,2781.651517
3000012,121,clear,16,10-29,16,17,307.6567053794861,424.3810000000003,424.3810000000003,-116.72429462051423,-116.72429462051423,-70.79050158138743,-116.72429462051429,False,False,5.2325260000002345,0.0,5.2325260000002345,121,122,2786.884043
3000012,122,cover,15,10-29,0,12,290.04693031311035,419.1484740000001,419.1484740000001,-129.10154368688973,-129.10154368688973,-87.54500068185571,-129.10154368688978,False,False,52.52190000000019,0.0,52.52190000000019,122,123,2839.405943
3000012,123,probe,14,10-29,10,11,239.63703215122223,366.6265739999999,366.6265739999999,-126.98954184877766,-126.98954184877766,-89.92947246709859,-126.98954184877772,False,False,6.0,0.0,6.0,123,124,2845.405943
3000012,124,cover,13,10-29,4,9,163.17768394947052,360.6265739999999,360.6265739999999,-197.44889005052937,-197.44889005052937,-168.83033754615823,-197.44889005052943,False,False,6.0,0.0,6.0,124,125,2851.405943
3000012,125,cover,12,10-29,1,8,184.86829102039337,354.6265739999999,354.6265739999999,-169.75828297960652,-169.75828297960652,-148.56813734235303,-169.75828297960658,False,False,6.0,0.0,6.0,125,126,2857.405943
3000012,126,cover,11,10-29,2,7,181.09165132045746,348.6265739999999,348.6265739999999,-167.53492267954243,-167.53492267954243,-154.04713372872519,-167.5349226795425,False,False,6.0,0.0,6.0,126,127,2863.405943
3000012,127,cover,10,10-29,0,6,184.72959101200104,342.6265739999999,342.6265739999999,-157.89698298799885,-157.89698298799885,-152.00967793387537,-157.89698298799888,False,False,6.0,0.0,6.0,127,128,2869.405943
3000012,128,cover,9,00-09,0,5,184.6143752336502,336.6265739999999,336.6265739999999,-152.01219876634968,-152.01219876634968,-153.81567759181706,-152.0121987663497,False,False,6.0,0.0,6.0,128,129,2875.405943
3000012,129,probe,8,00-09,7,8,295.8335876464844,330.6265739999999,330.6265739999999,-34.792986353515516,-34.792986353515516,-38.52259492524513,-34.792986353515545,False,False,42.68675899999971,0.0,42.68675899999971,129,130,2918.092702
3000012,130,probe,7,00-09,8,9,272.01783657073975,287.9398150000002,287.9398150000002,-15.921978429260434,-15.921978429260434,-20.685881053673704,-15.921978429260436,False,False,33.13614000000007,0.0,33.13614000000007,130,131,2951.228842
3000012,131,probe,6,00-09,8,9,251.96784734725952,254.8036750000001,254.8036750000001,-2.8358276527405906,-2.8358276527405906,-7.999716081214567,-2.8358276527405692,False,False,26.040957000000162,0.0,26.040957000000162,131,132,2977.269799
3000012,132,probe,5,00-09,5,9,238.05208504199982,228.76271799999995,228.76271799999995,9.289367041999867,9.289367041999867,4.342609066869339,9.289367041999869,False,False,36.561435000000074,0.0,36.561435000000074,132,133,3013.831234
3000012,133,probe,4,00-09,8,9,210.66676080226898,192.20128299999988,192.20128299999988,18.465477802269106,18.465477802269106,14.23023139698799,18.46547780226912,False,False,10.272501999999804,0.0,10.272501999999804,133,134,3024.103736
3000012,134,probe,3,00-09,8,9,205.68080246448517,181.92878100000007,181.92878100000007,23.752021464485097,23.752021464485097,20.543973746530497,23.7520214644851,False,False,7.67998899999975,0.0,7.67998899999975,134,135,3031.783725
3000012,135,clear,2,00-09,5,6,211.01345121860504,174.24879200000032,174.24879200000032,36.76465921860472,36.76465921860472,35.322748948052755,36.76465921860472,False,False,6.038428000000295,0.0,6.038428000000295,135,136,3037.822153
3000012,136,probe,1,00-09,0,5,207.6684683561325,168.21036400000003,168.21036400000003,39.45810435613248,39.45810435613248,40.017046405874225,39.45810435613248,False,False,163.21036400000003,0.0,163.21036400000003,136,137,3201.032517
3000012,137,clear,0,00-09,0,1,-6.1788409948349,5.0,5.0,-11.1788409948349,-11.1788409948349,-11.178840994834902,-11.178840994834902,False,False,5.0,0.0,5.0,137,138,3206.032517
3000013,0,cover,132,120+,0,140,3126.265048980713,2615.9175090000003,2615.9175090000003,510.34753998071255,510.34753998071255,59.00251308371544,510.3475399807249,False,False,5.0,0.0,5.0,0,1,5.0
3000013,1,cover,131,120+,10,143,3096.466541290283,2610.9175090000003,2610.9175090000003,485.54903229028287,485.54903229028287,36.00421620345858,485.5490322902951,False,False,6.0,0.0,6.0,1,2,11.0
3000013,2,cover,130,120+,12,142,3092.714548110962,2604.9175090000003,2604.9175090000003,487.7970391109616,487.7970391109616,40.26549792014429,487.7970391109736,False,False,6.0,0.0,6.0,2,3,17.0
3000013,3,cover,129,120+,14,145,3083.279848098755,2598.9175090000003,2598.9175090000003,484.36233909875455,484.36233909875455,38.76926095572321,484.36233909876637,False,False,6.0,0.0,6.0,3,4,23.0
3000013,4,cover,128,120+,10,148,3070.4729557037354,2592.9175090000003,2592.9175090000003,477.555446703735,477.555446703735,33.64459848495101,477.5554467037466,False,False,6.0,0.0,6.0,4,5,29.0
3000013,5,cover,127,120+,10,147,3069.3092346191406,2586.9175090000003,2586.9175090000003,482.3917256191403,482.3917256191403,40.50618673721692,482.39172561915166,False,False,6.0,0.0,6.0,5,6,35.0
3000013,6,cover,126,120+,5,150,3054.065465927124,2580.9175090000003,2580.9175090000003,473.1479569271237,473.1479569271237,32.907808468631686,473.1479569271348,False,False,6.0,0.0,6.0,6,7,41.0
3000013,7,cover,125,120+,9,149,3050.647497177124,2574.9175090000003,2574.9175090000003,475.7299881771237,475.7299881771237,37.35772601961207,475.72998817713466,False,False,6.0,0.0,6.0,7,8,47.0
3000013,8,cover,124,120+,6,152,3035.8314514160156,2568.9175090000003,2568.9175090000003,466.9139424160153,466.9139424160153,30.043873956319434,466.91394241602603,False,False,6.0,0.0,6.0,8,9,53.0
3000013,9,cover,123,120+,4,155,3016.6709423065186,2562.9175090000003,2562.9175090000003,453.7534333065182,453.7534333065182,17.771962996654892,453.75343330652873,False,False,6.0,0.0,6.0,9,10,59.0
3000013,10,cover,122,120+,5,154,3014.0278339385986,2556.9175090000003,2556.9175090000003,457.1103249385983,457.1103249385983,22.24089960919448,457.1103249386086,False,False,6.0,0.0,6.0,10,11,65.0
3000013,11,cover,121,120+,2,153,3009.901762008667,2550.9175090000003,2550.9175090000003,458.98425300866666,458.98425300866666,25.38402913606592,458.9842530086767,False,False,6.0,0.0,6.0,11,12,71.0
3000013,12,cover,120,120+,0,156,3003.8692951202393,2544.9175090000003,2544.9175090000003,458.9517861202389,458.9517861202389,26.68585499751365,458.9517861202488,False,False,6.0,0.0,6.0,12,13,77.0
3000013,13,cover,119,60-119,1,155,2999.896287918091,2538.9175090000003,2538.9175090000003,460.9787789180905,460.9787789180905,30.22405031091052,460.97877891810015,False,False,6.0,0.0,6.0,13,14,83.0
3000013,14,cover,118,60-119,0,154,2995.8763122558594,2532.9175090000003,2532.9175090000003,462.95880325585904,462.95880325585904,33.89902594597775,462.9588032558685,False,False,6.0,0.0,6.0,14,15,89.0
3000013,15,cover,117,60-119,0,153,2994.1680431365967,2526.9175090000003,2526.9175090000003,467.25053413659634,467.25053413659634,40.200796659699826,467.25053413660555,False,False,6.0,0.0,6.0,15,16,95.0
3000013,16,cover,116,60-119,0,152,2991.703748703003,2520.9175090000003,2520.9175090000003,470.7862397030026,470.7862397030026,46.03842339590091,470.7862397030116,False,False,6.0,0.0,6.0,16,17,101.0
3000013,17,cover,115,60-119,1,151,2986.682891845703,2514.9175090000003,2514.9175090000003,471.7653828457028,471.7653828457028,49.492175303790404,471.76538284571154,False,False,6.0,0.0,6.0,17,18,107.0
3000013,18,cover,114,60-119,0,154,2966.923713684082,2508.9175090000003,2508.9175090000003,458.0062046840817,458.0062046840817,37.61368120228325,458.0062046840903,False,False,6.0,0.0,6.0,18,19,113.0
3000013,19,cover,113,60-119,0,153,2961.70973777771,2502.9175090000003,2502.9175090000003,458.7922287777096,458.7922287777096,40.42074241674839,458.792228777718,False,False,6.0,0.0,6.0,19,20,119.0
3000013,20,probe,112,60-119,131,152,2950.831651687622,2496.9175090000003,2496.9175090000003,453.91414268762173,453.91414268762173,37.41332244911609,453.91414268762986,False,False,81.025421,0.0,81.025421,20,21,200.025421
3000013,21,probe,111,60-119,153,159,2851.1013984680176,2415.8920880000005,2415.8920880000005,435.20931046801707,435.20931046801707,19.69314761001231,435.2093104680255,False,False,6.0,0.0,6.0,21,22,206.025421
3000013,22,probe,110,60-119,124,158,2854.6526432037354,2409.8920880000005,2409.8920880000005,444.76055520373484,444.76055520373484,30.78357089024197,444.760555203743,False,False,6.0,0.0,6.0,22,23,212.025421
3000013,23,probe,109,60-119,147,157,2831.6409587860107,2403.8920880000005,2403.8920880000005,427.74887078601023,427.74887078601023,14.496722602649621,427.7488707860182,False,False,6.0,0.0,6.0,23,24,218.025421
3000013,24,probe,108,60-119,137,156,2807.917833328247,2397.8920880000005,2397.8920880000005,410.02574532824656,410.02574532824656,-3.3962135316992286,410.0257453282543,True,True,6.0,0.0,6.0,24,25,224.025421
3000013,25,probe,107,60-119,132,155,2810.500144958496,2391.8920880000005,2391.8920880000005,418.6080569584956,418.6080569584956,5.459050630052188,418.60805695850314,False,False,62.26233100000002,0.0,62.26233100000002,25,26,286.287752
3000013,26,probe,106,60-119,133,159,2759.847402572632,2329.6297570000006,2329.6297570000006,430.2176455726312,430.2176455726312,17.966988678092445,430.21764557263873,False,False,42.338751,0.0,42.338751,26,27,328.626503
3000013,27,probe,105,60-119,130,159,2719.4743156433105,2287.291006000001,2287.291006000001,432.1833096433097,432.1833096433097,20.981739735548537,432.18330964331744,False,False,12.60410300000001,0.0,12.60410300000001,27,28,341.230606
3000013,28,clear,104,60-119,130,156,2726.260185241699,2274.6869030000007,2274.6869030000007,451.5732822416985,451.5732822416985,42.49653929888142,451.57328224170624,False,False,8.624102999999991,0.0,8.624102999999991,28,29,349.854709
3000013,29,probe,103,60-119,128,149,2713.408946990967,2266.0628000000006,2266.0628000000006,447.3461469909662,447.3461469909662,40.283583208577724,447.34614699097364,False,False,6.0,0.0,6.0,29,30,355.854709
3000013,30,probe,102,60-119,142,148,2700.6304264068604,2260.0628000000006,2260.0628000000006,440.56762640685974,440.56762640685974,35.26848697312744,440.56762640686696,False,False,6.0,0.0,6.0,30,31,361.854709
3000013,31,probe,101,60-119,118,147,2713.837146759033,2254.0628000000006,2254.0628000000006,459.7743467590326,459.7743467590326,57.342323500315864,459.7743467590396,False,False,6.0,0.0,6.0,31,32,367.854709
3000013,32,clear,100,60-119,114,143,2711.013078689575,2248.0628000000006,2248.0628000000006,462.9502786895746,462.9502786895746,63.70342676932383,462.9502786895814,False,False,84.708101,0.0,84.708101,32,33,452.56281
3000013,33,probe,99,60-119,127,138,2630.7287216186523,2163.3546990000004,2163.3546990000004,467.3740226186519,467.3740226186519,71.71281126147466,467.37402261865844,False,False,6.0,0.0,6.0,33,34,458.56281
3000013,34,probe,98,60-119,117,137,2638.3068561553955,2157.3546990000004,2157.3546990000004,480.95215715539507,480.95215715539507,89.77994294549221,480.9521571554014,False,False,6.0,0.0,6.0,34,35,464.56281
3000013,35,clear,97,60-119,113,133,2649.6689319610596,2151.3546990000004,2151.3546990000004,498.31423296105913,498.31423296105913,112.78107236963797,498.3142329610653,False,False,33.38811899999996,0.0,33.38811899999996,35,36,497.950929
3000013,36,probe,96,60-119,116,127,2570.9006786346436,2117.9665800000002,2117.9665800000002,452.9340986346433,452.9340986346433,70.94835583497053,452.9340986346493,False,False,6.0,0.0,6.0,36,37,503.950929
3000013,37,cover,95,60-119,0,123,2566.4031505584717,2111.9665800000002,2111.9665800000002,454.43657055847143,454.43657055847143,76.26402921978784,454.4365705584772,False,False,49.296947000000046,0.0,49.296947000000046,37,38,553.247876
3000013,38,cover,94,60-119,15,122,2547.6925373077393,2062.669633,2062.669633,485.0229043077393,485.0229043077393,112.47406628321644,485.02290430774497,False,False,6.0,0.0,6.0,38,39,559.247876
3000013,39,cover,93,60-119,11,121,2536.505937576294,2056.669633,2056.669633,479.83630457629397,479.83630457629397,112.93417531765361,479.8363045762994,False,False,6.0,0.0,6.0,39,40,565.247876
3000013,40,cover,92,60-119,2,120,2509.0837478637695,2050.669633,2050.669633,458.41411486376956,458.41411486376956,96.32840590013578,458.4141148637748,False,False,6.0,0.0,6.0,40,41,571.247876
3000013,41,cover,91,60-119,8,119,2494.6420192718506,2044.669633,2044.669633,449.9723862718506,449.9723862718506,92.51229190338591,449.97238627185567,False,False,6.0,0.0,6.0,41,42,577.247876
3000013,42,cover,90,60-119,7,118,2487.9403114318848,2038.669633,2038.669633,449.2706784318848,449.2706784318848,96.64272006675778,449.2706784318896,False,False,6.0,0.0,6.0,42,43,583.247876
3000013,43,cover,89,60-119,8,117,2477.8926372528076,2032.669633,2032.669633,445.22300425280764,445.22300425280764,97.46846935545307,445.22300425281225,False,False,6.0,0.0,6.0,43,44,589.247876
3000013,44,cover,88,60-119,6,116,2460.3819847106934,2026.669633,2026.669633,433.7123517106934,433.7123517106934,90.48191243509326,433.71235171069776,False,False,6.0,0.0,6.0,44,45,595.247876
3000013,45,cover,87,60-119,0,115,2447.219133377075,2020.669633,2020.669633,426.5495003770752,426.5495003770752,87.70427484365779,426.54950037707937,False,False,6.0,0.0,6.0,45,46,601.247876
3000013,46,cover,86,60-119,4,114,2437.526226043701,2014.669633,2014.669633,422.8565930437012,422.8565930437012,88.43301843187741,422.8565930437052,False,False,6.0,0.0,6.0,46,47,607.247876
3000013,47,cover,85,60-119,1,113,2425.632953643799,2008.669633,2008.669633,416.96332064379885,416.96332064379885,86.88394319155248,416.9633206438026,False,False,6.0,0.0,6.0,47,48,613.247876
3000013,48,cover,84,60-119,1,112,2416.148900985718,2002.669633,2002.669633,413.4792679857178,413.4792679857178,87.78935845628548,413.4792679857213,False,False,6.0,0.0,6.0,48,49,619.247876
3000013,49,probe,83,60-119,105,111,2408.984661102295,1996.669633,1996.669633,412.31502810229495,412.31502810229495,91.18433533985518,412.31502810229824,False,False,6.0,0.0,6.0,49,50,625.247876
3000013,50,cover,82,60-119,1,106,2432.802438735962,1990.669633,1990.669633,442.13280573596194,442.13280573596194,127.37064523528626,442.132805735965,False,False,6.0,0.0,6.0,50,51,631.247876
3000013,51,clear,81,60-119,98,105,2393.345355987549,1984.669633,1984.669633,408.67572298754885,408.67572298754885,98.85638156512944,408.67572298755175,False,False,21.315497999999934,0.0,21.315497999999934,51,52,652.563374
3000013,52,clear,80,60-119,93,99,2333.7128162384033,1963.354135,1963.354135,370.3586812384033,370.3586812384033,63.72562085893033,370.3586812384061,False,False,119.21247000000005,0.0,119.21247000000005,52,53,771.775844
3000013,53,cover,79,60-119,6,93,2294.323444366455,1844.1416649999999,1844.1416649999999,450.1817793664552,450.1817793664552,151.10391472313896,450.18177936645776,False,False,136.34800900000005,0.0,136.34800900000005,53,54,908.123853
3000013,54,cover,78,60-119,14,92,2059.3621730804443,1707.7936559999998,1707.7936559999998,351.5685170804445,351.5685170804445,55.253318354872015,351.56851708044724,False,False,6.0,0.0,6.0,54,55,914.123853
3000013,55,cover,77,60-119,15,91,2052.386999130249,1701.7936559999998,1701.7936559999998,350.5933431302492,350.5933431302492,57.13488884702789,350.5933431302517,False,False,6.0,0.0,6.0,55,56,920.123853
3000013,56,probe,76,60-119,89,90,2050.9378910064697,1695.7936559999998,1695.7936559999998,355.1442350064699,355.1442350064699,64.93240076131409,355.1442350064722,False,False,6.0,0.0,6.0,56,57,926.123853
3000013,57,cover,75,60-119,3,88,2060.561180114746,1689.7936559999998,1689.7936559999998,370.76752411474627,370.76752411474627,84.7954630206213,370.7675241147483,False,False,6.0,0.0,6.0,57,58,932.123853
3000013,58,cover,74,60-119,3,87,2041.7530536651611,1683.7936559999998,1683.7936559999998,357.9593976651613,357.9593976651613,75.7761437589854,357.9593976651632,False,False,6.0,0.0,6.0,58,59,938.123853
3000013,59,cover,73,60-119,5,86,2029.0210247039795,1677.7936559999998,1677.7936559999998,351.22736870397966,351.22736870397966,72.6780155766353,351.2273687039813,False,False,6.0,0.0,6.0,59,60,944.123853
3000013,60,cover,72,60-119,4,85,2020.287275314331,1671.7936559999998,1671.7936559999998,348.4936193143312,348.4936193143312,73.6255433547228,348.49361931433265,False,False,6.0,0.0,6.0,60,61,950.123853
3000013,61,cover,71,60-119,6,84,2011.9574069976807,1665.7936559999998,1665.7936559999998,346.16375099768084,346.16375099768084,75.04807898744441,346.16375099768203,False,False,6.0,0.0,6.0,61,62,956.123853
3000013,62,cover,70,60-119,6,83,2008.2738399505615,1659.7936559999998,1659.7936559999998,348.4801839505617,348.4801839505617,81.4363283582369,348.48018395056266,False,False,6.0,0.0,6.0,62,63,962.123853
3000013,63,cover,69,60-119,6,82,2004.9140453338623,1653.7936559999998,1653.7936559999998,351.1203893338625,351.1203893338625,88.50161446477628,351.1203893338633,False,False,6.0,0.0,6.0,63,64,968.123853
3000013,64,cover,68,60-119,4,81,2007.6169967651367,1647.7936559999998,1647.7936559999998,359.8233407651369,359.8233407651369,102.32059568005315,359.82334076513746,False,False,6.0,0.0,6.0,64,65,974.123853
3000013,65,cover,67,60-119,4,80,1996.812343597412,1641.7936559999998,1641.7936559999998,355.0186875974123,355.0186875974123,102.64836053929297,355.0186875974126,False,False,6.0,0.0,6.0,65,66,980.123853
3000013,66,probe,66,60-119,74,79,2034.0194702148438,1635.7936559999998,1635.7936559999998,398.2258142148439,398.2258142148439,153.5320917439204,398.22581421484404,False,False,6.0,0.0,6.0,66,67,986.123853
3000013,67,cover,65,60-119,16,77,2068.995475769043,1629.7936559999998,1629.7936559999998,439.20181976904314,439.20181976904314,204.74536557696783,439.201819769043,False,False,236.0,0.0,236.0,67,68,1222.123853
3000013,68,probe,64,60-119,77,78,1678.5379648208618,1393.7936559999998,1393.7936559999998,284.744308820862,284.744308820862,52.93458381977544,284.7443088208619,False,False,6.0,0.0,6.0,68,69,1228.123853
3000013,69,cover,63,60-119,7,76,1679.3771982192993,1387.7936559999998,1387.7936559999998,291.5835422192995,291.5835422192995,62.919807598118894,291.5835422192994,False,False,6.0,0.0,6.0,69,70,1234.123853
3000013,70,cover,62,60-119,4,79,1644.9521780014038,1381.7936559999998,1381.7936559999998,263.158522001404,263.158522001404,36.31030250549831,263.15852200140387,False,False,6.0,0.0,6.0,70,71,1240.123853
3000013,71,probe,61,60-119,73,78,1629.3017864227295,1375.7936559999998,1375.7936559999998,253.50813042272966,253.50813042272966,28.063064133498948,253.50813042272958,False,False,6.0,0.0,6.0,71,72,1246.123853
3000013,72,cover,60,60-119,4,76,1657.7904224395752,1369.7936559999998,1369.7936559999998,287.99676643957537,287.99676643957537,65.84389489509964,287.99676643957525,False,False,6.0,0.0,6.0,72,73,1252.123853
3000013,73,cover,59,30-59,6,75,1629.7169923782349,1363.7936559999998,1363.7936559999998,265.92333637823504,265.92333637823504,46.07417350922032,265.923336378235,False,False,6.0,0.0,6.0,73,74,1258.123853
3000013,74,cover,58,30-59,10,74,1620.4137802124023,1357.7936559999998,1357.7936559999998,262.6201242124025,262.6201242124025,45.022064571987165,262.62012421240246,False,False,6.0,0.0,6.0,74,75,1264.123853
3000013,75,cover,57,30-59,6,73,1614.4083738327026,1351.7936559999998,1351.7936559999998,262.6147178327028,262.6147178327028,47.385955991881545,262.61471783270275,False,False,6.0,0.0,6.0,75,76,1270.123853
3000013,76,cover,56,30-59,6,72,1605.0961017608643,1345.7936559999998,1345.7936559999998,259.30244576086443,259.30244576086443,46.39335149478229,259.3024457608644,False,False,6.0,0.0,6.0,76,77,1276.123853
3000013,77,cover,55,30-59,6,71,1598.1441736221313,1339.7936559999998,1339.7936559999998,258.3505176221315,258.3505176221315,47.83307721689409,258.35051762213146,False,False,6.0,0.0,6.0,77,78,1282.123853
3000013,78,cover,54,30-59,7,70,1594.5452451705933,1333.7936559999998,1333.7936559999998,260.75158917059343,260.75158917059343,52.8780513319537,260.7515891705934,False,False,6.0,0.0,6.0,78,79,1288.123853
3000013,79,cover,53,30-59,6,69,1601.346731185913,1327.7936559999998,1327.7936559999998,273.55307518591326,273.55307518591326,69.13635510239318,273.5530751859132,False,False,6.0,0.0,6.0,79,80,1294.123853
3000013,80,cover,52,30-59,5,68,1593.6275720596313,1321.7936559999998,1321.7936559999998,271.8339160596315,271.8339160596315,70.96546944853837,271.83391605963146,False,False,6.0,0.0,6.0,80,81,1300.123853
3000013,81,probe,51,30-59,58,67,1594.7381258010864,1315.7936559999998,1315.7936559999998,278.9444698010866,278.9444698010866,82.18528756841417,278.94446980108654,False,False,81.02259499999991,0.0,81.02259499999991,81,82,1381.146448
3000013,82,probe,50,30-59,68,69,1511.182427406311,1234.771061,1234.771061,276.4113664063111,276.4113664063111,83.84440439330385,276.411366406311,False,False,6.0,0.0,6.0,82,83,1387.146448
3000013,83,probe,49,30-59,58,68,1505.5875778198242,1228.771061,1228.771061,276.8165168198243,276.8165168198243,88.68374190191267,276.81651681982424,False,False,62.26694700000007,0.0,62.26694700000007,83,84,1449.413395
3000013,84,probe,48,30-59,58,69,1404.8346281051636,1166.5041139999998,1166.5041139999998,238.33051410516373,238.33051410516373,52.83972546026541,238.3305141051637,False,False,47.19040599999994,0.0,47.19040599999994,84,85,1496.603801
3000013,85,probe,47,30-59,58,69,1352.2453308105469,1119.313708,1119.313708,232.93162281054697,232.93162281054697,49.93772017436697,232.9316228105469,False,False,36.64280499999995,0.0,36.64280499999995,85,86,1533.246606
3000013,86,probe,46,30-59,58,69,1326.5624046325684,1082.670903,1082.670903,243.8915016325684,243.8915016325684,64.10273578567212,243.89150163256846,False,False,28.732103000000052,0.0,28.732103000000052,86,87,1561.978709
3000013,87,probe,45,30-59,58,69,1321.7637538909912,1053.9388,1053.9388,267.8249538909913,267.8249538909913,92.66967162536321,267.82495389099137,False,False,22.798786000000064,0.0,22.798786000000064,87,88,1584.777495
3000013,88,fallback,44,30-59,55,66,1307.5159788131714,1031.1400139999998,1031.1400139999998,276.37596481317155,276.37596481317155,106.548086892151,276.3759648131716,False,False,66.72030100000006,0.0,66.72030100000006,88,92,1651.497796
3000013,89,cover,43,30-59,6,62,1303.7383556365967,964.4197129999998,964.4197129999998,339.3186426365969,339.3186426365969,178.41133127955416,339.3186426365971,False,False,58.48452199999997,0.0,58.48452199999997,92,93,1709.982318
3000013,90,cover,42,30-59,11,61,1153.6003351211548,905.9351909999998,905.9351909999998,247.66514412115498,247.66514412115498,91.32403448853911,247.66514412115504,False,False,6.0,0.0,6.0,93,94,1715.982318
3000013,91,cover,41,30-59,9,60,1149.2209434509277,899.9351909999998,899.9351909999998,249.28575245092793,249.28575245092793,97.83646612453902,249.285752450928,False,False,6.0,0.0,6.0,94,95,1721.982318
3000013,92,probe,40,30-59,53,59,1131.309986114502,893.9351909999998,893.9351909999998,237.37479511450215,237.37479511450215,90.44790398748763,237.3747951145022,False,False,6.0,0.0,6.0,95,96,1727.982318
3000013,93,cover,39,30-59,10,57,1145.7008123397827,887.9351909999998,887.9351909999998,257.7656213397829,257.7656213397829,116.6723475923878,257.76562133978297,False,False,6.0,0.0,6.0,96,97,1733.982318
3000013,94,cover,38,30-59,9,56,1113.3012771606445,881.9351909999998,881.9351909999998,231.36608616064473,231.36608616064473,95.02401306657853,231.3660861606448,False,False,6.0,0.0,6.0,97,98,1739.982318
3000013,95,cover,37,30-59,9,55,1096.1614847183228,875.9351909999998,875.9351909999998,220.22629371832295,220.22629371832295,88.29917960448081,220.22629371832303,False,False,6.0,0.0,6.0,98,99,1745.982318
3000013,96,cover,36,30-59,5,54,1084.782361984253,869.9351909999998,869.9351909999998,214.84717098425313,214.84717098425313,87.28427038990631,214.8471709842532,False,False,6.0,0.0,6.0,99,100,1751.982318
3000013,97,cover,35,30-59,6,53,1054.1417598724365,863.9351909999998,863.9351909999998,190.20656887243672,190.20656887243672,65.94070345062096,190.2065688724368,False,False,6.0,0.0,6.0,100,101,1757.982318
3000013,98,cover,34,30-59,6,52,1038.5570526123047,857.9351909999998,857.9351909999998,180.62186161230488,180.62186161230488,59.32210125314646,180.62186161230497,False,False,6.0,0.0,6.0,101,102,1763.982318
3000013,99,cover,33,30-59,6,51,1010.828971862793,851.9351909999998,851.9351909999998,158.89378086279316,158.89378086279316,39.57265316172078,158.89378086279328,False,False,6.0,0.0,6.0,102,103,1769.982318
3000013,100,cover,32,30-59,7,50,1004.4887065887451,845.9351909999998,845.9351909999998,158.5535155887453,158.5535155887453,41.29725040807678,158.55351558874543,False,False,6.0,0.0,6.0,103,104,1775.982318
3000013,101,probe,31,30-59,48,53,1040.4657125473022,839.9351909999998,839.9351909999998,200.53052154730244,200.53052154730244,87.6571119648778,200.53052154730256,False,False,6.0,0.0,6.0,104,105,1781.982318
3000013,102,probe,30,30-59,43,51,1118.1355714797974,833.9351909999998,833.9351909999998,284.20038047979756,284.20038047979756,180.34417989197152,284.2003804797977,False,False,83.01554299999998,0.0,83.01554299999998,105,106,1864.997861
3000013,103,clear,29,10-29,44,50,1017.0685052871704,750.9196479999998,750.9196479999998,266.1488572871706,266.1488572871706,170.8343754729942,266.14885728717064,False,False,5.0,0.0,5.0,106,107,1869.997861
3000013,104,probe,28,10-29,45,46,948.3431577682495,745.9196479999998,745.9196479999998,202.4235097682497,202.4235097682497,112.74634521481403,202.42350976824972,False,False,6.0,0.0,6.0,107,108,1875.997861
3000013,105,probe,27,10-29,41,45,914.1890406608582,739.9196479999998,739.9196479999998,174.26939266085833,174.26939266085833,89.04445063939228,174.26939266085836,False,False,93.62300400000004,0.0,93.62300400000004,108,109,1969.620865
3000013,106,clear,26,10-29,41,42,859.453022480011,646.2966439999998,646.2966439999998,213.1563784800112,213.1563784800112,134.6646699563633,213.1563784800112,False,False,6.756383999999798,0.0,6.756383999999798,109,110,1976.377249
3000013,107,cover,25,10-29,5,39,878.1710267066956,639.54026,639.54026,238.63076670669557,238.63076670669557,168.56742966636597,238.63076670669557,False,False,203.9124079999999,0.0,203.9124079999999,110,111,2180.289657
3000013,108,cover,24,10-29,11,38,633.0925822257996,435.6278520000001,435.6278520000001,197.46473022579949,197.46473022579949,134.10672966891565,197.46473022579943,False,False,6.0,0.0,6.0,111,112,2186.289657
3000013,109,cover,23,10-29,10,37,624.1862773895264,429.6278520000001,429.6278520000001,194.5584253895263,194.5584253895263,138.10571035014996,194.55842538952626,False,False,6.0,0.0,6.0,112,113,2192.289657
3000013,110,cover,22,10-29,8,36,599.4260907173157,423.6278520000001,423.6278520000001,175.7982387173156,175.7982387173156,125.62686702940978,175.79823871731557,False,False,6.0,0.0,6.0,113,114,2198.289657
3000013,111,cover,21,10-29,9,35,578.0783891677856,417.6278520000001,417.6278520000001,160.45053716778557,160.45053716778557,116.08333208408398,160.45053716778554,False,False,6.0,0.0,6.0,114,115,2204.289657
3000013,112,cover,20,10-29,9,34,563.3383989334106,411.6278520000001,411.6278520000001,151.71054693341057,151.71054693341057,112.99299142074629,151.71054693341054,False,False,6.0,0.0,6.0,115,116,2210.289657
3000013,113,cover,19,10-29,10,33,548.1915473937988,405.6278520000001,405.6278520000001,142.56369539379875,142.56369539379875,109.31172619066788,142.56369539379872,False,False,6.0,0.0,6.0,116,117,2216.289657
3000013,114,cover,18,10-29,8,32,528.4335613250732,399.6278520000001,399.6278520000001,128.80570932507317,128.80570932507317,100.58288433888664,128.80570932507317,False,False,6.0,0.0,6.0,117,118,2222.289657
3000013,115,cover,17,10-29,5,31,507.2597861289978,393.6278520000001,393.6278520000001,113.63193412899773,113.63193412899773,89.9043254134855,113.63193412899771,False,False,6.0,0.0,6.0,118,119,2228.289657
3000013,116,cover,16,10-29,6,30,494.85331773757935,387.6278520000001,387.6278520000001,107.22546573757927,107.22546573757927,87.89248107586005,107.22546573757927,False,False,6.0,0.0,6.0,119,120,2234.289657
3000013,117,probe,15,10-29,28,29,442.87794828414917,381.6278520000001,381.6278520000001,61.250096284149095,61.250096284149095,44.12327539203145,61.250096284149095,False,False,6.0,0.0,6.0,120,121,2240.289657
3000013,118,probe,14,10-29,22,27,435.9140396118164,375.6278520000001,375.6278520000001,60.28618761181633,60.28618761181633,45.43091233652494,60.28618761181634,False,False,6.0,0.0,6.0,121,122,2246.289657
3000013,119,probe,13,10-29,21,25,411.7942452430725,369.6278520000001,369.6278520000001,42.166393243072434,42.166393243072434,28.748545229243216,42.16639324307245,False,False,62.621093000000194,0.0,62.6210930000002,122,123,2308.91075
3000013,120,clear,12,10-29,22,23,376.05029344558716,307.0067589999999,307.0067589999999,69.04353444558728,69.04353444558728,58.55335413869268,69.04353444558728,False,False,5.0,0.0,5.0,123,124,2313.91075
3000013,121,probe,11,10-29,15,20,398.77790212631226,302.0067589999999,302.0067589999999,96.77114312631238,96.77114312631238,90.82206612570295,96.77114312631238,False,False,170.8472230000002,0.0,170.8472230000002,124,125,2484.757973
3000013,122,clear,10,10-29,15,16,177.7043491601944,131.15953599999966,131.15953599999966,46.544813160194735,46.544813160194735,42.732353852195054,46.544813160194735,False,False,5.0,0.0,5.0,125,126,2489.757973
3000013,123,cover,9,00-09,1,10,192.87292659282684,126.15953599999966,126.15953599999966,66.71339059282718,66.71339059282718,66.2115066156079,66.71339059282718,False,False,72.15953599999966,0.0,72.15953599999966,126,127,2561.917509
3000013,124,cover,8,00-09,5,9,84.98243987560272,54.0,54.0,30.982439875602722,30.982439875602722,32.08479568250888,30.982439875602726,False,False,6.0,0.0,6.0,127,128,2567.917509
3000013,125,cover,7,00-09,5,8,63.046470284461975,48.0,48.0,15.046470284461975,15.046470284461975,16.998764306703308,15.046470284461984,False,False,6.0,0.0,6.0,128,129,2573.917509
3000013,126,cover,6,00-09,1,7,46.36792838573456,42.0,42.0,4.367928385734558,4.367928385734558,6.652865692606198,4.367928385734566,False,False,6.0,0.0,6.0,129,130,2579.917509
3000013,127,cover,5,00-09,4,6,35.387054085731506,36.0,36.0,-0.6129459142684937,-0.6129459142684937,1.7599909395822575,-0.6129459142684874,True,True,6.0,0.0,6.0,130,131,2585.917509
3000013,128,cover,4,00-09,4,5,27.474209666252136,30.0,30.0,-2.5257903337478638,-2.5257903337478638,-0.1608983998916992,-2.5257903337478593,False,False,6.0,0.0,6.0,131,132,2591.917509
3000013,129,cover,3,00-09,2,4,13.759985566139221,24.0,24.0,-10.240014433860779,-10.240014433860779,-8.289602631583806,-10.240014433860775,False,False,6.0,0.0,6.0,132,133,2597.917509
3000013,130,cover,2,00-09,1,3,8.921697735786438,18.0,18.0,-9.078302264213562,-9.078302264213562,-7.5030425915122,-9.078302264213558,False,False,6.0,0.0,6.0,133,134,2603.917509
3000013,131,cover,1,00-09,0,2,7.2565823793411255,12.0,12.0,-4.7434176206588745,-4.7434176206588745,-3.334903103113171,-4.743417620658871,False,False,6.0,0.0,6.0,134,135,2609.917509
3000013,132,cover,0,00-09,0,1,-22.170290350914,6.0,6.0,-28.170290350914,-28.170290350914,-28.170290350914,-28.170290350914,False,False,6.0,0.0,6.0,135,136,2615.917509
3000014,0,cover,127,120+,0,140,3126.265048980713,3007.2452400000006,3007.2452400000006,119.01980898071224,119.01980898071224,-25.68303928338536,119.0198089807239,True,True,5.0,0.0,5.0,0,1,5.0
3000014,1,cover,126,120+,6,139,3116.825819015503,3002.2452400000006,3002.2452400000006,114.58057901550228,114.58057901550228,-31.707651840626767,114.58057901551383,True,True,6.0,0.0,6.0,1,2,11.0
3000014,2,cover,125,120+,8,138,3113.5451793670654,2996.2452400000006,2996.2452400000006,117.29993936706478,117.29993936706478,-30.513991041120512,117.2999393670761,True,True,6.0,0.0,6.0,2,3,17.0
3000014,3,cover,124,120+,1,137,3110.8362674713135,2990.2452400000006,2990.2452400000006,120.59102747131283,120.59102747131283,-28.65568730197124,120.59102747132394,True,True,6.0,0.0,6.0,3,4,23.0
3000014,4,cover,123,120+,5,136,3107.384204864502,2984.2452400000006,2984.2452400000006,123.1389648645013,123.1389648645013,-27.481842009245245,123.1389648645122,True,True,6.0,0.0,6.0,4,5,29.0
3000014,5,cover,122,120+,4,135,3104.526996612549,2978.2452400000006,2978.2452400000006,126.28175661254818,126.28175661254818,-25.620052906524833,126.28175661255887,True,True,6.0,0.0,6.0,5,6,35.0
3000014,6,cover,121,120+,4,134,3100.4981994628906,2972.2452400000006,2972.2452400000006,128.25295946288998,128.25295946288998,-24.89352637492974,128.25295946290044,True,True,6.0,0.0,6.0,6,7,41.0
3000014,7,cover,120,120+,1,133,3098.191499710083,2966.2452400000006,2966.2452400000006,131.94625971008236,131.94625971008236,-22.316027502881656,131.94625971009262,True,True,6.0,0.0,6.0,7,8,47.0
3000014,8,cover,119,60-119,8,132,3094.2296981811523,2960.2452400000006,2960.2452400000006,133.9844581811517,133.9844581811517,-21.345083191381615,133.98445818116173,True,True,6.0,0.0,6.0,8,9,53.0
3000014,9,cover,118,60-119,3,131,3092.756986618042,2954.2452400000006,2954.2452400000006,138.51174661804134,138.51174661804134,-17.70294184683388,138.51174661805115,True,True,6.0,0.0,6.0,9,10,59.0
3000014,10,cover,117,60-119,9,130,3091.3524627685547,2948.2452400000006,2948.2452400000006,143.10722276855404,143.10722276855404,-13.797332311917266,143.10722276856364,True,True,6.0,0.0,6.0,10,11,65.0
3000014,11,cover,116,60-119,4,133,3045.5338954925537,2942.2452400000006,2942.2452400000006,103.28865549255306,103.28865549255306,-56.43778903991417,103.28865549256244,True,True,6.0,0.0,6.0,11,12,71.0
3000014,12,cover,115,60-119,4,132,3041.6054725646973,2936.2452400000006,2936.2452400000006,105.36023256469662,105.36023256469662,-57.22759154502193,105.36023256470578,True,True,6.0,0.0,6.0,12,13,77.0
3000014,13,cover,114,60-119,2,135,3050.344705581665,2930.2452400000006,2930.2452400000006,120.09946558166439,120.09946558166439,-44.724587924267766,120.09946558167334,True,True,6.0,0.0,6.0,13,14,83.0
3000014,14,cover,113,60-119,1,138,3051.823139190674,2924.2452400000006,2924.2452400000006,127.57789919067318,127.57789919067318,-39.20647822658863,127.5778991906819,True,True,6.0,0.0,6.0,14,15,89.0
3000014,15,cover,112,60-119,0,141,3028.7811756134033,2918.2452400000006,2918.2452400000006,110.53593561340267,110.53593561340267,-59.20888610932563,110.53593561341118,True,True,6.0,0.0,6.0,15,16,95.0
3000014,16,cover,111,60-119,0,144,3037.8763675689697,2912.2452400000006,2912.2452400000006,125.63112756896908,125.63112756896908,-46.4354675302731,125.63112756897738,True,True,6.0,0.0,6.0,16,17,101.0
3000014,17,cover,110,60-119,0,143,3034.05499458313,2906.2452400000006,2906.2452400000006,127.80975458312923,127.80975458312923,-46.58614791169807,127.80975458313732,True,True,6.0,0.0,6.0,17,18,107.0
3000014,18,cover,109,60-119,0,146,3023.8726139068604,2900.2452400000006,2900.2452400000006,123.6273739068597,123.6273739068597,-53.44055640838719,123.62737390686756,True,True,6.0,0.0,6.0,18,19,113.0
3000014,19,cover,108,60-119,0,145,3020.1690196990967,2894.2452400000006,2894.2452400000006,125.92377969909603,125.92377969909603,-53.83594801700113,125.92377969910368,True,True,6.0,0.0,6.0,19,20,119.0
3000014,20,probe,107,60-119,143,148,2995.4702854156494,2888.2452400000006,2888.2452400000006,107.22504541564876,107.22504541564876,-76.35229715836695,107.2250454156562,True,True,80.02335299999999,0.0,80.02335299999999,20,21,199.023353
3000014,21,probe,106,60-119,139,154,2933.184862136841,2808.2218870000006,2808.2218870000006,124.96297513684021,124.96297513684021,-61.69933414439524,124.96297513684767,True,True,6.0,0.0,6.0,21,22,205.023353
3000014,22,probe,105,60-119,143,153,2944.0603256225586,2802.2218870000006,2802.2218870000006,141.838438622558,141.838438622558,-47.18302174597651,141.83843862256523,True,True,6.0,0.0,6.0,22,23,211.023353
3000014,23,probe,104,60-119,151,152,2940.2644634246826,2796.2218870000006,2796.2218870000006,144.042576424682,144.042576424682,-47.346193625108114,144.04257642468903,True,True,6.0,0.0,6.0,23,24,217.023353
3000014,24,clear,103,60-119,147,148,2898.1659412384033,2790.2218870000006,2790.2218870000006,107.94405423840271,107.94405423840271,-87.8365429593554,107.94405423840952,True,True,87.285124,0.0,87.285124,24,25,304.308477
3000014,25,probe,102,60-119,143,144,2882.6119899749756,2702.9367630000006,2702.9367630000006,179.67522697497498,179.67522697497498,-16.95302128714004,179.67522697498188,True,True,6.0,0.0,6.0,25,26,310.308477
3000014,26,probe,101,60-119,133,143,2860.222816467285,2696.9367630000006,2696.9367630000006,163.28605346728455,163.28605346728455,-35.09704715245336,163.28605346729125,True,True,6.0,0.0,6.0,26,27,316.308477
3000014,27,probe,100,60-119,128,142,2845.637321472168,2690.9367630000006,2690.9367630000006,154.70055847216736,154.70055847216736,-45.981623313232376,154.70055847217384,True,True,6.0,0.0,6.0,27,28,322.308477
3000014,28,probe,99,60-119,123,141,2858.623743057251,2684.9367630000006,2684.9367630000006,173.68698005725037,173.68698005725037,-28.416001819104828,173.68698005725665,True,True,6.0,0.0,6.0,28,29,328.308477
3000014,29,probe,98,60-119,129,140,2866.7376041412354,2678.9367630000006,2678.9367630000006,187.80084114123474,187.80084114123474,-15.054884984337546,187.8008411412408,True,True,191.64624900000007,0.0,191.64624900000007,29,30,519.954726
3000014,30,clear,97,60-119,129,140,2752.5887489318848,2487.2905140000007,2487.2905140000007,265.29823493188405,265.29823493188405,65.72895663822318,265.29823493189036,False,False,13.23615099999995,0.0,13.23615099999995,30,31,533.190877
3000014,31,probe,96,60-119,132,133,2687.98828125,2474.0543630000006,2474.0543630000006,213.93391824999935,213.93391824999935,15.120673638251057,213.9339182500057,False,False,6.0,0.0,6.0,31,32,539.190877
3000014,32,clear,95,60-119,128,129,2696.3062286376953,2468.0543630000006,2468.0543630000006,228.25186563769466,228.25186563769466,30.988022132574898,228.25186563770077,False,False,11.455151,0.0,11.455151,32,33,550.646028
3000014,33,cover,94,60-119,50,122,2722.1362590789795,2456.5992120000005,2456.5992120000005,265.53704707897896,265.53704707897896,71.86653007774622,265.5370470789848,False,False,97.30168300000003,0.0,97.30168300000003,33,34,647.947711
3000014,34,probe,93,60-119,105,121,2532.864809036255,2359.2975290000004,2359.2975290000004,173.5672800362545,173.5672800362545,-21.161302068398335,173.56728003626014,True,True,6.0,0.0,6.0,34,35,653.947711
3000014,35,cover,92,60-119,36,119,2527.109384536743,2353.2975290000004,2353.2975290000004,173.81185553674277,173.81185553674277,-22.017606913589763,173.81185553674823,True,True,6.0,0.0,6.0,35,36,659.947711
3000014,36,cover,91,60-119,35,118,2499.235153198242,2347.2975290000004,2347.2975290000004,151.9376241982418,151.9376241982418,-46.20193500220101,151.93762419824702,True,True,6.0,0.0,6.0,36,37,665.947711
3000014,37,probe,90,60-119,116,117,2489.1180992126465,2341.2975290000004,2341.2975290000004,147.8205702126461,147.8205702126461,-52.96735682925993,147.8205702126511,True,True,6.0,0.0,6.0,37,38,671.947711
3000014,38,cover,89,60-119,34,115,2536.6055965423584,2335.2975290000004,2335.2975290000004,201.308067542358,201.308067542358,0.547516316265026,201.3080675423628,False,False,6.0,0.0,6.0,38,39,677.947711
3000014,39,cover,88,60-119,37,114,2493.9723014831543,2329.2975290000004,2329.2975290000004,164.6747724831539,164.6747724831539,-37.985030255725576,164.67477248315848,True,True,6.0,0.0,6.0,39,40,683.947711
3000014,40,cover,87,60-119,41,113,2484.5664501190186,2323.2975290000004,2323.2975290000004,161.26892111901816,161.26892111901816,-43.56934907353846,161.26892111902254,True,True,6.0,0.0,6.0,40,41,689.947711
3000014,41,cover,86,60-119,42,112,2477.530002593994,2317.2975290000004,2317.2975290000004,160.23247359399375,160.23247359399375,-46.953470103750625,160.2324735939979,True,True,6.0,0.0,6.0,41,42,695.947711
3000014,42,cover,85,60-119,41,111,2474.7517108917236,2311.2975290000004,2311.2975290000004,163.45418189172324,163.45418189172324,-46.033433480022474,163.45418189172716,True,True,6.0,0.0,6.0,42,43,701.947711
3000014,43,cover,84,60-119,38,114,2519.2012786865234,2305.2975290000004,2305.2975290000004,213.90374968652304,213.90374968652304,4.648562436607493,213.90374968652677,False,False,6.0,0.0,6.0,43,44,707.947711
3000014,44,cover,83,60-119,38,113,2500.399112701416,2299.2975290000004,2299.2975290000004,201.10158370141562,201.10158370141562,-8.582740577368575,201.10158370141912,True,True,6.0,0.0,6.0,44,45,713.947711
3000014,45,cover,82,60-119,36,112,2493.056535720825,2293.2975290000004,2293.2975290000004,199.7590067208248,199.7590067208248,-10.447702692589065,199.75900672082807,True,True,6.0,0.0,6.0,45,46,719.947711
3000014,46,cover,81,60-119,37,111,2477.635145187378,2287.2975290000004,2287.2975290000004,190.33761618737753,190.33761618737753,-20.914834974775317,190.3376161873806,True,True,6.0,0.0,6.0,46,47,725.947711
3000014,47,cover,80,60-119,36,110,2470.5593585968018,2281.2975290000004,2281.2975290000004,189.26182959680136,189.26182959680136,-23.148022700370216,189.2618295968042,True,True,6.0,0.0,6.0,47,48,731.947711
3000014,48,probe,79,60-119,104,109,2476.8621921539307,2275.2975290000004,2275.2975290000004,201.56466315393027,201.56466315393027,-11.415988571833191,201.5646631539329,True,True,66.59827899999993,0.0,66.59827899999993,48,49,798.54599
3000014,49,probe,78,60-119,105,111,2408.26416015625,2208.6992500000006,2208.6992500000006,199.56491015624943,199.56491015624943,-14.121833231067292,199.56491015625215,True,True,50.14512000000002,0.0,50.14512000000002,49,50,848.69111
3000014,50,probe,77,60-119,105,111,2385.2179050445557,2158.5541300000004,2158.5541300000004,226.66377504455522,226.66377504455522,13.660033323408625,226.66377504455764,False,False,38.85883999999999,0.0,38.85883999999999,50,51,887.54995
3000014,51,probe,76,60-119,102,111,2363.568067550659,2119.6952900000006,2119.6952900000006,243.8727775506586,243.8727775506586,32.49372192580232,243.87277755066123,False,False,55.78826000000004,0.0,55.78826000000004,51,52,943.33821
3000014,52,probe,75,60-119,102,111,2336.324691772461,2063.9070300000003,2063.9070300000003,272.41766177246063,272.41766177246063,64.25116436589894,272.4176617724629,False,False,30.39413000000002,0.0,30.39413000000002,52,53,973.73234
3000014,53,clear,74,60-119,102,108,2312.8130435943604,2033.5129000000002,2033.5129000000002,279.3001435943602,279.3001435943602,74.87752230294555,279.3001435943622,False,False,5.0,0.0,5.0,53,54,978.73234
3000014,54,cover,73,60-119,30,102,2318.05157661438,2028.5129000000002,2028.5129000000002,289.5386766143797,289.5386766143797,89.59584770838417,289.53867661438164,False,False,157.60592999999994,0.0,157.60592999999994,54,55,1136.33827
3000014,55,cover,72,60-119,30,101,2056.398630142212,1870.9069700000002,1870.9069700000002,185.49166014221169,185.49166014221169,-15.211756593456736,185.4916601422136,True,True,6.0,0.0,6.0,55,56,1142.33827
3000014,56,cover,71,60-119,22,104,2069.3633556365967,1864.9069700000002,1864.9069700000002,204.45638563659645,204.45638563659645,3.9504935799240144,204.45638563659813,False,False,6.0,0.0,6.0,56,57,1148.33827
3000014,57,cover,70,60-119,27,107,2039.7593975067139,1858.9069700000002,1858.9069700000002,180.85242750671364,180.85242750671364,-20.687857421009493,180.8524275067151,True,True,6.0,0.0,6.0,57,58,1154.33827
3000014,58,cover,69,60-119,25,106,2046.3178157806396,1852.9069700000002,1852.9069700000002,193.41084578063942,193.41084578063942,-8.557304365351502,193.41084578064067,True,True,6.0,0.0,6.0,58,59,1160.33827
3000014,59,cover,68,60-119,25,105,2041.8410301208496,1846.9069700000002,1846.9069700000002,194.93406012084938,194.93406012084938,-7.404305289622903,194.9340601208504,True,True,6.0,0.0,6.0,59,60,1166.33827
3000014,60,cover,67,60-119,18,104,2042.8199768066406,1840.9069700000002,1840.9069700000002,201.9130068066404,201.9130068066404,-0.4477458987706363,201.9130068066412,True,True,6.0,0.0,6.0,60,61,1172.33827
3000014,61,cover,66,60-119,23,103,2043.5006618499756,1834.9069700000002,1834.9069700000002,208.59369184997536,208.59369184997536,6.560988573225377,208.59369184997595,False,False,6.0,0.0,6.0,61,62,1178.33827
3000014,62,cover,65,60-119,16,102,2040.3263568878174,1828.9069700000002,1828.9069700000002,211.41938688781715,211.41938688781715,9.880719590596799,211.41938688781752,False,False,6.0,0.0,6.0,62,63,1184.33827
3000014,63,cover,64,60-119,17,101,2037.6102924346924,1822.9069700000002,1822.9069700000002,214.70332243469215,214.70332243469215,13.857531723654297,214.70332243469232,False,False,6.0,0.0,6.0,63,64,1190.33827
3000014,64,cover,63,60-119,20,100,2026.780366897583,1816.9069700000002,1816.9069700000002,209.87339689758278,209.87339689758278,9.502743354257586,209.87339689758272,False,False,6.0,0.0,6.0,64,65,1196.33827
3000014,65,cover,62,60-119,19,99,2022.4556922912598,1810.9069700000002,1810.9069700000002,211.54872229125954,211.54872229125954,11.766388155720135,211.54872229125925,False,False,6.0,0.0,6.0,65,66,1202.33827
3000014,66,probe,61,60-119,97,98,2079.8442363739014,1804.9069700000002,1804.9069700000002,274.93726637390114,274.93726637390114,79.11045498774898,274.9372663739006,False,False,79.539671,0.0,79.539671,66,67,1281.877941
3000014,67,probe,60,60-119,89,99,1989.7791147232056,1725.3672990000002,1725.3672990000002,264.41181572320534,264.41181572320534,72.19474140742443,264.4118157232049,False,False,6.0,0.0,6.0,67,68,1287.877941
3000014,68,probe,59,30-59,97,98,1941.8407678604126,1719.3672990000002,1719.3672990000002,222.47346886041237,222.47346886041237,31.848836362769966,222.4734688604119,False,False,61.15475300000003,0.0,61.15475300000003,68,69,1349.032694
3000014,69,probe,58,30-59,98,99,1866.1824464797974,1658.2125460000002,1658.2125460000002,207.96990047979716,207.96990047979716,18.258176823320834,207.96990047979673,False,False,18.374062000000094,0.0,18.374062000000094,69,70,1367.406756
3000014,70,clear,57,30-59,95,96,1852.7488708496094,1639.838484,1639.838484,212.91038684960927,212.91038684960927,24.419645466455773,212.9103868496089,False,False,8.269363999999996,0.0,8.269363999999996,70,71,1375.67612
3000014,71,probe,56,30-59,85,91,1868.587613105774,1631.56912,1631.56912,237.0184931057738,237.0184931057738,51.08184391854771,237.01849310577344,False,False,6.0,0.0,6.0,71,72,1381.67612
3000014,72,probe,55,30-59,83,90,1831.4133882522583,1625.56912,1625.56912,205.8442682522582,205.8442682522582,20.955388489507467,205.84426825225782,False,False,99.34946300000001,0.0,99.34946300000001,72,73,1481.025583
3000014,73,clear,54,30-59,81,87,1804.0043115615845,1526.219657,1526.219657,277.7846545615844,277.7846545615844,97.78502610403544,277.78465456158403,False,False,16.25059199999987,0.0,16.25059199999987,73,74,1497.276175
3000014,74,cover,53,30-59,6,82,1747.1319437026978,1509.9690650000002,1509.9690650000002,237.16287870269753,237.16287870269753,60.17184236331421,237.1628787026971,False,False,155.25557300000014,0.0,155.25557300000014,74,75,1652.531748
3000014,75,cover,52,30-59,8,81,1506.0197114944458,1354.713492,1354.713492,151.3062194944457,151.3062194944457,-27.036649310460504,151.3062194944454,True,True,6.0,0.0,6.0,75,76,1658.531748
3000014,76,cover,51,30-59,8,84,1526.5783071517944,1348.713492,1348.713492,177.86481515179435,177.86481515179435,-0.5032143716967012,177.86481515179403,True,True,6.0,0.0,6.0,76,77,1664.531748
3000014,77,cover,50,30-59,8,83,1509.2827081680298,1342.713492,1342.713492,166.5692161680297,166.5692161680297,-12.419803532064574,166.56921616802939,True,True,6.0,0.0,6.0,77,78,1670.531748
3000014,78,cover,49,30-59,7,82,1498.3532428741455,1336.713492,1336.713492,161.63975087414542,161.63975087414542,-18.26238823784089,161.6397508741451,True,True,6.0,0.0,6.0,78,79,1676.531748
3000014,79,cover,48,30-59,0,85,1607.0619821548462,1330.713492,1330.713492,276.3484901548461,276.3484901548461,101.52247478195768,276.3484901548458,False,False,6.0,0.0,6.0,79,80,1682.531748
3000014,80,cover,47,30-59,5,84,1599.1606712341309,1324.713492,1324.713492,274.4471792341308,274.4471792341308,104.86438301183406,274.4471792341305,False,False,6.0,0.0,6.0,80,81,1688.531748
3000014,81,cover,46,30-59,1,83,1601.0160446166992,1318.713492,1318.713492,282.30255261669913,282.30255261669913,118.65237515200256,282.30255261669885,False,False,6.0,0.0,6.0,81,82,1694.531748
3000014,82,cover,45,30-59,1,82,1592.8760766983032,1312.713492,1312.713492,280.16258469830314,280.16258469830314,122.64463919327008,280.16258469830285,False,False,6.0,0.0,6.0,82,83,1700.531748
3000014,83,cover,44,30-59,4,81,1575.1008987426758,1306.713492,1306.713492,268.3874067426757,268.3874067426757,116.70469603962384,268.3874067426754,False,False,6.0,0.0,6.0,83,84,1706.531748
3000014,84,cover,43,30-59,2,80,1567.8985118865967,1300.713492,1300.713492,267.1850198865966,267.1850198865966,121.58137808794184,267.1850198865963,False,False,6.0,0.0,6.0,84,85,1712.531748
3000014,85,probe,42,30-59,65,78,1567.9219961166382,1294.713492,1294.713492,273.2085041166381,273.2085041166381,134.32090770314036,273.2085041166378,False,False,74.55518299999994,0.0,74.55518299999994,85,86,1787.086931
3000014,86,probe,41,30-59,67,80,1520.9112167358398,1220.1583090000001,1220.1583090000001,300.7529077358397,300.7529077358397,170.38453823404421,300.75290773583947,False,False,43.21302199999991,0.0,43.21302199999991,86,87,1830.299953
3000014,87,clear,40,30-59,66,77,1453.3833265304565,1176.9452870000002,1176.9452870000002,276.4380395304563,276.4380395304563,153.75754739859045,276.43803953045614,False,False,20.796641000000136,0.0,20.796641000000136,87,88,1851.096594
3000014,88,probe,39,30-59,67,73,1406.2331914901733,1156.148646,1156.148646,250.08454549017324,250.08454549017324,134.10952985084995,250.08454549017318,False,False,6.0,0.0,6.0,88,89,1857.096594
3000014,89,probe,38,30-59,63,72,1397.9679346084595,1150.148646,1150.148646,247.81928860845937,247.81928860845937,138.78344523066957,247.81928860845932,False,False,181.77999999999997,0.0,181.77999999999997,89,90,2038.876594
3000014,90,clear,37,30-59,63,69,1207.5108289718628,968.3686460000001,968.3686460000001,239.14218297186267,239.14218297186267,136.95404167797153,239.1421829718627,False,False,8.695287999999891,0.0,8.695287999999891,90,91,2047.571882
3000014,91,probe,36,30-59,53,65,1160.9567403793335,959.6733580000002,959.6733580000002,201.28338237933326,201.28338237933326,104.31078008993917,201.28338237933335,False,False,9.608938999999964,0.0,9.608938999999964,91,92,2057.180821
3000014,92,probe,35,30-59,50,64,1169.7267293930054,950.0644190000003,950.0644190000003,219.6623103930051,219.6623103930051,129.1470611616959,219.66231039300527,False,False,20.80797500000017,0.0,20.80797500000017,92,93,2077.988796
3000014,93,clear,34,30-59,50,61,1149.6583223342896,929.2564440000001,929.2564440000001,220.40187833428945,220.40187833428945,136.72276747682122,220.40187833428953,False,False,5.0,0.0,5.0,93,94,2082.988796
3000014,94,probe,33,30-59,44,54,1094.6393013000488,924.2564440000001,924.2564440000001,170.38285730004873,170.38285730004873,91.26710151850567,170.3828573000487,False,False,28.93374700000004,0.0,28.93374700000004,94,95,2111.922543
3000014,95,clear,32,30-59,44,50,1120.8337545394897,895.3226970000001,895.3226970000001,225.51105753948968,225.51105753948968,154.1003176399437,225.51105753948957,False,False,5.0,0.0,5.0,95,96,2116.922543
3000014,96,cover,31,30-59,33,44,1018.8366174697876,890.3226970000001,890.3226970000001,128.51392046978754,128.51392046978754,60.10861112656997,128.51392046978734,False,False,88.87241999999969,0.0,88.87241999999969,96,97,2205.794963
3000014,97,cover,30,30-59,29,43,913.8312935829163,801.4502770000004,801.4502770000004,112.38101658291589,112.38101658291589,46.29021814705091,112.38101658291572,False,False,6.0,0.0,6.0,97,98,2211.794963
3000014,98,cover,29,10-29,26,42,905.4078459739685,795.4502770000004,795.4502770000004,109.95756897396814,109.95756897396814,46.17554793484543,109.95756897396797,False,False,6.0,0.0,6.0,98,99,2217.794963
3000014,99,cover,28,10-29,28,41,899.1835713386536,789.4502770000004,789.4502770000004,109.7332943386532,109.7332943386532,48.36976136792685,109.73329433865302,False,False,6.0,0.0,6.0,99,100,2223.794963
3000014,100,cover,27,10-29,27,40,887.738049030304,783.4502770000004,783.4502770000004,104.28777203030359,104.28777203030359,45.1834095363971,104.28777203030343,False,False,6.0,0.0,6.0,100,101,2229.794963
3000014,101,cover,26,10-29,27,39,877.9940009117126,777.4502770000004,777.4502770000004,100.54372391171228,100.54372391171228,43.62038043979558,100.54372391171212,False,False,6.0,0.0,6.0,101,102,2235.794963
3000014,102,cover,25,10-29,26,38,857.5581908226013,771.4502770000004,771.4502770000004,86.10791382260095,86.10791382260095,30.720600369141327,86.1079138226008,False,False,6.0,0.0,6.0,102,103,2241.794963
3000014,103,cover,24,10-29,24,37,848.925530910492,765.4502770000004,765.4502770000004,83.47525391049157,83.47525391049157,29.56625311266522,83.47525391049143,False,False,6.0,0.0,6.0,103,104,2247.794963
3000014,104,probe,23,10-29,30,36,781.9272875785828,759.4502770000004,759.4502770000004,22.477010578582394,22.477010578582394,-33.08630549394101,22.477010578582256,True,True,6.0,0.0,6.0,104,105,2253.794963
3000014,105,probe,22,10-29,25,34,878.4933686256409,753.4502770000004,753.4502770000004,125.0430916256405,125.0430916256405,73.13660584538643,125.04309162564037,False,False,185.12139200000001,0.0,185.12139200000001,105,106,2438.916355
3000014,106,clear,21,10-29,25,31,646.2681293487549,568.3288850000004,568.3288850000004,77.93924434875453,77.93924434875453,27.402903756316253,77.93924434875437,False,False,7.574683000000277,0.0,7.574683000000277,106,107,2446.491038
3000014,107,cover,20,10-29,11,26,669.9337363243103,560.7542020000001,560.7542020000001,109.17953432431023,109.17953432431023,61.72967761249682,109.1795343243101,False,False,83.52285499999971,0.0,83.52285499999971,107,108,2530.013893
3000014,108,cover,19,10-29,13,25,525.1742601394653,477.23134700000037,477.23134700000037,47.94291313946496,47.94291313946496,0.5190067659489733,47.94291313946481,False,False,6.0,0.0,6.0,108,109,2536.013893
3000014,109,cover,18,10-29,14,28,616.6159510612488,471.23134700000037,471.23134700000037,145.3846040612484,145.3846040612484,103.11652388182361,145.38460406124827,False,False,6.0,0.0,6.0,109,110,2542.013893
3000014,110,cover,17,10-29,16,27,597.8214740753174,465.23134700000037,465.23134700000037,132.590127075317,132.590127075317,95.0758388377813,132.59012707531687,False,False,6.0,0.0,6.0,110,111,2548.013893
3000014,111,cover,16,10-29,14,26,582.9695463180542,459.23134700000037,459.23134700000037,123.73819931805383,123.73819931805383,90.76201166370329,123.73819931805369,False,False,6.0,0.0,6.0,111,112,2554.013893
3000014,112,cover,15,10-29,13,25,568.5795545578003,453.23134700000037,453.23134700000037,115.34820755779992,115.34820755779992,86.70738937205199,115.34820755779978,False,False,6.0,0.0,6.0,112,113,2560.013893
3000014,113,cover,14,10-29,11,24,551.4354109764099,447.23134700000037,447.23134700000037,104.20406397640954,104.20406397640954,79.54025872701223,104.20406397640942,False,False,6.0,0.0,6.0,113,114,2566.013893
3000014,114,cover,13,10-29,11,23,542.1788692474365,441.23134700000037,441.23134700000037,100.94752224743615,100.94752224743615,80.29864947161984,100.94752224743603,False,False,6.0,0.0,6.0,114,115,2572.013893
3000014,115,probe,12,10-29,21,22,512.0632648468018,435.23134700000037,435.23134700000037,76.83191784680139,76.83191784680139,59.140047443142194,76.83191784680126,False,False,6.0,0.0,6.0,115,116,2578.013893
3000014,116,probe,11,10-29,15,17,466.3064479827881,429.23134700000037,429.23134700000037,37.07510098278772,37.07510098278772,20.40340060960897,37.0751009827876,False,False,81.02213000000029,0.0,81.02213000000029,116,117,2659.036023
3000014,117,clear,10,10-29,16,17,417.54859685897827,348.2092170000001,348.2092170000001,69.33937985897819,69.33937985897819,55.43966261663101,69.33937985897809,False,False,91.61839599999985,0.0,91.61839599999985,117,118,2750.654419
3000014,118,probe,9,00-09,12,13,335.17342805862427,256.59082100000023,256.59082100000023,78.58260705862403,78.58260705862403,68.0872524381862,78.58260705862396,False,False,5.0,0.0,5.0,118,119,2755.654419
3000014,119,cover,8,00-09,6,12,286.3035202026367,251.59082100000023,251.59082100000023,34.712699202636486,34.712699202636486,25.49194166547227,34.71269920263642,False,False,115.72117800000024,0.0,115.72117800000024,119,120,2871.375597
3000014,120,probe,7,00-09,11,12,195.48489153385162,135.869643,135.869643,59.61524853385163,59.61524853385163,53.04683262809204,59.615248533851585,False,False,6.0,0.0,6.0,120,121,2877.375597
3000014,121,cover,6,00-09,0,7,162.91417181491852,129.869643,129.869643,33.04452881491852,33.04452881491852,27.869592535956777,33.044528814918486,False,False,6.0,0.0,6.0,121,122,2883.375597
3000014,122,cover,5,00-09,0,6,156.2066227197647,123.869643,123.869643,32.33697971976471,32.33697971976471,28.59162467452945,32.33697971976468,False,False,6.0,0.0,6.0,122,123,2889.375597
3000014,123,cover,4,00-09,2,5,143.19781959056854,117.869643,117.869643,25.328176590568546,25.328176590568546,22.71875952140346,25.328176590568518,False,False,6.0,0.0,6.0,123,124,2895.375597
3000014,124,cover,3,00-09,2,4,139.53788578510284,111.869643,111.869643,27.668242785102848,27.668242785102848,26.377711279934495,27.668242785102827,False,False,6.0,0.0,6.0,124,125,2901.375597
3000014,125,cover,2,00-09,1,3,138.22807371616364,105.869643,105.869643,32.35843071616364,32.35843071616364,32.70305180104768,32.358430716163625,False,False,6.0,0.0,6.0,125,126,2907.375597
3000014,126,cover,1,00-09,0,2,134.76796448230743,99.869643,99.869643,34.89832148230744,34.89832148230744,37.09783428125419,34.89832148230742,False,False,6.0,0.0,6.0,126,127,2913.375597
3000014,127,clear,0,00-09,0,1,49.87938702106476,93.869643,93.869643,-43.99025597893524,-43.99025597893524,-43.990255978935245,-43.990255978935245,False,False,93.869643,0.0,93.869643,127,128,3007.24524
3000015,0,cover,123,120+,0,140,3126.265048980713,2988.8090900000007,2988.8090900000007,137.45595898071224,137.45595898071224,24.402520144193293,137.45595898072244,False,False,5.0,0.0,5.0,0,1,5.0
3000015,1,cover,122,120+,6,139,3116.825819015503,2983.8090900000007,2983.8090900000007,133.01672901550228,133.01672901550228,21.013989662087607,133.01672901551237,False,False,6.0,0.0,6.0,1,2,11.0
3000015,2,cover,121,120+,10,142,3105.5991649627686,2977.8090900000007,2977.8090900000007,127.7900749627679,127.7900749627679,16.618248009845278,127.79007496277778,False,False,6.0,0.0,6.0,2,3,17.0
3000015,3,cover,120,120+,6,145,3086.442470550537,2971.8090900000007,2971.8090900000007,114.63338055053646,114.63338055053646,3.6437406290669645,114.63338055054612,False,False,6.0,0.0,6.0,3,4,23.0
3000015,4,cover,119,60-119,11,144,3084.8028659820557,2965.8090900000007,2965.8090900000007,118.99377598205501,118.99377598205501,8.425406379563476,118.99377598206445,False,False,6.0,0.0,6.0,4,5,29.0
3000015,5,cover,118,60-119,3,143,3080.153465270996,2959.8090900000007,2959.8090900000007,120.34437527099544,120.34437527099544,10.290532282635462,120.34437527100467,False,False,6.0,0.0,6.0,5,6,35.0
3000015,6,cover,117,60-119,6,142,3079.7321796417236,2953.8090900000007,2953.8090900000007,125.92308964172298,125.92308964172298,16.70447016143451,125.92308964173199,False,False,6.0,0.0,6.0,6,7,41.0
3000015,7,cover,116,60-119,5,145,3074.1055011749268,2947.8090900000007,2947.8090900000007,126.2964111749261,126.2964111749261,17.97662283646044,126.2964111749349,False,False,6.0,0.0,6.0,7,8,47.0
3000015,8,cover,115,60-119,4,144,3072.446346282959,2941.8090900000007,2941.8090900000007,130.63725628295833,130.63725628295833,23.492071520518373,130.63725628296692,False,False,6.0,0.0,6.0,8,9,53.0
3000015,9,cover,114,60-119,1,147,3066.117763519287,2935.8090900000007,2935.8090900000007,130.30867351928646,130.30867351928646,24.382619744048718,130.3086735192948,False,False,6.0,0.0,6.0,9,10,59.0
3000015,10,cover,113,60-119,1,146,3062.808036804199,2929.8090900000007,2929.8090900000007,132.99894680419857,132.99894680419857,28.49778213574801,132.9989468042067,False,False,6.0,0.0,6.0,10,11,65.0
3000015,11,cover,112,60-119,2,145,3060.0616931915283,2923.8090900000007,2923.8090900000007,136.25260319152767,136.25260319152767,33.422566866396735,136.2526031915356,False,False,6.0,0.0,6.0,11,12,71.0
3000015,12,cover,111,60-119,1,148,3044.2662239074707,2917.8090900000007,2917.8090900000007,126.45713390747005,126.45713390747005,24.87062903404095,126.45713390747775,False,False,6.0,0.0,6.0,12,13,77.0
3000015,13,cover,110,60-119,5,147,3040.801525115967,2911.8090900000007,2911.8090900000007,128.99243511596615,128.99243511596615,28.848347623722976,128.99243511597365,False,False,6.0,0.0,6.0,13,14,83.0
3000015,14,cover,109,60-119,0,150,3026.721477508545,2905.8090900000007,2905.8090900000007,120.91238750854427,120.91238750854427,21.86136843821146,120.91238750855155,False,False,6.0,0.0,6.0,14,15,89.0
3000015,15,cover,108,60-119,2,153,3011.709213256836,2899.8090900000007,2899.8090900000007,111.90012325683529,111.90012325683529,13.525372827897113,111.90012325684235,False,False,6.0,0.0,6.0,15,16,95.0
3000015,16,cover,107,60-119,0,152,3009.907007217407,2893.8090900000007,2893.8090900000007,116.09791721740658,116.09791721740658,18.655965040492827,116.09791721741341,False,False,6.0,0.0,6.0,16,17,101.0
3000015,17,cover,106,60-119,2,151,3007.4872970581055,2887.8090900000007,2887.8090900000007,119.67820705810482,119.67820705810482,23.406584085464058,119.67820705811144,False,False,6.0,0.0,6.0,17,18,107.0
3000015,18,cover,105,60-119,0,154,2983.9885234832764,2881.8090900000007,2881.8090900000007,102.17943348327572,102.17943348327572,6.218747905931304,102.17943348328212,False,False,6.0,0.0,6.0,18,19,113.0
3000015,19,cover,104,60-119,0,153,2982.0780754089355,2875.8090900000007,2875.8090900000007,106.2689854089349,106.2689854089349,10.850841927989755,106.26898540894109,False,False,6.0,0.0,6.0,19,20,119.0
3000015,20,probe,103,60-119,127,152,2968.7488079071045,2869.8090900000007,2869.8090900000007,98.93971790710384,98.93971790710384,3.7069204485878777,98.93971790710981,False,False,81.023437,0.0,81.023437,20,21,200.023437
3000015,21,probe,102,60-119,124,159,2910.264015197754,2788.785653000001,2788.785653000001,121.47836219775309,121.47836219775309,27.626910251828527,121.47836219775904,False,False,6.0,0.0,6.0,21,22,206.023437
3000015,22,probe,101,60-119,152,158,2895.447015762329,2782.785653000001,2782.785653000001,112.66136276232828,112.66136276232828,19.799906122530007,112.66136276233402,False,False,6.0,0.0,6.0,22,23,212.023437
3000015,23,probe,100,60-119,156,157,2879.84037399292,2776.785653000001,2776.785653000001,103.0547209929191,103.0547209929191,10.729751950653274,103.05472099292462,False,False,6.0,0.0,6.0,23,24,218.023437
3000015,24,probe,99,60-119,152,156,2844.924211502075,2770.785653000001,2770.785653000001,74.13855850207437,74.13855850207437,-19.14359004230702,74.13855850207968,True,True,40.496695999999986,0.0,40.496695999999986,24,25,258.520133
3000015,25,clear,98,60-119,155,156,2828.6373615264893,2730.2889570000007,2730.2889570000007,98.3484045264886,98.3484045264886,5.332901033796824,98.34840452649368,False,False,5.0,0.0,5.0,25,26,263.520133
3000015,26,probe,97,60-119,123,149,2816.4825439453125,2725.2889570000007,2725.2889570000007,91.19358694531184,91.19358694531184,-1.91780689197899,91.19358694531682,True,True,6.0,0.0,6.0,26,27,269.520133
3000015,27,probe,96,60-119,127,148,2803.7195205688477,2719.2889570000007,2719.2889570000007,84.43056356884699,84.43056356884699,-9.13771607204637,84.43056356885175,True,True,6.0,0.0,6.0,27,28,275.520133
3000015,28,probe,95,60-119,118,147,2806.507110595703,2713.2889570000007,2713.2889570000007,93.21815359570246,93.21815359570246,-0.3685537317801241,93.21815359570701,True,True,6.0,0.0,6.0,28,29,281.520133
3000015,29,probe,94,60-119,145,146,2795.907497406006,2707.2889570000007,2707.2889570000007,88.6185404060052,88.6185404060052,-5.22964939102906,88.61854040600953,True,True,6.0,0.0,6.0,29,30,287.520133
3000015,30,probe,93,60-119,118,145,2802.1767139434814,2701.2889570000007,2701.2889570000007,100.88775694348078,100.88775694348078,7.4100706804698,100.8877569434849,False,False,83.573781,0.0,83.573781,30,31,371.093914
3000015,31,clear,92,60-119,119,145,2729.1953563690186,2617.7151760000006,2617.7151760000006,111.48018036901794,111.48018036901794,18.94999379579688,111.48018036902214,False,False,5.0,0.0,5.0,31,32,376.093914
3000015,32,cover,91,60-119,66,138,2687.0720386505127,2612.7151760000006,2612.7151760000006,74.35686265051208,74.35686265051208,-19.12981465548325,74.35686265051616,True,True,65.62309200000004,0.0,65.62309200000004,32,33,441.717006
3000015,33,cover,90,60-119,57,137,2621.798276901245,2547.092084000001,2547.092084000001,74.70619290124432,74.70619290124432,-19.768930952369246,74.70619290124864,True,True,6.0,0.0,6.0,33,34,447.717006
3000015,34,cover,89,60-119,60,136,2611.201047897339,2541.092084000001,2541.092084000001,70.10896389733807,70.10896389733807,-25.64858942765865,70.10896389734216,True,True,6.0,0.0,6.0,34,35,453.717006
3000015,35,probe,88,60-119,109,135,2602.572441101074,2535.092084000001,2535.092084000001,67.48035710107342,67.48035710107342,-29.765469709393173,67.4803571010773,True,True,6.0,0.0,6.0,35,36,459.717006
3000015,36,cover,87,60-119,54,133,2606.6906452178955,2529.092084000001,2529.092084000001,77.59856121789471,77.59856121789471,-20.681332202707477,77.59856121789838,True,True,6.0,0.0,6.0,36,37,465.717006
3000015,37,cover,86,60-119,64,136,2600.471258163452,2523.092084000001,2523.092084000001,77.37917416345135,77.37917416345135,-22.00075711279058,77.3791741634548,True,True,6.0,0.0,6.0,37,38,471.717006
3000015,38,cover,85,60-119,64,135,2588.2506370544434,2517.092084000001,2517.092084000001,71.15855305444256,71.15855305444256,-29.70671391768378,71.15855305444579,True,True,6.0,0.0,6.0,38,39,477.717006
3000015,39,cover,84,60-119,54,134,2582.216262817383,2511.092084000001,2511.092084000001,71.12417881738202,71.12417881738202,-31.306408583941625,71.12417881738503,True,True,6.0,0.0,6.0,39,40,483.717006
3000015,40,cover,83,60-119,55,133,2570.702314376831,2505.092084000001,2505.092084000001,65.61023037683026,65.61023037683026,-38.75827055209853,65.61023037683306,True,True,6.0,0.0,6.0,40,41,489.717006
3000015,41,cover,82,60-119,61,136,2613.0714416503906,2499.092084000001,2499.092084000001,113.97935765038983,113.97935765038983,10.116691285748232,113.97935765039242,False,False,6.0,0.0,6.0,41,42,495.717006
3000015,42,cover,81,60-119,56,135,2604.5446395874023,2493.092084000001,2493.092084000001,111.45255558740155,111.45255558740155,7.989357076589192,111.45255558740391,False,False,6.0,0.0,6.0,42,43,501.717006
3000015,43,cover,80,60-119,59,134,2600.802183151245,2487.092084000001,2487.092084000001,113.71009915124432,113.71009915124432,10.786211200454472,113.71009915124647,False,False,6.0,0.0,6.0,43,44,507.717006
3000015,44,cover,79,60-119,59,133,2599.0025997161865,2481.092084000001,2481.092084000001,117.91051571618573,117.91051571618573,15.775397647784908,117.91051571618766,False,False,5.999999999999943,0.0,5.999999999999943,44,45,513.717006
3000015,45,cover,78,60-119,54,128,2605.508804321289,2475.092084000001,2475.092084000001,130.41672032128827,130.41672032128827,29.77010763461814,130.41672032128997,False,False,6.0,0.0,6.0,45,46,519.717006
3000015,46,probe,77,60-119,110,127,2601.912021636963,2469.092084000001,2469.092084000001,132.8199376369621,132.8199376369621,33.86665784241237,132.8199376369636,False,False,6.0,0.0,6.0,46,47,525.717006
3000015,47,probe,76,60-119,97,125,2584.8019123077393,2463.092084000001,2463.092084000001,121.70982830773846,121.70982830773846,23.95426159283002,121.70982830773974,False,False,66.84444000000008,0.0,66.84444000000008,47,48,592.561446
3000015,48,probe,75,60-119,103,125,2543.510675430298,2396.2476440000005,2396.2476440000005,147.26303143029736,147.26303143029736,52.11312075304077,147.26303143029844,False,False,6.0,0.0,6.0,48,49,598.561446
3000015,49,clear,74,60-119,98,124,2463.135004043579,2390.2476440000005,2390.2476440000005,72.88736004357861,72.88736004357861,-23.434263824924418,72.88736004357949,True,True,7.604596999999899,0.0,7.604596999999899,49,50,606.166043
3000015,50,probe,73,60-119,92,119,2402.733325958252,2382.6430470000005,2382.6430470000005,20.090278958251474,20.090278958251474,-80.24352095815973,20.09027895825216,True,True,6.0,0.0,6.0,50,51,612.166043
3000015,51,clear,72,60-119,88,115,2336.965322494507,2376.6430470000005,2376.6430470000005,-39.67772450549364,-39.67772450549364,-147.38055202305796,-39.677724505493174,False,False,84.47959100000003,0.0,84.47959100000003,51,52,696.645634
3000015,52,probe,71,60-119,87,109,2263.9825344085693,2292.163456,2292.163456,-28.180921591430888,-28.180921591430888,-143.03552537788997,-28.180921591430653,False,False,6.0,0.0,6.0,52,53,702.645634
3000015,53,clear,70,60-119,83,105,2275.845766067505,2286.163456,2286.163456,-10.317689932495341,-10.317689932495341,-131.76030917784698,-10.317689932495322,False,False,139.26318400000002,0.0,139.26318400000002,53,54,841.908818
3000015,54,clear,69,60-119,98,99,2163.877487182617,2146.9002720000003,2146.9002720000003,16.977215182616874,16.977215182616874,-109.96358322393144,16.9772151826168,True,True,107.61122699999999,0.0,107.61122699999999,54,55,949.520045
3000015,55,cover,68,60-119,39,93,2162.0657444000244,2039.2890450000002,2039.2890450000002,122.7766994000242,122.7766994000242,-4.383262112130707,122.77669940002406,True,True,141.69734900000003,0.0,141.69734900000003,55,56,1091.217394
3000015,56,cover,67,60-119,28,92,1975.8459329605103,1897.5916960000002,1897.5916960000002,78.25423696051007,78.25423696051007,-51.47971005436282,78.2542369605101,True,True,6.0,0.0,6.0,56,57,1097.217394
3000015,57,cover,66,60-119,38,95,1981.5245866775513,1891.5916960000002,1891.5916960000002,89.93289067755109,89.93289067755109,-41.89584877612821,89.93289067755111,True,True,6.0,0.0,6.0,57,58,1103.217394
3000015,58,cover,65,60-119,38,94,1973.4638929367065,1885.5916960000002,1885.5916960000002,87.87219693670636,87.87219693670636,-46.270044754708344,87.87219693670639,True,True,6.0,0.0,6.0,58,59,1109.217394
3000015,59,cover,64,60-119,37,93,1964.1610383987427,1879.5916960000002,1879.5916960000002,84.56934239874249,84.56934239874249,-52.18199925544444,84.56934239874253,True,True,6.0,0.0,6.0,59,60,1115.217394
3000015,60,cover,63,60-119,29,92,1958.7907791137695,1873.5916960000002,1873.5916960000002,85.19908311376935,85.19908311376935,-54.26553530570272,85.19908311376939,True,True,6.0,0.0,6.0,60,61,1121.217394
3000015,61,cover,62,60-119,31,91,1953.1577825546265,1867.5916960000002,1867.5916960000002,85.56608655462628,85.56608655462628,-56.73529669983766,85.56608655462632,True,True,6.0,0.0,6.0,61,62,1127.217394
3000015,62,cover,61,60-119,34,94,1980.7393550872803,1861.5916960000002,1861.5916960000002,119.14765908728009,119.14765908728009,-24.37234122861458,119.14765908728015,True,True,6.0,0.0,6.0,62,63,1133.217394
3000015,63,cover,60,60-119,30,93,1971.4025259017944,1855.5916960000002,1855.5916960000002,115.81082990179425,115.81082990179425,-29.167547804316225,115.8108299017943,True,True,6.0,0.0,6.0,63,64,1139.217394
3000015,64,cover,59,30-59,28,92,1966.1637544631958,1849.5916960000002,1849.5916960000002,116.57205846319562,116.57205846319562,-29.90138867675248,116.57205846319569,True,True,6.0,0.0,6.0,64,65,1145.217394
3000015,65,probe,58,30-59,75,91,1964.6713733673096,1843.5916960000002,1843.5916960000002,121.07967736730939,121.07967736730939,-26.730283971198634,121.07967736730946,True,True,42.547473999999966,0.0,42.547473999999966,65,66,1187.764868
3000015,66,probe,57,30-59,76,92,1895.6233263015747,1801.0442220000002,1801.0442220000002,94.57910430157449,94.57910430157449,-56.03248109150892,94.57910430157462,True,True,32.29216300000007,0.0,32.29216300000007,66,67,1220.057031
3000015,67,probe,56,30-59,76,92,1877.1408796310425,1768.7520590000001,1768.7520590000001,108.38882063104234,108.38882063104234,-44.445015538990525,108.38882063104255,True,True,25.342036000000007,0.0,25.342036000000007,67,68,1245.399067
3000015,68,probe,55,30-59,76,92,1868.2644367218018,1743.4100230000001,1743.4100230000001,124.85441372180162,124.85441372180162,-29.452023629717036,124.85441372180189,True,True,20.22596499999986,0.0,20.22596499999986,68,69,1265.625032
3000015,69,probe,54,30-59,73,92,1856.0487031936646,1723.1840580000003,1723.1840580000003,132.86464519366427,132.86464519366427,-22.570307534583577,132.86464519366453,True,True,27.836112000000185,0.0,27.836112000000185,69,70,1293.461144
3000015,70,probe,53,30-59,73,92,1842.8937196731567,1695.347946,1695.347946,147.54577367315665,147.54577367315665,-8.304399005359214,147.54577367315684,True,True,16.340754999999945,0.0,16.340754999999945,70,71,1309.801899
3000015,71,fallback,52,30-59,73,89,1855.4185628890991,1679.0071910000001,1679.0071910000001,176.41137188909897,176.41137188909897,21.64336759008741,176.41137188909912,False,False,17.136109000000033,0.0,17.136109000000033,71,73,1326.938008
3000015,72,probe,51,30-59,63,84,1851.7210483551025,1661.8710820000001,1661.8710820000001,189.84996635510242,189.84996635510242,36.92838111167451,189.84996635510248,False,False,6.0,0.0,6.0,73,74,1332.938008
3000015,73,probe,50,30-59,59,83,1795.6905364990234,1655.8710820000001,1655.8710820000001,139.81945449902332,139.81945449902332,-13.791716573057458,139.81945449902338,True,True,131.60691599999996,0.0,131.60691599999996,74,75,1464.544924
3000015,74,clear,49,30-59,59,80,1643.7629461288452,1524.2641660000002,1524.2641660000002,119.49878012884506,119.49878012884506,-35.907779940248126,119.49878012884513,True,True,5.0,0.0,5.0,75,76,1469.544924
3000015,75,cover,48,30-59,20,75,1647.937536239624,1519.2641660000002,1519.2641660000002,128.67337023962386,128.67337023962386,-28.14019982049413,128.67337023962384,True,True,154.61007900000004,0.0,154.61007900000004,76,77,1624.155003
3000015,76,probe,47,30-59,63,74,1482.8153848648071,1364.6540870000001,1364.6540870000001,118.16129786480701,118.16129786480701,-40.6866023108537,118.16129786480694,True,True,6.0,0.0,6.0,77,78,1630.155003
3000015,77,cover,46,30-59,18,72,1524.5457887649536,1358.6540870000001,1358.6540870000001,165.8917017649535,165.8917017649535,7.414527988729256,165.89170176495344,False,False,6.0,0.0,6.0,78,79,1636.155003
3000015,78,cover,45,30-59,19,71,1517.6239013671875,1352.6540870000001,1352.6540870000001,164.96981436718738,164.96981436718738,6.834358516803314,164.96981436718733,False,False,6.0,0.0,6.0,79,80,1642.155003
3000015,79,cover,44,30-59,18,74,1557.3707818984985,1346.6540870000001,1346.6540870000001,210.71669489849842,210.71669489849842,55.34867268222564,210.71669489849836,False,False,6.0,0.0,6.0,80,81,1648.155003
3000015,80,cover,43,30-59,18,73,1549.0059852600098,1340.6540870000001,1340.6540870000001,208.35189826000965,208.35189826000965,55.772501098670396,208.3518982600096,False,False,6.0,0.0,6.0,81,82,1654.155003
3000015,81,cover,42,30-59,12,72,1536.7591381072998,1334.6540870000001,1334.6540870000001,202.1050511072997,202.1050511072997,52.132267311537305,202.10505110729966,False,False,6.0,0.0,6.0,82,83,1660.155003
3000015,82,cover,41,30-59,12,71,1522.6274728775024,1328.6540870000001,1328.6540870000001,193.97338587750232,193.97338587750232,46.31642324393679,193.9733858775023,False,False,6.0,0.0,6.0,83,84,1666.155003
3000015,83,cover,40,30-59,13,70,1507.01105594635,1322.6540870000001,1322.6540870000001,184.35696894634998,184.35696894634998,38.63158559240469,184.35696894634995,False,False,6.0,0.0,6.0,84,85,1672.155003
3000015,84,probe,39,30-59,68,69,1535.6451272964478,1316.6540870000001,1316.6540870000001,218.99104029644764,218.99104029644764,77.12174415000247,218.9910402964476,False,False,41.4668979999999,0.0,41.4668979999999,85,86,1713.621901
3000015,85,probe,38,30-59,69,70,1477.577567100525,1275.1871890000002,1275.1871890000002,202.39037810052469,202.39037810052469,63.70640205692583,202.39037810052469,False,False,31.600173000000044,0.0,31.60017300000004,86,87,1745.222074
3000015,86,probe,37,30-59,66,70,1456.8325281143188,1243.5870160000002,1243.5870160000002,213.24551211431867,213.24551211431867,78.48582744286288,213.2455121143186,False,False,44.90025999999989,0.0,44.90025999999989,87,88,1790.122334
3000015,87,probe,36,30-59,69,70,1438.0451440811157,1198.6867560000003,1198.6867560000003,239.35838808111544,239.35838808111544,110.10389832595754,239.35838808111538,False,False,14.895995000000084,0.0,14.895995000000084,88,89,1805.018329
3000015,88,probe,35,30-59,66,70,1420.331597328186,1183.7907610000002,1183.7907610000002,236.54083632818583,236.54083632818583,112.93299639266097,236.54083632818572,False,False,19.843992999999955,0.0,19.843992999999955,89,90,1824.862322
3000015,89,probe,34,30-59,66,70,1403.4910202026367,1163.9467680000002,1163.9467680000002,239.54425220263647,239.54425220263647,122.03832870222287,239.54425220263647,False,False,12.409388000000035,0.0,12.409388000000035,90,91,1837.27171
3000015,90,clear,33,30-59,66,67,1381.9080591201782,1151.5373800000002,1151.5373800000002,230.370679120178,230.370679120178,118.80500591554147,230.370679120178,False,False,8.392014000000017,0.0,8.392014000000017,91,92,1845.663724
3000015,91,cover,32,30-59,8,63,1412.1246337890625,1143.1453660000002,1143.1453660000002,268.9792677890623,268.9792677890623,165.698520615185,268.9792677890623,False,False,275.1887200000001,0.0,275.1887200000001,92,93,2120.852444
3000015,92,cover,31,30-59,7,62,1088.215947151184,867.9566460000001,867.9566460000001,220.259301151184,220.259301151184,123.13531997611226,220.2593011511839,False,False,6.0,0.0,6.0,93,94,2126.852444
3000015,93,cover,30,30-59,7,61,1078.6429643630981,861.9566460000001,861.9566460000001,216.68631836309805,216.68631836309805,125.85509177686983,216.686318363098,False,False,6.0,0.0,6.0,94,95,2132.852444
3000015,94,cover,29,10-29,7,60,1071.3119506835938,855.9566460000001,855.9566460000001,215.35530468359366,215.35530468359366,131.07797694459518,215.3553046835936,False,False,6.0,0.0,6.0,95,96,2138.852444
3000015,95,cover,28,10-29,1,59,1052.5219440460205,849.9566460000001,849.9566460000001,202.56529804602042,202.56529804602042,124.51365295475995,202.56529804602036,False,False,6.0,0.0,6.0,96,97,2144.852444
3000015,96,cover,27,10-29,0,58,1041.7678356170654,843.9566460000001,843.9566460000001,197.81118961706534,197.81118961706534,126.06267844821566,197.81118961706528,False,False,6.0,0.0,6.0,97,98,2150.852444
3000015,97,cover,26,10-29,1,57,1020.0163125991821,837.9566460000001,837.9566460000001,182.05966659918204,182.05966659918204,116.11700571613936,182.05966659918198,False,False,6.0,0.0,6.0,98,99,2156.852444
3000015,98,probe,25,10-29,45,56,974.7917056083679,831.9566460000001,831.9566460000001,142.83505960836783,142.83505960836783,80.93936707928964,142.8350596083678,False,False,6.0,0.0,6.0,99,100,2162.852444
3000015,99,probe,24,10-29,53,54,949.9340653419495,825.9566460000001,825.9566460000001,123.97741934194937,123.97741934194937,65.34918611881179,123.97741934194933,False,False,6.0,0.0,6.0,100,101,2168.852444
3000015,100,probe,23,10-29,47,52,971.7290997505188,819.9566460000001,819.9566460000001,151.7724537505187,151.7724537505187,98.04654792355909,151.77245375051868,False,False,6.0,0.0,6.0,101,102,2174.852444
3000015,101,probe,22,10-29,38,50,957.3613405227661,813.9566460000001,813.9566460000001,143.40469452276602,143.40469452276602,94.39872494295412,143.404694522766,False,False,177.21273100000008,0.0,177.21273100000008,102,103,2352.065175
3000015,102,clear,21,10-29,38,49,708.1648111343384,636.743915,636.743915,71.42089613433836,71.42089613433836,23.594659531080428,71.42089613433828,False,False,5.0,0.0,5.0,103,104,2357.065175
3000015,103,probe,20,10-29,34,44,725.4732251167297,631.743915,631.743915,93.72931011672972,93.72931011672972,48.31902475102294,93.72931011672964,False,False,172.89937699999973,0.0,172.89937699999973,104,105,2529.964552
3000015,104,clear,19,10-29,34,40,577.5952935218811,458.8445380000003,458.8445380000003,118.75075552188082,118.75075552188082,77.2004949012359,118.7507555218808,False,False,5.9268120000001545,0.0,5.9268120000001545,105,106,2535.891364
3000015,105,probe,18,10-29,29,34,541.8511033058167,452.91772600000013,452.91772600000013,88.93337730581652,88.93337730581652,49.87696493175953,88.93337730581646,False,False,34.44296499999973,0.0,34.44296499999973,106,107,2570.334329
3000015,106,clear,17,10-29,29,30,519.0303921699524,418.4747610000004,418.4747610000004,100.555631169952,100.555631169952,64.73601978515268,100.55563116995198,False,False,5.0,0.0,5.0,107,108,2575.334329
3000015,107,cover,16,10-29,14,24,562.1094703674316,413.4747610000004,413.4747610000004,148.63470936743124,148.63470936743124,118.75273471855994,148.63470936743124,False,False,63.76059600000007,0.0,63.76059600000008,108,109,2639.094925
3000015,108,cover,15,10-29,14,23,416.0715937614441,349.7141650000003,349.7141650000003,66.35742876144377,66.35742876144377,38.39521485533941,66.35742876144374,False,False,6.0,0.0,6.0,109,110,2645.094925
3000015,109,cover,14,10-29,11,22,407.56022930145264,343.7141650000003,343.7141650000003,63.846064301452316,63.846064301452316,37.77247410036628,63.84606430145229,False,False,6.0,0.0,6.0,110,111,2651.094925
3000015,110,cover,13,10-29,14,21,399.87194538116455,337.7141650000003,337.7141650000003,62.15778038116423,62.15778038116423,37.98335808429284,62.15778038116421,False,False,6.0,0.0,6.0,111,112,2657.094925
3000015,111,cover,12,10-29,13,20,395.649790763855,331.7141650000003,331.7141650000003,63.93562576385466,63.93562576385466,41.853898386298184,63.935625763854645,False,False,6.0,0.0,6.0,112,113,2663.094925
3000015,112,cover,11,10-29,13,19,389.4210457801819,325.7141650000003,325.7141650000003,63.706880780181564,63.706880780181564,43.81595095013167,63.70688078018155,False,False,6.0,0.0,6.0,113,114,2669.094925
3000015,113,cover,10,10-29,11,18,342.29332208633423,319.7141650000003,319.7141650000003,22.579157086333908,22.579157086333908,2.8297129013516007,22.5791570863339,False,False,6.0,0.0,6.0,114,115,2675.094925
3000015,114,probe,9,00-09,16,17,347.6351499557495,313.7141650000003,313.7141650000003,33.92098495574919,33.92098495574919,14.917411337649359,33.92098495574919,False,False,6.0,0.0,6.0,115,116,2681.094925
3000015,115,probe,8,00-09,11,15,395.84022760391235,307.7141650000003,307.7141650000003,88.12606260391203,88.12606260391203,72.76051472190758,88.12606260391203,False,False,210.5503530000001,0.0,210.5503530000001,116,117,2891.645278
3000015,116,clear,7,00-09,11,12,158.73228013515472,97.16381200000023,97.16381200000023,61.56846813515449,61.56846813515449,48.63465289805267,61.56846813515449,False,False,5.0,0.0,5.0,117,118,2896.645278
3000015,117,cover,6,00-09,3,7,176.64159834384918,92.16381200000023,92.16381200000023,84.47778634384895,84.47778634384895,75.30944327026015,84.47778634384895,False,False,56.163812000000235,0.0,56.163812000000235,118,119,2952.80909
3000015,118,cover,5,00-09,1,6,85.67266166210175,36.0,36.0,49.672661662101746,49.672661662101746,42.63612483001362,49.67266166210174,False,False,6.0,0.0,6.0,119,120,2958.80909
3000015,119,cover,4,00-09,2,5,75.98461210727692,30.0,30.0,45.98461210727692,45.98461210727692,40.99797397388294,45.98461210727692,False,False,6.0,0.0,6.0,120,121,2964.80909
3000015,120,cover,3,00-09,2,4,60.039058327674866,24.0,24.0,36.039058327674866,36.039058327674866,32.68675809924305,36.03905832767487,False,False,6.0,0.0,6.0,121,122,2970.80909
3000015,121,cover,2,00-09,2,3,49.13528263568878,18.0,18.0,31.13528263568878,31.13528263568878,29.245244639217855,31.135282635688785,False,False,6.0,0.0,6.0,122,123,2976.80909
3000015,122,cover,1,00-09,0,2,33.37956964969635,12.0,12.0,21.37956964969635,21.37956964969635,20.515296477079392,21.379569649696354,False,False,6.0,0.0,6.0,123,124,2982.80909
3000015,123,cover,0,00-09,0,1,23.285463452339172,6.0,6.0,17.285463452339172,17.285463452339172,17.285463452339172,17.285463452339172,False,False,6.0,0.0,6.0,124,125,2988.80909
3000016,0,cover,139,120+,6,140,3126.265048980713,2900.2696870000004,2900.2696870000004,225.99536198071246,225.99536198071246,-26.31738102614745,225.99536198072516,True,True,6.0,0.0,6.0,0,1,6.0
3000016,1,cover,138,120+,7,139,3119.8010444641113,2894.2696870000004,2894.2696870000004,225.5313574641109,225.5313574641109,-28.19093215026235,225.5313574641234,True,True,6.0,0.0,6.0,1,2,12.0
3000016,2,cover,137,120+,9,138,3117.2022819519043,2888.2696870000004,2888.2696870000004,228.93259495190387,228.93259495190387,-26.094415434178526,228.93259495191614,True,True,6.0,0.0,6.0,2,3,18.0
3000016,3,cover,136,120+,7,137,3113.8954162597656,2882.2696870000004,2882.2696870000004,231.6257292597652,231.6257292597652,-24.632927501386753,231.62572925977724,True,True,6.0,0.0,6.0,3,4,24.0
3000016,4,cover,135,120+,3,136,3111.323595046997,2876.2696870000004,2876.2696870000004,235.05390804699664,235.05390804699664,-22.320788120163712,235.0539080470085,True,True,6.0,0.0,6.0,4,5,30.0
3000016,5,cover,134,120+,5,135,3105.388641357422,2870.2696870000004,2870.2696870000004,235.11895435742144,235.11895435742144,-23.42709664183066,235.11895435743307,True,True,6.0,0.0,6.0,5,6,36.0
3000016,6,cover,133,120+,3,134,3102.0779609680176,2864.2696870000004,2864.2696870000004,237.80827396801715,237.80827396801715,-21.82923898024755,237.80827396802857,True,True,6.0,0.0,6.0,6,7,42.0
3000016,7,cover,132,120+,8,137,3088.886022567749,2858.2696870000004,2858.2696870000004,230.6163355677486,230.6163355677486,-30.54860776896455,230.6163355677598,True,True,6.0,0.0,6.0,7,8,48.0
3000016,8,cover,131,120+,5,140,3073.3628273010254,2852.2696870000004,2852.2696870000004,221.09314030102496,221.09314030102496,-42.180845300724634,221.09314030103593,True,True,6.0,0.0,6.0,8,9,54.0
3000016,9,cover,130,120+,4,143,3067.490816116333,2846.2696870000004,2846.2696870000004,221.22112911633258,221.22112911633258,-44.266164721491826,221.22112911634335,True,True,6.0,0.0,6.0,9,10,60.0
3000016,10,cover,129,120+,5,142,3065.823793411255,2840.2696870000004,2840.2696870000004,225.55410641125445,225.55410641125445,-42.034934133231765,225.554106411265,True,True,6.0,0.0,6.0,10,11,66.0
3000016,11,cover,128,120+,3,141,3063.0099773406982,2834.2696870000004,2834.2696870000004,228.7402903406978,228.7402903406978,-40.89342126714592,228.74029034070813,True,True,6.0,0.0,6.0,11,12,72.0
3000016,12,cover,127,120+,0,144,3047.5399494171143,2828.2696870000004,2828.2696870000004,219.27026241711383,219.27026241711383,-53.014157042873805,219.27026241712394,True,True,6.0,0.0,6.0,12,13,78.0
3000016,13,cover,126,120+,1,143,3047.881841659546,2822.2696870000004,2822.2696870000004,225.61215465954547,225.61215465954547,-49.128699789939354,225.61215465955536,True,True,6.0,0.0,6.0,13,14,84.0
3000016,14,cover,125,120+,0,142,3045.269727706909,2816.2696870000004,2816.2696870000004,229.00004070690875,229.00004070690875,-48.148224992185575,229.00004070691844,True,True,6.0,0.0,6.0,14,15,90.0
3000016,15,cover,124,120+,1,141,3046.9179153442383,2810.2696870000004,2810.2696870000004,236.64822834423785,236.64822834423785,-42.6316182682702,236.64822834424731,True,True,6.0,0.0,6.0,15,16,96.0
3000016,16,cover,123,120+,2,140,3046.821117401123,2804.2696870000004,2804.2696870000004,242.55143040112262,242.55143040112262,-38.661490748827006,242.55143040113185,True,True,6.0,0.0,6.0,16,17,102.0
3000016,17,cover,122,120+,1,139,3044.281005859375,2798.2696870000004,2798.2696870000004,246.01131885937457,246.01131885937457,-37.05431820060555,246.0113188593836,True,True,6.0,0.0,6.0,17,18,108.0
3000016,18,cover,121,120+,0,138,3041.689872741699,2792.2696870000004,2792.2696870000004,249.4201857416988,249.4201857416988,-35.41626454555952,249.4201857417076,True,True,6.0,0.0,6.0,18,19,114.0
3000016,19,cover,120,120+,0,137,3037.292242050171,2786.2696870000004,2786.2696870000004,251.02255505017047,251.02255505017047,-35.59357393377691,251.02255505017905,True,True,6.0,0.0,6.0,19,20,120.0
3000016,20,probe,119,60-119,123,136,3039.116144180298,2780.2696870000004,2780.2696870000004,258.8464571802974,258.8464571802974,-29.2312334775265,258.8464571803058,True,True,81.02268799999999,0.0,81.02268799999999,20,21,201.022688
3000016,21,probe,118,60-119,133,139,2996.0055351257324,2699.2469990000004,2699.2469990000004,296.758536125732,296.758536125732,9.13773207148219,296.75853612574036,False,False,6.0,0.0,6.0,21,22,207.022688
3000016,22,probe,117,60-119,137,138,2957.969903945923,2693.2469990000004,2693.2469990000004,264.72290494592244,264.72290494592244,-24.10305169297642,264.72290494593057,True,True,6.0,0.0,6.0,22,23,213.022688
3000016,23,probe,116,60-119,136,137,2937.054395675659,2687.2469990000004,2687.2469990000004,249.80739667565877,249.80739667565877,-41.07216838235822,249.8073966756667,True,True,58.883635999999996,0.0,58.883635999999996,23,24,271.906324
3000016,24,probe,115,60-119,124,136,2913.5639667510986,2628.3633630000004,2628.3633630000004,285.20060375109824,285.20060375109824,-5.977854007282895,285.2006037511062,True,True,6.0,0.0,6.0,24,25,277.906324
3000016,25,clear,114,60-119,134,135,2907.89794921875,2622.3633630000004,2622.3633630000004,285.5345862187496,285.5345862187496,-5.940917410138678,285.53458621875734,True,True,57.88504900000004,0.0,57.88504900000004,25,26,335.791373
3000016,26,probe,113,60-119,123,129,2841.5515422821045,2564.4783140000004,2564.4783140000004,277.0732282821041,277.0732282821041,-15.16028983871994,277.07322828211204,True,True,6.0,0.0,6.0,26,27,341.791373
3000016,27,probe,112,60-119,119,128,2830.3253650665283,2558.4783140000004,2558.4783140000004,271.8470510665279,271.8470510665279,-21.45943900452245,271.8470510665357,True,True,105.28298999999998,0.0,105.28298999999998,27,28,447.074363
3000016,28,probe,111,60-119,119,128,2722.3851680755615,2453.1953240000003,2453.1953240000003,269.18984407556127,269.18984407556127,-25.3859431531465,269.18984407556894,True,True,13.156450000000007,0.0,13.156450000000007,28,29,460.230813
3000016,29,clear,110,60-119,119,125,2704.2887210845947,2440.0388740000003,2440.0388740000003,264.2498470845944,264.2498470845944,-31.922042256961497,264.24984708460204,True,True,7.120155000000011,0.0,7.120155000000011,29,30,467.350968
3000016,30,cover,109,60-119,34,118,2742.0077323913574,2432.9187190000002,2432.9187190000002,309.0890133913572,309.0890133913572,13.596972684001223,309.0890133913647,False,False,73.358495,0.0,73.358495,30,31,540.709463
3000016,31,probe,108,60-119,111,117,2615.767478942871,2359.5602240000003,2359.5602240000003,256.2072549428708,256.2072549428708,-41.35240606787916,256.20725494287825,True,True,6.0,0.0,6.0,31,32,546.709463
3000016,32,cover,107,60-119,33,115,2631.3204765319824,2353.5602240000003,2353.5602240000003,277.76025253198213,277.76025253198213,-20.841482609229526,277.7602525319894,True,True,6.0,0.0,6.0,32,33,552.709463
3000016,33,cover,106,60-119,32,118,2670.034170150757,2347.5602240000003,2347.5602240000003,322.47394615075655,322.47394615075655,25.12864316794176,322.4739461507636,False,False,6.0,0.0,6.0,33,34,558.709463
3000016,34,cover,105,60-119,25,117,2667.226552963257,2341.5602240000003,2341.5602240000003,325.66632896325655,325.66632896325655,29.811606295201628,325.66632896326337,False,False,6.0,0.0,6.0,34,35,564.709463
3000016,35,cover,104,60-119,29,116,2659.9185466766357,2335.5602240000003,2335.5602240000003,324.35832267663545,324.35832267663545,30.003789482716122,324.35832267664205,False,False,6.0,0.0,6.0,35,36,570.709463
3000016,36,cover,103,60-119,29,115,2651.9479751586914,2329.5602240000003,2329.5602240000003,322.3877511586911,322.3877511586911,29.508650489233233,322.3877511586975,False,False,6.0,0.0,6.0,36,37,576.709463
3000016,37,cover,102,60-119,22,118,2655.9531688690186,2323.5602240000003,2323.5602240000003,332.39294486901827,332.39294486901827,41.59352021006334,332.3929448690244,False,False,6.0,0.0,6.0,37,38,582.709463
3000016,38,cover,101,60-119,19,117,2642.974615097046,2317.5602240000003,2317.5602240000003,325.4143910970456,325.4143910970456,36.43680677693733,325.4143910970516,False,False,6.0,0.0,6.0,38,39,588.709463
3000016,39,cover,100,60-119,23,116,2641.9265270233154,2311.5602240000003,2311.5602240000003,330.36630302331514,330.36630302331514,43.567072319164886,330.3663030233209,False,False,6.0,0.0,6.0,39,40,594.709463
3000016,40,cover,99,60-119,25,119,2647.559404373169,2305.5602240000003,2305.5602240000003,341.99918037316866,341.99918037316866,58.10521017791388,341.99918037317417,False,False,6.0,0.0,6.0,40,41,600.709463
3000016,41,cover,98,60-119,19,118,2639.1470432281494,2299.5602240000003,2299.5602240000003,339.5868192281491,339.5868192281491,58.62405161357278,339.5868192281544,False,False,6.0,0.0,6.0,41,42,606.709463
3000016,42,cover,97,60-119,19,117,2634.422540664673,2293.5602240000003,2293.5602240000003,340.86231666467256,340.86231666467256,63.05215689483789,340.8623166646776,False,False,6.0,0.0,6.0,42,43,612.709463
3000016,43,cover,96,60-119,20,116,2626.7712116241455,2287.5602240000003,2287.5602240000003,339.2109876241452,339.2109876241452,64.63245037295826,339.2109876241501,False,False,6.0,0.0,6.0,43,44,618.709463
3000016,44,cover,95,60-119,18,115,2618.368148803711,2281.5602240000003,2281.5602240000003,336.80792480371065,336.80792480371065,65.5046184763405,336.8079248037153,False,False,6.0,0.0,6.0,44,45,624.709463
3000016,45,cover,94,60-119,18,114,2611.9706630706787,2275.5602240000003,2275.5602240000003,336.4104390706784,336.4104390706784,68.53382394032427,336.41043907068286,False,False,6.0,0.0,6.0,45,46,630.709463
3000016,46,cover,93,60-119,18,113,2600.0189781188965,2269.5602240000003,2269.5602240000003,330.4587541188962,330.4587541188962,65.87593577741245,330.4587541189004,False,False,6.0,0.0,6.0,46,47,636.709463
3000016,47,probe,92,60-119,111,112,2614.851236343384,2263.5602240000003,2263.5602240000003,351.2910123433835,351.2910123433835,91.27178315989426,351.2910123433875,False,False,45.67534499999999,0.0,45.67534499999999,47,48,682.384808
3000016,48,probe,91,60-119,100,115,2552.1469116210938,2217.884879,2217.884879,334.26203262109357,334.26203262109357,78.15031940800425,334.26203262109726,False,False,6.0,0.0,6.0,48,49,688.384808
3000016,49,probe,90,60-119,110,114,2554.5427799224854,2211.884879,2211.884879,342.65790092248517,342.65790092248517,91.10125022041646,342.65790092248864,False,False,65.51301799999999,0.0,65.51301799999999,49,50,753.897826
3000016,50,probe,89,60-119,111,115,2504.503011703491,2146.371861,2146.371861,358.13115070349113,358.13115070349113,112.18368421202337,358.13115070349437,False,False,34.48154599999998,0.0,34.48154599999998,50,51,788.379372
3000016,51,clear,88,60-119,111,112,2432.6655864715576,2111.890315,2111.890315,320.7752714715575,320.7752714715575,78.7661105053575,320.77527147156064,False,False,5.0,0.0,5.0,51,52,793.379372
3000016,52,probe,87,60-119,95,106,2339.6708965301514,2106.890315,2106.890315,232.78058153015127,232.78058153015127,-9.71429414320931,232.7805815301543,True,True,6.0,0.0,6.0,52,53,799.379372
3000016,53,clear,86,60-119,91,102,2367.7499294281006,2100.890315,2100.890315,266.8596144281005,266.8596144281005,25.64709342604178,266.85961442810327,False,False,96.46994700000005,0.0,96.46994700000005,53,54,895.849319
3000016,54,cover,85,60-119,32,96,2327.878713607788,2004.420368,2004.420368,323.45834560778803,323.45834560778803,86.57455221655725,323.45834560779093,False,False,150.7497649999999,0.0,150.7497649999999,54,55,1046.599084
3000016,55,cover,84,60-119,17,95,2088.2389545440674,1853.670603,1853.670603,234.56835154406735,234.56835154406735,-2.4373072075404254,234.56835154407025,True,True,6.0,0.0,6.0,55,56,1052.599084
3000016,56,cover,83,60-119,19,94,2066.3604736328125,1847.670603,1847.670603,218.68987063281247,218.68987063281247,-19.279776967153186,218.68987063281514,True,True,6.0,0.0,6.0,56,57,1058.599084
3000016,57,cover,82,60-119,17,97,2094.5746898651123,1841.670603,1841.670603,252.90408686511228,252.90408686511228,15.720462384364636,252.90408686511472,False,False,6.0,0.0,6.0,57,58,1064.599084
3000016,58,cover,81,60-119,18,96,2072.467803955078,1835.670603,1835.670603,236.7972009550781,236.7972009550781,-0.40676160596817,236.79720095508034,True,True,6.0,0.0,6.0,58,59,1070.599084
3000016,59,cover,80,60-119,27,91,2077.442169189453,1829.670603,1829.670603,247.7715661894531,247.7715661894531,11.123793293059594,247.77156618945511,False,False,6.0,0.0,6.0,59,60,1076.599084
3000016,60,cover,79,60-119,25,90,2085.91890335083,1823.670603,1823.670603,262.24830035083005,262.24830035083005,26.94792363624877,262.24830035083187,False,False,6.0,0.0,6.0,60,61,1082.599084
3000016,61,cover,78,60-119,22,89,2079.505205154419,1817.670603,1817.670603,261.8346021544189,261.8346021544189,27.930763620881496,261.8346021544205,False,False,6.0,0.0,6.0,61,62,1088.599084
3000016,62,cover,77,60-119,21,88,2072.4666118621826,1811.670603,1811.670603,260.7960088621826,260.7960088621826,28.30754771436311,260.79600886218395,False,False,6.0,0.0,6.0,62,63,1094.599084
3000016,63,cover,76,60-119,20,87,2065.8392906188965,1805.670603,1805.670603,260.16868761889646,260.16868761889646,29.137080495870276,260.1686876188976,False,False,6.0,0.0,6.0,63,64,1100.599084
3000016,64,cover,75,60-119,21,86,2059.583902359009,1799.670603,1799.670603,259.91329935900876,259.91329935900876,30.401781301034067,259.91329935900967,False,False,6.0,0.0,6.0,64,65,1106.599084
3000016,65,cover,74,60-119,17,85,2055.9489727020264,1793.670603,1793.670603,262.27836970202634,262.27836970202634,34.49142278321203,262.2783697020271,False,False,6.0,0.0,6.0,65,66,1112.599084
3000016,66,cover,73,60-119,18,84,2036.553144454956,1787.670603,1787.670603,248.88254145495603,248.88254145495603,22.205888985412102,248.88254145495654,False,False,6.0,0.0,6.0,66,67,1118.599084
3000016,67,cover,72,60-119,17,83,2030.6859016418457,1781.670603,1781.670603,249.01529864184567,249.01529864184567,23.51436439189635,249.01529864184596,False,False,6.0,0.0,6.0,67,68,1124.599084
3000016,68,probe,71,60-119,70,82,2058.300733566284,1775.670603,1775.670603,282.63013056628415,282.63013056628415,60.135996122457485,282.6301305662842,False,False,77.8144440000001,0.0,77.8144440000001,68,69,1202.413528
3000016,69,probe,70,60-119,70,82,1969.754695892334,1697.856159,1697.856159,271.89853689233405,271.89853689233405,52.004634156323384,271.89853689233394,False,False,46.000880999999936,0.0,46.000880999999936,69,70,1248.414409
3000016,70,probe,69,60-119,70,82,1914.9291515350342,1651.855278,1651.855278,263.0738735350342,263.0738735350342,45.45260084107733,263.073873535034,False,False,28.328764000000092,0.0,28.328764000000092,70,71,1276.743173
3000016,71,probe,68,60-119,67,82,1884.7700357437134,1623.526514,1623.526514,261.2435217437135,261.2435217437135,45.918156894480624,261.2435217437133,False,False,25.50371499999983,0.0,25.50371499999983,71,72,1302.246888
3000016,72,clear,67,60-119,67,79,1874.4635581970215,1598.022799,1598.022799,276.4407591970214,276.4407591970214,64.33199405030385,276.44075919702135,False,False,5.601959000000079,0.0,5.601959000000079,72,73,1307.848847
3000016,73,cover,66,60-119,32,74,1757.5033903121948,1592.42084,1592.42084,165.08255031219483,165.08255031219483,-49.50127877318185,165.0825503121947,True,True,127.00404800000001,0.0,127.00404800000001,73,74,1434.852895
3000016,74,cover,65,60-119,26,73,1699.874997138977,1465.416792,1465.416792,234.45820513897706,234.45820513897706,20.920395845895225,234.45820513897704,False,False,6.0,0.0,6.0,74,75,1440.852895
3000016,75,cover,64,60-119,24,72,1681.1885833740234,1459.416792,1459.416792,221.77179137402345,221.77179137402345,8.667349558885915,221.77179137402342,False,False,6.0,0.0,6.0,75,76,1446.852895
3000016,76,cover,63,60-119,18,71,1667.110800743103,1453.416792,1453.416792,213.69400874310304,213.69400874310304,0.6205967662794836,213.694008743103,False,False,6.0,0.0,6.0,76,77,1452.852895
3000016,77,cover,62,60-119,22,70,1647.707223892212,1447.416792,1447.416792,200.29043189221193,200.29043189221193,-13.455768510117501,200.2904318922119,True,True,6.0,0.0,6.0,77,78,1458.852895
3000016,78,cover,61,60-119,18,69,1637.9817724227905,1441.416792,1441.416792,196.56498042279054,196.56498042279054,-18.085494715304087,196.5649804227905,True,True,6.0,0.0,6.0,78,79,1464.852895
3000016,79,cover,60,60-119,18,68,1619.9760437011719,1435.416792,1435.416792,184.5592517011719,184.5592517011719,-31.674972038866038,184.5592517011719,True,True,6.0,0.0,6.0,79,80,1470.852895
3000016,80,cover,59,30-59,19,67,1596.0478782653809,1429.416792,1429.416792,166.63108626538087,166.63108626538087,-52.21382892069163,166.63108626538087,True,True,6.0,0.0,6.0,80,81,1476.852895
3000016,81,cover,58,30-59,22,66,1588.4082317352295,1423.416792,1423.416792,164.9914397352295,164.9914397352295,-56.687868895624206,164.9914397352295,True,True,6.0,0.0,6.0,81,82,1482.852895
3000016,82,cover,57,30-59,19,65,1587.8764390945435,1417.416792,1417.416792,170.45964709454347,170.45964709454347,-53.91543319611605,170.45964709454347,True,True,6.0,0.0,6.0,82,83,1488.852895
3000016,83,cover,56,30-59,20,64,1590.9924507141113,1411.416792,1411.416792,179.57565871411134,179.57565871411134,-47.15728587005071,179.57565871411134,True,True,6.0,0.0,6.0,83,84,1494.852895
3000016,84,cover,55,30-59,21,63,1599.7847318649292,1405.416792,1405.416792,194.3679398649292,194.3679398649292,-34.068426020245084,194.36793986492924,True,True,6.0,0.0,6.0,84,85,1500.852895
3000016,85,cover,54,30-59,18,62,1555.71448802948,1399.416792,1399.416792,156.29769602948,156.29769602948,-75.93544195336243,156.29769602948002,True,True,6.0,0.0,6.0,85,86,1506.852895
3000016,86,probe,53,30-59,55,61,1565.8862590789795,1393.416792,1393.416792,172.4694670789795,172.4694670789795,-62.909127267224115,172.46946707897953,True,True,6.0,0.0,6.0,86,87,1512.852895
3000016,87,clear,52,30-59,49,59,1568.202018737793,1387.416792,1387.416792,180.78522673779298,180.78522673779298,-57.46670274569539,180.785226737793,True,True,81.31222700000012,0.0,81.31222700000012,87,88,1594.165122
3000016,88,probe,51,30-59,46,56,1559.5722198486328,1306.1045649999999,1306.1045649999999,253.46765484863295,253.46765484863295,16.016553015941717,253.46765484863303,False,False,244.68775099999993,0.0,244.68775099999993,88,89,1838.852873
3000016,89,clear,50,30-59,46,52,1311.572551727295,1061.416814,1061.416814,250.155737727295,250.155737727295,13.373300941688072,250.155737727295,False,False,5.176862000000028,0.0,5.176862000000028,89,90,1844.029735
3000016,90,cover,49,30-59,27,46,1326.6865015029907,1056.239952,1056.239952,270.4465495029908,270.4465495029908,35.43590812356209,270.44654950299093,False,False,41.471604999999954,0.0,41.471604999999954,90,91,1885.50134
3000016,91,cover,48,30-59,18,49,1449.194312095642,1014.768347,1014.768347,434.42596509564214,434.42596509564214,209.9108670696983,434.4259650956422,False,False,6.0,0.0,6.0,91,92,1891.50134
3000016,92,cover,47,30-59,17,48,1418.7666177749634,1008.768347,1008.768347,409.99827077496343,409.99827077496343,195.245444998968,409.9982707749635,False,False,6.0,0.0,6.0,92,93,1897.50134
3000016,93,cover,46,30-59,19,47,1403.4898281097412,1002.768347,1002.768347,400.72148110974126,400.72148110974126,195.75647929867984,400.7214811097413,False,False,6.0,0.0,6.0,93,94,1903.50134
3000016,94,cover,45,30-59,15,46,1381.127119064331,996.768347,996.768347,384.3587720643311,384.3587720643311,188.83554763502076,384.35877206433116,False,False,6.0,0.0,6.0,94,95,1909.50134
3000016,95,cover,44,30-59,16,45,1361.67311668396,990.768347,990.768347,370.90476968396,370.90476968396,184.61215289963124,370.90476968396007,False,False,6.0,0.0,6.0,95,96,1915.50134
3000016,96,cover,43,30-59,15,44,1339.126467704773,984.768347,984.768347,354.358120704773,354.358120704773,176.91105675836235,354.35812070477306,False,False,6.0,0.0,6.0,96,97,1921.50134
3000016,97,cover,42,30-59,18,43,1311.1650943756104,978.768347,978.768347,332.3967473756104,332.3967473756104,163.10492992547344,332.39674737561046,False,False,6.0,0.0,6.0,97,98,1927.50134
3000016,98,cover,41,30-59,17,42,1293.3377027511597,972.768347,972.768347,320.5693557511597,320.5693557511597,159.23951400107657,320.5693557511598,False,False,6.0,0.0,6.0,98,99,1933.50134
3000016,99,cover,40,30-59,16,41,1266.188383102417,966.768347,966.768347,299.42003610241704,299.42003610241704,145.35809931824622,299.42003610241716,False,False,6.0,0.0,6.0,99,100,1939.50134
3000016,100,cover,39,30-59,15,40,1241.4149045944214,960.768347,960.768347,280.64655759442144,280.64655759442144,133.24696927394803,280.64655759442155,False,False,6.0,0.0,6.0,100,101,1945.50134
3000016,101,cover,38,30-59,16,39,1231.6139936447144,954.768347,954.768347,276.8456466447144,276.8456466447144,136.25900876235895,276.8456466447145,False,False,6.0,0.0,6.0,101,102,1951.50134
3000016,102,probe,37,30-59,37,38,1242.8778409957886,948.768347,948.768347,294.1094939957886,294.1094939957886,161.6030064351928,294.10949399578874,False,False,39.88950599999998,0.0,39.88950599999998,102,103,1991.390846
3000016,103,probe,36,30-59,37,38,1160.414218902588,908.878841,908.878841,251.53537790258792,251.53537790258792,125.2935687810443,251.535377902588,False,False,30.3584800000001,0.0,30.3584800000001,103,104,2021.749326
3000016,104,probe,35,30-59,37,38,1120.1437711715698,878.5203609999999,878.5203609999999,241.62341017156996,241.62341017156996,121.45431689476453,241.62341017157001,False,False,23.95268699999997,0.0,23.95268699999997,104,105,2045.702013
3000016,105,probe,34,30-59,37,38,1073.748230934143,854.5676739999999,854.5676739999999,219.18055693414317,219.18055693414317,104.22259332351342,219.18055693414323,False,False,19.21451500000012,0.0,19.21451500000012,105,106,2064.916528
3000016,106,probe,33,30-59,37,38,1050.652265548706,835.3531589999998,835.3531589999998,215.29910654870628,215.29910654870628,105.62225572429101,215.29910654870628,False,False,15.660887000000002,0.0,15.660887000000002,106,107,2080.577415
3000016,107,probe,32,30-59,35,38,981.9609522819519,819.6922719999998,819.6922719999998,162.26868028195213,162.26868028195213,55.35982048161777,162.26868028195213,False,False,12.283277999999882,0.0,12.283277999999882,107,108,2092.860693
3000016,108,clear,31,30-59,34,35,927.4185299873352,807.4089939999999,807.4089939999999,120.00953598733531,120.00953598733531,13.790185460000965,120.00953598733527,False,False,6.24842899999976,0.0,6.24842899999976,108,109,2099.109122
3000016,109,cover,30,30-59,15,32,1101.1500358581543,801.1605650000001,801.1605650000001,299.98947085815416,299.98947085815416,203.96854771665247,299.98947085815416,False,False,315.1393700000003,0.0,315.1393700000003,109,110,2414.248492
3000016,110,cover,29,10-29,25,31,731.30863904953,486.0211949999998,486.0211949999998,245.28744404953022,245.28744404953022,157.1226535873984,245.28744404953014,False,False,6.0,0.0,6.0,110,111,2420.248492
3000016,111,cover,28,10-29,15,30,692.3468708992004,480.0211949999998,480.0211949999998,212.32567589920063,212.32567589920063,130.69566888112504,212.32567589920055,False,False,6.0,0.0,6.0,111,112,2426.248492
3000016,112,cover,27,10-29,17,29,662.074625492096,474.0211949999998,474.0211949999998,188.05343049209614,188.05343049209614,112.02465628844271,188.05343049209606,False,False,6.0,0.0,6.0,112,113,2432.248492
3000016,113,cover,26,10-29,20,28,637.4963521957397,468.0211949999998,468.0211949999998,169.47515719573994,169.47515719573994,98.36461367588055,169.47515719573985,False,False,6.0,0.0,6.0,113,114,2438.248492
3000016,114,cover,25,10-29,20,27,615.6970262527466,462.0211949999998,462.0211949999998,153.67583125274678,153.67583125274678,86.91082919251305,153.6758312527467,False,False,6.0,0.0,6.0,114,115,2444.248492
3000016,115,cover,24,10-29,17,26,589.698314666748,456.0211949999998,456.0211949999998,133.67711966674824,133.67711966674824,70.43380800685739,133.67711966674815,False,False,6.0,0.0,6.0,115,116,2450.248492
3000016,116,cover,23,10-29,18,25,573.0484127998352,450.0211949999998,450.0211949999998,123.0272177998354,123.0272177998354,62.93042751573111,123.02721779983533,False,False,6.0,0.0,6.0,116,117,2456.248492
3000016,117,cover,22,10-29,17,24,554.0971755981445,444.0211949999998,444.0211949999998,110.07598059814472,110.07598059814472,52.60967401477941,110.07598059814467,False,False,6.0,0.0,6.0,117,118,2462.248492
3000016,118,cover,21,10-29,16,23,538.7709736824036,438.0211949999998,438.0211949999998,100.74977868240376,100.74977868240376,45.5615495779352,100.7497786824037,False,False,6.0,0.0,6.0,118,119,2468.248492
3000016,119,cover,20,10-29,15,22,528.8408994674683,432.0211949999998,432.0211949999998,96.81970446746845,96.81970446746845,43.82260564526307,96.8197044674684,False,False,6.0,0.0,6.0,119,120,2474.248492
3000016,120,probe,19,10-29,24,25,594.0821766853333,426.0211949999998,426.0211949999998,168.06098168533345,168.06098168533345,121.11987669802954,168.0609816853334,False,False,6.0,0.0,6.0,120,121,2480.248492
3000016,121,probe,18,10-29,18,23,604.3259501457214,420.0211949999998,420.0211949999998,184.30475514572163,184.30475514572163,144.5933159562292,184.3047551457216,False,False,67.79959399999962,0.0,67.79959399999962,121,122,2548.048086
3000016,122,probe,17,10-29,18,24,483.2375645637512,352.2216010000002,352.2216010000002,131.01596356375103,131.01596356375103,96.11002565711425,131.01596356375094,False,False,50.713122999999996,0.0,50.713122999999996,122,123,2598.761209
3000016,123,probe,16,10-29,18,24,409.6103310585022,301.5084780000002,301.5084780000002,108.101853058502,108.101853058502,77.04833173880547,108.10185305850192,False,False,38.764932000000044,0.0,38.764932000000044,123,124,2637.526141
3000016,124,probe,15,10-29,18,24,373.4627366065979,262.74354600000015,262.74354600000015,110.71919060659775,110.71919060659775,83.8585992493697,110.71919060659764,False,False,30.104659000000083,0.0,30.104659000000083,124,125,2667.6308
3000016,125,probe,14,10-29,16,24,342.85616874694824,232.63888700000007,232.63888700000007,110.21728174694817,110.21728174694817,87.74388462075804,110.21728174694807,False,False,20.920618000000104,0.0,20.920618000000104,125,126,2688.551418
3000016,126,clear,13,10-29,15,21,329.1308879852295,211.71826899999996,211.71826899999996,117.41261898522953,117.41261898522953,99.93602300951517,117.41261898522944,False,False,8.597159999999803,0.0,8.597159999999803,126,127,2697.148578
3000016,127,cover,12,10-29,1,19,314.2610788345337,203.12110900000016,203.12110900000016,111.13996983453353,111.13996983453353,98.59302511454652,111.13996983453346,False,False,58.595674000000145,0.0,58.595674000000145,127,128,2755.744252
3000016,128,probe,11,10-29,17,18,264.923095703125,144.52543500000002,144.52543500000002,120.39766070312498,120.39766070312498,113.52706945593472,120.39766070312493,False,False,6.0,0.0,6.0,128,129,2761.744252
3000016,129,cover,10,10-29,0,16,166.07801616191864,138.52543500000002,138.52543500000002,27.552581161918624,27.552581161918624,21.770515699714075,27.55258116191857,False,False,6.0,0.0,6.0,129,130,2767.744252
3000016,130,cover,9,00-09,6,15,145.5921083688736,132.52543500000002,132.52543500000002,13.06667336887358,13.06667336887358,7.668008322809514,13.066673368873534,False,False,6.0,0.0,6.0,130,131,2773.744252
3000016,131,cover,8,00-09,0,14,143.67727935314178,126.52543500000002,126.52543500000002,17.15184435314177,17.15184435314177,12.371767691660745,17.151844353141726,False,False,6.0,0.0,6.0,131,132,2779.744252
3000016,132,cover,7,00-09,5,13,136.76698505878448,120.52543500000002,120.52543500000002,16.24155005878447,16.24155005878447,12.06470883926679,16.241550058784433,False,False,6.0,0.0,6.0,132,133,2785.744252
3000016,133,cover,6,00-09,0,12,133.69332253932953,114.52543500000002,114.52543500000002,19.167887539329513,19.167887539329513,15.780048757696674,19.16788753932948,False,False,6.0,0.0,6.0,133,134,2791.744252
3000016,134,cover,5,00-09,0,11,128.43956053256989,108.52543500000002,108.52543500000002,19.91412553256987,19.91412553256987,17.396091316775827,19.914125532569845,False,False,6.0,0.0,6.0,134,135,2797.744252
3000016,135,cover,4,00-09,0,10,125.52006542682648,102.52543500000002,102.52543500000002,22.99463042682646,22.99463042682646,21.55431180108676,22.99463042682644,False,False,6.0,0.0,6.0,135,136,2803.744252
3000016,136,cover,3,00-09,0,9,119.7843998670578,96.52543500000002,96.52543500000002,23.258964867057784,23.258964867057784,22.96699604349273,23.25896486705777,False,False,6.0,0.0,6.0,136,137,2809.744252
3000016,137,cover,2,00-09,0,8,115.22452533245087,90.52543500000002,90.52543500000002,24.69909033245085,24.69909033245085,25.69170685145874,24.69909033245084,False,False,6.0,0.0,6.0,137,138,2815.744252
3000016,138,probe,1,00-09,5,7,91.73204004764557,84.52543500000002,84.52543500000002,7.206605047645553,7.206605047645553,8.630759543845734,7.2066050476455485,False,False,76.98805799999991,0.0,76.98805799999991,138,139,2892.73231
3000016,139,clear,0,00-09,3,4,-20.9457129240036,7.537377000000106,7.537377000000106,-28.483089924003707,-28.483089924003707,-28.483089924003707,-28.483089924003707,False,False,7.537377000000106,0.0,7.537377000000106,139,140,2900.269687
